Sl,Station_Names,Year,Month,Max_Temp,Min_Temp,Rainfall,Relative_Humidity,Wind_Speed,Cloud_Coverage,Bright_Sunshine,Station_Number,X_COR,Y_COR,LATITUDE,LONGITUDE,ALT,Period,Flood?
5,Barisal,1949,6,34.4,25.7,512.0,80.0,1.631481481,5.6,4.072340426,41950,536809.8,510151.9,22.7,90.36,4,1949.06,1
6,Barisal,1949,7,33.4,25.8,575.0,85.0,1.57037037,5.4,3.738297872,41950,536809.8,510151.9,22.7,90.36,4,1949.07,1
7,Barisal,1949,8,33.5,25.7,349.0,86.0,1.32962963,5.6,4.272340426,41950,536809.8,510151.9,22.7,90.36,4,1949.08,1
16,Barisal,1950,5,36.1,25.5,87.0,78.0,1.703703704,4.8,7.046808511,41950,536809.8,510151.9,22.7,90.36,4,1950.05,1
17,Barisal,1950,6,33.9,26.0,476.0,87.0,1.631481481,7.2,4.072340426,41950,536809.8,510151.9,22.7,90.36,4,1950.06,1
18,Barisal,1950,7,32.2,25.9,546.0,89.0,1.57037037,6.8,3.738297872,41950,536809.8,510151.9,22.7,90.36,4,1950.07,1
19,Barisal,1950,8,32.8,25.6,337.0,90.0,1.32962963,7.4,4.272340426,41950,536809.8,510151.9,22.7,90.36,4,1950.08,1
21,Barisal,1950,10,33.3,24.5,339.0,85.0,0.490740741,5.8,7.0,41950,536809.8,510151.9,22.7,90.36,4,1950.1,1
29,Barisal,1951,6,33.9,26.2,394.0,87.0,1.631481481,6.7,4.072340426,41950,536809.8,510151.9,22.7,90.36,4,1951.06,1
30,Barisal,1951,7,35.0,26.0,375.0,89.0,1.57037037,7.2,3.738297872,41950,536809.8,510151.9,22.7,90.36,4,1951.07,1
33,Barisal,1951,10,33.3,25.1,301.0,85.0,0.490740741,4.8,7.0,41950,536809.8,510151.9,22.7,90.36,4,1951.1,1
41,Barisal,1952,6,32.9,25.7,406.0,87.0,1.631481481,6.2,4.072340426,41950,536809.8,510151.9,22.7,90.36,4,1952.06,1
42,Barisal,1952,7,31.2,25.6,414.0,88.0,1.57037037,6.5,3.738297872,41950,536809.8,510151.9,22.7,90.36,4,1952.07,1
43,Barisal,1952,8,31.4,25.7,349.0,88.0,1.32962963,6.4,4.272340426,41950,536809.8,510151.9,22.7,90.36,4,1952.08,1
52,Barisal,1953,5,36.1,25.2,339.0,81.0,1.703703704,5.3,7.046808511,41950,536809.8,510151.9,22.7,90.36,4,1953.05,1
53,Barisal,1953,6,35.6,25.2,715.0,88.0,1.631481481,7.3,4.072340426,41950,536809.8,510151.9,22.7,90.36,4,1953.06,1
54,Barisal,1953,7,35.0,25.5,526.0,91.0,1.57037037,6.9,3.738297872,41950,536809.8,510151.9,22.7,90.36,4,1953.07,1
65,Barisal,1954,6,36.0,25.4,500.0,86.0,1.631481481,6.4,4.072340426,41950,536809.8,510151.9,22.7,90.36,4,1954.06,1
77,Barisal,1955,6,32.9,25.7,406.0,87.0,1.631481481,6.2,4.072340426,41950,536809.8,510151.9,22.7,90.36,4,1955.06,1
78,Barisal,1955,7,31.2,25.6,414.0,88.0,1.57037037,6.5,3.738297872,41950,536809.8,510151.9,22.7,90.36,4,1955.07,1
79,Barisal,1955,8,31.4,25.7,349.0,88.0,1.32962963,6.4,4.272340426,41950,536809.8,510151.9,22.7,90.36,4,1955.08,1
88,Barisal,1956,5,34.4,26.2,343.0,83.0,1.703703704,5.6,7.046808511,41950,536809.8,510151.9,22.7,90.36,4,1956.05,1
89,Barisal,1956,6,32.2,25.2,784.0,87.0,1.631481481,6.3,4.072340426,41950,536809.8,510151.9,22.7,90.36,4,1956.06,1
90,Barisal,1956,7,33.8,25.8,319.0,86.0,1.57037037,5.7,3.738297872,41950,536809.8,510151.9,22.7,90.36,4,1956.07,1
91,Barisal,1956,8,33.3,26.0,497.0,87.0,1.32962963,5.6,4.272340426,41950,536809.8,510151.9,22.7,90.36,4,1956.08,1
92,Barisal,1956,9,33.4,25.7,700.0,85.0,0.937037037,4.8,4.823404255,41950,536809.8,510151.9,22.7,90.36,4,1956.09,1
102,Barisal,1957,7,33.3,26.0,564.0,87.0,1.57037037,5.8,3.738297872,41950,536809.8,510151.9,22.7,90.36,4,1957.07,1
112,Barisal,1958,5,36.1,26.2,289.0,83.0,1.703703704,4.0,7.046808511,41950,536809.8,510151.9,22.7,90.36,4,1958.05,1
114,Barisal,1958,7,33.3,26.2,414.0,90.0,1.57037037,6.0,3.738297872,41950,536809.8,510151.9,22.7,90.36,4,1958.07,1
116,Barisal,1958,9,34.4,26.0,321.0,85.0,0.937037037,5.4,4.823404255,41950,536809.8,510151.9,22.7,90.36,4,1958.09,1
125,Barisal,1959,6,34.6,25.8,377.0,85.0,1.631481481,5.4,4.072340426,41950,536809.8,510151.9,22.7,90.36,4,1959.06,1
126,Barisal,1959,7,33.8,25.8,751.0,87.0,1.57037037,6.5,3.738297872,41950,536809.8,510151.9,22.7,90.36,4,1959.07,1
127,Barisal,1959,8,32.7,25.8,621.0,87.0,1.32962963,6.1,4.272340426,41950,536809.8,510151.9,22.7,90.36,4,1959.08,1
128,Barisal,1959,9,33.8,25.3,608.0,91.0,0.937037037,5.7,4.823404255,41950,536809.8,510151.9,22.7,90.36,4,1959.09,1
129,Barisal,1959,10,32.3,24.3,475.0,87.0,0.490740741,4.4,7.0,41950,536809.8,510151.9,22.7,90.36,4,1959.1,1
136,Barisal,1960,5,37.2,26.4,324.0,76.0,1.1,4.2,7.046808511,41950,536809.8,510151.9,22.7,90.36,4,1960.05,1
137,Barisal,1960,6,34.4,26.5,433.0,84.0,0.6,5.0,4.072340426,41950,536809.8,510151.9,22.7,90.36,4,1960.06,1
138,Barisal,1960,7,32.8,25.5,716.0,89.0,0.4,6.0,3.738297872,41950,536809.8,510151.9,22.7,90.36,4,1960.07,1
139,Barisal,1960,8,33.6,26.6,823.0,88.0,0.4,6.2,4.272340426,41950,536809.8,510151.9,22.7,90.36,4,1960.08,1
140,Barisal,1960,9,34.0,25.9,650.0,88.0,0.3,5.4,4.823404255,41950,536809.8,510151.9,22.7,90.36,4,1960.09,1
141,Barisal,1960,10,33.8,24.1,316.0,80.0,1.6,2.5,7.0,41950,536809.8,510151.9,22.7,90.36,4,1960.1,1
148,Barisal,1961,5,36.6,25.5,303.0,81.0,1.2,3.6,7.046808511,41950,536809.8,510151.9,22.7,90.36,4,1961.05,1
149,Barisal,1961,6,36.1,25.7,553.0,86.0,0.5,5.9,4.072340426,41950,536809.8,510151.9,22.7,90.36,4,1961.06,1
151,Barisal,1961,8,33.8,26.0,529.0,86.0,0.3,5.5,4.272340426,41950,536809.8,510151.9,22.7,90.36,4,1961.08,1
161,Barisal,1962,6,34.8,25.7,325.0,84.0,1.4,6.5,4.072340426,41950,536809.8,510151.9,22.7,90.36,4,1962.06,1
162,Barisal,1962,7,34.4,26.6,421.0,84.0,1.2,5.7,3.738297872,41950,536809.8,510151.9,22.7,90.36,4,1962.07,1
164,Barisal,1962,9,33.8,26.3,333.0,85.0,1.5,5.4,4.823404255,41950,536809.8,510151.9,22.7,90.36,4,1962.09,1
174,Barisal,1963,7,32.7,26.2,372.0,87.0,0.7,5.6,3.738297872,41950,536809.8,510151.9,22.7,90.36,4,1963.07,1
177,Barisal,1963,10,33.4,24.6,385.0,86.0,0.5,3.4,7.0,41950,536809.8,510151.9,22.7,90.36,4,1963.1,1
186,Barisal,1964,7,31.2,25.6,318.0,88.0,1.9,7.2,3.738297872,41950,536809.8,510151.9,22.7,90.36,4,1964.07,1
197,Barisal,1965,6,32.9,25.7,407.0,87.0,1.8,7.1,4.072340426,41950,536809.8,510151.9,22.7,90.36,4,1965.06,1
209,Barisal,1966,6,32.9,25.7,416.0,88.0,1.9,5.6,4.072340426,41950,536809.8,510151.9,22.7,90.36,4,1966.06,1
211,Barisal,1966,8,31.4,25.7,434.0,90.0,1.2,7.8,4.272340426,41950,536809.8,510151.9,22.7,90.36,4,1966.08,1
224,Barisal,1967,9,33.5,25.2,547.0,90.0,1.5,6.0,3.6,41950,536809.8,510151.9,22.7,90.36,4,1967.09,1
233,Barisal,1968,6,32.5,24.7,847.0,90.0,1.2,7.1,2.3,41950,536809.8,510151.9,22.7,90.36,4,1968.06,1
234,Barisal,1968,7,35.2,25.5,422.0,89.0,1.8,7.0,3.6,41950,536809.8,510151.9,22.7,90.36,4,1968.07,1
235,Barisal,1968,8,36.1,25.5,331.0,89.0,1.1,6.8,2.7,41950,536809.8,510151.9,22.7,90.36,4,1968.08,1
246,Barisal,1969,7,31.9,25.5,487.0,91.0,1.5,6.9,4.0,41950,536809.8,510151.9,22.7,90.36,4,1969.07,1
247,Barisal,1969,8,33.2,25.4,546.0,91.0,1.2,7.0,2.8,41950,536809.8,510151.9,22.7,90.36,4,1969.08,1
248,Barisal,1969,9,34.3,26.0,366.0,87.0,1.3,5.6,5.9,41950,536809.8,510151.9,22.7,90.36,4,1969.09,1
257,Barisal,1970,6,33.7,25.6,408.0,89.0,2.3,6.7,3.9,41950,536809.8,510151.9,22.7,90.36,4,1970.06,1
258,Barisal,1970,7,34.4,25.7,530.0,90.0,1.8,6.7,3.4,41950,536809.8,510151.9,22.7,90.36,4,1970.07,1
260,Barisal,1970,9,32.8,25.7,571.0,89.0,1.2,5.7,5.1,41950,536809.8,510151.9,22.7,90.36,4,1970.09,1
269,Barisal,1971,6,32.8,25.4,503.0,87.0,3.1,6.9,4.1,41950,536809.8,510151.9,22.7,90.36,4,1971.06,1
271,Barisal,1971,8,31.4,25.2,351.0,88.0,1.7,6.8,4.3,41950,536809.8,510151.9,22.7,90.36,4,1971.08,1
272,Barisal,1971,9,33.9,25.5,394.0,87.0,1.8,5.7,4.9,41950,536809.8,510151.9,22.7,90.36,4,1971.09,1
283,Barisal,1972,8,33.4,25.1,458.0,90.0,1.6,6.7,4.4,41950,536809.8,510151.9,22.7,90.36,4,1972.08,1
292,Barisal,1973,5,34.4,24.4,508.0,86.0,1.7,5.3,6.7,41950,536809.8,510151.9,22.7,90.36,4,1973.05,1
293,Barisal,1973,6,33.9,25.7,502.0,88.0,1.3,6.3,4.5,41950,536809.8,510151.9,22.7,90.36,4,1973.06,1
294,Barisal,1973,7,32.8,25.7,392.0,90.0,2.4,6.4,5.6,41950,536809.8,510151.9,22.7,90.36,4,1973.07,1
295,Barisal,1973,8,32.5,25.7,266.0,91.0,1.7,6.8,5.3,41950,536809.8,510151.9,22.7,90.36,4,1973.08,1
296,Barisal,1973,9,35.6,25.4,398.0,91.0,0.9,6.3,3.9,41950,536809.8,510151.9,22.7,90.36,4,1973.09,1
297,Barisal,1973,10,33.3,24.4,308.0,86.0,0.7,4.1,6.8,41950,536809.8,510151.9,22.7,90.36,4,1973.1,1
305,Barisal,1974,6,34.4,25.3,289.0,88.0,1.7,6.6,5.0,41950,536809.8,510151.9,22.7,90.36,4,1974.06,1
306,Barisal,1974,7,32.8,24.9,684.0,93.0,1.5,7.3,2.5,41950,536809.8,510151.9,22.7,90.36,4,1974.07,1
308,Barisal,1974,9,33.3,24.4,361.0,89.0,1.0,5.4,4.6,41950,536809.8,510151.9,22.7,90.36,4,1974.09,1
317,Barisal,1975,6,33.9,25.5,353.0,87.0,1.2,5.2,5.8,41950,536809.8,510151.9,22.7,90.36,4,1975.06,1
318,Barisal,1975,7,32.2,24.6,321.0,88.0,1.6,6.4,3.7,41950,536809.8,510151.9,22.7,90.36,4,1975.07,1
319,Barisal,1975,8,35.0,25.5,351.0,88.0,1.5,6.6,6.0,41950,536809.8,510151.9,22.7,90.36,4,1975.08,1
329,Barisal,1976,6,34.2,24.7,330.0,87.0,1.2,6.6,4.3,41950,536809.8,510151.9,22.7,90.36,4,1976.06,1
330,Barisal,1976,7,33.2,24.6,350.0,89.0,1.6,6.8,4.6,41950,536809.8,510151.9,22.7,90.36,4,1976.07,1
331,Barisal,1976,8,34.7,23.8,379.0,90.0,1.1,6.7,4.0,41950,536809.8,510151.9,22.7,90.36,4,1976.08,1
339,Barisal,1977,4,34.7,23.7,307.0,83.0,2.3,5.0,6.9,41950,536809.8,510151.9,22.7,90.36,4,1977.04,1
341,Barisal,1977,6,34.4,25.6,557.0,89.0,1.7,6.2,3.4,41950,536809.8,510151.9,22.7,90.36,4,1977.06,1
342,Barisal,1977,7,33.2,26.0,299.0,90.0,1.4,6.3,3.6,41950,536809.8,510151.9,22.7,90.36,4,1977.07,1
352,Barisal,1978,5,35.6,24.1,387.0,82.0,1.6,5.0,7.1,41950,536809.8,510151.9,22.7,90.36,4,1978.05,1
353,Barisal,1978,6,33.3,25.8,631.0,87.0,1.6,5.9,4.1,41950,536809.8,510151.9,22.7,90.36,4,1978.06,1
354,Barisal,1978,7,33.9,25.6,409.0,87.0,1.3,5.8,3.7,41950,536809.8,510151.9,22.7,90.36,4,1978.07,1
355,Barisal,1978,8,34.4,25.8,403.0,87.0,1.5,6.0,4.3,41950,536809.8,510151.9,22.7,90.36,4,1978.08,1
356,Barisal,1978,9,33.3,25.1,300.0,89.0,0.8,5.3,4.9,41950,536809.8,510151.9,22.7,90.36,4,1978.09,1
365,Barisal,1979,6,37.3,26.1,453.0,87.0,1.8,5.5,5.4,41950,536809.8,510151.9,22.7,90.36,4,1979.06,1
366,Barisal,1979,7,34.4,26.0,559.0,88.0,1.6,5.6,5.1,41950,536809.8,510151.9,22.7,90.36,4,1979.07,1
367,Barisal,1979,8,34.4,25.9,642.0,90.0,1.5,6.1,5.7,41950,536809.8,510151.9,22.7,90.36,4,1979.08,1
377,Barisal,1980,6,34.6,25.9,272.0,88.0,1.6,5.9,4.5,41950,536809.8,510151.9,22.7,90.36,4,1980.06,1
378,Barisal,1980,7,33.4,26.2,526.0,91.0,1.5,6.1,4.0,41950,536809.8,510151.9,22.7,90.36,4,1980.07,1
379,Barisal,1980,8,34.7,26.2,297.0,89.0,1.3,5.6,4.7,41950,536809.8,510151.9,22.7,90.36,4,1980.08,1
381,Barisal,1980,10,33.8,23.4,282.0,88.0,0.5,2.9,6.2,41950,536809.8,510151.9,22.7,90.36,4,1980.1,1
387,Barisal,1981,4,34.0,22.7,412.0,84.0,1.3,4.4,7.4,41950,536809.8,510151.9,22.7,90.36,4,1981.04,1
388,Barisal,1981,5,33.9,24.1,280.0,84.0,1.1,5.2,6.6,41950,536809.8,510151.9,22.7,90.36,4,1981.05,1
389,Barisal,1981,6,35.0,25.8,433.0,85.0,1.1,5.6,4.3,41950,536809.8,510151.9,22.7,90.36,4,1981.06,1
390,Barisal,1981,7,32.1,25.3,521.0,91.0,1.0,6.3,2.5,41950,536809.8,510151.9,22.7,90.36,4,1981.07,1
401,Barisal,1982,6,37.8,25.6,465.0,87.0,1.1,5.9,3.9,41950,536809.8,510151.9,22.7,90.36,4,1982.06,1
403,Barisal,1982,8,32.1,25.3,593.0,89.0,1.7,6.3,4.3,41950,536809.8,510151.9,22.7,90.36,4,1982.08,1
412,Barisal,1983,5,35.9,24.2,318.0,81.0,1.5,4.3,8.4,41950,536809.8,510151.9,22.7,90.36,4,1983.05,1
413,Barisal,1983,6,34.8,25.8,292.0,86.0,1.3,5.6,5.1,41950,536809.8,510151.9,22.7,90.36,4,1983.06,1
414,Barisal,1983,7,34.2,26.0,399.0,86.0,1.3,6.1,3.7,41950,536809.8,510151.9,22.7,90.36,4,1983.07,1
415,Barisal,1983,8,33.5,25.9,575.0,89.0,1.3,6.2,3.7,41950,536809.8,510151.9,22.7,90.36,4,1983.08,1
416,Barisal,1983,9,34.3,25.6,312.0,91.0,0.9,5.9,5.5,41950,536809.8,510151.9,22.7,90.36,4,1983.09,1
424,Barisal,1984,5,34.8,25.2,283.0,85.0,2.0,5.9,7.0,41950,536809.8,510151.9,22.7,90.36,4,1984.05,1
425,Barisal,1984,6,35.6,25.3,1025.0,90.0,1.3,7.2,3.7,41950,536809.8,510151.9,22.7,90.36,4,1984.06,1
426,Barisal,1984,7,32.8,24.9,448.0,90.0,1.3,6.9,4.2,41950,536809.8,510151.9,22.7,90.36,4,1984.07,1
427,Barisal,1984,8,35.2,25.6,431.0,90.0,1.1,7.1,3.5,41950,536809.8,510151.9,22.7,90.36,4,1984.08,1
428,Barisal,1984,9,34.0,25.1,224.0,88.0,0.8,5.1,5.8,41950,536809.8,510151.9,22.7,90.36,4,1984.09,1
436,Barisal,1985,5,35.0,24.2,226.0,88.0,1.7,5.1,7.9,41950,536809.8,510151.9,22.7,90.36,4,1985.05,1
437,Barisal,1985,6,36.2,25.8,322.0,91.0,1.5,6.3,3.9,41950,536809.8,510151.9,22.7,90.36,4,1985.06,1
438,Barisal,1985,7,34.5,25.3,291.0,93.0,1.5,6.8,3.3,41950,536809.8,510151.9,22.7,90.36,4,1985.07,1
439,Barisal,1985,8,35.0,25.9,308.0,90.0,1.5,6.7,5.2,41950,536809.8,510151.9,22.7,90.36,4,1985.08,1
449,Barisal,1986,6,36.0,25.9,254.0,87.0,1.3,5.7,4.9,41950,536809.8,510151.9,22.7,90.36,4,1986.06,1
450,Barisal,1986,7,35.5,25.2,381.0,91.0,0.8,6.4,3.9,41950,536809.8,510151.9,22.7,90.36,4,1986.07,1
451,Barisal,1986,8,35.2,26.0,252.0,87.0,0.8,5.9,5.0,41950,536809.8,510151.9,22.7,90.36,4,1986.08,1
452,Barisal,1986,9,35.0,24.8,526.0,92.0,0.6,6.1,3.4,41950,536809.8,510151.9,22.7,90.36,4,1986.09,1
454,Barisal,1986,11,33.5,19.3,274.0,88.0,0.2,2.7,7.3,41950,536809.8,510151.9,22.7,90.36,4,1986.11,1
461,Barisal,1987,6,39.6,26.6,275.0,85.0,1.5,5.7,5.1,41950,536809.8,510151.9,22.7,90.36,4,1987.06,1
462,Barisal,1987,7,33.8,25.4,568.0,94.0,0.9,7.0,1.8,41950,536809.8,510151.9,22.7,90.36,4,1987.07,1
463,Barisal,1987,8,34.0,25.4,683.0,90.0,0.9,6.4,3.6,41950,536809.8,510151.9,22.7,90.36,4,1987.08,1
464,Barisal,1987,9,34.0,26.0,302.0,89.0,0.6,6.0,4.0,41950,536809.8,510151.9,22.7,90.36,4,1987.09,1
472,Barisal,1988,5,34.5,25.5,393.0,84.0,1.4,5.6,6.2,41950,536809.8,510151.9,22.7,90.36,4,1988.05,1
473,Barisal,1988,6,34.6,25.4,565.0,88.0,1.2,6.0,3.8,41950,536809.8,510151.9,22.7,90.36,4,1988.06,1
474,Barisal,1988,7,33.5,25.9,422.0,90.0,1.3,6.5,4.0,41950,536809.8,510151.9,22.7,90.36,4,1988.07,1
475,Barisal,1988,8,32.4,26.2,459.0,91.0,1.3,7.1,2.8,41950,536809.8,510151.9,22.7,90.36,4,1988.08,1
486,Barisal,1989,7,33.6,25.4,453.0,89.0,1.3,6.3,4.9,41950,536809.8,510151.9,22.7,90.36,4,1989.07,1
488,Barisal,1989,9,33.0,25.1,413.0,90.0,0.6,5.7,4.9,41950,536809.8,510151.9,22.7,90.36,4,1989.09,1
489,Barisal,1989,10,34.2,24.1,451.0,90.0,0.3,4.4,4.8,41950,536809.8,510151.9,22.7,90.36,4,1989.1,1
496,Barisal,1990,5,35.0,24.3,352.0,85.0,0.7,5.3,6.6,41950,536809.8,510151.9,22.7,90.36,4,1990.05,1
497,Barisal,1990,6,39.4,25.4,386.0,89.0,1.4,6.4,3.4,41950,536809.8,510151.9,22.7,90.36,4,1990.06,1
498,Barisal,1990,7,32.5,25.4,457.0,92.0,1.0,6.9,2.9,41950,536809.8,510151.9,22.7,90.36,4,1990.07,1
499,Barisal,1990,8,34.0,25.6,299.0,87.0,1.0,5.6,6.0,41950,536809.8,510151.9,22.7,90.36,4,1990.08,1
509,Barisal,1991,6,34.4,25.1,562.0,90.0,1.3,6.6,3.0,41950,536809.8,510151.9,22.7,90.36,4,1991.06,1
510,Barisal,1991,7,33.3,25.7,356.0,88.0,1.5,6.5,3.9,41950,536809.8,510151.9,22.7,90.36,4,1991.07,1
511,Barisal,1991,8,35.5,25.3,369.0,89.0,1.2,6.7,4.2,41950,536809.8,510151.9,22.7,90.36,4,1991.08,1
512,Barisal,1991,9,33.5,25.0,232.0,90.0,0.6,6.4,3.4,41950,536809.8,510151.9,22.7,90.36,4,1991.09,1
513,Barisal,1991,10,33.5,23.7,497.0,89.0,0.5,4.5,5.5,41950,536809.8,510151.9,22.7,90.36,4,1991.1,1
522,Barisal,1992,7,35.5,25.5,299.0,90.0,1.3,6.9,2.6,41950,536809.8,510151.9,22.7,90.36,4,1992.07,1
523,Barisal,1992,8,34.3,25.3,326.0,91.0,1.2,6.1,4.6,41950,536809.8,510151.9,22.7,90.36,4,1992.08,1
532,Barisal,1993,5,34.5,23.8,352.0,87.0,1.6,5.2,6.9,41950,536809.8,510151.9,22.7,90.36,4,1993.05,1
533,Barisal,1993,6,34.4,25.5,384.0,89.0,2.1,6.1,4.9,41950,536809.8,510151.9,22.7,90.36,4,1993.06,1
534,Barisal,1993,7,33.2,25.5,408.0,90.0,2.1,6.4,3.9,41950,536809.8,510151.9,22.7,90.36,4,1993.07,1
535,Barisal,1993,8,33.8,25.7,556.0,91.0,1.5,6.6,3.5,41950,536809.8,510151.9,22.7,90.36,4,1993.08,1
545,Barisal,1994,6,35.5,25.5,571.0,89.0,1.2,6.4,3.3,41950,536809.8,510151.9,22.7,90.36,4,1994.06,1
546,Barisal,1994,7,33.2,25.7,202.0,88.0,1.3,6.4,4.2,41950,536809.8,510151.9,22.7,90.36,4,1994.07,1
547,Barisal,1994,8,33.0,25.4,378.0,88.0,1.1,6.4,4.2,41950,536809.8,510151.9,22.7,90.36,4,1994.08,1
557,Barisal,1995,6,34.6,25.6,657.0,88.0,1.1,6.0,3.2,41950,536809.8,510151.9,22.7,90.36,4,1995.06,1
558,Barisal,1995,7,34.0,25.1,517.0,88.0,1.4,6.7,3.4,41950,536809.8,510151.9,22.7,90.36,4,1995.07,1
559,Barisal,1995,8,34.7,25.5,342.0,87.0,1.2,6.0,5.3,41950,536809.8,510151.9,22.7,90.36,4,1995.08,1
569,Barisal,1996,6,35.5,25.2,449.0,87.0,1.8,5.4,4.8,41950,536809.8,510151.9,22.7,90.36,4,1996.06,1
570,Barisal,1996,7,35.0,25.7,307.0,88.0,1.6,5.9,3.3,41950,536809.8,510151.9,22.7,90.36,4,1996.07,1
571,Barisal,1996,8,34.4,25.3,322.0,91.0,1.0,6.0,2.6,41950,536809.8,510151.9,22.7,90.36,4,1996.08,1
573,Barisal,1996,10,35.4,23.0,270.0,86.0,0.5,3.1,7.6,41950,536809.8,510151.9,22.7,90.36,4,1996.1,1
580,Barisal,1997,5,35.6,24.2,235.0,84.0,1.6,5.3,7.1,41950,536809.8,510151.9,22.7,90.36,4,1997.05,1
581,Barisal,1997,6,35.4,25.3,205.0,86.0,2.1,6.4,4.6,41950,536809.8,510151.9,22.7,90.36,4,1997.06,1
582,Barisal,1997,7,33.7,25.4,406.0,91.0,1.6,6.9,3.1,41950,536809.8,510151.9,22.7,90.36,4,1997.07,1
584,Barisal,1997,9,34.0,24.6,378.0,91.0,0.7,6.1,4.1,41950,536809.8,510151.9,22.7,90.36,4,1997.09,1
590,Barisal,1998,3,34.5,17.9,273.0,75.0,0.9,2.6,8.1,41950,536809.8,510151.9,22.7,90.36,4,1998.03,1
591,Barisal,1998,4,35.6,22.5,251.0,81.0,1.4,3.8,8.1,41950,536809.8,510151.9,22.7,90.36,4,1998.04,1
593,Barisal,1998,6,35.5,25.8,208.0,86.0,2.3,5.7,3.1,41950,536809.8,510151.9,22.7,90.36,4,1998.06,1
594,Barisal,1998,7,34.5,25.1,616.0,92.0,1.7,6.8,1.9,41950,536809.8,510151.9,22.7,90.36,4,1998.07,1
595,Barisal,1998,8,34.5,25.2,516.0,91.0,1.1,6.3,2.8,41950,536809.8,510151.9,22.7,90.36,4,1998.08,1
596,Barisal,1998,9,35.6,25.2,254.0,89.0,0.6,5.5,4.1,41950,536809.8,510151.9,22.7,90.36,4,1998.09,1
598,Barisal,1998,11,33.5,20.9,270.0,85.0,0.3,2.5,7.5,41950,536809.8,510151.9,22.7,90.36,4,1998.11,1
604,Barisal,1999,5,35.7,25.0,212.0,86.0,2.2,5.7,3.8,41950,536809.8,510151.9,22.7,90.36,4,1999.05,1
605,Barisal,1999,6,36.7,25.4,260.0,88.0,1.9,6.6,3.1,41950,536809.8,510151.9,22.7,90.36,4,1999.06,1
606,Barisal,1999,7,34.0,25.1,527.0,91.0,1.6,7.0,2.9,41950,536809.8,510151.9,22.7,90.36,4,1999.07,1
607,Barisal,1999,8,34.0,25.4,404.0,91.0,1.4,7.1,2.6,41950,536809.8,510151.9,22.7,90.36,4,1999.08,1
608,Barisal,1999,9,35.5,25.2,301.0,89.0,1.0,6.6,3.7,41950,536809.8,510151.9,22.7,90.36,4,1999.09,1
609,Barisal,1999,10,34.0,24.1,228.0,89.0,0.6,5.3,4.9,41950,536809.8,510151.9,22.7,90.36,4,1999.1,1
616,Barisal,2000,5,36.3,24.3,246.0,83.0,1.3,6.0,4.4,41950,536809.8,510151.9,22.7,90.36,4,2000.05,1
617,Barisal,2000,6,34.8,25.0,282.0,90.0,1.6,6.7,2.7,41950,536809.8,510151.9,22.7,90.36,4,2000.06,1
618,Barisal,2000,7,35.2,25.2,389.0,88.0,1.7,6.4,3.8,41950,536809.8,510151.9,22.7,90.36,4,2000.07,1
619,Barisal,2000,8,34.5,25.7,203.0,87.0,1.5,6.6,3.6,41950,536809.8,510151.9,22.7,90.36,4,2000.08,1
620,Barisal,2000,9,34.2,24.8,245.0,89.0,0.8,5.8,4.1,41950,536809.8,510151.9,22.7,90.36,4,2000.09,1
628,Barisal,2001,5,35.6,23.7,282.0,87.0,1.3,5.3,5.0,41950,536809.8,510151.9,22.7,90.36,4,2001.05,1
629,Barisal,2001,6,34.5,25.0,641.0,94.0,1.6,7.3,1.9,41950,536809.8,510151.9,22.7,90.36,4,2001.06,1
630,Barisal,2001,7,33.0,25.3,556.0,91.0,2.0,7.1,3.8,41950,536809.8,510151.9,22.7,90.36,4,2001.07,1
633,Barisal,2001,10,35.0,24.0,305.0,89.0,0.3,4.6,6.5,41950,536809.8,510151.9,22.7,90.36,4,2001.1,1
640,Barisal,2002,5,35.4,24.1,324.0,83.0,1.9,5.9,7.2,41950,536809.8,510151.9,22.7,90.36,4,2002.05,1
641,Barisal,2002,6,35.4,25.6,541.0,89.0,1.3,6.7,3.5,41950,536809.8,510151.9,22.7,90.36,4,2002.06,1
642,Barisal,2002,7,34.5,25.9,716.0,90.0,1.1,7.3,2.7,41950,536809.8,510151.9,22.7,90.36,4,2002.07,1
643,Barisal,2002,8,34.0,26.0,272.0,89.0,1.0,6.4,5.0,41950,536809.8,510151.9,22.7,90.36,4,2002.08,1
644,Barisal,2002,9,35.0,25.5,315.0,92.0,0.5,5.7,4.8,41950,536809.8,510151.9,22.7,90.36,4,2002.09,1
653,Barisal,2003,6,36.5,25.7,521.0,92.0,1.9,7.0,2.7,41950,536809.8,510151.9,22.7,90.36,4,2003.06,1
654,Barisal,2003,7,34.2,26.5,243.0,92.0,1.5,6.4,4.8,41950,536809.8,510151.9,22.7,90.36,4,2003.07,1
657,Barisal,2003,10,34.2,24.8,301.0,89.0,0.2,4.6,5.8,41950,536809.8,510151.9,22.7,90.36,4,2003.1,1
665,Barisal,2004,6,35.8,25.6,316.0,87.0,0.8,6.0,2.5,41950,536809.8,510151.9,22.7,90.36,4,2004.06,1
667,Barisal,2004,8,33.4,26.1,478.0,90.0,1.4,6.7,4.0,41950,536809.8,510151.9,22.7,90.36,4,2004.08,1
668,Barisal,2004,9,34.2,25.5,1067.0,91.0,0.8,6.4,3.7,41950,536809.8,510151.9,22.7,90.36,4,2004.09,1
677,Barisal,2005,6,36.5,27.1,326.0,88.0,0.9,6.1,4.4,41950,536809.8,510151.9,22.7,90.36,4,2005.06,1
678,Barisal,2005,7,33.2,25.9,463.0,93.0,1.3,6.6,4.5,41950,536809.8,510151.9,22.7,90.36,4,2005.07,1
679,Barisal,2005,8,35.5,26.2,302.0,93.0,0.9,6.9,2.9,41950,536809.8,510151.9,22.7,90.36,4,2005.08,1
680,Barisal,2005,9,35.2,26.0,174.0,89.0,0.8,6.0,4.2,41950,536809.8,510151.9,22.7,90.36,4,2005.09,1
681,Barisal,2005,10,35.0,24.3,415.0,89.0,0.5,4.9,5.3,41950,536809.8,510151.9,22.7,90.36,4,2005.1,1
688,Barisal,2006,5,36.2,25.4,274.0,83.0,1.3,4.8,6.0,41950,536809.8,510151.9,22.7,90.36,4,2006.05,1
689,Barisal,2006,6,36.5,26.6,352.0,89.0,1.3,6.4,3.4,41950,536809.8,510151.9,22.7,90.36,4,2006.06,1
690,Barisal,2006,7,33.5,26.2,384.0,91.0,1.4,6.8,3.8,41950,536809.8,510151.9,22.7,90.36,4,2006.07,1
691,Barisal,2006,8,33.7,25.9,378.0,89.0,1.6,6.8,4.4,41950,536809.8,510151.9,22.7,90.36,4,2006.08,1
692,Barisal,2006,9,35.0,25.9,522.0,89.0,0.9,5.7,5.2,41950,536809.8,510151.9,22.7,90.36,4,2006.09,1
701,Barisal,2007,6,35.0,26.3,471.0,88.0,1.2,6.1,4.1,41950,536809.8,510151.9,22.7,90.36,4,2007.06,1
702,Barisal,2007,7,33.5,25.9,560.0,91.0,1.2,6.9,2.2,41950,536809.8,510151.9,22.7,90.36,4,2007.07,1
703,Barisal,2007,8,35.0,26.4,218.0,88.0,0.9,6.3,4.5,41950,536809.8,510151.9,22.7,90.36,4,2007.08,1
704,Barisal,2007,9,34.8,25.8,326.0,91.0,0.9,6.5,3.4,41950,536809.8,510151.9,22.7,90.36,4,2007.09,1
705,Barisal,2007,10,35.5,23.6,357.0,88.0,0.4,3.8,6.6,41950,536809.8,510151.9,22.7,90.36,4,2007.1,1
713,Barisal,2008,6,35.5,26.0,239.0,89.0,1.3,6.6,2.9,41950,536809.8,510151.9,22.7,90.36,4,2008.06,1
714,Barisal,2008,7,33.4,25.9,550.0,90.0,1.1,7.1,2.8,41950,536809.8,510151.9,22.7,90.36,4,2008.07,1
715,Barisal,2008,8,33.5,26.1,357.0,88.0,0.9,6.1,4.1,41950,536809.8,510151.9,22.7,90.36,4,2008.08,1
716,Barisal,2008,9,34.5,25.8,210.0,88.0,0.8,5.5,5.0,41950,536809.8,510151.9,22.7,90.36,4,2008.09,1
717,Barisal,2008,10,34.5,23.5,341.0,87.0,0.4,3.3,6.6,41950,536809.8,510151.9,22.7,90.36,4,2008.1,1
726,Barisal,2009,7,34.5,26.2,542.0,89.0,3.1,6.7,3.7,41950,536809.8,510151.9,22.7,90.36,4,2009.07,1
727,Barisal,2009,8,35.5,26.1,518.0,89.0,2.0,6.6,4.0,41950,536809.8,510151.9,22.7,90.36,4,2009.08,1
736,Barisal,2010,5,36.3,25.8,212.0,81.0,3.8,5.6,6.7,41950,536809.8,510151.9,22.7,90.36,4,2010.05,1
737,Barisal,2010,6,35.1,26.4,481.0,88.0,2.7,6.6,3.8,41950,536809.8,510151.9,22.7,90.36,4,2010.06,1
738,Barisal,2010,7,34.0,26.7,251.0,87.0,2.0,6.1,4.8,41950,536809.8,510151.9,22.7,90.36,4,2010.07,1
741,Barisal,2010,10,35.6,25.0,275.0,86.0,0.5,3.9,7.0,41950,536809.8,510151.9,22.7,90.36,4,2010.1,1
749,Barisal,2011,6,35.6,26.3,481.0,88.0,3.5,6.3,3.6,41950,536809.8,510151.9,22.7,90.36,4,2011.06,1
750,Barisal,2011,7,35.0,26.4,314.0,87.0,3.0,5.9,4.8,41950,536809.8,510151.9,22.7,90.36,4,2011.07,1
751,Barisal,2011,8,35.6,25.9,428.0,90.0,2.9,6.5,3.4,41950,536809.8,510151.9,22.7,90.36,4,2011.08,1
752,Barisal,2011,9,35.5,25.9,337.0,89.0,2.9,5.8,4.2,41950,536809.8,510151.9,22.7,90.36,4,2011.09,1
759,Barisal,2012,4,37.3,23.7,223.0,79.0,2.9,4.1,7.3,41950,536809.8,510151.9,22.7,90.36,4,2012.04,1
761,Barisal,2012,6,36.7,27.2,205.0,86.0,2.3,6.6,3.8,41950,536809.8,510151.9,22.7,90.36,4,2012.06,1
762,Barisal,2012,7,34.2,26.5,275.0,89.0,2.2,6.9,3.7,41950,536809.8,510151.9,22.7,90.36,4,2012.07,1
763,Barisal,2012,8,34.6,26.2,270.0,87.0,1.8,6.5,5.1,41950,536809.8,510151.9,22.7,90.36,4,2012.08,1
764,Barisal,2012,9,35.0,26.0,381.0,90.0,1.3,5.9,4.1,41950,536809.8,510151.9,22.7,90.36,4,2012.09,1
772,Barisal,2013,5,37.5,24.8,701.0,87.0,4.1,6.9,3.8,41950,536809.8,510151.9,22.7,90.36,4,2013.05,1
773,Barisal,2013,6,36.0,26.8,277.0,85.0,2.4,5.7,5.7,41950,536809.8,510151.9,22.7,90.36,4,2013.06,1
774,Barisal,2013,7,33.0,26.5,377.0,87.0,3.1,6.4,4.7,41950,536809.8,510151.9,22.7,90.36,4,2013.07,1
775,Barisal,2013,8,34.0,26.2,398.0,88.0,2.5,6.4,4.0,41950,536809.8,510151.9,22.7,90.36,4,2013.08,1
776,Barisal,2013,9,35.0,26.0,312.0,88.0,2.0,5.7,4.2,41950,536809.8,510151.9,22.7,90.36,4,2013.09,1
787,Bhola,1966,8,31.8,25.3,545.0,89.06382979,5.6,7.2,3.666666667,41951,567637.6,510271.8,22.7,90.66,5,1966.08,1
788,Bhola,1966,9,32.9,24.3,373.0,88.53191489,4.4,5.8,3.787878788,41951,567637.6,510271.8,22.7,90.66,5,1966.09,1
798,Bhola,1967,7,32.8,25.4,572.0,89.0,4.2,7.1,2.845454545,41951,567637.6,510271.8,22.7,90.66,5,1967.07,1
799,Bhola,1967,8,32.9,25.4,606.0,88.0,4.2,6.8,3.666666667,41951,567637.6,510271.8,22.7,90.66,5,1967.08,1
801,Bhola,1967,10,32.4,22.7,441.0,89.0,2.2,2.7,5.606060606,41951,567637.6,510271.8,22.7,90.66,5,1967.1,1
810,Bhola,1968,7,32.7,25.8,505.0,90.0,3.6,7.1,2.845454545,41951,567637.6,510271.8,22.7,90.66,5,1968.07,1
811,Bhola,1968,8,33.1,25.7,374.0,90.0,1.9,7.5,3.666666667,41951,567637.6,510271.8,22.7,90.66,5,1968.08,1
819,Bhola,1969,4,35.6,23.6,320.0,85.0,4.1,4.1,6.948484848,41951,567637.6,510271.8,22.7,90.66,5,1969.04,1
822,Bhola,1969,7,31.4,25.6,662.0,90.0,4.5,7.7,2.845454545,41951,567637.6,510271.8,22.7,90.66,5,1969.07,1
823,Bhola,1969,8,32.1,25.0,597.0,91.0,3.6,7.6,3.666666667,41951,567637.6,510271.8,22.7,90.66,5,1969.08,1
824,Bhola,1969,9,33.6,25.2,456.0,87.0,1.2,6.5,3.787878788,41951,567637.6,510271.8,22.7,90.66,5,1969.09,1
825,Bhola,1969,10,33.9,23.6,53.0,85.0,2.9,3.9,5.606060606,41951,567637.6,510271.8,22.7,90.66,5,1969.1,1
833,Bhola,1970,6,34.7,24.3,402.0,92.0,4.9,7.5,3.306060606,41951,567637.6,510271.8,22.7,90.66,5,1970.06,1
834,Bhola,1970,7,34.1,26.0,416.0,90.0,2.4,6.7,2.845454545,41951,567637.6,510271.8,22.7,90.66,5,1970.07,1
836,Bhola,1970,9,32.7,24.8,503.0,92.0,3.4,6.4,3.787878788,41951,567637.6,510271.8,22.7,90.66,5,1970.09,1
845,Bhola,1971,6,31.9,25.2,584.0,88.0,2.5,6.8,3.306060606,41951,567637.6,510271.8,22.7,90.66,5,1971.06,1
846,Bhola,1971,7,32.4,25.2,409.0,90.0,2.0,6.9,2.845454545,41951,567637.6,510271.8,22.7,90.66,5,1971.07,1
848,Bhola,1971,9,34.1,25.4,409.0,88.0,1.5,6.8,3.787878788,41951,567637.6,510271.8,22.7,90.66,5,1971.09,1
857,Bhola,1972,6,35.2,25.7,512.0,88.0,1.0,5.4,3.306060606,41951,567637.6,510271.8,22.7,90.66,5,1972.06,1
859,Bhola,1972,8,32.4,25.0,586.0,91.0,1.2,6.0,3.666666667,41951,567637.6,510271.8,22.7,90.66,5,1972.08,1
868,Bhola,1973,5,34.1,24.1,500.0,84.0,1.6,5.4,5.724242424,41951,567637.6,510271.8,22.7,90.66,5,1973.05,1
869,Bhola,1973,6,32.5,25.6,434.0,88.0,1.5,5.9,3.306060606,41951,567637.6,510271.8,22.7,90.66,5,1973.06,1
870,Bhola,1973,7,32.3,25.9,445.0,90.0,2.6,6.3,2.845454545,41951,567637.6,510271.8,22.7,90.66,5,1973.07,1
881,Bhola,1974,6,33.6,22.8,433.0,89.0,1.1,6.1,3.306060606,41951,567637.6,510271.8,22.7,90.66,5,1974.06,1
882,Bhola,1974,7,31.7,22.2,817.0,93.0,0.8,6.9,2.845454545,41951,567637.6,510271.8,22.7,90.66,5,1974.07,1
883,Bhola,1974,8,33.4,25.7,437.0,93.0,1.8,6.7,3.666666667,41951,567637.6,510271.8,22.7,90.66,5,1974.08,1
893,Bhola,1975,6,34.9,25.0,428.0,87.0,1.0,5.0,3.306060606,41951,567637.6,510271.8,22.7,90.66,5,1975.06,1
894,Bhola,1975,7,32.4,24.5,597.0,93.0,0.8,6.3,2.845454545,41951,567637.6,510271.8,22.7,90.66,5,1975.07,1
905,Bhola,1976,6,32.9,24.0,414.0,89.0,0.7,5.8,3.306060606,41951,567637.6,510271.8,22.7,90.66,5,1976.06,1
906,Bhola,1976,7,32.4,24.6,530.0,91.0,1.3,6.2,2.845454545,41951,567637.6,510271.8,22.7,90.66,5,1976.07,1
907,Bhola,1976,8,32.4,24.4,669.0,92.0,0.6,6.1,3.666666667,41951,567637.6,510271.8,22.7,90.66,5,1976.08,1
917,Bhola,1977,6,33.4,25.2,672.0,89.0,0.4,6.0,3.306060606,41951,567637.6,510271.8,22.7,90.66,5,1977.06,1
918,Bhola,1977,7,33.2,25.9,462.0,89.0,0.7,6.5,2.845454545,41951,567637.6,510271.8,22.7,90.66,5,1977.07,1
928,Bhola,1978,5,36.8,24.5,517.0,83.0,1.3,5.3,5.724242424,41951,567637.6,510271.8,22.7,90.66,5,1978.05,1
929,Bhola,1978,6,32.9,25.4,512.0,87.0,0.7,5.9,3.306060606,41951,567637.6,510271.8,22.7,90.66,5,1978.06,1
930,Bhola,1978,7,36.3,25.4,513.0,87.0,0.7,5.7,2.845454545,41951,567637.6,510271.8,22.7,90.66,5,1978.07,1
931,Bhola,1978,8,34.7,25.5,586.0,87.0,1.0,5.8,3.666666667,41951,567637.6,510271.8,22.7,90.66,5,1978.08,1
952,Bhola,1980,5,35.0,24.6,749.0,84.0,1.1,4.6,5.724242424,41951,567637.6,510271.8,22.7,90.66,5,1980.05,1
954,Bhola,1980,7,31.9,25.9,678.0,90.0,0.9,6.4,2.845454545,41951,567637.6,510271.8,22.7,90.66,5,1980.07,1
965,Bhola,1981,6,34.4,25.9,553.0,86.0,1.1,5.4,4.4,41951,567637.6,510271.8,22.7,90.66,5,1981.06,1
966,Bhola,1981,7,32.2,25.6,568.0,90.0,1.1,6.7,2.5,41951,567637.6,510271.8,22.7,90.66,5,1981.07,1
979,Bhola,1982,8,31.4,25.9,579.0,89.0,1.1,6.3,4.1,41951,567637.6,510271.8,22.7,90.66,5,1982.08,1
989,Bhola,1983,6,35.4,26.0,574.0,89.0,1.0,5.8,4.3,41951,567637.6,510271.8,22.7,90.66,5,1983.06,1
990,Bhola,1983,7,34.4,26.5,521.0,90.0,0.7,5.6,3.6,41951,567637.6,510271.8,22.7,90.66,5,1983.07,1
991,Bhola,1983,8,34.0,25.9,501.0,87.0,1.0,5.8,4.3,41951,567637.6,510271.8,22.7,90.66,5,1983.08,1
1001,Bhola,1984,6,35.6,25.8,904.0,89.0,1.2,6.5,2.4,41951,567637.6,510271.8,22.7,90.66,5,1984.06,1
1002,Bhola,1984,7,33.5,25.6,444.0,88.0,0.8,6.0,3.4,41951,567637.6,510271.8,22.7,90.66,5,1984.07,1
1003,Bhola,1984,8,34.8,25.6,467.0,89.0,0.7,6.2,2.4,41951,567637.6,510271.8,22.7,90.66,5,1984.08,1
1026,Bhola,1986,7,35.1,25.8,451.0,88.0,0.7,5.5,2.5,41951,567637.6,510271.8,22.7,90.66,5,1986.07,1
1028,Bhola,1986,9,34.6,24.9,563.0,89.0,0.5,5.9,2.8,41951,567637.6,510271.8,22.7,90.66,5,1986.09,1
1038,Bhola,1987,7,34.2,26.0,660.0,90.0,0.7,6.6,0.9,41951,567637.6,510271.8,22.7,90.66,5,1987.07,1
1039,Bhola,1987,8,34.2,25.9,893.0,88.0,0.4,6.2,3.2,41951,567637.6,510271.8,22.7,90.66,5,1987.08,1
1049,Bhola,1988,6,35.0,25.5,700.0,89.0,0.9,5.9,3.3,41951,567637.6,510271.8,22.7,90.66,5,1988.06,1
1050,Bhola,1988,7,34.3,26.0,417.0,91.0,0.8,6.6,2.5,41951,567637.6,510271.8,22.7,90.66,5,1988.07,1
1051,Bhola,1988,8,32.2,26.2,416.0,90.0,0.7,6.7,2.1,41951,567637.6,510271.8,22.7,90.66,5,1988.08,1
1061,Bhola,1989,6,36.0,25.9,533.0,88.0,1.4,5.3,3.4,41951,567637.6,510271.8,22.7,90.66,5,1989.06,1
1064,Bhola,1989,9,34.0,25.8,378.0,90.0,0.7,5.6,3.1,41951,567637.6,510271.8,22.7,90.66,5,1989.09,1
1073,Bhola,1990,6,34.0,26.3,358.0,89.0,1.0,5.9,2.7,41951,567637.6,510271.8,22.7,90.66,5,1990.06,1
1074,Bhola,1990,7,32.0,25.8,374.0,90.0,0.9,6.8,2.5,41951,567637.6,510271.8,22.7,90.66,5,1990.07,1
1085,Bhola,1991,6,34.2,26.0,732.0,91.0,0.9,6.0,2.2,41951,567637.6,510271.8,22.7,90.66,5,1991.06,1
1087,Bhola,1991,8,35.5,26.1,396.0,92.0,0.9,6.3,3.4,41951,567637.6,510271.8,22.7,90.66,5,1991.08,1
1098,Bhola,1992,7,33.0,25.6,382.0,90.0,1.0,6.7,2.2,41951,567637.6,510271.8,22.7,90.66,5,1992.07,1
1109,Bhola,1993,6,33.4,25.6,631.0,89.0,1.3,6.3,3.4,41951,567637.6,510271.8,22.7,90.66,5,1993.06,1
1110,Bhola,1993,7,32.5,26.0,473.0,91.0,0.9,6.3,2.7,41951,567637.6,510271.8,22.7,90.66,5,1993.07,1
1111,Bhola,1993,8,33.0,26.2,681.0,91.0,0.8,6.5,2.8,41951,567637.6,510271.8,22.7,90.66,5,1993.08,1
1121,Bhola,1994,6,34.8,26.0,559.0,88.0,1.1,5.9,2.8,41951,567637.6,510271.8,22.7,90.66,5,1994.06,1
1158,Bhola,1997,7,33.8,26.0,523.0,91.0,1.0,5.9,1.8,41951,567637.6,510271.8,22.7,90.66,5,1997.07,1
1160,Bhola,1997,9,34.2,25.4,439.0,90.0,0.9,5.2,3.7,41951,567637.6,510271.8,22.7,90.66,5,1997.09,1
1170,Bhola,1998,7,33.2,25.8,500.0,94.0,1.0,6.2,1.8,41951,567637.6,510271.8,22.7,90.66,5,1998.07,1
1171,Bhola,1998,8,33.6,26.1,483.0,93.0,0.7,5.6,1.9,41951,567637.6,510271.8,22.7,90.66,5,1998.08,1
1182,Bhola,1999,7,33.6,25.5,590.0,91.0,0.8,6.3,1.4,41951,567637.6,510271.8,22.7,90.66,5,1999.07,1
1183,Bhola,1999,8,33.0,25.6,432.0,92.0,0.7,6.3,2.2,41951,567637.6,510271.8,22.7,90.66,5,1999.08,1
1184,Bhola,1999,9,33.5,25.4,398.0,90.0,0.5,5.6,1.8,41951,567637.6,510271.8,22.7,90.66,5,1999.09,1
1185,Bhola,1999,10,34.0,24.6,436.0,89.0,0.3,4.7,2.5,41951,567637.6,510271.8,22.7,90.66,5,1999.1,1
1193,Bhola,2000,6,33.5,25.7,416.0,89.0,0.8,5.8,3.3,41951,567637.6,510271.8,22.7,90.66,5,2000.06,1
1194,Bhola,2000,7,34.2,25.9,432.0,90.0,0.7,5.6,3.7,41951,567637.6,510271.8,22.7,90.66,5,2000.07,1
1205,Bhola,2001,6,32.7,25.5,892.0,93.0,1.0,6.5,2.1,41951,567637.6,510271.8,22.7,90.66,5,2001.06,1
1206,Bhola,2001,7,32.0,26.0,406.0,90.0,1.0,6.2,2.8,41951,567637.6,510271.8,22.7,90.66,5,2001.07,1
1217,Bhola,2002,6,32.5,25.8,474.0,90.0,0.7,5.7,3.1,41951,567637.6,510271.8,22.7,90.66,5,2002.06,1
1218,Bhola,2002,7,33.4,25.5,576.0,92.0,0.8,6.9,1.4,41951,567637.6,510271.8,22.7,90.66,5,2002.07,1
1219,Bhola,2002,8,33.0,25.8,421.0,90.0,0.6,5.8,4.0,41951,567637.6,510271.8,22.7,90.66,5,2002.08,1
1229,Bhola,2003,6,35.8,25.6,593.0,89.0,1.1,6.2,1.8,41951,567637.6,510271.8,22.7,90.66,5,2003.06,1
1241,Bhola,2004,6,35.5,25.4,580.0,89.0,0.6,5.2,2.7,41951,567637.6,510271.8,22.7,90.66,5,2004.06,1
1242,Bhola,2004,7,33.8,25.8,467.0,89.0,0.9,5.9,3.4,41951,567637.6,510271.8,22.7,90.66,5,2004.07,1
1243,Bhola,2004,8,32.8,25.9,460.0,89.0,0.8,5.4,4.1,41951,567637.6,510271.8,22.7,90.66,5,2004.08,1
1244,Bhola,2004,9,33.8,25.6,993.0,91.0,0.5,5.5,2.7,41951,567637.6,510271.8,22.7,90.66,5,2004.09,1
1267,Bhola,2006,8,34.0,26.0,447.0,88.0,1.0,6.0,4.7,41951,567637.6,510271.8,22.7,90.66,5,2006.08,1
1268,Bhola,2006,9,34.2,25.9,626.0,88.0,0.7,4.9,4.9,41951,567637.6,510271.8,22.7,90.66,5,2006.09,1
1277,Bhola,2007,6,35.0,26.1,440.0,88.0,0.8,5.7,3.5,41951,567637.6,510271.8,22.7,90.66,5,2007.06,1
1278,Bhola,2007,7,32.5,25.7,511.0,91.0,0.8,6.4,1.4,41951,567637.6,510271.8,22.7,90.66,5,2007.07,1
1280,Bhola,2007,9,34.0,25.8,411.0,90.0,0.6,6.0,2.2,41951,567637.6,510271.8,22.7,90.66,5,2007.09,1
1290,Bhola,2008,7,32.8,25.9,729.0,92.0,0.7,6.5,2.5,41951,567637.6,510271.8,22.7,90.66,5,2008.07,1
1293,Bhola,2008,10,34.0,23.6,348.0,88.0,0.3,2.8,6.7,41951,567637.6,510271.8,22.7,90.66,5,2008.1,1
1302,Bhola,2009,7,35.0,26.2,544.0,93.0,1.5,6.3,3.5,41951,567637.6,510271.8,22.7,90.66,5,2009.07,1
1303,Bhola,2009,8,34.5,26.1,448.0,91.0,1.3,6.3,4.1,41951,567637.6,510271.8,22.7,90.66,5,2009.08,1
1313,Bhola,2010,6,34.5,26.3,401.0,90.0,1.0,6.1,3.4,41951,567637.6,510271.8,22.7,90.66,5,2010.06,1
1314,Bhola,2010,7,33.8,26.5,353.0,90.0,0.7,6.0,4.7,41951,567637.6,510271.8,22.7,90.66,5,2010.07,1
1317,Bhola,2010,10,35.8,25.1,442.0,85.0,0.9,3.5,6.7,41951,567637.6,510271.8,22.7,90.66,5,2010.1,1
1325,Bhola,2011,6,34.6,26.1,425.0,88.0,1.3,6.1,3.5,41951,567637.6,510271.8,22.7,90.66,5,2011.06,1
1326,Bhola,2011,7,34.2,26.2,398.0,88.0,1.2,5.4,4.0,41951,567637.6,510271.8,22.7,90.66,5,2011.07,1
1327,Bhola,2011,8,35.0,25.8,383.0,89.0,1.7,6.0,3.3,41951,567637.6,510271.8,22.7,90.66,5,2011.08,1
1348,Bhola,2013,5,36.0,24.6,655.0,86.0,3.1,6.1,2.6,41951,567637.6,510271.8,22.7,90.66,5,2013.05,1
1350,Bhola,2013,7,33.0,26.3,327.0,88.0,2.4,6.1,3.4,41951,567637.6,510271.8,22.7,90.66,5,2013.07,1
1351,Bhola,2013,8,33.5,26.0,477.0,90.0,1.9,5.8,3.1,41951,567637.6,510271.8,22.7,90.66,5,2013.08,1
1362,Bogra,1948,7,33.1,26.4,363.71875,86.1875,1.577777778,6.2,4.435849057,41883,435303.7,751187.5,24.88,89.36,20,1948.07,1
1374,Bogra,1949,7,32.0,26.1,363.71875,86.1875,1.577777778,6.1,4.435849057,41883,435303.7,751187.5,24.88,89.36,20,1949.07,1
1387,Bogra,1950,8,32.2,26.2,555.0,89.0,1.424074074,7.1,5.001886792,41883,435303.7,751187.5,24.88,89.36,20,1950.08,1
1398,Bogra,1951,7,32.0,26.1,390.0,86.0,1.577777778,6.8,4.435849057,41883,435303.7,751187.5,24.88,89.36,20,1951.07,1
1409,Bogra,1952,6,37.1,25.7,393.0,82.0,1.701851852,5.8,4.939622642,41883,435303.7,751187.5,24.88,89.36,20,1952.06,1
1410,Bogra,1952,7,35.8,26.0,336.0,84.0,1.577777778,6.8,4.435849057,41883,435303.7,751187.5,24.88,89.36,20,1952.07,1
1412,Bogra,1952,9,35.4,25.9,376.0,84.0,1.205555556,6.2,5.447169811,41883,435303.7,751187.5,24.88,89.36,20,1952.09,1
1424,Bogra,1953,9,32.5,25.6,351.0,87.0,1.205555556,6.0,5.447169811,41883,435303.7,751187.5,24.88,89.36,20,1953.09,1
1433,Bogra,1954,6,33.9,25.2,597.0,89.0,1.701851852,6.6,4.939622642,41883,435303.7,751187.5,24.88,89.36,20,1954.06,1
1434,Bogra,1954,7,32.0,26.1,501.0,89.0,1.577777778,7.0,4.435849057,41883,435303.7,751187.5,24.88,89.36,20,1954.07,1
1446,Bogra,1955,7,32.0,26.1,504.0,89.0,1.577777778,6.8,4.435849057,41883,435303.7,751187.5,24.88,89.36,20,1955.07,1
1447,Bogra,1955,8,32.2,26.2,505.0,89.0,1.424074074,6.6,5.001886792,41883,435303.7,751187.5,24.88,89.36,20,1955.08,1
1448,Bogra,1955,9,32.5,25.6,332.0,86.0,1.205555556,5.8,5.447169811,41883,435303.7,751187.5,24.88,89.36,20,1955.09,1
1457,Bogra,1956,6,37.8,25.3,467.0,88.0,1.701851852,6.6,4.939622642,41883,435303.7,751187.5,24.88,89.36,20,1956.06,1
1459,Bogra,1956,8,32.2,26.2,515.0,87.0,1.424074074,6.2,5.001886792,41883,435303.7,751187.5,24.88,89.36,20,1956.08,1
1470,Bogra,1957,7,32.0,26.1,490.0,87.0,1.577777778,6.0,4.435849057,41883,435303.7,751187.5,24.88,89.36,20,1957.07,1
1482,Bogra,1958,7,37.8,26.7,372.0,83.0,1.577777778,5.5,4.435849057,41883,435303.7,751187.5,24.88,89.36,20,1958.07,1
1483,Bogra,1958,8,34.7,26.1,442.0,88.0,1.424074074,6.2,5.001886792,41883,435303.7,751187.5,24.88,89.36,20,1958.08,1
1484,Bogra,1958,9,33.4,26.5,303.0,85.0,1.205555556,5.0,5.447169811,41883,435303.7,751187.5,24.88,89.36,20,1958.09,1
1495,Bogra,1959,8,34.1,26.2,722.0,87.0,1.424074074,6.1,5.001886792,41883,435303.7,751187.5,24.88,89.36,20,1959.08,1
1497,Bogra,1959,10,32.2,23.3,633.0,88.0,0.809259259,4.3,7.4,41883,435303.7,751187.5,24.88,89.36,20,1959.1,1
1508,Bogra,1960,9,42.6,25.9,406.0,90.0,1.0,6.1,5.447169811,41883,435303.7,751187.5,24.88,89.36,20,1960.09,1
1519,Bogra,1961,8,34.2,26.3,492.0,89.0,1.0,5.9,5.9,41883,435303.7,751187.5,24.88,89.36,20,1961.08,1
1542,Bogra,1963,7,33.9,26.5,457.0,88.0,1.6,6.6,5.3,41883,435303.7,751187.5,24.88,89.36,20,1963.07,1
1554,Bogra,1964,7,32.9,25.7,461.0,88.0,1.8,6.8,3.4,41883,435303.7,751187.5,24.88,89.36,20,1964.07,1
1566,Bogra,1965,7,33.4,26.0,546.0,87.0,1.5,6.3,4.1,41883,435303.7,751187.5,24.88,89.36,20,1965.07,1
1567,Bogra,1965,8,33.9,25.5,458.0,87.0,1.5,6.3,3.7,41883,435303.7,751187.5,24.88,89.36,20,1965.08,1
1579,Bogra,1966,8,33.7,26.1,342.0,86.0,1.0,5.9,3.3,41883,435303.7,751187.5,24.88,89.36,20,1966.08,1
1590,Bogra,1967,7,33.3,25.7,400.0,86.0,1.6,6.1,5.1,41883,435303.7,751187.5,24.88,89.36,20,1967.07,1
1601,Bogra,1968,6,33.4,25.2,422.0,85.0,1.8,5.7,5.8,41883,435303.7,751187.5,24.88,89.36,20,1968.06,1
1602,Bogra,1968,7,32.9,26.2,549.0,86.0,1.5,6.1,4.7,41883,435303.7,751187.5,24.88,89.36,20,1968.07,1
1615,Bogra,1969,8,32.8,25.6,433.0,88.0,1.3,6.3,3.4,41883,435303.7,751187.5,24.88,89.36,20,1969.08,1
1616,Bogra,1969,9,37.8,25.5,357.0,86.0,1.1,4.9,6.0,41883,435303.7,751187.5,24.88,89.36,20,1969.09,1
1625,Bogra,1970,6,37.8,25.7,506.0,86.0,1.3,6.1,3.7,41883,435303.7,751187.5,24.88,89.36,20,1970.06,1
1626,Bogra,1970,7,33.9,26.1,629.0,88.0,1.4,6.7,3.8,41883,435303.7,751187.5,24.88,89.36,20,1970.07,1
1638,Bogra,1971,7,34.4,25.1,353.0,86.0,1.7,6.7,5.7,41883,435303.7,751187.5,24.88,89.36,20,1971.07,1
1640,Bogra,1971,9,34.4,24.3,392.0,86.0,1.6,6.0,6.3,41883,435303.7,751187.5,24.88,89.36,20,1971.09,1
1650,Bogra,1972,7,36.7,26.2,307.0,85.0,1.1,5.9,5.0,41883,435303.7,751187.5,24.88,89.36,20,1972.07,1
1661,Bogra,1973,6,34.2,25.4,835.0,88.0,0.9,5.7,4.0,41883,435303.7,751187.5,24.88,89.36,20,1973.06,1
1664,Bogra,1973,9,32.9,25.6,584.0,88.0,1.0,5.5,5.8,41883,435303.7,751187.5,24.88,89.36,20,1973.09,1
1674,Bogra,1974,7,37.8,25.1,474.0,90.0,1.2,6.5,2.8,41883,435303.7,751187.5,24.88,89.36,20,1974.07,1
1675,Bogra,1974,8,35.0,26.4,416.0,85.0,1.6,5.5,5.0,41883,435303.7,751187.5,24.88,89.36,20,1974.08,1
1686,Bogra,1975,7,34.8,25.3,490.0,90.0,1.4,6.0,4.5,41883,435303.7,751187.5,24.88,89.36,20,1975.07,1
1698,Bogra,1976,7,33.8,26.1,429.0,85.0,1.3,4.9,6.6,41883,435303.7,751187.5,24.88,89.36,20,1976.07,1
1699,Bogra,1976,8,32.8,25.4,453.0,89.0,1.2,5.5,5.2,41883,435303.7,751187.5,24.88,89.36,20,1976.08,1
1721,Bogra,1978,6,33.6,25.0,654.0,85.0,1.5,5.9,4.8,41883,435303.7,751187.5,24.88,89.36,20,1978.06,1
1734,Bogra,1979,7,36.8,25.9,725.0,89.0,1.6,6.3,3.6,41883,435303.7,751187.5,24.88,89.36,20,1979.07,1
1735,Bogra,1979,8,36.3,26.4,641.0,85.0,1.6,5.9,5.4,41883,435303.7,751187.5,24.88,89.36,20,1979.08,1
1736,Bogra,1979,9,35.3,25.6,463.0,85.0,1.0,4.7,7.0,41883,435303.7,751187.5,24.88,89.36,20,1979.09,1
1746,Bogra,1980,7,34.3,26.1,410.0,87.0,1.4,5.7,4.8,41883,435303.7,751187.5,24.88,89.36,20,1980.07,1
1758,Bogra,1981,7,33.9,26.0,379.0,87.0,1.4,6.4,3.6,41883,435303.7,751187.5,24.88,89.36,20,1981.07,1
1770,Bogra,1982,7,36.0,26.3,360.0,86.0,1.4,5.6,3.6,41883,435303.7,751187.5,24.88,89.36,20,1982.07,1
1780,Bogra,1983,5,36.3,23.4,355.0,80.0,1.3,3.6,7.2,41883,435303.7,751187.5,24.88,89.36,20,1983.05,1
1785,Bogra,1983,10,34.4,23.5,378.0,84.0,0.8,3.4,6.0,41883,435303.7,751187.5,24.88,89.36,20,1983.1,1
1793,Bogra,1984,6,37.5,25.2,539.0,87.0,1.7,5.4,4.0,41883,435303.7,751187.5,24.88,89.36,20,1984.06,1
1794,Bogra,1984,7,32.7,25.6,431.0,88.0,1.5,5.7,4.1,41883,435303.7,751187.5,24.88,89.36,20,1984.07,1
1796,Bogra,1984,9,34.5,25.0,404.0,86.0,1.2,4.9,5.5,41883,435303.7,751187.5,24.88,89.36,20,1984.09,1
1805,Bogra,1985,6,35.4,25.6,459.0,86.0,1.6,5.0,5.0,41883,435303.7,751187.5,24.88,89.36,20,1985.06,1
1808,Bogra,1985,9,35.0,25.0,365.0,88.0,1.1,5.0,5.3,41883,435303.7,751187.5,24.88,89.36,20,1985.09,1
1818,Bogra,1986,7,33.8,25.4,446.0,89.0,1.2,5.8,3.9,41883,435303.7,751187.5,24.88,89.36,20,1986.07,1
1820,Bogra,1986,9,35.0,24.5,462.0,88.0,1.1,5.4,3.9,41883,435303.7,751187.5,24.88,89.36,20,1986.09,1
1821,Bogra,1986,10,32.3,21.8,467.0,85.0,0.6,3.3,6.5,41883,435303.7,751187.5,24.88,89.36,20,1986.1,1
1830,Bogra,1987,7,35.7,26.0,525.0,90.0,1.6,6.1,2.6,41883,435303.7,751187.5,24.88,89.36,20,1987.07,1
1831,Bogra,1987,8,35.4,25.9,623.0,88.0,1.5,5.9,4.1,41883,435303.7,751187.5,24.88,89.36,20,1987.08,1
1841,Bogra,1988,6,37.7,25.4,756.0,86.0,2.1,5.6,4.3,41883,435303.7,751187.5,24.88,89.36,20,1988.06,1
1842,Bogra,1988,7,34.5,26.2,486.0,87.0,1.5,6.2,3.9,41883,435303.7,751187.5,24.88,89.36,20,1988.07,1
1854,Bogra,1989,7,35.0,25.8,594.0,87.0,1.8,6.1,3.7,41883,435303.7,751187.5,24.88,89.36,20,1989.07,1
1865,Bogra,1990,6,35.0,25.7,378.0,87.0,2.3,5.5,4.6,41883,435303.7,751187.5,24.88,89.36,20,1990.06,1
1866,Bogra,1990,7,34.0,25.9,499.0,90.0,1.6,6.1,3.5,41883,435303.7,751187.5,24.88,89.36,20,1990.07,1
1868,Bogra,1990,9,36.5,25.7,320.0,89.0,1.4,5.8,5.5,41883,435303.7,751187.5,24.88,89.36,20,1990.09,1
1876,Bogra,1991,5,38.0,22.7,416.0,88.0,2.3,6.3,4.0,41883,435303.7,751187.5,24.88,89.36,20,1991.05,1
1878,Bogra,1991,7,35.1,26.1,404.0,86.0,1.9,6.0,4.3,41883,435303.7,751187.5,24.88,89.36,20,1991.07,1
1880,Bogra,1991,9,34.0,24.9,733.0,91.0,1.0,6.2,3.1,41883,435303.7,751187.5,24.88,89.36,20,1991.09,1
1892,Bogra,1992,9,35.6,25.3,424.0,85.0,1.5,4.2,6.5,41883,435303.7,751187.5,24.88,89.36,20,1992.09,1
1901,Bogra,1993,6,35.4,25.0,466.0,87.0,2.3,5.8,4.9,41883,435303.7,751187.5,24.88,89.36,20,1993.06,1
1902,Bogra,1993,7,34.6,26.1,432.0,86.0,1.9,5.7,5.3,41883,435303.7,751187.5,24.88,89.36,20,1993.07,1
1925,Bogra,1995,6,37.5,26.6,475.0,86.0,1.8,6.2,3.6,41883,435303.7,751187.5,24.88,89.36,20,1995.06,1
1926,Bogra,1995,7,33.5,26.1,534.0,87.0,1.9,6.7,4.1,41883,435303.7,751187.5,24.88,89.36,20,1995.07,1
1927,Bogra,1995,8,34.5,26.4,432.0,86.0,1.5,6.1,4.1,41883,435303.7,751187.5,24.88,89.36,20,1995.08,1
1928,Bogra,1995,9,35.5,26.1,471.0,85.0,1.3,6.0,4.4,41883,435303.7,751187.5,24.88,89.36,20,1995.09,1
1935,Bogra,1996,4,39.0,23.0,401.0,69.0,1.1,2.6,8.4,41883,435303.7,751187.5,24.88,89.36,20,1996.04,1
1938,Bogra,1996,7,35.2,26.5,338.0,86.0,1.4,6.5,3.7,41883,435303.7,751187.5,24.88,89.36,20,1996.07,1
1940,Bogra,1996,9,36.7,26.2,335.0,86.0,0.6,4.9,5.8,41883,435303.7,751187.5,24.88,89.36,20,1996.09,1
1962,Bogra,1998,7,35.0,26.5,749.0,89.0,1.2,7.0,2.8,41883,435303.7,751187.5,24.88,89.36,20,1998.07,1
1963,Bogra,1998,8,35.0,26.6,563.0,89.0,0.8,7.1,3.5,41883,435303.7,751187.5,24.88,89.36,20,1998.08,1
1965,Bogra,1998,10,36.2,24.4,353.0,86.0,0.5,4.0,6.6,41883,435303.7,751187.5,24.88,89.36,20,1998.1,1
1974,Bogra,1999,7,35.8,26.3,343.0,87.0,1.1,6.5,4.7,41883,435303.7,751187.5,24.88,89.36,20,1999.07,1
1975,Bogra,1999,8,35.0,26.3,429.0,87.0,1.1,6.6,3.4,41883,435303.7,751187.5,24.88,89.36,20,1999.08,1
1988,Bogra,2000,9,36.2,25.2,466.0,87.0,0.8,5.6,4.6,41883,435303.7,751187.5,24.88,89.36,20,2000.09,1
2000,Bogra,2001,9,35.2,26.1,344.0,86.0,0.5,5.1,4.7,41883,435303.7,751187.5,24.88,89.36,20,2001.09,1
2010,Bogra,2002,7,35.2,26.1,476.0,90.0,0.7,6.9,2.1,41883,435303.7,751187.5,24.88,89.36,20,2002.07,1
2011,Bogra,2002,8,35.2,26.5,496.0,87.0,0.8,6.0,5.9,41883,435303.7,751187.5,24.88,89.36,20,2002.08,1
2021,Bogra,2003,6,36.2,25.7,364.0,85.0,1.4,6.1,4.3,41883,435303.7,751187.5,24.88,89.36,20,2003.06,1
2033,Bogra,2004,6,36.0,25.0,638.0,84.0,0.9,5.6,4.7,41883,435303.7,751187.5,24.88,89.36,20,2004.06,1
2034,Bogra,2004,7,34.2,25.8,529.0,86.0,1.3,6.2,3.8,41883,435303.7,751187.5,24.88,89.36,20,2004.07,1
2046,Bogra,2005,7,34.5,26.2,471.0,84.0,1.2,5.6,4.0,41883,435303.7,751187.5,24.88,89.36,20,2005.07,1
2048,Bogra,2005,9,36.6,26.2,356.0,83.0,0.8,4.7,5.5,41883,435303.7,751187.5,24.88,89.36,20,2005.09,1
2049,Bogra,2005,10,34.2,23.5,523.0,85.0,0.7,4.6,4.8,41883,435303.7,751187.5,24.88,89.36,20,2005.1,1
2069,Bogra,2007,6,38.2,25.4,732.0,84.0,1.1,5.9,4.4,41883,435303.7,751187.5,24.88,89.36,20,2007.06,1
2072,Bogra,2007,9,36.0,26.1,302.0,83.0,0.8,5.1,3.8,41883,435303.7,751187.5,24.88,89.36,20,2007.09,1
2081,Bogra,2008,6,35.6,25.8,393.0,84.0,1.2,5.9,3.5,41883,435303.7,751187.5,24.88,89.36,20,2008.06,1
2082,Bogra,2008,7,34.5,26.1,474.0,86.0,0.8,6.3,3.3,41883,435303.7,751187.5,24.88,89.36,20,2008.07,1
2083,Bogra,2008,8,36.3,26.4,374.0,85.0,0.8,6.0,4.0,41883,435303.7,751187.5,24.88,89.36,20,2008.08,1
2095,Bogra,2009,8,34.5,26.2,570.0,86.0,2.8,6.2,3.0,41883,435303.7,751187.5,24.88,89.36,20,2009.08,1
2119,Bogra,2011,8,37.0,26.3,606.0,86.0,3.0,6.3,4.3,41883,435303.7,751187.5,24.88,89.36,20,2011.08,1
2132,Bogra,2012,9,38.2,26.4,345.0,83.0,2.9,6.2,4.1,41883,435303.7,751187.5,24.88,89.36,20,2012.09,1
2145,Bogra,2013,10,35.5,23.8,200.0,83.0,2.4,4.5,4.8,41883,435303.7,751187.5,24.88,89.36,20,2013.1,1
2153,Chandpur,1964,6,35.0,25.9,355.5,84.95833333,4.3,3.6,3.637837838,41941,568556.9,571945.8,23.26,90.67,7,1964.06,1
2154,Chandpur,1964,7,33.3,25.5,423.875,86.45833333,3.9,4.5,3.416216216,41941,568556.9,571945.8,23.26,90.67,7,1964.07,1
2155,Chandpur,1964,8,33.3,25.8,335.9375,85.66666667,4.2,4.0,3.851351351,41941,568556.9,571945.8,23.26,90.67,7,1964.08,1
2165,Chandpur,1965,6,33.3,25.8,355.5,84.95833333,1.4,4.8,3.637837838,41941,568556.9,571945.8,23.26,90.67,7,1965.06,1
2166,Chandpur,1965,7,31.8,25.8,423.875,86.45833333,1.4,5.3,3.416216216,41941,568556.9,571945.8,23.26,90.67,7,1965.07,1
2167,Chandpur,1965,8,31.9,25.9,335.9375,85.66666667,1.2,5.3,3.851351351,41941,568556.9,571945.8,23.26,90.67,7,1965.08,1
2177,Chandpur,1966,6,35.6,26.1,353.0,87.0,4.1,6.3,3.637837838,41941,568556.9,571945.8,23.26,90.67,7,1966.06,1
2179,Chandpur,1966,8,33.3,25.9,317.0,89.0,3.2,6.6,3.851351351,41941,568556.9,571945.8,23.26,90.67,7,1966.08,1
2187,Chandpur,1967,4,37.3,23.2,311.0,69.0,3.9,2.4,7.1,41941,568556.9,571945.8,23.26,90.67,7,1967.04,1
2190,Chandpur,1967,7,35.6,26.0,383.0,88.0,3.1,5.4,3.416216216,41941,568556.9,571945.8,23.26,90.67,7,1967.07,1
2192,Chandpur,1967,9,33.3,25.7,321.0,89.0,1.6,4.7,4.289189189,41941,568556.9,571945.8,23.26,90.67,7,1967.09,1
2201,Chandpur,1968,6,33.3,25.5,565.0,88.0,1.4,3.1,3.637837838,41941,568556.9,571945.8,23.26,90.67,7,1968.06,1
2202,Chandpur,1968,7,33.4,26.4,501.0,87.0,1.4,3.7,3.416216216,41941,568556.9,571945.8,23.26,90.67,7,1968.07,1
2203,Chandpur,1968,8,33.9,26.6,657.0,87.0,1.1,3.9,3.851351351,41941,568556.9,571945.8,23.26,90.67,7,1968.08,1
2213,Chandpur,1969,6,34.4,26.4,484.0,89.0,0.9,3.4,3.637837838,41941,568556.9,571945.8,23.26,90.67,7,1969.06,1
2214,Chandpur,1969,7,33.9,26.2,423.0,91.0,1.0,3.8,3.416216216,41941,568556.9,571945.8,23.26,90.67,7,1969.07,1
2215,Chandpur,1969,8,33.9,25.8,367.0,90.0,1.1,4.4,3.851351351,41941,568556.9,571945.8,23.26,90.67,7,1969.08,1
2225,Chandpur,1970,6,34.4,25.9,387.0,87.0,1.6,3.7,3.637837838,41941,568556.9,571945.8,23.26,90.67,7,1970.06,1
2226,Chandpur,1970,7,34.4,25.8,433.0,89.0,1.4,3.6,3.416216216,41941,568556.9,571945.8,23.26,90.67,7,1970.07,1
2237,Chandpur,1971,6,33.3,25.8,347.0,84.0,1.4,4.8,3.637837838,41941,568556.9,571945.8,23.26,90.67,7,1971.06,1
2238,Chandpur,1971,7,31.8,25.8,426.0,86.0,1.4,5.3,3.416216216,41941,568556.9,571945.8,23.26,90.67,7,1971.07,1
2239,Chandpur,1971,8,31.9,25.9,332.0,85.0,1.2,5.3,3.851351351,41941,568556.9,571945.8,23.26,90.67,7,1971.08,1
2249,Chandpur,1972,6,33.3,25.8,347.0,84.0,1.4,4.8,3.637837838,41941,568556.9,571945.8,23.26,90.67,7,1972.06,1
2250,Chandpur,1972,7,31.8,25.8,426.0,86.0,1.4,5.3,3.416216216,41941,568556.9,571945.8,23.26,90.67,7,1972.07,1
2251,Chandpur,1972,8,31.9,25.9,332.0,85.0,1.2,5.3,3.851351351,41941,568556.9,571945.8,23.26,90.67,7,1972.08,1
2260,Chandpur,1973,5,33.3,23.9,454.0,79.0,2.6,3.2,5.840540541,41941,568556.9,571945.8,23.26,90.67,7,1973.05,1
2262,Chandpur,1973,7,34.4,25.9,489.0,86.0,2.9,3.6,3.416216216,41941,568556.9,571945.8,23.26,90.67,7,1973.07,1
2272,Chandpur,1974,5,37.2,23.8,330.0,79.0,2.6,3.7,5.840540541,41941,568556.9,571945.8,23.26,90.67,7,1974.05,1
2274,Chandpur,1974,7,32.6,24.8,579.0,90.0,1.3,4.8,3.416216216,41941,568556.9,571945.8,23.26,90.67,7,1974.07,1
2286,Chandpur,1975,7,33.3,25.0,525.0,90.0,1.6,4.6,3.416216216,41941,568556.9,571945.8,23.26,90.67,7,1975.07,1
2299,Chandpur,1976,8,33.3,26.3,332.0,85.0,1.2,5.3,3.851351351,41941,568556.9,571945.8,23.26,90.67,7,1976.08,1
2309,Chandpur,1977,6,33.3,25.8,347.0,84.0,1.4,4.8,3.6,41941,568556.9,571945.8,23.26,90.67,7,1977.06,1
2310,Chandpur,1977,7,31.8,25.8,426.0,86.0,1.4,5.3,3.1,41941,568556.9,571945.8,23.26,90.67,7,1977.07,1
2321,Chandpur,1978,6,33.3,25.8,347.0,84.0,1.4,4.8,3.6,41941,568556.9,571945.8,23.26,90.67,7,1978.06,1
2322,Chandpur,1978,7,31.8,25.8,426.0,86.0,1.4,5.3,3.1,41941,568556.9,571945.8,23.26,90.67,7,1978.07,1
2323,Chandpur,1978,8,31.9,25.9,332.0,85.0,1.2,5.3,3.7,41941,568556.9,571945.8,23.26,90.67,7,1978.08,1
2333,Chandpur,1979,6,37.0,24.6,629.0,87.0,1.3,5.7,4.4,41941,568556.9,571945.8,23.26,90.67,7,1979.06,1
2334,Chandpur,1979,7,33.2,24.3,556.0,87.0,1.3,5.9,4.9,41941,568556.9,571945.8,23.26,90.67,7,1979.07,1
2345,Chandpur,1980,6,33.5,25.8,347.0,84.0,1.4,4.8,4.1,41941,568556.9,571945.8,23.26,90.67,7,1980.06,1
2346,Chandpur,1980,7,32.3,25.8,426.0,86.0,1.4,5.3,3.3,41941,568556.9,571945.8,23.26,90.67,7,1980.07,1
2347,Chandpur,1980,8,32.3,26.0,332.0,85.0,1.2,5.3,4.3,41941,568556.9,571945.8,23.26,90.67,7,1980.08,1
2355,Chandpur,1981,4,33.6,22.0,893.0,83.0,1.1,5.0,5.8,41941,568556.9,571945.8,23.26,90.67,7,1981.04,1
2356,Chandpur,1981,5,33.5,23.9,599.0,83.0,0.7,5.6,5.5,41941,568556.9,571945.8,23.26,90.67,7,1981.05,1
2357,Chandpur,1981,6,36.0,26.0,403.0,85.0,0.9,6.0,3.1,41941,568556.9,571945.8,23.26,90.67,7,1981.06,1
2358,Chandpur,1981,7,32.4,25.7,436.0,89.0,1.2,6.7,3.0,41941,568556.9,571945.8,23.26,90.67,7,1981.07,1
2369,Chandpur,1982,6,35.6,25.4,663.0,88.0,1.0,6.3,2.1,41941,568556.9,571945.8,23.26,90.67,7,1982.06,1
2370,Chandpur,1982,7,33.7,26.2,815.0,86.0,1.2,6.2,3.6,41941,568556.9,571945.8,23.26,90.67,7,1982.07,1
2371,Chandpur,1982,8,33.4,26.0,839.0,88.0,1.4,6.4,3.0,41941,568556.9,571945.8,23.26,90.67,7,1982.08,1
2379,Chandpur,1983,4,36.0,23.0,440.0,78.0,1.1,3.0,7.2,41941,568556.9,571945.8,23.26,90.67,7,1983.04,1
2380,Chandpur,1983,5,35.6,24.2,751.0,82.0,0.5,3.7,6.6,41941,568556.9,571945.8,23.26,90.67,7,1983.05,1
2383,Chandpur,1983,8,34.4,26.1,748.0,88.0,0.7,5.7,3.7,41941,568556.9,571945.8,23.26,90.67,7,1983.08,1
2384,Chandpur,1983,9,34.1,26.3,332.0,88.0,0.4,4.7,4.4,41941,568556.9,571945.8,23.26,90.67,7,1983.09,1
2385,Chandpur,1983,10,34.0,24.4,401.0,84.0,0.1,3.6,5.2,41941,568556.9,571945.8,23.26,90.67,7,1983.1,1
2392,Chandpur,1984,5,36.5,22.5,620.0,82.0,1.5,4.5,4.7,41941,568556.9,571945.8,23.26,90.67,7,1984.05,1
2393,Chandpur,1984,6,36.2,23.8,1151.0,88.0,1.1,6.0,2.8,41941,568556.9,571945.8,23.26,90.67,7,1984.06,1
2394,Chandpur,1984,7,33.1,23.5,615.0,87.0,1.0,5.9,3.1,41941,568556.9,571945.8,23.26,90.67,7,1984.07,1
2395,Chandpur,1984,8,33.5,23.6,724.0,88.0,0.6,6.3,3.7,41941,568556.9,571945.8,23.26,90.67,7,1984.08,1
2396,Chandpur,1984,9,33.7,22.8,349.0,86.0,0.3,3.9,4.3,41941,568556.9,571945.8,23.26,90.67,7,1984.09,1
2402,Chandpur,1985,3,35.1,22.1,371.0,77.0,1.3,1.9,6.9,41941,568556.9,571945.8,23.26,90.67,7,1985.03,1
2404,Chandpur,1985,5,34.5,23.3,515.0,82.0,1.0,3.1,5.6,41941,568556.9,571945.8,23.26,90.67,7,1985.05,1
2406,Chandpur,1985,7,33.0,24.9,341.0,89.0,1.1,5.4,3.1,41941,568556.9,571945.8,23.26,90.67,7,1985.07,1
2407,Chandpur,1985,8,33.5,25.2,437.0,87.0,0.8,4.9,3.7,41941,568556.9,571945.8,23.26,90.67,7,1985.08,1
2408,Chandpur,1985,9,34.0,25.0,536.0,88.0,0.4,4.6,4.3,41941,568556.9,571945.8,23.26,90.67,7,1985.09,1
2418,Chandpur,1986,7,33.8,25.9,399.0,86.0,0.9,5.3,3.1,41941,568556.9,571945.8,23.26,90.67,7,1986.07,1
2420,Chandpur,1986,9,33.6,25.1,478.0,87.0,0.6,5.1,3.3,41941,568556.9,571945.8,23.26,90.67,7,1986.09,1
2430,Chandpur,1987,7,33.5,25.8,750.0,87.0,1.1,6.2,3.1,41941,568556.9,571945.8,23.26,90.67,7,1987.07,1
2431,Chandpur,1987,8,33.5,26.2,559.0,85.0,1.0,5.2,4.0,41941,568556.9,571945.8,23.26,90.67,7,1987.08,1
2441,Chandpur,1988,6,34.9,26.0,355.0,84.0,1.1,5.1,3.8,41941,568556.9,571945.8,23.26,90.67,7,1988.06,1
2442,Chandpur,1988,7,33.8,26.2,340.0,85.0,1.1,5.4,3.4,41941,568556.9,571945.8,23.26,90.67,7,1988.07,1
2453,Chandpur,1989,6,35.2,25.5,364.0,83.0,1.1,4.7,3.6,41941,568556.9,571945.8,23.26,90.67,7,1989.06,1
2465,Chandpur,1990,6,34.6,26.1,311.0,84.0,0.9,5.3,3.2,41941,568556.9,571945.8,23.26,90.67,7,1990.06,1
2466,Chandpur,1990,7,33.5,25.7,421.0,86.0,0.8,5.9,2.6,41941,568556.9,571945.8,23.26,90.67,7,1990.07,1
2476,Chandpur,1991,5,33.5,24.0,376.0,84.0,1.6,5.2,4.0,41941,568556.9,571945.8,23.26,90.67,7,1991.05,1
2477,Chandpur,1991,6,33.8,25.9,419.0,86.0,0.9,5.5,2.3,41941,568556.9,571945.8,23.26,90.67,7,1991.06,1
2480,Chandpur,1991,9,33.6,25.7,387.0,87.0,0.4,5.1,2.9,41941,568556.9,571945.8,23.26,90.67,7,1991.09,1
2490,Chandpur,1992,7,34.5,25.8,338.0,86.0,1.4,6.0,2.9,41941,568556.9,571945.8,23.26,90.67,7,1992.07,1
2491,Chandpur,1992,8,34.1,25.8,335.0,85.0,1.0,5.7,3.3,41941,568556.9,571945.8,23.26,90.67,7,1992.08,1
2500,Chandpur,1993,5,34.8,23.9,317.0,81.0,1.3,4.6,5.6,41941,568556.9,571945.8,23.26,90.67,7,1993.05,1
2502,Chandpur,1993,7,33.8,25.9,414.0,85.0,1.2,5.6,2.4,41941,568556.9,571945.8,23.26,90.67,7,1993.07,1
2503,Chandpur,1993,8,33.1,26.2,448.0,85.0,1.1,5.9,2.9,41941,568556.9,571945.8,23.26,90.67,7,1993.08,1
2511,Chandpur,1994,4,36.5,23.4,310.0,75.0,0.4,2.8,7.2,41941,568556.9,571945.8,23.26,90.67,7,1994.04,1
2515,Chandpur,1994,8,33.5,25.8,383.0,83.0,1.0,5.5,3.7,41941,568556.9,571945.8,23.26,90.67,7,1994.08,1
2525,Chandpur,1995,6,34.7,26.1,358.0,83.0,0.8,5.2,3.5,41941,568556.9,571945.8,23.26,90.67,7,1995.06,1
2526,Chandpur,1995,7,33.1,25.7,403.0,84.0,1.0,6.2,3.5,41941,568556.9,571945.8,23.26,90.67,7,1995.07,1
2527,Chandpur,1995,8,34.6,26.1,484.0,83.0,0.8,5.6,4.1,41941,568556.9,571945.8,23.26,90.67,7,1995.08,1
2537,Chandpur,1996,6,34.8,25.5,314.0,83.0,1.0,3.3,4.5,41941,568556.9,571945.8,23.26,90.67,7,1996.06,1
2550,Chandpur,1997,7,34.1,25.9,492.0,87.0,1.1,6.1,2.6,41941,568556.9,571945.8,23.26,90.67,7,1997.07,1
2551,Chandpur,1997,8,36.8,26.6,338.0,84.0,1.1,5.8,3.8,41941,568556.9,571945.8,23.26,90.67,7,1997.08,1
2552,Chandpur,1997,9,33.5,25.5,421.0,86.0,0.9,5.6,3.3,41941,568556.9,571945.8,23.26,90.67,7,1997.09,1
2562,Chandpur,1998,7,33.5,26.1,622.0,87.0,0.9,6.5,1.8,41941,568556.9,571945.8,23.26,90.67,7,1998.07,1
2563,Chandpur,1998,8,33.7,26.6,336.0,86.0,0.8,6.2,2.8,41941,568556.9,571945.8,23.26,90.67,7,1998.08,1
2574,Chandpur,1999,7,33.9,25.7,947.0,88.0,0.6,6.2,3.1,41941,568556.9,571945.8,23.26,90.67,7,1999.07,1
2576,Chandpur,1999,9,33.0,25.1,394.0,87.0,0.4,5.4,3.4,41941,568556.9,571945.8,23.26,90.67,7,1999.09,1
2584,Chandpur,2000,5,36.1,24.4,470.0,81.0,0.7,4.7,4.8,41941,568556.9,571945.8,23.26,90.67,7,2000.05,1
2596,Chandpur,2001,5,34.6,24.2,448.0,81.0,0.4,4.2,4.1,41941,568556.9,571945.8,23.26,90.67,7,2001.05,1
2597,Chandpur,2001,6,33.6,25.5,541.0,86.0,0.6,5.8,3.2,41941,568556.9,571945.8,23.26,90.67,7,2001.06,1
2598,Chandpur,2001,7,34.0,25.8,387.0,84.0,0.7,6.1,3.5,41941,568556.9,571945.8,23.26,90.67,7,2001.07,1
2608,Chandpur,2002,5,35.7,24.5,376.0,80.0,1.0,4.7,5.5,41941,568556.9,571945.8,23.26,90.67,7,2002.05,1
2609,Chandpur,2002,6,34.7,25.7,549.0,85.0,0.9,6.1,3.1,41941,568556.9,571945.8,23.26,90.67,7,2002.06,1
2610,Chandpur,2002,7,34.2,26.0,477.0,86.0,0.7,6.8,1.6,41941,568556.9,571945.8,23.26,90.67,7,2002.07,1
2611,Chandpur,2002,8,34.0,25.9,409.0,85.0,0.7,5.7,3.9,41941,568556.9,571945.8,23.26,90.67,7,2002.08,1
2621,Chandpur,2003,6,35.6,25.9,533.0,88.0,0.6,6.0,2.1,41941,568556.9,571945.8,23.26,90.67,7,2003.06,1
2623,Chandpur,2003,8,34.7,26.3,279.0,83.0,0.5,5.4,5.2,41941,568556.9,571945.8,23.26,90.67,7,2003.08,1
2633,Chandpur,2004,6,35.2,25.3,374.0,88.0,0.3,5.4,2.4,41941,568556.9,571945.8,23.26,90.67,7,2004.06,1
2635,Chandpur,2004,8,34.0,26.0,334.0,87.0,0.6,6.0,3.9,41941,568556.9,571945.8,23.26,90.67,7,2004.08,1
2636,Chandpur,2004,9,33.5,25.7,845.0,89.0,0.4,6.0,4.3,41941,568556.9,571945.8,23.26,90.67,7,2004.09,1
2646,Chandpur,2005,7,33.7,26.0,344.0,88.0,0.6,6.2,4.1,41941,568556.9,571945.8,23.26,90.67,7,2005.07,1
2647,Chandpur,2005,8,33.6,26.4,318.0,89.0,0.4,6.6,3.4,41941,568556.9,571945.8,23.26,90.67,7,2005.08,1
2649,Chandpur,2005,10,34.2,25.0,360.0,86.0,0.1,5.1,6.3,41941,568556.9,571945.8,23.26,90.67,7,2005.1,1
2657,Chandpur,2006,6,35.7,26.4,336.0,87.0,0.6,6.4,4.3,41941,568556.9,571945.8,23.26,90.67,7,2006.06,1
2658,Chandpur,2006,7,35.2,26.3,348.0,87.0,0.8,6.2,4.8,41941,568556.9,571945.8,23.26,90.67,7,2006.07,1
2660,Chandpur,2006,9,34.2,25.8,410.0,86.0,0.8,5.6,5.4,41941,568556.9,571945.8,23.26,90.67,7,2006.09,1
2669,Chandpur,2007,6,35.7,25.7,399.0,87.0,0.8,6.5,4.5,41941,568556.9,571945.8,23.26,90.67,7,2007.06,1
2670,Chandpur,2007,7,34.8,26.0,782.0,89.0,0.6,6.9,3.3,41941,568556.9,571945.8,23.26,90.67,7,2007.07,1
2682,Chandpur,2008,7,34.9,25.9,649.0,89.0,0.5,7.1,2.9,41941,568556.9,571945.8,23.26,90.67,7,2008.07,1
2683,Chandpur,2008,8,34.7,26.1,320.0,87.0,0.4,6.5,3.6,41941,568556.9,571945.8,23.26,90.67,7,2008.08,1
2685,Chandpur,2008,10,34.7,23.8,333.0,84.0,0.4,3.6,5.1,41941,568556.9,571945.8,23.26,90.67,7,2008.1,1
2694,Chandpur,2009,7,35.2,25.9,431.0,87.0,2.4,6.5,4.1,41941,568556.9,571945.8,23.26,90.67,7,2009.07,1
2695,Chandpur,2009,8,35.3,26.2,312.0,87.0,2.2,6.7,3.6,41941,568556.9,571945.8,23.26,90.67,7,2009.08,1
2705,Chandpur,2010,6,39.7,26.3,541.0,87.0,2.6,6.4,2.6,41941,568556.9,571945.8,23.26,90.67,7,2010.06,1
2709,Chandpur,2010,10,35.7,25.3,303.0,82.0,2.4,4.8,6.5,41941,568556.9,571945.8,23.26,90.67,7,2010.1,1
2716,Chandpur,2011,5,36.0,24.4,424.0,82.0,2.2,6.3,6.4,41941,568556.9,571945.8,23.26,90.67,7,2011.05,1
2717,Chandpur,2011,6,35.5,26.0,410.0,87.0,2.3,6.5,3.1,41941,568556.9,571945.8,23.26,90.67,7,2011.06,1
2719,Chandpur,2011,8,35.2,26.0,403.0,87.0,2.1,6.5,3.3,41941,568556.9,571945.8,23.26,90.67,7,2011.08,1
2731,Chandpur,2012,8,34.6,26.2,452.0,85.0,2.4,6.3,4.6,41941,568556.9,571945.8,23.26,90.67,7,2012.08,1
2740,Chandpur,2013,5,35.7,24.4,670.0,86.0,3.0,6.6,3.3,41941,568556.9,571945.8,23.26,90.67,7,2013.05,1
2741,Chandpur,2013,6,36.4,26.3,497.0,83.0,2.3,5.1,5.4,41941,568556.9,571945.8,23.26,90.67,7,2013.06,1
2743,Chandpur,2013,8,35.2,26.2,331.0,86.0,2.4,6.3,2.6,41941,568556.9,571945.8,23.26,90.67,7,2013.08,1
2744,Chandpur,2013,9,35.6,26.1,502.0,86.0,2.1,6.4,3.3,41941,568556.9,571945.8,23.26,90.67,7,2013.09,1
2745,Chandpur,2013,10,35.0,24.5,167.0,85.0,1.9,5.1,4.0,41941,568556.9,571945.8,23.26,90.67,7,2013.1,1
2753,Chittagong (City-Ambagan),2009,6,34.83333333,25.8,742.0,85.66666667,3.666666667,5.5,6.411130628,41977,0.0,0.0,22.35,91.8166,0,2009.06,1
2754,Chittagong (City-Ambagan),2009,7,34.3,25.63333333,555.3333333,85.66666667,3.633333333,6.4,6.411130628,41977,0.0,0.0,22.35,91.8166,0,2009.07,1
2755,Chittagong (City-Ambagan),2009,8,33.93333333,25.26666667,430.3333333,86.0,3.566666667,6.3,6.411130628,41977,0.0,0.0,22.35,91.8166,0,2009.08,1
2756,Chittagong (City-Ambagan),2009,9,34.86666667,25.53333333,422.0,85.0,3.233333333,5.7,6.411130628,41977,0.0,0.0,22.35,91.8166,0,2009.09,1
2765,Chittagong (City-Ambagan),2011,6,34.2,25.8,454.0,86.0,3.6,6.3,6.411130628,41977,0.0,0.0,22.35,91.8166,0,2011.06,1
2766,Chittagong (City-Ambagan),2011,7,33.9,25.6,613.0,85.0,4.0,5.9,6.411130628,41977,0.0,0.0,22.35,91.8166,0,2011.07,1
2767,Chittagong (City-Ambagan),2011,8,34.5,25.3,748.0,88.0,4.0,6.7,6.411130628,41977,0.0,0.0,22.35,91.8166,0,2011.08,1
2768,Chittagong (City-Ambagan),2011,9,34.5,25.4,740.0,87.0,3.5,5.7,6.411130628,41977,0.0,0.0,22.35,91.8166,0,2011.09,1
2777,Chittagong (City-Ambagan),2012,6,35.0,25.6,1268.0,87.0,3.9,6.4,6.411130628,41977,0.0,0.0,22.35,91.8166,0,2012.06,1
2778,Chittagong (City-Ambagan),2012,7,34.5,25.5,662.0,89.0,3.3,6.8,6.411130628,41977,0.0,0.0,22.35,91.8166,0,2012.07,1
2781,Chittagong (City-Ambagan),2012,10,34.3,23.8,442.0,85.0,3.2,3.1,6.411130628,41977,0.0,0.0,22.35,91.8166,0,2012.1,1
2788,Chittagong (City-Ambagan),2013,5,34.0,24.6,469.0,83.0,3.9,6.0,6.411130628,41977,0.0,0.0,22.35,91.8166,0,2013.05,1
2789,Chittagong (City-Ambagan),2013,6,35.3,26.0,504.0,84.0,3.5,5.7,6.411130628,41977,0.0,0.0,22.35,91.8166,0,2013.06,1
2790,Chittagong (City-Ambagan),2013,7,34.5,25.8,391.0,83.0,3.6,6.2,6.411130628,41977,0.0,0.0,22.35,91.8166,0,2013.07,1
2793,Chittagong (City-Ambagan),2013,10,35.6,24.0,403.0,86.0,2.4,5.1,6.411130628,41977,0.0,0.0,22.35,91.8166,0,2013.1,1
2801,Chittagong (IAP-Patenga),1949,6,33.3,25.5,624.0,87.0,4.477777778,6.2,4.254716981,41978,684570.9,471415.0,22.34,91.79,6,1949.06,1
2802,Chittagong (IAP-Patenga),1949,7,32.3,24.6,870.0,89.0,4.577777778,6.4,4.28490566,41978,684570.9,471415.0,22.34,91.79,6,1949.07,1
2803,Chittagong (IAP-Patenga),1949,8,32.6,25.1,504.0,87.0,4.088888889,2.0,4.886792453,41978,684570.9,471415.0,22.34,91.79,6,1949.08,1
2804,Chittagong (IAP-Patenga),1949,9,32.9,25.0,577.0,86.0,2.955555556,6.1,5.824528302,41978,684570.9,471415.0,22.34,91.79,6,1949.09,1
2813,Chittagong (IAP-Patenga),1950,6,33.9,25.4,1676.0,84.0,4.477777778,6.4,4.254716981,41978,684570.9,471415.0,22.34,91.79,6,1950.06,1
2814,Chittagong (IAP-Patenga),1950,7,32.7,24.7,997.0,85.0,4.577777778,6.7,4.28490566,41978,684570.9,471415.0,22.34,91.79,6,1950.07,1
2815,Chittagong (IAP-Patenga),1950,8,32.2,24.8,669.0,88.0,4.088888889,6.9,4.886792453,41978,684570.9,471415.0,22.34,91.79,6,1950.08,1
2825,Chittagong (IAP-Patenga),1951,6,33.5,25.1,458.0,87.0,4.477777778,6.4,4.254716981,41978,684570.9,471415.0,22.34,91.79,6,1951.06,1
2826,Chittagong (IAP-Patenga),1951,7,35.0,24.8,670.0,86.0,4.577777778,6.1,4.28490566,41978,684570.9,471415.0,22.34,91.79,6,1951.07,1
2827,Chittagong (IAP-Patenga),1951,8,33.4,25.3,747.0,86.0,4.088888889,5.5,4.886792453,41978,684570.9,471415.0,22.34,91.79,6,1951.08,1
2829,Chittagong (IAP-Patenga),1951,10,33.1,24.4,488.0,83.0,1.764814815,4.2,7.056603774,41978,684570.9,471415.0,22.34,91.79,6,1951.1,1
2837,Chittagong (IAP-Patenga),1952,6,33.6,25.4,687.0,84.0,4.477777778,5.8,4.254716981,41978,684570.9,471415.0,22.34,91.79,6,1952.06,1
2838,Chittagong (IAP-Patenga),1952,7,33.7,25.1,491.0,86.0,4.577777778,6.2,4.28490566,41978,684570.9,471415.0,22.34,91.79,6,1952.07,1
2839,Chittagong (IAP-Patenga),1952,8,32.8,25.0,401.0,86.0,4.088888889,6.3,4.886792453,41978,684570.9,471415.0,22.34,91.79,6,1952.08,1
2841,Chittagong (IAP-Patenga),1952,10,33.9,24.4,307.0,86.0,1.764814815,4.4,7.056603774,41978,684570.9,471415.0,22.34,91.79,6,1952.1,1
2848,Chittagong (IAP-Patenga),1953,5,35.3,24.6,508.0,80.0,3.762962963,4.8,7.128301887,41978,684570.9,471415.0,22.34,91.79,6,1953.05,1
2849,Chittagong (IAP-Patenga),1953,6,33.4,25.1,527.0,83.0,4.477777778,5.9,4.254716981,41978,684570.9,471415.0,22.34,91.79,6,1953.06,1
2850,Chittagong (IAP-Patenga),1953,7,35.2,24.9,764.0,89.0,4.577777778,6.4,4.28490566,41978,684570.9,471415.0,22.34,91.79,6,1953.07,1
2851,Chittagong (IAP-Patenga),1953,8,33.2,24.6,529.0,86.0,4.088888889,6.1,4.886792453,41978,684570.9,471415.0,22.34,91.79,6,1953.08,1
2852,Chittagong (IAP-Patenga),1953,9,33.6,25.0,622.0,87.0,2.955555556,5.8,5.824528302,41978,684570.9,471415.0,22.34,91.79,6,1953.09,1
2861,Chittagong (IAP-Patenga),1954,6,32.9,24.8,1270.0,92.0,4.477777778,6.5,4.254716981,41978,684570.9,471415.0,22.34,91.79,6,1954.06,1
2862,Chittagong (IAP-Patenga),1954,7,33.3,25.2,488.0,87.0,4.577777778,5.9,4.28490566,41978,684570.9,471415.0,22.34,91.79,6,1954.07,1
2863,Chittagong (IAP-Patenga),1954,8,32.8,25.3,1120.0,90.0,4.088888889,6.9,4.886792453,41978,684570.9,471415.0,22.34,91.79,6,1954.08,1
2865,Chittagong (IAP-Patenga),1954,10,32.5,23.2,306.0,87.0,1.764814815,4.1,7.056603774,41978,684570.9,471415.0,22.34,91.79,6,1954.1,1
2873,Chittagong (IAP-Patenga),1955,6,33.3,25.3,482.0,88.0,4.477777778,5.5,4.254716981,41978,684570.9,471415.0,22.34,91.79,6,1955.06,1
2874,Chittagong (IAP-Patenga),1955,7,31.3,24.4,898.0,92.0,4.577777778,6.9,4.28490566,41978,684570.9,471415.0,22.34,91.79,6,1955.07,1
2875,Chittagong (IAP-Patenga),1955,8,33.1,24.6,410.0,89.0,4.088888889,6.3,4.886792453,41978,684570.9,471415.0,22.34,91.79,6,1955.08,1
2884,Chittagong (IAP-Patenga),1956,5,33.1,25.0,505.0,89.0,3.762962963,5.9,7.128301887,41978,684570.9,471415.0,22.34,91.79,6,1956.05,1
2885,Chittagong (IAP-Patenga),1956,6,32.4,24.8,688.0,88.0,4.477777778,6.4,4.254716981,41978,684570.9,471415.0,22.34,91.79,6,1956.06,1
2887,Chittagong (IAP-Patenga),1956,8,32.8,25.1,728.0,87.0,4.088888889,6.4,4.886792453,41978,684570.9,471415.0,22.34,91.79,6,1956.08,1
2888,Chittagong (IAP-Patenga),1956,9,32.6,24.7,513.0,87.0,2.955555556,6.3,5.824528302,41978,684570.9,471415.0,22.34,91.79,6,1956.09,1
2898,Chittagong (IAP-Patenga),1957,7,33.6,25.4,560.0,87.0,4.577777778,6.2,4.28490566,41978,684570.9,471415.0,22.34,91.79,6,1957.07,1
2911,Chittagong (IAP-Patenga),1958,8,33.7,25.0,455.0,85.0,4.088888889,6.3,4.886792453,41978,684570.9,471415.0,22.34,91.79,6,1958.08,1
2912,Chittagong (IAP-Patenga),1958,9,33.3,25.0,503.0,85.0,2.955555556,6.2,5.824528302,41978,684570.9,471415.0,22.34,91.79,6,1958.09,1
2921,Chittagong (IAP-Patenga),1959,6,35.1,25.4,519.0,86.0,4.477777778,6.3,4.254716981,41978,684570.9,471415.0,22.34,91.79,6,1959.06,1
2922,Chittagong (IAP-Patenga),1959,7,33.6,25.5,553.0,87.0,4.577777778,6.5,4.28490566,41978,684570.9,471415.0,22.34,91.79,6,1959.07,1
2923,Chittagong (IAP-Patenga),1959,8,31.9,24.9,696.0,89.0,4.088888889,6.6,4.886792453,41978,684570.9,471415.0,22.34,91.79,6,1959.08,1
2933,Chittagong (IAP-Patenga),1960,6,35.0,25.7,434.0,85.0,2.8,5.5,4.254716981,41978,684570.9,471415.0,22.34,91.79,6,1960.06,1
2934,Chittagong (IAP-Patenga),1960,7,33.8,25.1,811.0,91.0,3.7,6.9,4.28490566,41978,684570.9,471415.0,22.34,91.79,6,1960.07,1
2945,Chittagong (IAP-Patenga),1961,6,34.4,25.1,948.0,88.0,3.7,6.8,4.5,41978,684570.9,471415.0,22.34,91.79,6,1961.06,1
2946,Chittagong (IAP-Patenga),1961,7,33.3,25.1,1171.0,91.0,5.0,7.2,4.5,41978,684570.9,471415.0,22.34,91.79,6,1961.07,1
2947,Chittagong (IAP-Patenga),1961,8,34.0,25.3,900.0,89.0,4.6,7.1,6.7,41978,684570.9,471415.0,22.34,91.79,6,1961.08,1
2957,Chittagong (IAP-Patenga),1962,6,33.6,25.2,714.0,88.0,4.3,6.8,3.9,41978,684570.9,471415.0,22.34,91.79,6,1962.06,1
2958,Chittagong (IAP-Patenga),1962,7,34.1,25.7,511.0,88.0,4.1,6.3,7.0,41978,684570.9,471415.0,22.34,91.79,6,1962.07,1
2969,Chittagong (IAP-Patenga),1963,6,33.7,25.3,748.0,84.0,4.8,6.9,4.0,41978,684570.9,471415.0,22.34,91.79,6,1963.06,1
2970,Chittagong (IAP-Patenga),1963,7,32.2,25.2,970.0,86.0,4.9,7.2,3.1,41978,684570.9,471415.0,22.34,91.79,6,1963.07,1
2981,Chittagong (IAP-Patenga),1964,6,33.4,25.1,419.0,86.0,4.7,6.3,5.4,41978,684570.9,471415.0,22.34,91.79,6,1964.06,1
2982,Chittagong (IAP-Patenga),1964,7,31.8,24.4,1077.0,89.0,4.5,6.8,3.7,41978,684570.9,471415.0,22.34,91.79,6,1964.07,1
2983,Chittagong (IAP-Patenga),1964,8,33.4,25.1,623.0,87.0,4.1,6.5,5.1,41978,684570.9,471415.0,22.34,91.79,6,1964.08,1
2993,Chittagong (IAP-Patenga),1965,6,34.3,25.0,614.0,88.0,5.3,6.4,3.2,41978,684570.9,471415.0,22.34,91.79,6,1965.06,1
2994,Chittagong (IAP-Patenga),1965,7,33.4,24.8,971.0,87.0,4.7,6.3,5.3,41978,684570.9,471415.0,22.34,91.79,6,1965.07,1
2995,Chittagong (IAP-Patenga),1965,8,33.4,24.7,625.0,90.0,3.6,6.6,3.2,41978,684570.9,471415.0,22.34,91.79,6,1965.08,1
3005,Chittagong (IAP-Patenga),1966,6,34.3,25.2,531.0,90.0,6.4,7.2,2.4,41978,684570.9,471415.0,22.34,91.79,6,1966.06,1
3007,Chittagong (IAP-Patenga),1966,8,32.3,24.9,606.0,89.0,4.8,7.0,3.6,41978,684570.9,471415.0,22.34,91.79,6,1966.08,1
3008,Chittagong (IAP-Patenga),1966,9,33.4,25.2,403.0,84.0,3.0,6.2,5.3,41978,684570.9,471415.0,22.34,91.79,6,1966.09,1
3019,Chittagong (IAP-Patenga),1967,8,33.1,25.1,554.0,86.0,5.0,6.6,5.3,41978,684570.9,471415.0,22.34,91.79,6,1967.08,1
3020,Chittagong (IAP-Patenga),1967,9,32.4,25.0,339.0,86.0,4.3,6.3,5.1,41978,684570.9,471415.0,22.34,91.79,6,1967.09,1
3029,Chittagong (IAP-Patenga),1968,6,32.3,24.6,585.0,84.0,5.5,6.5,3.6,41978,684570.9,471415.0,22.34,91.79,6,1968.06,1
3030,Chittagong (IAP-Patenga),1968,7,33.4,25.1,895.0,86.0,5.0,6.3,6.0,41978,684570.9,471415.0,22.34,91.79,6,1968.07,1
3031,Chittagong (IAP-Patenga),1968,8,33.4,24.6,363.0,86.0,4.3,6.8,4.9,41978,684570.9,471415.0,22.34,91.79,6,1968.08,1
3041,Chittagong (IAP-Patenga),1969,6,34.0,24.7,677.0,87.0,4.7,6.7,4.7,41978,684570.9,471415.0,22.34,91.79,6,1969.06,1
3042,Chittagong (IAP-Patenga),1969,7,33.3,25.0,684.0,87.0,4.8,6.5,5.0,41978,684570.9,471415.0,22.34,91.79,6,1969.07,1
3043,Chittagong (IAP-Patenga),1969,8,33.2,24.5,715.0,89.0,4.0,6.5,4.6,41978,684570.9,471415.0,22.34,91.79,6,1969.08,1
3054,Chittagong (IAP-Patenga),1970,7,33.7,24.9,1041.0,89.0,4.3,6.8,3.9,41978,684570.9,471415.0,22.34,91.79,6,1970.07,1
3055,Chittagong (IAP-Patenga),1970,8,33.3,25.0,405.0,87.0,3.2,6.6,6.0,41978,684570.9,471415.0,22.34,91.79,6,1970.08,1
3057,Chittagong (IAP-Patenga),1970,10,33.7,23.8,380.0,86.0,1.6,4.6,6.3,41978,684570.9,471415.0,22.34,91.79,6,1970.1,1
3065,Chittagong (IAP-Patenga),1971,6,33.4,24.9,853.0,84.0,4.2,6.9,4.2,41978,684570.9,471415.0,22.34,91.79,6,1971.06,1
3066,Chittagong (IAP-Patenga),1971,7,31.9,24.4,949.0,86.0,4.2,7.1,4.2,41978,684570.9,471415.0,22.34,91.79,6,1971.07,1
3067,Chittagong (IAP-Patenga),1971,8,32.3,24.2,707.0,86.0,3.8,6.8,4.8,41978,684570.9,471415.0,22.34,91.79,6,1971.08,1
3077,Chittagong (IAP-Patenga),1972,6,34.3,25.5,457.0,84.0,4.1,6.6,4.2,41978,684570.9,471415.0,22.34,91.79,6,1972.06,1
3078,Chittagong (IAP-Patenga),1972,7,37.8,25.7,372.0,86.0,5.1,7.1,4.2,41978,684570.9,471415.0,22.34,91.79,6,1972.07,1
3079,Chittagong (IAP-Patenga),1972,8,32.4,24.5,565.0,86.0,4.5,7.6,4.8,41978,684570.9,471415.0,22.34,91.79,6,1972.08,1
3088,Chittagong (IAP-Patenga),1973,5,33.2,23.8,457.0,82.0,3.5,5.1,7.9,41978,684570.9,471415.0,22.34,91.79,6,1973.05,1
3089,Chittagong (IAP-Patenga),1973,6,33.6,25.6,407.0,87.0,3.6,5.9,4.9,41978,684570.9,471415.0,22.34,91.79,6,1973.06,1
3090,Chittagong (IAP-Patenga),1973,7,33.7,25.4,407.0,87.0,5.2,6.4,5.1,41978,684570.9,471415.0,22.34,91.79,6,1973.07,1
3092,Chittagong (IAP-Patenga),1973,9,33.1,24.9,551.0,87.0,3.0,6.4,6.1,41978,684570.9,471415.0,22.34,91.79,6,1973.09,1
3101,Chittagong (IAP-Patenga),1974,6,33.4,24.4,958.0,86.0,5.2,6.4,4.9,41978,684570.9,471415.0,22.34,91.79,6,1974.06,1
3102,Chittagong (IAP-Patenga),1974,7,31.7,24.3,943.0,92.0,6.0,7.1,2.7,41978,684570.9,471415.0,22.34,91.79,6,1974.07,1
3103,Chittagong (IAP-Patenga),1974,8,32.9,25.0,534.0,89.0,5.4,6.6,4.8,41978,684570.9,471415.0,22.34,91.79,6,1974.08,1
3104,Chittagong (IAP-Patenga),1974,9,34.1,24.7,347.0,85.0,3.0,5.3,6.5,41978,684570.9,471415.0,22.34,91.79,6,1974.09,1
3113,Chittagong (IAP-Patenga),1975,6,34.7,25.4,389.0,83.0,4.9,5.6,4.2,41978,684570.9,471415.0,22.34,91.79,6,1975.06,1
3114,Chittagong (IAP-Patenga),1975,7,33.0,24.4,906.0,89.0,5.9,6.4,4.2,41978,684570.9,471415.0,22.34,91.79,6,1975.07,1
3125,Chittagong (IAP-Patenga),1976,6,34.0,23.5,1041.0,87.0,5.6,6.0,4.2,41978,684570.9,471415.0,22.34,91.79,6,1976.06,1
3126,Chittagong (IAP-Patenga),1976,7,31.5,25.1,693.0,87.0,4.9,6.5,4.2,41978,684570.9,471415.0,22.34,91.79,6,1976.07,1
3135,Chittagong (IAP-Patenga),1977,4,33.3,21.7,418.0,84.0,3.1,5.4,8.7,41978,684570.9,471415.0,22.34,91.79,6,1977.04,1
3137,Chittagong (IAP-Patenga),1977,6,32.8,24.3,430.0,87.0,2.2,5.7,3.2,41978,684570.9,471415.0,22.34,91.79,6,1977.06,1
3138,Chittagong (IAP-Patenga),1977,7,32.8,25.1,715.0,89.0,2.5,6.5,3.3,41978,684570.9,471415.0,22.34,91.79,6,1977.07,1
3149,Chittagong (IAP-Patenga),1978,6,33.9,23.7,811.0,86.0,5.3,6.8,4.2,41978,684570.9,471415.0,22.34,91.79,6,1978.06,1
3151,Chittagong (IAP-Patenga),1978,8,33.9,25.2,425.0,85.0,5.7,6.7,4.8,41978,684570.9,471415.0,22.34,91.79,6,1978.08,1
3152,Chittagong (IAP-Patenga),1978,9,33.2,24.6,381.0,86.0,3.5,6.3,5.9,41978,684570.9,471415.0,22.34,91.79,6,1978.09,1
3161,Chittagong (IAP-Patenga),1979,6,35.6,25.7,653.0,83.0,5.7,6.0,4.5,41978,684570.9,471415.0,22.34,91.79,6,1979.06,1
3162,Chittagong (IAP-Patenga),1979,7,33.9,25.3,446.0,84.0,5.4,6.0,5.2,41978,684570.9,471415.0,22.34,91.79,6,1979.07,1
3163,Chittagong (IAP-Patenga),1979,8,35.0,24.2,920.0,86.0,5.5,6.6,4.3,41978,684570.9,471415.0,22.34,91.79,6,1979.08,1
3164,Chittagong (IAP-Patenga),1979,9,33.5,24.7,425.0,85.0,3.4,5.6,5.4,41978,684570.9,471415.0,22.34,91.79,6,1979.09,1
3172,Chittagong (IAP-Patenga),1980,5,33.6,23.6,456.0,80.0,4.6,4.0,7.3,41978,684570.9,471415.0,22.34,91.79,6,1980.05,1
3173,Chittagong (IAP-Patenga),1980,6,33.0,24.9,417.0,82.0,6.1,6.4,3.6,41978,684570.9,471415.0,22.34,91.79,6,1980.06,1
3174,Chittagong (IAP-Patenga),1980,7,32.5,25.1,627.0,85.0,6.3,6.3,4.3,41978,684570.9,471415.0,22.34,91.79,6,1980.07,1
3175,Chittagong (IAP-Patenga),1980,8,33.0,24.6,702.0,85.0,5.7,6.0,4.8,41978,684570.9,471415.0,22.34,91.79,6,1980.08,1
3185,Chittagong (IAP-Patenga),1981,6,33.4,24.6,362.0,84.0,5.1,6.3,5.0,41978,684570.9,471415.0,22.34,91.79,6,1981.06,1
3186,Chittagong (IAP-Patenga),1981,7,33.0,24.7,821.0,88.0,6.0,6.7,3.2,41978,684570.9,471415.0,22.34,91.79,6,1981.07,1
3197,Chittagong (IAP-Patenga),1982,6,36.0,24.6,746.0,86.0,4.9,6.4,1.9,41978,684570.9,471415.0,22.34,91.79,6,1982.06,1
3198,Chittagong (IAP-Patenga),1982,7,33.2,25.4,472.0,85.0,5.0,5.9,4.0,41978,684570.9,471415.0,22.34,91.79,6,1982.07,1
3199,Chittagong (IAP-Patenga),1982,8,34.0,25.0,883.0,88.0,5.3,6.2,4.1,41978,684570.9,471415.0,22.34,91.79,6,1982.08,1
3200,Chittagong (IAP-Patenga),1982,9,34.0,25.3,387.0,82.0,3.1,5.3,6.0,41978,684570.9,471415.0,22.34,91.79,6,1982.09,1
3209,Chittagong (IAP-Patenga),1983,6,35.0,25.0,621.0,81.0,5.2,6.1,4.2,41978,684570.9,471415.0,22.34,91.79,6,1983.06,1
3210,Chittagong (IAP-Patenga),1983,7,34.0,25.1,618.0,83.0,4.2,6.4,4.4,41978,684570.9,471415.0,22.34,91.79,6,1983.07,1
3211,Chittagong (IAP-Patenga),1983,8,33.0,24.8,1057.0,84.0,4.7,6.5,3.3,41978,684570.9,471415.0,22.34,91.79,6,1983.08,1
3213,Chittagong (IAP-Patenga),1983,10,34.5,23.4,390.0,83.0,2.2,4.1,7.0,41978,684570.9,471415.0,22.34,91.79,6,1983.1,1
3220,Chittagong (IAP-Patenga),1984,5,34.0,24.1,428.0,82.0,6.2,4.7,7.2,41978,684570.9,471415.0,22.34,91.79,6,1984.05,1
3221,Chittagong (IAP-Patenga),1984,6,37.0,24.9,595.0,85.0,6.8,6.9,4.2,41978,684570.9,471415.0,22.34,91.79,6,1984.06,1
3222,Chittagong (IAP-Patenga),1984,7,34.0,24.4,802.0,84.0,6.3,6.6,4.2,41978,684570.9,471415.0,22.34,91.79,6,1984.07,1
3232,Chittagong (IAP-Patenga),1985,5,33.8,23.8,511.0,79.0,5.1,4.1,6.3,41978,684570.9,471415.0,22.34,91.79,6,1985.05,1
3233,Chittagong (IAP-Patenga),1985,6,33.8,24.8,517.0,85.0,6.2,6.2,4.0,41978,684570.9,471415.0,22.34,91.79,6,1985.06,1
3234,Chittagong (IAP-Patenga),1985,7,32.5,24.4,831.0,86.0,6.7,6.2,4.2,41978,684570.9,471415.0,22.34,91.79,6,1985.07,1
3235,Chittagong (IAP-Patenga),1985,8,33.4,25.0,469.0,85.0,6.3,6.1,3.8,41978,684570.9,471415.0,22.34,91.79,6,1985.08,1
3245,Chittagong (IAP-Patenga),1986,6,37.0,25.8,820.0,83.0,5.9,5.8,4.9,41978,684570.9,471415.0,22.34,91.79,6,1986.06,1
3246,Chittagong (IAP-Patenga),1986,7,34.0,25.1,894.0,84.0,6.0,6.1,4.1,41978,684570.9,471415.0,22.34,91.79,6,1986.07,1
3258,Chittagong (IAP-Patenga),1987,7,33.7,25.1,1206.0,89.0,6.9,7.2,4.2,41978,684570.9,471415.0,22.34,91.79,6,1987.07,1
3259,Chittagong (IAP-Patenga),1987,8,34.0,24.9,673.0,85.0,4.8,6.1,4.8,41978,684570.9,471415.0,22.34,91.79,6,1987.08,1
3260,Chittagong (IAP-Patenga),1987,9,34.2,25.3,429.0,84.0,4.5,5.7,5.9,41978,684570.9,471415.0,22.34,91.79,6,1987.09,1
3268,Chittagong (IAP-Patenga),1988,5,34.9,24.9,433.0,79.0,5.2,4.7,5.9,41978,684570.9,471415.0,22.34,91.79,6,1988.05,1
3269,Chittagong (IAP-Patenga),1988,6,34.0,25.0,643.0,84.0,4.6,5.9,2.9,41978,684570.9,471415.0,22.34,91.79,6,1988.06,1
3271,Chittagong (IAP-Patenga),1988,8,33.5,25.0,413.0,84.0,5.1,6.4,3.1,41978,684570.9,471415.0,22.34,91.79,6,1988.08,1
3273,Chittagong (IAP-Patenga),1988,10,34.4,24.1,342.0,82.0,2.2,4.0,6.1,41978,684570.9,471415.0,22.34,91.79,6,1988.1,1
3282,Chittagong (IAP-Patenga),1989,7,34.4,25.2,1173.0,84.0,4.8,6.4,4.8,41978,684570.9,471415.0,22.34,91.79,6,1989.07,1
3285,Chittagong (IAP-Patenga),1989,10,33.3,23.7,404.0,86.0,1.9,5.5,5.0,41978,684570.9,471415.0,22.34,91.79,6,1989.1,1
3293,Chittagong (IAP-Patenga),1990,6,34.5,25.2,668.0,83.0,4.0,6.5,3.8,41978,684570.9,471415.0,22.34,91.79,6,1990.06,1
3294,Chittagong (IAP-Patenga),1990,7,33.4,24.8,1038.0,88.0,3.5,7.3,4.3,41978,684570.9,471415.0,22.34,91.79,6,1990.07,1
3304,Chittagong (IAP-Patenga),1991,5,33.8,25.0,464.0,80.0,3.6,4.9,7.2,41978,684570.9,471415.0,22.34,91.79,6,1991.05,1
3305,Chittagong (IAP-Patenga),1991,6,33.8,25.6,774.0,84.0,3.8,7.1,4.2,41978,684570.9,471415.0,22.34,91.79,6,1991.06,1
3306,Chittagong (IAP-Patenga),1991,7,34.2,25.7,818.0,86.0,4.2,6.7,4.2,41978,684570.9,471415.0,22.34,91.79,6,1991.07,1
3308,Chittagong (IAP-Patenga),1991,9,33.9,25.4,360.0,84.0,2.7,5.8,5.5,41978,684570.9,471415.0,22.34,91.79,6,1991.09,1
3317,Chittagong (IAP-Patenga),1992,6,34.8,25.6,571.0,83.0,3.0,5.2,4.6,41978,684570.9,471415.0,22.34,91.79,6,1992.06,1
3318,Chittagong (IAP-Patenga),1992,7,33.0,25.0,412.0,85.0,3.5,6.4,3.5,41978,684570.9,471415.0,22.34,91.79,6,1992.07,1
3321,Chittagong (IAP-Patenga),1992,10,33.5,24.2,435.0,83.0,0.9,4.1,6.1,41978,684570.9,471415.0,22.34,91.79,6,1992.1,1
3328,Chittagong (IAP-Patenga),1993,5,34.0,23.4,667.0,81.0,3.3,4.5,6.3,41978,684570.9,471415.0,22.34,91.79,6,1993.05,1
3329,Chittagong (IAP-Patenga),1993,6,33.0,24.5,781.0,85.0,4.9,5.9,3.8,41978,684570.9,471415.0,22.34,91.79,6,1993.06,1
3330,Chittagong (IAP-Patenga),1993,7,33.3,25.0,437.0,84.0,4.4,6.0,3.9,41978,684570.9,471415.0,22.34,91.79,6,1993.07,1
3331,Chittagong (IAP-Patenga),1993,8,33.0,25.0,729.0,86.0,4.5,6.2,4.4,41978,684570.9,471415.0,22.34,91.79,6,1993.08,1
3341,Chittagong (IAP-Patenga),1994,6,34.2,25.8,581.0,84.0,5.1,6.3,2.8,41978,684570.9,471415.0,22.34,91.79,6,1994.06,1
3342,Chittagong (IAP-Patenga),1994,7,33.6,25.4,380.0,84.0,5.1,6.2,3.7,41978,684570.9,471415.0,22.34,91.79,6,1994.07,1
3343,Chittagong (IAP-Patenga),1994,8,33.5,25.3,397.0,85.0,4.4,6.2,4.4,41978,684570.9,471415.0,22.34,91.79,6,1994.08,1
3354,Chittagong (IAP-Patenga),1995,7,34.4,25.7,685.0,83.0,6.2,6.1,4.2,41978,684570.9,471415.0,22.34,91.79,6,1995.07,1
3355,Chittagong (IAP-Patenga),1995,8,35.0,25.9,546.0,84.0,4.1,6.1,5.4,41978,684570.9,471415.0,22.34,91.79,6,1995.08,1
3365,Chittagong (IAP-Patenga),1996,6,36.0,25.4,476.0,82.0,5.5,5.6,6.5,41978,684570.9,471415.0,22.34,91.79,6,1996.06,1
3366,Chittagong (IAP-Patenga),1996,7,35.0,25.7,465.0,85.0,4.8,6.3,3.9,41978,684570.9,471415.0,22.34,91.79,6,1996.07,1
3367,Chittagong (IAP-Patenga),1996,8,33.5,25.4,584.0,88.0,4.1,6.5,2.2,41978,684570.9,471415.0,22.34,91.79,6,1996.08,1
3377,Chittagong (IAP-Patenga),1997,6,35.1,25.4,425.0,83.0,4.4,6.0,4.5,41978,684570.9,471415.0,22.34,91.79,6,1997.06,1
3378,Chittagong (IAP-Patenga),1997,7,35.4,25.6,1033.0,89.0,5.2,6.9,3.1,41978,684570.9,471415.0,22.34,91.79,6,1997.07,1
3379,Chittagong (IAP-Patenga),1997,8,35.8,26.4,383.0,85.0,4.5,6.6,5.3,41978,684570.9,471415.0,22.34,91.79,6,1997.08,1
3380,Chittagong (IAP-Patenga),1997,9,34.8,25.3,530.0,86.0,3.4,6.0,5.4,41978,684570.9,471415.0,22.34,91.79,6,1997.09,1
3390,Chittagong (IAP-Patenga),1998,7,35.6,25.8,1291.0,89.0,4.2,6.8,3.1,41978,684570.9,471415.0,22.34,91.79,6,1998.07,1
3391,Chittagong (IAP-Patenga),1998,8,34.5,25.8,1194.0,89.0,3.5,6.8,3.6,41978,684570.9,471415.0,22.34,91.79,6,1998.08,1
3392,Chittagong (IAP-Patenga),1998,9,36.7,25.8,224.0,84.0,2.1,5.5,6.4,41978,684570.9,471415.0,22.34,91.79,6,1998.09,1
3401,Chittagong (IAP-Patenga),1999,6,35.0,25.4,879.0,87.0,3.7,6.4,3.8,41978,684570.9,471415.0,22.34,91.79,6,1999.06,1
3402,Chittagong (IAP-Patenga),1999,7,35.4,25.2,514.0,86.0,4.0,6.8,4.1,41978,684570.9,471415.0,22.34,91.79,6,1999.07,1
3403,Chittagong (IAP-Patenga),1999,8,33.4,25.5,848.0,88.0,3.8,6.7,3.1,41978,684570.9,471415.0,22.34,91.79,6,1999.08,1
3412,Chittagong (IAP-Patenga),2000,5,34.5,24.4,577.0,85.0,2.5,5.5,4.3,41978,684570.9,471415.0,22.34,91.79,6,2000.05,1
3413,Chittagong (IAP-Patenga),2000,6,34.5,25.2,622.0,87.0,3.2,6.2,4.4,41978,684570.9,471415.0,22.34,91.79,6,2000.06,1
3414,Chittagong (IAP-Patenga),2000,7,34.0,25.3,701.0,87.0,3.6,6.2,4.2,41978,684570.9,471415.0,22.34,91.79,6,2000.07,1
3415,Chittagong (IAP-Patenga),2000,8,34.5,25.1,564.0,88.0,3.0,6.3,5.4,41978,684570.9,471415.0,22.34,91.79,6,2000.08,1
3417,Chittagong (IAP-Patenga),2000,10,36.0,24.5,487.0,87.0,1.0,4.3,6.5,41978,684570.9,471415.0,22.34,91.79,6,2000.1,1
3424,Chittagong (IAP-Patenga),2001,5,39.5,24.6,423.0,78.0,2.9,4.9,7.2,41978,684570.9,471415.0,22.34,91.79,6,2001.05,1
3425,Chittagong (IAP-Patenga),2001,6,33.0,25.2,742.0,82.0,4.4,6.8,4.2,41978,684570.9,471415.0,22.34,91.79,6,2001.06,1
3426,Chittagong (IAP-Patenga),2001,7,33.3,25.2,693.0,82.0,4.3,6.8,4.2,41978,684570.9,471415.0,22.34,91.79,6,2001.07,1
3427,Chittagong (IAP-Patenga),2001,8,34.5,25.7,523.0,81.0,3.6,6.7,4.8,41978,684570.9,471415.0,22.34,91.79,6,2001.08,1
3437,Chittagong (IAP-Patenga),2002,6,33.5,25.6,593.0,79.0,3.8,6.0,4.2,41978,684570.9,471415.0,22.34,91.79,6,2002.06,1
3438,Chittagong (IAP-Patenga),2002,7,33.0,25.5,693.0,84.0,3.7,7.3,4.2,41978,684570.9,471415.0,22.34,91.79,6,2002.07,1
3439,Chittagong (IAP-Patenga),2002,8,33.5,25.3,523.0,81.0,3.5,6.6,4.8,41978,684570.9,471415.0,22.34,91.79,6,2002.08,1
3449,Chittagong (IAP-Patenga),2003,6,34.8,25.0,1209.0,90.0,1.2,6.7,4.2,41978,684570.9,471415.0,22.34,91.79,6,2003.06,1
3450,Chittagong (IAP-Patenga),2003,7,35.2,25.8,372.0,85.0,1.0,5.9,4.2,41978,684570.9,471415.0,22.34,91.79,6,2003.07,1
3461,Chittagong (IAP-Patenga),2004,6,35.2,25.5,638.0,85.0,0.5,6.2,4.2,41978,684570.9,471415.0,22.34,91.79,6,2004.06,1
3462,Chittagong (IAP-Patenga),2004,7,33.5,25.4,905.0,88.0,0.7,6.7,4.2,41978,684570.9,471415.0,22.34,91.79,6,2004.07,1
3464,Chittagong (IAP-Patenga),2004,9,34.0,25.2,590.0,87.0,0.5,6.0,5.9,41978,684570.9,471415.0,22.34,91.79,6,2004.09,1
3474,Chittagong (IAP-Patenga),2005,7,34.0,25.6,596.0,87.0,0.9,5.9,4.3,41978,684570.9,471415.0,22.34,91.79,6,2005.07,1
3475,Chittagong (IAP-Patenga),2005,8,34.3,25.5,654.0,91.0,0.6,7.0,6.2,41978,684570.9,471415.0,22.34,91.79,6,2005.08,1
3476,Chittagong (IAP-Patenga),2005,9,35.6,25.5,386.0,87.0,0.4,5.7,5.0,41978,684570.9,471415.0,22.34,91.79,6,2005.09,1
3484,Chittagong (IAP-Patenga),2006,5,36.8,24.6,859.0,84.0,1.0,4.6,6.7,41978,684570.9,471415.0,22.34,91.79,6,2006.05,1
3486,Chittagong (IAP-Patenga),2006,7,34.2,25.7,495.0,88.0,1.1,6.4,4.3,41978,684570.9,471415.0,22.34,91.79,6,2006.07,1
3488,Chittagong (IAP-Patenga),2006,9,35.5,25.4,438.0,85.0,0.7,5.7,5.0,41978,684570.9,471415.0,22.34,91.79,6,2006.09,1
3497,Chittagong (IAP-Patenga),2007,6,35.8,25.6,953.0,88.0,1.1,6.0,4.6,41978,684570.9,471415.0,22.34,91.79,6,2007.06,1
3498,Chittagong (IAP-Patenga),2007,7,34.8,25.3,930.0,90.0,1.0,6.9,3.2,41978,684570.9,471415.0,22.34,91.79,6,2007.07,1
3499,Chittagong (IAP-Patenga),2007,8,35.5,25.4,589.0,86.0,1.6,6.5,5.0,41978,684570.9,471415.0,22.34,91.79,6,2007.08,1
3500,Chittagong (IAP-Patenga),2007,9,34.4,25.4,512.0,88.0,1.5,6.8,4.1,41978,684570.9,471415.0,22.34,91.79,6,2007.09,1
3501,Chittagong (IAP-Patenga),2007,10,35.8,23.3,635.0,86.0,0.9,4.3,6.2,41978,684570.9,471415.0,22.34,91.79,6,2007.1,1
3509,Chittagong (IAP-Patenga),2008,6,34.2,25.6,538.0,84.0,4.2,5.5,3.8,41978,684570.9,471415.0,22.34,91.79,6,2008.06,1
3510,Chittagong (IAP-Patenga),2008,7,32.4,25.2,963.0,88.0,4.2,6.0,4.1,41978,684570.9,471415.0,22.34,91.79,6,2008.07,1
3511,Chittagong (IAP-Patenga),2008,8,33.3,25.4,757.0,88.0,4.0,6.0,4.7,41978,684570.9,471415.0,22.34,91.79,6,2008.08,1
3522,Chittagong (IAP-Patenga),2009,7,34.5,25.5,1244.0,87.0,4.5,6.3,4.5,41978,684570.9,471415.0,22.34,91.79,6,2009.07,1
3523,Chittagong (IAP-Patenga),2009,8,33.0,25.7,693.0,89.0,3.2,6.3,3.8,41978,684570.9,471415.0,22.34,91.79,6,2009.08,1
3533,Chittagong (IAP-Patenga),2010,6,33.4,25.6,747.0,85.0,4.3,6.0,4.0,41978,684570.9,471415.0,22.34,91.79,6,2010.06,1
3535,Chittagong (IAP-Patenga),2010,8,33.8,25.6,516.0,84.0,3.1,6.2,5.4,41978,684570.9,471415.0,22.34,91.79,6,2010.08,1
3546,Chittagong (IAP-Patenga),2011,7,33.2,25.5,562.0,85.0,6.1,5.7,5.4,41978,684570.9,471415.0,22.34,91.79,6,2011.07,1
3547,Chittagong (IAP-Patenga),2011,8,34.0,25.1,806.0,87.0,6.0,6.7,5.4,41978,684570.9,471415.0,22.34,91.79,6,2011.08,1
3548,Chittagong (IAP-Patenga),2011,9,33.4,25.1,762.0,86.0,5.6,5.8,6.1,41978,684570.9,471415.0,22.34,91.79,6,2011.09,1
3557,Chittagong (IAP-Patenga),2012,6,34.8,25.5,1337.0,87.0,7.3,6.0,4.0,41978,684570.9,471415.0,22.34,91.79,6,2012.06,1
3558,Chittagong (IAP-Patenga),2012,7,33.5,25.5,788.0,88.0,7.8,6.5,5.4,41978,684570.9,471415.0,22.34,91.79,6,2012.07,1
3561,Chittagong (IAP-Patenga),2012,10,33.2,24.2,636.0,84.0,5.6,3.3,6.5,41978,684570.9,471415.0,22.34,91.79,6,2012.1,1
3568,Chittagong (IAP-Patenga),2013,5,33.6,24.5,773.0,86.0,7.5,6.1,6.1,41978,684570.9,471415.0,22.34,91.79,6,2013.05,1
3570,Chittagong (IAP-Patenga),2013,7,36.5,26.0,405.0,84.0,6.5,5.8,5.4,41978,684570.9,471415.0,22.34,91.79,6,2013.07,1
3573,Chittagong (IAP-Patenga),2013,10,33.0,24.5,369.0,86.0,5.2,4.8,6.5,41978,684570.9,471415.0,22.34,91.79,6,2013.1,1
3581,Comilla,1948,6,34.3,25.4,619.0,88.0,2.501851852,5.7,4.927272727,41933,621445.2,596963.4,23.48,91.19,10,1948.06,1
3582,Comilla,1948,7,33.9,25.5,1045.0,95.0,2.481481481,5.7,4.566666667,41933,621445.2,596963.4,23.48,91.19,10,1948.07,1
3584,Comilla,1948,9,33.9,24.9,388.0,91.0,1.537037037,5.4,5.548484848,41933,621445.2,596963.4,23.48,91.19,10,1948.09,1
3591,Comilla,1949,4,34.3,22.0,494.0,80.0,2.374074074,5.2,7.790909091,41933,621445.2,596963.4,23.48,91.19,10,1949.04,1
3592,Comilla,1949,5,34.4,24.3,665.0,85.0,2.285185185,4.8,6.587878788,41933,621445.2,596963.4,23.48,91.19,10,1949.05,1
3593,Comilla,1949,6,33.3,26.1,884.0,88.0,2.501851852,7.0,4.927272727,41933,621445.2,596963.4,23.48,91.19,10,1949.06,1
3594,Comilla,1949,7,33.3,25.4,747.0,88.0,2.481481481,6.6,4.566666667,41933,621445.2,596963.4,23.48,91.19,10,1949.07,1
3595,Comilla,1949,8,33.6,25.5,661.0,88.0,2.209259259,6.1,5.233333333,41933,621445.2,596963.4,23.48,91.19,10,1949.08,1
3605,Comilla,1950,6,33.0,25.7,426.0,89.0,2.501851852,6.6,4.927272727,41933,621445.2,596963.4,23.48,91.19,10,1950.06,1
3607,Comilla,1950,8,31.9,24.8,530.0,91.0,2.209259259,7.1,5.233333333,41933,621445.2,596963.4,23.48,91.19,10,1950.08,1
3617,Comilla,1951,6,32.8,25.5,539.0,87.0,2.501851852,7.1,4.927272727,41933,621445.2,596963.4,23.48,91.19,10,1951.06,1
3618,Comilla,1951,7,32.3,24.9,857.0,87.0,2.481481481,7.0,4.566666667,41933,621445.2,596963.4,23.48,91.19,10,1951.07,1
3619,Comilla,1951,8,33.3,25.6,596.0,86.0,2.209259259,6.5,5.233333333,41933,621445.2,596963.4,23.48,91.19,10,1951.08,1
3620,Comilla,1951,9,32.7,25.5,401.0,86.0,1.537037037,5.4,5.548484848,41933,621445.2,596963.4,23.48,91.19,10,1951.09,1
3621,Comilla,1951,10,32.2,24.3,427.0,88.0,0.912962963,4.5,6.839393939,41933,621445.2,596963.4,23.48,91.19,10,1951.1,1
3628,Comilla,1952,5,33.4,24.9,541.0,83.0,2.285185185,4.8,6.587878788,41933,621445.2,596963.4,23.48,91.19,10,1952.05,1
3629,Comilla,1952,6,34.4,25.7,899.0,87.0,2.501851852,6.4,4.927272727,41933,621445.2,596963.4,23.48,91.19,10,1952.06,1
3630,Comilla,1952,7,32.7,25.3,644.0,88.0,2.481481481,7.1,4.566666667,41933,621445.2,596963.4,23.48,91.19,10,1952.07,1
3631,Comilla,1952,8,34.4,25.5,419.0,86.0,2.209259259,6.8,5.233333333,41933,621445.2,596963.4,23.48,91.19,10,1952.08,1
3632,Comilla,1952,9,31.8,25.2,570.0,90.0,1.537037037,7.0,5.548484848,41933,621445.2,596963.4,23.48,91.19,10,1952.09,1
3633,Comilla,1952,10,33.1,24.4,422.0,87.0,0.912962963,4.8,6.839393939,41933,621445.2,596963.4,23.48,91.19,10,1952.1,1
3641,Comilla,1953,6,34.4,24.9,661.0,87.0,2.501851852,5.6,4.927272727,41933,621445.2,596963.4,23.48,91.19,10,1953.06,1
3642,Comilla,1953,7,34.4,25.5,612.0,89.0,2.481481481,6.9,4.566666667,41933,621445.2,596963.4,23.48,91.19,10,1953.07,1
3644,Comilla,1953,9,33.9,25.5,493.0,87.0,1.537037037,6.4,5.548484848,41933,621445.2,596963.4,23.48,91.19,10,1953.09,1
3653,Comilla,1954,6,34.6,24.6,979.0,92.0,2.501851852,6.8,4.927272727,41933,621445.2,596963.4,23.48,91.19,10,1954.06,1
3654,Comilla,1954,7,33.1,23.9,389.0,90.0,2.481481481,5.6,4.566666667,41933,621445.2,596963.4,23.48,91.19,10,1954.07,1
3655,Comilla,1954,8,34.4,24.5,376.0,92.0,2.209259259,6.1,5.233333333,41933,621445.2,596963.4,23.48,91.19,10,1954.08,1
3666,Comilla,1955,7,31.3,25.3,663.0,88.0,2.481481481,6.8,4.566666667,41933,621445.2,596963.4,23.48,91.19,10,1955.07,1
3667,Comilla,1955,8,31.8,25.3,329.0,87.0,2.209259259,5.7,5.233333333,41933,621445.2,596963.4,23.48,91.19,10,1955.08,1
3677,Comilla,1956,6,33.8,24.8,703.0,87.0,2.501851852,6.3,4.927272727,41933,621445.2,596963.4,23.48,91.19,10,1956.06,1
3678,Comilla,1956,7,33.7,25.0,423.0,84.0,2.481481481,5.9,4.566666667,41933,621445.2,596963.4,23.48,91.19,10,1956.07,1
3680,Comilla,1956,9,35.9,24.5,444.0,85.0,1.537037037,5.4,5.548484848,41933,621445.2,596963.4,23.48,91.19,10,1956.09,1
3689,Comilla,1957,6,34.6,24.8,374.0,85.0,2.501851852,5.3,4.927272727,41933,621445.2,596963.4,23.48,91.19,10,1957.06,1
3690,Comilla,1957,7,33.3,25.5,384.0,85.0,2.481481481,5.8,4.566666667,41933,621445.2,596963.4,23.48,91.19,10,1957.07,1
3692,Comilla,1957,9,34.5,25.3,366.0,86.0,1.537037037,4.9,5.548484848,41933,621445.2,596963.4,23.48,91.19,10,1957.09,1
3703,Comilla,1958,8,33.9,25.5,373.0,86.0,2.209259259,5.9,5.233333333,41933,621445.2,596963.4,23.48,91.19,10,1958.08,1
3714,Comilla,1959,7,33.9,25.5,396.0,85.0,2.481481481,6.9,4.566666667,41933,621445.2,596963.4,23.48,91.19,10,1959.07,1
3715,Comilla,1959,8,35.6,25.2,581.0,86.0,2.209259259,6.4,5.233333333,41933,621445.2,596963.4,23.48,91.19,10,1959.08,1
3717,Comilla,1959,10,36.7,23.5,311.0,87.0,0.912962963,4.6,6.839393939,41933,621445.2,596963.4,23.48,91.19,10,1959.1,1
3725,Comilla,1960,6,35.0,25.8,373.0,84.0,2.1,5.2,4.927272727,41933,621445.2,596963.4,23.48,91.19,10,1960.06,1
3726,Comilla,1960,7,34.4,25.2,591.0,88.0,4.0,5.8,4.566666667,41933,621445.2,596963.4,23.48,91.19,10,1960.07,1
3728,Comilla,1960,9,34.4,24.3,454.0,87.0,2.7,5.4,5.548484848,41933,621445.2,596963.4,23.48,91.19,10,1960.09,1
3737,Comilla,1961,6,36.1,25.2,639.0,85.0,3.3,5.5,4.927272727,41933,621445.2,596963.4,23.48,91.19,10,1961.06,1
3738,Comilla,1961,7,34.4,25.4,382.0,85.0,2.9,6.2,4.566666667,41933,621445.2,596963.4,23.48,91.19,10,1961.07,1
3739,Comilla,1961,8,33.9,25.5,577.0,87.0,3.7,6.0,5.233333333,41933,621445.2,596963.4,23.48,91.19,10,1961.08,1
3749,Comilla,1962,6,34.4,23.9,446.0,87.0,1.9,7.4,4.927272727,41933,621445.2,596963.4,23.48,91.19,10,1962.06,1
3750,Comilla,1962,7,36.7,24.8,456.0,87.0,2.1,6.9,4.566666667,41933,621445.2,596963.4,23.48,91.19,10,1962.07,1
3761,Comilla,1963,6,32.2,25.3,414.0,86.0,2.6,5.7,4.927272727,41933,621445.2,596963.4,23.48,91.19,10,1963.06,1
3762,Comilla,1963,7,31.3,25.3,447.0,87.0,2.6,6.1,4.566666667,41933,621445.2,596963.4,23.48,91.19,10,1963.07,1
3763,Comilla,1963,8,31.8,25.3,349.0,86.0,2.3,5.8,5.233333333,41933,621445.2,596963.4,23.48,91.19,10,1963.08,1
3773,Comilla,1964,6,33.3,24.2,544.0,93.0,2.8,6.1,4.927272727,41933,621445.2,596963.4,23.48,91.19,10,1964.06,1
3774,Comilla,1964,7,33.9,24.1,816.0,94.0,2.2,6.4,4.566666667,41933,621445.2,596963.4,23.48,91.19,10,1964.07,1
3775,Comilla,1964,8,34.7,25.1,540.0,92.0,2.3,5.8,5.233333333,41933,621445.2,596963.4,23.48,91.19,10,1964.08,1
3776,Comilla,1964,9,35.6,25.3,428.0,90.0,1.2,5.3,5.548484848,41933,621445.2,596963.4,23.48,91.19,10,1964.09,1
3777,Comilla,1964,10,33.9,24.1,533.0,86.0,1.1,4.2,6.839393939,41933,621445.2,596963.4,23.48,91.19,10,1964.1,1
3785,Comilla,1965,6,35.0,24.6,717.0,90.0,2.1,6.3,4.927272727,41933,621445.2,596963.4,23.48,91.19,10,1965.06,1
3786,Comilla,1965,7,33.9,24.7,595.0,96.0,1.1,5.8,4.566666667,41933,621445.2,596963.4,23.48,91.19,10,1965.07,1
3787,Comilla,1965,8,35.0,24.9,810.0,95.0,1.1,6.0,5.233333333,41933,621445.2,596963.4,23.48,91.19,10,1965.08,1
3797,Comilla,1966,6,35.0,24.9,641.0,94.0,3.2,6.2,4.927272727,41933,621445.2,596963.4,23.48,91.19,10,1966.06,1
3799,Comilla,1966,8,33.3,25.5,347.0,93.0,1.4,6.3,5.233333333,41933,621445.2,596963.4,23.48,91.19,10,1966.08,1
3800,Comilla,1966,9,33.3,24.9,540.0,90.0,0.7,4.5,5.548484848,41933,621445.2,596963.4,23.48,91.19,10,1966.09,1
3810,Comilla,1967,7,34.4,25.2,405.0,87.0,2.2,6.1,4.566666667,41933,621445.2,596963.4,23.48,91.19,10,1967.07,1
3812,Comilla,1967,9,33.3,24.7,443.0,87.0,2.1,5.1,5.548484848,41933,621445.2,596963.4,23.48,91.19,10,1967.09,1
3821,Comilla,1968,6,35.0,24.9,524.0,89.0,3.0,5.7,4.927272727,41933,621445.2,596963.4,23.48,91.19,10,1968.06,1
3822,Comilla,1968,7,35.0,25.7,498.0,87.0,2.7,6.1,4.566666667,41933,621445.2,596963.4,23.48,91.19,10,1968.07,1
3823,Comilla,1968,8,32.8,25.5,442.0,88.0,2.1,5.8,5.233333333,41933,621445.2,596963.4,23.48,91.19,10,1968.08,1
3833,Comilla,1969,6,33.9,24.8,782.0,88.0,2.3,4.7,4.927272727,41933,621445.2,596963.4,23.48,91.19,10,1969.06,1
3834,Comilla,1969,7,34.4,24.8,559.0,87.0,2.4,4.5,4.566666667,41933,621445.2,596963.4,23.48,91.19,10,1969.07,1
3835,Comilla,1969,8,33.9,24.8,644.0,90.0,2.4,5.1,5.233333333,41933,621445.2,596963.4,23.48,91.19,10,1969.08,1
3846,Comilla,1970,7,35.0,26.0,546.0,93.0,1.8,4.5,4.566666667,41933,621445.2,596963.4,23.48,91.19,10,1970.07,1
3869,Comilla,1972,6,37.8,25.6,369.0,86.0,2.9,5.7,4.927272727,41933,621445.2,596963.4,23.48,91.19,10,1972.06,1
3871,Comilla,1972,8,34.2,25.2,385.0,86.0,3.3,6.7,5.233333333,41933,621445.2,596963.4,23.48,91.19,10,1972.08,1
3880,Comilla,1973,5,34.4,23.9,445.0,79.0,2.4,5.0,6.587878788,41933,621445.2,596963.4,23.48,91.19,10,1973.05,1
3881,Comilla,1973,6,34.7,25.1,489.0,84.0,2.2,6.1,4.927272727,41933,621445.2,596963.4,23.48,91.19,10,1973.06,1
3893,Comilla,1974,6,33.9,24.8,488.0,83.0,3.0,5.6,4.927272727,41933,621445.2,596963.4,23.48,91.19,10,1974.06,1
3894,Comilla,1974,7,31.1,24.9,763.0,89.0,3.5,7.0,4.566666667,41933,621445.2,596963.4,23.48,91.19,10,1974.07,1
3896,Comilla,1974,9,33.3,24.9,442.0,82.0,2.9,5.0,5.548484848,41933,621445.2,596963.4,23.48,91.19,10,1974.09,1
3906,Comilla,1975,7,31.7,24.8,516.0,85.0,4.3,6.5,4.566666667,41933,621445.2,596963.4,23.48,91.19,10,1975.07,1
3917,Comilla,1976,6,33.3,24.7,521.0,85.0,4.0,6.7,4.927272727,41933,621445.2,596963.4,23.48,91.19,10,1976.06,1
3918,Comilla,1976,7,32.2,25.3,517.0,85.0,3.8,6.5,4.566666667,41933,621445.2,596963.4,23.48,91.19,10,1976.07,1
3919,Comilla,1976,8,33.3,25.0,435.0,85.0,3.8,6.2,5.233333333,41933,621445.2,596963.4,23.48,91.19,10,1976.08,1
3928,Comilla,1977,5,35.6,23.6,392.0,79.0,3.8,5.3,6.587878788,41933,621445.2,596963.4,23.48,91.19,10,1977.05,1
3929,Comilla,1977,6,33.1,24.9,417.0,83.0,4.7,6.1,4.927272727,41933,621445.2,596963.4,23.48,91.19,10,1977.06,1
3930,Comilla,1977,7,33.3,25.8,435.0,86.0,4.8,5.5,4.566666667,41933,621445.2,596963.4,23.48,91.19,10,1977.07,1
3941,Comilla,1978,6,32.2,25.3,414.0,86.0,2.6,5.7,4.927272727,41933,621445.2,596963.4,23.48,91.19,10,1978.06,1
3942,Comilla,1978,7,31.3,25.3,447.0,87.0,2.6,6.1,4.566666667,41933,621445.2,596963.4,23.48,91.19,10,1978.07,1
3955,Comilla,1979,8,35.0,25.8,486.0,86.0,1.9,5.7,5.233333333,41933,621445.2,596963.4,23.48,91.19,10,1979.08,1
3964,Comilla,1980,5,35.0,22.8,429.0,80.0,2.8,3.7,6.587878788,41933,621445.2,596963.4,23.48,91.19,10,1980.05,1
3966,Comilla,1980,7,33.9,25.3,472.0,85.0,2.5,5.2,4.566666667,41933,621445.2,596963.4,23.48,91.19,10,1980.07,1
3967,Comilla,1980,8,34.4,25.4,428.0,86.0,2.2,4.7,5.233333333,41933,621445.2,596963.4,23.48,91.19,10,1980.08,1
3975,Comilla,1981,4,32.8,21.7,470.0,81.0,1.8,3.8,6.8,41933,621445.2,596963.4,23.48,91.19,10,1981.04,1
3976,Comilla,1981,5,32.8,23.3,383.0,81.0,1.3,4.4,6.9,41933,621445.2,596963.4,23.48,91.19,10,1981.05,1
3978,Comilla,1981,7,32.8,25.0,511.0,87.0,2.1,6.0,4.4,41933,621445.2,596963.4,23.48,91.19,10,1981.07,1
3989,Comilla,1982,6,35.0,25.3,593.0,87.0,1.5,5.6,4.4,41933,621445.2,596963.4,23.48,91.19,10,1982.06,1
3991,Comilla,1982,8,33.5,25.3,519.0,86.0,2.2,5.6,5.0,41933,621445.2,596963.4,23.48,91.19,10,1982.08,1
4002,Comilla,1983,7,35.0,26.0,396.0,85.0,1.6,5.7,4.2,41933,621445.2,596963.4,23.48,91.19,10,1983.07,1
4003,Comilla,1983,8,34.2,25.2,518.0,85.0,1.8,5.6,5.1,41933,621445.2,596963.4,23.48,91.19,10,1983.08,1
4004,Comilla,1983,9,34.8,25.7,403.0,85.0,2.0,6.0,5.6,41933,621445.2,596963.4,23.48,91.19,10,1983.09,1
4012,Comilla,1984,5,34.2,24.7,635.0,84.0,4.4,5.3,6.4,41933,621445.2,596963.4,23.48,91.19,10,1984.05,1
4013,Comilla,1984,6,36.2,25.2,428.0,84.0,3.4,5.9,4.9,41933,621445.2,596963.4,23.48,91.19,10,1984.06,1
4015,Comilla,1984,8,36.0,25.1,449.0,86.0,3.1,5.6,5.4,41933,621445.2,596963.4,23.48,91.19,10,1984.08,1
4038,Comilla,1986,7,34.0,25.3,389.0,86.0,2.5,5.5,4.2,41933,621445.2,596963.4,23.48,91.19,10,1986.07,1
4040,Comilla,1986,9,34.0,24.9,369.0,87.0,1.5,5.4,5.6,41933,621445.2,596963.4,23.48,91.19,10,1986.09,1
4050,Comilla,1987,7,33.4,25.8,429.0,89.0,2.9,6.7,4.1,41933,621445.2,596963.4,23.48,91.19,10,1987.07,1
4060,Comilla,1988,5,34.5,24.4,470.0,83.0,3.5,5.4,5.8,41933,621445.2,596963.4,23.48,91.19,10,1988.05,1
4062,Comilla,1988,7,35.0,25.7,415.0,86.0,3.8,6.2,4.3,41933,621445.2,596963.4,23.48,91.19,10,1988.07,1
4063,Comilla,1988,8,34.1,25.8,423.0,88.0,3.3,6.5,2.9,41933,621445.2,596963.4,23.48,91.19,10,1988.08,1
4096,Comilla,1991,5,32.7,23.0,439.0,88.0,2.8,6.0,4.3,41933,621445.2,596963.4,23.48,91.19,10,1991.05,1
4098,Comilla,1991,7,34.6,25.4,394.0,89.0,2.4,6.5,4.1,41933,621445.2,596963.4,23.48,91.19,10,1991.07,1
4099,Comilla,1991,8,36.0,25.4,409.0,87.0,2.0,6.2,5.4,41933,621445.2,596963.4,23.48,91.19,10,1991.08,1
4100,Comilla,1991,9,34.7,25.1,377.0,90.0,1.5,6.0,3.6,41933,621445.2,596963.4,23.48,91.19,10,1991.09,1
4120,Comilla,1993,5,34.5,23.4,638.0,86.0,2.0,4.9,6.4,41933,621445.2,596963.4,23.48,91.19,10,1993.05,1
4121,Comilla,1993,6,34.0,25.7,506.0,88.0,2.7,6.2,5.0,41933,621445.2,596963.4,23.48,91.19,10,1993.06,1
4122,Comilla,1993,7,34.0,25.6,537.0,89.0,2.2,5.9,4.5,41933,621445.2,596963.4,23.48,91.19,10,1993.07,1
4133,Comilla,1994,6,35.0,25.6,431.0,88.0,2.6,5.9,5.9,41933,621445.2,596963.4,23.48,91.19,10,1994.06,1
4146,Comilla,1995,7,33.6,25.6,529.0,89.0,2.8,6.4,4.8,41933,621445.2,596963.4,23.48,91.19,10,1995.07,1
4147,Comilla,1995,8,34.3,25.7,452.0,88.0,2.0,6.0,4.2,41933,621445.2,596963.4,23.48,91.19,10,1995.08,1
4156,Comilla,1996,5,36.2,24.3,449.0,82.0,3.0,4.6,7.6,41933,621445.2,596963.4,23.48,91.19,10,1996.05,1
4157,Comilla,1996,6,35.0,25.1,392.0,85.0,2.4,5.5,5.7,41933,621445.2,596963.4,23.48,91.19,10,1996.06,1
4170,Comilla,1997,7,34.2,24.9,664.0,88.0,2.4,6.4,3.7,41933,621445.2,596963.4,23.48,91.19,10,1997.07,1
4182,Comilla,1998,7,34.2,25.2,854.0,90.0,1.9,6.7,2.5,41933,621445.2,596963.4,23.48,91.19,10,1998.07,1
4194,Comilla,1999,7,34.2,25.6,692.0,88.0,2.1,6.5,4.3,41933,621445.2,596963.4,23.48,91.19,10,1999.07,1
4195,Comilla,1999,8,34.2,25.6,371.0,88.0,2.0,6.4,3.9,41933,621445.2,596963.4,23.48,91.19,10,1999.08,1
4204,Comilla,2000,5,36.3,24.1,554.0,84.0,1.4,5.4,5.8,41933,621445.2,596963.4,23.48,91.19,10,2000.05,1
4217,Comilla,2001,6,35.0,25.3,590.0,88.0,1.9,6.3,4.6,41933,621445.2,596963.4,23.48,91.19,10,2001.06,1
4230,Comilla,2002,7,33.8,25.6,766.0,89.0,1.9,7.2,2.5,41933,621445.2,596963.4,23.48,91.19,10,2002.07,1
4241,Comilla,2003,6,37.0,24.9,673.0,88.0,2.4,6.3,3.2,41933,621445.2,596963.4,23.48,91.19,10,2003.06,1
4253,Comilla,2004,6,36.0,25.0,654.0,86.0,2.0,6.1,4.9,41933,621445.2,596963.4,23.48,91.19,10,2004.06,1
4256,Comilla,2004,9,34.0,25.1,686.0,87.0,1.6,6.3,3.9,41933,621445.2,596963.4,23.48,91.19,10,2004.09,1
4266,Comilla,2005,7,34.8,25.5,403.0,86.0,1.9,6.0,5.0,41933,621445.2,596963.4,23.48,91.19,10,2005.07,1
4267,Comilla,2005,8,34.8,25.5,410.0,88.0,1.9,6.4,3.9,41933,621445.2,596963.4,23.48,91.19,10,2005.08,1
4268,Comilla,2005,9,34.8,25.4,395.0,86.0,1.0,5.9,5.3,41933,621445.2,596963.4,23.48,91.19,10,2005.09,1
4276,Comilla,2006,5,36.7,24.4,607.0,80.0,1.7,4.5,6.9,41933,621445.2,596963.4,23.48,91.19,10,2006.05,1
4277,Comilla,2006,6,35.8,25.6,402.0,86.0,1.9,6.3,5.2,41933,621445.2,596963.4,23.48,91.19,10,2006.06,1
4289,Comilla,2007,6,35.6,25.3,548.0,87.0,1.5,5.9,5.2,41933,621445.2,596963.4,23.48,91.19,10,2007.06,1
4290,Comilla,2007,7,34.6,25.4,654.0,88.0,1.5,6.7,3.6,41933,621445.2,596963.4,23.48,91.19,10,2007.07,1
4302,Comilla,2008,7,34.4,25.6,457.0,87.0,2.2,6.6,5.1,41933,621445.2,596963.4,23.48,91.19,10,2008.07,1
4303,Comilla,2008,8,36.2,25.5,375.0,87.0,1.5,6.4,4.9,41933,621445.2,596963.4,23.48,91.19,10,2008.08,1
4314,Comilla,2009,7,35.5,25.5,573.0,86.0,2.4,6.2,5.3,41933,621445.2,596963.4,23.48,91.19,10,2009.07,1
4315,Comilla,2009,8,35.0,25.9,427.0,86.0,2.1,6.2,4.8,41933,621445.2,596963.4,23.48,91.19,10,2009.08,1
4325,Comilla,2010,6,34.2,26.1,417.0,87.0,2.7,6.5,3.9,41933,621445.2,596963.4,23.48,91.19,10,2010.06,1
4337,Comilla,2011,6,35.7,25.9,346.0,86.0,2.1,6.2,4.4,41933,621445.2,596963.4,23.48,91.19,10,2011.06,1
4339,Comilla,2011,8,35.4,25.6,501.0,85.0,2.0,6.4,4.8,41933,621445.2,596963.4,23.48,91.19,10,2011.08,1
4349,Comilla,2012,6,35.8,25.8,442.0,85.0,2.3,5.9,5.0,41933,621445.2,596963.4,23.48,91.19,10,2012.06,1
4351,Comilla,2012,8,34.5,25.9,373.0,84.0,1.9,5.9,6.3,41933,621445.2,596963.4,23.48,91.19,10,2012.08,1
4360,Comilla,2013,5,34.8,24.2,467.0,85.0,3.0,6.4,4.2,41933,621445.2,596963.4,23.48,91.19,10,2013.05,1
4373,Cox's Bazar,1948,6,33.2,25.1,827.0,89.0,3.238888889,5.6,4.033962264,41992,705183.0,374324.6,21.46,91.98,4,1948.06,1
4374,Cox's Bazar,1948,7,32.4,25.0,969.0,91.0,3.298148148,6.5,3.724528302,41992,705183.0,374324.6,21.46,91.98,4,1948.07,1
4375,Cox's Bazar,1948,8,32.2,24.9,958.0,90.0,2.898148148,6.2,4.483018868,41992,705183.0,374324.6,21.46,91.98,4,1948.08,1
4385,Cox's Bazar,1949,6,32.6,25.0,789.0,89.0,3.238888889,6.1,4.033962264,41992,705183.0,374324.6,21.46,91.98,4,1949.06,1
4386,Cox's Bazar,1949,7,33.7,24.5,960.0,89.0,3.298148148,6.3,3.724528302,41992,705183.0,374324.6,21.46,91.98,4,1949.07,1
4387,Cox's Bazar,1949,8,31.7,24.7,683.0,91.0,2.898148148,6.4,4.483018868,41992,705183.0,374324.6,21.46,91.98,4,1949.08,1
4388,Cox's Bazar,1949,9,32.5,24.4,359.0,87.0,2.190740741,5.4,5.873584906,41992,705183.0,374324.6,21.46,91.98,4,1949.09,1
4397,Cox's Bazar,1950,6,33.3,25.0,790.0,85.0,3.238888889,5.0,4.033962264,41992,705183.0,374324.6,21.46,91.98,4,1950.06,1
4398,Cox's Bazar,1950,7,32.3,24.5,1368.0,88.0,3.298148148,4.6,3.724528302,41992,705183.0,374324.6,21.46,91.98,4,1950.07,1
4399,Cox's Bazar,1950,8,32.2,24.7,744.0,88.0,2.898148148,4.8,4.483018868,41992,705183.0,374324.6,21.46,91.98,4,1950.08,1
4400,Cox's Bazar,1950,9,34.2,24.9,440.0,84.0,2.190740741,3.2,5.873584906,41992,705183.0,374324.6,21.46,91.98,4,1950.09,1
4409,Cox's Bazar,1951,6,34.4,24.3,691.0,87.0,3.238888889,6.1,4.033962264,41992,705183.0,374324.6,21.46,91.98,4,1951.06,1
4410,Cox's Bazar,1951,7,34.1,24.3,661.0,87.0,3.298148148,6.5,3.724528302,41992,705183.0,374324.6,21.46,91.98,4,1951.07,1
4411,Cox's Bazar,1951,8,33.3,24.6,765.0,87.0,2.898148148,6.5,4.483018868,41992,705183.0,374324.6,21.46,91.98,4,1951.08,1
4412,Cox's Bazar,1951,9,33.3,24.7,799.0,85.0,2.190740741,4.0,5.873584906,41992,705183.0,374324.6,21.46,91.98,4,1951.09,1
4413,Cox's Bazar,1951,10,33.9,24.1,606.0,82.0,1.635185185,3.6,7.533962264,41992,705183.0,374324.6,21.46,91.98,4,1951.1,1
4421,Cox's Bazar,1952,6,32.8,24.8,809.0,88.0,3.238888889,6.1,4.033962264,41992,705183.0,374324.6,21.46,91.98,4,1952.06,1
4422,Cox's Bazar,1952,7,32.3,25.1,1266.0,91.0,3.298148148,6.8,3.724528302,41992,705183.0,374324.6,21.46,91.98,4,1952.07,1
4423,Cox's Bazar,1952,8,31.7,24.7,439.0,91.0,2.898148148,6.5,4.483018868,41992,705183.0,374324.6,21.46,91.98,4,1952.08,1
4424,Cox's Bazar,1952,9,32.1,24.5,617.0,92.0,2.190740741,6.3,5.873584906,41992,705183.0,374324.6,21.46,91.98,4,1952.09,1
4425,Cox's Bazar,1952,10,34.2,24.3,505.0,84.0,1.635185185,4.9,7.533962264,41992,705183.0,374324.6,21.46,91.98,4,1952.1,1
4433,Cox's Bazar,1953,6,32.8,24.5,722.0,89.0,3.238888889,6.1,4.033962264,41992,705183.0,374324.6,21.46,91.98,4,1953.06,1
4434,Cox's Bazar,1953,7,33.4,24.9,1084.0,89.0,3.298148148,6.7,3.724528302,41992,705183.0,374324.6,21.46,91.98,4,1953.07,1
4435,Cox's Bazar,1953,8,32.9,23.9,606.0,90.0,2.898148148,6.9,4.483018868,41992,705183.0,374324.6,21.46,91.98,4,1953.08,1
4436,Cox's Bazar,1953,9,32.8,24.7,401.0,86.0,2.190740741,6.6,5.873584906,41992,705183.0,374324.6,21.46,91.98,4,1953.09,1
4445,Cox's Bazar,1954,6,31.6,23.9,1504.0,91.0,3.238888889,7.2,4.033962264,41992,705183.0,374324.6,21.46,91.98,4,1954.06,1
4446,Cox's Bazar,1954,7,32.1,24.8,858.0,89.0,3.298148148,6.8,3.724528302,41992,705183.0,374324.6,21.46,91.98,4,1954.07,1
4447,Cox's Bazar,1954,8,32.1,24.8,884.0,91.0,2.898148148,6.8,4.483018868,41992,705183.0,374324.6,21.46,91.98,4,1954.08,1
4449,Cox's Bazar,1954,10,32.4,23.4,413.0,86.0,1.635185185,4.1,7.533962264,41992,705183.0,374324.6,21.46,91.98,4,1954.1,1
4457,Cox's Bazar,1955,6,32.6,25.0,611.0,91.0,3.238888889,6.5,4.033962264,41992,705183.0,374324.6,21.46,91.98,4,1955.06,1
4458,Cox's Bazar,1955,7,30.5,24.3,972.0,94.0,3.298148148,7.4,3.724528302,41992,705183.0,374324.6,21.46,91.98,4,1955.07,1
4460,Cox's Bazar,1955,9,34.0,24.6,373.0,87.0,2.190740741,5.8,5.873584906,41992,705183.0,374324.6,21.46,91.98,4,1955.09,1
4468,Cox's Bazar,1956,5,33.5,24.7,664.0,88.0,2.774074074,6.2,7.452830189,41992,705183.0,374324.6,21.46,91.98,4,1956.05,1
4469,Cox's Bazar,1956,6,31.8,24.4,810.0,93.0,3.238888889,6.6,4.033962264,41992,705183.0,374324.6,21.46,91.98,4,1956.06,1
4470,Cox's Bazar,1956,7,35.3,24.6,623.0,90.0,3.298148148,6.2,3.724528302,41992,705183.0,374324.6,21.46,91.98,4,1956.07,1
4471,Cox's Bazar,1956,8,32.2,24.7,726.0,90.0,2.898148148,6.8,4.483018868,41992,705183.0,374324.6,21.46,91.98,4,1956.08,1
4472,Cox's Bazar,1956,9,32.4,24.3,554.0,90.0,2.190740741,6.7,5.873584906,41992,705183.0,374324.6,21.46,91.98,4,1956.09,1
4481,Cox's Bazar,1957,6,33.3,25.1,493.0,86.0,3.238888889,6.5,4.033962264,41992,705183.0,374324.6,21.46,91.98,4,1957.06,1
4482,Cox's Bazar,1957,7,33.2,24.7,1027.0,91.0,3.298148148,6.8,3.724528302,41992,705183.0,374324.6,21.46,91.98,4,1957.07,1
4484,Cox's Bazar,1957,9,34.0,24.8,407.0,85.0,2.190740741,5.6,5.873584906,41992,705183.0,374324.6,21.46,91.98,4,1957.09,1
4494,Cox's Bazar,1958,7,32.7,25.0,831.0,90.0,3.298148148,7.0,3.724528302,41992,705183.0,374324.6,21.46,91.98,4,1958.07,1
4495,Cox's Bazar,1958,8,32.2,25.0,504.0,89.0,2.898148148,6.9,4.483018868,41992,705183.0,374324.6,21.46,91.98,4,1958.08,1
4496,Cox's Bazar,1958,9,33.8,25.0,421.0,88.0,2.190740741,6.7,5.873584906,41992,705183.0,374324.6,21.46,91.98,4,1958.09,1
4505,Cox's Bazar,1959,6,33.8,25.1,550.0,85.0,3.238888889,6.8,4.033962264,41992,705183.0,374324.6,21.46,91.98,4,1959.06,1
4506,Cox's Bazar,1959,7,33.2,24.9,1023.0,87.0,3.298148148,6.9,3.724528302,41992,705183.0,374324.6,21.46,91.98,4,1959.07,1
4507,Cox's Bazar,1959,8,31.1,24.8,853.0,92.0,2.898148148,7.1,4.483018868,41992,705183.0,374324.6,21.46,91.98,4,1959.08,1
4508,Cox's Bazar,1959,9,32.2,24.5,372.0,90.0,2.190740741,7.0,5.873584906,41992,705183.0,374324.6,21.46,91.98,4,1959.09,1
4517,Cox's Bazar,1960,6,33.8,25.4,644.0,86.0,4.2,6.1,4.033962264,41992,705183.0,374324.6,21.46,91.98,4,1960.06,1
4518,Cox's Bazar,1960,7,31.6,25.3,705.0,89.0,4.6,7.1,3.724528302,41992,705183.0,374324.6,21.46,91.98,4,1960.07,1
4519,Cox's Bazar,1960,8,31.2,25.0,907.0,90.0,3.9,7.3,4.483018868,41992,705183.0,374324.6,21.46,91.98,4,1960.08,1
4529,Cox's Bazar,1961,6,33.5,25.4,719.0,88.0,3.4,7.1,4.9,41992,705183.0,374324.6,21.46,91.98,4,1961.06,1
4530,Cox's Bazar,1961,7,31.8,24.7,1387.0,93.0,3.4,7.4,3.5,41992,705183.0,374324.6,21.46,91.98,4,1961.07,1
4531,Cox's Bazar,1961,8,31.7,25.1,937.0,92.0,3.5,7.3,4.5,41992,705183.0,374324.6,21.46,91.98,4,1961.08,1
4532,Cox's Bazar,1961,9,31.3,24.7,574.0,90.0,3.3,7.0,4.6,41992,705183.0,374324.6,21.46,91.98,4,1961.09,1
4541,Cox's Bazar,1962,6,33.2,25.2,1105.0,88.0,4.2,6.9,4.2,41992,705183.0,374324.6,21.46,91.98,4,1962.06,1
4542,Cox's Bazar,1962,7,33.3,25.4,625.0,87.0,4.2,6.7,5.8,41992,705183.0,374324.6,21.46,91.98,4,1962.07,1
4543,Cox's Bazar,1962,8,30.9,25.0,499.0,88.0,3.9,7.0,5.5,41992,705183.0,374324.6,21.46,91.98,4,1962.08,1
4552,Cox's Bazar,1963,5,32.7,23.8,617.0,80.0,3.3,5.7,8.0,41992,705183.0,374324.6,21.46,91.98,4,1963.05,1
4553,Cox's Bazar,1963,6,36.1,24.8,1027.0,88.0,5.9,7.1,5.3,41992,705183.0,374324.6,21.46,91.98,4,1963.06,1
4554,Cox's Bazar,1963,7,31.6,25.2,1104.0,93.0,6.1,7.4,2.4,41992,705183.0,374324.6,21.46,91.98,4,1963.07,1
4556,Cox's Bazar,1963,9,33.3,24.5,403.0,86.0,3.5,6.7,6.1,41992,705183.0,374324.6,21.46,91.98,4,1963.09,1
4565,Cox's Bazar,1964,6,36.9,25.1,653.0,86.0,4.7,6.2,4.5,41992,705183.0,374324.6,21.46,91.98,4,1964.06,1
4566,Cox's Bazar,1964,7,30.5,24.7,1121.0,89.0,5.0,6.8,4.1,41992,705183.0,374324.6,21.46,91.98,4,1964.07,1
4567,Cox's Bazar,1964,8,33.0,24.8,773.0,88.0,4.4,6.3,4.9,41992,705183.0,374324.6,21.46,91.98,4,1964.08,1
4577,Cox's Bazar,1965,6,31.9,24.7,1123.0,90.0,5.3,7.1,4.2,41992,705183.0,374324.6,21.46,91.98,4,1965.06,1
4578,Cox's Bazar,1965,7,31.7,24.4,1526.0,91.0,5.3,6.9,5.5,41992,705183.0,374324.6,21.46,91.98,4,1965.07,1
4579,Cox's Bazar,1965,8,31.7,24.7,1109.0,92.0,4.1,7.0,4.5,41992,705183.0,374324.6,21.46,91.98,4,1965.08,1
4581,Cox's Bazar,1965,10,32.6,23.6,416.0,85.0,2.8,5.0,6.7,41992,705183.0,374324.6,21.46,91.98,4,1965.1,1
4589,Cox's Bazar,1966,6,35.2,24.7,1532.0,92.0,7.3,7.5,1.1,41992,705183.0,374324.6,21.46,91.98,4,1966.06,1
4590,Cox's Bazar,1966,7,32.3,25.4,699.0,87.0,6.5,7.0,3.1,41992,705183.0,374324.6,21.46,91.98,4,1966.07,1
4591,Cox's Bazar,1966,8,30.6,25.0,1075.0,91.0,5.9,7.1,2.2,41992,705183.0,374324.6,21.46,91.98,4,1966.08,1
4601,Cox's Bazar,1967,6,33.2,25.4,696.0,86.0,5.3,5.8,4.9,41992,705183.0,374324.6,21.46,91.98,4,1967.06,1
4602,Cox's Bazar,1967,7,32.1,25.1,1172.0,88.0,5.1,6.6,4.2,41992,705183.0,374324.6,21.46,91.98,4,1967.07,1
4603,Cox's Bazar,1967,8,31.1,24.8,1002.0,89.0,5.1,6.8,4.7,41992,705183.0,374324.6,21.46,91.98,4,1967.08,1
4604,Cox's Bazar,1967,9,31.7,24.8,966.0,89.0,5.0,6.6,4.8,41992,705183.0,374324.6,21.46,91.98,4,1967.09,1
4613,Cox's Bazar,1968,6,30.7,24.2,1093.0,88.0,5.6,6.9,3.1,41992,705183.0,374324.6,21.46,91.98,4,1968.06,1
4614,Cox's Bazar,1968,7,31.9,25.1,951.0,89.0,5.3,6.7,4.7,41992,705183.0,374324.6,21.46,91.98,4,1968.07,1
4615,Cox's Bazar,1968,8,31.7,24.5,887.0,91.0,5.1,7.0,3.4,41992,705183.0,374324.6,21.46,91.98,4,1968.08,1
4625,Cox's Bazar,1969,6,32.8,25.0,952.0,91.0,5.5,6.3,4.5,41992,705183.0,374324.6,21.46,91.98,4,1969.06,1
4626,Cox's Bazar,1969,7,31.7,25.2,1193.0,93.0,6.2,7.0,5.2,41992,705183.0,374324.6,21.46,91.98,4,1969.07,1
4627,Cox's Bazar,1969,8,31.2,24.5,1062.0,93.0,4.7,7.3,4.4,41992,705183.0,374324.6,21.46,91.98,4,1969.08,1
4628,Cox's Bazar,1969,9,32.4,24.8,465.0,84.0,4.2,5.1,7.9,41992,705183.0,374324.6,21.46,91.98,4,1969.09,1
4637,Cox's Bazar,1970,6,32.8,24.4,578.0,85.0,3.6,7.2,4.0,41992,705183.0,374324.6,21.46,91.98,4,1970.06,1
4638,Cox's Bazar,1970,7,31.7,24.2,1424.0,90.0,3.9,7.4,3.4,41992,705183.0,374324.6,21.46,91.98,4,1970.07,1
4639,Cox's Bazar,1970,8,33.6,24.5,598.0,87.0,2.9,6.7,5.2,41992,705183.0,374324.6,21.46,91.98,4,1970.08,1
4641,Cox's Bazar,1970,10,33.1,23.9,458.0,84.0,1.6,5.2,4.8,41992,705183.0,374324.6,21.46,91.98,4,1970.1,1
4649,Cox's Bazar,1971,6,32.8,24.9,1179.0,87.0,3.6,7.0,3.8,41992,705183.0,374324.6,21.46,91.98,4,1971.06,1
4650,Cox's Bazar,1971,7,33.1,24.4,1518.0,89.0,3.3,7.3,3.4,41992,705183.0,374324.6,21.46,91.98,4,1971.07,1
4651,Cox's Bazar,1971,8,30.8,24.4,680.0,88.0,3.4,7.0,5.0,41992,705183.0,374324.6,21.46,91.98,4,1971.08,1
4663,Cox's Bazar,1972,8,31.7,24.4,839.0,90.0,2.9,7.3,3.9,41992,705183.0,374324.6,21.46,91.98,4,1972.08,1
4665,Cox's Bazar,1972,10,33.3,23.8,440.0,79.0,1.0,3.7,8.8,41992,705183.0,374324.6,21.46,91.98,4,1972.1,1
4672,Cox's Bazar,1973,5,33.3,24.5,496.0,84.0,2.6,4.6,6.9,41992,705183.0,374324.6,21.46,91.98,4,1973.05,1
4673,Cox's Bazar,1973,6,32.2,25.5,790.0,89.0,2.2,6.0,4.4,41992,705183.0,374324.6,21.46,91.98,4,1973.06,1
4674,Cox's Bazar,1973,7,32.2,25.4,874.0,86.0,3.5,6.6,4.3,41992,705183.0,374324.6,21.46,91.98,4,1973.07,1
4675,Cox's Bazar,1973,8,31.7,25.0,463.0,87.0,2.9,6.6,4.8,41992,705183.0,374324.6,21.46,91.98,4,1973.08,1
4684,Cox's Bazar,1974,5,34.4,24.5,486.0,82.0,2.7,4.0,7.9,41992,705183.0,374324.6,21.46,91.98,4,1974.05,1
4685,Cox's Bazar,1974,6,32.8,24.8,532.0,87.0,3.1,6.3,3.6,41992,705183.0,374324.6,21.46,91.98,4,1974.06,1
4686,Cox's Bazar,1974,7,30.3,24.4,1291.0,92.0,3.5,7.0,2.4,41992,705183.0,374324.6,21.46,91.98,4,1974.07,1
4687,Cox's Bazar,1974,8,31.9,24.9,1059.0,91.0,3.4,6.8,3.2,41992,705183.0,374324.6,21.46,91.98,4,1974.08,1
4697,Cox's Bazar,1975,6,33.3,24.9,484.0,85.0,3.1,6.0,5.7,41992,705183.0,374324.6,21.46,91.98,4,1975.06,1
4698,Cox's Bazar,1975,7,30.8,24.4,1293.0,90.0,2.0,6.8,3.8,41992,705183.0,374324.6,21.46,91.98,4,1975.07,1
4699,Cox's Bazar,1975,8,31.7,25.0,462.0,86.0,2.3,6.1,4.1,41992,705183.0,374324.6,21.46,91.98,4,1975.08,1
4701,Cox's Bazar,1975,10,32.2,24.6,667.0,85.0,1.2,4.8,6.8,41992,705183.0,374324.6,21.46,91.98,4,1975.1,1
4709,Cox's Bazar,1976,6,32.8,24.5,889.0,86.0,2.8,6.5,3.5,41992,705183.0,374324.6,21.46,91.98,4,1976.06,1
4710,Cox's Bazar,1976,7,30.2,24.5,972.0,89.0,3.4,6.8,2.7,41992,705183.0,374324.6,21.46,91.98,4,1976.07,1
4711,Cox's Bazar,1976,8,31.9,24.4,671.0,88.0,2.4,6.6,5.0,41992,705183.0,374324.6,21.46,91.98,4,1976.08,1
4719,Cox's Bazar,1977,4,31.9,22.5,566.0,82.0,2.6,4.4,7.5,41992,705183.0,374324.6,21.46,91.98,4,1977.04,1
4721,Cox's Bazar,1977,6,32.8,24.5,930.0,87.0,2.5,6.0,2.6,41992,705183.0,374324.6,21.46,91.98,4,1977.06,1
4722,Cox's Bazar,1977,7,31.7,25.0,1077.0,89.0,3.2,6.7,2.4,41992,705183.0,374324.6,21.46,91.98,4,1977.07,1
4723,Cox's Bazar,1977,8,32.2,24.6,649.0,87.0,2.7,6.7,4.9,41992,705183.0,374324.6,21.46,91.98,4,1977.08,1
4733,Cox's Bazar,1978,6,32.2,25.5,621.0,86.0,2.2,6.5,5.1,41992,705183.0,374324.6,21.46,91.98,4,1978.06,1
4734,Cox's Bazar,1978,7,32.2,25.2,535.0,86.0,2.0,6.4,5.3,41992,705183.0,374324.6,21.46,91.98,4,1978.07,1
4735,Cox's Bazar,1978,8,32.1,25.0,571.0,88.0,1.9,6.7,5.3,41992,705183.0,374324.6,21.46,91.98,4,1978.08,1
4736,Cox's Bazar,1978,9,32.8,24.3,479.0,86.0,1.3,5.8,5.8,41992,705183.0,374324.6,21.46,91.98,4,1978.09,1
4769,Cox's Bazar,1981,6,33.0,24.4,705.0,90.0,1.6,6.3,1.5,41992,705183.0,374324.6,21.46,91.98,4,1981.06,1
4770,Cox's Bazar,1981,7,32.0,24.6,839.0,93.0,1.6,7.0,2.1,41992,705183.0,374324.6,21.46,91.98,4,1981.07,1
4771,Cox's Bazar,1981,8,32.0,25.0,445.0,88.0,1.6,6.3,4.5,41992,705183.0,374324.6,21.46,91.98,4,1981.08,1
4781,Cox's Bazar,1982,6,35.2,24.9,1199.0,89.0,2.3,6.5,3.1,41992,705183.0,374324.6,21.46,91.98,4,1982.06,1
4782,Cox's Bazar,1982,7,33.5,25.3,866.0,89.0,2.2,6.5,5.5,41992,705183.0,374324.6,21.46,91.98,4,1982.07,1
4783,Cox's Bazar,1982,8,32.2,24.6,850.0,90.0,2.0,6.6,4.3,41992,705183.0,374324.6,21.46,91.98,4,1982.08,1
4784,Cox's Bazar,1982,9,32.6,24.6,483.0,86.0,1.3,5.1,7.3,41992,705183.0,374324.6,21.46,91.98,4,1982.09,1
4793,Cox's Bazar,1983,6,33.5,25.3,721.0,89.0,2.2,6.4,4.1,41992,705183.0,374324.6,21.46,91.98,4,1983.06,1
4794,Cox's Bazar,1983,7,33.2,25.3,1027.0,89.0,2.0,6.5,2.3,41992,705183.0,374324.6,21.46,91.98,4,1983.07,1
4795,Cox's Bazar,1983,8,33.3,25.1,888.0,88.0,1.9,6.6,5.1,41992,705183.0,374324.6,21.46,91.98,4,1983.08,1
4797,Cox's Bazar,1983,10,33.3,24.3,379.0,84.0,1.4,4.1,7.7,41992,705183.0,374324.6,21.46,91.98,4,1983.1,1
4805,Cox's Bazar,1984,6,32.3,24.9,1275.0,93.0,3.4,6.9,2.0,41992,705183.0,374324.6,21.46,91.98,4,1984.06,1
4806,Cox's Bazar,1984,7,32.5,25.1,731.0,90.0,3.1,6.2,3.6,41992,705183.0,374324.6,21.46,91.98,4,1984.07,1
4807,Cox's Bazar,1984,8,33.5,24.9,817.0,91.0,2.6,6.6,3.0,41992,705183.0,374324.6,21.46,91.98,4,1984.08,1
4817,Cox's Bazar,1985,6,32.5,25.2,766.0,89.0,2.8,6.6,4.0,41992,705183.0,374324.6,21.46,91.98,4,1985.06,1
4818,Cox's Bazar,1985,7,31.5,24.5,884.0,89.0,3.0,6.3,3.7,41992,705183.0,374324.6,21.46,91.98,4,1985.07,1
4819,Cox's Bazar,1985,8,33.0,25.3,599.0,89.0,2.8,6.3,4.5,41992,705183.0,374324.6,21.46,91.98,4,1985.08,1
4829,Cox's Bazar,1986,6,34.0,25.5,921.0,88.0,3.1,6.1,4.0,41992,705183.0,374324.6,21.46,91.98,4,1986.06,1
4830,Cox's Bazar,1986,7,32.5,25.1,799.0,90.0,3.2,6.1,3.7,41992,705183.0,374324.6,21.46,91.98,4,1986.07,1
4841,Cox's Bazar,1987,6,34.4,25.7,653.0,86.0,3.0,5.4,4.6,41992,705183.0,374324.6,21.46,91.98,4,1987.06,1
4842,Cox's Bazar,1987,7,32.0,25.8,1885.0,91.0,3.6,7.0,1.7,41992,705183.0,374324.6,21.46,91.98,4,1987.07,1
4843,Cox's Bazar,1987,8,32.8,25.5,1298.0,88.0,2.3,6.2,3.2,41992,705183.0,374324.6,21.46,91.98,4,1987.08,1
4844,Cox's Bazar,1987,9,33.0,25.6,410.0,87.0,2.2,5.7,5.3,41992,705183.0,374324.6,21.46,91.98,4,1987.09,1
4853,Cox's Bazar,1988,6,33.6,25.0,1306.0,89.0,2.6,6.5,3.0,41992,705183.0,374324.6,21.46,91.98,4,1988.06,1
4854,Cox's Bazar,1988,7,33.0,25.2,777.0,88.0,2.7,6.6,3.4,41992,705183.0,374324.6,21.46,91.98,4,1988.07,1
4855,Cox's Bazar,1988,8,32.0,25.3,918.0,89.0,2.9,6.5,3.6,41992,705183.0,374324.6,21.46,91.98,4,1988.08,1
4856,Cox's Bazar,1988,9,35.0,25.5,516.0,86.0,1.5,5.5,6.1,41992,705183.0,374324.6,21.46,91.98,4,1988.09,1
4865,Cox's Bazar,1989,6,35.8,25.2,766.0,85.0,2.9,5.8,4.7,41992,705183.0,374324.6,21.46,91.98,4,1989.06,1
4866,Cox's Bazar,1989,7,33.8,25.3,865.0,86.0,3.1,6.5,3.2,41992,705183.0,374324.6,21.46,91.98,4,1989.07,1
4868,Cox's Bazar,1989,9,32.5,25.0,460.0,85.0,1.8,5.8,5.2,41992,705183.0,374324.6,21.46,91.98,4,1989.09,1
4869,Cox's Bazar,1989,10,33.0,24.1,516.0,88.0,1.4,5.8,4.9,41992,705183.0,374324.6,21.46,91.98,4,1989.1,1
4877,Cox's Bazar,1990,6,34.4,25.7,1201.0,87.0,2.9,6.6,4.0,41992,705183.0,374324.6,21.46,91.98,4,1990.06,1
4878,Cox's Bazar,1990,7,32.4,25.4,1211.0,91.0,3.2,7.5,3.7,41992,705183.0,374324.6,21.46,91.98,4,1990.07,1
4889,Cox's Bazar,1991,6,33.0,25.2,1165.0,89.0,2.7,6.9,1.5,41992,705183.0,374324.6,21.46,91.98,4,1991.06,1
4890,Cox's Bazar,1991,7,33.3,25.4,800.0,88.0,3.2,7.0,3.7,41992,705183.0,374324.6,21.46,91.98,4,1991.07,1
4891,Cox's Bazar,1991,8,33.5,25.4,770.0,89.0,2.8,7.1,3.5,41992,705183.0,374324.6,21.46,91.98,4,1991.08,1
4892,Cox's Bazar,1991,9,33.5,25.1,497.0,87.0,1.7,6.2,4.2,41992,705183.0,374324.6,21.46,91.98,4,1991.09,1
4901,Cox's Bazar,1992,6,36.0,25.7,767.0,83.0,2.7,5.6,5.5,41992,705183.0,374324.6,21.46,91.98,4,1992.06,1
4902,Cox's Bazar,1992,7,34.0,25.1,824.0,88.0,2.8,7.0,2.9,41992,705183.0,374324.6,21.46,91.98,4,1992.07,1
4903,Cox's Bazar,1992,8,33.5,25.2,451.0,86.0,2.8,6.6,4.1,41992,705183.0,374324.6,21.46,91.98,4,1992.08,1
4912,Cox's Bazar,1993,5,33.6,24.2,508.0,81.0,3.1,5.1,7.6,41992,705183.0,374324.6,21.46,91.98,4,1993.05,1
4913,Cox's Bazar,1993,6,33.0,25.0,835.0,89.0,3.4,6.5,3.4,41992,705183.0,374324.6,21.46,91.98,4,1993.06,1
4914,Cox's Bazar,1993,7,33.5,25.5,672.0,87.0,3.7,6.4,4.3,41992,705183.0,374324.6,21.46,91.98,4,1993.07,1
4915,Cox's Bazar,1993,8,32.2,25.4,736.0,88.0,3.3,6.7,3.0,41992,705183.0,374324.6,21.46,91.98,4,1993.08,1
4925,Cox's Bazar,1994,6,34.5,25.8,1022.0,87.0,3.0,7.0,2.7,41992,705183.0,374324.6,21.46,91.98,4,1994.06,1
4926,Cox's Bazar,1994,7,32.5,25.2,767.0,89.0,3.1,7.0,3.0,41992,705183.0,374324.6,21.46,91.98,4,1994.07,1
4927,Cox's Bazar,1994,8,32.0,25.3,520.0,86.0,3.1,6.7,5.1,41992,705183.0,374324.6,21.46,91.98,4,1994.08,1
4937,Cox's Bazar,1995,6,33.6,25.7,706.0,86.0,3.6,6.8,4.6,41992,705183.0,374324.6,21.46,91.98,4,1995.06,1
4938,Cox's Bazar,1995,7,32.5,25.3,1039.0,87.0,3.5,7.0,3.4,41992,705183.0,374324.6,21.46,91.98,4,1995.07,1
4939,Cox's Bazar,1995,8,33.0,25.6,629.0,86.0,2.9,6.5,5.1,41992,705183.0,374324.6,21.46,91.98,4,1995.08,1
4940,Cox's Bazar,1995,9,34.0,25.3,463.0,86.0,2.4,6.0,5.1,41992,705183.0,374324.6,21.46,91.98,4,1995.09,1
4942,Cox's Bazar,1995,11,34.5,22.6,409.0,82.0,1.6,4.9,5.5,41992,705183.0,374324.6,21.46,91.98,4,1995.11,1
4949,Cox's Bazar,1996,6,34.6,25.1,671.0,85.0,3.0,5.8,6.0,41992,705183.0,374324.6,21.46,91.98,4,1996.06,1
4950,Cox's Bazar,1996,7,34.0,25.5,946.0,87.0,2.7,6.5,4.0,41992,705183.0,374324.6,21.46,91.98,4,1996.07,1
4951,Cox's Bazar,1996,8,33.0,24.9,702.0,89.0,2.2,6.6,3.3,41992,705183.0,374324.6,21.46,91.98,4,1996.08,1
4952,Cox's Bazar,1996,9,35.5,25.0,528.0,86.0,1.4,5.9,5.9,41992,705183.0,374324.6,21.46,91.98,4,1996.09,1
4953,Cox's Bazar,1996,10,34.5,24.5,446.0,83.0,1.5,4.5,6.2,41992,705183.0,374324.6,21.46,91.98,4,1996.1,1
4962,Cox's Bazar,1997,7,32.5,24.9,1277.0,91.0,2.7,7.0,2.8,41992,705183.0,374324.6,21.46,91.98,4,1997.07,1
4963,Cox's Bazar,1997,8,35.6,25.5,613.0,87.0,2.5,6.0,6.5,41992,705183.0,374324.6,21.46,91.98,4,1997.08,1
4964,Cox's Bazar,1997,9,34.0,24.8,640.0,87.0,1.6,5.7,6.1,41992,705183.0,374324.6,21.46,91.98,4,1997.09,1
4974,Cox's Bazar,1998,7,34.7,25.7,1257.0,90.0,3.4,6.5,4.0,41992,705183.0,374324.6,21.46,91.98,4,1998.07,1
4975,Cox's Bazar,1998,8,34.5,25.7,1105.0,90.0,2.8,6.8,3.8,41992,705183.0,374324.6,21.46,91.98,4,1998.08,1
4984,Cox's Bazar,1999,5,36.3,25.1,578.0,84.0,2.2,4.8,5.7,41992,705183.0,374324.6,21.46,91.98,4,1999.05,1
4985,Cox's Bazar,1999,6,35.7,25.6,853.0,89.0,2.7,6.3,4.8,41992,705183.0,374324.6,21.46,91.98,4,1999.06,1
4986,Cox's Bazar,1999,7,33.5,25.3,919.0,90.0,1.9,6.7,4.0,41992,705183.0,374324.6,21.46,91.98,4,1999.07,1
4987,Cox's Bazar,1999,8,33.5,25.0,1134.0,91.0,1.9,7.1,3.5,41992,705183.0,374324.6,21.46,91.98,4,1999.08,1
4996,Cox's Bazar,2000,5,35.7,23.7,589.0,86.0,1.6,4.9,5.8,41992,705183.0,374324.6,21.46,91.98,4,2000.05,1
4997,Cox's Bazar,2000,6,35.2,25.1,841.0,88.0,2.1,6.5,4.5,41992,705183.0,374324.6,21.46,91.98,4,2000.06,1
4998,Cox's Bazar,2000,7,34.8,24.4,1300.0,90.0,2.1,6.4,4.6,41992,705183.0,374324.6,21.46,91.98,4,2000.07,1
4999,Cox's Bazar,2000,8,34.6,25.1,870.0,89.0,1.8,6.1,5.8,41992,705183.0,374324.6,21.46,91.98,4,2000.08,1
5000,Cox's Bazar,2000,9,34.6,25.0,503.0,88.0,1.2,5.9,5.6,41992,705183.0,374324.6,21.46,91.98,4,2000.09,1
5001,Cox's Bazar,2000,10,36.0,24.6,424.0,85.0,0.9,4.4,7.4,41992,705183.0,374324.6,21.46,91.98,4,2000.1,1
5009,Cox's Bazar,2001,6,33.7,23.9,1373.0,92.0,2.6,7.0,3.5,41992,705183.0,374324.6,21.46,91.98,4,2001.06,1
5010,Cox's Bazar,2001,7,33.8,25.3,903.0,90.0,2.9,6.7,4.0,41992,705183.0,374324.6,21.46,91.98,4,2001.07,1
5011,Cox's Bazar,2001,8,34.1,25.7,534.0,89.0,1.9,6.1,6.4,41992,705183.0,374324.6,21.46,91.98,4,2001.08,1
5012,Cox's Bazar,2001,9,36.0,25.3,426.0,88.0,1.1,5.1,7.0,41992,705183.0,374324.6,21.46,91.98,4,2001.09,1
5020,Cox's Bazar,2002,5,34.6,25.1,494.0,85.0,1.9,4.8,7.3,41992,705183.0,374324.6,21.46,91.98,4,2002.05,1
5021,Cox's Bazar,2002,6,34.5,25.8,503.0,89.0,1.8,5.7,5.7,41992,705183.0,374324.6,21.46,91.98,4,2002.06,1
5022,Cox's Bazar,2002,7,33.4,25.7,1236.0,92.0,1.4,7.1,2.1,41992,705183.0,374324.6,21.46,91.98,4,2002.07,1
5023,Cox's Bazar,2002,8,34.8,25.5,658.0,89.0,1.8,6.2,5.3,41992,705183.0,374324.6,21.46,91.98,4,2002.08,1
5032,Cox's Bazar,2003,5,35.8,25.7,574.0,84.0,1.6,3.9,6.1,41992,705183.0,374324.6,21.46,91.98,4,2003.05,1
5033,Cox's Bazar,2003,6,35.2,24.9,1349.0,91.0,2.5,6.8,2.4,41992,705183.0,374324.6,21.46,91.98,4,2003.06,1
5034,Cox's Bazar,2003,7,34.1,25.6,896.0,88.0,2.4,5.8,6.0,41992,705183.0,374324.6,21.46,91.98,4,2003.07,1
5035,Cox's Bazar,2003,8,34.2,25.5,655.0,88.0,1.8,5.9,5.7,41992,705183.0,374324.6,21.46,91.98,4,2003.08,1
5045,Cox's Bazar,2004,6,36.0,25.7,705.0,86.0,1.4,6.1,4.4,41992,705183.0,374324.6,21.46,91.98,4,2004.06,1
5046,Cox's Bazar,2004,7,34.0,25.3,751.0,89.0,1.7,6.7,3.9,41992,705183.0,374324.6,21.46,91.98,4,2004.07,1
5047,Cox's Bazar,2004,8,34.8,25.4,686.0,89.0,2.0,6.2,5.3,41992,705183.0,374324.6,21.46,91.98,4,2004.08,1
5048,Cox's Bazar,2004,9,36.6,25.4,438.0,87.0,1.2,5.4,5.9,41992,705183.0,374324.6,21.46,91.98,4,2004.09,1
5057,Cox's Bazar,2005,6,35.4,26.5,848.0,85.0,2.7,5.3,5.1,41992,705183.0,374324.6,21.46,91.98,4,2005.06,1
5058,Cox's Bazar,2005,7,33.0,25.5,608.0,88.0,2.5,6.0,4.3,41992,705183.0,374324.6,21.46,91.98,4,2005.07,1
5059,Cox's Bazar,2005,8,32.6,25.4,957.0,91.0,2.5,7.2,2.8,41992,705183.0,374324.6,21.46,91.98,4,2005.08,1
5068,Cox's Bazar,2006,5,34.8,25.2,800.0,81.0,1.3,4.8,7.2,41992,705183.0,374324.6,21.46,91.98,4,2006.05,1
5069,Cox's Bazar,2006,6,33.5,25.7,662.0,87.0,1.5,6.4,4.7,41992,705183.0,374324.6,21.46,91.98,4,2006.06,1
5070,Cox's Bazar,2006,7,32.8,25.5,802.0,90.0,2.0,6.9,3.3,41992,705183.0,374324.6,21.46,91.98,4,2006.07,1
5072,Cox's Bazar,2006,9,33.5,25.1,678.0,86.0,1.4,5.5,6.0,41992,705183.0,374324.6,21.46,91.98,4,2006.09,1
5081,Cox's Bazar,2007,6,34.5,26.0,640.0,84.0,1.6,6.1,5.6,41992,705183.0,374324.6,21.46,91.98,4,2007.06,1
5082,Cox's Bazar,2007,7,34.2,25.2,1274.0,90.0,1.9,6.9,2.9,41992,705183.0,374324.6,21.46,91.98,4,2007.07,1
5083,Cox's Bazar,2007,8,33.5,25.4,526.0,86.0,1.9,6.8,4.8,41992,705183.0,374324.6,21.46,91.98,4,2007.08,1
5084,Cox's Bazar,2007,9,33.7,24.9,409.0,87.0,1.8,6.8,3.7,41992,705183.0,374324.6,21.46,91.98,4,2007.09,1
5085,Cox's Bazar,2007,10,34.8,24.0,492.0,83.0,0.9,4.3,6.4,41992,705183.0,374324.6,21.46,91.98,4,2007.1,1
5086,Cox's Bazar,2007,11,33.7,22.6,127.0,81.0,0.9,2.5,7.2,41992,705183.0,374324.6,21.46,91.98,4,2007.11,0
5087,Cox's Bazar,2007,12,30.5,17.5,0.0,72.0,1.0,1.5,7.3,41992,705183.0,374324.6,21.46,91.98,4,2007.12,0
5088,Cox's Bazar,2008,1,30.0,16.0,15.0,73.0,0.8,1.1,7.4,41992,705183.0,374324.6,21.46,91.98,4,2008.01,0
5089,Cox's Bazar,2008,2,31.4,16.5,50.0,67.0,1.1,1.0,8.9,41992,705183.0,374324.6,21.46,91.98,4,2008.02,0
5093,Cox's Bazar,2008,6,34.2,25.2,1318.0,86.0,1.7,6.4,3.8,41992,705183.0,374324.6,21.46,91.98,4,2008.06,1
5094,Cox's Bazar,2008,7,32.6,24.8,1275.0,90.0,1.2,7.1,3.1,41992,705183.0,374324.6,21.46,91.98,4,2008.07,1
5095,Cox's Bazar,2008,8,33.5,25.0,664.0,88.0,1.4,6.6,3.9,41992,705183.0,374324.6,21.46,91.98,4,2008.08,1
5097,Cox's Bazar,2008,10,35.1,24.8,184.0,81.0,0.9,3.0,7.7,41992,705183.0,374324.6,21.46,91.98,4,2008.1,0
5098,Cox's Bazar,2008,11,33.0,20.8,3.0,75.0,0.4,1.5,8.8,41992,705183.0,374324.6,21.46,91.98,4,2008.11,0
5099,Cox's Bazar,2008,12,31.3,18.0,0.0,76.0,0.3,0.8,6.9,41992,705183.0,374324.6,21.46,91.98,4,2008.12,0
5100,Cox's Bazar,2009,1,31.8,15.9,0.0,70.0,3.0,0.1,7.7,41992,705183.0,374324.6,21.46,91.98,4,2009.01,0
5101,Cox's Bazar,2009,2,33.3,17.9,0.0,67.0,4.8,0.3,9.0,41992,705183.0,374324.6,21.46,91.98,4,2009.02,0
5106,Cox's Bazar,2009,7,32.8,25.5,971.0,90.0,4.8,6.7,3.1,41992,705183.0,374324.6,21.46,91.98,4,2009.07,1
5107,Cox's Bazar,2009,8,34.0,25.3,944.0,89.0,3.9,6.9,3.2,41992,705183.0,374324.6,21.46,91.98,4,2009.08,1
5108,Cox's Bazar,2009,9,35.0,25.2,485.0,85.0,3.7,5.9,5.8,41992,705183.0,374324.6,21.46,91.98,4,2009.09,1
5109,Cox's Bazar,2009,10,34.6,24.6,130.0,80.0,3.1,3.1,7.7,41992,705183.0,374324.6,21.46,91.98,4,2009.1,0
5110,Cox's Bazar,2009,11,34.5,21.7,58.0,73.0,2.2,2.1,7.6,41992,705183.0,374324.6,21.46,91.98,4,2009.11,0
5111,Cox's Bazar,2009,12,30.5,16.6,0.0,72.0,2.8,0.8,8.5,41992,705183.0,374324.6,21.46,91.98,4,2009.12,0
5112,Cox's Bazar,2010,1,30.0,15.3,0.0,72.0,4.0,0.5,8.2,41992,705183.0,374324.6,21.46,91.98,4,2010.01,0
5113,Cox's Bazar,2010,2,34.0,17.5,0.0,65.0,4.3,1.2,8.4,41992,705183.0,374324.6,21.46,91.98,4,2010.02,0
5116,Cox's Bazar,2010,5,36.0,26.1,717.0,78.0,4.1,4.3,6.8,41992,705183.0,374324.6,21.46,91.98,4,2010.05,1
5117,Cox's Bazar,2010,6,34.0,26.0,982.0,86.0,4.6,6.2,5.1,41992,705183.0,374324.6,21.46,91.98,4,2010.06,1
5118,Cox's Bazar,2010,7,34.0,25.8,496.0,85.0,4.1,6.3,5.2,41992,705183.0,374324.6,21.46,91.98,4,2010.07,1
5119,Cox's Bazar,2010,8,33.7,25.7,501.0,84.0,3.3,6.0,5.9,41992,705183.0,374324.6,21.46,91.98,4,2010.08,1
5121,Cox's Bazar,2010,10,36.0,25.4,375.0,84.0,2.5,4.5,6.1,41992,705183.0,374324.6,21.46,91.98,4,2010.1,0
5122,Cox's Bazar,2010,11,33.5,21.7,15.0,77.0,2.6,1.2,8.9,41992,705183.0,374324.6,21.46,91.98,4,2010.11,0
5123,Cox's Bazar,2010,12,33.0,17.5,68.0,74.0,2.9,1.0,7.6,41992,705183.0,374324.6,21.46,91.98,4,2010.12,0
5124,Cox's Bazar,2011,1,31.0,14.9,11.0,67.0,3.7,0.8,8.0,41992,705183.0,374324.6,21.46,91.98,4,2011.01,0
5125,Cox's Bazar,2011,2,32.5,17.8,0.0,68.0,3.8,0.9,9.1,41992,705183.0,374324.6,21.46,91.98,4,2011.02,0
5129,Cox's Bazar,2011,6,34.0,25.4,926.0,87.0,3.7,6.5,3.0,41992,705183.0,374324.6,21.46,91.98,4,2011.06,1
5130,Cox's Bazar,2011,7,33.5,25.5,877.0,86.0,3.8,6.2,4.7,41992,705183.0,374324.6,21.46,91.98,4,2011.07,1
5131,Cox's Bazar,2011,8,33.8,25.1,1226.0,88.0,3.6,6.8,4.0,41992,705183.0,374324.6,21.46,91.98,4,2011.08,1
5132,Cox's Bazar,2011,9,33.5,24.9,692.0,88.0,2.9,5.9,4.4,41992,705183.0,374324.6,21.46,91.98,4,2011.09,1
5133,Cox's Bazar,2011,10,34.3,23.9,280.0,82.0,2.1,3.1,7.7,41992,705183.0,374324.6,21.46,91.98,4,2011.1,0
5134,Cox's Bazar,2011,11,32.5,19.5,0.0,74.0,1.9,0.1,8.3,41992,705183.0,374324.6,21.46,91.98,4,2011.11,0
5135,Cox's Bazar,2011,12,32.2,17.0,5.0,77.0,1.5,1.5,5.3,41992,705183.0,374324.6,21.46,91.98,4,2011.12,0
5136,Cox's Bazar,2012,1,31.2,15.8,0.0,67.0,2.8,0.9,7.7,41992,705183.0,374324.6,21.46,91.98,4,2012.01,0
5137,Cox's Bazar,2012,2,34.0,17.1,0.0,63.0,3.0,0.4,8.9,41992,705183.0,374324.6,21.46,91.98,4,2012.02,0
5141,Cox's Bazar,2012,6,34.8,25.4,1102.0,86.0,4.9,6.3,3.0,41992,705183.0,374324.6,21.46,91.98,4,2012.06,1
5142,Cox's Bazar,2012,7,33.5,25.1,1130.0,90.0,4.5,7.2,1.6,41992,705183.0,374324.6,21.46,91.98,4,2012.07,1
5143,Cox's Bazar,2012,8,33.6,24.9,801.0,87.0,4.1,6.3,4.8,41992,705183.0,374324.6,21.46,91.98,4,2012.08,1
5145,Cox's Bazar,2012,10,34.3,24.4,263.0,83.0,3.8,3.3,7.8,41992,705183.0,374324.6,21.46,91.98,4,2012.1,0
5146,Cox's Bazar,2012,11,33.6,21.5,14.0,76.0,3.7,3.1,6.2,41992,705183.0,374324.6,21.46,91.98,4,2012.11,0
5147,Cox's Bazar,2012,12,30.4,15.5,0.0,77.0,3.9,0.5,8.0,41992,705183.0,374324.6,21.46,91.98,4,2012.12,0
5148,Cox's Bazar,2013,1,32.0,13.9,0.0,71.0,4.6,0.4,7.9,41992,705183.0,374324.6,21.46,91.98,4,2013.01,0
5149,Cox's Bazar,2013,2,33.8,18.2,0.0,67.0,4.5,1.0,8.4,41992,705183.0,374324.6,21.46,91.98,4,2013.02,0
5152,Cox's Bazar,2013,5,34.5,24.7,700.0,86.0,4.3,6.0,4.0,41992,705183.0,374324.6,21.46,91.98,4,2013.05,1
5153,Cox's Bazar,2013,6,35.0,25.8,876.0,86.0,2.9,6.5,3.7,41992,705183.0,374324.6,21.46,91.98,4,2013.06,1
5154,Cox's Bazar,2013,7,34.0,25.1,772.0,86.0,2.9,7.0,4.6,41992,705183.0,374324.6,21.46,91.98,4,2013.07,1
5155,Cox's Bazar,2013,8,33.5,25.5,1000.0,86.0,2.9,6.6,4.4,41992,705183.0,374324.6,21.46,91.98,4,2013.08,1
5157,Cox's Bazar,2013,10,34.2,24.5,420.0,84.0,1.7,5.4,4.9,41992,705183.0,374324.6,21.46,91.98,4,2013.1,1
5158,Cox's Bazar,2013,11,32.6,21.3,0.0,73.0,1.1,1.6,7.6,41992,705183.0,374324.6,21.46,91.98,4,2013.11,0
5159,Cox's Bazar,2013,12,31.0,17.1,0.0,73.0,1.3,1.0,7.1,41992,705183.0,374324.6,21.46,91.98,4,2013.12,0
5160,Dhaka,1953,1,26.7,10.9,10.0,70.0,0.725925926,1.7,7.343396226,41923,540098.6,629248.4,23.78,90.39,9,1953.01,0
5161,Dhaka,1953,2,33.6,14.7,2.0,65.0,0.924074074,2.1,8.130188679,41923,540098.6,629248.4,23.78,90.39,9,1953.02,0
5169,Dhaka,1953,10,32.3,22.9,52.0,80.0,0.714814815,3.4,6.903773585,41923,540098.6,629248.4,23.78,90.39,9,1953.1,0
5170,Dhaka,1953,11,30.3,17.2,13.0,75.0,0.555555556,2.1,7.822641509,41923,540098.6,629248.4,23.78,90.39,9,1953.11,0
5171,Dhaka,1953,12,29.4,13.7,0.0,72.0,0.562962963,1.5,7.49245283,41923,540098.6,629248.4,23.78,90.39,9,1953.12,0
5172,Dhaka,1954,1,29.2,9.9,14.0,70.0,0.725925926,0.9,7.343396226,41923,540098.6,629248.4,23.78,90.39,9,1954.01,0
5173,Dhaka,1954,2,33.6,16.0,0.0,65.0,0.924074074,2.1,8.130188679,41923,540098.6,629248.4,23.78,90.39,9,1954.02,0
5181,Dhaka,1954,10,33.1,22.4,218.0,82.0,0.714814815,4.2,6.903773585,41923,540098.6,629248.4,23.78,90.39,9,1954.1,0
5182,Dhaka,1954,11,29.9,15.8,0.0,74.0,0.555555556,1.2,7.822641509,41923,540098.6,629248.4,23.78,90.39,9,1954.11,0
5183,Dhaka,1954,12,29.1,12.7,10.0,73.0,0.562962963,1.6,7.49245283,41923,540098.6,629248.4,23.78,90.39,9,1954.12,0
5184,Dhaka,1955,1,27.4,11.0,0.0,71.0,0.725925926,1.4,7.343396226,41923,540098.6,629248.4,23.78,90.39,9,1955.01,0
5185,Dhaka,1955,2,32.9,12.1,0.0,54.0,0.924074074,0.8,8.130188679,41923,540098.6,629248.4,23.78,90.39,9,1955.02,0
5193,Dhaka,1955,10,33.9,24.2,71.0,82.0,0.714814815,4.3,6.903773585,41923,540098.6,629248.4,23.78,90.39,9,1955.1,0
5194,Dhaka,1955,11,31.3,18.8,99.0,78.0,0.555555556,3.1,7.822641509,41923,540098.6,629248.4,23.78,90.39,9,1955.11,0
5195,Dhaka,1955,12,28.2,11.8,0.0,73.0,0.562962963,1.0,7.49245283,41923,540098.6,629248.4,23.78,90.39,9,1955.12,0
5196,Dhaka,1956,1,28.0,11.2,12.0,68.0,0.725925926,0.6,7.343396226,41923,540098.6,629248.4,23.78,90.39,9,1956.01,0
5197,Dhaka,1956,2,34.1,11.9,5.0,59.0,0.924074074,1.3,8.130188679,41923,540098.6,629248.4,23.78,90.39,9,1956.02,0
5205,Dhaka,1956,10,33.7,24.0,121.0,82.0,0.714814815,4.6,6.903773585,41923,540098.6,629248.4,23.78,90.39,9,1956.1,0
5206,Dhaka,1956,11,30.4,18.5,53.0,77.0,0.555555556,2.3,7.822641509,41923,540098.6,629248.4,23.78,90.39,9,1956.11,0
5207,Dhaka,1956,12,28.1,12.7,13.0,75.0,0.562962963,0.9,7.49245283,41923,540098.6,629248.4,23.78,90.39,9,1956.12,0
5208,Dhaka,1957,1,28.0,13.0,68.0,77.0,0.725925926,2.0,7.343396226,41923,540098.6,629248.4,23.78,90.39,9,1957.01,0
5209,Dhaka,1957,2,30.8,13.4,69.0,70.0,0.924074074,2.0,8.130188679,41923,540098.6,629248.4,23.78,90.39,9,1957.02,0
5217,Dhaka,1957,10,32.9,22.8,29.0,79.0,0.714814815,3.5,6.903773585,41923,540098.6,629248.4,23.78,90.39,9,1957.1,0
5218,Dhaka,1957,11,30.6,15.9,0.0,70.0,0.555555556,1.8,7.822641509,41923,540098.6,629248.4,23.78,90.39,9,1957.11,0
5219,Dhaka,1957,12,28.8,12.7,0.0,74.0,0.562962963,0.7,7.49245283,41923,540098.6,629248.4,23.78,90.39,9,1957.12,0
5220,Dhaka,1958,1,30.6,12.6,0.0,71.0,0.725925926,1.8,7.343396226,41923,540098.6,629248.4,23.78,90.39,9,1958.01,0
5221,Dhaka,1958,2,31.0,14.8,95.0,70.0,0.924074074,2.5,8.130188679,41923,540098.6,629248.4,23.78,90.39,9,1958.02,0
5229,Dhaka,1958,10,33.9,24.4,191.0,83.0,0.714814815,4.8,6.903773585,41923,540098.6,629248.4,23.78,90.39,9,1958.1,0
5230,Dhaka,1958,11,33.1,18.5,0.0,77.0,0.555555556,2.6,7.822641509,41923,540098.6,629248.4,23.78,90.39,9,1958.11,0
5231,Dhaka,1958,12,29.6,13.4,0.0,77.0,0.562962963,1.7,7.49245283,41923,540098.6,629248.4,23.78,90.39,9,1958.12,0
5232,Dhaka,1959,1,29.1,12.1,15.0,75.0,0.725925926,1.9,7.343396226,41923,540098.6,629248.4,23.78,90.39,9,1959.01,0
5233,Dhaka,1959,2,31.0,13.4,4.0,66.0,0.924074074,1.7,8.130188679,41923,540098.6,629248.4,23.78,90.39,9,1959.02,0
5241,Dhaka,1959,10,32.2,23.3,568.0,89.0,0.714814815,5.4,6.903773585,41923,540098.6,629248.4,23.78,90.39,9,1959.1,0
5242,Dhaka,1959,11,29.7,16.8,0.0,76.0,0.555555556,1.5,7.822641509,41923,540098.6,629248.4,23.78,90.39,9,1959.11,0
5243,Dhaka,1959,12,27.4,12.7,0.0,76.0,0.562962963,1.2,7.49245283,41923,540098.6,629248.4,23.78,90.39,9,1959.12,0
5244,Dhaka,1960,1,27.4,10.5,0.0,68.0,1.3,1.3,7.343396226,41923,540098.6,629248.4,23.78,90.39,9,1960.01,0
5245,Dhaka,1960,2,34.3,14.5,0.0,59.0,1.5,0.6,8.130188679,41923,540098.6,629248.4,23.78,90.39,9,1960.02,0
5253,Dhaka,1960,10,33.4,23.6,38.0,80.0,1.0,3.2,6.903773585,41923,540098.6,629248.4,23.78,90.39,9,1960.1,0
5254,Dhaka,1960,11,28.9,16.6,24.0,75.0,0.8,2.1,7.822641509,41923,540098.6,629248.4,23.78,90.39,9,1960.11,0
5255,Dhaka,1960,12,28.7,12.9,0.0,75.0,0.7,1.9,7.49245283,41923,540098.6,629248.4,23.78,90.39,9,1960.12,0
5256,Dhaka,1961,1,29.2,12.4,1.0,71.0,1.0,1.8,8.5,41923,540098.6,629248.4,23.78,90.39,9,1961.01,0
5257,Dhaka,1961,2,31.7,13.4,12.0,66.0,1.5,2.5,7.7,41923,540098.6,629248.4,23.78,90.39,9,1961.02,0
5265,Dhaka,1961,10,32.6,23.7,52.0,84.0,1.0,3.9,7.3,41923,540098.6,629248.4,23.78,90.39,9,1961.1,0
5266,Dhaka,1961,11,30.6,16.4,0.0,76.0,0.7,1.6,9.1,41923,540098.6,629248.4,23.78,90.39,9,1961.11,0
5267,Dhaka,1961,12,31.0,10.3,0.0,77.0,1.3,0.8,9.2,41923,540098.6,629248.4,23.78,90.39,9,1961.12,0
5268,Dhaka,1962,1,29.3,9.5,0.0,70.0,1.2,0.6,9.4,41923,540098.6,629248.4,23.78,90.39,9,1962.01,0
5269,Dhaka,1962,2,31.6,14.0,15.0,66.0,1.1,1.6,9.2,41923,540098.6,629248.4,23.78,90.39,9,1962.02,0
5277,Dhaka,1962,10,32.5,23.1,180.0,78.0,0.6,3.5,7.0,41923,540098.6,629248.4,23.78,90.39,9,1962.1,0
5278,Dhaka,1962,11,31.1,16.6,0.0,74.0,0.4,0.8,9.9,41923,540098.6,629248.4,23.78,90.39,9,1962.11,0
5279,Dhaka,1962,12,28.0,12.2,0.0,74.0,0.7,0.9,9.3,41923,540098.6,629248.4,23.78,90.39,9,1962.12,0
5280,Dhaka,1963,1,28.1,10.6,0.0,67.0,0.5,0.6,9.4,41923,540098.6,629248.4,23.78,90.39,9,1963.01,0
5281,Dhaka,1963,2,33.1,15.2,0.0,56.0,0.8,0.8,9.9,41923,540098.6,629248.4,23.78,90.39,9,1963.02,0
5289,Dhaka,1963,10,33.2,23.4,182.0,83.0,1.3,4.1,7.4,41923,540098.6,629248.4,23.78,90.39,9,1963.1,0
5290,Dhaka,1963,11,31.1,17.7,7.0,77.0,0.7,1.4,9.6,41923,540098.6,629248.4,23.78,90.39,9,1963.11,0
5291,Dhaka,1963,12,28.2,13.4,3.0,74.0,0.8,1.6,9.2,41923,540098.6,629248.4,23.78,90.39,9,1963.12,0
5292,Dhaka,1964,1,29.9,11.0,9.0,69.0,0.8,0.9,7.4,41923,540098.6,629248.4,23.78,90.39,9,1964.01,0
5293,Dhaka,1964,2,34.7,15.1,42.0,67.0,1.1,1.9,8.9,41923,540098.6,629248.4,23.78,90.39,9,1964.02,0
5301,Dhaka,1964,10,32.9,24.7,283.0,86.0,1.5,5.0,7.3,41923,540098.6,629248.4,23.78,90.39,9,1964.1,0
5302,Dhaka,1964,11,30.6,19.1,41.0,77.0,0.9,2.5,8.9,41923,540098.6,629248.4,23.78,90.39,9,1964.11,0
5303,Dhaka,1964,12,28.3,13.8,0.0,72.0,0.9,1.2,9.4,41923,540098.6,629248.4,23.78,90.39,9,1964.12,0
5304,Dhaka,1965,1,28.6,11.8,0.0,69.0,0.7,1.3,8.0,41923,540098.6,629248.4,23.78,90.39,9,1965.01,0
5305,Dhaka,1965,2,31.6,14.2,28.0,63.0,1.3,1.6,8.9,41923,540098.6,629248.4,23.78,90.39,9,1965.02,0
5313,Dhaka,1965,10,32.9,23.1,50.0,80.0,0.8,4.0,8.1,41923,540098.6,629248.4,23.78,90.39,9,1965.1,0
5314,Dhaka,1965,11,32.6,18.0,131.0,77.0,1.0,1.3,9.9,41923,540098.6,629248.4,23.78,90.39,9,1965.11,0
5315,Dhaka,1965,12,28.9,14.2,0.0,79.0,0.9,2.6,7.7,41923,540098.6,629248.4,23.78,90.39,9,1965.12,0
5316,Dhaka,1966,1,26.3,12.3,1.0,69.0,0.5,1.2,8.1,41923,540098.6,629248.4,23.78,90.39,9,1966.01,0
5317,Dhaka,1966,2,30.3,15.1,8.0,63.0,0.7,1.6,9.6,41923,540098.6,629248.4,23.78,90.39,9,1966.02,0
5325,Dhaka,1966,10,31.9,22.4,261.0,80.0,0.9,3.1,7.8,41923,540098.6,629248.4,23.78,90.39,9,1966.1,0
5326,Dhaka,1966,11,30.5,19.3,14.0,74.0,0.9,2.5,8.0,41923,540098.6,629248.4,23.78,90.39,9,1966.11,0
5327,Dhaka,1966,12,27.2,13.7,15.0,73.0,0.8,1.7,8.3,41923,540098.6,629248.4,23.78,90.39,9,1966.12,0
5328,Dhaka,1967,1,27.2,12.8,23.0,71.0,0.7,1.8,8.0,41923,540098.6,629248.4,23.78,90.39,9,1967.01,0
5329,Dhaka,1967,2,33.6,15.7,12.0,64.0,1.1,0.7,9.0,41923,540098.6,629248.4,23.78,90.39,9,1967.02,0
5337,Dhaka,1967,10,33.3,22.7,74.0,77.0,0.8,2.6,8.0,41923,540098.6,629248.4,23.78,90.39,9,1967.1,0
5338,Dhaka,1967,11,29.9,15.8,1.0,69.0,0.5,1.1,9.8,41923,540098.6,629248.4,23.78,90.39,9,1967.11,0
5339,Dhaka,1967,12,28.3,13.4,0.0,71.0,0.4,1.8,8.6,41923,540098.6,629248.4,23.78,90.39,9,1967.12,0
5340,Dhaka,1968,1,27.2,12.0,0.0,68.0,0.8,1.4,8.3,41923,540098.6,629248.4,23.78,90.39,9,1968.01,0
5341,Dhaka,1968,2,31.6,13.7,5.0,59.0,0.7,1.7,8.4,41923,540098.6,629248.4,23.78,90.39,9,1968.02,0
5348,Dhaka,1968,9,35.3,26.5,128.0,82.0,1.3,5.4,6.0,41923,540098.6,629248.4,23.78,90.39,9,1968.09,1
5349,Dhaka,1968,10,32.8,23.7,69.0,80.0,1.0,3.6,6.7,41923,540098.6,629248.4,23.78,90.39,9,1968.1,0
5350,Dhaka,1968,11,31.2,18.7,74.0,74.0,0.8,2.7,8.3,41923,540098.6,629248.4,23.78,90.39,9,1968.11,0
5351,Dhaka,1968,12,29.4,13.7,0.0,73.0,0.7,1.5,8.5,41923,540098.6,629248.4,23.78,90.39,9,1968.12,0
5352,Dhaka,1969,1,28.3,11.7,0.0,67.0,0.9,0.8,9.2,41923,540098.6,629248.4,23.78,90.39,9,1969.01,0
5353,Dhaka,1969,2,35.1,14.3,1.0,60.0,0.9,1.3,8.6,41923,540098.6,629248.4,23.78,90.39,9,1969.02,0
5360,Dhaka,1969,9,34.4,26.3,201.0,82.0,1.6,4.8,6.3,41923,540098.6,629248.4,23.78,90.39,9,1969.09,0
5361,Dhaka,1969,10,32.8,23.2,103.0,78.0,0.4,3.1,8.2,41923,540098.6,629248.4,23.78,90.39,9,1969.1,0
5362,Dhaka,1969,11,32.2,18.1,2.0,73.0,0.3,2.2,8.9,41923,540098.6,629248.4,23.78,90.39,9,1969.11,0
5363,Dhaka,1969,12,27.8,13.9,0.0,72.0,0.6,1.6,8.8,41923,540098.6,629248.4,23.78,90.39,9,1969.12,0
5364,Dhaka,1970,1,27.8,11.8,16.0,70.0,0.6,1.8,9.0,41923,540098.6,629248.4,23.78,90.39,9,1970.01,0
5365,Dhaka,1970,2,32.3,15.3,8.0,62.0,0.9,1.9,9.8,41923,540098.6,629248.4,23.78,90.39,9,1970.02,0
5373,Dhaka,1970,10,32.9,23.9,427.0,85.0,1.4,4.1,7.2,41923,540098.6,629248.4,23.78,90.39,9,1970.1,0
5374,Dhaka,1970,11,30.9,18.6,32.0,74.0,0.8,2.4,9.0,41923,540098.6,629248.4,23.78,90.39,9,1970.11,0
5375,Dhaka,1970,12,27.8,12.8,0.0,71.0,0.4,0.3,10.2,41923,540098.6,629248.4,23.78,90.39,9,1970.12,0
5376,Dhaka,1971,1,26.7,12.8,3.0,69.0,0.6,1.2,7.9,41923,540098.6,629248.4,23.78,90.39,9,1971.01,0
5377,Dhaka,1971,2,31.6,14.4,28.0,63.0,0.7,1.6,8.4,41923,540098.6,629248.4,23.78,90.39,9,1971.02,0
5385,Dhaka,1971,10,32.8,24.1,118.0,80.0,1.0,3.7,7.3,41923,540098.6,629248.4,23.78,90.39,9,1971.1,0
5386,Dhaka,1971,11,30.2,17.3,95.0,74.0,0.6,2.1,8.1,41923,540098.6,629248.4,23.78,90.39,9,1971.11,0
5387,Dhaka,1971,12,27.7,14.0,3.0,73.0,0.4,1.2,8.1,41923,540098.6,629248.4,23.78,90.39,9,1971.12,0
5388,Dhaka,1972,1,30.5,11.9,0.0,69.0,0.5,0.6,7.9,41923,540098.6,629248.4,23.78,90.39,9,1972.01,0
5389,Dhaka,1972,2,31.7,12.8,11.0,64.0,0.9,1.6,8.1,41923,540098.6,629248.4,23.78,90.39,9,1972.02,0
5397,Dhaka,1972,10,33.8,23.4,105.0,77.0,0.5,3.1,7.3,41923,540098.6,629248.4,23.78,90.39,9,1972.1,0
5398,Dhaka,1972,11,31.1,18.2,0.0,71.0,0.4,2.2,8.1,41923,540098.6,629248.4,23.78,90.39,9,1972.11,0
5399,Dhaka,1972,12,30.9,13.4,0.0,68.0,0.6,1.3,8.1,41923,540098.6,629248.4,23.78,90.39,9,1972.12,0
5400,Dhaka,1973,1,31.2,12.4,0.0,64.0,0.8,0.5,9.9,41923,540098.6,629248.4,23.78,90.39,9,1973.01,0
5401,Dhaka,1973,2,33.6,16.5,21.0,62.0,1.2,1.9,9.3,41923,540098.6,629248.4,23.78,90.39,9,1973.02,0
5409,Dhaka,1973,10,33.2,24.0,128.0,83.0,0.7,4.0,7.7,41923,540098.6,629248.4,23.78,90.39,9,1973.1,0
5410,Dhaka,1973,11,30.6,19.0,64.0,82.0,0.8,3.1,7.6,41923,540098.6,629248.4,23.78,90.39,9,1973.11,0
5411,Dhaka,1973,12,26.7,14.0,86.0,78.0,0.7,1.5,9.3,41923,540098.6,629248.4,23.78,90.39,9,1973.12,0
5412,Dhaka,1974,1,26.3,12.3,1.0,69.0,0.5,1.2,9.8,41923,540098.6,629248.4,23.78,90.39,9,1974.01,0
5413,Dhaka,1974,2,30.3,15.1,8.0,63.0,0.7,1.6,10.7,41923,540098.6,629248.4,23.78,90.39,9,1974.02,0
5421,Dhaka,1974,10,32.0,23.6,153.0,80.0,0.6,3.7,7.6,41923,540098.6,629248.4,23.78,90.39,9,1974.1,0
5422,Dhaka,1974,11,30.6,18.6,19.0,74.0,0.4,2.1,8.5,41923,540098.6,629248.4,23.78,90.39,9,1974.11,0
5423,Dhaka,1974,12,27.7,13.7,3.0,73.0,0.4,1.2,9.8,41923,540098.6,629248.4,23.78,90.39,9,1974.12,0
5424,Dhaka,1975,1,27.2,12.3,1.0,69.0,0.5,1.1,9.6,41923,540098.6,629248.4,23.78,90.39,9,1975.01,0
5425,Dhaka,1975,2,31.9,15.5,29.0,63.0,0.7,2.2,9.6,41923,540098.6,629248.4,23.78,90.39,9,1975.02,0
5433,Dhaka,1975,10,33.2,24.3,232.0,86.0,0.3,4.4,6.5,41923,540098.6,629248.4,23.78,90.39,9,1975.1,0
5434,Dhaka,1975,11,30.2,17.9,25.0,77.0,0.4,2.9,8.4,41923,540098.6,629248.4,23.78,90.39,9,1975.11,0
5435,Dhaka,1975,12,26.8,12.0,0.0,70.0,0.2,0.6,9.6,41923,540098.6,629248.4,23.78,90.39,9,1975.12,0
5436,Dhaka,1976,1,29.2,12.3,0.0,66.0,0.4,1.0,9.5,41923,540098.6,629248.4,23.78,90.39,9,1976.01,0
5437,Dhaka,1976,2,32.8,16.4,7.0,67.0,0.6,1.4,9.5,41923,540098.6,629248.4,23.78,90.39,9,1976.02,0
5445,Dhaka,1976,10,33.1,23.2,114.0,79.0,0.6,2.9,9.2,41923,540098.6,629248.4,23.78,90.39,9,1976.1,0
5446,Dhaka,1976,11,32.4,20.1,8.0,74.0,0.3,2.6,7.8,41923,540098.6,629248.4,23.78,90.39,9,1976.11,0
5447,Dhaka,1976,12,28.7,12.1,0.0,71.0,0.2,0.8,8.9,41923,540098.6,629248.4,23.78,90.39,9,1976.12,0
5448,Dhaka,1977,1,27.4,11.7,0.0,66.0,0.5,1.0,7.5,41923,540098.6,629248.4,23.78,90.39,9,1977.01,0
5449,Dhaka,1977,2,32.3,14.9,66.0,66.0,0.9,1.8,8.3,41923,540098.6,629248.4,23.78,90.39,9,1977.02,0
5457,Dhaka,1977,10,32.2,22.8,273.0,79.0,0.4,3.2,7.8,41923,540098.6,629248.4,23.78,90.39,9,1977.1,0
5458,Dhaka,1977,11,31.9,20.2,10.0,78.0,0.3,3.2,7.1,41923,540098.6,629248.4,23.78,90.39,9,1977.11,0
5459,Dhaka,1977,12,29.4,13.2,24.0,74.0,0.3,1.2,8.1,41923,540098.6,629248.4,23.78,90.39,9,1977.12,0
5460,Dhaka,1978,1,34.2,10.6,0.0,67.0,0.5,0.7,8.9,41923,540098.6,629248.4,23.78,90.39,9,1978.01,0
5461,Dhaka,1978,2,33.0,14.1,20.0,61.0,0.6,1.8,9.0,41923,540098.6,629248.4,23.78,90.39,9,1978.02,0
5469,Dhaka,1978,10,33.4,24.4,98.0,80.0,0.5,3.7,7.5,41923,540098.6,629248.4,23.78,90.39,9,1978.1,0
5470,Dhaka,1978,11,32.9,19.2,0.0,72.0,0.6,2.0,8.4,41923,540098.6,629248.4,23.78,90.39,9,1978.11,0
5471,Dhaka,1978,12,29.8,12.5,0.0,68.0,0.5,0.8,8.6,41923,540098.6,629248.4,23.78,90.39,9,1978.12,0
5472,Dhaka,1979,1,28.3,12.3,3.0,68.0,0.3,1.1,7.7,41923,540098.6,629248.4,23.78,90.39,9,1979.01,0
5473,Dhaka,1979,2,31.1,14.0,13.0,62.0,0.6,1.8,8.8,41923,540098.6,629248.4,23.78,90.39,9,1979.02,0
5481,Dhaka,1979,10,32.7,23.8,146.0,79.0,0.6,2.9,8.4,41923,540098.6,629248.4,23.78,90.39,9,1979.1,0
5482,Dhaka,1979,11,31.8,20.8,55.0,75.0,0.3,1.7,7.0,41923,540098.6,629248.4,23.78,90.39,9,1979.11,0
5483,Dhaka,1979,12,27.2,14.4,51.0,77.0,0.4,1.4,8.1,41923,540098.6,629248.4,23.78,90.39,9,1979.12,0
5484,Dhaka,1980,1,28.9,11.9,3.0,69.0,0.3,0.7,8.1,41923,540098.6,629248.4,23.78,90.39,9,1980.01,0
5485,Dhaka,1980,2,32.2,15.2,32.0,66.0,0.6,1.5,8.4,41923,540098.6,629248.4,23.78,90.39,9,1980.02,0
5493,Dhaka,1980,10,32.5,23.4,300.0,82.0,0.7,3.7,6.7,41923,540098.6,629248.4,23.78,90.39,9,1980.1,0
5494,Dhaka,1980,11,31.7,17.8,0.0,70.0,0.1,1.5,9.2,41923,540098.6,629248.4,23.78,90.39,9,1980.11,0
5495,Dhaka,1980,12,28.9,14.9,0.0,69.0,0.2,1.3,7.6,41923,540098.6,629248.4,23.78,90.39,9,1980.12,0
5496,Dhaka,1981,1,27.8,13.3,10.0,70.0,0.6,1.9,6.9,41923,540098.6,629248.4,23.78,90.39,9,1981.01,0
5497,Dhaka,1981,2,32.9,15.4,42.0,67.0,0.2,1.1,7.8,41923,540098.6,629248.4,23.78,90.39,9,1981.02,0
5505,Dhaka,1981,10,33.4,23.5,82.0,70.0,0.4,2.1,8.6,41923,540098.6,629248.4,23.78,90.39,9,1981.1,0
5506,Dhaka,1981,11,33.1,18.1,9.0,67.0,0.4,1.4,8.6,41923,540098.6,629248.4,23.78,90.39,9,1981.11,0
5507,Dhaka,1981,12,29.0,13.6,35.0,71.0,0.3,2.0,7.1,41923,540098.6,629248.4,23.78,90.39,9,1981.12,0
5508,Dhaka,1982,1,30.1,12.3,0.0,68.0,0.3,0.2,7.6,41923,540098.6,629248.4,23.78,90.39,9,1982.01,0
5509,Dhaka,1982,2,30.3,15.0,15.0,63.0,0.6,2.0,7.0,41923,540098.6,629248.4,23.78,90.39,9,1982.02,0
5517,Dhaka,1982,10,34.4,23.3,146.0,78.0,0.3,2.3,8.1,41923,540098.6,629248.4,23.78,90.39,9,1982.1,0
5518,Dhaka,1982,11,32.1,17.9,51.0,75.0,0.2,1.6,7.8,41923,540098.6,629248.4,23.78,90.39,9,1982.11,0
5519,Dhaka,1982,12,27.2,13.7,0.0,73.0,0.2,0.7,7.5,41923,540098.6,629248.4,23.78,90.39,9,1982.12,0
5520,Dhaka,1983,1,28.1,12.4,14.0,73.0,0.5,1.7,7.2,41923,540098.6,629248.4,23.78,90.39,9,1983.01,0
5521,Dhaka,1983,2,31.7,14.4,61.0,63.0,0.6,2.1,8.0,41923,540098.6,629248.4,23.78,90.39,9,1983.02,0
5529,Dhaka,1983,10,33.6,23.8,253.0,84.0,0.6,3.9,6.4,41923,540098.6,629248.4,23.78,90.39,9,1983.1,0
5530,Dhaka,1983,11,32.8,19.4,0.0,70.0,0.5,2.1,8.1,41923,540098.6,629248.4,23.78,90.39,9,1983.11,0
5531,Dhaka,1983,12,28.8,14.1,18.0,72.0,0.3,1.5,7.9,41923,540098.6,629248.4,23.78,90.39,9,1983.12,0
5532,Dhaka,1984,1,27.2,13.1,13.0,69.0,0.3,1.4,7.6,41923,540098.6,629248.4,23.78,90.39,9,1984.01,0
5533,Dhaka,1984,2,33.0,15.0,1.0,61.0,0.5,1.8,7.9,41923,540098.6,629248.4,23.78,90.39,9,1984.02,0
5541,Dhaka,1984,10,34.0,25.6,58.0,79.0,0.6,4.3,6.2,41923,540098.6,629248.4,23.78,90.39,9,1984.1,0
5542,Dhaka,1984,11,31.8,18.5,0.0,68.0,0.3,1.1,9.5,41923,540098.6,629248.4,23.78,90.39,9,1984.11,0
5543,Dhaka,1984,12,30.0,14.7,0.0,72.0,0.3,1.2,8.3,41923,540098.6,629248.4,23.78,90.39,9,1984.12,0
5544,Dhaka,1985,1,29.4,14.5,8.0,70.0,0.2,2.3,7.8,41923,540098.6,629248.4,23.78,90.39,9,1985.01,0
5545,Dhaka,1985,2,32.4,16.1,1.0,60.0,0.5,1.1,8.6,41923,540098.6,629248.4,23.78,90.39,9,1985.02,0
5553,Dhaka,1985,10,35.5,23.9,79.0,75.0,0.5,2.6,8.7,41923,540098.6,629248.4,23.78,90.39,9,1985.1,0
5554,Dhaka,1985,11,33.3,18.9,0.0,71.0,0.2,1.6,8.2,41923,540098.6,629248.4,23.78,90.39,9,1985.11,0
5555,Dhaka,1985,12,30.6,15.3,10.0,70.0,0.3,1.2,8.0,41923,540098.6,629248.4,23.78,90.39,9,1985.12,0
5556,Dhaka,1986,1,30.0,13.9,22.0,72.0,0.3,1.3,7.5,41923,540098.6,629248.4,23.78,90.39,9,1986.01,0
5557,Dhaka,1986,2,32.3,16.3,0.0,59.0,0.5,1.5,8.9,41923,540098.6,629248.4,23.78,90.39,9,1986.02,0
5565,Dhaka,1986,10,33.9,23.2,237.0,81.0,0.3,3.5,7.3,41923,540098.6,629248.4,23.78,90.39,9,1986.1,0
5566,Dhaka,1986,11,33.1,19.8,172.0,78.0,0.4,2.5,7.6,41923,540098.6,629248.4,23.78,90.39,9,1986.11,0
5567,Dhaka,1986,12,29.0,15.2,3.0,75.0,0.3,1.8,8.1,41923,540098.6,629248.4,23.78,90.39,9,1986.12,0
5568,Dhaka,1987,1,29.8,13.1,4.0,73.0,0.6,1.0,8.7,41923,540098.6,629248.4,23.78,90.39,9,1987.01,0
5569,Dhaka,1987,2,34.0,16.4,0.0,65.0,0.5,1.3,8.8,41923,540098.6,629248.4,23.78,90.39,9,1987.02,0
5577,Dhaka,1987,10,35.1,24.3,104.0,78.0,0.4,2.5,8.3,41923,540098.6,629248.4,23.78,90.39,9,1987.1,0
5578,Dhaka,1987,11,33.0,20.1,7.0,73.0,0.4,2.7,7.8,41923,540098.6,629248.4,23.78,90.39,9,1987.11,0
5579,Dhaka,1987,12,29.2,15.2,33.0,76.0,0.3,1.2,8.3,41923,540098.6,629248.4,23.78,90.39,9,1987.12,0
5580,Dhaka,1988,1,29.2,13.6,0.0,71.0,0.3,1.0,8.1,41923,540098.6,629248.4,23.78,90.39,9,1988.01,0
5581,Dhaka,1988,2,32.8,16.3,44.0,67.0,0.5,1.7,8.1,41923,540098.6,629248.4,23.78,90.39,9,1988.02,0
5589,Dhaka,1988,10,35.1,23.8,213.0,78.0,0.6,3.7,8.3,41923,540098.6,629248.4,23.78,90.39,9,1988.1,0
5590,Dhaka,1988,11,33.0,19.7,153.0,74.0,0.9,2.5,7.7,41923,540098.6,629248.4,23.78,90.39,9,1988.11,0
5591,Dhaka,1988,12,29.3,16.0,3.0,78.0,0.3,0.9,7.4,41923,540098.6,629248.4,23.78,90.39,9,1988.12,0
5592,Dhaka,1989,1,27.9,11.3,0.0,68.0,0.6,0.2,8.4,41923,540098.6,629248.4,23.78,90.39,9,1989.01,0
5593,Dhaka,1989,2,32.6,15.4,32.0,64.0,1.1,0.9,8.9,41923,540098.6,629248.4,23.78,90.39,9,1989.02,0
5601,Dhaka,1989,10,35.4,24.4,240.0,82.0,0.6,4.0,6.1,41923,540098.6,629248.4,23.78,90.39,9,1989.1,0
5602,Dhaka,1989,11,33.4,18.8,0.0,74.0,0.2,1.3,8.5,41923,540098.6,629248.4,23.78,90.39,9,1989.11,0
5603,Dhaka,1989,12,30.0,13.3,12.0,73.0,0.3,0.9,7.3,41923,540098.6,629248.4,23.78,90.39,9,1989.12,0
5604,Dhaka,1990,1,28.2,14.3,0.0,77.0,0.5,0.5,7.9,41923,540098.6,629248.4,23.78,90.39,9,1990.01,0
5605,Dhaka,1990,2,30.4,17.3,36.0,69.0,0.6,2.5,8.4,41923,540098.6,629248.4,23.78,90.39,9,1990.02,0
5613,Dhaka,1990,10,34.0,23.6,181.0,78.0,1.0,4.1,7.3,41923,540098.6,629248.4,23.78,90.39,9,1990.1,0
5614,Dhaka,1990,11,32.8,21.6,103.0,75.0,0.6,2.8,8.1,41923,540098.6,629248.4,23.78,90.39,9,1990.11,0
5615,Dhaka,1990,12,28.6,16.0,6.0,71.0,0.6,1.6,8.1,41923,540098.6,629248.4,23.78,90.39,9,1990.12,0
5616,Dhaka,1991,1,28.0,13.8,27.0,69.0,0.5,1.9,7.9,41923,540098.6,629248.4,23.78,90.39,9,1991.01,0
5617,Dhaka,1991,2,33.0,17.5,8.0,63.0,0.8,1.3,8.4,41923,540098.6,629248.4,23.78,90.39,9,1991.02,0
5625,Dhaka,1991,10,35.0,24.5,392.0,80.0,0.5,4.5,7.3,41923,540098.6,629248.4,23.78,90.39,9,1991.1,0
5626,Dhaka,1991,11,30.2,19.1,14.0,74.0,0.3,1.8,8.1,41923,540098.6,629248.4,23.78,90.39,9,1991.11,0
5627,Dhaka,1991,12,29.3,15.0,106.0,73.0,0.7,2.2,8.1,41923,540098.6,629248.4,23.78,90.39,9,1991.12,0
5628,Dhaka,1992,1,27.4,13.5,1.0,69.0,0.6,0.8,7.9,41923,540098.6,629248.4,23.78,90.39,9,1992.01,0
5629,Dhaka,1992,2,28.0,16.0,47.0,63.0,1.0,2.0,8.4,41923,540098.6,629248.4,23.78,90.39,9,1992.02,0
5637,Dhaka,1992,10,34.6,23.8,83.0,80.0,0.6,3.1,6.4,41923,540098.6,629248.4,23.78,90.39,9,1992.1,0
5638,Dhaka,1992,11,33.5,18.6,2.0,74.0,0.5,2.6,7.2,41923,540098.6,629248.4,23.78,90.39,9,1992.11,0
5639,Dhaka,1992,12,27.8,12.4,0.0,73.0,0.5,0.5,7.5,41923,540098.6,629248.4,23.78,90.39,9,1992.12,0
5640,Dhaka,1993,1,28.6,12.0,5.0,73.0,0.5,1.2,6.3,41923,540098.6,629248.4,23.78,90.39,9,1993.01,0
5641,Dhaka,1993,2,32.0,16.7,53.0,69.0,0.8,1.8,7.4,41923,540098.6,629248.4,23.78,90.39,9,1993.02,0
5649,Dhaka,1993,10,33.6,23.8,217.0,82.0,0.3,3.7,5.8,41923,540098.6,629248.4,23.78,90.39,9,1993.1,0
5650,Dhaka,1993,11,30.8,19.2,19.0,79.0,0.3,1.4,7.4,41923,540098.6,629248.4,23.78,90.39,9,1993.11,0
5651,Dhaka,1993,12,29.1,13.7,0.0,75.0,0.3,1.4,7.5,41923,540098.6,629248.4,23.78,90.39,9,1993.12,0
5652,Dhaka,1994,1,29.1,13.1,13.0,69.0,0.6,1.0,6.9,41923,540098.6,629248.4,23.78,90.39,9,1994.01,0
5653,Dhaka,1994,2,31.0,14.1,54.0,67.0,0.6,1.3,7.6,41923,540098.6,629248.4,23.78,90.39,9,1994.02,0
5661,Dhaka,1994,10,34.5,23.3,55.0,74.0,0.4,3.0,7.1,41923,540098.6,629248.4,23.78,90.39,9,1994.1,0
5662,Dhaka,1994,11,33.0,18.8,14.0,71.0,0.3,3.1,6.1,41923,540098.6,629248.4,23.78,90.39,9,1994.11,0
5663,Dhaka,1994,12,29.8,12.5,0.0,65.0,0.2,0.6,7.3,41923,540098.6,629248.4,23.78,90.39,9,1994.12,0
5664,Dhaka,1995,1,29.2,11.3,8.0,64.0,0.5,1.6,7.2,41923,540098.6,629248.4,23.78,90.39,9,1995.01,0
5665,Dhaka,1995,2,30.8,15.7,31.0,66.0,0.6,2.3,6.2,41923,540098.6,629248.4,23.78,90.39,9,1995.02,0
5673,Dhaka,1995,10,34.6,24.0,91.0,78.0,0.4,3.5,7.1,41923,540098.6,629248.4,23.78,90.39,9,1995.1,0
5674,Dhaka,1995,11,34.2,19.9,112.0,74.0,0.5,2.9,6.8,41923,540098.6,629248.4,23.78,90.39,9,1995.11,0
5675,Dhaka,1995,12,28.6,13.3,1.0,70.0,0.3,0.6,7.1,41923,540098.6,629248.4,23.78,90.39,9,1995.12,0
5676,Dhaka,1996,1,29.2,12.1,0.0,73.0,0.4,0.7,7.5,41923,540098.6,629248.4,23.78,90.39,9,1996.01,0
5677,Dhaka,1996,2,32.0,15.2,21.0,67.0,0.7,1.1,8.9,41923,540098.6,629248.4,23.78,90.39,9,1996.02,0
5685,Dhaka,1996,10,35.4,22.9,357.0,79.0,0.4,2.9,7.7,41923,540098.6,629248.4,23.78,90.39,9,1996.1,0
5686,Dhaka,1996,11,33.7,18.2,0.0,76.0,0.1,1.0,8.6,41923,540098.6,629248.4,23.78,90.39,9,1996.11,0
5687,Dhaka,1996,12,30.3,14.0,0.0,72.0,0.3,1.4,6.6,41923,540098.6,629248.4,23.78,90.39,9,1996.12,0
5688,Dhaka,1997,1,27.6,11.5,2.0,70.0,0.3,1.6,5.1,41923,540098.6,629248.4,23.78,90.39,9,1997.01,0
5689,Dhaka,1997,2,31.3,14.5,7.0,64.0,0.4,1.5,7.8,41923,540098.6,629248.4,23.78,90.39,9,1997.02,0
5697,Dhaka,1997,10,34.0,22.2,39.0,78.0,0.1,2.4,8.5,41923,540098.6,629248.4,23.78,90.39,9,1997.1,0
5698,Dhaka,1997,11,33.7,18.9,1.0,75.0,0.2,2.3,6.2,41923,540098.6,629248.4,23.78,90.39,9,1997.11,0
5699,Dhaka,1997,12,29.0,14.5,22.0,80.0,0.2,2.6,5.6,41923,540098.6,629248.4,23.78,90.39,9,1997.12,0
5700,Dhaka,1998,1,27.3,12.7,49.0,77.0,0.3,3.2,4.0,41923,540098.6,629248.4,23.78,90.39,9,1998.01,0
5701,Dhaka,1998,2,30.8,16.1,4.0,68.0,0.3,2.4,6.1,41923,540098.6,629248.4,23.78,90.39,9,1998.02,0
5709,Dhaka,1998,10,35.7,25.4,100.0,82.0,0.3,3.8,5.8,41923,540098.6,629248.4,23.78,90.39,9,1998.1,0
5710,Dhaka,1998,11,33.6,20.6,83.0,78.0,0.3,2.6,7.4,41923,540098.6,629248.4,23.78,90.39,9,1998.11,0
5711,Dhaka,1998,12,30.3,14.8,0.0,77.0,0.2,0.4,7.9,41923,540098.6,629248.4,23.78,90.39,9,1998.12,0
5712,Dhaka,1999,1,29.4,12.7,0.0,72.0,0.3,0.6,7.2,41923,540098.6,629248.4,23.78,90.39,9,1999.01,0
5713,Dhaka,1999,2,34.2,16.5,0.0,65.0,0.4,0.9,7.5,41923,540098.6,629248.4,23.78,90.39,9,1999.02,0
5721,Dhaka,1999,10,34.6,24.5,368.0,83.0,0.3,5.1,5.2,41923,540098.6,629248.4,23.78,90.39,9,1999.1,0
5722,Dhaka,1999,11,32.4,19.0,13.0,76.0,0.1,1.6,8.3,41923,540098.6,629248.4,23.78,90.39,9,1999.11,0
5723,Dhaka,1999,12,29.7,14.9,0.0,71.0,0.3,0.8,7.4,41923,540098.6,629248.4,23.78,90.39,9,1999.12,0
5724,Dhaka,2000,1,28.7,14.0,13.0,72.0,0.5,0.9,6.1,41923,540098.6,629248.4,23.78,90.39,9,2000.01,0
5725,Dhaka,2000,2,28.2,16.2,44.0,61.0,0.6,3.2,5.8,41923,540098.6,629248.4,23.78,90.39,9,2000.02,0
5733,Dhaka,2000,10,34.9,24.4,272.0,82.0,0.6,3.8,5.8,41923,540098.6,629248.4,23.78,90.39,9,2000.1,0
5734,Dhaka,2000,11,32.5,20.2,0.0,73.0,0.2,1.2,8.1,41923,540098.6,629248.4,23.78,90.39,9,2000.11,0
5735,Dhaka,2000,12,27.3,15.1,0.0,69.0,0.3,0.9,8.2,41923,540098.6,629248.4,23.78,90.39,9,2000.12,0
5736,Dhaka,2001,1,28.0,13.0,0.0,63.0,0.6,0.6,7.9,41923,540098.6,629248.4,23.78,90.39,9,2001.01,0
5737,Dhaka,2001,2,31.4,16.9,1.0,62.0,0.5,1.4,7.2,41923,540098.6,629248.4,23.78,90.39,9,2001.02,0
5745,Dhaka,2001,10,34.8,22.8,177.0,81.0,0.4,4.9,5.6,41923,540098.6,629248.4,23.78,90.39,9,2001.1,0
5746,Dhaka,2001,11,32.0,19.3,18.0,78.0,0.3,3.1,6.4,41923,540098.6,629248.4,23.78,90.39,9,2001.11,0
5747,Dhaka,2001,12,28.4,14.9,0.0,75.0,0.4,1.0,7.2,41923,540098.6,629248.4,23.78,90.39,9,2001.12,0
5748,Dhaka,2002,1,28.2,14.6,24.0,68.0,0.5,1.7,7.4,41923,540098.6,629248.4,23.78,90.39,9,2002.01,0
5749,Dhaka,2002,2,33.5,16.7,4.0,58.0,0.7,1.0,8.8,41923,540098.6,629248.4,23.78,90.39,9,2002.02,0
5757,Dhaka,2002,10,34.2,23.0,52.0,75.0,0.4,4.1,6.7,41923,540098.6,629248.4,23.78,90.39,9,2002.1,0
5758,Dhaka,2002,11,32.0,19.8,40.0,74.0,0.5,3.1,6.6,41923,540098.6,629248.4,23.78,90.39,9,2002.11,0
5759,Dhaka,2002,12,29.5,16.0,0.0,74.0,0.5,1.1,6.3,41923,540098.6,629248.4,23.78,90.39,9,2002.12,0
5760,Dhaka,2003,1,27.5,11.7,0.0,75.0,1.1,1.8,5.2,41923,540098.6,629248.4,23.78,90.39,9,2003.01,0
5761,Dhaka,2003,2,31.6,16.9,25.0,66.0,0.9,1.9,7.4,41923,540098.6,629248.4,23.78,90.39,9,2003.02,0
5769,Dhaka,2003,10,34.0,25.0,134.0,81.0,0.7,5.2,4.7,41923,540098.6,629248.4,23.78,90.39,9,2003.1,0
5770,Dhaka,2003,11,32.1,19.4,0.0,67.0,0.3,0.8,8.3,41923,540098.6,629248.4,23.78,90.39,9,2003.11,0
5771,Dhaka,2003,12,29.2,16.4,45.0,73.0,0.5,2.3,5.9,41923,540098.6,629248.4,23.78,90.39,9,2003.12,0
5772,Dhaka,2004,1,27.5,14.0,0.0,74.0,0.8,2.3,5.3,41923,540098.6,629248.4,23.78,90.39,9,2004.01,0
5773,Dhaka,2004,2,32.8,16.0,0.0,61.0,0.8,1.1,7.6,41923,540098.6,629248.4,23.78,90.39,9,2004.02,0
5781,Dhaka,2004,10,34.5,23.3,208.0,75.0,0.9,3.3,6.6,41923,540098.6,629248.4,23.78,90.39,9,2004.1,0
5782,Dhaka,2004,11,31.1,18.6,0.0,70.0,0.3,1.2,7.8,41923,540098.6,629248.4,23.78,90.39,9,2004.11,0
5783,Dhaka,2004,12,29.4,16.2,0.0,71.0,0.3,1.2,6.7,41923,540098.6,629248.4,23.78,90.39,9,2004.12,0
5784,Dhaka,2005,1,28.5,14.2,1.0,69.0,0.9,1.9,6.3,41923,540098.6,629248.4,23.78,90.39,9,2005.01,0
5785,Dhaka,2005,2,32.1,18.3,3.0,61.0,1.1,1.7,7.9,41923,540098.6,629248.4,23.78,90.39,9,2005.02,0
5793,Dhaka,2005,10,34.6,24.4,417.0,81.0,0.8,5.0,4.6,41923,540098.6,629248.4,23.78,90.39,9,2005.1,0
5794,Dhaka,2005,11,31.4,19.8,3.0,73.0,0.4,1.5,6.6,41923,540098.6,629248.4,23.78,90.39,9,2005.11,0
5795,Dhaka,2005,12,29.0,15.7,0.0,67.0,0.6,1.3,7.0,41923,540098.6,629248.4,23.78,90.39,9,2005.12,0
5796,Dhaka,2006,1,28.2,13.5,0.0,69.0,0.7,0.6,5.3,41923,540098.6,629248.4,23.78,90.39,9,2006.01,0
5797,Dhaka,2006,2,35.9,19.4,0.0,66.0,0.9,1.1,6.1,41923,540098.6,629248.4,23.78,90.39,9,2006.02,0
5805,Dhaka,2006,10,34.7,24.7,61.0,77.0,0.3,3.7,5.1,41923,540098.6,629248.4,23.78,90.39,9,2006.1,0
5806,Dhaka,2006,11,32.6,19.9,5.0,69.0,0.4,2.5,6.0,41923,540098.6,629248.4,23.78,90.39,9,2006.11,0
5807,Dhaka,2006,12,30.1,15.8,0.0,70.0,0.4,0.5,5.5,41923,540098.6,629248.4,23.78,90.39,9,2006.12,0
5808,Dhaka,2007,1,28.8,12.5,0.0,68.0,0.5,0.6,5.7,41923,540098.6,629248.4,23.78,90.39,9,2007.01,0
5809,Dhaka,2007,2,30.8,16.8,30.0,69.0,0.6,2.3,5.7,41923,540098.6,629248.4,23.78,90.39,9,2007.02,0
5817,Dhaka,2007,10,35.6,23.8,320.0,79.0,0.7,4.3,5.2,41923,540098.6,629248.4,23.78,90.39,9,2007.1,0
5818,Dhaka,2007,11,31.8,19.9,111.0,78.0,0.7,2.3,5.7,41923,540098.6,629248.4,23.78,90.39,9,2007.11,0
5819,Dhaka,2007,12,28.2,15.0,0.0,70.0,0.6,1.0,5.5,41923,540098.6,629248.4,23.78,90.39,9,2007.12,0
5820,Dhaka,2008,1,29.0,14.5,23.0,70.0,0.9,2.1,4.7,41923,540098.6,629248.4,23.78,90.39,9,2008.01,0
5821,Dhaka,2008,2,30.6,15.2,56.0,62.0,0.8,1.8,6.6,41923,540098.6,629248.4,23.78,90.39,9,2008.02,0
5829,Dhaka,2008,10,34.8,23.8,227.0,78.0,0.8,4.0,5.8,41923,540098.6,629248.4,23.78,90.39,9,2008.1,0
5830,Dhaka,2008,11,32.3,19.0,0.0,70.0,0.3,1.3,8.0,41923,540098.6,629248.4,23.78,90.39,9,2008.11,0
5831,Dhaka,2008,12,29.0,16.9,0.0,80.0,0.4,1.6,3.9,41923,540098.6,629248.4,23.78,90.39,9,2008.12,0
5832,Dhaka,2009,1,28.1,14.8,1.0,72.0,1.9,0.5,5.7,41923,540098.6,629248.4,23.78,90.39,9,2009.01,0
5833,Dhaka,2009,2,33.9,17.3,1.0,55.0,2.5,0.7,8.7,41923,540098.6,629248.4,23.78,90.39,9,2009.02,0
5841,Dhaka,2009,10,35.8,24.2,74.0,73.0,0.9,3.3,6.2,41923,540098.6,629248.4,23.78,90.39,9,2009.1,0
5842,Dhaka,2009,11,33.9,20.2,4.0,67.0,0.8,2.2,6.7,41923,540098.6,629248.4,23.78,90.39,9,2009.11,0
5843,Dhaka,2009,12,29.0,15.4,0.0,70.0,1.0,0.7,4.8,41923,540098.6,629248.4,23.78,90.39,9,2009.12,0
5844,Dhaka,2010,1,29.0,12.8,0.0,72.0,2.7,0.5,5.7,41923,540098.6,629248.4,23.78,90.39,9,2010.01,0
5845,Dhaka,2010,2,31.2,16.2,48.0,57.0,2.9,1.5,6.7,41923,540098.6,629248.4,23.78,90.39,9,2010.02,0
5853,Dhaka,2010,10,35.7,25.1,174.0,75.0,2.0,3.8,5.8,41923,540098.6,629248.4,23.78,90.39,9,2010.1,0
5854,Dhaka,2010,11,33.2,20.9,0.0,69.0,2.1,1.5,6.2,41923,540098.6,629248.4,23.78,90.39,9,2010.11,0
5855,Dhaka,2010,12,29.7,15.5,81.0,66.0,2.2,1.6,6.2,41923,540098.6,629248.4,23.78,90.39,9,2010.12,0
5856,Dhaka,2011,1,27.8,12.2,0.0,69.0,2.2,0.5,4.9,41923,540098.6,629248.4,23.78,90.39,9,2011.01,0
5857,Dhaka,2011,2,31.0,16.9,0.0,55.0,2.4,0.8,7.5,41923,540098.6,629248.4,23.78,90.39,9,2011.02,0
5858,Dhaka,2011,3,34.5,21.5,20.0,58.0,2.8,2.7,7.0,41923,540098.6,629248.4,23.78,90.39,9,2011.03,0
5859,Dhaka,2011,4,35.8,23.2,123.0,65.0,2.5,3.4,6.8,41923,540098.6,629248.4,23.78,90.39,9,2011.04,0
5860,Dhaka,2011,5,35.3,24.6,235.0,76.0,2.7,4.8,5.5,41923,540098.6,629248.4,23.78,90.39,9,2011.05,0
5861,Dhaka,2011,6,36.0,26.3,314.0,81.0,2.8,6.3,3.5,41923,540098.6,629248.4,23.78,90.39,9,2011.06,0
5862,Dhaka,2011,7,35.4,26.7,356.0,79.0,2.2,6.1,4.1,41923,540098.6,629248.4,23.78,90.39,9,2011.07,0
5863,Dhaka,2011,8,35.0,26.5,409.0,83.0,2.0,6.6,2.5,41923,540098.6,629248.4,23.78,90.39,9,2011.08,0
5864,Dhaka,2011,9,36.2,26.4,207.0,77.0,2.2,5.7,5.1,41923,540098.6,629248.4,23.78,90.39,9,2011.09,0
5865,Dhaka,2011,10,34.5,24.7,112.0,74.0,1.4,2.8,6.1,41923,540098.6,629248.4,23.78,90.39,9,2011.1,0
5866,Dhaka,2011,11,32.4,19.2,0.0,68.0,1.3,0.9,6.0,41923,540098.6,629248.4,23.78,90.39,9,2011.11,0
5867,Dhaka,2011,12,30.0,15.0,0.0,73.0,1.9,1.6,4.4,41923,540098.6,629248.4,23.78,90.39,9,2011.12,0
5868,Dhaka,2012,1,28.5,14.5,10.0,66.0,2.2,2.2,4.7,41923,540098.6,629248.4,23.78,90.39,9,2012.01,0
5869,Dhaka,2012,2,33.0,16.0,1.0,52.0,2.7,0.6,7.1,41923,540098.6,629248.4,23.78,90.39,9,2012.02,0
5871,Dhaka,2012,4,37.1,23.7,269.0,70.0,2.5,4.0,7.1,41923,540098.6,629248.4,23.78,90.39,9,2012.04,1
5873,Dhaka,2012,6,36.7,26.9,175.0,78.0,2.6,6.2,2.9,41923,540098.6,629248.4,23.78,90.39,9,2012.06,1
5874,Dhaka,2012,7,34.3,26.7,226.0,80.0,2.6,6.5,3.9,41923,540098.6,629248.4,23.78,90.39,9,2012.07,1
5875,Dhaka,2012,8,34.5,26.6,282.0,79.0,1.8,6.3,3.8,41923,540098.6,629248.4,23.78,90.39,9,2012.08,1
5877,Dhaka,2012,10,34.4,24.3,38.0,72.0,1.7,3.6,6.0,41923,540098.6,629248.4,23.78,90.39,9,2012.1,0
5878,Dhaka,2012,11,32.4,19.1,68.0,68.0,2.0,2.5,5.6,41923,540098.6,629248.4,23.78,90.39,9,2012.11,0
5879,Dhaka,2012,12,28.5,14.5,5.0,77.0,1.4,1.1,3.0,41923,540098.6,629248.4,23.78,90.39,9,2012.12,0
5880,Dhaka,2013,1,28.1,12.3,0.0,65.0,1.6,0.4,4.5,41923,540098.6,629248.4,23.78,90.39,9,2013.01,0
5881,Dhaka,2013,2,32.4,17.5,8.0,56.0,2.2,1.2,7.0,41923,540098.6,629248.4,23.78,90.39,9,2013.02,0
5884,Dhaka,2013,5,37.1,24.8,378.0,79.0,3.0,6.6,3.6,41923,540098.6,629248.4,23.78,90.39,9,2013.05,1
5885,Dhaka,2013,6,36.4,27.2,325.0,77.0,2.4,5.7,4.8,41923,540098.6,629248.4,23.78,90.39,9,2013.06,1
5886,Dhaka,2013,7,34.6,27.0,302.0,78.0,2.5,6.3,4.4,41923,540098.6,629248.4,23.78,90.39,9,2013.07,1
5887,Dhaka,2013,8,35.0,26.2,212.0,81.0,2.5,6.3,3.3,41923,540098.6,629248.4,23.78,90.39,9,2013.08,1
5888,Dhaka,2013,9,35.7,26.3,172.0,81.0,1.8,5.8,3.6,41923,540098.6,629248.4,23.78,90.39,9,2013.09,1
5889,Dhaka,2013,10,35.2,24.4,131.0,79.0,1.8,4.9,4.5,41923,540098.6,629248.4,23.78,90.39,9,2013.1,0
5890,Dhaka,2013,11,32.1,18.5,0.0,67.0,1.7,0.9,7.0,41923,540098.6,629248.4,23.78,90.39,9,2013.11,0
5891,Dhaka,2013,12,30.5,15.6,4.0,73.0,1.6,1.2,4.1,41923,540098.6,629248.4,23.78,90.39,9,2013.12,0
5896,Dinajpur,1948,5,36.8,23.5,244.0,82.0,1.027777778,4.0,6.848,41863,365790.2,834718.0,25.63,88.66,37,1948.05,1
5897,Dinajpur,1948,6,35.3,25.4,285.0,86.0,1.024074074,5.7,5.228,41863,365790.2,834718.0,25.63,88.66,37,1948.06,1
5898,Dinajpur,1948,7,33.0,25.9,442.0,87.0,0.955555556,6.3,4.288,41863,365790.2,834718.0,25.63,88.66,37,1948.07,1
5899,Dinajpur,1948,8,34.4,26.0,362.0,85.0,0.885185185,5.3,5.208,41863,365790.2,834718.0,25.63,88.66,37,1948.08,1
5900,Dinajpur,1948,9,34.4,25.1,231.0,85.0,0.753703704,4.7,5.184,41863,365790.2,834718.0,25.63,88.66,37,1948.09,1
5901,Dinajpur,1948,10,33.7,22.2,236.0,81.0,0.542592593,2.5,6.916,41863,365790.2,834718.0,25.63,88.66,37,1948.1,1
5908,Dinajpur,1949,5,34.3,22.5,450.0,80.0,1.027777778,4.8,6.848,41863,365790.2,834718.0,25.63,88.66,37,1949.05,1
5909,Dinajpur,1949,6,35.6,24.9,586.0,87.0,1.024074074,6.3,5.228,41863,365790.2,834718.0,25.63,88.66,37,1949.06,1
5910,Dinajpur,1949,7,34.3,25.6,296.0,87.0,0.955555556,5.9,4.288,41863,365790.2,834718.0,25.63,88.66,37,1949.07,1
5911,Dinajpur,1949,8,33.6,25.9,291.0,88.0,0.885185185,5.8,5.208,41863,365790.2,834718.0,25.63,88.66,37,1949.08,1
5912,Dinajpur,1949,9,36.7,25.8,330.0,86.0,0.753703704,4.5,5.184,41863,365790.2,834718.0,25.63,88.66,37,1949.09,1
5921,Dinajpur,1950,6,36.3,24.9,393.0,84.0,1.024074074,5.7,5.228,41863,365790.2,834718.0,25.63,88.66,37,1950.06,1
5922,Dinajpur,1950,7,35.0,26.1,189.0,85.0,0.955555556,5.3,4.288,41863,365790.2,834718.0,25.63,88.66,37,1950.07,1
5923,Dinajpur,1950,8,33.9,25.1,288.0,88.0,0.885185185,6.3,5.208,41863,365790.2,834718.0,25.63,88.66,37,1950.08,1
5933,Dinajpur,1951,6,35.4,24.8,384.0,85.0,1.024074074,5.8,5.228,41863,365790.2,834718.0,25.63,88.66,37,1951.06,1
5934,Dinajpur,1951,7,35.6,25.8,373.0,85.0,0.955555556,5.6,4.288,41863,365790.2,834718.0,25.63,88.66,37,1951.07,1
5935,Dinajpur,1951,8,35.3,26.5,480.0,84.0,0.885185185,5.2,5.208,41863,365790.2,834718.0,25.63,88.66,37,1951.08,1
5944,Dinajpur,1952,5,34.4,22.6,290.0,79.0,1.027777778,4.0,6.848,41863,365790.2,834718.0,25.63,88.66,37,1952.05,1
5945,Dinajpur,1952,6,37.2,25.7,372.0,83.0,1.024074074,4.1,5.228,41863,365790.2,834718.0,25.63,88.66,37,1952.06,1
5946,Dinajpur,1952,7,34.4,25.6,637.0,85.0,0.955555556,5.7,4.288,41863,365790.2,834718.0,25.63,88.66,37,1952.07,1
5948,Dinajpur,1952,9,35.6,25.4,511.0,87.0,0.753703704,5.6,5.184,41863,365790.2,834718.0,25.63,88.66,37,1952.09,1
5957,Dinajpur,1953,6,35.6,25.1,254.0,82.0,1.024074074,5.4,5.228,41863,365790.2,834718.0,25.63,88.66,37,1953.06,1
5958,Dinajpur,1953,7,36.1,26.1,715.0,88.0,0.955555556,5.9,4.288,41863,365790.2,834718.0,25.63,88.66,37,1953.07,1
5959,Dinajpur,1953,8,36.7,26.2,136.0,81.0,0.885185185,5.6,5.208,41863,365790.2,834718.0,25.63,88.66,37,1953.08,1
5960,Dinajpur,1953,9,36.0,25.1,217.0,85.0,0.753703704,4.7,5.184,41863,365790.2,834718.0,25.63,88.66,37,1953.09,1
5968,Dinajpur,1954,5,36.7,23.7,125.0,69.0,1.027777778,3.0,6.848,41863,365790.2,834718.0,25.63,88.66,37,1954.05,1
5969,Dinajpur,1954,6,34.6,24.6,647.0,85.0,1.024074074,6.4,5.228,41863,365790.2,834718.0,25.63,88.66,37,1954.06,1
5970,Dinajpur,1954,7,33.9,25.8,339.0,86.0,0.955555556,6.2,4.288,41863,365790.2,834718.0,25.63,88.66,37,1954.07,1
5971,Dinajpur,1954,8,34.4,26.5,301.0,84.0,0.885185185,5.0,5.208,41863,365790.2,834718.0,25.63,88.66,37,1954.08,1
5972,Dinajpur,1954,9,35.6,26.0,227.0,81.0,0.753703704,3.2,5.184,41863,365790.2,834718.0,25.63,88.66,37,1954.09,1
5981,Dinajpur,1955,6,35.0,25.2,269.0,82.0,1.024074074,5.4,5.228,41863,365790.2,834718.0,25.63,88.66,37,1955.06,1
5982,Dinajpur,1955,7,32.8,25.5,506.0,89.0,0.955555556,6.7,4.288,41863,365790.2,834718.0,25.63,88.66,37,1955.07,1
5983,Dinajpur,1955,8,36.7,25.4,627.0,88.0,0.885185185,5.7,5.208,41863,365790.2,834718.0,25.63,88.66,37,1955.08,1
5984,Dinajpur,1955,9,34.4,25.1,453.0,85.0,0.753703704,4.8,5.184,41863,365790.2,834718.0,25.63,88.66,37,1955.09,1
5992,Dinajpur,1956,5,36.1,24.3,162.0,78.0,1.027777778,4.5,6.848,41863,365790.2,834718.0,25.63,88.66,37,1956.05,1
5993,Dinajpur,1956,6,35.0,24.5,449.0,85.0,1.024074074,6.1,5.228,41863,365790.2,834718.0,25.63,88.66,37,1956.06,1
5994,Dinajpur,1956,7,35.0,25.2,404.0,82.0,0.955555556,5.3,4.288,41863,365790.2,834718.0,25.63,88.66,37,1956.07,1
5995,Dinajpur,1956,8,35.0,25.0,634.0,86.0,0.885185185,6.2,5.208,41863,365790.2,834718.0,25.63,88.66,37,1956.08,1
5996,Dinajpur,1956,9,35.0,24.4,217.0,84.0,0.753703704,4.5,5.184,41863,365790.2,834718.0,25.63,88.66,37,1956.09,1
5997,Dinajpur,1956,10,36.1,21.6,221.0,83.0,0.542592593,3.0,6.916,41863,365790.2,834718.0,25.63,88.66,37,1956.1,1
6005,Dinajpur,1957,6,37.2,23.9,240.0,77.0,1.024074074,4.9,5.228,41863,365790.2,834718.0,25.63,88.66,37,1957.06,1
6006,Dinajpur,1957,7,34.4,24.1,449.0,85.0,0.955555556,6.2,4.288,41863,365790.2,834718.0,25.63,88.66,37,1957.07,1
6007,Dinajpur,1957,8,36.7,23.5,218.0,85.0,0.885185185,5.0,5.208,41863,365790.2,834718.0,25.63,88.66,37,1957.08,1
6017,Dinajpur,1958,6,37.2,25.6,346.0,77.0,1.024074074,4.0,5.228,41863,365790.2,834718.0,25.63,88.66,37,1958.06,1
6018,Dinajpur,1958,7,35.0,26.6,207.0,84.0,0.955555556,5.2,4.288,41863,365790.2,834718.0,25.63,88.66,37,1958.07,1
6019,Dinajpur,1958,8,34.4,25.9,502.0,89.0,0.885185185,6.5,5.208,41863,365790.2,834718.0,25.63,88.66,37,1958.08,1
6020,Dinajpur,1958,9,35.0,26.1,203.0,85.0,0.753703704,3.7,5.184,41863,365790.2,834718.0,25.63,88.66,37,1958.09,1
6027,Dinajpur,1959,4,37.2,22.6,133.0,67.0,1.155555556,1.2,7.424,41863,365790.2,834718.0,25.63,88.66,37,1959.04,1
6028,Dinajpur,1959,5,36.7,24.1,166.0,75.0,1.027777778,4.2,6.848,41863,365790.2,834718.0,25.63,88.66,37,1959.05,1
6029,Dinajpur,1959,6,35.6,25.3,293.0,84.0,1.024074074,6.0,5.228,41863,365790.2,834718.0,25.63,88.66,37,1959.06,1
6030,Dinajpur,1959,7,35.6,26.3,234.0,84.0,0.955555556,4.9,4.288,41863,365790.2,834718.0,25.63,88.66,37,1959.07,1
6031,Dinajpur,1959,8,35.6,26.3,213.0,83.0,0.885185185,5.1,5.208,41863,365790.2,834718.0,25.63,88.66,37,1959.08,1
6032,Dinajpur,1959,9,36.7,25.6,119.0,85.0,0.753703704,4.5,5.184,41863,365790.2,834718.0,25.63,88.66,37,1959.09,1
6033,Dinajpur,1959,10,35.6,22.5,362.0,85.0,0.542592593,3.0,6.916,41863,365790.2,834718.0,25.63,88.66,37,1959.1,1
6040,Dinajpur,1960,5,37.2,23.4,188.0,60.0,0.4,2.9,6.848,41863,365790.2,834718.0,25.63,88.66,37,1960.05,1
6041,Dinajpur,1960,6,36.1,24.8,219.0,79.0,0.3,4.2,5.228,41863,365790.2,834718.0,25.63,88.66,37,1960.06,1
6042,Dinajpur,1960,7,35.0,25.5,573.0,85.0,0.3,5.9,4.288,41863,365790.2,834718.0,25.63,88.66,37,1960.07,1
6043,Dinajpur,1960,8,35.6,26.1,146.0,84.0,0.2,5.6,5.208,41863,365790.2,834718.0,25.63,88.66,37,1960.08,1
6044,Dinajpur,1960,9,35.6,24.3,370.0,87.0,0.1,5.1,5.184,41863,365790.2,834718.0,25.63,88.66,37,1960.09,1
6053,Dinajpur,1961,6,37.2,25.6,404.0,83.0,0.4,4.8,5.228,41863,365790.2,834718.0,25.63,88.66,37,1961.06,1
6054,Dinajpur,1961,7,35.0,26.6,149.0,83.0,0.2,4.8,4.288,41863,365790.2,834718.0,25.63,88.66,37,1961.07,1
6055,Dinajpur,1961,8,35.0,26.6,192.0,85.0,0.2,5.6,5.208,41863,365790.2,834718.0,25.63,88.66,37,1961.08,1
6056,Dinajpur,1961,9,35.6,25.9,133.0,82.0,0.1,4.0,5.184,41863,365790.2,834718.0,25.63,88.66,37,1961.09,1
6065,Dinajpur,1962,6,35.6,24.9,193.0,81.0,0.3,5.5,5.228,41863,365790.2,834718.0,25.63,88.66,37,1962.06,1
6066,Dinajpur,1962,7,36.1,25.5,179.0,84.0,0.2,5.0,4.288,41863,365790.2,834718.0,25.63,88.66,37,1962.07,1
6067,Dinajpur,1962,8,35.6,24.7,556.0,86.0,0.2,5.9,5.208,41863,365790.2,834718.0,25.63,88.66,37,1962.08,1
6068,Dinajpur,1962,9,37.2,24.7,347.0,83.0,0.2,3.6,5.184,41863,365790.2,834718.0,25.63,88.66,37,1962.09,1
6077,Dinajpur,1963,6,36.1,25.5,246.0,80.0,0.3,4.8,5.228,41863,365790.2,834718.0,25.63,88.66,37,1963.06,1
6078,Dinajpur,1963,7,35.0,25.9,380.0,86.0,0.3,5.9,4.288,41863,365790.2,834718.0,25.63,88.66,37,1963.07,1
6079,Dinajpur,1963,8,33.3,26.5,287.0,86.0,0.5,5.7,5.208,41863,365790.2,834718.0,25.63,88.66,37,1963.08,1
6080,Dinajpur,1963,9,35.6,25.9,325.0,83.0,0.3,3.2,5.184,41863,365790.2,834718.0,25.63,88.66,37,1963.09,1
6081,Dinajpur,1963,10,33.3,22.9,185.0,82.0,0.1,1.7,6.916,41863,365790.2,834718.0,25.63,88.66,37,1963.1,1
6088,Dinajpur,1964,5,37.2,23.2,231.0,73.0,0.5,2.7,6.848,41863,365790.2,834718.0,25.63,88.66,37,1964.05,1
6089,Dinajpur,1964,6,37.2,25.5,363.0,81.0,0.7,4.8,5.228,41863,365790.2,834718.0,25.63,88.66,37,1964.06,1
6090,Dinajpur,1964,7,36.4,25.6,555.0,88.0,0.4,6.1,4.288,41863,365790.2,834718.0,25.63,88.66,37,1964.07,1
6091,Dinajpur,1964,8,36.1,26.3,217.0,85.0,0.6,5.1,5.208,41863,365790.2,834718.0,25.63,88.66,37,1964.08,1
6092,Dinajpur,1964,9,35.0,25.8,316.0,85.0,0.2,4.3,5.184,41863,365790.2,834718.0,25.63,88.66,37,1964.09,1
6093,Dinajpur,1964,10,34.4,23.8,219.0,83.0,0.3,2.9,6.916,41863,365790.2,834718.0,25.63,88.66,37,1964.1,1
6101,Dinajpur,1965,6,37.2,25.6,1054.0,82.0,0.9,5.4,5.228,41863,365790.2,834718.0,25.63,88.66,37,1965.06,1
6102,Dinajpur,1965,7,33.3,26.0,460.0,85.0,0.9,5.6,4.288,41863,365790.2,834718.0,25.63,88.66,37,1965.07,1
6103,Dinajpur,1965,8,34.1,25.5,718.0,87.0,0.8,6.1,5.208,41863,365790.2,834718.0,25.63,88.66,37,1965.08,1
6104,Dinajpur,1965,9,35.2,25.4,334.0,85.0,0.6,4.7,5.184,41863,365790.2,834718.0,25.63,88.66,37,1965.09,1
6114,Dinajpur,1966,7,34.4,26.1,602.0,87.0,1.3,5.9,4.288,41863,365790.2,834718.0,25.63,88.66,37,1966.07,1
6115,Dinajpur,1966,8,33.4,26.2,264.0,89.0,0.8,6.0,5.208,41863,365790.2,834718.0,25.63,88.66,37,1966.08,1
6116,Dinajpur,1966,9,34.7,25.1,266.0,84.0,0.5,3.6,5.184,41863,365790.2,834718.0,25.63,88.66,37,1966.09,1
6125,Dinajpur,1967,6,36.1,26.4,226.0,78.0,0.9,4.3,5.228,41863,365790.2,834718.0,25.63,88.66,37,1967.06,1
6126,Dinajpur,1967,7,33.9,26.7,328.0,85.0,0.8,5.1,4.288,41863,365790.2,834718.0,25.63,88.66,37,1967.07,1
6127,Dinajpur,1967,8,34.4,26.1,172.0,81.0,1.1,5.0,5.208,41863,365790.2,834718.0,25.63,88.66,37,1967.08,1
6128,Dinajpur,1967,9,33.9,25.8,407.0,83.0,0.8,3.7,5.184,41863,365790.2,834718.0,25.63,88.66,37,1967.09,1
6136,Dinajpur,1968,5,37.4,23.8,154.0,64.0,1.1,3.3,6.848,41863,365790.2,834718.0,25.63,88.66,37,1968.05,1
6137,Dinajpur,1968,6,37.2,25.1,507.0,84.0,0.9,5.8,5.228,41863,365790.2,834718.0,25.63,88.66,37,1968.06,1
6138,Dinajpur,1968,7,32.8,25.9,533.0,87.0,0.8,6.0,4.288,41863,365790.2,834718.0,25.63,88.66,37,1968.07,1
6139,Dinajpur,1968,8,33.9,26.3,203.0,85.0,0.5,4.7,5.208,41863,365790.2,834718.0,25.63,88.66,37,1968.08,1
6141,Dinajpur,1968,10,32.5,22.1,255.0,77.0,0.5,2.1,6.916,41863,365790.2,834718.0,25.63,88.66,37,1968.1,1
6148,Dinajpur,1969,5,36.7,24.5,148.0,71.0,0.7,2.1,6.848,41863,365790.2,834718.0,25.63,88.66,37,1969.05,1
6149,Dinajpur,1969,6,35.6,25.7,362.0,85.0,0.9,5.3,5.228,41863,365790.2,834718.0,25.63,88.66,37,1969.06,1
6150,Dinajpur,1969,7,36.7,26.8,592.0,87.0,0.9,4.9,4.288,41863,365790.2,834718.0,25.63,88.66,37,1969.07,1
6151,Dinajpur,1969,8,33.9,26.2,373.0,87.0,0.9,5.6,5.208,41863,365790.2,834718.0,25.63,88.66,37,1969.08,1
6152,Dinajpur,1969,9,35.0,25.4,276.0,84.0,0.8,3.8,5.184,41863,365790.2,834718.0,25.63,88.66,37,1969.09,1
6161,Dinajpur,1970,6,36.7,25.7,253.0,83.0,0.8,5.7,5.228,41863,365790.2,834718.0,25.63,88.66,37,1970.06,1
6162,Dinajpur,1970,7,35.0,26.0,586.0,87.0,0.6,6.1,4.288,41863,365790.2,834718.0,25.63,88.66,37,1970.07,1
6163,Dinajpur,1970,8,35.6,26.8,126.0,85.0,0.7,4.7,5.208,41863,365790.2,834718.0,25.63,88.66,37,1970.08,1
6164,Dinajpur,1970,9,35.0,25.8,217.0,86.0,0.9,4.8,5.184,41863,365790.2,834718.0,25.63,88.66,37,1970.09,1
6172,Dinajpur,1971,5,33.3,23.5,162.0,72.0,1.0,3.7,6.848,41863,365790.2,834718.0,25.63,88.66,37,1971.05,1
6173,Dinajpur,1971,6,33.4,25.4,339.0,82.0,1.0,5.4,5.228,41863,365790.2,834718.0,25.63,88.66,37,1971.06,1
6174,Dinajpur,1971,7,32.2,25.9,422.0,85.0,0.9,5.9,4.288,41863,365790.2,834718.0,25.63,88.66,37,1971.07,1
6175,Dinajpur,1971,8,33.3,25.7,295.0,84.0,1.0,5.7,5.208,41863,365790.2,834718.0,25.63,88.66,37,1971.08,1
6177,Dinajpur,1971,10,32.8,23.2,302.0,80.0,0.7,2.8,6.916,41863,365790.2,834718.0,25.63,88.66,37,1971.1,1
6184,Dinajpur,1972,5,33.3,23.5,162.0,72.0,1.0,3.7,6.848,41863,365790.2,834718.0,25.63,88.66,37,1972.05,1
6185,Dinajpur,1972,6,37.5,25.6,171.0,82.0,1.0,4.6,5.228,41863,365790.2,834718.0,25.63,88.66,37,1972.06,1
6186,Dinajpur,1972,7,37.2,26.3,264.0,85.0,0.8,5.5,4.288,41863,365790.2,834718.0,25.63,88.66,37,1972.07,1
6187,Dinajpur,1972,8,36.4,25.9,371.0,84.0,0.8,4.5,5.208,41863,365790.2,834718.0,25.63,88.66,37,1972.08,1
6196,Dinajpur,1973,5,33.3,23.5,162.0,72.0,1.0,3.7,6.848,41863,365790.2,834718.0,25.63,88.66,37,1973.05,1
6197,Dinajpur,1973,6,33.4,25.4,339.0,82.0,1.0,5.4,5.228,41863,365790.2,834718.0,25.63,88.66,37,1973.06,1
6198,Dinajpur,1973,7,32.2,25.9,422.0,85.0,0.9,5.9,4.288,41863,365790.2,834718.0,25.63,88.66,37,1973.07,1
6199,Dinajpur,1973,8,32.6,26.0,336.0,84.0,0.8,5.6,5.208,41863,365790.2,834718.0,25.63,88.66,37,1973.08,1
6200,Dinajpur,1973,9,32.4,25.1,302.0,84.0,0.7,4.7,5.184,41863,365790.2,834718.0,25.63,88.66,37,1973.09,1
6208,Dinajpur,1974,5,33.3,23.5,162.0,72.0,1.0,3.7,6.848,41863,365790.2,834718.0,25.63,88.66,37,1974.05,1
6209,Dinajpur,1974,6,33.4,25.4,339.0,82.0,1.0,5.4,5.228,41863,365790.2,834718.0,25.63,88.66,37,1974.06,1
6210,Dinajpur,1974,7,32.2,25.9,422.0,85.0,0.9,5.9,4.288,41863,365790.2,834718.0,25.63,88.66,37,1974.07,1
6211,Dinajpur,1974,8,32.6,26.0,336.0,84.0,0.8,5.6,5.208,41863,365790.2,834718.0,25.63,88.66,37,1974.08,1
6212,Dinajpur,1974,9,32.4,25.1,302.0,84.0,0.7,4.7,5.184,41863,365790.2,834718.0,25.63,88.66,37,1974.09,1
6220,Dinajpur,1975,5,33.3,23.5,162.0,72.0,1.0,3.7,6.848,41863,365790.2,834718.0,25.63,88.66,37,1975.05,1
6221,Dinajpur,1975,6,33.4,25.4,339.0,82.0,1.0,5.4,5.228,41863,365790.2,834718.0,25.63,88.66,37,1975.06,1
6222,Dinajpur,1975,7,32.2,25.9,422.0,85.0,0.9,5.9,4.288,41863,365790.2,834718.0,25.63,88.66,37,1975.07,1
6223,Dinajpur,1975,8,32.6,26.0,336.0,84.0,0.8,5.6,5.208,41863,365790.2,834718.0,25.63,88.66,37,1975.08,1
6224,Dinajpur,1975,9,32.4,25.1,302.0,84.0,0.7,4.7,5.184,41863,365790.2,834718.0,25.63,88.66,37,1975.09,1
6232,Dinajpur,1976,5,33.3,23.5,162.0,72.0,1.0,3.7,6.848,41863,365790.2,834718.0,25.63,88.66,37,1976.05,1
6233,Dinajpur,1976,6,33.4,25.4,339.0,82.0,1.0,5.4,5.228,41863,365790.2,834718.0,25.63,88.66,37,1976.06,1
6234,Dinajpur,1976,7,32.2,25.9,422.0,85.0,0.9,5.9,4.288,41863,365790.2,834718.0,25.63,88.66,37,1976.07,1
6235,Dinajpur,1976,8,32.6,26.0,336.0,84.0,0.8,5.6,5.208,41863,365790.2,834718.0,25.63,88.66,37,1976.08,1
6236,Dinajpur,1976,9,32.4,25.1,302.0,84.0,0.7,4.7,5.184,41863,365790.2,834718.0,25.63,88.66,37,1976.09,1
6244,Dinajpur,1977,5,33.3,23.5,162.0,72.0,1.0,3.7,6.848,41863,365790.2,834718.0,25.63,88.66,37,1977.05,1
6245,Dinajpur,1977,6,33.4,25.4,339.0,82.0,1.0,5.4,5.228,41863,365790.2,834718.0,25.63,88.66,37,1977.06,1
6246,Dinajpur,1977,7,32.2,25.9,422.0,85.0,0.9,5.9,4.288,41863,365790.2,834718.0,25.63,88.66,37,1977.07,1
6247,Dinajpur,1977,8,32.6,26.0,336.0,84.0,0.8,5.6,5.208,41863,365790.2,834718.0,25.63,88.66,37,1977.08,1
6248,Dinajpur,1977,9,32.4,25.1,302.0,84.0,0.7,4.7,5.184,41863,365790.2,834718.0,25.63,88.66,37,1977.09,1
6256,Dinajpur,1978,5,33.3,23.5,162.0,72.0,1.0,3.7,6.848,41863,365790.2,834718.0,25.63,88.66,37,1978.05,1
6257,Dinajpur,1978,6,33.4,25.4,339.0,82.0,1.0,5.4,5.228,41863,365790.2,834718.0,25.63,88.66,37,1978.06,1
6258,Dinajpur,1978,7,32.2,25.9,422.0,85.0,0.9,5.9,4.288,41863,365790.2,834718.0,25.63,88.66,37,1978.07,1
6259,Dinajpur,1978,8,32.6,26.0,336.0,84.0,0.8,5.6,5.208,41863,365790.2,834718.0,25.63,88.66,37,1978.08,1
6260,Dinajpur,1978,9,32.4,25.1,302.0,84.0,0.7,4.7,5.184,41863,365790.2,834718.0,25.63,88.66,37,1978.09,1
6268,Dinajpur,1979,5,33.3,23.5,162.0,72.0,1.0,3.7,6.848,41863,365790.2,834718.0,25.63,88.66,37,1979.05,1
6269,Dinajpur,1979,6,33.4,25.4,339.0,82.0,1.0,5.4,5.228,41863,365790.2,834718.0,25.63,88.66,37,1979.06,1
6270,Dinajpur,1979,7,32.2,25.9,422.0,85.0,0.9,5.9,4.288,41863,365790.2,834718.0,25.63,88.66,37,1979.07,1
6271,Dinajpur,1979,8,32.6,26.0,336.0,84.0,0.8,5.6,5.208,41863,365790.2,834718.0,25.63,88.66,37,1979.08,1
6272,Dinajpur,1979,9,32.4,25.1,302.0,84.0,0.7,4.7,5.184,41863,365790.2,834718.0,25.63,88.66,37,1979.09,1
6280,Dinajpur,1980,5,33.6,23.5,162.0,72.0,1.0,3.7,6.848,41863,365790.2,834718.0,25.63,88.66,37,1980.05,1
6281,Dinajpur,1980,6,33.8,25.5,339.0,82.0,1.0,5.4,5.228,41863,365790.2,834718.0,25.63,88.66,37,1980.06,1
6282,Dinajpur,1980,7,32.3,26.0,422.0,85.0,0.9,5.9,4.288,41863,365790.2,834718.0,25.63,88.66,37,1980.07,1
6283,Dinajpur,1980,8,33.0,26.1,336.0,84.0,0.8,5.6,5.208,41863,365790.2,834718.0,25.63,88.66,37,1980.08,1
6284,Dinajpur,1980,9,32.4,25.2,302.0,84.0,0.7,4.7,5.184,41863,365790.2,834718.0,25.63,88.66,37,1980.09,1
6292,Dinajpur,1981,5,36.0,23.6,595.0,72.0,2.4,4.9,6.848,41863,365790.2,834718.0,25.63,88.66,37,1981.05,1
6294,Dinajpur,1981,7,32.5,26.1,715.0,85.0,3.0,7.0,4.288,41863,365790.2,834718.0,25.63,88.66,37,1981.07,1
6295,Dinajpur,1981,8,33.0,26.2,289.0,84.0,1.5,6.9,5.208,41863,365790.2,834718.0,25.63,88.66,37,1981.08,1
6296,Dinajpur,1981,9,33.0,25.3,214.0,84.0,0.5,6.0,5.184,41863,365790.2,834718.0,25.63,88.66,37,1981.09,1
6305,Dinajpur,1982,6,34.9,24.9,264.0,81.0,0.8,6.1,5.228,41863,365790.2,834718.0,25.63,88.66,37,1982.06,1
6306,Dinajpur,1982,7,34.9,25.6,260.0,84.0,0.7,6.4,4.288,41863,365790.2,834718.0,25.63,88.66,37,1982.07,1
6307,Dinajpur,1982,8,33.8,25.7,361.0,82.0,1.4,6.3,5.208,41863,365790.2,834718.0,25.63,88.66,37,1982.08,1
6308,Dinajpur,1982,9,35.5,25.1,164.0,80.0,0.5,4.6,5.184,41863,365790.2,834718.0,25.63,88.66,37,1982.09,1
6316,Dinajpur,1983,5,37.5,22.4,311.0,74.0,0.7,4.3,6.848,41863,365790.2,834718.0,25.63,88.66,37,1983.05,1
6317,Dinajpur,1983,6,36.7,25.2,157.0,76.0,0.8,4.4,5.228,41863,365790.2,834718.0,25.63,88.66,37,1983.06,1
6318,Dinajpur,1983,7,35.5,25.4,700.0,84.0,0.7,6.0,4.288,41863,365790.2,834718.0,25.63,88.66,37,1983.07,1
6319,Dinajpur,1983,8,35.5,25.7,363.0,81.0,1.1,5.2,5.208,41863,365790.2,834718.0,25.63,88.66,37,1983.08,1
6320,Dinajpur,1983,9,34.0,25.0,320.0,86.0,0.8,5.6,5.184,41863,365790.2,834718.0,25.63,88.66,37,1983.09,1
6321,Dinajpur,1983,10,35.5,22.2,177.0,79.0,0.8,3.5,6.916,41863,365790.2,834718.0,25.63,88.66,37,1983.1,1
6328,Dinajpur,1984,5,36.7,23.0,311.0,82.0,1.1,5.8,6.848,41863,365790.2,834718.0,25.63,88.66,37,1984.05,1
6329,Dinajpur,1984,6,36.0,25.3,457.0,82.0,1.3,5.5,5.228,41863,365790.2,834718.0,25.63,88.66,37,1984.06,1
6330,Dinajpur,1984,7,33.5,25.0,470.0,85.0,0.9,6.5,4.288,41863,365790.2,834718.0,25.63,88.66,37,1984.07,1
6331,Dinajpur,1984,8,36.0,25.5,270.0,81.0,1.2,5.6,5.208,41863,365790.2,834718.0,25.63,88.66,37,1984.08,1
6332,Dinajpur,1984,9,33.5,24.1,498.0,84.0,0.7,5.4,5.184,41863,365790.2,834718.0,25.63,88.66,37,1984.09,1
6340,Dinajpur,1985,5,35.0,23.2,146.0,71.0,1.2,4.1,6.848,41863,365790.2,834718.0,25.63,88.66,37,1985.05,1
6341,Dinajpur,1985,6,35.5,24.9,551.0,80.0,0.9,5.1,5.228,41863,365790.2,834718.0,25.63,88.66,37,1985.06,1
6342,Dinajpur,1985,7,34.2,25.2,484.0,86.0,1.1,6.7,4.288,41863,365790.2,834718.0,25.63,88.66,37,1985.07,1
6343,Dinajpur,1985,8,35.5,26.6,278.0,80.0,1.0,5.2,5.208,41863,365790.2,834718.0,25.63,88.66,37,1985.08,1
6344,Dinajpur,1985,9,33.2,25.1,326.0,84.0,0.9,5.7,5.184,41863,365790.2,834718.0,25.63,88.66,37,1985.09,1
6345,Dinajpur,1985,10,33.8,22.7,282.0,75.0,0.7,2.8,6.916,41863,365790.2,834718.0,25.63,88.66,37,1985.1,1
6352,Dinajpur,1986,5,35.5,22.5,178.0,72.0,1.1,3.3,6.848,41863,365790.2,834718.0,25.63,88.66,37,1986.05,1
6353,Dinajpur,1986,6,36.6,25.5,203.0,78.0,1.5,5.1,5.228,41863,365790.2,834718.0,25.63,88.66,37,1986.06,1
6354,Dinajpur,1986,7,34.0,25.8,500.0,83.0,1.2,6.2,4.288,41863,365790.2,834718.0,25.63,88.66,37,1986.07,1
6355,Dinajpur,1986,8,36.5,26.1,329.0,80.0,1.0,5.0,5.208,41863,365790.2,834718.0,25.63,88.66,37,1986.08,1
6356,Dinajpur,1986,9,33.6,24.5,274.0,85.0,1.4,6.0,5.184,41863,365790.2,834718.0,25.63,88.66,37,1986.09,1
6357,Dinajpur,1986,10,30.8,20.7,365.0,79.0,0.8,3.6,6.916,41863,365790.2,834718.0,25.63,88.66,37,1986.1,1
6365,Dinajpur,1987,6,37.5,25.7,304.0,80.0,1.1,5.3,5.228,41863,365790.2,834718.0,25.63,88.66,37,1987.06,1
6366,Dinajpur,1987,7,33.7,25.5,1196.0,88.0,1.3,7.1,4.288,41863,365790.2,834718.0,25.63,88.66,37,1987.07,1
6367,Dinajpur,1987,8,35.5,25.5,798.0,86.0,1.4,6.1,5.208,41863,365790.2,834718.0,25.63,88.66,37,1987.08,1
6368,Dinajpur,1987,9,33.5,25.4,430.0,86.0,1.0,6.4,5.184,41863,365790.2,834718.0,25.63,88.66,37,1987.09,1
6376,Dinajpur,1988,5,36.3,23.6,170.0,77.0,1.0,4.5,6.848,41863,365790.2,834718.0,25.63,88.66,37,1988.05,1
6377,Dinajpur,1988,6,37.5,25.3,347.0,81.0,1.3,5.0,5.228,41863,365790.2,834718.0,25.63,88.66,37,1988.06,1
6378,Dinajpur,1988,7,35.0,26.3,401.0,84.0,0.9,5.7,4.288,41863,365790.2,834718.0,25.63,88.66,37,1988.07,1
6379,Dinajpur,1988,8,35.0,25.6,848.0,86.0,0.9,6.0,5.208,41863,365790.2,834718.0,25.63,88.66,37,1988.08,1
6380,Dinajpur,1988,9,35.0,25.6,200.0,82.0,0.8,5.1,5.184,41863,365790.2,834718.0,25.63,88.66,37,1988.09,1
6388,Dinajpur,1989,5,41.4,23.3,408.0,71.0,1.2,3.8,6.8,41863,365790.2,834718.0,25.63,88.66,37,1989.05,1
6389,Dinajpur,1989,6,36.0,25.4,253.0,82.0,1.3,4.8,5.6,41863,365790.2,834718.0,25.63,88.66,37,1989.06,1
6390,Dinajpur,1989,7,36.2,25.4,412.0,87.0,1.1,6.2,4.0,41863,365790.2,834718.0,25.63,88.66,37,1989.07,1
6391,Dinajpur,1989,8,33.8,25.9,232.0,83.0,0.9,4.7,6.2,41863,365790.2,834718.0,25.63,88.66,37,1989.08,1
6392,Dinajpur,1989,9,33.5,24.7,493.0,89.0,0.9,5.8,3.3,41863,365790.2,834718.0,25.63,88.66,37,1989.09,1
6400,Dinajpur,1990,5,35.0,23.7,245.0,81.0,1.2,4.2,7.1,41863,365790.2,834718.0,25.63,88.66,37,1990.05,1
6401,Dinajpur,1990,6,36.4,25.7,355.0,84.0,1.4,5.7,5.3,41863,365790.2,834718.0,25.63,88.66,37,1990.06,1
6402,Dinajpur,1990,7,33.0,25.9,479.0,86.0,1.4,6.3,3.6,41863,365790.2,834718.0,25.63,88.66,37,1990.07,1
6403,Dinajpur,1990,8,36.2,26.2,251.0,84.0,1.0,5.0,6.2,41863,365790.2,834718.0,25.63,88.66,37,1990.08,1
6404,Dinajpur,1990,9,36.0,25.2,352.0,86.0,1.3,5.4,5.7,41863,365790.2,834718.0,25.63,88.66,37,1990.09,1
6412,Dinajpur,1991,5,37.0,22.7,400.0,84.0,1.3,6.1,5.2,41863,365790.2,834718.0,25.63,88.66,37,1991.05,1
6413,Dinajpur,1991,6,34.6,25.2,376.0,85.0,1.1,5.9,4.9,41863,365790.2,834718.0,25.63,88.66,37,1991.06,1
6414,Dinajpur,1991,7,36.0,26.3,184.0,86.0,1.2,5.6,4.6,41863,365790.2,834718.0,25.63,88.66,37,1991.07,1
6415,Dinajpur,1991,8,36.1,26.2,282.0,85.0,1.1,5.7,4.7,41863,365790.2,834718.0,25.63,88.66,37,1991.08,1
6416,Dinajpur,1991,9,34.0,25.1,647.0,90.0,0.8,5.7,3.7,41863,365790.2,834718.0,25.63,88.66,37,1991.09,1
6425,Dinajpur,1992,6,38.7,25.2,212.0,80.0,1.2,4.9,6.0,41863,365790.2,834718.0,25.63,88.66,37,1992.06,1
6426,Dinajpur,1992,7,35.0,25.0,535.0,86.0,1.5,6.7,3.2,41863,365790.2,834718.0,25.63,88.66,37,1992.07,1
6427,Dinajpur,1992,8,35.6,25.7,228.0,83.0,1.1,5.4,5.7,41863,365790.2,834718.0,25.63,88.66,37,1992.08,1
6428,Dinajpur,1992,9,34.8,24.7,483.0,85.0,0.9,4.1,6.5,41863,365790.2,834718.0,25.63,88.66,37,1992.09,1
6436,Dinajpur,1993,5,35.0,22.7,308.0,81.0,1.2,5.0,5.9,41863,365790.2,834718.0,25.63,88.66,37,1993.05,1
6437,Dinajpur,1993,6,35.5,25.0,495.0,85.0,1.3,5.7,5.8,41863,365790.2,834718.0,25.63,88.66,37,1993.06,1
6438,Dinajpur,1993,7,34.7,26.6,218.0,83.0,1.2,5.8,5.7,41863,365790.2,834718.0,25.63,88.66,37,1993.07,1
6439,Dinajpur,1993,8,34.0,26.1,565.0,88.0,1.0,6.2,4.2,41863,365790.2,834718.0,25.63,88.66,37,1993.08,1
6440,Dinajpur,1993,9,35.0,25.1,361.0,86.0,1.0,5.9,5.0,41863,365790.2,834718.0,25.63,88.66,37,1993.09,1
6449,Dinajpur,1994,6,35.9,25.6,294.0,83.0,1.1,5.8,4.2,41863,365790.2,834718.0,25.63,88.66,37,1994.06,1
6452,Dinajpur,1994,9,35.0,25.0,248.0,81.0,0.7,4.4,6.4,41863,365790.2,834718.0,25.63,88.66,37,1994.09,1
6461,Dinajpur,1995,6,37.6,26.0,287.0,83.0,0.7,6.3,3.3,41863,365790.2,834718.0,25.63,88.66,37,1995.06,1
6462,Dinajpur,1995,7,34.5,25.4,472.0,86.0,0.7,6.2,3.7,41863,365790.2,834718.0,25.63,88.66,37,1995.07,1
6463,Dinajpur,1995,8,35.2,25.5,593.0,85.0,0.6,5.3,5.7,41863,365790.2,834718.0,25.63,88.66,37,1995.08,1
6464,Dinajpur,1995,9,35.5,24.6,1026.0,85.0,0.7,5.8,4.2,41863,365790.2,834718.0,25.63,88.66,37,1995.09,1
6473,Dinajpur,1996,6,36.0,25.0,320.0,84.0,0.7,5.4,7.5,41863,365790.2,834718.0,25.63,88.66,37,1996.06,1
6474,Dinajpur,1996,7,35.4,26.3,428.0,87.0,0.7,6.1,2.8,41863,365790.2,834718.0,25.63,88.66,37,1996.07,1
6475,Dinajpur,1996,8,35.5,26.4,353.0,86.0,0.6,5.6,5.4,41863,365790.2,834718.0,25.63,88.66,37,1996.08,1
6476,Dinajpur,1996,9,35.5,25.7,286.0,87.0,0.3,4.2,6.6,41863,365790.2,834718.0,25.63,88.66,37,1996.09,1
6485,Dinajpur,1997,6,39.0,25.2,501.0,81.0,0.9,4.7,6.8,41863,365790.2,834718.0,25.63,88.66,37,1997.06,1
6486,Dinajpur,1997,7,35.6,26.3,461.0,87.0,0.9,5.7,3.6,41863,365790.2,834718.0,25.63,88.66,37,1997.07,1
6487,Dinajpur,1997,8,36.6,26.4,330.0,86.0,0.7,5.4,4.8,41863,365790.2,834718.0,25.63,88.66,37,1997.08,1
6488,Dinajpur,1997,9,33.7,25.3,289.0,88.0,0.5,5.0,5.1,41863,365790.2,834718.0,25.63,88.66,37,1997.09,1
6497,Dinajpur,1998,6,39.8,26.9,237.0,84.0,0.7,5.3,7.0,41863,365790.2,834718.0,25.63,88.66,37,1998.06,1
6498,Dinajpur,1998,7,34.8,26.3,566.0,89.0,0.7,6.7,2.4,41863,365790.2,834718.0,25.63,88.66,37,1998.07,1
6499,Dinajpur,1998,8,34.0,26.5,548.0,89.0,0.5,6.4,2.8,41863,365790.2,834718.0,25.63,88.66,37,1998.08,1
6508,Dinajpur,1999,5,36.8,23.8,367.0,84.0,0.8,4.8,5.5,41863,365790.2,834718.0,25.63,88.66,37,1999.05,1
6509,Dinajpur,1999,6,37.8,26.2,283.0,86.0,0.7,5.6,6.9,41863,365790.2,834718.0,25.63,88.66,37,1999.06,1
6510,Dinajpur,1999,7,35.4,26.2,403.0,87.0,0.6,6.5,2.7,41863,365790.2,834718.0,25.63,88.66,37,1999.07,1
6511,Dinajpur,1999,8,35.7,25.8,587.0,89.0,0.6,6.2,4.6,41863,365790.2,834718.0,25.63,88.66,37,1999.08,1
6512,Dinajpur,1999,9,34.0,25.2,589.0,88.0,0.6,5.1,3.4,41863,365790.2,834718.0,25.63,88.66,37,1999.09,1
6513,Dinajpur,1999,10,33.5,23.4,234.0,87.0,0.5,3.7,5.0,41863,365790.2,834718.0,25.63,88.66,37,1999.1,1
6519,Dinajpur,2000,4,37.2,21.0,147.0,76.0,0.8,3.3,7.4,41863,365790.2,834718.0,25.63,88.66,37,2000.04,1
6520,Dinajpur,2000,5,37.5,23.7,317.0,86.0,0.7,5.0,5.7,41863,365790.2,834718.0,25.63,88.66,37,2000.05,1
6521,Dinajpur,2000,6,36.8,25.9,399.0,86.0,0.7,6.3,4.5,41863,365790.2,834718.0,25.63,88.66,37,2000.06,1
6522,Dinajpur,2000,7,35.0,26.4,188.0,85.0,0.8,5.9,5.2,41863,365790.2,834718.0,25.63,88.66,37,2000.07,1
6523,Dinajpur,2000,8,35.5,26.5,195.0,85.0,0.6,6.1,4.7,41863,365790.2,834718.0,25.63,88.66,37,2000.08,1
6524,Dinajpur,2000,9,35.0,25.1,196.0,87.0,0.5,5.3,4.7,41863,365790.2,834718.0,25.63,88.66,37,2000.09,1
6532,Dinajpur,2001,5,36.4,23.3,222.0,79.0,0.7,4.2,7.8,41863,365790.2,834718.0,25.63,88.66,37,2001.05,1
6533,Dinajpur,2001,6,35.5,25.4,573.0,86.0,0.9,5.7,6.9,41863,365790.2,834718.0,25.63,88.66,37,2001.06,1
6534,Dinajpur,2001,7,36.8,26.5,158.0,86.0,0.7,5.7,5.9,41863,365790.2,834718.0,25.63,88.66,37,2001.07,1
6535,Dinajpur,2001,8,36.5,26.7,318.0,83.0,0.5,5.2,6.6,41863,365790.2,834718.0,25.63,88.66,37,2001.08,1
6536,Dinajpur,2001,9,35.5,25.6,462.0,87.0,0.5,5.6,4.9,41863,365790.2,834718.0,25.63,88.66,37,2001.09,1
6537,Dinajpur,2001,10,34.0,23.4,382.0,85.0,0.4,3.7,6.6,41863,365790.2,834718.0,25.63,88.66,37,2001.1,1
6543,Dinajpur,2002,4,35.3,21.3,162.0,78.0,0.9,4.5,7.0,41863,365790.2,834718.0,25.63,88.66,37,2002.04,1
6544,Dinajpur,2002,5,36.0,23.7,104.0,80.0,0.7,4.9,6.3,41863,365790.2,834718.0,25.63,88.66,37,2002.05,1
6545,Dinajpur,2002,6,34.4,25.0,658.0,86.0,0.9,6.3,4.3,41863,365790.2,834718.0,25.63,88.66,37,2002.06,1
6546,Dinajpur,2002,7,35.8,25.7,797.0,89.0,0.6,6.8,2.2,41863,365790.2,834718.0,25.63,88.66,37,2002.07,1
6547,Dinajpur,2002,8,35.5,26.2,246.0,85.0,0.8,5.8,5.4,41863,365790.2,834718.0,25.63,88.66,37,2002.08,1
6548,Dinajpur,2002,9,36.0,25.3,481.0,84.0,0.6,4.7,6.6,41863,365790.2,834718.0,25.63,88.66,37,2002.09,1
6556,Dinajpur,2003,5,36.8,23.3,147.0,78.0,0.8,4.2,7.4,41863,365790.2,834718.0,25.63,88.66,37,2003.05,1
6557,Dinajpur,2003,6,37.0,25.1,337.0,85.0,0.7,5.9,3.3,41863,365790.2,834718.0,25.63,88.66,37,2003.06,1
6558,Dinajpur,2003,7,37.4,26.3,532.0,83.0,0.7,5.7,5.8,41863,365790.2,834718.0,25.63,88.66,37,2003.07,1
6559,Dinajpur,2003,8,36.0,26.8,197.0,84.0,0.6,5.1,6.5,41863,365790.2,834718.0,25.63,88.66,37,2003.08,1
6560,Dinajpur,2003,9,35.0,25.8,230.0,86.0,0.7,5.3,5.7,41863,365790.2,834718.0,25.63,88.66,37,2003.09,1
6561,Dinajpur,2003,10,33.0,23.1,380.0,86.0,0.5,4.5,5.1,41863,365790.2,834718.0,25.63,88.66,37,2003.1,1
6567,Dinajpur,2004,4,33.8,21.0,163.0,81.0,0.9,5.1,4.8,41863,365790.2,834718.0,25.63,88.66,37,2004.04,1
6568,Dinajpur,2004,5,40.0,23.8,278.0,79.0,0.7,3.9,7.0,41863,365790.2,834718.0,25.63,88.66,37,2004.05,1
6569,Dinajpur,2004,6,36.2,25.2,517.0,84.0,0.7,6.3,4.1,41863,365790.2,834718.0,25.63,88.66,37,2004.06,1
6570,Dinajpur,2004,7,34.0,25.5,602.0,87.0,0.7,6.5,3.6,41863,365790.2,834718.0,25.63,88.66,37,2004.07,1
6572,Dinajpur,2004,9,34.0,25.3,253.0,86.0,0.6,5.8,3.6,41863,365790.2,834718.0,25.63,88.66,37,2004.09,1
6573,Dinajpur,2004,10,33.2,21.4,330.0,84.0,0.4,3.3,6.7,41863,365790.2,834718.0,25.63,88.66,37,2004.1,1
6580,Dinajpur,2005,5,37.0,23.1,255.0,81.0,0.7,4.8,6.0,41863,365790.2,834718.0,25.63,88.66,37,2005.05,1
6581,Dinajpur,2005,6,40.0,25.3,474.0,82.0,0.8,5.4,5.4,41863,365790.2,834718.0,25.63,88.66,37,2005.06,1
6582,Dinajpur,2005,7,35.0,26.1,507.0,85.0,0.6,6.2,4.7,41863,365790.2,834718.0,25.63,88.66,37,2005.07,1
6583,Dinajpur,2005,8,35.5,26.5,597.0,87.0,0.5,6.9,3.1,41863,365790.2,834718.0,25.63,88.66,37,2005.08,1
6584,Dinajpur,2005,9,35.8,26.4,222.0,83.0,0.4,4.8,6.7,41863,365790.2,834718.0,25.63,88.66,37,2005.09,1
6585,Dinajpur,2005,10,33.2,22.3,770.0,86.0,0.5,4.4,5.6,41863,365790.2,834718.0,25.63,88.66,37,2005.1,1
6592,Dinajpur,2006,5,36.8,23.9,259.0,79.0,0.6,4.6,6.9,41863,365790.2,834718.0,25.63,88.66,37,2006.05,1
6593,Dinajpur,2006,6,37.0,25.3,222.0,83.0,0.7,6.3,4.3,41863,365790.2,834718.0,25.63,88.66,37,2006.06,1
6594,Dinajpur,2006,7,36.0,26.6,218.0,82.0,0.7,6.2,5.8,41863,365790.2,834718.0,25.63,88.66,37,2006.07,1
6596,Dinajpur,2006,9,35.4,25.0,340.0,85.0,1.0,5.6,5.4,41863,365790.2,834718.0,25.63,88.66,37,2006.09,1
6605,Dinajpur,2007,6,40.7,25.3,474.0,83.0,1.2,6.2,4.7,41863,365790.2,834718.0,25.63,88.66,37,2007.06,1
6606,Dinajpur,2007,7,35.0,26.1,401.0,87.0,1.0,6.8,3.2,41863,365790.2,834718.0,25.63,88.66,37,2007.07,1
6607,Dinajpur,2007,8,36.5,26.7,233.0,84.0,0.8,5.9,4.7,41863,365790.2,834718.0,25.63,88.66,37,2007.08,1
6608,Dinajpur,2007,9,34.8,25.7,234.0,86.0,0.8,6.0,3.9,41863,365790.2,834718.0,25.63,88.66,37,2007.09,1
6616,Dinajpur,2008,5,36.0,23.4,220.0,77.0,0.9,4.3,7.7,41863,365790.2,834718.0,25.63,88.66,37,2008.05,1
6617,Dinajpur,2008,6,35.6,25.6,363.0,85.0,0.9,6.1,5.4,41863,365790.2,834718.0,25.63,88.66,37,2008.06,1
6618,Dinajpur,2008,7,35.2,26.1,437.0,85.0,0.6,6.5,4.0,41863,365790.2,834718.0,25.63,88.66,37,2008.07,1
6619,Dinajpur,2008,8,35.7,26.1,385.0,87.0,0.7,6.1,4.5,41863,365790.2,834718.0,25.63,88.66,37,2008.08,1
6620,Dinajpur,2008,9,35.0,25.7,242.0,85.0,0.6,4.8,5.6,41863,365790.2,834718.0,25.63,88.66,37,2008.09,1
6628,Dinajpur,2009,5,38.0,23.6,369.0,79.0,2.1,4.3,7.2,41863,365790.2,834718.0,25.63,88.66,37,2009.05,1
6629,Dinajpur,2009,6,37.5,25.9,457.0,79.0,1.7,4.9,6.7,41863,365790.2,834718.0,25.63,88.66,37,2009.06,1
6630,Dinajpur,2009,7,36.2,26.5,281.0,82.0,1.9,5.9,6.1,41863,365790.2,834718.0,25.63,88.66,37,2009.07,1
6631,Dinajpur,2009,8,34.6,26.3,471.0,86.0,1.7,6.6,3.8,41863,365790.2,834718.0,25.63,88.66,37,2009.08,1
6633,Dinajpur,2009,10,34.7,22.4,267.0,81.0,1.4,2.9,7.6,41863,365790.2,834718.0,25.63,88.66,37,2009.1,1
6640,Dinajpur,2010,5,39.5,24.2,206.0,77.0,2.0,5.0,7.4,41863,365790.2,834718.0,25.63,88.66,37,2010.05,1
6641,Dinajpur,2010,6,38.2,25.3,515.0,83.0,1.8,6.3,3.6,41863,365790.2,834718.0,25.63,88.66,37,2010.06,1
6642,Dinajpur,2010,7,35.2,26.7,356.0,83.0,1.8,6.2,4.5,41863,365790.2,834718.0,25.63,88.66,37,2010.07,1
6643,Dinajpur,2010,8,36.0,26.8,290.0,84.0,1.7,5.7,5.0,41863,365790.2,834718.0,25.63,88.66,37,2010.08,1
6652,Dinajpur,2011,5,35.5,23.3,250.0,80.0,1.7,4.5,6.9,41863,365790.2,834718.0,25.63,88.66,37,2011.05,1
6653,Dinajpur,2011,6,35.5,25.5,348.0,82.0,1.9,5.6,4.6,41863,365790.2,834718.0,25.63,88.66,37,2011.06,1
6654,Dinajpur,2011,7,35.2,26.3,285.0,83.0,1.7,6.4,4.3,41863,365790.2,834718.0,25.63,88.66,37,2011.07,1
6655,Dinajpur,2011,8,35.6,26.1,381.0,84.0,1.7,5.6,5.1,41863,365790.2,834718.0,25.63,88.66,37,2011.08,1
6656,Dinajpur,2011,9,36.0,26.1,261.0,84.0,1.7,5.0,5.9,41863,365790.2,834718.0,25.63,88.66,37,2011.09,1
6657,Dinajpur,2011,10,35.0,23.4,0.0,80.0,1.4,1.5,7.5,41863,365790.2,834718.0,25.63,88.66,37,2011.1,0
6658,Dinajpur,2011,11,31.0,16.5,3.0,77.0,1.4,1.0,7.2,41863,365790.2,834718.0,25.63,88.66,37,2011.11,0
6659,Dinajpur,2011,12,30.0,12.1,0.0,82.0,1.6,1.1,5.3,41863,365790.2,834718.0,25.63,88.66,37,2011.12,0
6660,Dinajpur,2012,1,26.0,10.7,5.0,79.0,1.6,2.2,5.0,41863,365790.2,834718.0,25.63,88.66,37,2012.01,0
6661,Dinajpur,2012,2,30.5,13.1,5.0,67.0,1.9,0.6,7.9,41863,365790.2,834718.0,25.63,88.66,37,2012.02,0
6662,Dinajpur,2012,3,36.0,17.2,3.0,62.0,1.6,0.5,8.2,41863,365790.2,834718.0,25.63,88.66,37,2012.03,0
6663,Dinajpur,2012,4,38.5,21.7,57.0,68.0,1.9,3.0,7.9,41863,365790.2,834718.0,25.63,88.66,37,2012.04,0
6664,Dinajpur,2012,5,40.3,24.3,79.0,73.0,1.8,3.8,7.3,41863,365790.2,834718.0,25.63,88.66,37,2012.05,0
6665,Dinajpur,2012,6,36.2,25.7,380.0,82.0,1.8,6.5,4.2,41863,365790.2,834718.0,25.63,88.66,37,2012.06,1
6666,Dinajpur,2012,7,34.7,26.7,435.0,83.0,1.7,6.6,4.4,41863,365790.2,834718.0,25.63,88.66,37,2012.07,1
6668,Dinajpur,2012,9,37.0,25.8,349.0,84.0,1.7,5.6,5.1,41863,365790.2,834718.0,25.63,88.66,37,2012.09,1
6669,Dinajpur,2012,10,33.0,21.6,91.0,81.0,1.5,2.6,7.5,41863,365790.2,834718.0,25.63,88.66,37,2012.1,0
6670,Dinajpur,2012,11,30.6,15.0,1.0,75.0,1.1,1.4,6.5,41863,365790.2,834718.0,25.63,88.66,37,2012.11,0
6671,Dinajpur,2012,12,27.5,11.7,0.0,85.0,1.1,1.3,2.6,41863,365790.2,834718.0,25.63,88.66,37,2012.12,0
6672,Dinajpur,2013,1,27.2,8.5,0.0,78.0,1.5,0.8,5.2,41863,365790.2,834718.0,25.63,88.66,37,2013.01,0
6673,Dinajpur,2013,2,31.5,13.9,10.0,70.0,1.6,1.9,7.4,41863,365790.2,834718.0,25.63,88.66,37,2013.02,0
6674,Dinajpur,2013,3,36.0,18.0,0.0,64.0,1.7,0.8,8.9,41863,365790.2,834718.0,25.63,88.66,37,2013.03,0
6675,Dinajpur,2013,4,39.5,21.3,99.0,69.0,1.9,3.3,7.0,41863,365790.2,834718.0,25.63,88.66,37,2013.04,0
6676,Dinajpur,2013,5,37.8,23.9,133.0,81.0,2.0,6.0,4.4,41863,365790.2,834718.0,25.63,88.66,37,2013.05,1
6677,Dinajpur,2013,6,37.2,26.4,370.0,81.0,1.6,5.7,5.4,41863,365790.2,834718.0,25.63,88.66,37,2013.06,1
6678,Dinajpur,2013,7,35.0,26.9,255.0,82.0,1.8,6.2,5.1,41863,365790.2,834718.0,25.63,88.66,37,2013.07,1
6679,Dinajpur,2013,8,35.7,26.1,469.0,85.0,1.8,6.3,4.6,41863,365790.2,834718.0,25.63,88.66,37,2013.08,1
6680,Dinajpur,2013,9,36.2,26.0,182.0,82.0,1.7,4.9,6.4,41863,365790.2,834718.0,25.63,88.66,37,2013.09,1
6681,Dinajpur,2013,10,33.8,22.3,309.0,85.0,1.7,4.7,5.1,41863,365790.2,834718.0,25.63,88.66,37,2013.1,1
6682,Dinajpur,2013,11,30.6,15.1,0.0,78.0,1.8,1.2,7.7,41863,365790.2,834718.0,25.63,88.66,37,2013.11,0
6683,Dinajpur,2013,12,29.0,12.3,0.0,81.0,1.8,0.7,3.6,41863,365790.2,834718.0,25.63,88.66,37,2013.12,0
6689,Faridpur,1948,6,33.9,25.3,402.0,82.0,1.833333333,7.0,5.0,41929,483877.3,610719.3,23.61,89.84,9,1948.06,1
6691,Faridpur,1948,8,31.5,26.0,410.0,84.0,1.640740741,6.8,4.95862069,41929,483877.3,610719.3,23.61,89.84,9,1948.08,1
6693,Faridpur,1948,10,31.7,23.8,481.0,79.0,0.862962963,3.7,6.906896552,41929,483877.3,610719.3,23.61,89.84,9,1948.1,1
6700,Faridpur,1949,5,33.5,23.6,417.0,84.0,2.016666667,5.3,7.020689655,41929,483877.3,610719.3,23.61,89.84,9,1949.05,1
6701,Faridpur,1949,6,34.4,25.4,482.0,88.0,1.833333333,7.1,5.0,41929,483877.3,610719.3,23.61,89.84,9,1949.06,1
6702,Faridpur,1949,7,31.7,25.9,412.0,89.0,1.774074074,6.7,4.431034483,41929,483877.3,610719.3,23.61,89.84,9,1949.07,1
6713,Faridpur,1950,6,33.2,25.5,708.0,88.0,1.833333333,6.9,5.0,41929,483877.3,610719.3,23.61,89.84,9,1950.06,1
6714,Faridpur,1950,7,31.0,25.9,419.0,88.0,1.774074074,6.9,4.431034483,41929,483877.3,610719.3,23.61,89.84,9,1950.07,1
6715,Faridpur,1950,8,31.1,25.8,441.0,88.0,1.640740741,7.5,4.95862069,41929,483877.3,610719.3,23.61,89.84,9,1950.08,1
6738,Faridpur,1952,7,34.4,25.5,468.0,88.0,1.774074074,6.7,4.431034483,41929,483877.3,610719.3,23.61,89.84,9,1952.07,1
6749,Faridpur,1953,6,35.6,24.7,591.0,87.0,1.833333333,6.6,5.0,41929,483877.3,610719.3,23.61,89.84,9,1953.06,1
6750,Faridpur,1953,7,35.0,25.5,677.0,89.0,1.774074074,6.4,4.431034483,41929,483877.3,610719.3,23.61,89.84,9,1953.07,1
6761,Faridpur,1954,6,33.7,24.9,788.0,91.0,1.833333333,6.2,5.0,41929,483877.3,610719.3,23.61,89.84,9,1954.06,1
6762,Faridpur,1954,7,32.6,25.8,414.0,86.0,1.774074074,6.7,4.431034483,41929,483877.3,610719.3,23.61,89.84,9,1954.07,1
6785,Faridpur,1956,6,32.7,24.5,459.0,89.0,1.833333333,6.8,5.0,41929,483877.3,610719.3,23.61,89.84,9,1956.06,1
6787,Faridpur,1956,8,32.2,25.6,435.0,87.0,1.640740741,6.8,4.95862069,41929,483877.3,610719.3,23.61,89.84,9,1956.08,1
6813,Faridpur,1958,10,33.7,24.8,364.0,84.0,0.862962963,4.9,6.906896552,41929,483877.3,610719.3,23.61,89.84,9,1958.1,1
6823,Faridpur,1959,8,33.1,25.4,489.0,86.0,1.640740741,6.2,4.95862069,41929,483877.3,610719.3,23.61,89.84,9,1959.08,1
6824,Faridpur,1959,9,33.3,24.7,528.0,89.0,1.375925926,6.3,5.14137931,41929,483877.3,610719.3,23.61,89.84,9,1959.09,1
6825,Faridpur,1959,10,31.8,22.7,697.0,88.0,0.862962963,5.0,6.906896552,41929,483877.3,610719.3,23.61,89.84,9,1959.1,1
6834,Faridpur,1960,7,33.3,25.4,663.0,87.0,1.3,6.8,4.431034483,41929,483877.3,610719.3,23.61,89.84,9,1960.07,1
6846,Faridpur,1961,7,33.9,25.7,415.0,83.0,1.1,6.2,4.431034483,41929,483877.3,610719.3,23.61,89.84,9,1961.07,1
6858,Faridpur,1962,7,35.6,26.4,388.0,87.0,1.8,6.3,4.431034483,41929,483877.3,610719.3,23.61,89.84,9,1962.07,1
6869,Faridpur,1963,6,35.6,23.6,530.0,87.0,1.2,6.2,5.0,41929,483877.3,610719.3,23.61,89.84,9,1963.06,1
6882,Faridpur,1964,7,32.2,25.6,548.0,89.0,1.0,7.0,4.431034483,41929,483877.3,610719.3,23.61,89.84,9,1964.07,1
6894,Faridpur,1965,7,32.2,25.3,376.0,88.0,1.1,6.3,4.431034483,41929,483877.3,610719.3,23.61,89.84,9,1965.07,1
6917,Faridpur,1967,6,36.1,25.3,403.0,83.0,1.9,5.1,5.0,41929,483877.3,610719.3,23.61,89.84,9,1967.06,1
6943,Faridpur,1969,8,32.8,25.7,407.0,89.0,1.3,6.1,4.95862069,41929,483877.3,610719.3,23.61,89.84,9,1969.08,1
6954,Faridpur,1970,7,34.4,25.5,382.0,89.0,1.4,6.9,4.431034483,41929,483877.3,610719.3,23.61,89.84,9,1970.07,1
6956,Faridpur,1970,9,36.7,25.4,433.0,87.0,1.4,6.3,5.14137931,41929,483877.3,610719.3,23.61,89.84,9,1970.09,1
6957,Faridpur,1970,10,32.8,23.5,413.0,84.0,1.3,3.6,6.906896552,41929,483877.3,610719.3,23.61,89.84,9,1970.1,1
6967,Faridpur,1971,8,32.2,24.5,538.0,85.0,1.4,6.3,4.95862069,41929,483877.3,610719.3,23.61,89.84,9,1971.08,1
6988,Faridpur,1973,5,34.4,22.5,486.0,83.0,1.6,5.6,7.020689655,41929,483877.3,610719.3,23.61,89.84,9,1973.05,1
6989,Faridpur,1973,6,35.6,24.1,431.0,85.0,1.3,6.5,5.0,41929,483877.3,610719.3,23.61,89.84,9,1973.06,1
6991,Faridpur,1973,8,32.8,24.5,472.0,86.0,1.6,6.1,4.95862069,41929,483877.3,610719.3,23.61,89.84,9,1973.08,1
6992,Faridpur,1973,9,33.3,24.3,397.0,87.0,1.2,6.2,5.14137931,41929,483877.3,610719.3,23.61,89.84,9,1973.09,1
7002,Faridpur,1974,7,32.3,23.4,714.0,87.0,1.3,7.4,4.431034483,41929,483877.3,610719.3,23.61,89.84,9,1974.07,1
7014,Faridpur,1975,7,32.1,25.2,581.0,91.0,2.3,6.9,4.431034483,41929,483877.3,610719.3,23.61,89.84,9,1975.07,1
7024,Faridpur,1976,5,36.7,23.9,403.0,79.0,1.7,4.5,7.020689655,41929,483877.3,610719.3,23.61,89.84,9,1976.05,1
7026,Faridpur,1976,7,31.4,25.6,398.0,87.0,1.3,6.4,4.431034483,41929,483877.3,610719.3,23.61,89.84,9,1976.07,1
7037,Faridpur,1977,6,33.9,25.0,562.0,88.0,1.0,5.7,5.0,41929,483877.3,610719.3,23.61,89.84,9,1977.06,1
7049,Faridpur,1978,6,33.3,25.4,401.0,87.0,0.5,5.3,5.0,41929,483877.3,610719.3,23.61,89.84,9,1978.06,1
7061,Faridpur,1979,6,35.4,26.2,467.0,83.0,1.1,5.8,5.0,41929,483877.3,610719.3,23.61,89.84,9,1979.06,1
7063,Faridpur,1979,8,35.2,26.3,377.0,86.0,0.6,6.0,4.95862069,41929,483877.3,610719.3,23.61,89.84,9,1979.08,1
7086,Faridpur,1981,7,32.8,26.1,427.0,89.0,1.6,5.6,4.431034483,41929,483877.3,610719.3,23.61,89.84,9,1981.07,1
7087,Faridpur,1981,8,34.4,26.8,740.0,85.0,1.2,4.5,4.95862069,41929,483877.3,610719.3,23.61,89.84,9,1981.08,1
7111,Faridpur,1983,8,34.7,26.7,550.0,87.0,1.1,5.1,4.95862069,41929,483877.3,610719.3,23.61,89.84,9,1983.08,1
7120,Faridpur,1984,5,35.0,24.1,473.0,83.0,1.9,3.9,7.020689655,41929,483877.3,610719.3,23.61,89.84,9,1984.05,1
7121,Faridpur,1984,6,36.5,25.5,822.0,86.0,1.8,5.6,5.0,41929,483877.3,610719.3,23.61,89.84,9,1984.06,1
7148,Faridpur,1986,9,35.4,25.1,531.0,87.0,2.0,5.8,4.4,41929,483877.3,610719.3,23.61,89.84,9,1986.09,1
7157,Faridpur,1987,6,36.0,26.4,384.0,86.0,2.4,5.8,6.0,41929,483877.3,610719.3,23.61,89.84,9,1987.06,1
7159,Faridpur,1987,8,33.5,26.6,409.0,85.0,2.5,6.0,5.2,41929,483877.3,610719.3,23.61,89.84,9,1987.08,1
7160,Faridpur,1987,9,34.0,26.8,456.0,84.0,2.1,5.7,5.5,41929,483877.3,610719.3,23.61,89.84,9,1987.09,1
7168,Faridpur,1988,5,39.3,24.4,511.0,83.0,3.6,5.0,6.5,41929,483877.3,610719.3,23.61,89.84,9,1988.05,1
7169,Faridpur,1988,6,36.7,25.5,468.0,87.0,3.3,5.5,5.0,41929,483877.3,610719.3,23.61,89.84,9,1988.06,1
7194,Faridpur,1990,7,33.8,25.6,405.0,89.0,2.3,6.4,4.0,41929,483877.3,610719.3,23.61,89.84,9,1990.07,1
7208,Faridpur,1991,9,33.8,25.2,360.0,88.0,1.7,6.0,5.4,41929,483877.3,610719.3,23.61,89.84,9,1991.09,1
7218,Faridpur,1992,7,33.6,24.4,387.0,87.0,2.1,6.3,3.9,41929,483877.3,610719.3,23.61,89.84,9,1992.07,1
7229,Faridpur,1993,6,34.5,24.4,502.0,86.0,2.7,6.2,5.1,41929,483877.3,610719.3,23.61,89.84,9,1993.06,1
7231,Faridpur,1993,8,32.7,24.5,352.0,88.0,1.9,6.3,3.2,41929,483877.3,610719.3,23.61,89.84,9,1993.08,1
7253,Faridpur,1995,6,35.6,26.4,395.0,84.0,2.5,5.8,4.3,41929,483877.3,610719.3,23.61,89.84,9,1995.06,1
7254,Faridpur,1995,7,33.3,25.7,507.0,87.0,2.7,6.3,3.3,41929,483877.3,610719.3,23.61,89.84,9,1995.07,1
7267,Faridpur,1996,8,34.3,25.7,447.0,89.0,2.1,2.8,3.9,41929,483877.3,610719.3,23.61,89.84,9,1996.08,1
7290,Faridpur,1998,7,34.0,26.0,357.0,89.0,2.4,6.5,3.5,41929,483877.3,610719.3,23.61,89.84,9,1998.07,1
7302,Faridpur,1999,7,34.2,25.7,421.0,89.0,1.9,6.3,4.0,41929,483877.3,610719.3,23.61,89.84,9,1999.07,1
7303,Faridpur,1999,8,32.8,25.8,452.0,87.0,1.7,6.0,3.3,41929,483877.3,610719.3,23.61,89.84,9,1999.08,1
7305,Faridpur,1999,10,33.6,24.7,422.0,85.0,0.9,4.5,5.8,41929,483877.3,610719.3,23.61,89.84,9,1999.1,1
7312,Faridpur,2000,5,37.3,24.4,398.0,81.0,1.6,4.9,5.5,41929,483877.3,610719.3,23.61,89.84,9,2000.05,1
7316,Faridpur,2000,9,34.7,25.7,399.0,87.0,1.1,5.2,4.8,41929,483877.3,610719.3,23.61,89.84,9,2000.09,1
7337,Faridpur,2002,6,35.0,25.8,395.0,87.0,1.6,6.1,4.2,41929,483877.3,610719.3,23.61,89.84,9,2002.06,1
7338,Faridpur,2002,7,35.5,26.0,586.0,88.0,1.3,6.6,3.0,41929,483877.3,610719.3,23.61,89.84,9,2002.07,1
7339,Faridpur,2002,8,33.8,26.1,420.0,87.0,1.1,6.2,4.4,41929,483877.3,610719.3,23.61,89.84,9,2002.08,1
7361,Faridpur,2004,6,35.0,25.3,420.0,86.0,1.2,5.5,4.4,41929,483877.3,610719.3,23.61,89.84,9,2004.06,1
7364,Faridpur,2004,9,34.4,25.8,764.0,88.0,1.3,6.1,3.9,41929,483877.3,610719.3,23.61,89.84,9,2004.09,1
7374,Faridpur,2005,7,33.2,26.1,384.0,87.0,0.9,6.1,4.3,41929,483877.3,610719.3,23.61,89.84,9,2005.07,1
7377,Faridpur,2005,10,34.5,24.2,357.0,86.0,0.4,4.7,5.0,41929,483877.3,610719.3,23.61,89.84,9,2005.1,1
7386,Faridpur,2006,7,35.4,26.6,340.0,86.0,2.1,6.1,4.6,41929,483877.3,610719.3,23.61,89.84,9,2006.07,1
7388,Faridpur,2006,9,35.8,26.0,486.0,86.0,1.5,5.3,5.7,41929,483877.3,610719.3,23.61,89.84,9,2006.09,1
7397,Faridpur,2007,6,36.7,25.5,528.0,85.0,1.3,5.9,5.0,41929,483877.3,610719.3,23.61,89.84,9,2007.06,1
7398,Faridpur,2007,7,34.6,25.9,676.0,87.0,1.2,6.4,3.8,41929,483877.3,610719.3,23.61,89.84,9,2007.07,1
7410,Faridpur,2008,7,33.4,26.0,430.0,87.0,0.8,6.2,3.8,41929,483877.3,610719.3,23.61,89.84,9,2008.07,1
7422,Faridpur,2009,7,34.8,26.3,501.0,86.0,2.4,5.6,4.7,41929,483877.3,610719.3,23.61,89.84,9,2009.07,1
7423,Faridpur,2009,8,34.4,26.4,558.0,86.0,2.2,5.9,4.5,41929,483877.3,610719.3,23.61,89.84,9,2009.08,1
7433,Faridpur,2010,6,36.6,26.1,642.0,85.0,2.7,5.4,4.2,41929,483877.3,610719.3,23.61,89.84,9,2010.06,1
7445,Faridpur,2011,6,37.6,26.1,383.0,85.0,3.1,5.4,4.4,41929,483877.3,610719.3,23.61,89.84,9,2011.06,1
7447,Faridpur,2011,8,36.0,26.4,469.0,86.0,2.5,6.1,3.9,41929,483877.3,610719.3,23.61,89.84,9,2011.08,1
7468,Faridpur,2013,5,37.3,24.6,380.0,84.0,2.9,5.9,3.7,41929,483877.3,610719.3,23.61,89.84,9,2013.05,1
7481,Feni,1973,6,32.6,25.3,494.0,85.225,1.7,6.2,4.289655172,41943,640285.9,544954.5,23.01,91.37,8,1973.06,1
7482,Feni,1973,7,31.1,25.1,734.0,87.225,1.8,6.6,4.106896552,41943,640285.9,544954.5,23.01,91.37,8,1973.07,1
7483,Feni,1973,8,31.8,25.3,510.0,85.95,1.6,6.3,4.782758621,41943,640285.9,544954.5,23.01,91.37,8,1973.08,1
7493,Feni,1974,6,33.6,25.0,577.0,84.0,2.4,5.7,4.289655172,41943,640285.9,544954.5,23.01,91.37,8,1974.06,1
7494,Feni,1974,7,31.3,24.7,1337.0,90.0,2.2,7.1,4.106896552,41943,640285.9,544954.5,23.01,91.37,8,1974.07,1
7495,Feni,1974,8,33.6,25.4,514.0,85.0,1.8,6.8,4.782758621,41943,640285.9,544954.5,23.01,91.37,8,1974.08,1
7497,Feni,1974,10,34.1,24.8,386.0,84.0,0.7,4.1,6.796551724,41943,640285.9,544954.5,23.01,91.37,8,1974.1,1
7506,Feni,1975,7,31.8,24.9,710.0,88.0,1.6,6.7,4.106896552,41943,640285.9,544954.5,23.01,91.37,8,1975.07,1
7509,Feni,1975,10,33.5,25.0,371.0,84.0,0.4,4.5,6.796551724,41943,640285.9,544954.5,23.01,91.37,8,1975.1,1
7517,Feni,1976,6,34.5,24.7,1002.0,88.0,1.1,6.6,4.289655172,41943,640285.9,544954.5,23.01,91.37,8,1976.06,1
7518,Feni,1976,7,33.7,25.1,522.0,87.0,1.2,6.6,4.106896552,41943,640285.9,544954.5,23.01,91.37,8,1976.07,1
7519,Feni,1976,8,34.3,24.6,722.0,89.0,1.0,6.6,4.782758621,41943,640285.9,544954.5,23.01,91.37,8,1976.08,1
7527,Feni,1977,4,33.8,22.1,435.0,85.0,1.3,5.1,7.451724138,41943,640285.9,544954.5,23.01,91.37,8,1977.04,1
7528,Feni,1977,5,34.9,23.7,520.0,83.0,1.0,4.9,6.375862069,41943,640285.9,544954.5,23.01,91.37,8,1977.05,1
7529,Feni,1977,6,35.1,25.0,572.0,87.0,1.0,6.1,4.289655172,41943,640285.9,544954.5,23.01,91.37,8,1977.06,1
7530,Feni,1977,7,34.6,25.4,773.0,89.0,0.9,6.5,4.106896552,41943,640285.9,544954.5,23.01,91.37,8,1977.07,1
7531,Feni,1977,8,34.7,25.6,425.0,87.0,0.8,6.2,4.782758621,41943,640285.9,544954.5,23.01,91.37,8,1977.08,1
7540,Feni,1978,5,36.5,23.7,556.0,84.0,0.8,5.0,6.375862069,41943,640285.9,544954.5,23.01,91.37,8,1978.05,1
7541,Feni,1978,6,34.6,25.1,429.0,84.0,0.7,5.6,4.289655172,41943,640285.9,544954.5,23.01,91.37,8,1978.06,1
7542,Feni,1978,7,34.6,25.3,458.0,86.0,0.7,5.6,4.106896552,41943,640285.9,544954.5,23.01,91.37,8,1978.07,1
7543,Feni,1978,8,35.3,25.7,439.0,83.0,1.0,5.5,4.782758621,41943,640285.9,544954.5,23.01,91.37,8,1978.08,1
7544,Feni,1978,9,34.3,25.2,416.0,87.0,0.3,5.6,5.2,41943,640285.9,544954.5,23.01,91.37,8,1978.09,1
7553,Feni,1979,6,37.2,26.1,653.0,85.0,0.8,5.3,4.289655172,41943,640285.9,544954.5,23.01,91.37,8,1979.06,1
7554,Feni,1979,7,31.1,25.1,734.0,87.0,1.8,6.6,4.106896552,41943,640285.9,544954.5,23.01,91.37,8,1979.07,1
7555,Feni,1979,8,31.8,25.3,510.0,86.0,1.6,6.3,4.782758621,41943,640285.9,544954.5,23.01,91.37,8,1979.08,1
7564,Feni,1980,5,35.6,23.4,515.0,80.0,0.7,4.2,6.375862069,41943,640285.9,544954.5,23.01,91.37,8,1980.05,1
7575,Feni,1981,4,35.4,22.3,432.0,81.0,0.5,4.0,7.451724138,41943,640285.9,544954.5,23.01,91.37,8,1981.04,1
7576,Feni,1981,5,34.2,24.6,580.0,81.0,0.5,4.7,6.375862069,41943,640285.9,544954.5,23.01,91.37,8,1981.05,1
7577,Feni,1981,6,34.6,25.2,463.0,85.0,2.1,5.4,4.289655172,41943,640285.9,544954.5,23.01,91.37,8,1981.06,1
7578,Feni,1981,7,33.1,24.6,1091.0,90.0,2.5,6.4,4.106896552,41943,640285.9,544954.5,23.01,91.37,8,1981.07,1
7579,Feni,1981,8,33.2,25.3,371.0,86.0,2.5,5.6,4.782758621,41943,640285.9,544954.5,23.01,91.37,8,1981.08,1
7587,Feni,1982,4,34.2,22.9,413.0,80.0,2.4,5.3,7.451724138,41943,640285.9,544954.5,23.01,91.37,8,1982.04,1
7589,Feni,1982,6,35.1,25.2,763.0,87.0,2.1,6.9,4.289655172,41943,640285.9,544954.5,23.01,91.37,8,1982.06,1
7590,Feni,1982,7,33.8,25.7,687.0,88.0,2.3,6.8,4.106896552,41943,640285.9,544954.5,23.01,91.37,8,1982.07,1
7591,Feni,1982,8,33.6,25.4,894.0,88.0,2.6,6.8,4.782758621,41943,640285.9,544954.5,23.01,91.37,8,1982.08,1
7592,Feni,1982,9,34.2,25.3,406.0,87.0,1.3,5.8,5.2,41943,640285.9,544954.5,23.01,91.37,8,1982.09,1
7600,Feni,1983,5,35.4,23.8,590.0,84.0,1.9,5.0,6.375862069,41943,640285.9,544954.5,23.01,91.37,8,1983.05,1
7602,Feni,1983,7,33.1,25.0,766.0,88.0,1.8,6.6,4.106896552,41943,640285.9,544954.5,23.01,91.37,8,1983.07,1
7612,Feni,1984,5,33.3,24.1,563.0,86.0,2.3,6.3,6.375862069,41943,640285.9,544954.5,23.01,91.37,8,1984.05,1
7613,Feni,1984,6,35.1,25.4,436.0,87.0,2.1,6.8,4.289655172,41943,640285.9,544954.5,23.01,91.37,8,1984.06,1
7614,Feni,1984,7,33.8,24.6,1292.0,92.0,1.7,7.0,4.106896552,41943,640285.9,544954.5,23.01,91.37,8,1984.07,1
7615,Feni,1984,8,34.5,25.0,381.0,89.0,1.6,6.5,4.782758621,41943,640285.9,544954.5,23.01,91.37,8,1984.08,1
7616,Feni,1984,9,33.4,24.5,400.0,88.0,0.9,4.8,5.2,41943,640285.9,544954.5,23.01,91.37,8,1984.09,1
7625,Feni,1985,6,33.9,24.5,713.0,88.0,2.0,6.9,2.9,41943,640285.9,544954.5,23.01,91.37,8,1985.06,1
7626,Feni,1985,7,32.5,24.8,635.0,89.0,2.4,7.0,3.6,41943,640285.9,544954.5,23.01,91.37,8,1985.07,1
7627,Feni,1985,8,33.6,25.4,858.0,87.0,1.7,6.7,6.1,41943,640285.9,544954.5,23.01,91.37,8,1985.08,1
7638,Feni,1986,7,32.1,25.2,701.0,87.0,1.8,6.3,4.2,41943,640285.9,544954.5,23.01,91.37,8,1986.07,1
7639,Feni,1986,8,35.5,25.5,469.0,85.0,1.2,6.4,4.6,41943,640285.9,544954.5,23.01,91.37,8,1986.08,1
7640,Feni,1986,9,36.1,24.6,460.0,87.0,1.1,6.4,4.6,41943,640285.9,544954.5,23.01,91.37,8,1986.09,1
7647,Feni,1987,4,35.1,23.0,395.0,82.0,1.9,4.5,7.4,41943,640285.9,544954.5,23.01,91.37,8,1987.04,1
7650,Feni,1987,7,32.5,24.7,937.0,90.0,2.1,6.8,3.9,41943,640285.9,544954.5,23.01,91.37,8,1987.07,1
7651,Feni,1987,8,34.0,25.0,820.0,88.0,1.9,6.6,4.7,41943,640285.9,544954.5,23.01,91.37,8,1987.08,1
7652,Feni,1987,9,33.6,25.1,550.0,87.0,1.8,5.9,5.4,41943,640285.9,544954.5,23.01,91.37,8,1987.09,1
7661,Feni,1988,6,35.6,25.4,204.0,86.0,1.6,6.2,4.3,41943,640285.9,544954.5,23.01,91.37,8,1988.06,1
7662,Feni,1988,7,36.1,25.3,822.0,88.0,1.5,6.9,3.6,41943,640285.9,544954.5,23.01,91.37,8,1988.07,1
7663,Feni,1988,8,32.6,25.1,724.0,90.0,1.5,7.0,3.0,41943,640285.9,544954.5,23.01,91.37,8,1988.08,1
7673,Feni,1989,6,35.5,25.5,597.0,83.0,1.7,5.9,4.3,41943,640285.9,544954.5,23.01,91.37,8,1989.06,1
7674,Feni,1989,7,35.1,25.6,1048.0,85.0,1.8,6.4,3.9,41943,640285.9,544954.5,23.01,91.37,8,1989.07,1
7677,Feni,1989,10,34.1,23.8,633.0,87.0,0.6,5.2,7.0,41943,640285.9,544954.5,23.01,91.37,8,1989.1,1
7684,Feni,1990,5,35.6,24.8,485.0,80.0,0.8,4.9,6.4,41943,640285.9,544954.5,23.01,91.37,8,1990.05,1
7685,Feni,1990,6,34.1,25.6,545.0,84.0,1.7,6.4,4.3,41943,640285.9,544954.5,23.01,91.37,8,1990.06,1
7686,Feni,1990,7,33.1,25.2,972.0,87.0,1.8,7.0,3.9,41943,640285.9,544954.5,23.01,91.37,8,1990.07,1
7687,Feni,1990,8,35.6,25.6,543.0,84.0,1.1,5.8,4.7,41943,640285.9,544954.5,23.01,91.37,8,1990.08,1
7689,Feni,1990,10,34.1,22.5,393.0,83.0,0.8,4.2,7.0,41943,640285.9,544954.5,23.01,91.37,8,1990.1,1
7696,Feni,1991,5,32.8,22.5,651.0,84.0,2.6,6.3,6.4,41943,640285.9,544954.5,23.01,91.37,8,1991.05,1
7697,Feni,1991,6,33.7,24.1,770.0,87.0,1.8,6.8,4.3,41943,640285.9,544954.5,23.01,91.37,8,1991.06,1
7698,Feni,1991,7,35.1,24.3,753.0,86.0,2.1,6.8,3.9,41943,640285.9,544954.5,23.01,91.37,8,1991.07,1
7699,Feni,1991,8,36.4,24.1,494.0,85.0,2.1,6.5,4.7,41943,640285.9,544954.5,23.01,91.37,8,1991.08,1
7700,Feni,1991,9,34.6,23.9,739.0,87.0,1.2,6.4,5.4,41943,640285.9,544954.5,23.01,91.37,8,1991.09,1
7701,Feni,1991,10,35.0,22.6,420.0,84.0,0.7,4.4,7.0,41943,640285.9,544954.5,23.01,91.37,8,1991.1,1
7710,Feni,1992,7,35.1,24.7,384.0,85.0,2.2,7.0,3.9,41943,640285.9,544954.5,23.01,91.37,8,1992.07,1
7720,Feni,1993,5,34.9,22.9,525.0,82.0,2.4,5.1,6.3,41943,640285.9,544954.5,23.01,91.37,8,1993.05,1
7721,Feni,1993,6,33.7,24.7,656.0,85.0,3.3,6.3,4.3,41943,640285.9,544954.5,23.01,91.37,8,1993.06,1
7722,Feni,1993,7,34.1,24.8,616.0,85.0,2.6,6.4,4.1,41943,640285.9,544954.5,23.01,91.37,8,1993.07,1
7723,Feni,1993,8,33.5,24.6,784.0,86.0,2.8,6.3,4.7,41943,640285.9,544954.5,23.01,91.37,8,1993.08,1
7733,Feni,1994,6,35.0,25.3,534.0,85.0,2.3,6.1,3.1,41943,640285.9,544954.5,23.01,91.37,8,1994.06,1
7735,Feni,1994,8,34.8,24.4,357.0,84.0,2.1,5.8,4.9,41943,640285.9,544954.5,23.01,91.37,8,1994.08,1
7744,Feni,1995,5,35.7,26.2,424.0,80.0,2.6,4.5,7.0,41943,640285.9,544954.5,23.01,91.37,8,1995.05,1
7745,Feni,1995,6,35.1,25.4,639.0,85.0,2.5,6.3,4.6,41943,640285.9,544954.5,23.01,91.37,8,1995.06,1
7746,Feni,1995,7,33.5,24.7,620.0,86.0,2.7,6.5,3.8,41943,640285.9,544954.5,23.01,91.37,8,1995.07,1
7747,Feni,1995,8,35.5,24.8,549.0,84.0,1.9,6.0,5.5,41943,640285.9,544954.5,23.01,91.37,8,1995.08,1
7757,Feni,1996,6,35.6,25.2,506.0,84.0,1.8,5.9,6.1,41943,640285.9,544954.5,23.01,91.37,8,1996.06,1
7758,Feni,1996,7,34.1,25.7,541.0,86.0,1.9,6.4,4.5,41943,640285.9,544954.5,23.01,91.37,8,1996.07,1
7759,Feni,1996,8,33.8,25.3,628.0,88.0,1.6,6.8,3.6,41943,640285.9,544954.5,23.01,91.37,8,1996.08,1
7770,Feni,1997,7,34.4,25.3,794.0,89.0,1.3,7.0,4.1,41943,640285.9,544954.5,23.01,91.37,8,1997.07,1
7771,Feni,1997,8,36.2,25.5,708.0,87.0,1.0,6.5,5.1,41943,640285.9,544954.5,23.01,91.37,8,1997.08,1
7772,Feni,1997,9,33.8,24.9,465.0,87.0,1.1,6.0,5.1,41943,640285.9,544954.5,23.01,91.37,8,1997.09,1
7779,Feni,1998,4,34.0,22.8,407.0,81.0,1.0,4.6,6.9,41943,640285.9,544954.5,23.01,91.37,8,1998.04,1
7780,Feni,1998,5,36.6,25.0,423.0,83.0,1.4,5.3,5.9,41943,640285.9,544954.5,23.01,91.37,8,1998.05,1
7782,Feni,1998,7,33.6,25.5,931.0,90.0,1.9,7.0,2.6,41943,640285.9,544954.5,23.01,91.37,8,1998.07,1
7783,Feni,1998,8,34.4,25.5,858.0,89.0,1.8,6.7,3.1,41943,640285.9,544954.5,23.01,91.37,8,1998.08,1
7792,Feni,1999,5,35.4,24.7,409.0,84.0,1.7,5.4,4.6,41943,640285.9,544954.5,23.01,91.37,8,1999.05,1
7793,Feni,1999,6,36.1,25.5,837.0,87.0,1.3,6.7,4.2,41943,640285.9,544954.5,23.01,91.37,8,1999.06,1
7794,Feni,1999,7,35.1,25.2,972.0,87.0,1.5,6.7,4.1,41943,640285.9,544954.5,23.01,91.37,8,1999.07,1
7795,Feni,1999,8,34.6,25.4,571.0,87.0,1.4,6.7,3.2,41943,640285.9,544954.5,23.01,91.37,8,1999.08,1
7804,Feni,2000,5,36.2,24.2,520.0,82.0,1.2,5.8,4.4,41943,640285.9,544954.5,23.01,91.37,8,2000.05,1
7805,Feni,2000,6,35.7,25.5,594.0,83.0,1.5,6.4,4.3,41943,640285.9,544954.5,23.01,91.37,8,2000.06,1
7806,Feni,2000,7,35.2,25.6,718.0,85.0,1.9,6.7,5.3,41943,640285.9,544954.5,23.01,91.37,8,2000.07,1
7807,Feni,2000,8,36.0,25.4,756.0,84.0,1.5,6.4,5.4,41943,640285.9,544954.5,23.01,91.37,8,2000.08,1
7816,Feni,2001,5,36.0,24.1,520.0,81.0,0.6,5.4,6.3,41943,640285.9,544954.5,23.01,91.37,8,2001.05,1
7817,Feni,2001,6,34.0,25.3,594.0,89.0,1.5,7.1,3.1,41943,640285.9,544954.5,23.01,91.37,8,2001.06,1
7818,Feni,2001,7,34.1,25.4,718.0,86.0,1.7,6.5,4.5,41943,640285.9,544954.5,23.01,91.37,8,2001.07,1
7819,Feni,2001,8,35.0,25.9,756.0,83.0,1.2,6.3,6.7,41943,640285.9,544954.5,23.01,91.37,8,2001.08,1
7828,Feni,2002,5,35.2,23.6,455.0,83.0,1.5,5.8,5.5,41943,640285.9,544954.5,23.01,91.37,8,2002.05,1
7829,Feni,2002,6,34.6,25.4,460.0,84.0,1.3,6.2,4.5,41943,640285.9,544954.5,23.01,91.37,8,2002.06,1
7830,Feni,2002,7,34.0,25.5,790.0,89.0,1.3,7.3,2.2,41943,640285.9,544954.5,23.01,91.37,8,2002.07,1
7831,Feni,2002,8,35.2,25.4,439.0,86.0,1.1,6.6,4.6,41943,640285.9,544954.5,23.01,91.37,8,2002.08,1
7841,Feni,2003,6,35.8,25.0,1046.0,86.0,1.7,7.2,2.7,41943,640285.9,544954.5,23.01,91.37,8,2003.06,1
7842,Feni,2003,7,32.6,25.7,397.0,85.0,1.7,6.6,6.6,41943,640285.9,544954.5,23.01,91.37,8,2003.07,1
7853,Feni,2004,6,35.0,25.0,468.0,85.0,0.7,6.4,3.5,41943,640285.9,544954.5,23.01,91.37,8,2004.06,1
7854,Feni,2004,7,33.5,25.5,499.0,87.0,1.4,6.6,4.0,41943,640285.9,544954.5,23.01,91.37,8,2004.07,1
7856,Feni,2004,9,34.3,24.9,708.0,89.0,0.8,6.3,3.4,41943,640285.9,544954.5,23.01,91.37,8,2004.09,1
7866,Feni,2005,7,34.0,25.6,784.0,90.0,1.2,6.9,4.5,41943,640285.9,544954.5,23.01,91.37,8,2005.07,1
7867,Feni,2005,8,34.1,25.5,615.0,87.0,1.1,5.7,2.6,41943,640285.9,544954.5,23.01,91.37,8,2005.08,1
7876,Feni,2006,5,36.2,24.8,577.0,82.0,0.7,4.9,6.7,41943,640285.9,544954.5,23.01,91.37,8,2006.05,1
7878,Feni,2006,7,33.6,25.6,439.0,88.0,1.2,7.0,4.0,41943,640285.9,544954.5,23.01,91.37,8,2006.07,1
7880,Feni,2006,9,33.5,24.9,388.0,87.0,0.8,5.4,5.6,41943,640285.9,544954.5,23.01,91.37,8,2006.09,1
7889,Feni,2007,6,35.0,25.6,509.0,87.0,1.3,5.9,4.7,41943,640285.9,544954.5,23.01,91.37,8,2007.06,1
7890,Feni,2007,7,34.0,25.5,970.0,90.0,1.4,6.6,1.9,41943,640285.9,544954.5,23.01,91.37,8,2007.07,1
7891,Feni,2007,8,34.2,26.0,402.0,87.0,1.0,5.7,5.4,41943,640285.9,544954.5,23.01,91.37,8,2007.08,1
7892,Feni,2007,9,34.1,25.6,601.0,87.0,0.8,6.2,3.7,41943,640285.9,544954.5,23.01,91.37,8,2007.09,1
7893,Feni,2007,10,35.0,23.5,499.0,84.0,0.5,3.8,5.8,41943,640285.9,544954.5,23.01,91.37,8,2007.1,1
7912,Feni,2009,5,35.9,24.6,506.0,79.0,2.8,4.8,6.8,41943,640285.9,544954.5,23.01,91.37,8,2009.05,1
7913,Feni,2009,6,35.4,25.8,371.0,80.0,3.0,5.6,6.1,41943,640285.9,544954.5,23.01,91.37,8,2009.06,1
7914,Feni,2009,7,34.6,25.7,854.0,81.0,2.7,6.5,4.7,41943,640285.9,544954.5,23.01,91.37,8,2009.07,1
7915,Feni,2009,8,33.5,25.6,682.0,85.0,2.3,6.6,4.0,41943,640285.9,544954.5,23.01,91.37,8,2009.08,1
7925,Feni,2010,6,33.9,25.6,728.0,85.0,2.7,7.1,2.9,41943,640285.9,544954.5,23.01,91.37,8,2010.06,1
7926,Feni,2010,7,33.8,26.1,444.0,84.0,2.6,6.6,4.5,41943,640285.9,544954.5,23.01,91.37,8,2010.07,1
7929,Feni,2010,10,35.2,24.6,383.0,83.0,1.2,4.1,7.2,41943,640285.9,544954.5,23.01,91.37,8,2010.1,1
7936,Feni,2011,5,35.2,24.2,437.0,88.0,2.5,6.1,6.1,41943,640285.9,544954.5,23.01,91.37,8,2011.05,1
7937,Feni,2011,6,35.0,25.5,599.0,88.0,2.6,6.4,3.6,41943,640285.9,544954.5,23.01,91.37,8,2011.06,1
7938,Feni,2011,7,35.0,25.6,576.0,86.0,2.4,6.4,4.5,41943,640285.9,544954.5,23.01,91.37,8,2011.07,1
7939,Feni,2011,8,36.1,25.3,832.0,89.0,2.3,6.9,4.1,41943,640285.9,544954.5,23.01,91.37,8,2011.08,1
7940,Feni,2011,9,35.8,25.3,402.0,87.0,2.3,5.9,5.3,41943,640285.9,544954.5,23.01,91.37,8,2011.09,1
7949,Feni,2012,6,35.4,25.1,723.0,87.0,3.1,6.8,4.2,41943,640285.9,544954.5,23.01,91.37,8,2012.06,1
7950,Feni,2012,7,33.8,25.3,568.0,89.0,3.2,7.0,4.3,41943,640285.9,544954.5,23.01,91.37,8,2012.07,1
7951,Feni,2012,8,34.3,25.5,390.0,86.0,2.4,6.5,5.2,41943,640285.9,544954.5,23.01,91.37,8,2012.08,1
7960,Feni,2013,5,33.4,24.3,533.0,87.0,3.8,7.0,3.3,41943,640285.9,544954.5,23.01,91.37,8,2013.05,1
7961,Feni,2013,6,36.0,26.2,493.0,84.0,2.7,6.1,6.1,41943,640285.9,544954.5,23.01,91.37,8,2013.06,1
7963,Feni,2013,8,33.8,25.5,468.0,87.0,3.1,6.7,3.9,41943,640285.9,544954.5,23.01,91.37,8,2013.08,1
7973,Hatiya,1966,6,32.7,25.7,603.0,91.0,3.0,6.8,3.803448276,41963,616159.2,465295.1,22.29,91.13,4,1966.06,1
7974,Hatiya,1966,7,31.0,25.7,404.0,88.0,1.7,6.4,3.968965517,41963,616159.2,465295.1,22.29,91.13,4,1966.07,1
7975,Hatiya,1966,8,31.0,25.4,853.0,89.0,1.1,6.7,4.424137931,41963,616159.2,465295.1,22.29,91.13,4,1966.08,1
7976,Hatiya,1966,9,32.9,25.1,474.0,87.0,1.0,4.8,4.965517241,41963,616159.2,465295.1,22.29,91.13,4,1966.09,1
7986,Hatiya,1967,7,32.1,24.2,625.0,87.0,2.0,6.6,3.968965517,41963,616159.2,465295.1,22.29,91.13,4,1967.07,1
7987,Hatiya,1967,8,32.1,23.4,680.0,88.0,1.9,6.4,4.424137931,41963,616159.2,465295.1,22.29,91.13,4,1967.08,1
7988,Hatiya,1967,9,32.7,22.6,726.0,87.0,1.6,5.0,4.965517241,41963,616159.2,465295.1,22.29,91.13,4,1967.09,1
7997,Hatiya,1968,6,31.0,24.3,905.0,90.0,3.2,6.9,3.803448276,41963,616159.2,465295.1,22.29,91.13,4,1968.06,1
7998,Hatiya,1968,7,31.8,25.2,901.0,89.0,2.7,5.7,3.968965517,41963,616159.2,465295.1,22.29,91.13,4,1968.07,1
8009,Hatiya,1969,6,32.2,25.2,460.0,89.0,2.4,6.1,3.803448276,41963,616159.2,465295.1,22.29,91.13,4,1969.06,1
8010,Hatiya,1969,7,31.3,25.1,741.0,90.0,2.8,5.9,3.968965517,41963,616159.2,465295.1,22.29,91.13,4,1969.07,1
8011,Hatiya,1969,8,32.4,24.8,838.0,90.0,1.8,5.9,4.424137931,41963,616159.2,465295.1,22.29,91.13,4,1969.08,1
8012,Hatiya,1969,9,32.9,25.2,544.0,86.0,1.5,4.3,4.965517241,41963,616159.2,465295.1,22.29,91.13,4,1969.09,1
8021,Hatiya,1970,6,31.8,25.8,468.0,87.0,4.2,6.2,3.803448276,41963,616159.2,465295.1,22.29,91.13,4,1970.06,1
8022,Hatiya,1970,7,31.9,25.3,584.0,89.0,3.8,6.4,3.968965517,41963,616159.2,465295.1,22.29,91.13,4,1970.07,1
8023,Hatiya,1970,8,33.3,25.4,512.0,88.0,2.7,6.4,4.424137931,41963,616159.2,465295.1,22.29,91.13,4,1970.08,1
8024,Hatiya,1970,9,31.6,25.4,521.0,86.0,2.3,6.0,4.965517241,41963,616159.2,465295.1,22.29,91.13,4,1970.09,1
8033,Hatiya,1971,6,31.8,25.5,556.0,87.0,3.1,5.8,3.803448276,41963,616159.2,465295.1,22.29,91.13,4,1971.06,1
8034,Hatiya,1971,7,34.3,25.0,790.0,89.0,2.4,6.4,3.968965517,41963,616159.2,465295.1,22.29,91.13,4,1971.07,1
8035,Hatiya,1971,8,31.5,25.0,989.0,88.0,2.4,6.6,4.424137931,41963,616159.2,465295.1,22.29,91.13,4,1971.08,1
8036,Hatiya,1971,9,30.9,24.7,430.0,86.0,2.7,4.7,4.965517241,41963,616159.2,465295.1,22.29,91.13,4,1971.09,1
8045,Hatiya,1972,6,31.8,25.5,566.0,87.0,3.1,5.9,3.803448276,41963,616159.2,465295.1,22.29,91.13,4,1972.06,1
8046,Hatiya,1972,7,30.5,25.4,686.0,89.0,2.9,6.3,3.968965517,41963,616159.2,465295.1,22.29,91.13,4,1972.07,1
8047,Hatiya,1972,8,30.7,25.3,570.0,88.0,2.4,6.0,4.424137931,41963,616159.2,465295.1,22.29,91.13,4,1972.08,1
8048,Hatiya,1972,9,31.3,25.2,404.0,86.0,1.8,5.2,4.965517241,41963,616159.2,465295.1,22.29,91.13,4,1972.09,1
8057,Hatiya,1973,6,32.1,26.1,335.0,87.0,2.6,5.8,3.803448276,41963,616159.2,465295.1,22.29,91.13,4,1973.06,1
8060,Hatiya,1973,9,33.4,25.4,385.0,86.0,2.9,6.2,4.965517241,41963,616159.2,465295.1,22.29,91.13,4,1973.09,1
8069,Hatiya,1974,6,33.2,25.0,434.0,86.0,3.8,5.0,3.803448276,41963,616159.2,465295.1,22.29,91.13,4,1974.06,1
8070,Hatiya,1974,7,31.0,25.0,793.0,91.0,3.4,6.6,3.968965517,41963,616159.2,465295.1,22.29,91.13,4,1974.07,1
8071,Hatiya,1974,8,32.1,25.3,399.0,90.0,4.1,6.2,4.424137931,41963,616159.2,465295.1,22.29,91.13,4,1974.08,1
8072,Hatiya,1974,9,33.5,25.1,613.0,87.0,2.8,5.1,4.965517241,41963,616159.2,465295.1,22.29,91.13,4,1974.09,1
8082,Hatiya,1975,7,30.5,24.7,1235.0,90.0,3.1,6.4,3.968965517,41963,616159.2,465295.1,22.29,91.13,4,1975.07,1
8083,Hatiya,1975,8,33.0,25.4,449.0,85.0,1.5,5.9,4.424137931,41963,616159.2,465295.1,22.29,91.13,4,1975.08,1
8085,Hatiya,1975,10,33.1,25.4,513.0,85.0,0.6,4.6,6.493103448,41963,616159.2,465295.1,22.29,91.13,4,1975.1,1
8093,Hatiya,1976,6,31.8,24.5,732.0,88.0,2.8,6.2,3.803448276,41963,616159.2,465295.1,22.29,91.13,4,1976.06,1
8094,Hatiya,1976,7,37.8,25.1,826.0,91.0,3.1,6.5,3.968965517,41963,616159.2,465295.1,22.29,91.13,4,1976.07,1
8095,Hatiya,1976,8,37.8,25.0,865.0,89.0,2.3,5.9,4.424137931,41963,616159.2,465295.1,22.29,91.13,4,1976.08,1
8103,Hatiya,1977,4,32.5,23.0,513.0,83.0,2.9,4.1,7.965517241,41963,616159.2,465295.1,22.29,91.13,4,1977.04,1
8104,Hatiya,1977,5,33.5,24.8,496.0,83.0,1.6,4.3,6.251724138,41963,616159.2,465295.1,22.29,91.13,4,1977.05,1
8105,Hatiya,1977,6,32.3,24.9,737.0,88.0,2.5,5.9,3.803448276,41963,616159.2,465295.1,22.29,91.13,4,1977.06,1
8106,Hatiya,1977,7,32.6,25.8,646.0,90.0,3.2,6.1,3.968965517,41963,616159.2,465295.1,22.29,91.13,4,1977.07,1
8107,Hatiya,1977,8,31.7,25.7,410.0,88.0,2.7,5.8,4.424137931,41963,616159.2,465295.1,22.29,91.13,4,1977.08,1
8116,Hatiya,1978,5,34.4,25.0,700.0,80.0,2.1,2.2,6.251724138,41963,616159.2,465295.1,22.29,91.13,4,1978.05,1
8117,Hatiya,1978,6,32.8,25.9,949.0,84.0,3.6,5.4,3.803448276,41963,616159.2,465295.1,22.29,91.13,4,1978.06,1
8118,Hatiya,1978,7,31.4,25.5,530.0,86.0,2.4,5.9,3.968965517,41963,616159.2,465295.1,22.29,91.13,4,1978.07,1
8119,Hatiya,1978,8,34.6,25.3,555.0,89.0,2.5,5.8,4.424137931,41963,616159.2,465295.1,22.29,91.13,4,1978.08,1
8120,Hatiya,1978,9,33.3,25.2,507.0,86.0,0.9,5.1,4.965517241,41963,616159.2,465295.1,22.29,91.13,4,1978.09,1
8129,Hatiya,1979,6,35.7,25.9,634.0,85.0,3.6,5.4,3.803448276,41963,616159.2,465295.1,22.29,91.13,4,1979.06,1
8130,Hatiya,1979,7,32.0,25.9,718.0,86.0,2.4,5.9,3.968965517,41963,616159.2,465295.1,22.29,91.13,4,1979.07,1
8131,Hatiya,1979,8,34.6,25.4,1115.0,88.0,2.6,5.8,4.424137931,41963,616159.2,465295.1,22.29,91.13,4,1979.08,1
8132,Hatiya,1979,9,34.6,25.5,580.0,86.0,0.9,5.1,4.965517241,41963,616159.2,465295.1,22.29,91.13,4,1979.09,1
8142,Hatiya,1980,7,31.3,25.7,885.0,90.0,3.3,6.4,3.968965517,41963,616159.2,465295.1,22.29,91.13,4,1980.07,1
8143,Hatiya,1980,8,32.8,25.7,724.0,88.0,2.2,5.6,4.424137931,41963,616159.2,465295.1,22.29,91.13,4,1980.08,1
8145,Hatiya,1980,10,32.6,24.4,387.0,83.0,1.3,2.7,6.493103448,41963,616159.2,465295.1,22.29,91.13,4,1980.1,1
8153,Hatiya,1981,6,31.9,25.7,566.0,87.0,3.1,5.9,3.803448276,41963,616159.2,465295.1,22.29,91.13,4,1981.06,1
8154,Hatiya,1981,7,30.6,25.4,686.0,89.0,2.9,6.3,3.968965517,41963,616159.2,465295.1,22.29,91.13,4,1981.07,1
8155,Hatiya,1981,8,31.1,25.5,570.0,88.0,2.4,6.0,4.424137931,41963,616159.2,465295.1,22.29,91.13,4,1981.08,1
8156,Hatiya,1981,9,30.2,25.4,404.0,86.0,1.8,5.2,4.965517241,41963,616159.2,465295.1,22.29,91.13,4,1981.09,1
8165,Hatiya,1982,6,35.1,25.5,581.0,88.0,1.9,6.0,3.803448276,41963,616159.2,465295.1,22.29,91.13,4,1982.06,1
8166,Hatiya,1982,7,32.1,25.9,604.0,88.0,2.0,5.3,3.968965517,41963,616159.2,465295.1,22.29,91.13,4,1982.07,1
8167,Hatiya,1982,8,31.0,25.3,754.0,90.0,3.0,6.4,4.424137931,41963,616159.2,465295.1,22.29,91.13,4,1982.08,1
8177,Hatiya,1983,6,34.0,25.4,504.0,85.0,3.2,5.6,3.803448276,41963,616159.2,465295.1,22.29,91.13,4,1983.06,1
8178,Hatiya,1983,7,30.4,25.4,686.0,89.0,2.9,6.3,3.968965517,41963,616159.2,465295.1,22.29,91.13,4,1983.07,1
8179,Hatiya,1983,8,33.4,25.7,844.0,87.0,3.4,6.1,4.424137931,41963,616159.2,465295.1,22.29,91.13,4,1983.08,1
8180,Hatiya,1983,9,33.2,25.4,494.0,86.0,2.1,5.6,4.965517241,41963,616159.2,465295.1,22.29,91.13,4,1983.09,1
8181,Hatiya,1983,10,33.0,24.1,440.0,84.0,1.5,3.6,6.493103448,41963,616159.2,465295.1,22.29,91.13,4,1983.1,1
8189,Hatiya,1984,6,34.5,25.7,698.0,86.0,3.2,6.7,3.803448276,41963,616159.2,465295.1,22.29,91.13,4,1984.06,1
8190,Hatiya,1984,7,32.0,25.3,608.0,87.0,2.2,6.1,3.968965517,41963,616159.2,465295.1,22.29,91.13,4,1984.07,1
8191,Hatiya,1984,8,33.4,25.1,546.0,88.0,2.2,6.4,4.424137931,41963,616159.2,465295.1,22.29,91.13,4,1984.08,1
8192,Hatiya,1984,9,33.5,24.5,413.0,83.0,1.9,4.7,4.965517241,41963,616159.2,465295.1,22.29,91.13,4,1984.09,1
8201,Hatiya,1985,6,33.0,25.0,703.0,86.0,2.8,6.7,2.2,41963,616159.2,465295.1,22.29,91.13,4,1985.06,1
8202,Hatiya,1985,7,32.0,23.5,699.0,88.0,3.6,6.7,3.9,41963,616159.2,465295.1,22.29,91.13,4,1985.07,1
8203,Hatiya,1985,8,33.0,24.3,627.0,86.0,3.2,6.5,4.4,41963,616159.2,465295.1,22.29,91.13,4,1985.08,1
8213,Hatiya,1986,6,35.2,26.0,564.0,87.0,3.2,6.3,3.8,41963,616159.2,465295.1,22.29,91.13,4,1986.06,1
8214,Hatiya,1986,7,33.2,25.2,625.0,90.0,2.1,6.8,3.9,41963,616159.2,465295.1,22.29,91.13,4,1986.07,1
8216,Hatiya,1986,9,33.4,25.5,370.0,88.0,2.4,6.3,4.7,41963,616159.2,465295.1,22.29,91.13,4,1986.09,1
8226,Hatiya,1987,7,32.2,25.8,1119.0,91.0,3.2,7.1,3.9,41963,616159.2,465295.1,22.29,91.13,4,1987.07,1
8227,Hatiya,1987,8,33.3,25.5,699.0,89.0,2.7,6.6,4.4,41963,616159.2,465295.1,22.29,91.13,4,1987.08,1
8228,Hatiya,1987,9,33.4,26.2,402.0,86.0,2.7,6.1,5.0,41963,616159.2,465295.1,22.29,91.13,4,1987.09,1
8236,Hatiya,1988,5,33.8,25.6,474.0,83.0,5.2,5.3,5.5,41963,616159.2,465295.1,22.29,91.13,4,1988.05,1
8237,Hatiya,1988,6,34.0,25.6,850.0,87.0,4.2,6.0,3.8,41963,616159.2,465295.1,22.29,91.13,4,1988.06,1
8238,Hatiya,1988,7,33.0,25.6,747.0,89.0,4.0,6.5,3.8,41963,616159.2,465295.1,22.29,91.13,4,1988.07,1
8239,Hatiya,1988,8,31.4,25.8,582.0,88.0,3.8,6.6,2.9,41963,616159.2,465295.1,22.29,91.13,4,1988.08,1
8240,Hatiya,1988,9,35.3,25.7,502.0,86.0,2.6,5.6,5.9,41963,616159.2,465295.1,22.29,91.13,4,1988.09,1
8249,Hatiya,1989,6,35.3,25.7,500.0,84.0,4.1,6.1,5.2,41963,616159.2,465295.1,22.29,91.13,4,1989.06,1
8250,Hatiya,1989,7,33.0,25.8,617.0,88.0,3.5,6.2,4.7,41963,616159.2,465295.1,22.29,91.13,4,1989.07,1
8253,Hatiya,1989,10,33.4,25.0,438.0,87.0,2.4,5.5,4.6,41963,616159.2,465295.1,22.29,91.13,4,1989.1,1
8261,Hatiya,1990,6,33.1,26.5,466.0,88.0,3.3,5.9,3.8,41963,616159.2,465295.1,22.29,91.13,4,1990.06,1
8262,Hatiya,1990,7,31.8,25.5,723.0,91.0,2.8,6.3,3.9,41963,616159.2,465295.1,22.29,91.13,4,1990.07,1
8263,Hatiya,1990,8,33.1,26.1,444.0,87.0,2.5,5.3,4.4,41963,616159.2,465295.1,22.29,91.13,4,1990.08,1
8273,Hatiya,1991,6,32.4,25.8,781.0,91.0,3.2,6.5,2.9,41963,616159.2,465295.1,22.29,91.13,4,1991.06,1
8274,Hatiya,1991,7,32.4,26.2,581.0,91.0,4.0,6.2,4.2,41963,616159.2,465295.1,22.29,91.13,4,1991.07,1
8275,Hatiya,1991,8,34.5,25.9,519.0,92.0,3.3,6.1,4.6,41963,616159.2,465295.1,22.29,91.13,4,1991.08,1
8276,Hatiya,1991,9,32.4,25.9,444.0,91.0,1.9,5.7,3.9,41963,616159.2,465295.1,22.29,91.13,4,1991.09,1
8277,Hatiya,1991,10,33.5,25.1,373.0,89.0,1.7,4.1,5.9,41963,616159.2,465295.1,22.29,91.13,4,1991.1,1
8286,Hatiya,1992,7,31.6,25.4,776.0,89.0,3.2,6.5,3.3,41963,616159.2,465295.1,22.29,91.13,4,1992.07,1
8287,Hatiya,1992,8,32.8,25.8,501.0,88.0,2.3,5.5,4.1,41963,616159.2,465295.1,22.29,91.13,4,1992.08,1
8288,Hatiya,1992,9,33.2,25.9,560.0,88.0,2.2,5.3,5.7,41963,616159.2,465295.1,22.29,91.13,4,1992.09,1
8309,Hatiya,1994,6,33.6,25.1,644.0,90.0,1.9,6.0,2.9,41963,616159.2,465295.1,22.29,91.13,4,1994.06,1
8310,Hatiya,1994,7,32.2,24.7,555.0,92.0,2.7,6.1,3.8,41963,616159.2,465295.1,22.29,91.13,4,1994.07,1
8311,Hatiya,1994,8,31.5,24.7,426.0,89.0,2.7,6.0,4.2,41963,616159.2,465295.1,22.29,91.13,4,1994.08,1
8312,Hatiya,1994,9,30.2,24.2,404.0,84.0,1.5,4.4,5.0,41963,616159.2,465295.1,22.29,91.13,4,1994.09,1
8321,Hatiya,1995,6,31.9,25.7,566.0,85.0,3.0,5.9,3.8,41963,616159.2,465295.1,22.29,91.13,4,1995.06,1
8322,Hatiya,1995,7,30.6,25.4,686.0,88.0,2.6,6.2,3.9,41963,616159.2,465295.1,22.29,91.13,4,1995.07,1
8323,Hatiya,1995,8,31.1,25.5,570.0,86.0,1.8,4.7,4.4,41963,616159.2,465295.1,22.29,91.13,4,1995.08,1
8324,Hatiya,1995,9,30.2,25.4,404.0,85.0,1.2,5.2,5.0,41963,616159.2,465295.1,22.29,91.13,4,1995.09,1
8333,Hatiya,1996,6,31.9,25.5,566.0,85.0,2.2,5.4,3.8,41963,616159.2,465295.1,22.29,91.13,4,1996.06,1
8334,Hatiya,1996,7,30.6,25.4,686.0,87.0,1.8,6.1,3.9,41963,616159.2,465295.1,22.29,91.13,4,1996.07,1
8335,Hatiya,1996,8,31.1,25.5,570.0,89.0,1.3,6.3,4.4,41963,616159.2,465295.1,22.29,91.13,4,1996.08,1
8336,Hatiya,1996,9,30.2,24.2,404.0,86.0,0.9,5.1,5.0,41963,616159.2,465295.1,22.29,91.13,4,1996.09,1
8345,Hatiya,1997,6,32.2,25.7,566.0,86.0,3.6,6.0,3.8,41963,616159.2,465295.1,22.29,91.13,4,1997.06,1
8346,Hatiya,1997,7,30.5,25.4,686.0,89.0,2.8,6.1,3.9,41963,616159.2,465295.1,22.29,91.13,4,1997.07,1
8347,Hatiya,1997,8,31.0,25.5,570.0,87.0,1.6,5.2,4.4,41963,616159.2,465295.1,22.29,91.13,4,1997.08,1
8348,Hatiya,1997,9,32.0,25.4,404.0,87.0,1.4,4.8,5.0,41963,616159.2,465295.1,22.29,91.13,4,1997.09,1
8357,Hatiya,1998,6,31.9,25.5,566.0,83.0,3.3,4.9,3.8,41963,616159.2,465295.1,22.29,91.13,4,1998.06,1
8358,Hatiya,1998,7,30.6,25.4,686.0,88.0,3.6,6.6,3.9,41963,616159.2,465295.1,22.29,91.13,4,1998.07,1
8359,Hatiya,1998,8,31.1,25.5,570.0,88.0,1.7,5.2,4.4,41963,616159.2,465295.1,22.29,91.13,4,1998.08,1
8360,Hatiya,1998,9,30.2,24.2,404.0,84.0,1.5,5.4,5.0,41963,616159.2,465295.1,22.29,91.13,4,1998.09,1
8369,Hatiya,1999,6,32.2,25.7,771.0,88.0,2.7,6.2,3.7,41963,616159.2,465295.1,22.29,91.13,4,1999.06,1
8370,Hatiya,1999,7,30.5,25.4,949.0,90.0,2.6,6.7,4.2,41963,616159.2,465295.1,22.29,91.13,4,1999.07,1
8371,Hatiya,1999,8,31.0,25.5,736.0,91.0,1.9,6.4,3.1,41963,616159.2,465295.1,22.29,91.13,4,1999.08,1
8372,Hatiya,1999,9,32.0,25.4,515.0,88.0,1.5,4.6,4.8,41963,616159.2,465295.1,22.29,91.13,4,1999.09,1
8380,Hatiya,2000,5,37.4,24.0,686.0,85.0,2.1,5.1,4.7,41963,616159.2,465295.1,22.29,91.13,4,2000.05,1
8381,Hatiya,2000,6,34.0,25.4,715.0,88.0,3.1,5.9,3.2,41963,616159.2,465295.1,22.29,91.13,4,2000.06,1
8382,Hatiya,2000,7,34.0,25.6,694.0,90.0,3.2,6.3,4.2,41963,616159.2,465295.1,22.29,91.13,4,2000.07,1
8383,Hatiya,2000,8,33.0,25.7,415.0,88.0,2.4,6.3,5.5,41963,616159.2,465295.1,22.29,91.13,4,2000.08,1
8384,Hatiya,2000,9,34.5,24.6,422.0,87.0,1.8,5.4,4.9,41963,616159.2,465295.1,22.29,91.13,4,2000.09,1
8392,Hatiya,2001,5,34.0,24.2,485.0,84.0,1.8,4.3,6.2,41963,616159.2,465295.1,22.29,91.13,4,2001.05,1
8393,Hatiya,2001,6,32.4,25.1,1013.0,91.0,2.9,6.7,3.1,41963,616159.2,465295.1,22.29,91.13,4,2001.06,1
8394,Hatiya,2001,7,31.2,25.3,789.0,89.0,3.3,6.4,4.5,41963,616159.2,465295.1,22.29,91.13,4,2001.07,1
8395,Hatiya,2001,8,33.0,26.2,689.0,88.0,1.9,5.5,6.6,41963,616159.2,465295.1,22.29,91.13,4,2001.08,1
8396,Hatiya,2001,9,33.6,25.4,597.0,86.0,1.1,4.9,5.7,41963,616159.2,465295.1,22.29,91.13,4,2001.09,1
8397,Hatiya,2001,10,33.3,24.6,434.0,87.0,0.8,4.0,6.4,41963,616159.2,465295.1,22.29,91.13,4,2001.1,1
8404,Hatiya,2002,5,33.2,24.6,437.0,84.0,2.4,4.7,6.1,41963,616159.2,465295.1,22.29,91.13,4,2002.05,1
8405,Hatiya,2002,6,34.0,25.4,690.0,88.0,2.1,6.5,3.8,41963,616159.2,465295.1,22.29,91.13,4,2002.06,1
8406,Hatiya,2002,7,32.5,25.9,1019.0,90.0,1.5,7.4,2.6,41963,616159.2,465295.1,22.29,91.13,4,2002.07,1
8407,Hatiya,2002,8,32.5,24.9,562.0,89.0,2.2,6.2,4.8,41963,616159.2,465295.1,22.29,91.13,4,2002.08,1
8417,Hatiya,2003,6,34.5,25.0,1225.0,89.0,2.3,6.8,2.4,41963,616159.2,465295.1,22.29,91.13,4,2003.06,1
8418,Hatiya,2003,7,33.6,25.9,752.0,86.0,2.9,6.3,5.8,41963,616159.2,465295.1,22.29,91.13,4,2003.07,1
8419,Hatiya,2003,8,33.5,25.8,583.0,87.0,1.5,5.9,5.8,41963,616159.2,465295.1,22.29,91.13,4,2003.08,1
8420,Hatiya,2003,9,33.0,25.7,395.0,86.0,1.0,5.5,5.3,41963,616159.2,465295.1,22.29,91.13,4,2003.09,1
8429,Hatiya,2004,6,34.5,25.1,828.0,89.0,1.6,6.2,2.3,41963,616159.2,465295.1,22.29,91.13,4,2004.06,1
8430,Hatiya,2004,7,32.7,25.5,839.0,90.0,2.3,6.4,3.8,41963,616159.2,465295.1,22.29,91.13,4,2004.07,1
8431,Hatiya,2004,8,32.0,25.4,515.0,89.0,2.0,5.9,3.7,41963,616159.2,465295.1,22.29,91.13,4,2004.08,1
8432,Hatiya,2004,9,33.5,24.9,1039.0,87.0,1.6,4.9,4.3,41963,616159.2,465295.1,22.29,91.13,4,2004.09,1
8433,Hatiya,2004,10,36.6,23.5,420.0,83.0,0.8,2.7,7.0,41963,616159.2,465295.1,22.29,91.13,4,2004.1,1
8441,Hatiya,2005,6,35.0,26.9,420.0,85.0,2.7,5.7,4.3,41963,616159.2,465295.1,22.29,91.13,4,2005.06,1
8442,Hatiya,2005,7,32.5,25.8,872.0,89.0,3.0,5.5,4.7,41963,616159.2,465295.1,22.29,91.13,4,2005.07,1
8443,Hatiya,2005,8,33.0,25.3,1311.0,91.0,2.3,6.4,2.8,41963,616159.2,465295.1,22.29,91.13,4,2005.08,1
8445,Hatiya,2005,10,34.2,24.8,608.0,87.0,1.0,3.9,6.3,41963,616159.2,465295.1,22.29,91.13,4,2005.1,1
8452,Hatiya,2006,5,36.0,25.1,645.0,90.0,2.2,3.8,6.8,41963,616159.2,465295.1,22.29,91.13,4,2006.05,1
8453,Hatiya,2006,6,35.5,26.2,466.0,88.0,2.2,5.2,4.6,41963,616159.2,465295.1,22.29,91.13,4,2006.06,1
8454,Hatiya,2006,7,32.0,25.7,603.0,92.0,2.7,6.0,3.7,41963,616159.2,465295.1,22.29,91.13,4,2006.07,1
8456,Hatiya,2006,9,33.7,25.5,698.0,87.0,2.4,4.7,6.1,41963,616159.2,465295.1,22.29,91.13,4,2006.09,1
8465,Hatiya,2007,6,33.8,25.5,630.0,86.0,2.4,5.4,4.1,41963,616159.2,465295.1,22.29,91.13,4,2007.06,1
8466,Hatiya,2007,7,32.1,25.6,968.0,91.0,2.5,6.7,2.7,41963,616159.2,465295.1,22.29,91.13,4,2007.07,1
8467,Hatiya,2007,8,33.8,26.0,494.0,86.0,1.6,6.4,4.9,41963,616159.2,465295.1,22.29,91.13,4,2007.08,1
8468,Hatiya,2007,9,34.0,25.7,731.0,87.0,1.8,5.8,3.3,41963,616159.2,465295.1,22.29,91.13,4,2007.09,1
8469,Hatiya,2007,10,33.8,23.9,413.0,86.0,0.9,3.8,5.8,41963,616159.2,465295.1,22.29,91.13,4,2007.1,1
8470,Hatiya,2007,11,32.0,21.0,191.0,85.0,0.9,2.4,7.5,41963,616159.2,465295.1,22.29,91.13,4,2007.11,1
8477,Hatiya,2008,6,33.0,25.7,696.0,89.0,2.0,6.4,3.2,41963,616159.2,465295.1,22.29,91.13,4,2008.06,1
8478,Hatiya,2008,7,31.5,25.4,1235.0,90.0,2.3,6.9,3.2,41963,616159.2,465295.1,22.29,91.13,4,2008.07,1
8479,Hatiya,2008,8,33.2,25.8,512.0,88.0,1.9,6.3,4.0,41963,616159.2,465295.1,22.29,91.13,4,2008.08,1
8480,Hatiya,2008,9,34.6,25.4,386.0,86.0,1.8,6.0,5.6,41963,616159.2,465295.1,22.29,91.13,4,2008.09,1
8490,Hatiya,2009,7,32.5,26.0,856.0,89.0,4.2,6.9,3.4,41963,616159.2,465295.1,22.29,91.13,4,2009.07,1
8491,Hatiya,2009,8,33.6,26.0,888.0,90.0,1.9,6.4,3.9,41963,616159.2,465295.1,22.29,91.13,4,2009.08,1
8492,Hatiya,2009,9,34.6,26.0,386.0,89.0,2.8,5.2,4.8,41963,616159.2,465295.1,22.29,91.13,4,2009.09,1
8501,Hatiya,2010,6,34.2,26.1,911.0,90.0,2.8,6.7,3.2,41963,616159.2,465295.1,22.29,91.13,4,2010.06,1
8502,Hatiya,2010,7,32.8,26.2,776.0,87.0,2.6,6.8,4.8,41963,616159.2,465295.1,22.29,91.13,4,2010.07,1
8503,Hatiya,2010,8,34.5,26.1,371.0,87.0,1.7,6.0,5.9,41963,616159.2,465295.1,22.29,91.13,4,2010.08,1
8504,Hatiya,2010,9,33.0,25.9,431.0,87.0,2.1,6.2,5.3,41963,616159.2,465295.1,22.29,91.13,4,2010.09,1
8505,Hatiya,2010,10,35.2,25.4,482.0,85.0,2.2,4.8,7.3,41963,616159.2,465295.1,22.29,91.13,4,2010.1,1
8512,Hatiya,2011,5,34.4,25.2,529.0,85.0,2.5,5.5,5.9,41963,616159.2,465295.1,22.29,91.13,4,2011.05,1
8513,Hatiya,2011,6,34.0,26.1,635.0,89.0,3.2,6.2,3.7,41963,616159.2,465295.1,22.29,91.13,4,2011.06,1
8514,Hatiya,2011,7,33.6,25.9,715.0,88.0,2.2,6.1,4.8,41963,616159.2,465295.1,22.29,91.13,4,2011.07,1
8515,Hatiya,2011,8,35.4,25.8,1018.0,90.0,2.3,6.8,3.8,41963,616159.2,465295.1,22.29,91.13,4,2011.08,1
8516,Hatiya,2011,9,35.0,25.8,659.0,89.0,2.6,5.7,4.6,41963,616159.2,465295.1,22.29,91.13,4,2011.09,1
8525,Hatiya,2012,6,34.5,26.7,538.0,88.0,2.8,6.5,2.7,41963,616159.2,465295.1,22.29,91.13,4,2012.06,1
8526,Hatiya,2012,7,32.5,26.0,738.0,89.0,2.7,6.7,3.0,41963,616159.2,465295.1,22.29,91.13,4,2012.07,1
8527,Hatiya,2012,8,33.2,25.9,501.0,89.0,1.6,6.3,4.6,41963,616159.2,465295.1,22.29,91.13,4,2012.08,1
8536,Hatiya,2013,5,33.4,24.7,842.0,87.0,4.3,6.5,2.8,41963,616159.2,465295.1,22.29,91.13,4,2013.05,1
8537,Hatiya,2013,6,35.7,26.1,592.0,86.0,2.6,5.8,5.8,41963,616159.2,465295.1,22.29,91.13,4,2013.06,1
8538,Hatiya,2013,7,32.4,25.7,544.0,88.0,3.2,6.3,4.5,41963,616159.2,465295.1,22.29,91.13,4,2013.07,1
8539,Hatiya,2013,8,34.4,25.3,677.0,91.0,2.4,6.5,3.6,41963,616159.2,465295.1,22.29,91.13,4,2013.08,1
8540,Hatiya,2013,9,36.0,25.5,435.0,89.0,1.6,5.7,4.6,41963,616159.2,465295.1,22.29,91.13,4,2013.09,1
8573,Ishurdi,1963,6,35.4,25.6,391.0,86.0,2.7,6.6,5.168965517,41907,402483.2,667640.8,24.12,89.04,14,1963.06,1
8585,Ishurdi,1964,6,39.4,26.2,557.0,82.0,1.2,7.0,5.168965517,41907,402483.2,667640.8,24.12,89.04,14,1964.06,1
8586,Ishurdi,1964,7,32.6,25.4,503.0,89.0,0.7,7.6,4.320689655,41907,402483.2,667640.8,24.12,89.04,14,1964.07,1
8589,Ishurdi,1964,10,33.4,24.6,425.0,87.0,0.5,6.5,7.065517241,41907,402483.2,667640.8,24.12,89.04,14,1964.1,1
8598,Ishurdi,1965,7,33.9,25.7,454.0,87.0,2.0,6.5,4.320689655,41907,402483.2,667640.8,24.12,89.04,14,1965.07,1
8647,Ishurdi,1969,8,34.6,25.3,659.0,89.0,1.2,6.1,4.944827586,41907,402483.2,667640.8,24.12,89.04,14,1969.08,1
8648,Ishurdi,1969,9,34.4,25.6,447.0,86.0,1.4,5.5,5.220689655,41907,402483.2,667640.8,24.12,89.04,14,1969.09,1
8671,Ishurdi,1971,8,32.5,25.4,532.0,85.0,3.5,6.1,4.944827586,41907,402483.2,667640.8,24.12,89.04,14,1971.08,1
8692,Ishurdi,1973,5,36.3,23.9,470.0,81.0,4.7,5.6,7.251724138,41907,402483.2,667640.8,24.12,89.04,14,1973.05,1
8693,Ishurdi,1973,6,37.8,24.9,531.0,84.0,3.8,6.4,5.168965517,41907,402483.2,667640.8,24.12,89.04,14,1973.06,1
8696,Ishurdi,1973,9,35.5,25.6,563.0,86.0,3.7,6.6,5.220689655,41907,402483.2,667640.8,24.12,89.04,14,1973.09,1
8706,Ishurdi,1974,7,32.8,25.4,492.0,88.0,3.1,7.4,4.320689655,41907,402483.2,667640.8,24.12,89.04,14,1974.07,1
8718,Ishurdi,1975,7,35.2,25.2,624.0,87.0,3.5,7.0,4.320689655,41907,402483.2,667640.8,24.12,89.04,14,1975.07,1
8729,Ishurdi,1976,6,35.2,24.7,496.0,80.0,3.4,4.7,5.168965517,41907,402483.2,667640.8,24.12,89.04,14,1976.06,1
8730,Ishurdi,1976,7,34.6,25.0,790.0,83.0,3.6,6.2,4.320689655,41907,402483.2,667640.8,24.12,89.04,14,1976.07,1
8731,Ishurdi,1976,8,33.5,24.8,499.0,84.0,4.3,5.3,4.944827586,41907,402483.2,667640.8,24.12,89.04,14,1976.08,1
8741,Ishurdi,1977,6,34.6,23.8,1167.0,85.0,2.8,6.5,5.168965517,41907,402483.2,667640.8,24.12,89.04,14,1977.06,1
8742,Ishurdi,1977,7,37.8,25.9,518.0,84.0,2.8,6.2,4.320689655,41907,402483.2,667640.8,24.12,89.04,14,1977.07,1
8766,Ishurdi,1979,7,37.8,26.2,432.0,82.0,3.1,6.2,4.320689655,41907,402483.2,667640.8,24.12,89.04,14,1979.07,1
8767,Ishurdi,1979,8,33.9,25.8,463.0,83.0,2.8,6.2,4.944827586,41907,402483.2,667640.8,24.12,89.04,14,1979.08,1
8790,Ishurdi,1981,7,34.0,25.8,478.0,86.0,2.3,6.6,4.320689655,41907,402483.2,667640.8,24.12,89.04,14,1981.07,1
8792,Ishurdi,1981,9,34.0,25.8,423.0,84.0,1.4,5.4,5.220689655,41907,402483.2,667640.8,24.12,89.04,14,1981.09,1
8825,Ishurdi,1984,6,43.0,25.7,450.0,83.0,2.8,6.2,5.168965517,41907,402483.2,667640.8,24.12,89.04,14,1984.06,1
8852,Ishurdi,1986,9,36.0,23.7,438.0,88.0,2.7,5.8,5.1,41907,402483.2,667640.8,24.12,89.04,14,1986.09,1
8862,Ishurdi,1987,7,34.7,25.5,413.0,89.0,2.4,6.5,3.6,41907,402483.2,667640.8,24.12,89.04,14,1987.07,1
8863,Ishurdi,1987,8,35.6,26.0,643.0,84.0,1.9,5.4,4.8,41907,402483.2,667640.8,24.12,89.04,14,1987.08,1
8886,Ishurdi,1989,7,34.5,25.0,605.0,88.0,2.0,6.1,3.8,41907,402483.2,667640.8,24.12,89.04,14,1989.07,1
8898,Ishurdi,1990,7,33.5,25.7,422.0,88.0,1.5,6.6,3.4,41907,402483.2,667640.8,24.12,89.04,14,1990.07,1
8900,Ishurdi,1990,9,35.5,25.4,481.0,87.0,1.2,6.0,4.8,41907,402483.2,667640.8,24.12,89.04,14,1990.09,1
8912,Ishurdi,1991,9,33.5,25.6,424.0,89.0,0.6,6.7,3.2,41907,402483.2,667640.8,24.12,89.04,14,1991.09,1
8936,Ishurdi,1993,9,35.0,25.3,357.0,88.0,1.5,5.8,4.5,41907,402483.2,667640.8,24.12,89.04,14,1993.09,1
8960,Ishurdi,1995,9,35.0,25.8,345.0,85.0,1.2,6.3,4.1,41907,402483.2,667640.8,24.12,89.04,14,1995.09,1
8982,Ishurdi,1997,7,34.8,25.8,486.0,89.0,1.4,6.4,4.5,41907,402483.2,667640.8,24.12,89.04,14,1997.07,1
8984,Ishurdi,1997,9,34.0,25.6,473.0,88.0,0.9,5.8,4.6,41907,402483.2,667640.8,24.12,89.04,14,1997.09,1
8994,Ishurdi,1998,7,35.0,26.4,413.0,89.0,1.3,6.7,3.3,41907,402483.2,667640.8,24.12,89.04,14,1998.07,1
9006,Ishurdi,1999,7,34.5,25.9,407.0,90.0,1.3,6.6,3.6,41907,402483.2,667640.8,24.12,89.04,14,1999.07,1
9020,Ishurdi,2000,9,35.0,25.4,551.0,89.0,0.6,5.4,4.4,41907,402483.2,667640.8,24.12,89.04,14,2000.09,1
9029,Ishurdi,2001,6,35.0,25.9,409.0,85.0,1.9,6.1,4.4,41907,402483.2,667640.8,24.12,89.04,14,2001.06,1
9066,Ishurdi,2004,7,34.6,26.0,397.0,88.0,1.5,6.6,3.6,41907,402483.2,667640.8,24.12,89.04,14,2004.07,1
9068,Ishurdi,2004,9,34.7,25.4,541.0,88.0,1.7,6.3,3.8,41907,402483.2,667640.8,24.12,89.04,14,2004.09,1
9078,Ishurdi,2005,7,35.0,26.1,378.0,86.0,1.4,6.2,4.5,41907,402483.2,667640.8,24.12,89.04,14,2005.07,1
9081,Ishurdi,2005,10,33.8,23.4,664.0,86.0,0.8,4.8,5.1,41907,402483.2,667640.8,24.12,89.04,14,2005.1,1
9102,Ishurdi,2007,7,36.5,25.9,516.0,87.0,1.3,6.7,3.7,41907,402483.2,667640.8,24.12,89.04,14,2007.07,1
9128,Ishurdi,2009,9,35.5,26.0,350.0,85.0,2.7,5.2,6.2,41907,402483.2,667640.8,24.12,89.04,14,2009.09,1
9151,Ishurdi,2011,8,35.5,26.1,645.0,87.0,2.0,6.3,3.8,41907,402483.2,667640.8,24.12,89.04,14,2011.08,1
9187,Jessore,1948,8,33.1,25.9,379.0,87.0,2.637037037,4.2,4.461702128,41936,420062.7,562498.8,23.17,89.22,7,1948.08,1
9198,Jessore,1949,7,35.0,25.7,343.0,87.0,2.955555556,5.1,3.972340426,41936,420062.7,562498.8,23.17,89.22,7,1949.07,1
9209,Jessore,1950,6,37.4,25.1,557.0,88.0,3.233333333,6.2,4.655319149,41936,420062.7,562498.8,23.17,89.22,7,1950.06,1
9247,Jessore,1953,8,34.8,26.0,476.0,89.0,2.637037037,5.9,4.461702128,41936,420062.7,562498.8,23.17,89.22,7,1953.08,1
9257,Jessore,1954,6,35.7,25.3,606.0,90.0,3.233333333,5.9,4.655319149,41936,420062.7,562498.8,23.17,89.22,7,1954.06,1
9259,Jessore,1954,8,34.4,26.0,427.0,90.0,2.637037037,6.6,4.461702128,41936,420062.7,562498.8,23.17,89.22,7,1954.08,1
9281,Jessore,1956,6,34.4,25.2,367.0,89.0,3.233333333,5.9,4.655319149,41936,420062.7,562498.8,23.17,89.22,7,1956.06,1
9294,Jessore,1957,7,34.4,25.9,381.0,89.0,2.955555556,6.4,3.972340426,41936,420062.7,562498.8,23.17,89.22,7,1957.07,1
9319,Jessore,1959,8,33.3,25.7,478.0,91.0,2.637037037,6.3,4.461702128,41936,420062.7,562498.8,23.17,89.22,7,1959.08,1
9321,Jessore,1959,10,32.8,23.8,511.0,90.0,1.077777778,5.0,6.574468085,41936,420062.7,562498.8,23.17,89.22,7,1959.1,1
9330,Jessore,1960,7,33.4,25.7,546.0,89.0,3.7,6.5,3.972340426,41936,420062.7,562498.8,23.17,89.22,7,1960.07,1
9343,Jessore,1961,8,34.4,26.3,418.0,86.0,0.9,6.0,4.461702128,41936,420062.7,562498.8,23.17,89.22,7,1961.08,1
9378,Jessore,1964,7,33.6,25.5,549.0,92.0,1.4,6.9,3.972340426,41936,420062.7,562498.8,23.17,89.22,7,1964.07,1
9381,Jessore,1964,10,34.0,24.5,440.0,88.0,0.8,5.1,6.574468085,41936,420062.7,562498.8,23.17,89.22,7,1964.1,1
9389,Jessore,1965,6,37.6,26.1,574.0,83.0,1.4,5.8,4.655319149,41936,420062.7,562498.8,23.17,89.22,7,1965.06,1
9391,Jessore,1965,8,33.6,25.6,406.0,89.0,1.1,6.2,4.461702128,41936,420062.7,562498.8,23.17,89.22,7,1965.08,1
9425,Jessore,1968,6,34.4,25.1,603.0,88.0,4.3,5.8,4.2,41936,420062.7,562498.8,23.17,89.22,7,1968.06,1
9426,Jessore,1968,7,33.3,26.1,546.0,87.0,3.8,6.3,5.3,41936,420062.7,562498.8,23.17,89.22,7,1968.07,1
9440,Jessore,1969,9,34.6,25.3,428.0,85.0,2.6,5.6,6.3,41936,420062.7,562498.8,23.17,89.22,7,1969.09,1
9450,Jessore,1970,7,35.6,25.9,415.0,87.0,3.1,6.5,4.5,41936,420062.7,562498.8,23.17,89.22,7,1970.07,1
9452,Jessore,1970,9,34.2,25.6,490.0,86.0,2.7,6.2,5.4,41936,420062.7,562498.8,23.17,89.22,7,1970.09,1
9461,Jessore,1971,6,34.7,25.3,421.0,84.0,2.8,6.2,4.8,41936,420062.7,562498.8,23.17,89.22,7,1971.06,1
9462,Jessore,1971,7,33.3,25.5,489.0,87.0,2.7,6.9,4.4,41936,420062.7,562498.8,23.17,89.22,7,1971.07,1
9463,Jessore,1971,8,32.4,24.9,500.0,87.0,2.5,7.1,3.1,41936,420062.7,562498.8,23.17,89.22,7,1971.08,1
9475,Jessore,1972,8,33.9,25.0,372.0,88.0,2.8,6.4,3.5,41936,420062.7,562498.8,23.17,89.22,7,1972.08,1
9485,Jessore,1973,6,35.3,25.2,361.0,85.0,2.2,5.7,4.3,41936,420062.7,562498.8,23.17,89.22,7,1973.06,1
9499,Jessore,1974,8,34.5,25.6,436.0,87.0,2.8,6.1,4.3,41936,420062.7,562498.8,23.17,89.22,7,1974.08,1
9510,Jessore,1975,7,33.3,25.0,444.0,90.0,3.4,7.0,3.9,41936,420062.7,562498.8,23.17,89.22,7,1975.07,1
9559,Jessore,1979,8,35.5,26.1,394.0,85.0,3.2,6.4,4.4,41936,420062.7,562498.8,23.17,89.22,7,1979.08,1
9560,Jessore,1979,9,37.2,25.8,402.0,84.0,2.0,5.6,5.4,41936,420062.7,562498.8,23.17,89.22,7,1979.09,1
9582,Jessore,1981,7,35.0,25.8,377.0,89.0,2.6,6.7,2.8,41936,420062.7,562498.8,23.17,89.22,7,1981.07,1
9607,Jessore,1983,8,34.0,25.8,465.0,88.0,3.6,6.1,4.5,41936,420062.7,562498.8,23.17,89.22,7,1983.08,1
9617,Jessore,1984,6,37.7,25.4,822.0,88.0,4.4,6.7,3.3,41936,420062.7,562498.8,23.17,89.22,7,1984.06,1
9644,Jessore,1986,9,35.8,24.6,606.0,89.0,2.9,6.0,3.9,41936,420062.7,562498.8,23.17,89.22,7,1986.09,1
9655,Jessore,1987,8,35.5,26.1,768.0,87.0,2.8,6.4,3.9,41936,420062.7,562498.8,23.17,89.22,7,1987.08,1
9665,Jessore,1988,6,37.5,25.8,543.0,85.0,4.2,6.4,3.9,41936,420062.7,562498.8,23.17,89.22,7,1988.06,1
9701,Jessore,1991,6,36.0,25.8,407.0,86.0,2.5,6.3,4.0,41936,420062.7,562498.8,23.17,89.22,7,1991.06,1
9703,Jessore,1991,8,36.0,26.1,543.0,87.0,2.2,6.3,4.6,41936,420062.7,562498.8,23.17,89.22,7,1991.08,1
9725,Jessore,1993,6,36.1,25.6,437.0,85.0,3.4,5.7,4.3,41936,420062.7,562498.8,23.17,89.22,7,1993.06,1
9728,Jessore,1993,9,35.6,25.2,336.0,88.0,1.7,6.0,3.9,41936,420062.7,562498.8,23.17,89.22,7,1993.09,1
9737,Jessore,1994,6,36.9,26.2,365.0,85.0,2.7,6.3,3.9,41936,420062.7,562498.8,23.17,89.22,7,1994.06,1
9774,Jessore,1997,7,35.4,26.2,406.0,89.0,1.8,6.2,3.6,41936,420062.7,562498.8,23.17,89.22,7,1997.07,1
9786,Jessore,1998,7,35.4,26.7,181.0,87.0,1.2,6.3,3.2,41936,420062.7,562498.8,23.17,89.22,7,1998.07,1
9787,Jessore,1998,8,35.0,26.5,209.0,88.0,0.9,6.0,3.7,41936,420062.7,562498.8,23.17,89.22,7,1998.08,1
9788,Jessore,1998,9,37.0,25.7,174.0,86.0,0.7,4.8,4.5,41936,420062.7,562498.8,23.17,89.22,7,1998.09,1
9798,Jessore,1999,7,35.0,25.8,356.0,89.0,2.6,6.5,4.6,41936,420062.7,562498.8,23.17,89.22,7,1999.07,1
9801,Jessore,1999,10,34.4,24.2,151.0,86.0,0.9,5.2,6.6,41936,420062.7,562498.8,23.17,89.22,7,1999.1,1
9810,Jessore,2000,7,36.6,26.0,486.0,86.0,2.3,6.2,6.2,41936,420062.7,562498.8,23.17,89.22,7,2000.07,1
9812,Jessore,2000,9,35.2,25.2,467.0,87.0,1.4,5.7,6.1,41936,420062.7,562498.8,23.17,89.22,7,2000.09,1
9821,Jessore,2001,6,34.4,25.7,498.0,88.0,2.2,6.6,3.0,41936,420062.7,562498.8,23.17,89.22,7,2001.06,1
9833,Jessore,2002,6,37.4,25.9,535.0,86.0,2.2,6.1,3.5,41936,420062.7,562498.8,23.17,89.22,7,2002.06,1
9834,Jessore,2002,7,37.2,26.7,524.0,86.0,1.6,6.3,3.7,41936,420062.7,562498.8,23.17,89.22,7,2002.07,1
9845,Jessore,2003,6,39.6,25.9,404.0,84.0,2.7,6.3,4.1,41936,420062.7,562498.8,23.17,89.22,7,2003.06,1
9846,Jessore,2003,7,35.8,26.2,427.0,85.0,2.4,6.2,4.7,41936,420062.7,562498.8,23.17,89.22,7,2003.07,1
9849,Jessore,2003,10,35.4,24.0,466.0,88.0,0.7,5.4,4.3,41936,420062.7,562498.8,23.17,89.22,7,2003.1,1
9858,Jessore,2004,7,36.4,25.8,398.0,86.0,2.4,6.3,4.8,41936,420062.7,562498.8,23.17,89.22,7,2004.07,1
9860,Jessore,2004,9,35.0,25.3,917.0,88.0,1.7,6.1,3.7,41936,420062.7,562498.8,23.17,89.22,7,2004.09,1
9870,Jessore,2005,7,35.4,25.8,546.0,87.0,1.9,6.0,3.8,41936,420062.7,562498.8,23.17,89.22,7,2005.07,1
9873,Jessore,2005,10,35.6,23.5,412.0,88.0,0.8,4.6,4.1,41936,420062.7,562498.8,23.17,89.22,7,2005.1,1
9882,Jessore,2006,7,35.6,26.2,455.0,88.0,2.4,5.9,4.0,41936,420062.7,562498.8,23.17,89.22,7,2006.07,1
9884,Jessore,2006,9,36.0,25.7,400.0,87.0,1.7,5.4,4.7,41936,420062.7,562498.8,23.17,89.22,7,2006.09,1
9894,Jessore,2007,7,36.2,26.1,735.0,88.0,2.1,6.0,3.0,41936,420062.7,562498.8,23.17,89.22,7,2007.07,1
9898,Jessore,2007,11,32.6,18.9,113.0,83.0,0.3,1.2,6.3,41936,420062.7,562498.8,23.17,89.22,7,2007.11,1
9906,Jessore,2008,7,34.4,26.0,459.0,88.0,1.8,6.0,2.5,41936,420062.7,562498.8,23.17,89.22,7,2008.07,1
9908,Jessore,2008,9,35.8,25.4,415.0,87.0,1.5,4.9,4.3,41936,420062.7,562498.8,23.17,89.22,7,2008.09,1
9918,Jessore,2009,7,36.4,26.0,523.0,84.0,5.1,5.3,3.5,41936,420062.7,562498.8,23.17,89.22,7,2009.07,1
9919,Jessore,2009,8,36.0,25.7,435.0,87.0,5.3,5.3,2.9,41936,420062.7,562498.8,23.17,89.22,7,2009.08,1
9977,Khepupara,1974,6,34.76153846,26.25641026,475.2820513,84.0,4.6,6.5,3.807692308,41984,522893.1,430006.8,21.98,90.22,3,1974.06,1
9978,Khepupara,1974,7,33.3974359,25.8974359,616.2307692,87.0,3.8,7.2,3.580769231,41984,522893.1,430006.8,21.98,90.22,3,1974.07,1
9979,Khepupara,1974,8,33.46923077,25.92307692,467.2051282,87.0,3.3,6.6,4.111538462,41984,522893.1,430006.8,21.98,90.22,3,1974.08,1
9990,Khepupara,1975,7,31.5,25.2,737.0,89.0,4.3,6.9,3.580769231,41984,522893.1,430006.8,21.98,90.22,3,1975.07,1
10001,Khepupara,1976,6,33.9,25.4,413.0,84.0,5.2,6.5,3.807692308,41984,522893.1,430006.8,21.98,90.22,3,1976.06,1
10002,Khepupara,1976,7,37.8,25.3,849.0,91.0,4.8,6.8,3.580769231,41984,522893.1,430006.8,21.98,90.22,3,1976.07,1
10013,Khepupara,1977,6,37.8,26.1,668.0,85.0,3.7,6.4,3.807692308,41984,522893.1,430006.8,21.98,90.22,3,1977.06,1
10015,Khepupara,1977,8,31.1,25.8,559.0,87.0,3.5,6.6,4.111538462,41984,522893.1,430006.8,21.98,90.22,3,1977.08,1
10025,Khepupara,1978,6,32.7,26.6,435.0,87.0,5.1,6.3,3.807692308,41984,522893.1,430006.8,21.98,90.22,3,1978.06,1
10026,Khepupara,1978,7,37.8,25.4,661.0,87.0,4.6,6.4,3.580769231,41984,522893.1,430006.8,21.98,90.22,3,1978.07,1
10027,Khepupara,1978,8,37.8,26.2,431.0,88.0,4.6,6.8,4.111538462,41984,522893.1,430006.8,21.98,90.22,3,1978.08,1
10037,Khepupara,1979,6,35.6,26.1,832.0,85.0,4.3,5.9,3.807692308,41984,522893.1,430006.8,21.98,90.22,3,1979.06,1
10039,Khepupara,1979,8,37.8,25.3,740.0,87.0,4.0,6.7,4.111538462,41984,522893.1,430006.8,21.98,90.22,3,1979.08,1
10040,Khepupara,1979,9,33.0,25.2,561.0,86.0,2.3,5.7,4.507692308,41984,522893.1,430006.8,21.98,90.22,3,1979.09,1
10049,Khepupara,1980,6,32.5,26.0,502.0,83.0,3.2,6.1,3.807692308,41984,522893.1,430006.8,21.98,90.22,3,1980.06,1
10050,Khepupara,1980,7,31.6,25.9,560.0,88.0,2.9,6.6,3.580769231,41984,522893.1,430006.8,21.98,90.22,3,1980.07,1
10051,Khepupara,1980,8,33.0,26.0,649.0,88.0,2.5,6.1,4.111538462,41984,522893.1,430006.8,21.98,90.22,3,1980.08,1
10061,Khepupara,1981,6,36.0,24.0,490.0,84.0,1.7,6.3,3.807692308,41984,522893.1,430006.8,21.98,90.22,3,1981.06,1
10062,Khepupara,1981,7,31.6,25.4,505.0,89.0,1.5,6.8,3.580769231,41984,522893.1,430006.8,21.98,90.22,3,1981.07,1
10063,Khepupara,1981,8,33.0,26.0,423.0,86.0,1.7,5.9,4.111538462,41984,522893.1,430006.8,21.98,90.22,3,1981.08,1
10073,Khepupara,1982,6,34.6,25.2,684.0,85.0,3.5,6.4,3.807692308,41984,522893.1,430006.8,21.98,90.22,3,1982.06,1
10074,Khepupara,1982,7,33.5,26.6,486.0,84.0,3.4,6.2,3.580769231,41984,522893.1,430006.8,21.98,90.22,3,1982.07,1
10075,Khepupara,1982,8,31.0,25.5,961.0,89.0,3.1,6.4,4.111538462,41984,522893.1,430006.8,21.98,90.22,3,1982.08,1
10085,Khepupara,1983,6,34.0,26.4,474.0,85.0,2.5,6.3,3.807692308,41984,522893.1,430006.8,21.98,90.22,3,1983.06,1
10086,Khepupara,1983,7,31.3,25.6,580.0,88.0,3.1,6.5,3.580769231,41984,522893.1,430006.8,21.98,90.22,3,1983.07,1
10087,Khepupara,1983,8,32.3,25.4,399.0,88.0,2.6,6.1,4.111538462,41984,522893.1,430006.8,21.98,90.22,3,1983.08,1
10098,Khepupara,1984,7,32.0,25.6,383.0,87.0,3.3,6.5,3.580769231,41984,522893.1,430006.8,21.98,90.22,3,1984.07,1
10122,Khepupara,1986,7,34.8,23.8,444.0,89.0,1.5,6.5,3.580769231,41984,522893.1,430006.8,21.98,90.22,3,1986.07,1
10124,Khepupara,1986,9,34.0,24.8,436.0,90.0,1.3,6.1,4.507692308,41984,522893.1,430006.8,21.98,90.22,3,1986.09,1
10133,Khepupara,1987,6,34.5,26.3,467.0,88.0,2.1,5.9,3.807692308,41984,522893.1,430006.8,21.98,90.22,3,1987.06,1
10134,Khepupara,1987,7,33.8,25.5,748.0,91.0,2.3,7.2,3.580769231,41984,522893.1,430006.8,21.98,90.22,3,1987.07,1
10135,Khepupara,1987,8,34.5,25.8,798.0,88.0,1.5,6.1,4.111538462,41984,522893.1,430006.8,21.98,90.22,3,1987.08,1
10146,Khepupara,1988,7,32.2,25.9,614.0,90.0,2.6,6.9,3.4,41984,522893.1,430006.8,21.98,90.22,3,1988.07,1
10147,Khepupara,1988,8,32.0,26.2,603.0,88.0,1.8,7.0,2.9,41984,522893.1,430006.8,21.98,90.22,3,1988.08,1
10158,Khepupara,1989,7,32.0,25.9,581.0,87.0,3.0,6.4,4.0,41984,522893.1,430006.8,21.98,90.22,3,1989.07,1
10160,Khepupara,1989,9,32.5,25.7,445.0,88.0,1.3,5.8,4.0,41984,522893.1,430006.8,21.98,90.22,3,1989.09,1
10161,Khepupara,1989,10,33.6,24.7,552.0,89.0,1.7,5.0,3.5,41984,522893.1,430006.8,21.98,90.22,3,1989.1,1
10170,Khepupara,1990,7,32.0,25.8,1049.0,89.0,2.2,6.8,1.8,41984,522893.1,430006.8,21.98,90.22,3,1990.07,1
10172,Khepupara,1990,9,32.4,26.0,503.0,86.0,1.6,5.7,4.5,41984,522893.1,430006.8,21.98,90.22,3,1990.09,1
10181,Khepupara,1991,6,33.6,26.1,817.0,87.0,3.2,6.6,2.9,41984,522893.1,430006.8,21.98,90.22,3,1991.06,1
10182,Khepupara,1991,7,32.8,26.5,569.0,85.0,4.5,6.3,3.5,41984,522893.1,430006.8,21.98,90.22,3,1991.07,1
10183,Khepupara,1991,8,35.0,26.2,512.0,87.0,3.4,6.8,3.2,41984,522893.1,430006.8,21.98,90.22,3,1991.08,1
10185,Khepupara,1991,10,33.5,24.7,566.0,86.0,0.9,4.0,4.8,41984,522893.1,430006.8,21.98,90.22,3,1991.1,1
10194,Khepupara,1992,7,32.0,25.8,480.0,87.0,3.1,6.8,2.9,41984,522893.1,430006.8,21.98,90.22,3,1992.07,1
10196,Khepupara,1992,9,34.5,25.7,417.0,85.0,2.2,5.0,4.3,41984,522893.1,430006.8,21.98,90.22,3,1992.09,1
10205,Khepupara,1993,6,33.2,25.5,635.0,86.0,4.8,6.2,4.0,41984,522893.1,430006.8,21.98,90.22,3,1993.06,1
10207,Khepupara,1993,8,31.9,25.8,493.0,88.0,3.3,6.2,3.6,41984,522893.1,430006.8,21.98,90.22,3,1993.08,1
10217,Khepupara,1994,6,35.2,25.9,671.0,87.0,3.1,6.1,2.5,41984,522893.1,430006.8,21.98,90.22,3,1994.06,1
10218,Khepupara,1994,7,32.5,25.8,457.0,87.0,3.5,6.6,2.9,41984,522893.1,430006.8,21.98,90.22,3,1994.07,1
10219,Khepupara,1994,8,32.0,25.8,494.0,87.0,3.8,6.2,3.8,41984,522893.1,430006.8,21.98,90.22,3,1994.08,1
10228,Khepupara,1995,5,35.5,27.4,643.0,79.0,2.7,4.6,6.0,41984,522893.1,430006.8,21.98,90.22,3,1995.05,1
10229,Khepupara,1995,6,34.5,26.8,546.0,86.0,2.3,5.6,3.7,41984,522893.1,430006.8,21.98,90.22,3,1995.06,1
10230,Khepupara,1995,7,33.5,26.1,448.0,88.0,2.9,5.8,3.2,41984,522893.1,430006.8,21.98,90.22,3,1995.07,1
10234,Khepupara,1995,11,32.0,21.1,508.0,82.0,1.6,3.1,5.7,41984,522893.1,430006.8,21.98,90.22,3,1995.11,1
10241,Khepupara,1996,6,34.3,25.9,621.0,86.0,3.3,5.0,4.7,41984,522893.1,430006.8,21.98,90.22,3,1996.06,1
10242,Khepupara,1996,7,32.6,26.3,684.0,88.0,3.3,5.8,4.0,41984,522893.1,430006.8,21.98,90.22,3,1996.07,1
10243,Khepupara,1996,8,32.0,25.4,899.0,91.0,2.7,5.9,3.1,41984,522893.1,430006.8,21.98,90.22,3,1996.08,1
10245,Khepupara,1996,10,34.3,24.3,401.0,84.0,1.0,3.0,6.7,41984,522893.1,430006.8,21.98,90.22,3,1996.1,1
10254,Khepupara,1997,7,32.8,26.1,920.0,90.0,2.4,6.3,2.1,41984,522893.1,430006.8,21.98,90.22,3,1997.07,1
10256,Khepupara,1997,9,33.5,25.5,666.0,88.0,1.4,5.6,4.7,41984,522893.1,430006.8,21.98,90.22,3,1997.09,1
10266,Khepupara,1998,7,32.6,26.3,946.0,89.0,3.0,6.7,3.2,41984,522893.1,430006.8,21.98,90.22,3,1998.07,1
10267,Khepupara,1998,8,33.7,26.0,684.0,89.0,2.2,6.5,3.3,41984,522893.1,430006.8,21.98,90.22,3,1998.08,1
10269,Khepupara,1998,10,35.7,25.4,411.0,87.0,0.7,3.6,6.1,41984,522893.1,430006.8,21.98,90.22,3,1998.1,1
10276,Khepupara,1999,5,35.0,25.6,458.0,84.0,2.9,4.9,5.3,41984,522893.1,430006.8,21.98,90.22,3,1999.05,1
10277,Khepupara,1999,6,36.2,26.1,734.0,87.0,2.6,5.8,4.2,41984,522893.1,430006.8,21.98,90.22,3,1999.06,1
10278,Khepupara,1999,7,32.2,25.9,768.0,90.0,2.6,6.4,3.7,41984,522893.1,430006.8,21.98,90.22,3,1999.07,1
10279,Khepupara,1999,8,32.6,25.6,535.0,89.0,2.8,6.5,3.8,41984,522893.1,430006.8,21.98,90.22,3,1999.08,1
10280,Khepupara,1999,9,34.2,25.3,520.0,90.0,1.9,5.9,4.8,41984,522893.1,430006.8,21.98,90.22,3,1999.09,1
10288,Khepupara,2000,5,36.5,25.6,470.0,84.0,2.8,5.4,4.6,41984,522893.1,430006.8,21.98,90.22,3,2000.05,1
10289,Khepupara,2000,6,34.0,26.0,419.0,87.0,3.0,6.1,3.7,41984,522893.1,430006.8,21.98,90.22,3,2000.06,1
10290,Khepupara,2000,7,33.5,26.0,797.0,88.0,2.3,6.0,3.6,41984,522893.1,430006.8,21.98,90.22,3,2000.07,1
10291,Khepupara,2000,8,33.4,26.1,411.0,87.0,2.7,6.2,5.0,41984,522893.1,430006.8,21.98,90.22,3,2000.08,1
10301,Khepupara,2001,6,33.7,25.7,1014.0,91.0,2.1,7.1,2.2,41984,522893.1,430006.8,21.98,90.22,3,2001.06,1
10302,Khepupara,2001,7,31.8,25.9,621.0,90.0,2.5,6.6,3.7,41984,522893.1,430006.8,21.98,90.22,3,2001.07,1
10304,Khepupara,2001,9,34.8,25.6,487.0,88.0,0.7,5.1,4.8,41984,522893.1,430006.8,21.98,90.22,3,2001.09,1
10313,Khepupara,2002,6,34.5,26.4,571.0,87.0,1.6,6.1,4.3,41984,522893.1,430006.8,21.98,90.22,3,2002.06,1
10314,Khepupara,2002,7,35.0,26.7,509.0,89.0,1.3,7.1,2.1,41984,522893.1,430006.8,21.98,90.22,3,2002.07,1
10315,Khepupara,2002,8,32.5,25.9,540.0,90.0,1.4,6.5,3.4,41984,522893.1,430006.8,21.98,90.22,3,2002.08,1
10325,Khepupara,2003,6,35.5,26.0,703.0,89.0,2.1,6.9,2.1,41984,522893.1,430006.8,21.98,90.22,3,2003.06,1
10326,Khepupara,2003,7,33.0,26.5,404.0,87.0,2.1,5.8,5.4,41984,522893.1,430006.8,21.98,90.22,3,2003.07,1
10337,Khepupara,2004,6,34.5,25.9,479.0,86.0,1.7,5.8,3.5,41984,522893.1,430006.8,21.98,90.22,3,2004.06,1
10339,Khepupara,2004,8,32.2,25.9,591.0,90.0,1.6,6.8,3.4,41984,522893.1,430006.8,21.98,90.22,3,2004.08,1
10340,Khepupara,2004,9,34.5,25.5,672.0,89.0,1.1,5.7,3.8,41984,522893.1,430006.8,21.98,90.22,3,2004.09,1
10349,Khepupara,2005,6,36.7,27.4,473.0,85.0,2.4,5.7,3.7,41984,522893.1,430006.8,21.98,90.22,3,2005.06,1
10350,Khepupara,2005,7,33.3,26.1,1000.0,89.0,2.4,6.0,5.1,41984,522893.1,430006.8,21.98,90.22,3,2005.07,1
10351,Khepupara,2005,8,34.5,26.2,489.0,89.0,1.5,6.6,2.6,41984,522893.1,430006.8,21.98,90.22,3,2005.08,1
10352,Khepupara,2005,9,34.5,25.8,475.0,89.0,1.6,5.7,3.5,41984,522893.1,430006.8,21.98,90.22,3,2005.09,1
10353,Khepupara,2005,10,34.3,24.7,534.0,88.0,0.6,4.3,5.0,41984,522893.1,430006.8,21.98,90.22,3,2005.1,1
10360,Khepupara,2006,5,35.4,25.6,452.0,82.0,1.3,4.3,6.7,41984,522893.1,430006.8,21.98,90.22,3,2006.05,1
10362,Khepupara,2006,7,34.4,26.2,611.0,89.0,2.1,6.5,3.0,41984,522893.1,430006.8,21.98,90.22,3,2006.07,1
10364,Khepupara,2006,9,34.5,25.7,699.0,88.0,1.6,5.3,5.4,41984,522893.1,430006.8,21.98,90.22,3,2006.09,1
10374,Khepupara,2007,7,33.7,26.1,926.0,89.0,2.4,6.5,3.1,41984,522893.1,430006.8,21.98,90.22,3,2007.07,1
10376,Khepupara,2007,9,33.0,26.0,557.0,89.0,2.3,6.4,3.4,41984,522893.1,430006.8,21.98,90.22,3,2007.09,1
10377,Khepupara,2007,10,35.0,23.5,693.0,86.0,0.8,3.4,6.4,41984,522893.1,430006.8,21.98,90.22,3,2007.1,1
10385,Khepupara,2008,6,33.8,25.9,438.0,88.0,1.8,6.2,3.1,41984,522893.1,430006.8,21.98,90.22,3,2008.06,1
10386,Khepupara,2008,7,32.8,25.9,931.0,90.0,1.4,6.8,3.2,41984,522893.1,430006.8,21.98,90.22,3,2008.07,1
10387,Khepupara,2008,8,32.6,26.3,459.0,87.0,1.5,5.8,4.7,41984,522893.1,430006.8,21.98,90.22,3,2008.08,1
10388,Khepupara,2008,9,33.6,26.0,514.0,88.0,1.0,5.7,5.1,41984,522893.1,430006.8,21.98,90.22,3,2008.09,1
10389,Khepupara,2008,10,33.8,24.2,467.0,85.0,0.4,3.2,6.8,41984,522893.1,430006.8,21.98,90.22,3,2008.1,1
10398,Khepupara,2009,7,33.5,26.1,758.0,89.0,3.1,6.6,3.4,41984,522893.1,430006.8,21.98,90.22,3,2009.07,1
10399,Khepupara,2009,8,33.5,26.4,439.0,89.0,2.5,6.5,3.1,41984,522893.1,430006.8,21.98,90.22,3,2009.08,1
10409,Khepupara,2010,6,34.5,27.0,681.0,87.0,4.3,6.2,3.8,41984,522893.1,430006.8,21.98,90.22,3,2010.06,1
10413,Khepupara,2010,10,36.6,25.3,604.0,86.0,2.1,4.0,6.2,41984,522893.1,430006.8,21.98,90.22,3,2010.1,1
10421,Khepupara,2011,6,35.2,26.3,542.0,88.0,5.4,6.5,3.8,41984,522893.1,430006.8,21.98,90.22,3,2011.06,1
10422,Khepupara,2011,7,34.5,26.0,802.0,86.0,4.2,6.1,4.8,41984,522893.1,430006.8,21.98,90.22,3,2011.07,1
10423,Khepupara,2011,8,35.6,26.0,925.0,90.0,3.4,6.8,2.7,41984,522893.1,430006.8,21.98,90.22,3,2011.08,1
10433,Khepupara,2012,6,36.7,27.6,415.0,84.0,5.3,6.1,4.0,41984,522893.1,430006.8,21.98,90.22,3,2012.06,1
10434,Khepupara,2012,7,33.4,26.1,639.0,89.0,4.3,6.8,3.3,41984,522893.1,430006.8,21.98,90.22,3,2012.07,1
10436,Khepupara,2012,9,34.8,26.2,562.0,89.0,2.6,5.6,4.6,41984,522893.1,430006.8,21.98,90.22,3,2012.09,1
10444,Khepupara,2013,5,36.2,25.0,727.0,85.0,6.6,6.7,3.3,41984,522893.1,430006.8,21.98,90.22,3,2013.05,1
10446,Khepupara,2013,7,33.5,26.2,640.0,87.0,4.7,5.9,5.5,41984,522893.1,430006.8,21.98,90.22,3,2013.07,1
10447,Khepupara,2013,8,34.0,26.0,403.0,87.0,3.9,5.8,4.2,41984,522893.1,430006.8,21.98,90.22,3,2013.08,1
10448,Khepupara,2013,9,35.0,25.8,536.0,88.0,2.6,5.4,4.6,41984,522893.1,430006.8,21.98,90.22,3,2013.09,1
10449,Khepupara,2013,10,34.5,24.3,418.0,88.0,2.9,4.8,4.6,41984,522893.1,430006.8,21.98,90.22,3,2013.1,1
10494,Khulna,1951,7,33.9,25.7,475.0,86.0,1.596296296,5.7,3.89,41947,456632.4,521635.7,22.8,89.58,4,1951.07,1
10506,Khulna,1952,7,34.1,25.6,496.0,88.0,1.596296296,6.5,3.89,41947,456632.4,521635.7,22.8,89.58,4,1952.07,1
10517,Khulna,1953,6,35.7,25.4,553.0,86.0,1.72037037,6.5,4.546666667,41947,456632.4,521635.7,22.8,89.58,4,1953.06,1
10518,Khulna,1953,7,34.3,25.9,525.0,89.0,1.596296296,6.3,3.89,41947,456632.4,521635.7,22.8,89.58,4,1953.07,1
10529,Khulna,1954,6,36.2,25.9,555.0,89.0,1.72037037,6.2,4.546666667,41947,456632.4,521635.7,22.8,89.58,4,1954.06,1
10542,Khulna,1955,7,33.6,25.5,550.0,89.0,1.596296296,7.6,3.89,41947,456632.4,521635.7,22.8,89.58,4,1955.07,1
10554,Khulna,1956,7,32.1,26.1,330.0,88.0,1.596296296,5.8,3.89,41947,456632.4,521635.7,22.8,89.58,4,1956.07,1
10566,Khulna,1957,7,35.2,26.1,414.0,90.0,1.596296296,6.8,3.89,41947,456632.4,521635.7,22.8,89.58,4,1957.07,1
10590,Khulna,1959,7,33.4,26.2,463.0,90.0,1.596296296,6.7,3.89,41947,456632.4,521635.7,22.8,89.58,4,1959.07,1
10591,Khulna,1959,8,32.8,25.9,402.0,88.0,1.583333333,6.4,4.363333333,41947,456632.4,521635.7,22.8,89.58,4,1959.08,1
10592,Khulna,1959,9,33.4,25.6,439.0,90.0,1.107407407,6.0,4.906666667,41947,456632.4,521635.7,22.8,89.58,4,1959.09,1
10593,Khulna,1959,10,33.2,24.3,532.0,87.0,0.661111111,3.9,6.9,41947,456632.4,521635.7,22.8,89.58,4,1959.1,1
10602,Khulna,1960,7,32.6,25.9,605.0,91.0,1.4,5.9,3.89,41947,456632.4,521635.7,22.8,89.58,4,1960.07,1
10613,Khulna,1961,6,35.4,26.4,411.0,89.0,0.5,5.6,4.546666667,41947,456632.4,521635.7,22.8,89.58,4,1961.06,1
10615,Khulna,1961,8,33.2,26.4,412.0,89.0,0.2,5.2,4.363333333,41947,456632.4,521635.7,22.8,89.58,4,1961.08,1
10626,Khulna,1962,7,32.0,26.0,362.0,89.0,1.6,5.8,3.89,41947,456632.4,521635.7,22.8,89.58,4,1962.07,1
10637,Khulna,1963,6,36.1,26.1,535.0,85.0,1.2,6.1,4.546666667,41947,456632.4,521635.7,22.8,89.58,4,1963.06,1
10650,Khulna,1964,7,37.1,25.6,366.0,89.0,1.3,6.1,3.89,41947,456632.4,521635.7,22.8,89.58,4,1964.07,1
10661,Khulna,1965,6,37.4,26.1,407.0,84.0,2.2,5.5,4.546666667,41947,456632.4,521635.7,22.8,89.58,4,1965.06,1
10663,Khulna,1965,8,34.2,25.1,457.0,92.0,1.5,6.3,4.363333333,41947,456632.4,521635.7,22.8,89.58,4,1965.08,1
10673,Khulna,1966,6,36.3,26.3,404.0,85.0,3.0,5.0,4.546666667,41947,456632.4,521635.7,22.8,89.58,4,1966.06,1
10686,Khulna,1967,7,32.1,26.1,330.0,88.0,1.6,5.8,3.89,41947,456632.4,521635.7,22.8,89.58,4,1967.07,1
10698,Khulna,1968,7,34.6,26.4,424.0,91.0,0.6,5.8,3.89,41947,456632.4,521635.7,22.8,89.58,4,1968.07,1
10699,Khulna,1968,8,36.7,26.2,151.0,90.0,0.3,5.7,4.363333333,41947,456632.4,521635.7,22.8,89.58,4,1968.08,1
10711,Khulna,1969,8,35.7,25.7,507.0,92.0,0.6,5.0,4.363333333,41947,456632.4,521635.7,22.8,89.58,4,1969.08,1
10712,Khulna,1969,9,36.6,26.2,596.0,91.0,0.4,3.5,4.906666667,41947,456632.4,521635.7,22.8,89.58,4,1969.09,1
10721,Khulna,1970,6,36.7,26.5,548.0,85.0,0.3,3.9,4.546666667,41947,456632.4,521635.7,22.8,89.58,4,1970.06,1
10722,Khulna,1970,7,36.1,26.4,634.0,88.0,0.2,4.8,3.89,41947,456632.4,521635.7,22.8,89.58,4,1970.07,1
10745,Khulna,1972,6,34.5,26.1,331.0,85.0,1.8,5.4,4.546666667,41947,456632.4,521635.7,22.8,89.58,4,1972.06,1
10756,Khulna,1973,5,36.1,25.4,394.0,78.0,1.9,2.0,7.506666667,41947,456632.4,521635.7,22.8,89.58,4,1973.05,1
10770,Khulna,1974,7,36.8,25.5,792.0,88.0,2.3,7.1,3.89,41947,456632.4,521635.7,22.8,89.58,4,1974.07,1
10771,Khulna,1974,8,34.4,26.4,442.0,84.0,3.9,7.0,4.363333333,41947,456632.4,521635.7,22.8,89.58,4,1974.08,1
10772,Khulna,1974,9,33.4,25.1,452.0,85.0,2.3,6.3,4.906666667,41947,456632.4,521635.7,22.8,89.58,4,1974.09,1
10782,Khulna,1975,7,32.1,26.1,330.0,88.0,1.6,5.8,3.89,41947,456632.4,521635.7,22.8,89.58,4,1975.07,1
10795,Khulna,1976,8,33.2,25.5,378.0,86.0,1.5,6.1,4.363333333,41947,456632.4,521635.7,22.8,89.58,4,1976.08,1
10796,Khulna,1976,9,33.8,25.7,363.0,84.0,1.3,5.3,4.906666667,41947,456632.4,521635.7,22.8,89.58,4,1976.09,1
10805,Khulna,1977,6,36.1,26.1,379.0,85.0,1.5,5.9,4.546666667,41947,456632.4,521635.7,22.8,89.58,4,1977.06,1
10817,Khulna,1978,6,35.3,26.5,436.0,88.0,1.2,4.9,4.546666667,41947,456632.4,521635.7,22.8,89.58,4,1978.06,1
10818,Khulna,1978,7,33.2,25.4,341.0,89.0,1.1,5.2,3.89,41947,456632.4,521635.7,22.8,89.58,4,1978.07,1
10820,Khulna,1978,9,34.4,25.7,453.0,87.0,0.8,5.5,4.906666667,41947,456632.4,521635.7,22.8,89.58,4,1978.09,1
10830,Khulna,1979,7,36.0,26.6,533.0,84.0,1.0,4.8,3.89,41947,456632.4,521635.7,22.8,89.58,4,1979.07,1
10831,Khulna,1979,8,35.6,26.6,433.0,85.0,1.1,5.5,4.363333333,41947,456632.4,521635.7,22.8,89.58,4,1979.08,1
10841,Khulna,1980,6,34.5,26.6,348.0,89.0,1.3,5.4,4.546666667,41947,456632.4,521635.7,22.8,89.58,4,1980.06,1
10843,Khulna,1980,8,34.0,26.6,421.0,88.0,2.2,5.1,4.363333333,41947,456632.4,521635.7,22.8,89.58,4,1980.08,1
10854,Khulna,1981,7,33.3,26.0,425.0,90.0,2.5,6.1,3.89,41947,456632.4,521635.7,22.8,89.58,4,1981.07,1
10876,Khulna,1983,5,36.6,24.2,358.0,81.0,3.5,4.2,7.506666667,41947,456632.4,521635.7,22.8,89.58,4,1983.05,1
10878,Khulna,1983,7,32.0,26.0,362.0,89.0,1.6,5.8,3.89,41947,456632.4,521635.7,22.8,89.58,4,1983.07,1
10879,Khulna,1983,8,32.8,26.3,448.0,89.0,4.4,5.8,4.363333333,41947,456632.4,521635.7,22.8,89.58,4,1983.08,1
10889,Khulna,1984,6,36.7,25.7,783.0,88.0,4.1,7.4,3.4,41947,456632.4,521635.7,22.8,89.58,4,1984.06,1
10891,Khulna,1984,8,34.5,26.1,486.0,89.0,3.1,7.4,4.1,41947,456632.4,521635.7,22.8,89.58,4,1984.08,1
10903,Khulna,1985,8,34.4,26.4,344.0,87.0,3.3,6.7,4.5,41947,456632.4,521635.7,22.8,89.58,4,1985.08,1
10914,Khulna,1986,7,35.5,25.5,390.0,89.0,1.6,6.1,3.7,41947,456632.4,521635.7,22.8,89.58,4,1986.07,1
10916,Khulna,1986,9,35.9,25.0,643.0,89.0,1.8,6.3,4.5,41947,456632.4,521635.7,22.8,89.58,4,1986.09,1
10926,Khulna,1987,7,36.1,25.5,517.0,90.0,1.8,6.8,2.3,41947,456632.4,521635.7,22.8,89.58,4,1987.07,1
10927,Khulna,1987,8,35.7,25.7,498.0,87.0,1.6,6.4,4.9,41947,456632.4,521635.7,22.8,89.58,4,1987.08,1
10937,Khulna,1988,6,37.0,26.1,599.0,87.0,2.8,6.2,4.2,41947,456632.4,521635.7,22.8,89.58,4,1988.06,1
10939,Khulna,1988,8,34.0,26.5,302.0,88.0,2.4,6.8,2.9,41947,456632.4,521635.7,22.8,89.58,4,1988.08,1
10962,Khulna,1990,7,35.0,26.0,436.0,89.0,1.2,6.5,3.2,41947,456632.4,521635.7,22.8,89.58,4,1990.07,1
10973,Khulna,1991,6,35.2,25.8,421.0,88.0,1.8,6.1,4.5,41947,456632.4,521635.7,22.8,89.58,4,1991.06,1
10976,Khulna,1991,9,35.0,25.9,342.0,89.0,0.7,5.9,4.1,41947,456632.4,521635.7,22.8,89.58,4,1991.09,1
10997,Khulna,1993,6,35.2,25.8,638.0,86.0,2.7,5.9,4.6,41947,456632.4,521635.7,22.8,89.58,4,1993.06,1
11022,Khulna,1995,7,35.0,26.2,407.0,87.0,1.7,5.7,3.2,41947,456632.4,521635.7,22.8,89.58,4,1995.07,1
11023,Khulna,1995,8,35.4,26.0,594.0,85.0,1.7,5.4,4.5,41947,456632.4,521635.7,22.8,89.58,4,1995.08,1
11033,Khulna,1996,6,36.4,25.2,453.0,85.0,1.5,5.4,5.1,41947,456632.4,521635.7,22.8,89.58,4,1996.06,1
11046,Khulna,1997,7,34.8,25.9,456.0,87.0,1.5,5.9,3.5,41947,456632.4,521635.7,22.8,89.58,4,1997.07,1
11048,Khulna,1997,9,35.0,25.3,364.0,89.0,1.1,5.4,4.1,41947,456632.4,521635.7,22.8,89.58,4,1997.09,1
11058,Khulna,1998,7,34.8,26.6,343.0,87.0,1.5,6.5,3.4,41947,456632.4,521635.7,22.8,89.58,4,1998.07,1
11060,Khulna,1998,9,36.6,26.2,300.0,86.0,0.8,4.8,4.8,41947,456632.4,521635.7,22.8,89.58,4,1998.09,1
11070,Khulna,1999,7,34.7,25.8,420.0,89.0,1.2,6.3,3.9,41947,456632.4,521635.7,22.8,89.58,4,1999.07,1
11072,Khulna,1999,9,34.8,25.8,374.0,89.0,1.0,5.8,4.3,41947,456632.4,521635.7,22.8,89.58,4,1999.09,1
11082,Khulna,2000,7,36.4,25.4,405.0,89.0,1.0,5.6,4.9,41947,456632.4,521635.7,22.8,89.58,4,2000.07,1
11093,Khulna,2001,6,35.2,25.9,354.0,90.0,0.9,6.3,2.7,41947,456632.4,521635.7,22.8,89.58,4,2001.06,1
11105,Khulna,2002,6,37.4,25.4,846.0,87.0,1.0,6.1,4.5,41947,456632.4,521635.7,22.8,89.58,4,2002.06,1
11107,Khulna,2002,8,34.5,26.1,483.0,90.0,0.9,6.1,4.7,41947,456632.4,521635.7,22.8,89.58,4,2002.08,1
11108,Khulna,2002,9,36.0,25.9,429.0,88.0,0.7,5.0,5.3,41947,456632.4,521635.7,22.8,89.58,4,2002.09,1
11129,Khulna,2004,6,36.5,26.2,383.0,86.0,0.9,5.6,3.9,41947,456632.4,521635.7,22.8,89.58,4,2004.06,1
11132,Khulna,2004,9,35.2,26.2,621.0,88.0,0.9,6.2,4.1,41947,456632.4,521635.7,22.8,89.58,4,2004.09,1
11142,Khulna,2005,7,34.2,26.3,435.0,87.0,1.3,6.6,4.4,41947,456632.4,521635.7,22.8,89.58,4,2005.07,1
11144,Khulna,2005,9,35.5,26.3,410.0,86.0,0.9,5.9,5.1,41947,456632.4,521635.7,22.8,89.58,4,2005.09,1
11145,Khulna,2005,10,34.5,24.7,420.0,88.0,0.5,5.1,5.0,41947,456632.4,521635.7,22.8,89.58,4,2005.1,1
11154,Khulna,2006,7,35.1,26.4,522.0,87.0,1.1,6.1,3.6,41947,456632.4,521635.7,22.8,89.58,4,2006.07,1
11156,Khulna,2006,9,35.0,26.0,579.0,86.0,0.9,5.4,5.7,41947,456632.4,521635.7,22.8,89.58,4,2006.09,1
11166,Khulna,2007,7,34.6,26.3,591.0,88.0,1.0,6.8,5.0,41947,456632.4,521635.7,22.8,89.58,4,2007.07,1
11168,Khulna,2007,9,35.0,26.1,397.0,91.0,0.7,6.4,6.3,41947,456632.4,521635.7,22.8,89.58,4,2007.09,1
11180,Khulna,2008,9,34.6,26.2,379.0,86.0,0.4,5.8,5.1,41947,456632.4,521635.7,22.8,89.58,4,2008.09,1
11191,Khulna,2009,8,34.6,26.3,568.0,87.0,1.6,6.4,3.9,41947,456632.4,521635.7,22.8,89.58,4,2009.08,1
11214,Khulna,2011,7,35.5,26.5,387.0,84.0,1.6,5.7,5.1,41947,456632.4,521635.7,22.8,89.58,4,2011.07,1
11215,Khulna,2011,8,36.5,26.2,614.0,89.0,2.0,6.2,3.3,41947,456632.4,521635.7,22.8,89.58,4,2011.08,1
11226,Khulna,2012,7,34.8,26.7,391.0,90.0,2.3,6.8,3.5,41947,456632.4,521635.7,22.8,89.58,4,2012.07,1
11236,Khulna,2013,5,37.5,25.2,430.0,83.0,2.9,6.4,4.1,41947,456632.4,521635.7,22.8,89.58,4,2013.05,1
11237,Khulna,2013,6,37.0,27.1,212.0,85.0,1.6,5.2,5.0,41947,456632.4,521635.7,22.8,89.58,4,2013.06,1
11239,Khulna,2013,8,35.5,26.3,482.0,92.0,2.0,6.2,3.7,41947,456632.4,521635.7,22.8,89.58,4,2013.08,1
11241,Khulna,2013,10,35.2,24.4,260.0,87.0,1.5,5.3,4.3,41947,456632.4,521635.7,22.8,89.58,4,2013.1,1
11249,Kutubdia,1977,6,33.95862069,25.69655172,668.0,86.22857143,4.0,5.95862069,4.486666667,41989,690250.3,414997.4,21.83,91.84,6,1977.06,1
11250,Kutubdia,1977,7,32.89310345,25.48965517,536.0,88.4,5.5,6.434482759,4.016666667,41989,690250.3,414997.4,21.83,91.84,6,1977.07,1
11251,Kutubdia,1977,8,33.14137931,25.58965517,441.0,87.28571429,4.7,6.196551724,4.66,41989,690250.3,414997.4,21.83,91.84,6,1977.08,1
11261,Kutubdia,1978,6,33.95862069,25.69655172,579.0,86.22857143,2.9,5.95862069,4.486666667,41989,690250.3,414997.4,21.83,91.84,6,1978.06,1
11262,Kutubdia,1978,7,32.89310345,25.48965517,697.0,88.4,2.9,6.434482759,4.016666667,41989,690250.3,414997.4,21.83,91.84,6,1978.07,1
11263,Kutubdia,1978,8,33.14137931,25.58965517,460.0,87.28571429,2.5,6.196551724,4.66,41989,690250.3,414997.4,21.83,91.84,6,1978.08,1
11297,Kutubdia,1981,6,33.95862069,25.69655172,579.0,86.0,2.9,5.95862069,4.486666667,41989,690250.3,414997.4,21.83,91.84,6,1981.06,1
11298,Kutubdia,1981,7,32.89310345,25.48965517,697.0,89.0,2.9,6.434482759,4.016666667,41989,690250.3,414997.4,21.83,91.84,6,1981.07,1
11299,Kutubdia,1981,8,33.14137931,25.58965517,460.0,87.0,2.5,6.196551724,4.66,41989,690250.3,414997.4,21.83,91.84,6,1981.08,1
11309,Kutubdia,1982,6,33.95862069,25.69655172,579.0,86.0,2.9,5.95862069,4.486666667,41989,690250.3,414997.4,21.83,91.84,6,1982.06,1
11310,Kutubdia,1982,7,32.89310345,25.48965517,697.0,89.0,2.9,6.434482759,4.016666667,41989,690250.3,414997.4,21.83,91.84,6,1982.07,1
11311,Kutubdia,1982,8,33.14137931,25.58965517,460.0,87.0,2.5,6.196551724,4.66,41989,690250.3,414997.4,21.83,91.84,6,1982.08,1
11321,Kutubdia,1983,6,33.95862069,25.69655172,579.0,86.0,2.9,5.95862069,4.486666667,41989,690250.3,414997.4,21.83,91.84,6,1983.06,1
11322,Kutubdia,1983,7,32.89310345,25.48965517,697.0,89.0,2.9,6.434482759,4.016666667,41989,690250.3,414997.4,21.83,91.84,6,1983.07,1
11323,Kutubdia,1983,8,33.14137931,25.58965517,460.0,87.0,2.5,6.196551724,4.66,41989,690250.3,414997.4,21.83,91.84,6,1983.08,1
11333,Kutubdia,1984,6,33.95862069,25.69655172,579.0,86.0,2.9,5.95862069,4.9,41989,690250.3,414997.4,21.83,91.84,6,1984.06,1
11334,Kutubdia,1984,7,32.89310345,25.48965517,697.0,89.0,2.9,6.434482759,5.3,41989,690250.3,414997.4,21.83,91.84,6,1984.07,1
11335,Kutubdia,1984,8,33.14137931,25.58965517,460.0,87.0,2.5,6.196551724,4.1,41989,690250.3,414997.4,21.83,91.84,6,1984.08,1
11344,Kutubdia,1985,5,32.5,24.6,594.0,82.0,3.2,4.2,7.4,41989,690250.3,414997.4,21.83,91.84,6,1985.05,1
11346,Kutubdia,1985,7,31.0,24.1,846.0,89.0,3.5,6.7,3.7,41989,690250.3,414997.4,21.83,91.84,6,1985.07,1
11347,Kutubdia,1985,8,32.2,24.9,475.0,88.0,3.8,6.5,4.7,41989,690250.3,414997.4,21.83,91.84,6,1985.08,1
11357,Kutubdia,1986,6,33.7,26.1,625.0,86.0,3.2,6.5,4.4,41989,690250.3,414997.4,21.83,91.84,6,1986.06,1
11358,Kutubdia,1986,7,32.0,25.3,630.0,87.0,2.9,6.5,3.7,41989,690250.3,414997.4,21.83,91.84,6,1986.07,1
11369,Kutubdia,1987,6,33.5,26.4,751.0,88.0,2.8,5.7,5.8,41989,690250.3,414997.4,21.83,91.84,6,1987.06,1
11370,Kutubdia,1987,7,31.5,25.6,1247.0,91.0,3.1,7.1,2.4,41989,690250.3,414997.4,21.83,91.84,6,1987.07,1
11371,Kutubdia,1987,8,32.7,25.8,745.0,88.0,2.2,6.4,4.6,41989,690250.3,414997.4,21.83,91.84,6,1987.08,1
11381,Kutubdia,1988,6,32.6,25.4,709.0,87.0,2.7,6.5,3.5,41989,690250.3,414997.4,21.83,91.84,6,1988.06,1
11383,Kutubdia,1988,8,31.6,25.6,441.0,88.0,2.2,6.4,3.8,41989,690250.3,414997.4,21.83,91.84,6,1988.08,1
11384,Kutubdia,1988,9,35.0,25.6,545.0,86.0,1.6,5.3,7.1,41989,690250.3,414997.4,21.83,91.84,6,1988.09,1
11394,Kutubdia,1989,7,33.2,25.7,555.0,88.0,2.5,6.2,4.3,41989,690250.3,414997.4,21.83,91.84,6,1989.07,1
11396,Kutubdia,1989,9,32.2,25.4,497.0,87.0,1.6,5.8,5.7,41989,690250.3,414997.4,21.83,91.84,6,1989.09,1
11397,Kutubdia,1989,10,32.8,24.3,496.0,89.0,1.3,5.8,4.5,41989,690250.3,414997.4,21.83,91.84,6,1989.1,1
11402,Kutubdia,1990,3,31.0,20.1,400.0,82.0,1.7,3.6,7.6,41989,690250.3,414997.4,21.83,91.84,6,1990.03,1
11405,Kutubdia,1990,6,33.0,25.9,996.0,89.0,3.4,6.4,4.2,41989,690250.3,414997.4,21.83,91.84,6,1990.06,1
11406,Kutubdia,1990,7,31.2,25.1,1368.0,92.0,3.3,7.2,2.7,41989,690250.3,414997.4,21.83,91.84,6,1990.07,1
11417,Kutubdia,1991,6,32.5,25.2,948.0,88.0,3.2,6.8,2.7,41989,690250.3,414997.4,21.83,91.84,6,1991.06,1
11418,Kutubdia,1991,7,33.5,25.8,664.0,89.0,4.1,6.7,4.1,41989,690250.3,414997.4,21.83,91.84,6,1991.07,1
11419,Kutubdia,1991,8,34.0,25.9,771.0,88.0,3.5,7.0,4.3,41989,690250.3,414997.4,21.83,91.84,6,1991.08,1
11429,Kutubdia,1992,6,35.0,26.1,1030.0,83.0,3.5,4.8,4.1,41989,690250.3,414997.4,21.83,91.84,6,1992.06,1
11430,Kutubdia,1992,7,33.5,25.5,719.0,89.0,3.5,6.7,3.3,41989,690250.3,414997.4,21.83,91.84,6,1992.07,1
11441,Kutubdia,1993,6,33.2,25.0,830.0,89.0,2.1,5.7,3.8,41989,690250.3,414997.4,21.83,91.84,6,1993.06,1
11442,Kutubdia,1993,7,33.5,25.3,478.0,88.0,2.4,5.3,4.7,41989,690250.3,414997.4,21.83,91.84,6,1993.07,1
11443,Kutubdia,1993,8,31.8,25.6,662.0,88.0,1.9,6.5,3.4,41989,690250.3,414997.4,21.83,91.84,6,1993.08,1
11453,Kutubdia,1994,6,34.5,25.5,618.0,85.0,3.0,6.4,3.8,41989,690250.3,414997.4,21.83,91.84,6,1994.06,1
11454,Kutubdia,1994,7,32.5,25.1,746.0,88.0,2.9,6.1,3.9,41989,690250.3,414997.4,21.83,91.84,6,1994.07,1
11464,Kutubdia,1995,5,36.2,26.9,400.0,79.0,2.3,3.6,7.0,41989,690250.3,414997.4,21.83,91.84,6,1995.05,1
11465,Kutubdia,1995,6,34.4,25.5,583.0,84.0,3.4,6.0,5.2,41989,690250.3,414997.4,21.83,91.84,6,1995.06,1
11466,Kutubdia,1995,7,33.0,25.7,789.0,90.0,3.2,6.7,3.5,41989,690250.3,414997.4,21.83,91.84,6,1995.07,1
11477,Kutubdia,1996,6,35.2,23.9,682.0,85.0,2.7,4.9,4.7,41989,690250.3,414997.4,21.83,91.84,6,1996.06,1
11478,Kutubdia,1996,7,33.0,24.3,731.0,87.0,1.8,5.3,3.6,41989,690250.3,414997.4,21.83,91.84,6,1996.07,1
11479,Kutubdia,1996,8,32.5,24.5,751.0,88.0,1.9,5.8,2.5,41989,690250.3,414997.4,21.83,91.84,6,1996.08,1
11480,Kutubdia,1996,9,37.3,25.0,662.0,85.0,1.1,4.5,5.5,41989,690250.3,414997.4,21.83,91.84,6,1996.09,1
11481,Kutubdia,1996,10,36.2,23.6,527.0,82.0,1.2,3.4,6.4,41989,690250.3,414997.4,21.83,91.84,6,1996.1,1
11489,Kutubdia,1997,6,33.2,23.0,421.0,85.0,2.7,5.6,3.8,41989,690250.3,414997.4,21.83,91.84,6,1997.06,1
11490,Kutubdia,1997,7,33.6,24.6,907.0,89.0,2.7,6.5,3.4,41989,690250.3,414997.4,21.83,91.84,6,1997.07,1
11491,Kutubdia,1997,8,35.4,25.4,467.0,87.0,2.1,5.6,4.7,41989,690250.3,414997.4,21.83,91.84,6,1997.08,1
11492,Kutubdia,1997,9,35.0,25.1,612.0,87.0,2.0,5.4,5.6,41989,690250.3,414997.4,21.83,91.84,6,1997.09,1
11502,Kutubdia,1998,7,34.5,25.9,1675.0,92.0,2.3,6.4,4.0,41989,690250.3,414997.4,21.83,91.84,6,1998.07,1
11503,Kutubdia,1998,8,35.4,25.9,1332.0,90.0,1.7,6.7,3.6,41989,690250.3,414997.4,21.83,91.84,6,1998.08,1
11512,Kutubdia,1999,5,35.3,25.7,410.0,87.0,2.7,4.7,5.3,41989,690250.3,414997.4,21.83,91.84,6,1999.05,1
11513,Kutubdia,1999,6,33.6,25.9,648.0,87.0,2.9,5.9,4.4,41989,690250.3,414997.4,21.83,91.84,6,1999.06,1
11514,Kutubdia,1999,7,32.4,25.7,602.0,87.0,2.6,6.3,3.8,41989,690250.3,414997.4,21.83,91.84,6,1999.07,1
11515,Kutubdia,1999,8,33.4,25.4,821.0,90.0,3.3,6.6,3.2,41989,690250.3,414997.4,21.83,91.84,6,1999.08,1
11524,Kutubdia,2000,5,33.6,24.5,446.0,86.0,1.8,4.8,5.2,41989,690250.3,414997.4,21.83,91.84,6,2000.05,1
11525,Kutubdia,2000,6,33.8,25.4,691.0,90.0,2.2,6.1,3.2,41989,690250.3,414997.4,21.83,91.84,6,2000.06,1
11526,Kutubdia,2000,7,33.6,25.3,792.0,89.0,2.2,6.0,4.0,41989,690250.3,414997.4,21.83,91.84,6,2000.07,1
11527,Kutubdia,2000,8,33.6,25.1,659.0,86.0,1.6,5.9,4.6,41989,690250.3,414997.4,21.83,91.84,6,2000.08,1
11537,Kutubdia,2001,6,32.8,24.9,773.0,90.0,2.0,6.2,2.6,41989,690250.3,414997.4,21.83,91.84,6,2001.06,1
11538,Kutubdia,2001,7,32.4,25.2,413.0,89.0,1.5,6.1,3.4,41989,690250.3,414997.4,21.83,91.84,6,2001.07,1
11548,Kutubdia,2002,5,33.8,25.2,473.0,83.0,1.9,5.2,6.7,41989,690250.3,414997.4,21.83,91.84,6,2002.05,1
11549,Kutubdia,2002,6,34.0,26.0,359.0,87.0,1.9,5.2,5.9,41989,690250.3,414997.4,21.83,91.84,6,2002.06,1
11550,Kutubdia,2002,7,32.3,26.0,686.0,91.0,1.5,7.2,2.9,41989,690250.3,414997.4,21.83,91.84,6,2002.07,1
11551,Kutubdia,2002,8,32.6,25.7,392.0,88.0,1.5,5.9,6.2,41989,690250.3,414997.4,21.83,91.84,6,2002.08,1
11561,Kutubdia,2003,6,34.0,25.0,925.0,90.0,2.0,6.7,2.9,41989,690250.3,414997.4,21.83,91.84,6,2003.06,1
11564,Kutubdia,2003,9,33.2,25.8,390.0,85.0,1.0,5.4,6.4,41989,690250.3,414997.4,21.83,91.84,6,2003.09,1
11573,Kutubdia,2004,6,34.5,26.0,539.0,83.0,1.4,5.9,4.4,41989,690250.3,414997.4,21.83,91.84,6,2004.06,1
11574,Kutubdia,2004,7,32.5,25.7,559.0,86.0,1.7,6.6,4.0,41989,690250.3,414997.4,21.83,91.84,6,2004.07,1
11575,Kutubdia,2004,8,33.3,25.8,461.0,86.0,1.9,6.0,5.1,41989,690250.3,414997.4,21.83,91.84,6,2004.08,1
11576,Kutubdia,2004,9,32.9,25.5,528.0,85.0,1.1,5.7,5.5,41989,690250.3,414997.4,21.83,91.84,6,2004.09,1
11585,Kutubdia,2005,6,35.0,27.1,433.0,83.0,2.6,5.4,5.0,41989,690250.3,414997.4,21.83,91.84,6,2005.06,1
11586,Kutubdia,2005,7,33.0,26.1,507.0,86.0,2.6,6.5,4.7,41989,690250.3,414997.4,21.83,91.84,6,2005.07,1
11587,Kutubdia,2005,8,33.2,25.9,853.0,89.0,2.2,7.2,2.7,41989,690250.3,414997.4,21.83,91.84,6,2005.08,1
11596,Kutubdia,2006,5,34.4,25.5,626.0,79.0,2.0,3.4,7.2,41989,690250.3,414997.4,21.83,91.84,6,2006.05,1
11597,Kutubdia,2006,6,34.2,26.4,488.0,85.0,2.0,5.4,4.4,41989,690250.3,414997.4,21.83,91.84,6,2006.06,1
11598,Kutubdia,2006,7,32.4,26.0,899.0,87.0,2.5,6.5,3.9,41989,690250.3,414997.4,21.83,91.84,6,2006.07,1
11599,Kutubdia,2006,8,32.3,25.2,344.0,84.0,2.4,7.2,5.2,41989,690250.3,414997.4,21.83,91.84,6,2006.08,1
11600,Kutubdia,2006,9,33.3,26.0,502.0,85.0,1.5,6.1,5.9,41989,690250.3,414997.4,21.83,91.84,6,2006.09,1
11609,Kutubdia,2007,6,34.7,26.5,483.0,83.0,2.1,5.8,5.8,41989,690250.3,414997.4,21.83,91.84,6,2007.06,1
11610,Kutubdia,2007,7,34.0,25.6,709.0,88.0,2.0,6.8,3.6,41989,690250.3,414997.4,21.83,91.84,6,2007.07,1
11611,Kutubdia,2007,8,33.5,25.8,416.0,86.0,1.7,6.2,5.5,41989,690250.3,414997.4,21.83,91.84,6,2007.08,1
11612,Kutubdia,2007,9,32.6,25.7,481.0,87.0,1.2,6.4,4.0,41989,690250.3,414997.4,21.83,91.84,6,2007.09,1
11621,Kutubdia,2008,6,34.0,26.2,441.0,84.0,2.0,6.3,4.9,41989,690250.3,414997.4,21.83,91.84,6,2008.06,1
11622,Kutubdia,2008,7,33.3,25.3,1256.0,88.0,2.1,6.6,3.8,41989,690250.3,414997.4,21.83,91.84,6,2008.07,1
11623,Kutubdia,2008,8,33.6,25.6,659.0,86.0,2.0,6.4,4.7,41989,690250.3,414997.4,21.83,91.84,6,2008.08,1
11633,Kutubdia,2009,6,34.0,26.3,410.0,81.0,2.0,5.7,5.3,41989,690250.3,414997.4,21.83,91.84,6,2009.06,1
11634,Kutubdia,2009,7,33.0,25.8,1067.0,87.0,2.7,6.6,3.9,41989,690250.3,414997.4,21.83,91.84,6,2009.07,1
11635,Kutubdia,2009,8,33.0,25.8,448.0,86.0,2.3,6.7,3.7,41989,690250.3,414997.4,21.83,91.84,6,2009.08,1
11644,Kutubdia,2010,5,35.3,26.4,464.0,76.0,2.3,5.3,7.3,41989,690250.3,414997.4,21.83,91.84,6,2010.05,1
11645,Kutubdia,2010,6,34.0,26.3,666.0,85.0,2.3,6.4,5.0,41989,690250.3,414997.4,21.83,91.84,6,2010.06,1
11646,Kutubdia,2010,7,33.5,26.2,517.0,83.0,2.6,6.4,5.8,41989,690250.3,414997.4,21.83,91.84,6,2010.07,1
11647,Kutubdia,2010,8,33.7,26.2,466.0,83.0,1.8,6.6,6.2,41989,690250.3,414997.4,21.83,91.84,6,2010.08,1
11649,Kutubdia,2010,10,34.8,25.5,403.0,82.0,1.7,5.0,7.0,41989,690250.3,414997.4,21.83,91.84,6,2010.1,1
11657,Kutubdia,2011,6,33.8,26.0,952.0,87.0,2.6,6.3,4.0,41989,690250.3,414997.4,21.83,91.84,6,2011.06,1
11658,Kutubdia,2011,7,32.8,26.0,803.0,87.0,2.2,5.8,5.8,41989,690250.3,414997.4,21.83,91.84,6,2011.07,1
11659,Kutubdia,2011,8,33.8,25.7,856.0,88.0,2.4,6.6,4.3,41989,690250.3,414997.4,21.83,91.84,6,2011.08,1
11660,Kutubdia,2011,9,33.4,25.5,597.0,88.0,2.3,5.9,5.1,41989,690250.3,414997.4,21.83,91.84,6,2011.09,1
11669,Kutubdia,2012,6,34.6,25.8,1178.0,90.0,2.8,6.4,3.7,41989,690250.3,414997.4,21.83,91.84,6,2012.06,1
11670,Kutubdia,2012,7,32.5,25.3,1688.0,93.0,2.7,7.4,2.7,41989,690250.3,414997.4,21.83,91.84,6,2012.07,1
11671,Kutubdia,2012,8,33.4,25.7,527.0,92.0,1.7,5.9,5.3,41989,690250.3,414997.4,21.83,91.84,6,2012.08,1
11673,Kutubdia,2012,10,34.4,24.4,554.0,83.0,1.6,2.9,7.9,41989,690250.3,414997.4,21.83,91.84,6,2012.1,1
11680,Kutubdia,2013,5,34.5,24.6,1088.0,88.0,2.4,6.2,4.1,41989,690250.3,414997.4,21.83,91.84,6,2013.05,1
11681,Kutubdia,2013,6,34.0,25.6,1058.0,90.0,1.8,6.2,5.8,41989,690250.3,414997.4,21.83,91.84,6,2013.06,1
11682,Kutubdia,2013,7,33.6,25.1,818.0,89.0,2.2,6.4,5.2,41989,690250.3,414997.4,21.83,91.84,6,2013.07,1
11683,Kutubdia,2013,8,33.0,25.3,642.0,89.0,2.0,6.4,3.7,41989,690250.3,414997.4,21.83,91.84,6,2013.08,1
11691,Madaripur,1977,4,34.2,22.3,443.0,82.0,2.9,4.8,7.161538462,41939,518762.7,561770.3,23.17,90.18,5,1977.04,1
11693,Madaripur,1977,6,34.0,24.8,528.0,88.0,1.6,5.9,3.838461538,41939,518762.7,561770.3,23.17,90.18,5,1977.06,1
11694,Madaripur,1977,7,34.0,25.6,436.0,89.0,2.0,6.2,3.661538462,41939,518762.7,561770.3,23.17,90.18,5,1977.07,1
11706,Madaripur,1978,7,33.6,23.9,387.0,88.0,1.1,6.2,3.661538462,41939,518762.7,561770.3,23.17,90.18,5,1978.07,1
11717,Madaripur,1979,6,34.1,25.7,377.0,84.0,1.2,5.7,3.838461538,41939,518762.7,561770.3,23.17,90.18,5,1979.06,1
11718,Madaripur,1979,7,32.3,25.8,350.0,86.0,1.2,6.1,3.661538462,41939,518762.7,561770.3,23.17,90.18,5,1979.07,1
11730,Madaripur,1980,7,34.0,26.0,381.0,87.0,0.8,5.6,3.661538462,41939,518762.7,561770.3,23.17,90.18,5,1980.07,1
11739,Madaripur,1981,4,35.0,21.9,340.0,72.0,0.8,4.9,7.161538462,41939,518762.7,561770.3,23.17,90.18,5,1981.04,1
11742,Madaripur,1981,7,33.5,25.1,434.0,86.0,0.6,6.2,3.661538462,41939,518762.7,561770.3,23.17,90.18,5,1981.07,1
11753,Madaripur,1982,6,36.5,25.3,457.0,85.0,0.7,6.6,3.838461538,41939,518762.7,561770.3,23.17,90.18,5,1982.06,1
11756,Madaripur,1982,9,35.0,25.2,495.0,83.0,0.7,4.8,4.357692308,41939,518762.7,561770.3,23.17,90.18,5,1982.09,1
11764,Madaripur,1983,5,37.2,22.6,387.0,77.0,0.4,2.5,5.953846154,41939,518762.7,561770.3,23.17,90.18,5,1983.05,1
11767,Madaripur,1983,8,33.5,24.7,378.0,86.0,0.4,5.0,3.942307692,41939,518762.7,561770.3,23.17,90.18,5,1983.08,1
11777,Madaripur,1984,6,35.6,26.0,581.0,84.0,0.8,5.9,3.838461538,41939,518762.7,561770.3,23.17,90.18,5,1984.06,1
11779,Madaripur,1984,8,35.0,25.6,623.0,85.0,0.8,5.8,3.942307692,41939,518762.7,561770.3,23.17,90.18,5,1984.08,1
11789,Madaripur,1985,6,36.4,25.6,799.0,82.0,1.0,5.4,3.838461538,41939,518762.7,561770.3,23.17,90.18,5,1985.06,1
11790,Madaripur,1985,7,34.5,25.3,376.0,83.0,1.2,6.0,3.661538462,41939,518762.7,561770.3,23.17,90.18,5,1985.07,1
11791,Madaripur,1985,8,35.0,26.0,498.0,82.0,0.9,5.5,3.942307692,41939,518762.7,561770.3,23.17,90.18,5,1985.08,1
11802,Madaripur,1986,7,35.0,25.4,531.0,84.0,0.5,6.5,3.661538462,41939,518762.7,561770.3,23.17,90.18,5,1986.07,1
11803,Madaripur,1986,8,35.5,26.3,442.0,81.0,0.3,5.9,3.942307692,41939,518762.7,561770.3,23.17,90.18,5,1986.08,1
11804,Madaripur,1986,9,35.2,25.1,635.0,84.0,0.5,6.0,4.357692308,41939,518762.7,561770.3,23.17,90.18,5,1986.09,1
11824,Madaripur,1988,5,36.2,24.4,412.0,78.0,1.6,4.8,5.1,41939,518762.7,561770.3,23.17,90.18,5,1988.05,1
11825,Madaripur,1988,6,36.4,25.8,550.0,83.0,1.3,5.5,3.8,41939,518762.7,561770.3,23.17,90.18,5,1988.06,1
11850,Madaripur,1990,7,34.0,25.9,425.0,85.0,1.3,6.7,3.2,41939,518762.7,561770.3,23.17,90.18,5,1990.07,1
11852,Madaripur,1990,9,35.0,25.7,393.0,81.0,1.5,6.1,4.2,41939,518762.7,561770.3,23.17,90.18,5,1990.09,1
11861,Madaripur,1991,6,34.8,25.3,541.0,85.0,1.8,6.8,2.4,41939,518762.7,561770.3,23.17,90.18,5,1991.06,1
11863,Madaripur,1991,8,35.0,25.9,458.0,84.0,2.2,6.5,3.7,41939,518762.7,561770.3,23.17,90.18,5,1991.08,1
11865,Madaripur,1991,10,35.1,24.0,346.0,81.0,0.8,4.4,4.5,41939,518762.7,561770.3,23.17,90.18,5,1991.1,1
11885,Madaripur,1993,6,34.8,25.2,370.0,82.0,1.8,6.4,3.8,41939,518762.7,561770.3,23.17,90.18,5,1993.06,1
11886,Madaripur,1993,7,34.7,25.8,405.0,85.0,1.9,6.8,2.8,41939,518762.7,561770.3,23.17,90.18,5,1993.07,1
11888,Madaripur,1993,9,35.0,25.5,349.0,83.0,1.3,6.3,4.4,41939,518762.7,561770.3,23.17,90.18,5,1993.09,1
11897,Madaripur,1994,6,35.1,26.0,399.0,84.0,1.9,6.6,2.6,41939,518762.7,561770.3,23.17,90.18,5,1994.06,1
11909,Madaripur,1995,6,35.5,26.5,601.0,84.0,1.0,5.9,2.4,41939,518762.7,561770.3,23.17,90.18,5,1995.06,1
11911,Madaripur,1995,8,34.5,26.4,508.0,84.0,1.3,6.0,4.0,41939,518762.7,561770.3,23.17,90.18,5,1995.08,1
11921,Madaripur,1996,6,35.6,25.5,604.0,86.0,0.9,5.4,4.1,41939,518762.7,561770.3,23.17,90.18,5,1996.06,1
11935,Madaripur,1997,8,36.3,26.4,371.0,87.0,1.1,5.7,4.0,41939,518762.7,561770.3,23.17,90.18,5,1997.08,1
11936,Madaripur,1997,9,34.5,25.6,438.0,88.0,0.7,5.4,4.2,41939,518762.7,561770.3,23.17,90.18,5,1997.09,1
11946,Madaripur,1998,7,34.4,26.5,607.0,89.0,1.0,6.6,2.2,41939,518762.7,561770.3,23.17,90.18,5,1998.07,1
11958,Madaripur,1999,7,34.8,25.9,592.0,88.0,0.9,6.4,2.9,41939,518762.7,561770.3,23.17,90.18,5,1999.07,1
11980,Madaripur,2001,5,35.6,24.0,552.0,85.0,0.7,4.4,6.2,41939,518762.7,561770.3,23.17,90.18,5,2001.05,1
11981,Madaripur,2001,6,34.6,25.7,625.0,90.0,1.0,6.0,3.0,41939,518762.7,561770.3,23.17,90.18,5,2001.06,1
11982,Madaripur,2001,7,33.3,26.3,422.0,90.0,1.0,6.3,3.9,41939,518762.7,561770.3,23.17,90.18,5,2001.07,1
11993,Madaripur,2002,6,35.0,25.7,528.0,87.0,1.0,5.1,3.5,41939,518762.7,561770.3,23.17,90.18,5,2002.06,1
11994,Madaripur,2002,7,36.0,26.0,553.0,89.0,0.8,6.3,3.1,41939,518762.7,561770.3,23.17,90.18,5,2002.07,1
12005,Madaripur,2003,6,37.0,26.0,434.0,86.0,0.9,5.8,3.1,41939,518762.7,561770.3,23.17,90.18,5,2003.06,1
12017,Madaripur,2004,6,36.0,25.7,467.0,86.0,0.5,5.3,3.2,41939,518762.7,561770.3,23.17,90.18,5,2004.06,1
12020,Madaripur,2004,9,35.0,26.2,873.0,88.0,0.8,5.8,3.6,41939,518762.7,561770.3,23.17,90.18,5,2004.09,1
12030,Madaripur,2005,7,34.0,26.2,556.0,88.0,0.2,6.0,4.3,41939,518762.7,561770.3,23.17,90.18,5,2005.07,1
12031,Madaripur,2005,8,35.0,26.8,433.0,88.0,0.1,5.8,3.6,41939,518762.7,561770.3,23.17,90.18,5,2005.08,1
12044,Madaripur,2006,9,35.3,26.1,453.0,87.0,0.5,5.1,5.5,41939,518762.7,561770.3,23.17,90.18,5,2006.09,1
12054,Madaripur,2007,7,34.7,26.3,501.0,89.0,0.5,6.2,2.8,41939,518762.7,561770.3,23.17,90.18,5,2007.07,1
12056,Madaripur,2007,9,34.6,26.0,291.0,86.0,0.4,5.8,3.9,41939,518762.7,561770.3,23.17,90.18,5,2007.09,1
12066,Madaripur,2008,7,33.5,26.2,532.0,90.0,0.8,6.6,3.0,41939,518762.7,561770.3,23.17,90.18,5,2008.07,1
12079,Madaripur,2009,8,35.3,26.2,424.0,88.0,0.7,6.5,4.6,41939,518762.7,561770.3,23.17,90.18,5,2009.08,1
12101,Madaripur,2011,6,36.2,26.0,408.0,87.0,1.3,5.6,4.0,41939,518762.7,561770.3,23.17,90.18,5,2011.06,1
12103,Madaripur,2011,8,35.3,26.1,380.0,87.0,1.2,6.2,3.5,41939,518762.7,561770.3,23.17,90.18,5,2011.08,1
12124,Madaripur,2013,5,37.3,24.1,751.0,86.0,0.9,6.0,3.6,41939,518762.7,561770.3,23.17,90.18,5,2013.05,1
12128,Madaripur,2013,9,35.5,25.9,365.0,87.0,0.1,4.9,4.4,41939,518762.7,561770.3,23.17,90.18,5,2013.09,1
12137,Maijdee Court,1951,6,32.0,25.4,586.0,86.14516129,1.998148148,5.8,3.872413793,41953,610851.8,524433.6,22.83,91.08,6,1951.06,1
12138,Maijdee Court,1951,7,30.6,25.4,712.0,87.64516129,2.0,6.3,3.575862069,41953,610851.8,524433.6,22.83,91.08,6,1951.07,1
12149,Maijdee Court,1952,6,34.8,25.7,798.0,86.0,1.998148148,6.2,3.872413793,41953,610851.8,524433.6,22.83,91.08,6,1952.06,1
12150,Maijdee Court,1952,7,32.3,25.5,740.0,88.0,2.0,6.6,3.575862069,41953,610851.8,524433.6,22.83,91.08,6,1952.07,1
12151,Maijdee Court,1952,8,32.2,25.7,448.0,87.0,1.77962963,6.3,4.64137931,41953,610851.8,524433.6,22.83,91.08,6,1952.08,1
12153,Maijdee Court,1952,10,32.9,24.2,399.0,87.0,0.814814815,3.6,6.631034483,41953,610851.8,524433.6,22.83,91.08,6,1952.1,1
12160,Maijdee Court,1953,5,33.3,24.6,480.0,82.0,1.703703704,5.0,6.513793103,41953,610851.8,524433.6,22.83,91.08,6,1953.05,1
12161,Maijdee Court,1953,6,33.3,25.0,692.0,84.0,1.998148148,6.3,3.872413793,41953,610851.8,524433.6,22.83,91.08,6,1953.06,1
12162,Maijdee Court,1953,7,34.0,25.1,845.0,89.0,2.0,6.7,3.575862069,41953,610851.8,524433.6,22.83,91.08,6,1953.07,1
12164,Maijdee Court,1953,9,33.3,25.1,609.0,87.0,1.266666667,6.5,4.951724138,41953,610851.8,524433.6,22.83,91.08,6,1953.09,1
12173,Maijdee Court,1954,6,31.5,25.2,1120.0,88.0,1.998148148,6.4,3.872413793,41953,610851.8,524433.6,22.83,91.08,6,1954.06,1
12175,Maijdee Court,1954,8,33.3,25.8,530.0,88.0,1.77962963,6.7,4.64137931,41953,610851.8,524433.6,22.83,91.08,6,1954.08,1
12176,Maijdee Court,1954,9,34.2,25.7,412.0,85.0,1.266666667,4.8,4.951724138,41953,610851.8,524433.6,22.83,91.08,6,1954.09,1
12185,Maijdee Court,1955,6,32.8,25.8,643.0,87.0,1.998148148,5.8,3.872413793,41953,610851.8,524433.6,22.83,91.08,6,1955.06,1
12186,Maijdee Court,1955,7,31.1,25.1,632.0,91.0,2.0,7.1,3.575862069,41953,610851.8,524433.6,22.83,91.08,6,1955.07,1
12187,Maijdee Court,1955,8,32.2,25.0,726.0,89.0,1.77962963,6.5,4.64137931,41953,610851.8,524433.6,22.83,91.08,6,1955.08,1
12196,Maijdee Court,1956,5,34.1,25.3,443.0,86.0,1.703703704,4.6,6.513793103,41953,610851.8,524433.6,22.83,91.08,6,1956.05,1
12197,Maijdee Court,1956,6,31.9,24.8,836.0,89.0,1.998148148,6.1,3.872413793,41953,610851.8,524433.6,22.83,91.08,6,1956.06,1
12198,Maijdee Court,1956,7,32.7,25.1,580.0,87.0,2.0,5.9,3.575862069,41953,610851.8,524433.6,22.83,91.08,6,1956.07,1
12199,Maijdee Court,1956,8,32.2,25.5,845.0,88.0,1.77962963,6.4,4.64137931,41953,610851.8,524433.6,22.83,91.08,6,1956.08,1
12209,Maijdee Court,1957,6,34.4,24.9,695.0,84.0,1.998148148,5.3,3.872413793,41953,610851.8,524433.6,22.83,91.08,6,1957.06,1
12210,Maijdee Court,1957,7,32.2,25.7,578.0,85.0,2.0,6.0,3.575862069,41953,610851.8,524433.6,22.83,91.08,6,1957.07,1
12211,Maijdee Court,1957,8,35.2,25.5,492.0,86.0,1.77962963,6.2,4.64137931,41953,610851.8,524433.6,22.83,91.08,6,1957.08,1
12221,Maijdee Court,1958,6,34.4,26.1,668.0,83.0,1.998148148,6.1,3.872413793,41953,610851.8,524433.6,22.83,91.08,6,1958.06,1
12222,Maijdee Court,1958,7,32.2,25.2,596.0,86.0,2.0,6.2,3.575862069,41953,610851.8,524433.6,22.83,91.08,6,1958.07,1
12223,Maijdee Court,1958,8,33.1,25.5,590.0,86.0,1.77962963,6.2,4.64137931,41953,610851.8,524433.6,22.83,91.08,6,1958.08,1
12232,Maijdee Court,1959,5,34.9,25.1,467.0,82.0,1.703703704,4.4,6.513793103,41953,610851.8,524433.6,22.83,91.08,6,1959.05,1
12233,Maijdee Court,1959,6,33.7,25.7,613.0,88.0,1.998148148,6.2,3.872413793,41953,610851.8,524433.6,22.83,91.08,6,1959.06,1
12234,Maijdee Court,1959,7,33.2,25.5,775.0,85.0,2.0,6.6,3.575862069,41953,610851.8,524433.6,22.83,91.08,6,1959.07,1
12235,Maijdee Court,1959,8,32.4,25.3,502.0,87.0,1.77962963,5.7,4.64137931,41953,610851.8,524433.6,22.83,91.08,6,1959.08,1
12236,Maijdee Court,1959,9,32.7,25.1,424.0,89.0,1.266666667,6.1,4.951724138,41953,610851.8,524433.6,22.83,91.08,6,1959.09,1
12244,Maijdee Court,1960,5,35.6,25.6,511.0,80.0,2.7,4.1,6.513793103,41953,610851.8,524433.6,22.83,91.08,6,1960.05,1
12245,Maijdee Court,1960,6,33.7,25.6,517.0,85.0,1.7,5.0,3.872413793,41953,610851.8,524433.6,22.83,91.08,6,1960.06,1
12246,Maijdee Court,1960,7,33.3,24.9,845.0,91.0,4.0,6.9,3.575862069,41953,610851.8,524433.6,22.83,91.08,6,1960.07,1
12247,Maijdee Court,1960,8,37.7,25.8,508.0,90.0,4.0,6.0,4.64137931,41953,610851.8,524433.6,22.83,91.08,6,1960.08,1
12248,Maijdee Court,1960,9,33.6,25.5,541.0,89.0,1.2,6.0,4.951724138,41953,610851.8,524433.6,22.83,91.08,6,1960.09,1
12257,Maijdee Court,1961,6,34.3,25.1,654.0,87.0,3.0,6.5,3.872413793,41953,610851.8,524433.6,22.83,91.08,6,1961.06,1
12258,Maijdee Court,1961,7,32.6,25.2,596.0,89.0,2.5,6.7,3.575862069,41953,610851.8,524433.6,22.83,91.08,6,1961.07,1
12259,Maijdee Court,1961,8,33.8,25.3,648.0,89.0,2.5,6.7,4.64137931,41953,610851.8,524433.6,22.83,91.08,6,1961.08,1
12260,Maijdee Court,1961,9,35.1,24.8,529.0,88.0,2.1,6.3,4.951724138,41953,610851.8,524433.6,22.83,91.08,6,1961.09,1
12269,Maijdee Court,1962,6,34.2,25.4,428.0,87.0,2.6,6.9,3.872413793,41953,610851.8,524433.6,22.83,91.08,6,1962.06,1
12270,Maijdee Court,1962,7,34.4,25.7,848.0,86.0,2.6,6.4,3.575862069,41953,610851.8,524433.6,22.83,91.08,6,1962.07,1
12271,Maijdee Court,1962,8,32.7,25.1,687.0,87.0,2.3,6.8,4.64137931,41953,610851.8,524433.6,22.83,91.08,6,1962.08,1
12273,Maijdee Court,1962,10,32.2,23.7,420.0,84.0,1.3,3.5,6.631034483,41953,610851.8,524433.6,22.83,91.08,6,1962.1,1
12281,Maijdee Court,1963,6,34.4,25.8,520.0,89.0,1.7,6.6,3.872413793,41953,610851.8,524433.6,22.83,91.08,6,1963.06,1
12282,Maijdee Court,1963,7,31.5,25.5,583.0,89.0,2.0,6.6,3.575862069,41953,610851.8,524433.6,22.83,91.08,6,1963.07,1
12283,Maijdee Court,1963,8,32.1,25.6,639.0,88.0,2.2,6.4,4.64137931,41953,610851.8,524433.6,22.83,91.08,6,1963.08,1
12285,Maijdee Court,1963,10,33.2,24.2,454.0,85.0,1.3,3.7,6.631034483,41953,610851.8,524433.6,22.83,91.08,6,1963.1,1
12293,Maijdee Court,1964,6,33.3,25.3,485.0,88.0,2.1,6.2,3.872413793,41953,610851.8,524433.6,22.83,91.08,6,1964.06,1
12294,Maijdee Court,1964,7,31.9,24.9,882.0,89.0,1.5,6.6,3.575862069,41953,610851.8,524433.6,22.83,91.08,6,1964.07,1
12295,Maijdee Court,1964,8,33.3,25.1,633.0,85.0,1.5,5.7,4.64137931,41953,610851.8,524433.6,22.83,91.08,6,1964.08,1
12297,Maijdee Court,1964,10,32.7,24.7,414.0,88.0,0.7,4.4,6.631034483,41953,610851.8,524433.6,22.83,91.08,6,1964.1,1
12305,Maijdee Court,1965,6,34.9,25.1,408.0,88.0,1.9,6.4,3.872413793,41953,610851.8,524433.6,22.83,91.08,6,1965.06,1
12306,Maijdee Court,1965,7,32.2,25.0,742.0,87.0,1.7,6.0,3.575862069,41953,610851.8,524433.6,22.83,91.08,6,1965.07,1
12307,Maijdee Court,1965,8,33.2,25.0,801.0,88.0,1.2,6.1,4.64137931,41953,610851.8,524433.6,22.83,91.08,6,1965.08,1
12317,Maijdee Court,1966,6,33.5,25.5,580.0,86.0,2.4,7.1,3.872413793,41953,610851.8,524433.6,22.83,91.08,6,1966.06,1
12318,Maijdee Court,1966,7,33.1,25.4,516.0,87.0,1.1,6.5,3.575862069,41953,610851.8,524433.6,22.83,91.08,6,1966.07,1
12319,Maijdee Court,1966,8,30.7,25.4,607.0,87.0,1.7,6.1,4.64137931,41953,610851.8,524433.6,22.83,91.08,6,1966.08,1
12320,Maijdee Court,1966,9,33.2,25.0,764.0,85.0,1.1,5.3,4.951724138,41953,610851.8,524433.6,22.83,91.08,6,1966.09,1
12330,Maijdee Court,1967,7,33.4,25.5,545.0,87.0,3.3,5.9,3.575862069,41953,610851.8,524433.6,22.83,91.08,6,1967.07,1
12331,Maijdee Court,1967,8,33.3,25.0,487.0,86.0,3.0,6.5,4.64137931,41953,610851.8,524433.6,22.83,91.08,6,1967.08,1
12332,Maijdee Court,1967,9,32.4,24.6,669.0,87.0,2.4,6.1,4.951724138,41953,610851.8,524433.6,22.83,91.08,6,1967.09,1
12341,Maijdee Court,1968,6,31.6,24.1,1145.0,89.0,1.7,7.2,3.872413793,41953,610851.8,524433.6,22.83,91.08,6,1968.06,1
12342,Maijdee Court,1968,7,32.5,25.4,584.0,88.0,1.6,6.8,3.575862069,41953,610851.8,524433.6,22.83,91.08,6,1968.07,1
12343,Maijdee Court,1968,8,32.2,25.3,737.0,87.0,1.0,6.6,4.64137931,41953,610851.8,524433.6,22.83,91.08,6,1968.08,1
12353,Maijdee Court,1969,6,32.2,25.4,800.0,87.0,1.5,6.6,3.872413793,41953,610851.8,524433.6,22.83,91.08,6,1969.06,1
12354,Maijdee Court,1969,7,31.7,25.4,542.0,88.0,1.4,5.9,3.575862069,41953,610851.8,524433.6,22.83,91.08,6,1969.07,1
12355,Maijdee Court,1969,8,32.2,24.8,974.0,89.0,1.3,6.8,4.64137931,41953,610851.8,524433.6,22.83,91.08,6,1969.08,1
12365,Maijdee Court,1970,6,32.6,24.7,574.0,87.0,1.3,5.9,3.872413793,41953,610851.8,524433.6,22.83,91.08,6,1970.06,1
12366,Maijdee Court,1970,7,34.9,24.7,692.0,88.0,1.1,6.9,3.575862069,41953,610851.8,524433.6,22.83,91.08,6,1970.07,1
12367,Maijdee Court,1970,8,33.8,25.0,696.0,87.0,1.0,6.1,4.64137931,41953,610851.8,524433.6,22.83,91.08,6,1970.08,1
12368,Maijdee Court,1970,9,32.4,25.3,554.0,88.0,1.1,6.1,4.951724138,41953,610851.8,524433.6,22.83,91.08,6,1970.09,1
12369,Maijdee Court,1970,10,33.3,24.1,569.0,86.0,0.8,3.7,6.631034483,41953,610851.8,524433.6,22.83,91.08,6,1970.1,1
12377,Maijdee Court,1971,6,32.1,25.0,644.0,86.0,1.3,6.8,3.872413793,41953,610851.8,524433.6,22.83,91.08,6,1971.06,1
12378,Maijdee Court,1971,7,32.2,24.7,888.0,87.0,1.1,7.1,3.575862069,41953,610851.8,524433.6,22.83,91.08,6,1971.07,1
12379,Maijdee Court,1971,8,32.2,24.3,870.0,87.0,1.5,6.9,4.64137931,41953,610851.8,524433.6,22.83,91.08,6,1971.08,1
12380,Maijdee Court,1971,9,33.8,25.5,425.0,85.0,1.0,5.3,4.951724138,41953,610851.8,524433.6,22.83,91.08,6,1971.09,1
12389,Maijdee Court,1972,6,35.5,24.0,490.0,82.0,1.7,5.3,3.872413793,41953,610851.8,524433.6,22.83,91.08,6,1972.06,1
12390,Maijdee Court,1972,7,34.4,24.1,538.0,86.0,1.7,5.8,3.575862069,41953,610851.8,524433.6,22.83,91.08,6,1972.07,1
12391,Maijdee Court,1972,8,32.2,23.5,722.0,87.0,1.1,6.7,4.64137931,41953,610851.8,524433.6,22.83,91.08,6,1972.08,1
12400,Maijdee Court,1973,5,33.8,23.6,495.0,85.0,1.4,4.4,6.513793103,41953,610851.8,524433.6,22.83,91.08,6,1973.05,1
12401,Maijdee Court,1973,6,32.7,26.3,428.0,89.0,1.7,4.5,3.872413793,41953,610851.8,524433.6,22.83,91.08,6,1973.06,1
12402,Maijdee Court,1973,7,33.3,25.0,610.0,88.0,1.9,5.1,3.575862069,41953,610851.8,524433.6,22.83,91.08,6,1973.07,1
12403,Maijdee Court,1973,8,31.6,24.6,608.0,89.0,1.6,5.5,4.64137931,41953,610851.8,524433.6,22.83,91.08,6,1973.08,1
12413,Maijdee Court,1974,6,33.0,24.5,833.0,87.0,1.6,5.4,3.872413793,41953,610851.8,524433.6,22.83,91.08,6,1974.06,1
12414,Maijdee Court,1974,7,31.7,24.4,799.0,91.0,1.6,6.8,3.575862069,41953,610851.8,524433.6,22.83,91.08,6,1974.07,1
12415,Maijdee Court,1974,8,32.8,25.3,404.0,87.0,2.1,5.7,4.64137931,41953,610851.8,524433.6,22.83,91.08,6,1974.08,1
12425,Maijdee Court,1975,6,35.6,25.5,426.0,86.0,1.2,4.5,3.872413793,41953,610851.8,524433.6,22.83,91.08,6,1975.06,1
12426,Maijdee Court,1975,7,30.6,25.0,995.0,89.0,1.5,5.9,3.575862069,41953,610851.8,524433.6,22.83,91.08,6,1975.07,1
12429,Maijdee Court,1975,10,33.3,25.0,599.0,84.0,0.5,2.7,6.631034483,41953,610851.8,524433.6,22.83,91.08,6,1975.1,1
12437,Maijdee Court,1976,6,32.0,25.4,426.0,86.0,1.8,5.8,3.872413793,41953,610851.8,524433.6,22.83,91.08,6,1976.06,1
12438,Maijdee Court,1976,7,30.6,25.4,995.0,87.0,1.8,6.3,3.575862069,41953,610851.8,524433.6,22.83,91.08,6,1976.07,1
12439,Maijdee Court,1976,8,30.7,25.4,388.0,87.0,1.7,6.1,4.64137931,41953,610851.8,524433.6,22.83,91.08,6,1976.08,1
12441,Maijdee Court,1976,10,31.4,24.3,599.0,83.0,0.6,3.1,6.631034483,41953,610851.8,524433.6,22.83,91.08,6,1976.1,1
12448,Maijdee Court,1977,5,32.8,24.9,408.0,80.0,1.5,4.2,6.513793103,41953,610851.8,524433.6,22.83,91.08,6,1977.05,1
12449,Maijdee Court,1977,6,32.0,25.4,592.0,86.0,1.8,5.8,3.872413793,41953,610851.8,524433.6,22.83,91.08,6,1977.06,1
12450,Maijdee Court,1977,7,30.6,25.4,712.0,87.0,1.8,6.3,3.575862069,41953,610851.8,524433.6,22.83,91.08,6,1977.07,1
12451,Maijdee Court,1977,8,30.7,25.4,607.0,87.0,1.7,6.1,4.64137931,41953,610851.8,524433.6,22.83,91.08,6,1977.08,1
12460,Maijdee Court,1978,5,35.0,23.8,408.0,80.0,2.4,6.0,6.513793103,41953,610851.8,524433.6,22.83,91.08,6,1978.05,1
12461,Maijdee Court,1978,6,31.8,23.9,592.0,86.0,2.0,6.1,3.872413793,41953,610851.8,524433.6,22.83,91.08,6,1978.06,1
12462,Maijdee Court,1978,7,30.6,25.4,712.0,87.0,1.8,6.3,3.575862069,41953,610851.8,524433.6,22.83,91.08,6,1978.07,1
12463,Maijdee Court,1978,8,30.7,25.4,607.0,87.0,1.7,6.1,4.64137931,41953,610851.8,524433.6,22.83,91.08,6,1978.08,1
12473,Maijdee Court,1979,6,36.0,26.1,540.0,84.0,1.7,6.2,3.872413793,41953,610851.8,524433.6,22.83,91.08,6,1979.06,1
12474,Maijdee Court,1979,7,36.0,25.9,639.0,83.0,2.8,6.9,3.575862069,41953,610851.8,524433.6,22.83,91.08,6,1979.07,1
12475,Maijdee Court,1979,8,35.8,25.9,525.0,83.0,2.6,6.5,4.64137931,41953,610851.8,524433.6,22.83,91.08,6,1979.08,1
12484,Maijdee Court,1980,5,35.0,24.1,554.0,81.0,2.1,4.8,6.513793103,41953,610851.8,524433.6,22.83,91.08,6,1980.05,1
12486,Maijdee Court,1980,7,31.9,25.2,784.0,88.0,2.1,6.2,3.575862069,41953,610851.8,524433.6,22.83,91.08,6,1980.07,1
12487,Maijdee Court,1980,8,33.3,25.0,376.0,87.0,0.9,5.6,4.64137931,41953,610851.8,524433.6,22.83,91.08,6,1980.08,1
12496,Maijdee Court,1981,5,35.0,24.6,488.0,82.0,1.2,4.5,6.513793103,41953,610851.8,524433.6,22.83,91.08,6,1981.05,1
12497,Maijdee Court,1981,6,32.0,25.4,529.0,86.0,1.8,1.0,3.872413793,41953,610851.8,524433.6,22.83,91.08,6,1981.06,1
12498,Maijdee Court,1981,7,31.1,25.6,1043.0,89.0,1.5,6.4,3.575862069,41953,610851.8,524433.6,22.83,91.08,6,1981.07,1
12499,Maijdee Court,1981,8,32.2,25.5,717.0,85.0,1.5,5.4,4.64137931,41953,610851.8,524433.6,22.83,91.08,6,1981.08,1
12509,Maijdee Court,1982,6,35.0,24.4,797.0,86.0,1.2,6.2,3.872413793,41953,610851.8,524433.6,22.83,91.08,6,1982.06,1
12510,Maijdee Court,1982,7,33.3,25.2,852.0,85.0,1.5,6.5,3.575862069,41953,610851.8,524433.6,22.83,91.08,6,1982.07,1
12511,Maijdee Court,1982,8,32.2,24.2,1033.0,87.0,2.8,6.2,4.64137931,41953,610851.8,524433.6,22.83,91.08,6,1982.08,1
12512,Maijdee Court,1982,9,32.0,25.4,435.0,82.0,1.6,5.0,4.951724138,41953,610851.8,524433.6,22.83,91.08,6,1982.09,1
12520,Maijdee Court,1983,5,35.6,24.2,444.0,80.0,0.8,4.2,6.513793103,41953,610851.8,524433.6,22.83,91.08,6,1983.05,1
12521,Maijdee Court,1983,6,35.0,26.1,407.0,82.0,1.8,5.2,3.872413793,41953,610851.8,524433.6,22.83,91.08,6,1983.06,1
12522,Maijdee Court,1983,7,34.5,25.7,1512.0,84.0,1.4,6.0,3.575862069,41953,610851.8,524433.6,22.83,91.08,6,1983.07,1
12523,Maijdee Court,1983,8,33.7,25.6,1302.0,83.0,1.9,5.5,4.64137931,41953,610851.8,524433.6,22.83,91.08,6,1983.08,1
12532,Maijdee Court,1984,5,34.0,24.0,657.0,81.0,2.2,5.1,6.513793103,41953,610851.8,524433.6,22.83,91.08,6,1984.05,1
12533,Maijdee Court,1984,6,35.0,25.1,957.0,87.0,2.1,6.2,3.872413793,41953,610851.8,524433.6,22.83,91.08,6,1984.06,1
12534,Maijdee Court,1984,7,33.8,24.9,1390.0,87.0,1.9,5.9,3.575862069,41953,610851.8,524433.6,22.83,91.08,6,1984.07,1
12535,Maijdee Court,1984,8,35.5,24.9,1223.0,89.0,1.7,5.9,4.64137931,41953,610851.8,524433.6,22.83,91.08,6,1984.08,1
12536,Maijdee Court,1984,9,34.0,24.5,440.0,85.0,0.7,4.5,4.951724138,41953,610851.8,524433.6,22.83,91.08,6,1984.09,1
12545,Maijdee Court,1985,6,33.8,25.4,525.0,87.0,1.5,6.0,3.8,41953,610851.8,524433.6,22.83,91.08,6,1985.06,1
12546,Maijdee Court,1985,7,33.5,24.3,548.0,89.0,1.9,6.1,3.4,41953,610851.8,524433.6,22.83,91.08,6,1985.07,1
12547,Maijdee Court,1985,8,33.4,25.3,780.0,86.0,2.0,5.7,4.6,41953,610851.8,524433.6,22.83,91.08,6,1985.08,1
12557,Maijdee Court,1986,6,35.5,25.6,615.0,86.0,1.8,5.5,4.9,41953,610851.8,524433.6,22.83,91.08,6,1986.06,1
12558,Maijdee Court,1986,7,33.5,25.3,635.0,89.0,1.9,6.0,3.4,41953,610851.8,524433.6,22.83,91.08,6,1986.07,1
12560,Maijdee Court,1986,9,34.4,25.1,508.0,87.0,1.2,5.6,5.0,41953,610851.8,524433.6,22.83,91.08,6,1986.09,1
12570,Maijdee Court,1987,7,32.5,25.4,1297.0,91.0,2.0,7.0,2.3,41953,610851.8,524433.6,22.83,91.08,6,1987.07,1
12571,Maijdee Court,1987,8,33.5,25.4,816.0,88.0,1.6,6.2,3.9,41953,610851.8,524433.6,22.83,91.08,6,1987.08,1
12572,Maijdee Court,1987,9,33.5,25.4,585.0,89.0,1.7,5.8,4.5,41953,610851.8,524433.6,22.83,91.08,6,1987.09,1
12580,Maijdee Court,1988,5,34.5,24.8,402.0,83.0,1.9,4.8,6.4,41953,610851.8,524433.6,22.83,91.08,6,1988.05,1
12581,Maijdee Court,1988,6,35.0,25.7,564.0,87.0,1.8,5.6,3.8,41953,610851.8,524433.6,22.83,91.08,6,1988.06,1
12582,Maijdee Court,1988,7,34.2,25.5,519.0,87.0,1.6,6.0,3.4,41953,610851.8,524433.6,22.83,91.08,6,1988.07,1
12583,Maijdee Court,1988,8,32.4,25.7,622.0,89.0,1.4,6.6,4.6,41953,610851.8,524433.6,22.83,91.08,6,1988.08,1
12584,Maijdee Court,1988,9,35.5,25.4,475.0,84.0,0.7,5.2,5.8,41953,610851.8,524433.6,22.83,91.08,6,1988.09,1
12594,Maijdee Court,1989,7,34.0,25.8,703.0,86.0,1.2,5.9,4.4,41953,610851.8,524433.6,22.83,91.08,6,1989.07,1
12596,Maijdee Court,1989,9,33.0,25.9,547.0,87.0,0.8,5.5,4.2,41953,610851.8,524433.6,22.83,91.08,6,1989.09,1
12597,Maijdee Court,1989,10,33.2,24.6,433.0,88.0,0.5,4.8,4.5,41953,610851.8,524433.6,22.83,91.08,6,1989.1,1
12604,Maijdee Court,1990,5,35.0,25.6,429.0,81.0,0.6,4.5,6.4,41953,610851.8,524433.6,22.83,91.08,6,1990.05,1
12605,Maijdee Court,1990,6,34.0,25.9,631.0,86.0,1.8,5.9,3.0,41953,610851.8,524433.6,22.83,91.08,6,1990.06,1
12606,Maijdee Court,1990,7,31.5,25.7,752.0,89.0,1.2,6.4,2.5,41953,610851.8,524433.6,22.83,91.08,6,1990.07,1
12607,Maijdee Court,1990,8,34.0,26.1,521.0,85.0,0.9,5.1,6.2,41953,610851.8,524433.6,22.83,91.08,6,1990.08,1
12617,Maijdee Court,1991,6,32.5,25.5,805.0,88.0,1.3,6.0,1.7,41953,610851.8,524433.6,22.83,91.08,6,1991.06,1
12618,Maijdee Court,1991,7,33.6,26.2,626.0,87.0,1.4,5.9,2.8,41953,610851.8,524433.6,22.83,91.08,6,1991.07,1
12619,Maijdee Court,1991,8,35.6,26.1,508.0,87.0,1.5,5.9,4.7,41953,610851.8,524433.6,22.83,91.08,6,1991.08,1
12620,Maijdee Court,1991,9,33.0,26.0,441.0,88.0,0.6,5.0,3.4,41953,610851.8,524433.6,22.83,91.08,6,1991.09,1
12621,Maijdee Court,1991,10,34.1,25.0,428.0,85.0,0.6,3.6,5.3,41953,610851.8,524433.6,22.83,91.08,6,1991.1,1
12630,Maijdee Court,1992,7,33.4,25.8,515.0,87.0,1.5,5.9,2.2,41953,610851.8,524433.6,22.83,91.08,6,1992.07,1
12631,Maijdee Court,1992,8,34.0,25.8,457.0,85.0,1.0,5.5,4.7,41953,610851.8,524433.6,22.83,91.08,6,1992.08,1
12640,Maijdee Court,1993,5,34.0,24.3,481.0,83.0,1.5,5.1,5.2,41953,610851.8,524433.6,22.83,91.08,6,1993.05,1
12641,Maijdee Court,1993,6,33.0,25.9,557.0,87.0,2.2,6.1,2.7,41953,610851.8,524433.6,22.83,91.08,6,1993.06,1
12642,Maijdee Court,1993,7,32.4,25.7,502.0,87.0,2.1,6.5,3.1,41953,610851.8,524433.6,22.83,91.08,6,1993.07,1
12643,Maijdee Court,1993,8,32.1,26.0,732.0,88.0,1.7,6.2,3.7,41953,610851.8,524433.6,22.83,91.08,6,1993.08,1
12651,Maijdee Court,1994,4,36.4,23.7,430.0,74.0,1.4,3.1,7.5,41953,610851.8,524433.6,22.83,91.08,6,1994.04,1
12653,Maijdee Court,1994,6,34.0,26.3,980.0,86.0,3.0,6.1,3.3,41953,610851.8,524433.6,22.83,91.08,6,1994.06,1
12654,Maijdee Court,1994,7,32.5,26.1,397.0,85.0,2.7,6.3,4.7,41953,610851.8,524433.6,22.83,91.08,6,1994.07,1
12655,Maijdee Court,1994,8,32.8,26.0,636.0,87.0,2.0,6.2,4.6,41953,610851.8,524433.6,22.83,91.08,6,1994.08,1
12665,Maijdee Court,1995,6,35.2,26.2,467.0,86.0,2.1,5.9,3.4,41953,610851.8,524433.6,22.83,91.08,6,1995.06,1
12666,Maijdee Court,1995,7,32.0,26.0,737.0,87.0,2.0,6.5,3.6,41953,610851.8,524433.6,22.83,91.08,6,1995.07,1
12667,Maijdee Court,1995,8,33.9,26.1,653.0,86.0,1.5,6.2,4.7,41953,610851.8,524433.6,22.83,91.08,6,1995.08,1
12668,Maijdee Court,1995,9,34.1,26.3,495.0,86.0,1.3,5.9,4.3,41953,610851.8,524433.6,22.83,91.08,6,1995.09,1
12677,Maijdee Court,1996,6,35.0,25.6,590.0,86.0,1.9,5.5,5.6,41953,610851.8,524433.6,22.83,91.08,6,1996.06,1
12678,Maijdee Court,1996,7,33.5,26.0,590.0,89.0,1.7,6.1,3.4,41953,610851.8,524433.6,22.83,91.08,6,1996.07,1
12679,Maijdee Court,1996,8,33.1,25.7,566.0,91.0,1.3,6.3,3.0,41953,610851.8,524433.6,22.83,91.08,6,1996.08,1
12681,Maijdee Court,1996,10,34.5,24.3,369.0,83.0,0.8,2.5,8.1,41953,610851.8,524433.6,22.83,91.08,6,1996.1,1
12690,Maijdee Court,1997,7,33.6,25.9,1022.0,89.0,1.6,6.8,3.6,41953,610851.8,524433.6,22.83,91.08,6,1997.07,1
12691,Maijdee Court,1997,8,36.0,26.3,433.0,86.0,1.5,6.0,5.2,41953,610851.8,524433.6,22.83,91.08,6,1997.08,1
12692,Maijdee Court,1997,9,34.4,25.8,375.0,86.0,1.0,5.8,5.2,41953,610851.8,524433.6,22.83,91.08,6,1997.09,1
12702,Maijdee Court,1998,7,33.0,25.9,892.0,90.0,2.0,6.8,2.5,41953,610851.8,524433.6,22.83,91.08,6,1998.07,1
12703,Maijdee Court,1998,8,34.4,26.0,897.0,90.0,1.3,6.6,2.8,41953,610851.8,524433.6,22.83,91.08,6,1998.08,1
12704,Maijdee Court,1998,9,35.0,26.2,313.0,86.0,0.9,5.4,5.1,41953,610851.8,524433.6,22.83,91.08,6,1998.09,1
12712,Maijdee Court,1999,5,36.4,25.0,427.0,84.0,1.7,4.8,5.7,41953,610851.8,524433.6,22.83,91.08,6,1999.05,1
12713,Maijdee Court,1999,6,35.0,25.6,645.0,87.0,1.8,6.0,3.5,41953,610851.8,524433.6,22.83,91.08,6,1999.06,1
12714,Maijdee Court,1999,7,34.8,25.6,690.0,88.0,1.7,6.6,3.4,41953,610851.8,524433.6,22.83,91.08,6,1999.07,1
12715,Maijdee Court,1999,8,34.0,25.7,648.0,89.0,1.9,6.8,2.9,41953,610851.8,524433.6,22.83,91.08,6,1999.08,1
12716,Maijdee Court,1999,9,33.5,25.6,631.0,88.0,1.3,6.2,4.6,41953,610851.8,524433.6,22.83,91.08,6,1999.09,1
12724,Maijdee Court,2000,5,35.8,24.4,542.0,84.0,1.4,5.1,4.9,41953,610851.8,524433.6,22.83,91.08,6,2000.05,1
12725,Maijdee Court,2000,6,34.6,25.7,568.0,86.0,1.9,6.2,4.1,41953,610851.8,524433.6,22.83,91.08,6,2000.06,1
12726,Maijdee Court,2000,7,35.5,25.9,629.0,87.0,2.0,5.9,4.9,41953,610851.8,524433.6,22.83,91.08,6,2000.07,1
12736,Maijdee Court,2001,5,35.6,24.6,523.0,83.0,1.0,4.1,6.7,41953,610851.8,524433.6,22.83,91.08,6,2001.05,1
12737,Maijdee Court,2001,6,33.6,25.4,881.0,89.0,2.3,6.6,3.4,41953,610851.8,524433.6,22.83,91.08,6,2001.06,1
12738,Maijdee Court,2001,7,33.4,26.0,548.0,87.0,1.9,6.3,5.0,41953,610851.8,524433.6,22.83,91.08,6,2001.07,1
12739,Maijdee Court,2001,8,34.6,26.2,465.0,85.0,1.1,5.9,6.6,41953,610851.8,524433.6,22.83,91.08,6,2001.08,1
12740,Maijdee Court,2001,9,35.0,25.8,424.0,86.0,0.4,5.2,5.8,41953,610851.8,524433.6,22.83,91.08,6,2001.09,1
12748,Maijdee Court,2002,5,35.0,24.2,594.0,84.0,1.5,4.7,5.7,41953,610851.8,524433.6,22.83,91.08,6,2002.05,1
12749,Maijdee Court,2002,6,35.4,25.2,685.0,88.0,1.4,5.8,3.6,41953,610851.8,524433.6,22.83,91.08,6,2002.06,1
12750,Maijdee Court,2002,7,33.4,25.7,726.0,90.0,1.3,7.0,1.8,41953,610851.8,524433.6,22.83,91.08,6,2002.07,1
12751,Maijdee Court,2002,8,35.0,25.8,476.0,87.0,1.3,5.9,4.7,41953,610851.8,524433.6,22.83,91.08,6,2002.08,1
12761,Maijdee Court,2003,6,36.6,25.4,927.0,89.0,1.9,6.1,2.9,41953,610851.8,524433.6,22.83,91.08,6,2003.06,1
12762,Maijdee Court,2003,7,34.5,26.4,468.0,86.0,1.9,5.4,5.1,41953,610851.8,524433.6,22.83,91.08,6,2003.07,1
12763,Maijdee Court,2003,8,34.8,26.4,455.0,86.0,1.5,5.3,6.6,41953,610851.8,524433.6,22.83,91.08,6,2003.08,1
12765,Maijdee Court,2003,10,34.6,25.7,499.0,84.0,0.5,3.6,6.4,41953,610851.8,524433.6,22.83,91.08,6,2003.1,1
12773,Maijdee Court,2004,6,35.7,25.2,643.0,87.0,0.9,6.1,3.8,41953,610851.8,524433.6,22.83,91.08,6,2004.06,1
12774,Maijdee Court,2004,7,33.7,25.8,552.0,88.0,1.5,5.4,3.9,41953,610851.8,524433.6,22.83,91.08,6,2004.07,1
12775,Maijdee Court,2004,8,34.1,25.9,511.0,87.0,1.7,5.3,5.8,41953,610851.8,524433.6,22.83,91.08,6,2004.08,1
12776,Maijdee Court,2004,9,34.4,25.2,1008.0,89.0,1.0,5.2,3.7,41953,610851.8,524433.6,22.83,91.08,6,2004.09,1
12785,Maijdee Court,2005,6,37.6,26.9,463.0,85.0,1.5,6.0,4.8,41953,610851.8,524433.6,22.83,91.08,6,2005.06,1
12786,Maijdee Court,2005,7,33.8,26.1,724.0,88.0,2.0,6.4,4.4,41953,610851.8,524433.6,22.83,91.08,6,2005.07,1
12787,Maijdee Court,2005,8,35.0,25.8,626.0,91.0,1.3,5.9,3.0,41953,610851.8,524433.6,22.83,91.08,6,2005.08,1
12796,Maijdee Court,2006,5,37.0,25.0,507.0,82.0,1.2,4.3,6.6,41953,610851.8,524433.6,22.83,91.08,6,2006.05,1
12797,Maijdee Court,2006,6,36.5,26.5,435.0,86.0,1.4,6.0,3.9,41953,610851.8,524433.6,22.83,91.08,6,2006.06,1
12798,Maijdee Court,2006,7,34.5,26.2,479.0,88.0,1.7,6.4,3.7,41953,610851.8,524433.6,22.83,91.08,6,2006.07,1
12800,Maijdee Court,2006,9,35.5,25.6,633.0,87.0,1.2,4.8,5.2,41953,610851.8,524433.6,22.83,91.08,6,2006.09,1
12808,Maijdee Court,2007,5,38.0,25.4,376.0,81.0,1.4,3.6,6.6,41953,610851.8,524433.6,22.83,91.08,6,2007.05,1
12809,Maijdee Court,2007,6,37.0,25.1,483.0,86.0,1.9,5.6,4.1,41953,610851.8,524433.6,22.83,91.08,6,2007.06,1
12810,Maijdee Court,2007,7,35.0,25.3,762.0,90.0,1.5,6.9,2.9,41953,610851.8,524433.6,22.83,91.08,6,2007.07,1
12812,Maijdee Court,2007,9,35.0,25.5,759.0,87.0,0.8,6.3,3.5,41953,610851.8,524433.6,22.83,91.08,6,2007.09,1
12813,Maijdee Court,2007,10,35.5,23.5,451.0,84.0,0.7,3.7,5.7,41953,610851.8,524433.6,22.83,91.08,6,2007.1,1
12821,Maijdee Court,2008,6,35.0,25.4,516.0,88.0,1.5,6.1,3.9,41953,610851.8,524433.6,22.83,91.08,6,2008.06,1
12822,Maijdee Court,2008,7,34.2,25.3,980.0,90.0,1.1,6.8,3.4,41953,610851.8,524433.6,22.83,91.08,6,2008.07,1
12823,Maijdee Court,2008,8,34.4,25.4,504.0,87.0,1.2,5.9,4.2,41953,610851.8,524433.6,22.83,91.08,6,2008.08,1
12825,Maijdee Court,2008,10,34.4,24.2,426.0,85.0,0.4,3.1,6.5,41953,610851.8,524433.6,22.83,91.08,6,2008.1,1
12834,Maijdee Court,2009,7,35.2,26.2,864.0,88.0,4.8,6.6,4.7,41953,610851.8,524433.6,22.83,91.08,6,2009.07,1
12835,Maijdee Court,2009,8,35.0,26.3,471.0,87.0,2.6,6.5,4.2,41953,610851.8,524433.6,22.83,91.08,6,2009.08,1
12845,Maijdee Court,2010,6,35.5,26.2,933.0,89.0,4.5,7.0,2.5,41953,610851.8,524433.6,22.83,91.08,6,2010.06,1
12846,Maijdee Court,2010,7,35.2,26.7,409.0,87.0,3.6,6.6,4.1,41953,610851.8,524433.6,22.83,91.08,6,2010.07,1
12847,Maijdee Court,2010,8,35.0,26.4,500.0,86.0,2.8,6.7,5.7,41953,610851.8,524433.6,22.83,91.08,6,2010.08,1
12849,Maijdee Court,2010,10,36.4,25.8,521.0,84.0,2.5,3.9,6.8,41953,610851.8,524433.6,22.83,91.08,6,2010.1,1
12857,Maijdee Court,2011,6,36.0,26.1,794.0,88.0,4.3,6.8,3.3,41953,610851.8,524433.6,22.83,91.08,6,2011.06,1
12858,Maijdee Court,2011,7,35.0,26.5,791.0,88.0,3.5,6.5,4.1,41953,610851.8,524433.6,22.83,91.08,6,2011.07,1
12859,Maijdee Court,2011,8,35.4,26.1,691.0,89.0,3.6,6.6,3.8,41953,610851.8,524433.6,22.83,91.08,6,2011.08,1
12860,Maijdee Court,2011,9,36.0,26.1,392.0,87.0,3.5,6.1,4.4,41953,610851.8,524433.6,22.83,91.08,6,2011.09,1
12869,Maijdee Court,2012,6,36.0,26.7,483.0,86.0,2.9,6.2,3.7,41953,610851.8,524433.6,22.83,91.08,6,2012.06,1
12870,Maijdee Court,2012,7,34.8,26.4,431.0,88.0,2.2,7.0,2.7,41953,610851.8,524433.6,22.83,91.08,6,2012.07,1
12871,Maijdee Court,2012,8,34.5,26.3,442.0,86.0,2.0,6.5,4.2,41953,610851.8,524433.6,22.83,91.08,6,2012.08,1
12880,Maijdee Court,2013,5,35.0,24.7,671.0,86.0,5.6,7.0,2.7,41953,610851.8,524433.6,22.83,91.08,6,2013.05,1
12881,Maijdee Court,2013,6,36.6,26.9,658.0,82.0,3.9,6.1,5.6,41953,610851.8,524433.6,22.83,91.08,6,2013.06,1
12882,Maijdee Court,2013,7,35.0,26.5,482.0,86.0,5.3,6.7,4.3,41953,610851.8,524433.6,22.83,91.08,6,2013.07,1
12883,Maijdee Court,2013,8,34.0,26.2,583.0,87.0,4.4,7.0,3.3,41953,610851.8,524433.6,22.83,91.08,6,2013.08,1
12893,Mongla,1989,6,35.2,26.5,341.7391304,84.0,2.5,5.591304348,4.223076923,41958,452007.3,499110.5,22.43,89.66,4,1989.06,1
12894,Mongla,1989,7,35.0,26.3,381.2173913,86.0,2.3,5.934782609,3.992307692,41958,452007.3,499110.5,22.43,89.66,4,1989.07,1
12895,Mongla,1989,8,33.5,26.3,334.5652174,87.0,2.2,5.695652174,4.369230769,41958,452007.3,499110.5,22.43,89.66,4,1989.08,1
12905,Mongla,1990,6,35.3,26.8,341.7391304,87.0,1.8,5.591304348,4.223076923,41958,452007.3,499110.5,22.43,89.66,4,1990.06,1
12906,Mongla,1990,7,34.0,25.7,381.2173913,90.0,1.1,5.934782609,3.992307692,41958,452007.3,499110.5,22.43,89.66,4,1990.07,1
12907,Mongla,1990,8,34.2,26.2,334.5652174,88.0,1.4,5.695652174,4.369230769,41958,452007.3,499110.5,22.43,89.66,4,1990.08,1
12908,Mongla,1990,9,33.6,26.1,334.1304348,93.0,1.2,5.213043478,4.746153846,41958,452007.3,499110.5,22.43,89.66,4,1990.09,1
12917,Mongla,1991,6,35.5,26.1,419.0,89.0,1.6,6.4,4.223076923,41958,452007.3,499110.5,22.43,89.66,4,1991.06,1
12918,Mongla,1991,7,34.0,26.4,395.0,88.0,1.7,6.2,3.992307692,41958,452007.3,499110.5,22.43,89.66,4,1991.07,1
12920,Mongla,1991,9,35.0,25.7,323.0,91.0,0.8,5.8,4.746153846,41958,452007.3,499110.5,22.43,89.66,4,1991.09,1
12930,Mongla,1992,7,35.1,25.9,350.0,90.0,1.8,6.3,3.992307692,41958,452007.3,499110.5,22.43,89.66,4,1992.07,1
12941,Mongla,1993,6,35.0,26.1,424.0,88.0,3.0,6.0,4.223076923,41958,452007.3,499110.5,22.43,89.66,4,1993.06,1
12943,Mongla,1993,8,34.1,26.4,379.0,90.0,2.3,6.1,4.369230769,41958,452007.3,499110.5,22.43,89.66,4,1993.08,1
12953,Mongla,1994,6,36.3,26.7,344.0,88.0,2.2,5.8,4.223076923,41958,452007.3,499110.5,22.43,89.66,4,1994.06,1
12955,Mongla,1994,8,33.3,26.2,380.0,89.0,2.5,5.9,4.369230769,41958,452007.3,499110.5,22.43,89.66,4,1994.08,1
12965,Mongla,1995,6,35.3,27.1,304.0,89.0,2.2,5.6,4.223076923,41958,452007.3,499110.5,22.43,89.66,4,1995.06,1
12968,Mongla,1995,9,34.2,26.1,302.0,89.0,1.8,5.6,4.746153846,41958,452007.3,499110.5,22.43,89.66,4,1995.09,1
12977,Mongla,1996,6,35.0,25.8,453.0,86.0,2.1,5.2,4.223076923,41958,452007.3,499110.5,22.43,89.66,4,1996.06,1
12978,Mongla,1996,7,34.5,26.4,386.0,88.0,2.1,5.6,3.992307692,41958,452007.3,499110.5,22.43,89.66,4,1996.07,1
12979,Mongla,1996,8,33.2,25.9,357.0,90.0,2.0,5.8,4.369230769,41958,452007.3,499110.5,22.43,89.66,4,1996.08,1
12990,Mongla,1997,7,35.2,26.0,478.0,90.0,1.9,5.8,3.992307692,41958,452007.3,499110.5,22.43,89.66,4,1997.07,1
12991,Mongla,1997,8,36.0,26.4,355.0,88.0,2.3,5.3,4.369230769,41958,452007.3,499110.5,22.43,89.66,4,1997.08,1
12992,Mongla,1997,9,33.0,25.5,591.0,90.0,1.6,5.4,4.746153846,41958,452007.3,499110.5,22.43,89.66,4,1997.09,1
13003,Mongla,1998,8,34.6,26.5,443.0,89.0,1.9,5.9,4.369230769,41958,452007.3,499110.5,22.43,89.66,4,1998.08,1
13004,Mongla,1998,9,35.5,26.1,553.0,89.0,1.5,4.9,4.746153846,41958,452007.3,499110.5,22.43,89.66,4,1998.09,1
13014,Mongla,1999,7,35.4,26.0,435.0,89.0,1.8,6.0,3.992307692,41958,452007.3,499110.5,22.43,89.66,4,1999.07,1
13015,Mongla,1999,8,34.0,26.1,442.0,89.0,1.8,5.9,4.369230769,41958,452007.3,499110.5,22.43,89.66,4,1999.08,1
13016,Mongla,1999,9,33.5,25.8,479.0,90.0,1.7,5.6,4.746153846,41958,452007.3,499110.5,22.43,89.66,4,1999.09,1
13017,Mongla,1999,10,33.5,24.9,321.0,88.0,1.2,4.7,6.723076923,41958,452007.3,499110.5,22.43,89.66,4,1999.1,1
13026,Mongla,2000,7,35.5,26.1,356.0,88.0,1.8,5.6,3.992307692,41958,452007.3,499110.5,22.43,89.66,4,2000.07,1
13028,Mongla,2000,9,34.5,25.7,327.0,88.0,1.3,4.7,4.746153846,41958,452007.3,499110.5,22.43,89.66,4,2000.09,1
13037,Mongla,2001,6,35.2,26.0,539.0,92.0,2.1,5.7,2.5,41958,452007.3,499110.5,22.43,89.66,4,2001.06,1
13038,Mongla,2001,7,33.6,26.3,445.0,89.0,2.1,5.8,3.7,41958,452007.3,499110.5,22.43,89.66,4,2001.07,1
13049,Mongla,2002,6,37.6,26.0,983.0,88.0,1.7,5.9,4.5,41958,452007.3,499110.5,22.43,89.66,4,2002.06,1
13050,Mongla,2002,7,36.5,26.9,389.0,86.0,1.4,6.1,3.0,41958,452007.3,499110.5,22.43,89.66,4,2002.07,1
13051,Mongla,2002,8,34.3,26.1,441.0,89.0,1.5,5.2,3.9,41958,452007.3,499110.5,22.43,89.66,4,2002.08,1
13052,Mongla,2002,9,35.5,25.7,492.0,90.0,1.3,5.0,5.2,41958,452007.3,499110.5,22.43,89.66,4,2002.09,1
13061,Mongla,2003,6,36.8,26.4,351.0,86.0,2.1,5.8,3.2,41958,452007.3,499110.5,22.43,89.66,4,2003.06,1
13075,Mongla,2004,8,34.8,26.2,336.0,90.0,1.4,5.8,4.1,41958,452007.3,499110.5,22.43,89.66,4,2004.08,1
13076,Mongla,2004,9,35.6,26.0,506.0,90.0,1.4,5.8,4.2,41958,452007.3,499110.5,22.43,89.66,4,2004.09,1
13086,Mongla,2005,7,35.6,26.1,633.0,91.0,1.3,5.7,4.3,41958,452007.3,499110.5,22.43,89.66,4,2005.07,1
13088,Mongla,2005,9,35.0,26.1,391.0,90.0,0.8,4.8,5.0,41958,452007.3,499110.5,22.43,89.66,4,2005.09,1
13089,Mongla,2005,10,35.5,24.8,390.0,90.0,0.4,4.5,6.6,41958,452007.3,499110.5,22.43,89.66,4,2005.1,1
13098,Mongla,2006,7,34.0,26.1,462.0,92.0,1.0,5.7,3.6,41958,452007.3,499110.5,22.43,89.66,4,2006.07,1
13099,Mongla,2006,8,35.0,26.1,318.0,92.0,1.7,5.7,4.0,41958,452007.3,499110.5,22.43,89.66,4,2006.08,1
13100,Mongla,2006,9,35.0,25.9,390.0,89.0,0.9,4.6,5.1,41958,452007.3,499110.5,22.43,89.66,4,2006.09,1
13110,Mongla,2007,7,34.8,26.2,580.0,90.0,1.1,6.1,2.8,41958,452007.3,499110.5,22.43,89.66,4,2007.07,1
13112,Mongla,2007,9,34.4,26.1,355.0,90.0,1.4,5.9,3.5,41958,452007.3,499110.5,22.43,89.66,4,2007.09,1
13122,Mongla,2008,7,33.6,25.9,474.0,90.0,1.3,6.8,3.1,41958,452007.3,499110.5,22.43,89.66,4,2008.07,1
13124,Mongla,2008,9,35.4,26.0,299.0,87.0,1.1,5.7,5.3,41958,452007.3,499110.5,22.43,89.66,4,2008.09,1
13134,Mongla,2009,7,35.0,26.3,424.0,92.0,3.1,6.8,3.4,41958,452007.3,499110.5,22.43,89.66,4,2009.07,1
13135,Mongla,2009,8,34.5,26.3,478.0,91.0,2.9,6.0,3.5,41958,452007.3,499110.5,22.43,89.66,4,2009.08,1
13136,Mongla,2009,9,35.0,26.2,316.0,89.0,3.1,5.7,4.7,41958,452007.3,499110.5,22.43,89.66,4,2009.09,1
13149,Mongla,2010,10,36.5,24.9,324.0,85.0,1.8,4.1,6.2,41958,452007.3,499110.5,22.43,89.66,4,2010.1,1
13157,Mongla,2011,6,37.0,26.6,504.0,87.0,3.6,6.1,5.1,41958,452007.3,499110.5,22.43,89.66,4,2011.06,1
13159,Mongla,2011,8,36.0,26.0,639.0,89.0,2.7,6.2,3.5,41958,452007.3,499110.5,22.43,89.66,4,2011.08,1
13160,Mongla,2011,9,35.2,25.9,421.0,91.0,2.7,5.6,4.0,41958,452007.3,499110.5,22.43,89.66,4,2011.09,1
13171,Mongla,2012,8,35.0,26.5,449.0,88.0,2.4,5.8,4.4,41958,452007.3,499110.5,22.43,89.66,4,2012.08,1
13172,Mongla,2012,9,35.4,26.4,420.0,89.0,1.9,5.4,4.6,41958,452007.3,499110.5,22.43,89.66,4,2012.09,1
13180,Mongla,2013,5,39.0,25.3,359.0,84.0,3.7,6.1,4.4,41958,452007.3,499110.5,22.43,89.66,4,2013.05,1
13182,Mongla,2013,7,34.2,26.7,401.0,87.0,2.9,5.8,4.7,41958,452007.3,499110.5,22.43,89.66,4,2013.07,1
13192,Mymensingh,1948,5,34.3,23.6,537.0,81.0,1.692592593,6.3,6.122857143,41886,540975.3,737535.8,24.75,90.41,19,1948.05,1
13194,Mymensingh,1948,7,34.7,25.8,513.0,84.0,1.544444444,7.5,3.691428571,41886,540975.3,737535.8,24.75,90.41,19,1948.07,1
13196,Mymensingh,1948,9,34.3,25.5,432.0,87.0,1.114814815,6.7,4.231428571,41886,540975.3,737535.8,24.75,90.41,19,1948.09,1
13206,Mymensingh,1949,7,31.8,25.8,398.0,86.0,1.544444444,6.5,3.691428571,41886,540975.3,737535.8,24.75,90.41,19,1949.07,1
13217,Mymensingh,1950,6,35.4,25.3,502.0,86.0,1.7,6.8,4.02,41886,540975.3,737535.8,24.75,90.41,19,1950.06,1
13219,Mymensingh,1950,8,35.4,24.6,498.0,90.0,1.411111111,7.9,4.377142857,41886,540975.3,737535.8,24.75,90.41,19,1950.08,1
13229,Mymensingh,1951,6,36.0,25.4,401.0,88.0,1.7,6.2,4.02,41886,540975.3,737535.8,24.75,90.41,19,1951.06,1
13244,Mymensingh,1952,9,32.8,26.1,468.0,88.0,1.114814815,7.0,4.231428571,41886,540975.3,737535.8,24.75,90.41,19,1952.09,1
13253,Mymensingh,1953,6,35.7,25.7,473.0,89.0,1.7,7.6,4.02,41886,540975.3,737535.8,24.75,90.41,19,1953.06,1
13254,Mymensingh,1953,7,36.0,26.2,407.0,89.0,1.544444444,7.3,3.691428571,41886,540975.3,737535.8,24.75,90.41,19,1953.07,1
13256,Mymensingh,1953,9,36.0,25.4,788.0,89.0,1.114814815,6.0,4.231428571,41886,540975.3,737535.8,24.75,90.41,19,1953.09,1
13277,Mymensingh,1955,6,34.3,24.7,583.0,86.0,1.7,6.5,4.02,41886,540975.3,737535.8,24.75,90.41,19,1955.06,1
13278,Mymensingh,1955,7,32.7,25.6,536.0,88.0,1.544444444,7.2,3.691428571,41886,540975.3,737535.8,24.75,90.41,19,1955.07,1
13279,Mymensingh,1955,8,33.2,25.6,702.0,90.0,1.411111111,6.5,4.377142857,41886,540975.3,737535.8,24.75,90.41,19,1955.08,1
13288,Mymensingh,1956,5,34.9,24.7,471.0,85.0,1.692592593,6.4,6.122857143,41886,540975.3,737535.8,24.75,90.41,19,1956.05,1
13289,Mymensingh,1956,6,33.2,25.0,602.0,89.0,1.7,7.1,4.02,41886,540975.3,737535.8,24.75,90.41,19,1956.06,1
13290,Mymensingh,1956,7,34.3,25.3,433.0,86.0,1.544444444,6.9,3.691428571,41886,540975.3,737535.8,24.75,90.41,19,1956.07,1
13291,Mymensingh,1956,8,34.2,25.3,727.0,86.0,1.411111111,7.2,4.377142857,41886,540975.3,737535.8,24.75,90.41,19,1956.08,1
13301,Mymensingh,1957,6,34.9,24.2,579.0,87.0,1.7,6.6,4.02,41886,540975.3,737535.8,24.75,90.41,19,1957.06,1
13313,Mymensingh,1958,6,35.9,25.5,432.0,87.0,1.7,5.7,4.02,41886,540975.3,737535.8,24.75,90.41,19,1958.06,1
13315,Mymensingh,1958,8,33.5,25.6,523.0,88.0,1.411111111,7.1,4.377142857,41886,540975.3,737535.8,24.75,90.41,19,1958.08,1
13325,Mymensingh,1959,6,35.3,25.2,505.0,87.0,1.7,6.3,4.02,41886,540975.3,737535.8,24.75,90.41,19,1959.06,1
13327,Mymensingh,1959,8,36.8,25.7,931.0,86.0,1.411111111,6.1,4.377142857,41886,540975.3,737535.8,24.75,90.41,19,1959.08,1
13329,Mymensingh,1959,10,37.2,22.7,626.0,86.0,0.7,4.4,6.52,41886,540975.3,737535.8,24.75,90.41,19,1959.1,1
13338,Mymensingh,1960,7,33.3,25.4,384.0,88.0,0.9,6.6,3.691428571,41886,540975.3,737535.8,24.75,90.41,19,1960.07,1
13340,Mymensingh,1960,9,34.7,25.6,579.0,88.0,0.6,5.7,4.231428571,41886,540975.3,737535.8,24.75,90.41,19,1960.09,1
13349,Mymensingh,1961,6,36.9,24.9,456.0,87.0,0.6,5.7,4.02,41886,540975.3,737535.8,24.75,90.41,19,1961.06,1
13361,Mymensingh,1962,6,35.6,25.1,461.0,86.0,0.6,6.3,4.02,41886,540975.3,737535.8,24.75,90.41,19,1962.06,1
13373,Mymensingh,1963,6,35.4,24.8,518.0,88.0,0.5,6.3,4.02,41886,540975.3,737535.8,24.75,90.41,19,1963.06,1
13374,Mymensingh,1963,7,33.8,25.9,410.0,91.0,0.5,6.8,3.691428571,41886,540975.3,737535.8,24.75,90.41,19,1963.07,1
13385,Mymensingh,1964,6,35.0,24.7,598.0,89.0,0.5,6.6,4.02,41886,540975.3,737535.8,24.75,90.41,19,1964.06,1
13386,Mymensingh,1964,7,34.0,25.3,488.0,90.0,0.1,6.6,3.691428571,41886,540975.3,737535.8,24.75,90.41,19,1964.07,1
13388,Mymensingh,1964,9,35.0,25.7,448.0,88.0,0.1,5.6,4.231428571,41886,540975.3,737535.8,24.75,90.41,19,1964.09,1
13397,Mymensingh,1965,6,35.0,24.8,409.0,88.0,0.9,6.5,4.02,41886,540975.3,737535.8,24.75,90.41,19,1965.06,1
13398,Mymensingh,1965,7,33.3,25.4,558.0,87.0,0.6,6.2,3.691428571,41886,540975.3,737535.8,24.75,90.41,19,1965.07,1
13399,Mymensingh,1965,8,33.9,24.8,669.0,89.0,0.3,6.9,4.377142857,41886,540975.3,737535.8,24.75,90.41,19,1965.08,1
13411,Mymensingh,1966,8,32.2,25.7,472.0,89.0,0.3,6.5,4.377142857,41886,540975.3,737535.8,24.75,90.41,19,1966.08,1
13422,Mymensingh,1967,7,35.0,25.9,451.0,85.0,0.3,6.0,3.691428571,41886,540975.3,737535.8,24.75,90.41,19,1967.07,1
13433,Mymensingh,1968,6,33.3,24.9,464.0,85.0,0.8,5.3,4.02,41886,540975.3,737535.8,24.75,90.41,19,1968.06,1
13434,Mymensingh,1968,7,32.8,25.9,618.0,87.0,0.4,6.0,3.691428571,41886,540975.3,737535.8,24.75,90.41,19,1968.07,1
13445,Mymensingh,1969,6,31.9,24.8,430.0,86.0,1.7,6.2,4.02,41886,540975.3,737535.8,24.75,90.41,19,1969.06,1
13447,Mymensingh,1969,8,33.9,25.2,634.0,87.0,0.5,5.9,4.377142857,41886,540975.3,737535.8,24.75,90.41,19,1969.08,1
13457,Mymensingh,1970,6,33.9,25.1,570.0,84.0,0.2,6.0,4.02,41886,540975.3,737535.8,24.75,90.41,19,1970.06,1
13470,Mymensingh,1971,7,31.8,25.8,398.0,86.0,1.5,6.5,3.691428571,41886,540975.3,737535.8,24.75,90.41,19,1971.07,1
13472,Mymensingh,1971,9,35.6,26.1,439.0,85.0,0.6,5.3,4.231428571,41886,540975.3,737535.8,24.75,90.41,19,1971.09,1
13481,Mymensingh,1972,6,35.6,24.9,625.0,85.0,0.6,6.2,4.02,41886,540975.3,737535.8,24.75,90.41,19,1972.06,1
13482,Mymensingh,1972,7,36.7,25.8,418.0,86.0,0.8,6.5,3.691428571,41886,540975.3,737535.8,24.75,90.41,19,1972.07,1
13506,Mymensingh,1974,7,36.7,24.4,554.0,86.0,0.3,6.9,3.691428571,41886,540975.3,737535.8,24.75,90.41,19,1974.07,1
13529,Mymensingh,1976,6,33.9,24.5,419.0,85.0,0.0,5.8,4.02,41886,540975.3,737535.8,24.75,90.41,19,1976.06,1
13530,Mymensingh,1976,7,33.9,24.6,648.0,86.0,0.1,5.1,3.691428571,41886,540975.3,737535.8,24.75,90.41,19,1976.07,1
13531,Mymensingh,1976,8,32.8,25.5,571.0,85.0,0.2,5.8,4.377142857,41886,540975.3,737535.8,24.75,90.41,19,1976.08,1
13540,Mymensingh,1977,5,32.8,23.6,729.0,80.0,3.8,5.1,6.122857143,41886,540975.3,737535.8,24.75,90.41,19,1977.05,1
13541,Mymensingh,1977,6,32.2,25.3,794.0,89.0,3.9,6.3,4.02,41886,540975.3,737535.8,24.75,90.41,19,1977.06,1
13552,Mymensingh,1978,5,36.0,23.2,405.0,85.0,3.1,5.2,6.122857143,41886,540975.3,737535.8,24.75,90.41,19,1978.05,1
13553,Mymensingh,1978,6,33.0,25.2,509.0,88.0,2.5,6.4,4.02,41886,540975.3,737535.8,24.75,90.41,19,1978.06,1
13554,Mymensingh,1978,7,33.8,26.1,475.0,86.0,2.0,6.3,3.691428571,41886,540975.3,737535.8,24.75,90.41,19,1978.07,1
13576,Mymensingh,1980,5,34.4,23.5,723.0,77.0,3.2,5.5,6.3,41886,540975.3,737535.8,24.75,90.41,19,1980.05,1
13579,Mymensingh,1980,8,34.4,26.2,464.0,81.0,2.6,6.5,5.0,41886,540975.3,737535.8,24.75,90.41,19,1980.08,1
13590,Mymensingh,1981,7,33.8,26.0,683.0,84.0,2.6,7.0,3.4,41886,540975.3,737535.8,24.75,90.41,19,1981.07,1
13601,Mymensingh,1982,6,36.0,25.6,689.0,84.0,2.1,6.9,4.1,41886,540975.3,737535.8,24.75,90.41,19,1982.06,1
13602,Mymensingh,1982,7,34.5,26.0,582.0,84.0,2.2,6.9,3.5,41886,540975.3,737535.8,24.75,90.41,19,1982.07,1
13612,Mymensingh,1983,5,36.7,23.3,512.0,79.0,1.7,4.8,6.2,41886,540975.3,737535.8,24.75,90.41,19,1983.05,1
13615,Mymensingh,1983,8,34.3,25.9,865.0,85.0,2.4,6.3,4.4,41886,540975.3,737535.8,24.75,90.41,19,1983.08,1
13617,Mymensingh,1983,10,34.2,23.9,453.0,81.0,1.0,4.1,6.0,41886,540975.3,737535.8,24.75,90.41,19,1983.1,1
13624,Mymensingh,1984,5,34.0,23.4,476.0,85.0,2.6,6.2,3.9,41886,540975.3,737535.8,24.75,90.41,19,1984.05,1
13625,Mymensingh,1984,6,36.0,25.7,512.0,85.0,2.5,6.4,3.5,41886,540975.3,737535.8,24.75,90.41,19,1984.06,1
13626,Mymensingh,1984,7,33.5,25.6,689.0,86.0,2.1,6.6,2.3,41886,540975.3,737535.8,24.75,90.41,19,1984.07,1
13628,Mymensingh,1984,9,33.5,24.7,468.0,86.0,1.5,5.6,3.5,41886,540975.3,737535.8,24.75,90.41,19,1984.09,1
13650,Mymensingh,1986,7,33.4,26.0,673.0,85.0,2.9,7.1,3.5,41886,540975.3,737535.8,24.75,90.41,19,1986.07,1
13652,Mymensingh,1986,9,34.3,25.0,647.0,83.0,2.5,6.5,3.5,41886,540975.3,737535.8,24.75,90.41,19,1986.09,1
13653,Mymensingh,1986,10,32.3,22.6,583.0,81.0,1.6,4.2,5.8,41886,540975.3,737535.8,24.75,90.41,19,1986.1,1
13661,Mymensingh,1987,6,35.2,26.3,406.0,85.0,2.3,6.3,3.6,41886,540975.3,737535.8,24.75,90.41,19,1987.06,1
13662,Mymensingh,1987,7,33.3,26.3,410.0,88.0,2.7,6.8,3.0,41886,540975.3,737535.8,24.75,90.41,19,1987.07,1
13663,Mymensingh,1987,8,34.6,26.3,479.0,86.0,2.2,6.1,3.6,41886,540975.3,737535.8,24.75,90.41,19,1987.08,1
13672,Mymensingh,1988,5,34.2,23.6,734.0,85.0,2.7,6.0,4.3,41886,540975.3,737535.8,24.75,90.41,19,1988.05,1
13673,Mymensingh,1988,6,35.6,26.1,587.0,85.0,2.9,5.9,3.9,41886,540975.3,737535.8,24.75,90.41,19,1988.06,1
13674,Mymensingh,1988,7,34.7,26.6,586.0,87.0,2.2,6.5,3.9,41886,540975.3,737535.8,24.75,90.41,19,1988.07,1
13675,Mymensingh,1988,8,34.1,26.3,411.0,88.0,2.1,6.7,2.5,41886,540975.3,737535.8,24.75,90.41,19,1988.08,1
13676,Mymensingh,1988,9,35.3,26.2,309.0,85.0,1.5,5.2,4.5,41886,540975.3,737535.8,24.75,90.41,19,1988.09,1
13686,Mymensingh,1989,7,34.5,26.0,812.0,87.0,1.3,6.4,3.3,41886,540975.3,737535.8,24.75,90.41,19,1989.07,1
13688,Mymensingh,1989,9,34.0,25.5,406.0,89.0,1.2,5.8,2.9,41886,540975.3,737535.8,24.75,90.41,19,1989.09,1
13697,Mymensingh,1990,6,34.8,25.5,529.0,88.0,1.4,6.1,3.5,41886,540975.3,737535.8,24.75,90.41,19,1990.06,1
13698,Mymensingh,1990,7,33.2,25.3,477.0,89.0,1.5,6.4,3.0,41886,540975.3,737535.8,24.75,90.41,19,1990.07,1
13708,Mymensingh,1991,5,33.0,20.4,679.0,87.0,2.5,6.6,2.2,41886,540975.3,737535.8,24.75,90.41,19,1991.05,1
13709,Mymensingh,1991,6,34.0,23.8,603.0,88.0,1.4,6.4,2.3,41886,540975.3,737535.8,24.75,90.41,19,1991.06,1
13712,Mymensingh,1991,9,32.6,22.9,735.0,92.0,0.8,6.3,1.5,41886,540975.3,737535.8,24.75,90.41,19,1991.09,1
13733,Mymensingh,1993,6,34.2,24.9,848.0,86.0,2.5,6.5,4.2,41886,540975.3,737535.8,24.75,90.41,19,1993.06,1
13734,Mymensingh,1993,7,33.9,26.1,512.0,85.0,2.2,6.2,3.9,41886,540975.3,737535.8,24.75,90.41,19,1993.07,1
13735,Mymensingh,1993,8,32.9,26.4,490.0,86.0,2.4,6.4,3.6,41886,540975.3,737535.8,24.75,90.41,19,1993.08,1
13736,Mymensingh,1993,9,35.4,25.2,525.0,85.0,1.5,5.2,4.4,41886,540975.3,737535.8,24.75,90.41,19,1993.09,1
13757,Mymensingh,1995,6,35.5,26.0,565.0,85.0,2.0,6.2,3.1,41886,540975.3,737535.8,24.75,90.41,19,1995.06,1
13758,Mymensingh,1995,7,33.0,25.8,637.0,86.0,2.3,6.5,3.1,41886,540975.3,737535.8,24.75,90.41,19,1995.07,1
13759,Mymensingh,1995,8,34.4,26.1,528.0,85.0,1.6,6.2,3.5,41886,540975.3,737535.8,24.75,90.41,19,1995.08,1
13782,Mymensingh,1997,7,33.7,26.1,523.0,88.0,2.3,6.3,3.5,41886,540975.3,737535.8,24.75,90.41,19,1997.07,1
13783,Mymensingh,1997,8,35.5,26.4,417.0,86.0,1.8,6.1,4.8,41886,540975.3,737535.8,24.75,90.41,19,1997.08,1
13784,Mymensingh,1997,9,33.3,24.8,485.0,87.0,1.5,5.8,4.6,41886,540975.3,737535.8,24.75,90.41,19,1997.09,1
13794,Mymensingh,1998,7,33.4,26.2,745.0,90.0,1.8,6.9,2.1,41886,540975.3,737535.8,24.75,90.41,19,1998.07,1
13795,Mymensingh,1998,8,34.6,26.2,517.0,90.0,1.5,6.7,2.4,41886,540975.3,737535.8,24.75,90.41,19,1998.08,1
13806,Mymensingh,1999,7,36.0,26.1,401.0,88.0,1.7,6.4,3.3,41886,540975.3,737535.8,24.75,90.41,19,1999.07,1
13809,Mymensingh,1999,10,34.0,24.0,513.0,87.0,1.0,4.4,4.8,41886,540975.3,737535.8,24.75,90.41,19,1999.1,1
13816,Mymensingh,2000,5,37.6,24.0,461.0,86.0,1.8,5.2,4.8,41886,540975.3,737535.8,24.75,90.41,19,2000.05,1
13817,Mymensingh,2000,6,36.6,25.9,468.0,87.0,2.0,6.3,3.6,41886,540975.3,737535.8,24.75,90.41,19,2000.06,1
13829,Mymensingh,2001,6,34.0,25.7,408.0,87.0,2.1,6.5,4.5,41886,540975.3,737535.8,24.75,90.41,19,2001.06,1
13841,Mymensingh,2002,6,33.0,25.5,578.0,87.0,1.4,6.4,3.0,41886,540975.3,737535.8,24.75,90.41,19,2002.06,1
13842,Mymensingh,2002,7,32.6,25.8,443.0,91.0,1.3,7.2,1.5,41886,540975.3,737535.8,24.75,90.41,19,2002.07,1
13853,Mymensingh,2003,6,36.0,25.6,420.0,86.0,2.0,6.4,3.7,41886,540975.3,737535.8,24.75,90.41,19,2003.06,1
13866,Mymensingh,2004,7,34.5,25.7,753.0,87.0,1.4,6.5,3.9,41886,540975.3,737535.8,24.75,90.41,19,2004.07,1
13868,Mymensingh,2004,9,32.8,25.3,950.0,91.0,1.4,6.4,2.2,41886,540975.3,737535.8,24.75,90.41,19,2004.09,1
13869,Mymensingh,2004,10,34.0,22.4,487.0,87.0,0.6,3.2,6.6,41886,540975.3,737535.8,24.75,90.41,19,2004.1,1
13876,Mymensingh,2005,5,35.5,22.5,495.0,83.0,2.0,5.0,6.2,41886,540975.3,737535.8,24.75,90.41,19,2005.05,1
13878,Mymensingh,2005,7,33.8,26.2,405.0,87.0,1.4,6.3,4.5,41886,540975.3,737535.8,24.75,90.41,19,2005.07,1
13879,Mymensingh,2005,8,34.5,26.3,514.0,88.0,1.4,6.9,3.4,41886,540975.3,737535.8,24.75,90.41,19,2005.08,1
13892,Mymensingh,2006,9,34.6,25.8,420.0,89.0,1.1,5.5,4.4,41886,540975.3,737535.8,24.75,90.41,19,2006.09,1
13901,Mymensingh,2007,6,35.2,25.3,849.0,88.0,1.3,6.4,3.6,41886,540975.3,737535.8,24.75,90.41,19,2007.06,1
13902,Mymensingh,2007,7,34.6,26.2,726.0,90.0,1.5,6.7,2.9,41886,540975.3,737535.8,24.75,90.41,19,2007.07,1
13913,Mymensingh,2008,6,35.8,25.6,675.0,87.0,1.3,6.5,3.3,41886,540975.3,737535.8,24.75,90.41,19,2008.06,1
13914,Mymensingh,2008,7,33.2,26.3,473.0,89.0,1.2,6.8,3.3,41886,540975.3,737535.8,24.75,90.41,19,2008.07,1
13924,Mymensingh,2009,5,37.0,24.1,411.0,81.0,1.0,4.6,5.8,41886,540975.3,737535.8,24.75,90.41,19,2009.05,1
13926,Mymensingh,2009,7,35.1,26.6,431.0,84.0,1.1,6.3,5.0,41886,540975.3,737535.8,24.75,90.41,19,2009.07,1
13938,Mymensingh,2010,7,35.6,27.0,458.0,86.0,2.0,6.3,4.3,41886,540975.3,737535.8,24.75,90.41,19,2010.07,1
13949,Mymensingh,2011,6,35.2,25.9,449.0,85.0,2.3,6.2,3.9,41886,540975.3,737535.8,24.75,90.41,19,2011.06,1
13951,Mymensingh,2011,8,35.5,26.3,741.0,87.0,1.8,6.8,3.8,41886,540975.3,737535.8,24.75,90.41,19,2011.08,1
13962,Mymensingh,2012,7,34.6,26.5,409.0,87.0,2.3,7.1,3.8,41886,540975.3,737535.8,24.75,90.41,19,2012.07,1
13985,Patuakhali,1973,6,33.3,25.9,467.2051282,87.82051282,2.1,5.9,3.14137931,41960,534986.1,472575.7,22.36,90.34,3,1973.06,1
13986,Patuakhali,1973,7,31.4,25.8,534.5641026,89.87179487,2.0,6.4,3.075862069,41960,534986.1,472575.7,22.36,90.34,3,1973.07,1
13987,Patuakhali,1973,8,31.7,26.1,448.7948718,88.82051282,2.7,6.9,3.672413793,41960,534986.1,472575.7,22.36,90.34,3,1973.08,1
13997,Patuakhali,1974,6,33.3,25.9,467.2051282,87.82051282,2.1,5.9,3.14137931,41960,534986.1,472575.7,22.36,90.34,3,1974.06,1
13998,Patuakhali,1974,7,31.4,25.8,534.5641026,89.87179487,2.0,6.4,3.075862069,41960,534986.1,472575.7,22.36,90.34,3,1974.07,1
13999,Patuakhali,1974,8,31.4,25.9,448.7948718,88.82051282,1.9,6.2,3.672413793,41960,534986.1,472575.7,22.36,90.34,3,1974.08,1
14010,Patuakhali,1975,7,31.8,24.5,479.0,88.0,1.8,6.2,3.075862069,41960,534986.1,472575.7,22.36,90.34,3,1975.07,1
14012,Patuakhali,1975,9,32.5,24.7,539.0,86.0,2.5,5.7,4.051724138,41960,534986.1,472575.7,22.36,90.34,3,1975.09,1
14021,Patuakhali,1976,6,33.3,26.0,467.0,87.0,2.1,5.9,3.14137931,41960,534986.1,472575.7,22.36,90.34,3,1976.06,1
14022,Patuakhali,1976,7,31.4,25.9,498.0,89.0,2.0,6.4,3.075862069,41960,534986.1,472575.7,22.36,90.34,3,1976.07,1
14023,Patuakhali,1976,8,31.4,26.0,447.0,88.0,1.9,6.2,3.672413793,41960,534986.1,472575.7,22.36,90.34,3,1976.08,1
14032,Patuakhali,1977,5,36.3,24.6,469.0,82.0,3.3,6.6,5.982758621,41960,534986.1,472575.7,22.36,90.34,3,1977.05,1
14033,Patuakhali,1977,6,35.0,24.4,859.0,87.0,2.6,7.6,3.14137931,41960,534986.1,472575.7,22.36,90.34,3,1977.06,1
14034,Patuakhali,1977,7,33.0,25.4,762.0,89.0,2.9,7.0,3.075862069,41960,534986.1,472575.7,22.36,90.34,3,1977.07,1
14035,Patuakhali,1977,8,32.5,25.1,476.0,88.0,2.5,6.9,3.672413793,41960,534986.1,472575.7,22.36,90.34,3,1977.08,1
14044,Patuakhali,1978,5,35.3,24.4,673.0,75.0,2.8,6.5,5.982758621,41960,534986.1,472575.7,22.36,90.34,3,1978.05,1
14045,Patuakhali,1978,6,36.2,25.1,580.0,81.0,2.6,7.0,3.14137931,41960,534986.1,472575.7,22.36,90.34,3,1978.06,1
14046,Patuakhali,1978,7,32.6,25.6,452.0,82.0,2.4,6.5,3.075862069,41960,534986.1,472575.7,22.36,90.34,3,1978.07,1
14047,Patuakhali,1978,8,34.5,25.4,644.0,83.0,2.6,6.5,3.672413793,41960,534986.1,472575.7,22.36,90.34,3,1978.08,1
14048,Patuakhali,1978,9,32.8,24.8,448.0,85.0,0.9,6.9,4.051724138,41960,534986.1,472575.7,22.36,90.34,3,1978.09,1
14057,Patuakhali,1979,6,37.5,25.7,395.0,87.0,1.9,5.9,3.14137931,41960,534986.1,472575.7,22.36,90.34,3,1979.06,1
14059,Patuakhali,1979,8,35.5,25.7,682.0,88.0,1.7,6.2,3.672413793,41960,534986.1,472575.7,22.36,90.34,3,1979.08,1
14060,Patuakhali,1979,9,33.2,25.2,480.0,87.0,1.1,5.4,4.051724138,41960,534986.1,472575.7,22.36,90.34,3,1979.09,1
14069,Patuakhali,1980,6,33.3,26.0,467.0,87.0,2.1,5.9,3.14137931,41960,534986.1,472575.7,22.36,90.34,3,1980.06,1
14070,Patuakhali,1980,7,31.4,25.9,498.0,89.0,2.0,6.4,3.075862069,41960,534986.1,472575.7,22.36,90.34,3,1980.07,1
14071,Patuakhali,1980,8,31.7,26.0,447.0,88.0,1.9,6.2,3.672413793,41960,534986.1,472575.7,22.36,90.34,3,1980.08,1
14082,Patuakhali,1981,7,31.9,25.1,546.0,90.0,3.1,6.7,3.075862069,41960,534986.1,472575.7,22.36,90.34,3,1981.07,1
14093,Patuakhali,1982,6,35.2,25.9,443.0,86.0,2.6,6.3,3.14137931,41960,534986.1,472575.7,22.36,90.34,3,1982.06,1
14094,Patuakhali,1982,7,34.7,26.5,455.0,84.0,2.9,6.2,3.075862069,41960,534986.1,472575.7,22.36,90.34,3,1982.07,1
14095,Patuakhali,1982,8,31.1,26.0,593.0,87.0,3.3,6.4,3.672413793,41960,534986.1,472575.7,22.36,90.34,3,1982.08,1
14096,Patuakhali,1982,9,33.7,26.1,472.0,81.0,2.2,4.8,4.051724138,41960,534986.1,472575.7,22.36,90.34,3,1982.09,1
14104,Patuakhali,1983,5,35.6,24.8,500.0,79.0,2.8,4.7,5.982758621,41960,534986.1,472575.7,22.36,90.34,3,1983.05,1
14105,Patuakhali,1983,6,34.5,26.1,662.0,85.0,2.9,5.9,3.14137931,41960,534986.1,472575.7,22.36,90.34,3,1983.06,1
14106,Patuakhali,1983,7,34.4,25.8,549.0,88.0,2.6,6.2,3.075862069,41960,534986.1,472575.7,22.36,90.34,3,1983.07,1
14107,Patuakhali,1983,8,32.6,25.5,563.0,85.0,2.8,6.1,3.672413793,41960,534986.1,472575.7,22.36,90.34,3,1983.08,1
14108,Patuakhali,1983,9,33.2,26.3,445.0,84.0,2.8,5.4,4.051724138,41960,534986.1,472575.7,22.36,90.34,3,1983.09,1
14117,Patuakhali,1984,6,35.6,25.4,669.0,88.0,3.7,6.4,3.14137931,41960,534986.1,472575.7,22.36,90.34,3,1984.06,1
14118,Patuakhali,1984,7,32.1,25.8,407.0,88.0,3.5,6.0,3.075862069,41960,534986.1,472575.7,22.36,90.34,3,1984.07,1
14119,Patuakhali,1984,8,33.6,25.8,632.0,89.0,2.5,5.8,3.672413793,41960,534986.1,472575.7,22.36,90.34,3,1984.08,1
14128,Patuakhali,1985,5,34.6,24.5,425.0,87.0,2.7,4.5,5.4,41960,534986.1,472575.7,22.36,90.34,3,1985.05,1
14131,Patuakhali,1985,8,34.2,26.3,311.0,87.0,2.3,6.2,3.4,41960,534986.1,472575.7,22.36,90.34,3,1985.08,1
14164,Patuakhali,1988,5,34.6,25.6,436.0,86.0,3.6,5.1,4.5,41960,534986.1,472575.7,22.36,90.34,3,1988.05,1
14165,Patuakhali,1988,6,34.7,26.0,558.0,89.0,2.4,6.2,1.2,41960,534986.1,472575.7,22.36,90.34,3,1988.06,1
14166,Patuakhali,1988,7,33.7,25.9,678.0,92.0,2.3,6.6,2.3,41960,534986.1,472575.7,22.36,90.34,3,1988.07,1
14167,Patuakhali,1988,8,32.2,26.4,420.0,92.0,2.1,6.7,1.9,41960,534986.1,472575.7,22.36,90.34,3,1988.08,1
14178,Patuakhali,1989,7,32.5,26.2,360.0,87.0,2.5,5.9,3.7,41960,534986.1,472575.7,22.36,90.34,3,1989.07,1
14180,Patuakhali,1989,9,33.5,26.0,362.0,88.0,1.4,5.5,2.9,41960,534986.1,472575.7,22.36,90.34,3,1989.09,1
14190,Patuakhali,1990,7,32.0,25.6,602.0,91.0,1.5,6.4,1.9,41960,534986.1,472575.7,22.36,90.34,3,1990.07,1
14192,Patuakhali,1990,9,33.0,25.6,531.0,88.0,1.2,5.8,3.3,41960,534986.1,472575.7,22.36,90.34,3,1990.09,1
14201,Patuakhali,1991,6,33.5,25.8,680.0,88.0,1.5,5.8,2.8,41960,534986.1,472575.7,22.36,90.34,3,1991.06,1
14202,Patuakhali,1991,7,32.5,26.1,472.0,87.0,2.3,5.9,3.0,41960,534986.1,472575.7,22.36,90.34,3,1991.07,1
14203,Patuakhali,1991,8,35.0,25.9,439.0,88.0,1.6,6.3,2.9,41960,534986.1,472575.7,22.36,90.34,3,1991.08,1
14204,Patuakhali,1991,9,33.2,25.9,409.0,89.0,1.1,5.4,3.4,41960,534986.1,472575.7,22.36,90.34,3,1991.09,1
14212,Patuakhali,1992,5,35.1,24.5,585.0,82.0,1.5,4.0,6.3,41960,534986.1,472575.7,22.36,90.34,3,1992.05,1
14214,Patuakhali,1992,7,33.0,26.0,713.0,89.0,1.4,6.3,2.3,41960,534986.1,472575.7,22.36,90.34,3,1992.07,1
14215,Patuakhali,1992,8,34.3,26.1,599.0,86.0,1.3,5.6,4.1,41960,534986.1,472575.7,22.36,90.34,3,1992.08,1
14225,Patuakhali,1993,6,33.5,25.9,563.0,87.0,2.2,6.1,3.0,41960,534986.1,472575.7,22.36,90.34,3,1993.06,1
14226,Patuakhali,1993,7,32.5,26.5,572.0,90.0,1.6,6.0,3.2,41960,534986.1,472575.7,22.36,90.34,3,1993.07,1
14227,Patuakhali,1993,8,33.0,26.2,786.0,91.0,1.1,6.0,3.0,41960,534986.1,472575.7,22.36,90.34,3,1993.08,1
14237,Patuakhali,1994,6,35.8,26.3,706.0,89.0,1.1,6.3,2.2,41960,534986.1,472575.7,22.36,90.34,3,1994.06,1
14238,Patuakhali,1994,7,33.6,26.0,400.0,90.0,1.4,6.6,2.5,41960,534986.1,472575.7,22.36,90.34,3,1994.07,1
14239,Patuakhali,1994,8,32.5,25.8,701.0,91.0,1.6,6.8,3.0,41960,534986.1,472575.7,22.36,90.34,3,1994.08,1
14249,Patuakhali,1995,6,34.0,26.3,767.0,88.0,1.7,6.2,2.9,41960,534986.1,472575.7,22.36,90.34,3,1995.06,1
14250,Patuakhali,1995,7,33.6,25.9,735.0,89.0,1.3,6.8,2.7,41960,534986.1,472575.7,22.36,90.34,3,1995.07,1
14251,Patuakhali,1995,8,34.4,26.1,626.0,87.0,1.2,6.2,4.2,41960,534986.1,472575.7,22.36,90.34,3,1995.08,1
14261,Patuakhali,1996,6,35.0,25.5,739.0,89.0,2.2,3.2,1.6,41960,534986.1,472575.7,22.36,90.34,3,1996.06,1
14262,Patuakhali,1996,7,33.2,26.0,448.0,91.0,1.5,6.5,2.3,41960,534986.1,472575.7,22.36,90.34,3,1996.07,1
14263,Patuakhali,1996,8,32.8,25.5,585.0,92.0,1.2,6.4,4.2,41960,534986.1,472575.7,22.36,90.34,3,1996.08,1
14274,Patuakhali,1997,7,34.0,26.0,594.0,92.0,1.2,6.9,2.1,41960,534986.1,472575.7,22.36,90.34,3,1997.07,1
14275,Patuakhali,1997,8,34.7,26.0,479.0,88.0,1.6,6.2,3.5,41960,534986.1,472575.7,22.36,90.34,3,1997.08,1
14276,Patuakhali,1997,9,34.2,25.7,487.0,89.0,1.1,5.7,3.5,41960,534986.1,472575.7,22.36,90.34,3,1997.09,1
14286,Patuakhali,1998,7,33.8,26.1,804.0,91.0,1.7,6.8,2.0,41960,534986.1,472575.7,22.36,90.34,3,1998.07,1
14287,Patuakhali,1998,8,34.6,26.1,618.0,90.0,1.0,6.4,2.4,41960,534986.1,472575.7,22.36,90.34,3,1998.08,1
14297,Patuakhali,1999,6,36.5,25.9,479.0,89.0,1.6,6.1,2.7,41960,534986.1,472575.7,22.36,90.34,3,1999.06,1
14298,Patuakhali,1999,7,34.7,25.8,749.0,91.0,1.3,6.7,3.2,41960,534986.1,472575.7,22.36,90.34,3,1999.07,1
14299,Patuakhali,1999,8,34.2,25.8,588.0,91.0,0.9,6.7,2.1,41960,534986.1,472575.7,22.36,90.34,3,1999.08,1
14300,Patuakhali,1999,9,34.2,25.6,417.0,90.0,1.0,6.0,3.1,41960,534986.1,472575.7,22.36,90.34,3,1999.09,1
14310,Patuakhali,2000,7,35.4,26.0,497.0,90.0,1.6,6.3,3.5,41960,534986.1,472575.7,22.36,90.34,3,2000.07,1
14321,Patuakhali,2001,6,34.0,25.6,1084.0,93.0,1.6,7.1,1.8,41960,534986.1,472575.7,22.36,90.34,3,2001.06,1
14322,Patuakhali,2001,7,33.5,26.1,534.0,90.0,2.2,6.6,3.2,41960,534986.1,472575.7,22.36,90.34,3,2001.07,1
14325,Patuakhali,2001,10,35.0,24.7,386.0,89.0,0.7,4.4,5.7,41960,534986.1,472575.7,22.36,90.34,3,2001.1,1
14333,Patuakhali,2002,6,36.4,25.8,809.0,91.0,1.2,6.3,3.1,41960,534986.1,472575.7,22.36,90.34,3,2002.06,1
14334,Patuakhali,2002,7,35.5,26.1,560.0,93.0,1.1,7.1,2.1,41960,534986.1,472575.7,22.36,90.34,3,2002.07,1
14335,Patuakhali,2002,8,34.0,25.8,458.0,93.0,1.0,6.2,3.3,41960,534986.1,472575.7,22.36,90.34,3,2002.08,1
14336,Patuakhali,2002,9,35.0,25.5,481.0,90.0,0.8,5.1,4.6,41960,534986.1,472575.7,22.36,90.34,3,2002.09,1
14345,Patuakhali,2003,6,36.4,25.3,1023.0,93.0,1.3,7.0,1.9,41960,534986.1,472575.7,22.36,90.34,3,2003.06,1
14346,Patuakhali,2003,7,33.5,26.2,461.0,91.0,1.1,6.0,4.4,41960,534986.1,472575.7,22.36,90.34,3,2003.07,1
14349,Patuakhali,2003,10,34.8,24.8,387.0,89.0,0.5,4.3,5.3,41960,534986.1,472575.7,22.36,90.34,3,2003.1,1
14358,Patuakhali,2004,7,34.5,25.8,544.0,90.0,1.1,6.3,3.2,41960,534986.1,472575.7,22.36,90.34,3,2004.07,1
14359,Patuakhali,2004,8,33.8,26.0,448.0,91.0,0.8,6.2,4.2,41960,534986.1,472575.7,22.36,90.34,3,2004.08,1
14360,Patuakhali,2004,9,35.2,25.7,756.0,91.0,1.0,5.7,4.1,41960,534986.1,472575.7,22.36,90.34,3,2004.09,1
14370,Patuakhali,2005,7,34.2,25.8,923.0,90.0,0.9,6.2,4.5,41960,534986.1,472575.7,22.36,90.34,3,2005.07,1
14373,Patuakhali,2005,10,34.6,24.6,573.0,90.0,0.4,4.7,5.5,41960,534986.1,472575.7,22.36,90.34,3,2005.1,1
14381,Patuakhali,2006,6,36.2,26.7,533.0,89.0,0.9,6.0,3.6,41960,534986.1,472575.7,22.36,90.34,3,2006.06,1
14383,Patuakhali,2006,8,33.5,25.9,406.0,90.0,1.4,6.3,4.1,41960,534986.1,472575.7,22.36,90.34,3,2006.08,1
14384,Patuakhali,2006,9,34.4,25.9,620.0,90.0,0.9,5.6,5.7,41960,534986.1,472575.7,22.36,90.34,3,2006.09,1
14393,Patuakhali,2007,6,35.4,26.2,426.0,90.0,1.1,6.1,3.9,41960,534986.1,472575.7,22.36,90.34,3,2007.06,1
14394,Patuakhali,2007,7,33.5,25.9,815.0,94.0,1.2,6.7,2.3,41960,534986.1,472575.7,22.36,90.34,3,2007.07,1
14396,Patuakhali,2007,9,35.0,25.7,639.0,93.0,1.0,5.9,3.1,41960,534986.1,472575.7,22.36,90.34,3,2007.09,1
14406,Patuakhali,2008,7,33.0,25.8,1016.0,92.0,0.8,6.7,2.9,41960,534986.1,472575.7,22.36,90.34,3,2008.07,1
14408,Patuakhali,2008,9,34.4,25.9,387.0,90.0,0.6,5.2,5.0,41960,534986.1,472575.7,22.36,90.34,3,2008.09,1
14409,Patuakhali,2008,10,34.5,23.9,408.0,87.0,0.5,3.1,6.9,41960,534986.1,472575.7,22.36,90.34,3,2008.1,1
14418,Patuakhali,2009,7,35.0,26.1,695.0,92.0,2.2,6.5,4.1,41960,534986.1,472575.7,22.36,90.34,3,2009.07,1
14419,Patuakhali,2009,8,35.0,26.2,705.0,91.0,1.9,6.3,4.0,41960,534986.1,472575.7,22.36,90.34,3,2009.08,1
14429,Patuakhali,2010,6,35.4,26.6,513.0,93.0,2.0,6.1,3.1,41960,534986.1,472575.7,22.36,90.34,3,2010.06,1
14430,Patuakhali,2010,7,34.5,26.6,418.0,95.0,1.8,5.9,3.7,41960,534986.1,472575.7,22.36,90.34,3,2010.07,1
14433,Patuakhali,2010,10,35.7,25.1,548.0,92.0,1.7,4.0,7.0,41960,534986.1,472575.7,22.36,90.34,3,2010.1,1
14441,Patuakhali,2011,6,36.0,26.2,680.0,90.0,2.4,6.1,3.4,41960,534986.1,472575.7,22.36,90.34,3,2011.06,1
14443,Patuakhali,2011,8,35.2,25.8,655.0,92.0,1.9,6.3,3.3,41960,534986.1,472575.7,22.36,90.34,3,2011.08,1
14444,Patuakhali,2011,9,35.7,25.7,406.0,92.0,1.8,5.4,4.3,41960,534986.1,472575.7,22.36,90.34,3,2011.09,1
14454,Patuakhali,2012,7,33.6,26.4,392.0,91.0,1.8,6.3,4.8,41960,534986.1,472575.7,22.36,90.34,3,2012.07,1
14455,Patuakhali,2012,8,34.6,26.2,439.0,90.0,1.8,6.6,3.5,41960,534986.1,472575.7,22.36,90.34,3,2012.08,1
14464,Patuakhali,2013,5,38.0,25.0,637.0,88.0,4.0,6.8,3.8,41960,534986.1,472575.7,22.36,90.34,3,2013.05,1
14466,Patuakhali,2013,7,33.6,26.2,552.0,90.0,2.3,6.2,4.8,41960,534986.1,472575.7,22.36,90.34,3,2013.07,1
14467,Patuakhali,2013,8,34.6,26.1,411.0,90.0,2.0,6.2,3.6,41960,534986.1,472575.7,22.36,90.34,3,2013.08,1
14468,Patuakhali,2013,9,35.6,25.8,412.0,91.0,1.7,5.7,4.5,41960,534986.1,472575.7,22.36,90.34,3,2013.09,1
14477,Rajshahi,1964,6,36.9,26.5,415.0,82.0,1.3,5.3,5.394285714,41895,353944.9,693386.6,24.35,88.56,20,1964.06,1
14478,Rajshahi,1964,7,32.9,25.8,346.0,89.0,1.0,6.2,4.38,41895,353944.9,693386.6,24.35,88.56,20,1964.07,1
14489,Rajshahi,1965,6,37.2,25.7,325.0,81.0,0.9,4.8,5.394285714,41895,353944.9,693386.6,24.35,88.56,20,1965.06,1
14490,Rajshahi,1965,7,35.0,25.7,404.0,87.0,1.3,5.6,4.38,41895,353944.9,693386.6,24.35,88.56,20,1965.07,1
14502,Rajshahi,1966,7,35.7,26.2,511.0,85.0,1.2,5.8,4.38,41895,353944.9,693386.6,24.35,88.56,20,1966.07,1
14503,Rajshahi,1966,8,34.7,26.1,380.0,87.0,1.0,6.8,5.111428571,41895,353944.9,693386.6,24.35,88.56,20,1966.08,1
14514,Rajshahi,1967,7,34.4,26.3,305.0,86.0,1.3,6.6,4.38,41895,353944.9,693386.6,24.35,88.56,20,1967.07,1
14525,Rajshahi,1968,6,36.5,25.0,450.0,84.0,2.1,6.8,5.394285714,41895,353944.9,693386.6,24.35,88.56,20,1968.06,1
14526,Rajshahi,1968,7,33.4,26.2,439.0,88.0,1.2,6.6,4.38,41895,353944.9,693386.6,24.35,88.56,20,1968.07,1
14527,Rajshahi,1968,8,34.4,26.3,270.0,87.0,1.3,5.8,5.111428571,41895,353944.9,693386.6,24.35,88.56,20,1968.08,1
14538,Rajshahi,1969,7,32.7,26.0,417.0,85.0,1.4,6.1,4.38,41895,353944.9,693386.6,24.35,88.56,20,1969.07,1
14539,Rajshahi,1969,8,32.8,26.1,591.0,86.0,1.3,5.8,5.111428571,41895,353944.9,693386.6,24.35,88.56,20,1969.08,1
14540,Rajshahi,1969,9,32.6,25.7,627.0,84.0,1.1,5.2,5.542857143,41895,353944.9,693386.6,24.35,88.56,20,1969.09,1
14549,Rajshahi,1970,6,35.6,25.8,372.0,84.0,1.0,7.0,5.394285714,41895,353944.9,693386.6,24.35,88.56,20,1970.06,1
14550,Rajshahi,1970,7,32.7,26.0,446.0,86.0,1.1,7.2,4.38,41895,353944.9,693386.6,24.35,88.56,20,1970.07,1
14553,Rajshahi,1970,10,32.7,23.2,228.0,84.0,0.9,4.3,7.325714286,41895,353944.9,693386.6,24.35,88.56,20,1970.1,1
14561,Rajshahi,1971,6,34.9,25.6,277.0,82.0,1.6,6.6,5.394285714,41895,353944.9,693386.6,24.35,88.56,20,1971.06,1
14562,Rajshahi,1971,7,34.7,25.9,452.0,87.0,1.1,6.2,4.38,41895,353944.9,693386.6,24.35,88.56,20,1971.07,1
14563,Rajshahi,1971,8,35.6,24.9,452.0,86.0,1.3,6.6,5.111428571,41895,353944.9,693386.6,24.35,88.56,20,1971.08,1
14575,Rajshahi,1972,8,34.2,25.6,275.0,86.0,1.1,5.8,5.111428571,41895,353944.9,693386.6,24.35,88.56,20,1972.08,1
14585,Rajshahi,1973,6,36.7,25.4,491.0,87.0,1.0,6.5,5.394285714,41895,353944.9,693386.6,24.35,88.56,20,1973.06,1
14586,Rajshahi,1973,7,34.7,26.2,271.0,84.0,1.4,5.5,4.38,41895,353944.9,693386.6,24.35,88.56,20,1973.07,1
14588,Rajshahi,1973,9,33.6,25.8,586.0,88.0,1.1,5.7,5.542857143,41895,353944.9,693386.6,24.35,88.56,20,1973.09,1
14598,Rajshahi,1974,7,34.0,25.4,513.0,88.0,0.4,6.4,4.38,41895,353944.9,693386.6,24.35,88.56,20,1974.07,1
14599,Rajshahi,1974,8,34.3,26.4,452.0,83.0,0.8,4.9,5.111428571,41895,353944.9,693386.6,24.35,88.56,20,1974.08,1
14610,Rajshahi,1975,7,34.6,25.6,381.0,87.0,0.8,6.0,4.38,41895,353944.9,693386.6,24.35,88.56,20,1975.07,1
14612,Rajshahi,1975,9,34.0,25.8,197.0,85.0,0.9,5.1,5.542857143,41895,353944.9,693386.6,24.35,88.56,20,1975.09,1
14623,Rajshahi,1976,8,33.6,25.9,389.0,86.0,0.7,5.2,5.111428571,41895,353944.9,693386.6,24.35,88.56,20,1976.08,1
14624,Rajshahi,1976,9,33.9,25.8,257.0,84.0,0.5,3.9,5.542857143,41895,353944.9,693386.6,24.35,88.56,20,1976.09,1
14633,Rajshahi,1977,6,36.5,24.2,543.0,90.0,1.3,6.2,5.394285714,41895,353944.9,693386.6,24.35,88.56,20,1977.06,1
14634,Rajshahi,1977,7,34.5,26.7,399.0,88.0,1.7,6.3,4.38,41895,353944.9,693386.6,24.35,88.56,20,1977.07,1
14637,Rajshahi,1977,10,34.7,23.1,162.0,81.0,0.9,2.8,7.325714286,41895,353944.9,693386.6,24.35,88.56,20,1977.1,1
14645,Rajshahi,1978,6,35.0,25.1,492.0,88.0,1.9,5.4,5.394285714,41895,353944.9,693386.6,24.35,88.56,20,1978.06,1
14647,Rajshahi,1978,8,33.0,25.8,149.0,87.0,1.8,5.5,5.111428571,41895,353944.9,693386.6,24.35,88.56,20,1978.08,1
14648,Rajshahi,1978,9,33.5,25.6,545.0,85.0,1.7,5.6,5.542857143,41895,353944.9,693386.6,24.35,88.56,20,1978.09,1
14658,Rajshahi,1979,7,35.8,26.0,492.0,88.0,2.2,6.2,4.6,41895,353944.9,693386.6,24.35,88.56,20,1979.07,1
14659,Rajshahi,1979,8,35.0,26.3,275.0,85.0,2.2,5.2,5.1,41895,353944.9,693386.6,24.35,88.56,20,1979.08,1
14660,Rajshahi,1979,9,35.7,25.6,379.0,84.0,1.6,4.6,6.5,41895,353944.9,693386.6,24.35,88.56,20,1979.09,1
14661,Rajshahi,1979,10,34.1,23.6,188.0,80.0,0.9,2.0,8.8,41895,353944.9,693386.6,24.35,88.56,20,1979.1,1
14669,Rajshahi,1980,6,35.0,25.9,349.0,86.0,2.2,4.8,5.5,41895,353944.9,693386.6,24.35,88.56,20,1980.06,1
14671,Rajshahi,1980,8,35.5,26.5,316.0,86.0,1.8,5.6,5.1,41895,353944.9,693386.6,24.35,88.56,20,1980.08,1
14682,Rajshahi,1981,7,36.2,26.4,574.0,89.0,1.7,6.2,4.3,41895,353944.9,693386.6,24.35,88.56,20,1981.07,1
14683,Rajshahi,1981,8,34.1,25.9,340.0,85.0,2.1,5.4,6.8,41895,353944.9,693386.6,24.35,88.56,20,1981.08,1
14684,Rajshahi,1981,9,33.7,26.2,398.0,84.0,1.6,5.2,5.8,41895,353944.9,693386.6,24.35,88.56,20,1981.09,1
14693,Rajshahi,1982,6,37.5,25.6,260.0,83.0,2.1,5.3,4.7,41895,353944.9,693386.6,24.35,88.56,20,1982.06,1
14695,Rajshahi,1982,8,33.8,25.9,217.0,87.0,2.5,5.8,4.6,41895,353944.9,693386.6,24.35,88.56,20,1982.08,1
14706,Rajshahi,1983,7,36.2,26.5,366.0,84.0,4.7,4.9,5.3,41895,353944.9,693386.6,24.35,88.56,20,1983.07,1
14707,Rajshahi,1983,8,34.1,25.9,505.0,87.0,2.6,5.2,6.0,41895,353944.9,693386.6,24.35,88.56,20,1983.08,1
14709,Rajshahi,1983,10,33.9,23.7,358.0,83.0,1.2,3.6,6.2,41895,353944.9,693386.6,24.35,88.56,20,1983.1,1
14717,Rajshahi,1984,6,38.1,25.8,325.0,87.0,3.6,5.9,3.9,41895,353944.9,693386.6,24.35,88.56,20,1984.06,1
14718,Rajshahi,1984,7,33.6,25.5,294.0,88.0,3.0,6.2,3.7,41895,353944.9,693386.6,24.35,88.56,20,1984.07,1
14719,Rajshahi,1984,8,35.1,25.7,321.0,88.0,2.7,6.2,4.7,41895,353944.9,693386.6,24.35,88.56,20,1984.08,1
14720,Rajshahi,1984,9,33.8,24.9,297.0,84.0,2.1,4.5,6.3,41895,353944.9,693386.6,24.35,88.56,20,1984.09,1
14721,Rajshahi,1984,10,34.1,23.6,202.0,82.0,1.6,2.7,7.7,41895,353944.9,693386.6,24.35,88.56,20,1984.1,1
14729,Rajshahi,1985,6,37.3,25.7,232.0,85.0,2.5,5.5,4.8,41895,353944.9,693386.6,24.35,88.56,20,1985.06,1
14730,Rajshahi,1985,7,33.6,25.3,274.0,89.0,2.7,6.2,3.2,41895,353944.9,693386.6,24.35,88.56,20,1985.07,1
14732,Rajshahi,1985,9,34.0,25.4,233.0,87.0,1.8,5.6,5.2,41895,353944.9,693386.6,24.35,88.56,20,1985.09,1
14742,Rajshahi,1986,7,34.0,25.8,262.0,87.0,2.9,6.3,4.2,41895,353944.9,693386.6,24.35,88.56,20,1986.07,1
14744,Rajshahi,1986,9,35.2,24.9,406.0,87.0,2.4,5.9,5.5,41895,353944.9,693386.6,24.35,88.56,20,1986.09,1
14745,Rajshahi,1986,10,32.1,21.9,190.0,84.0,1.6,3.2,7.6,41895,353944.9,693386.6,24.35,88.56,20,1986.1,1
14754,Rajshahi,1987,7,34.2,25.7,488.0,90.0,2.2,6.6,2.6,41895,353944.9,693386.6,24.35,88.56,20,1987.07,1
14755,Rajshahi,1987,8,38.0,25.7,400.0,88.0,2.2,6.0,4.4,41895,353944.9,693386.6,24.35,88.56,20,1987.08,1
14756,Rajshahi,1987,9,34.5,26.1,193.0,87.0,1.7,5.6,4.4,41895,353944.9,693386.6,24.35,88.56,20,1987.09,1
14765,Rajshahi,1988,6,38.3,25.2,407.0,86.0,2.6,5.9,4.7,41895,353944.9,693386.6,24.35,88.56,20,1988.06,1
14766,Rajshahi,1988,7,34.0,25.9,301.0,88.0,2.1,6.2,4.2,41895,353944.9,693386.6,24.35,88.56,20,1988.07,1
14767,Rajshahi,1988,8,34.2,25.9,359.0,87.0,1.9,6.4,3.7,41895,353944.9,693386.6,24.35,88.56,20,1988.08,1
14776,Rajshahi,1989,5,43.7,24.9,224.0,73.0,2.6,3.9,6.4,41895,353944.9,693386.6,24.35,88.56,20,1989.05,1
14778,Rajshahi,1989,7,36.0,25.2,357.0,89.0,1.7,6.4,4.2,41895,353944.9,693386.6,24.35,88.56,20,1989.07,1
14780,Rajshahi,1989,9,35.2,25.2,332.0,88.0,1.8,5.7,5.0,41895,353944.9,693386.6,24.35,88.56,20,1989.09,1
14788,Rajshahi,1990,5,36.2,23.4,301.0,82.0,1.8,4.4,7.1,41895,353944.9,693386.6,24.35,88.56,20,1990.05,1
14790,Rajshahi,1990,7,33.7,25.4,462.0,89.0,1.7,6.8,3.3,41895,353944.9,693386.6,24.35,88.56,20,1990.07,1
14791,Rajshahi,1990,8,36.4,25.4,238.0,85.0,1.6,5.4,5.8,41895,353944.9,693386.6,24.35,88.56,20,1990.08,1
14792,Rajshahi,1990,9,35.9,24.8,180.0,87.0,1.7,6.1,5.1,41895,353944.9,693386.6,24.35,88.56,20,1990.09,1
14801,Rajshahi,1991,6,35.2,25.5,211.0,86.0,1.8,6.0,5.1,41895,353944.9,693386.6,24.35,88.56,20,1991.06,1
14802,Rajshahi,1991,7,35.3,25.7,286.0,88.0,2.3,6.2,5.0,41895,353944.9,693386.6,24.35,88.56,20,1991.07,1
14804,Rajshahi,1991,9,35.3,24.9,511.0,90.0,1.2,6.6,4.1,41895,353944.9,693386.6,24.35,88.56,20,1991.09,1
14814,Rajshahi,1992,7,36.5,25.3,244.0,87.0,1.7,6.2,4.0,41895,353944.9,693386.6,24.35,88.56,20,1992.07,1
14815,Rajshahi,1992,8,36.0,25.7,185.0,86.0,1.5,5.5,6.1,41895,353944.9,693386.6,24.35,88.56,20,1992.08,1
14816,Rajshahi,1992,9,35.3,25.2,124.0,83.0,1.3,4.1,6.3,41895,353944.9,693386.6,24.35,88.56,20,1992.09,1
14825,Rajshahi,1993,6,37.6,25.2,455.0,84.0,2.1,5.8,5.4,41895,353944.9,693386.6,24.35,88.56,20,1993.06,1
14826,Rajshahi,1993,7,34.6,26.0,241.0,87.0,1.7,6.0,3.8,41895,353944.9,693386.6,24.35,88.56,20,1993.07,1
14828,Rajshahi,1993,9,34.9,25.5,357.0,89.0,1.3,5.6,4.6,41895,353944.9,693386.6,24.35,88.56,20,1993.09,1
14829,Rajshahi,1993,10,34.5,23.5,159.0,85.0,0.7,3.1,7.1,41895,353944.9,693386.6,24.35,88.56,20,1993.1,1
14837,Rajshahi,1994,6,38.4,26.0,237.0,85.0,1.5,5.8,4.9,41895,353944.9,693386.6,24.35,88.56,20,1994.06,1
14839,Rajshahi,1994,8,35.0,26.2,206.0,84.0,1.4,5.6,5.2,41895,353944.9,693386.6,24.35,88.56,20,1994.08,1
14840,Rajshahi,1994,9,34.6,24.8,171.0,79.0,0.9,4.4,5.8,41895,353944.9,693386.6,24.35,88.56,20,1994.09,1
14849,Rajshahi,1995,6,38.6,26.5,291.0,84.0,1.3,6.0,3.9,41895,353944.9,693386.6,24.35,88.56,20,1995.06,1
14850,Rajshahi,1995,7,34.2,26.1,287.0,88.0,1.4,6.4,3.5,41895,353944.9,693386.6,24.35,88.56,20,1995.07,1
14851,Rajshahi,1995,8,35.5,26.1,270.0,86.0,1.0,5.9,3.5,41895,353944.9,693386.6,24.35,88.56,20,1995.08,1
14852,Rajshahi,1995,9,34.5,25.8,370.0,86.0,1.2,5.8,3.8,41895,353944.9,693386.6,24.35,88.56,20,1995.09,1
14861,Rajshahi,1996,6,36.5,25.1,284.0,85.0,1.3,5.4,5.7,41895,353944.9,693386.6,24.35,88.56,20,1996.06,1
14863,Rajshahi,1996,8,35.2,26.0,270.0,88.0,1.0,6.3,4.8,41895,353944.9,693386.6,24.35,88.56,20,1996.08,1
14864,Rajshahi,1996,9,35.7,26.1,298.0,86.0,0.7,4.6,6.6,41895,353944.9,693386.6,24.35,88.56,20,1996.09,1
14874,Rajshahi,1997,7,34.8,26.0,763.0,89.0,1.3,6.2,5.3,41895,353944.9,693386.6,24.35,88.56,20,1997.07,1
14875,Rajshahi,1997,8,35.8,26.4,468.0,88.0,1.2,6.1,4.9,41895,353944.9,693386.6,24.35,88.56,20,1997.08,1
14876,Rajshahi,1997,9,34.2,25.2,348.0,88.0,0.7,5.8,5.3,41895,353944.9,693386.6,24.35,88.56,20,1997.09,1
14886,Rajshahi,1998,7,35.5,26.5,404.0,90.0,1.4,6.6,4.0,41895,353944.9,693386.6,24.35,88.56,20,1998.07,1
14887,Rajshahi,1998,8,35.0,26.8,268.0,89.0,1.2,6.7,4.3,41895,353944.9,693386.6,24.35,88.56,20,1998.08,1
14888,Rajshahi,1998,9,36.0,26.2,310.0,88.0,1.0,5.0,6.0,41895,353944.9,693386.6,24.35,88.56,20,1998.09,1
14897,Rajshahi,1999,6,39.7,26.3,348.0,84.0,1.3,5.6,5.2,41895,353944.9,693386.6,24.35,88.56,20,1999.06,1
14898,Rajshahi,1999,7,34.9,25.9,349.0,90.0,1.1,6.6,4.2,41895,353944.9,693386.6,24.35,88.56,20,1999.07,1
14899,Rajshahi,1999,8,35.0,26.0,354.0,90.0,1.0,6.6,4.2,41895,353944.9,693386.6,24.35,88.56,20,1999.08,1
14900,Rajshahi,1999,9,34.2,25.6,502.0,90.0,1.2,5.8,5.0,41895,353944.9,693386.6,24.35,88.56,20,1999.09,1
14901,Rajshahi,1999,10,33.1,24.3,155.0,87.0,0.7,4.0,7.0,41895,353944.9,693386.6,24.35,88.56,20,1999.1,1
14909,Rajshahi,2000,6,36.3,25.9,222.0,85.0,1.3,5.6,5.3,41895,353944.9,693386.6,24.35,88.56,20,2000.06,1
14911,Rajshahi,2000,8,35.3,26.4,192.0,87.0,0.8,5.9,5.2,41895,353944.9,693386.6,24.35,88.56,20,2000.08,1
14912,Rajshahi,2000,9,34.6,25.3,644.0,90.0,0.9,5.4,5.9,41895,353944.9,693386.6,24.35,88.56,20,2000.09,1
14913,Rajshahi,2000,10,34.8,24.0,85.0,85.0,0.5,3.3,7.7,41895,353944.9,693386.6,24.35,88.56,20,2000.1,1
14921,Rajshahi,2001,6,35.2,25.6,324.0,87.0,1.8,6.2,5.4,41895,353944.9,693386.6,24.35,88.56,20,2001.06,1
14922,Rajshahi,2001,7,34.5,26.4,338.0,87.0,1.6,6.0,5.9,41895,353944.9,693386.6,24.35,88.56,20,2001.07,1
14923,Rajshahi,2001,8,35.0,26.6,210.0,86.0,1.1,5.7,6.5,41895,353944.9,693386.6,24.35,88.56,20,2001.08,1
14925,Rajshahi,2001,10,34.0,24.0,184.0,87.0,0.7,4.2,7.1,41895,353944.9,693386.6,24.35,88.56,20,2001.1,1
14934,Rajshahi,2002,7,37.2,26.6,316.0,88.0,1.2,6.5,3.6,41895,353944.9,693386.6,24.35,88.56,20,2002.07,1
14935,Rajshahi,2002,8,35.3,26.2,238.0,87.0,1.3,5.8,5.5,41895,353944.9,693386.6,24.35,88.56,20,2002.08,1
14936,Rajshahi,2002,9,35.3,25.6,281.0,86.0,1.1,5.1,6.9,41895,353944.9,693386.6,24.35,88.56,20,2002.09,1
14945,Rajshahi,2003,6,38.6,25.8,280.0,83.0,1.3,5.5,4.8,41895,353944.9,693386.6,24.35,88.56,20,2003.06,1
14946,Rajshahi,2003,7,34.8,26.6,230.0,86.0,1.4,5.8,4.9,41895,353944.9,693386.6,24.35,88.56,20,2003.07,1
14948,Rajshahi,2003,9,34.6,26.1,262.0,87.0,1.0,5.5,5.7,41895,353944.9,693386.6,24.35,88.56,20,2003.09,1
14949,Rajshahi,2003,10,34.4,24.0,292.0,88.0,0.7,5.0,5.0,41895,353944.9,693386.6,24.35,88.56,20,2003.1,1
14957,Rajshahi,2004,6,36.6,25.4,507.0,84.0,1.3,5.9,4.4,41895,353944.9,693386.6,24.35,88.56,20,2004.06,1
14958,Rajshahi,2004,7,35.8,25.9,339.0,87.0,1.3,6.4,3.8,41895,353944.9,693386.6,24.35,88.56,20,2004.07,1
14959,Rajshahi,2004,8,35.0,26.3,275.0,86.0,1.4,5.6,6.4,41895,353944.9,693386.6,24.35,88.56,20,2004.08,1
14960,Rajshahi,2004,9,34.6,25.5,349.0,88.0,1.7,6.3,3.5,41895,353944.9,693386.6,24.35,88.56,20,2004.09,1
14970,Rajshahi,2005,7,34.3,26.1,492.0,87.0,1.2,6.3,4.2,41895,353944.9,693386.6,24.35,88.56,20,2005.07,1
14971,Rajshahi,2005,8,36.0,26.7,161.0,87.0,0.9,6.3,4.1,41895,353944.9,693386.6,24.35,88.56,20,2005.08,1
14973,Rajshahi,2005,10,33.6,23.2,275.0,87.0,0.7,4.5,5.1,41895,353944.9,693386.6,24.35,88.56,20,2005.1,1
14983,Rajshahi,2006,8,35.8,26.0,247.0,86.0,1.2,5.7,5.7,41895,353944.9,693386.6,24.35,88.56,20,2006.08,1
14984,Rajshahi,2006,9,35.5,25.5,302.0,87.0,1.1,5.6,5.6,41895,353944.9,693386.6,24.35,88.56,20,2006.09,1
14993,Rajshahi,2007,6,39.8,25.6,313.0,84.0,1.2,5.9,4.9,41895,353944.9,693386.6,24.35,88.56,20,2007.06,1
14994,Rajshahi,2007,7,36.7,26.0,724.0,88.0,1.0,6.6,4.1,41895,353944.9,693386.6,24.35,88.56,20,2007.07,1
14995,Rajshahi,2007,8,36.8,26.7,236.0,86.0,0.8,5.3,5.6,41895,353944.9,693386.6,24.35,88.56,20,2007.08,1
14996,Rajshahi,2007,9,35.6,26.1,309.0,87.0,0.8,5.8,5.5,41895,353944.9,693386.6,24.35,88.56,20,2007.09,1
14997,Rajshahi,2007,10,35.5,23.3,76.0,84.0,0.4,3.3,6.8,41895,353944.9,693386.6,24.35,88.56,20,2007.1,1
15006,Rajshahi,2008,7,34.5,26.0,373.0,89.0,1.0,6.4,3.9,41895,353944.9,693386.6,24.35,88.56,20,2008.07,1
15007,Rajshahi,2008,8,35.4,26.4,245.0,86.0,1.1,6.0,5.3,41895,353944.9,693386.6,24.35,88.56,20,2008.08,1
15008,Rajshahi,2008,9,35.3,25.8,129.0,86.0,0.8,5.3,6.0,41895,353944.9,693386.6,24.35,88.56,20,2008.09,1
15019,Rajshahi,2009,8,35.5,26.4,240.0,87.0,1.9,6.4,3.9,41895,353944.9,693386.6,24.35,88.56,20,2009.08,1
15020,Rajshahi,2009,9,35.7,25.9,282.0,85.0,2.0,4.8,6.3,41895,353944.9,693386.6,24.35,88.56,20,2009.09,1
15029,Rajshahi,2010,6,38.3,26.1,211.0,82.0,2.1,6.0,4.3,41895,353944.9,693386.6,24.35,88.56,20,2010.06,1
15032,Rajshahi,2010,9,36.0,25.8,101.0,86.0,2.1,4.8,5.8,41895,353944.9,693386.6,24.35,88.56,20,2010.09,1
15033,Rajshahi,2010,10,35.8,23.4,127.0,86.0,2.2,3.4,6.9,41895,353944.9,693386.6,24.35,88.56,20,2010.1,1
15041,Rajshahi,2011,6,37.5,25.8,341.0,85.0,2.5,5.3,5.1,41895,353944.9,693386.6,24.35,88.56,20,2011.06,1
15043,Rajshahi,2011,8,36.0,26.2,454.0,88.0,2.1,5.9,3.8,41895,353944.9,693386.6,24.35,88.56,20,2011.08,1
15044,Rajshahi,2011,9,36.6,25.9,203.0,86.0,2.0,5.0,5.8,41895,353944.9,693386.6,24.35,88.56,20,2011.09,1
15054,Rajshahi,2012,7,35.6,26.4,314.0,87.0,2.1,6.3,4.2,41895,353944.9,693386.6,24.35,88.56,20,2012.07,1
15056,Rajshahi,2012,9,36.4,26.1,178.0,87.0,1.9,5.6,5.1,41895,353944.9,693386.6,24.35,88.56,20,2012.09,1
15057,Rajshahi,2012,10,36.0,21.9,102.0,81.0,1.6,2.3,7.7,41895,353944.9,693386.6,24.35,88.56,20,2012.1,1
15067,Rajshahi,2013,8,36.6,26.3,254.0,87.0,2.3,6.0,4.2,41895,353944.9,693386.6,24.35,88.56,20,2013.08,1
15068,Rajshahi,2013,9,37.9,26.3,238.0,84.0,1.6,5.1,6.2,41895,353944.9,693386.6,24.35,88.56,20,2013.09,1
15069,Rajshahi,2013,10,34.8,23.4,204.0,87.0,2.4,4.3,5.2,41895,353944.9,693386.6,24.35,88.56,20,2013.1,1
15103,Rangamati,1959,8,33.0,24.5,412.0,90.0,1.351851852,6.3,4.744444444,41966,725903.3,508021.9,22.67,92.2,63,1959.08,1
15113,Rangamati,1960,6,37.7,25.1,419.0,86.0,1.1,5.1,4.381481481,41966,725903.3,508021.9,22.67,92.2,63,1960.06,1
15114,Rangamati,1960,7,34.8,24.6,730.0,90.0,1.2,6.1,3.748148148,41966,725903.3,508021.9,22.67,92.2,63,1960.07,1
15125,Rangamati,1961,6,35.2,24.5,1081.0,88.0,1.6,5.9,4.381481481,41966,725903.3,508021.9,22.67,92.2,63,1961.06,1
15126,Rangamati,1961,7,34.3,25.0,857.0,87.0,3.0,5.9,3.748148148,41966,725903.3,508021.9,22.67,92.2,63,1961.07,1
15127,Rangamati,1961,8,34.1,25.2,660.0,88.0,2.7,6.0,4.744444444,41966,725903.3,508021.9,22.67,92.2,63,1961.08,1
15137,Rangamati,1962,6,35.8,25.0,542.0,86.0,2.2,6.3,4.381481481,41966,725903.3,508021.9,22.67,92.2,63,1962.06,1
15139,Rangamati,1962,8,34.1,25.1,530.0,87.0,2.2,6.3,4.744444444,41966,725903.3,508021.9,22.67,92.2,63,1962.08,1
15140,Rangamati,1962,9,35.1,25.5,472.0,82.0,1.4,5.7,5.3,41966,725903.3,508021.9,22.67,92.2,63,1962.09,1
15149,Rangamati,1963,6,35.9,25.3,773.0,87.0,2.3,6.3,4.381481481,41966,725903.3,508021.9,22.67,92.2,63,1963.06,1
15150,Rangamati,1963,7,33.8,25.1,950.0,89.0,2.6,6.1,3.748148148,41966,725903.3,508021.9,22.67,92.2,63,1963.07,1
15162,Rangamati,1964,7,33.9,25.1,412.0,85.0,3.2,5.7,3.748148148,41966,725903.3,508021.9,22.67,92.2,63,1964.07,1
15163,Rangamati,1964,8,31.9,24.9,412.0,85.0,1.4,5.9,4.744444444,41966,725903.3,508021.9,22.67,92.2,63,1964.08,1
15165,Rangamati,1964,10,32.3,23.9,412.0,83.0,0.9,4.0,6.596296296,41966,725903.3,508021.9,22.67,92.2,63,1964.1,1
15173,Rangamati,1965,6,35.8,25.1,681.0,86.0,2.1,5.6,4.381481481,41966,725903.3,508021.9,22.67,92.2,63,1965.06,1
15174,Rangamati,1965,7,34.4,25.0,549.0,87.0,2.3,5.5,3.748148148,41966,725903.3,508021.9,22.67,92.2,63,1965.07,1
15175,Rangamati,1965,8,35.0,24.8,402.0,88.0,2.0,5.9,4.744444444,41966,725903.3,508021.9,22.67,92.2,63,1965.08,1
15185,Rangamati,1966,6,36.7,25.3,536.0,87.0,3.1,6.2,4.381481481,41966,725903.3,508021.9,22.67,92.2,63,1966.06,1
15186,Rangamati,1966,7,35.0,25.7,503.0,85.0,1.9,5.6,3.748148148,41966,725903.3,508021.9,22.67,92.2,63,1966.07,1
15198,Rangamati,1967,7,35.8,25.6,673.0,84.0,1.6,6.0,3.748148148,41966,725903.3,508021.9,22.67,92.2,63,1967.07,1
15209,Rangamati,1968,6,34.9,24.5,635.0,88.0,1.6,5.7,4.381481481,41966,725903.3,508021.9,22.67,92.2,63,1968.06,1
15210,Rangamati,1968,7,35.7,25.2,1124.0,88.0,1.6,6.0,3.748148148,41966,725903.3,508021.9,22.67,92.2,63,1968.07,1
15220,Rangamati,1969,5,37.2,25.3,657.0,85.0,2.5,5.7,6.322222222,41966,725903.3,508021.9,22.67,92.2,63,1969.05,1
15223,Rangamati,1969,8,34.3,24.7,740.0,89.0,2.2,5.8,4.744444444,41966,725903.3,508021.9,22.67,92.2,63,1969.08,1
15234,Rangamati,1970,7,35.0,24.9,1276.0,90.0,1.9,5.9,3.748148148,41966,725903.3,508021.9,22.67,92.2,63,1970.07,1
15245,Rangamati,1971,6,35.0,24.9,693.0,88.0,2.4,6.3,4.381481481,41966,725903.3,508021.9,22.67,92.2,63,1971.06,1
15247,Rangamati,1971,8,32.9,24.4,507.0,92.0,2.0,6.2,4.744444444,41966,725903.3,508021.9,22.67,92.2,63,1971.08,1
15257,Rangamati,1972,6,36.1,25.7,450.0,82.0,1.8,5.2,4.381481481,41966,725903.3,508021.9,22.67,92.2,63,1972.06,1
15269,Rangamati,1973,6,34.2,25.2,453.0,86.0,1.6,5.4,4.381481481,41966,725903.3,508021.9,22.67,92.2,63,1973.06,1
15270,Rangamati,1973,7,34.2,25.6,608.0,83.0,1.9,5.4,3.748148148,41966,725903.3,508021.9,22.67,92.2,63,1973.07,1
15271,Rangamati,1973,8,32.7,24.9,481.0,86.0,1.4,5.1,4.744444444,41966,725903.3,508021.9,22.67,92.2,63,1973.08,1
15281,Rangamati,1974,6,35.1,24.9,441.0,84.0,2.0,5.7,4.381481481,41966,725903.3,508021.9,22.67,92.2,63,1974.06,1
15282,Rangamati,1974,7,31.2,24.2,489.0,85.0,1.8,6.1,3.748148148,41966,725903.3,508021.9,22.67,92.2,63,1974.07,1
15284,Rangamati,1974,9,34.8,24.7,401.0,84.0,1.2,5.1,5.3,41966,725903.3,508021.9,22.67,92.2,63,1974.09,1
15293,Rangamati,1975,6,35.1,25.7,508.0,84.0,1.7,5.1,4.381481481,41966,725903.3,508021.9,22.67,92.2,63,1975.06,1
15294,Rangamati,1975,7,32.0,24.8,649.0,87.0,2.1,5.7,3.748148148,41966,725903.3,508021.9,22.67,92.2,63,1975.07,1
15305,Rangamati,1976,6,33.9,23.3,874.0,88.0,2.2,5.5,4.381481481,41966,725903.3,508021.9,22.67,92.2,63,1976.06,1
15306,Rangamati,1976,7,32.9,24.4,783.0,89.0,2.2,5.8,3.748148148,41966,725903.3,508021.9,22.67,92.2,63,1976.07,1
15308,Rangamati,1976,9,34.1,25.3,389.0,82.0,1.6,4.5,5.3,41966,725903.3,508021.9,22.67,92.2,63,1976.09,1
15315,Rangamati,1977,4,36.2,22.6,465.0,80.0,3.4,4.3,7.9,41966,725903.3,508021.9,22.67,92.2,63,1977.04,1
15317,Rangamati,1977,6,34.8,24.8,502.0,85.0,2.6,5.6,4.381481481,41966,725903.3,508021.9,22.67,92.2,63,1977.06,1
15318,Rangamati,1977,7,32.5,24.8,520.0,87.0,2.4,5.9,3.748148148,41966,725903.3,508021.9,22.67,92.2,63,1977.07,1
15319,Rangamati,1977,8,33.4,24.9,492.0,85.0,2.2,5.9,4.744444444,41966,725903.3,508021.9,22.67,92.2,63,1977.08,1
15329,Rangamati,1978,6,34.0,24.9,713.0,86.0,2.2,5.6,4.381481481,41966,725903.3,508021.9,22.67,92.2,63,1978.06,1
15332,Rangamati,1978,9,33.9,24.8,441.0,86.0,1.8,5.9,5.3,41966,725903.3,508021.9,22.67,92.2,63,1978.09,1
15341,Rangamati,1979,6,37.5,25.6,519.0,82.0,1.8,5.4,4.381481481,41966,725903.3,508021.9,22.67,92.2,63,1979.06,1
15342,Rangamati,1979,7,33.7,25.4,710.0,85.0,1.2,5.6,3.748148148,41966,725903.3,508021.9,22.67,92.2,63,1979.07,1
15343,Rangamati,1979,8,35.3,25.1,605.0,88.0,1.5,6.1,4.744444444,41966,725903.3,508021.9,22.67,92.2,63,1979.08,1
15352,Rangamati,1980,5,36.2,23.4,628.0,77.0,1.8,4.4,6.322222222,41966,725903.3,508021.9,22.67,92.2,63,1980.05,1
15353,Rangamati,1980,6,35.0,25.3,435.0,84.0,2.0,4.7,4.381481481,41966,725903.3,508021.9,22.67,92.2,63,1980.06,1
15354,Rangamati,1980,7,35.0,25.8,997.0,82.0,3.0,5.5,3.748148148,41966,725903.3,508021.9,22.67,92.2,63,1980.07,1
15355,Rangamati,1980,8,34.3,25.2,448.0,83.0,2.7,5.6,4.744444444,41966,725903.3,508021.9,22.67,92.2,63,1980.08,1
15367,Rangamati,1981,8,33.2,25.5,447.0,85.0,2.1,6.0,4.744444444,41966,725903.3,508021.9,22.67,92.2,63,1981.08,1
15377,Rangamati,1982,6,36.5,25.1,439.0,86.0,2.4,6.5,4.381481481,41966,725903.3,508021.9,22.67,92.2,63,1982.06,1
15379,Rangamati,1982,8,32.5,25.4,421.0,87.0,2.3,6.2,4.744444444,41966,725903.3,508021.9,22.67,92.2,63,1982.08,1
15388,Rangamati,1983,5,35.5,24.2,430.0,77.0,1.2,4.5,6.322222222,41966,725903.3,508021.9,22.67,92.2,63,1983.05,1
15390,Rangamati,1983,7,34.5,25.8,490.0,84.0,1.9,6.1,3.748148148,41966,725903.3,508021.9,22.67,92.2,63,1983.07,1
15391,Rangamati,1983,8,34.0,24.8,453.0,83.0,2.2,6.1,4.744444444,41966,725903.3,508021.9,22.67,92.2,63,1983.08,1
15400,Rangamati,1984,5,35.0,21.5,625.0,78.0,2.0,4.9,6.322222222,41966,725903.3,508021.9,22.67,92.2,63,1984.05,1
15401,Rangamati,1984,6,35.0,22.3,451.0,84.0,1.5,6.6,4.381481481,41966,725903.3,508021.9,22.67,92.2,63,1984.06,1
15413,Rangamati,1985,6,34.5,24.1,413.0,85.0,1.5,6.2,4.381481481,41966,725903.3,508021.9,22.67,92.2,63,1985.06,1
15414,Rangamati,1985,7,34.2,24.5,512.0,85.0,1.2,6.4,3.748148148,41966,725903.3,508021.9,22.67,92.2,63,1985.07,1
15415,Rangamati,1985,8,34.2,24.3,422.0,85.0,1.0,6.2,4.744444444,41966,725903.3,508021.9,22.67,92.2,63,1985.08,1
15426,Rangamati,1986,7,33.5,23.9,782.0,86.0,0.9,6.4,3.748148148,41966,725903.3,508021.9,22.67,92.2,63,1986.07,1
15427,Rangamati,1986,8,35.2,24.8,469.0,84.0,0.8,6.1,4.744444444,41966,725903.3,508021.9,22.67,92.2,63,1986.08,1
15438,Rangamati,1987,7,35.0,24.9,630.0,88.0,1.2,6.6,2.0,41966,725903.3,508021.9,22.67,92.2,63,1987.07,1
15439,Rangamati,1987,8,33.5,24.9,816.0,87.0,0.8,5.8,5.4,41966,725903.3,508021.9,22.67,92.2,63,1987.08,1
15449,Rangamati,1988,6,35.2,24.9,760.0,85.0,0.9,5.3,3.7,41966,725903.3,508021.9,22.67,92.2,63,1988.06,1
15450,Rangamati,1988,7,33.8,25.0,679.0,86.0,1.1,6.1,3.5,41966,725903.3,508021.9,22.67,92.2,63,1988.07,1
15451,Rangamati,1988,8,33.5,25.1,567.0,86.0,0.7,5.9,2.7,41966,725903.3,508021.9,22.67,92.2,63,1988.08,1
15462,Rangamati,1989,7,34.4,24.8,821.0,87.0,1.1,6.2,2.9,41966,725903.3,508021.9,22.67,92.2,63,1989.07,1
15464,Rangamati,1989,9,33.2,24.6,413.0,84.0,0.6,4.9,4.3,41966,725903.3,508021.9,22.67,92.2,63,1989.09,1
15465,Rangamati,1989,10,33.5,23.6,563.0,87.0,0.5,4.9,4.1,41966,725903.3,508021.9,22.67,92.2,63,1989.1,1
15474,Rangamati,1990,7,33.5,24.4,645.0,87.0,1.2,6.4,2.3,41966,725903.3,508021.9,22.67,92.2,63,1990.07,1
15484,Rangamati,1991,5,34.4,22.6,526.0,79.0,1.6,5.2,5.1,41966,725903.3,508021.9,22.67,92.2,63,1991.05,1
15485,Rangamati,1991,6,34.5,24.9,615.0,85.0,1.0,6.2,3.0,41966,725903.3,508021.9,22.67,92.2,63,1991.06,1
15486,Rangamati,1991,7,35.0,25.0,462.0,85.0,1.1,6.1,3.4,41966,725903.3,508021.9,22.67,92.2,63,1991.07,1
15487,Rangamati,1991,8,37.3,24.8,606.0,85.0,0.8,5.9,4.2,41966,725903.3,508021.9,22.67,92.2,63,1991.08,1
15497,Rangamati,1992,6,36.9,25.1,428.0,82.0,0.8,4.7,6.0,41966,725903.3,508021.9,22.67,92.2,63,1992.06,1
15508,Rangamati,1993,5,35.6,22.2,475.0,80.0,1.1,4.8,5.9,41966,725903.3,508021.9,22.67,92.2,63,1993.05,1
15509,Rangamati,1993,6,34.0,24.3,784.0,84.0,1.2,6.0,4.2,41966,725903.3,508021.9,22.67,92.2,63,1993.06,1
15510,Rangamati,1993,7,34.8,23.2,980.0,84.0,1.2,6.2,4.1,41966,725903.3,508021.9,22.67,92.2,63,1993.07,1
15511,Rangamati,1993,8,34.0,22.8,727.0,86.0,1.0,5.9,4.1,41966,725903.3,508021.9,22.67,92.2,63,1993.08,1
15522,Rangamati,1994,7,34.2,24.7,457.0,81.0,0.8,6.1,4.3,41966,725903.3,508021.9,22.67,92.2,63,1994.07,1
15523,Rangamati,1994,8,34.6,24.6,366.0,82.0,0.6,6.3,5.0,41966,725903.3,508021.9,22.67,92.2,63,1994.08,1
15532,Rangamati,1995,5,40.5,25.9,490.0,73.0,1.8,4.7,6.9,41966,725903.3,508021.9,22.67,92.2,63,1995.05,1
15534,Rangamati,1995,7,34.2,24.7,607.0,82.0,0.9,6.3,4.0,41966,725903.3,508021.9,22.67,92.2,63,1995.07,1
15545,Rangamati,1996,6,35.2,24.3,454.0,84.0,1.3,5.6,5.9,41966,725903.3,508021.9,22.67,92.2,63,1996.06,1
15546,Rangamati,1996,7,34.7,24.9,509.0,86.0,1.0,6.5,4.0,41966,725903.3,508021.9,22.67,92.2,63,1996.07,1
15547,Rangamati,1996,8,33.8,24.5,430.0,88.0,0.8,6.8,2.9,41966,725903.3,508021.9,22.67,92.2,63,1996.08,1
15548,Rangamati,1996,9,35.6,24.6,379.0,86.0,0.4,5.9,5.5,41966,725903.3,508021.9,22.67,92.2,63,1996.09,1
15557,Rangamati,1997,6,34.7,23.7,508.0,84.0,1.0,6.0,4.4,41966,725903.3,508021.9,22.67,92.2,63,1997.06,1
15558,Rangamati,1997,7,34.3,24.9,657.0,88.0,1.1,6.5,3.3,41966,725903.3,508021.9,22.67,92.2,63,1997.07,1
15559,Rangamati,1997,8,35.6,25.1,481.0,85.0,0.8,5.9,4.9,41966,725903.3,508021.9,22.67,92.2,63,1997.08,1
15560,Rangamati,1997,9,34.4,24.1,443.0,87.0,0.8,5.6,4.7,41966,725903.3,508021.9,22.67,92.2,63,1997.09,1
15568,Rangamati,1998,5,37.4,24.1,658.0,81.0,0.9,4.9,6.1,41966,725903.3,508021.9,22.67,92.2,63,1998.05,1
15570,Rangamati,1998,7,34.2,25.2,691.0,89.0,1.2,6.8,2.8,41966,725903.3,508021.9,22.67,92.2,63,1998.07,1
15571,Rangamati,1998,8,34.4,25.1,485.0,88.0,0.9,6.6,3.5,41966,725903.3,508021.9,22.67,92.2,63,1998.08,1
15581,Rangamati,1999,6,36.0,24.7,840.0,88.0,1.5,6.6,3.8,41966,725903.3,508021.9,22.67,92.2,63,1999.06,1
15582,Rangamati,1999,7,35.0,24.9,590.0,88.0,1.2,6.8,3.7,41966,725903.3,508021.9,22.67,92.2,63,1999.07,1
15583,Rangamati,1999,8,34.4,24.7,474.0,88.0,1.1,6.8,2.6,41966,725903.3,508021.9,22.67,92.2,63,1999.08,1
15592,Rangamati,2000,5,37.2,23.3,498.0,84.0,1.2,5.5,4.4,41966,725903.3,508021.9,22.67,92.2,63,2000.05,1
15593,Rangamati,2000,6,35.5,24.7,565.0,87.0,1.0,6.0,4.6,41966,725903.3,508021.9,22.67,92.2,63,2000.06,1
15595,Rangamati,2000,8,35.2,24.6,534.0,87.0,0.7,6.0,5.0,41966,725903.3,508021.9,22.67,92.2,63,2000.08,1
15605,Rangamati,2001,6,34.7,24.7,569.0,85.0,1.1,6.1,3.8,41966,725903.3,508021.9,22.67,92.2,63,2001.06,1
15606,Rangamati,2001,7,35.2,24.9,346.0,84.0,1.2,5.8,4.3,41966,725903.3,508021.9,22.67,92.2,63,2001.07,1
15616,Rangamati,2002,5,35.8,23.1,548.0,83.0,0.9,4.9,5.8,41966,725903.3,508021.9,22.67,92.2,63,2002.05,1
15618,Rangamati,2002,7,34.6,25.2,852.0,88.0,0.6,6.3,2.6,41966,725903.3,508021.9,22.67,92.2,63,2002.07,1
15619,Rangamati,2002,8,34.6,24.7,472.0,86.0,0.5,6.0,4.4,41966,725903.3,508021.9,22.67,92.2,63,2002.08,1
15620,Rangamati,2002,9,35.4,24.6,353.0,85.0,0.4,4.4,6.6,41966,725903.3,508021.9,22.67,92.2,63,2002.09,1
15629,Rangamati,2003,6,37.2,24.4,1086.0,87.0,0.8,6.1,2.6,41966,725903.3,508021.9,22.67,92.2,63,2003.06,1
15632,Rangamati,2003,9,35.0,24.9,370.0,85.0,0.4,4.9,5.6,41966,725903.3,508021.9,22.67,92.2,63,2003.09,1
15641,Rangamati,2004,6,36.2,25.0,841.0,84.0,0.8,6.0,4.0,41966,725903.3,508021.9,22.67,92.2,63,2004.06,1
15642,Rangamati,2004,7,34.5,24.6,1076.0,87.0,1.1,6.2,3.8,41966,725903.3,508021.9,22.67,92.2,63,2004.07,1
15644,Rangamati,2004,9,34.4,24.3,491.0,87.0,0.5,5.5,4.5,41966,725903.3,508021.9,22.67,92.2,63,2004.09,1
15655,Rangamati,2005,8,34.7,25.1,644.0,88.0,1.0,6.8,2.9,41966,725903.3,508021.9,22.67,92.2,63,2005.08,1
15664,Rangamati,2006,5,36.8,23.7,701.0,79.0,0.9,4.8,6.5,41966,725903.3,508021.9,22.67,92.2,63,2006.05,1
15666,Rangamati,2006,7,35.2,25.3,476.0,83.0,0.3,6.0,3.8,41966,725903.3,508021.9,22.67,92.2,63,2006.07,1
15667,Rangamati,2006,8,35.2,24.9,370.0,83.0,0.1,5.5,6.5,41966,725903.3,508021.9,22.67,92.2,63,2006.08,1
15677,Rangamati,2007,6,36.2,24.8,591.0,86.0,0.8,6.1,5.1,41966,725903.3,508021.9,22.67,92.2,63,2007.06,1
15678,Rangamati,2007,7,35.0,24.9,712.0,88.0,1.1,6.8,3.1,41966,725903.3,508021.9,22.67,92.2,63,2007.07,1
15680,Rangamati,2007,9,34.7,24.7,535.0,87.0,0.6,6.5,4.4,41966,725903.3,508021.9,22.67,92.2,63,2007.09,1
15690,Rangamati,2008,7,34.3,24.7,433.0,86.0,0.8,6.0,4.4,41966,725903.3,508021.9,22.67,92.2,63,2008.07,1
15691,Rangamati,2008,8,34.0,24.6,400.0,86.0,0.6,6.1,4.5,41966,725903.3,508021.9,22.67,92.2,63,2008.08,1
15702,Rangamati,2009,7,34.8,24.9,639.0,85.0,3.0,5.6,4.7,41966,725903.3,508021.9,22.67,92.2,63,2009.07,1
15703,Rangamati,2009,8,34.2,25.1,472.0,87.0,2.2,6.1,3.9,41966,725903.3,508021.9,22.67,92.2,63,2009.08,1
15712,Rangamati,2010,5,37.0,24.5,424.0,80.0,2.6,4.5,6.3,41966,725903.3,508021.9,22.67,92.2,63,2010.05,1
15713,Rangamati,2010,6,34.4,24.9,653.0,86.0,2.2,5.7,4.1,41966,725903.3,508021.9,22.67,92.2,63,2010.06,1
15715,Rangamati,2010,8,35.4,25.3,496.0,84.0,2.0,5.7,5.5,41966,725903.3,508021.9,22.67,92.2,63,2010.08,1
15725,Rangamati,2011,6,36.2,24.7,516.0,84.0,2.2,5.7,4.1,41966,725903.3,508021.9,22.67,92.2,63,2011.06,1
15726,Rangamati,2011,7,34.8,24.5,463.0,86.0,1.8,5.6,5.0,41966,725903.3,508021.9,22.67,92.2,63,2011.07,1
15727,Rangamati,2011,8,35.0,24.3,566.0,87.0,1.7,6.2,4.2,41966,725903.3,508021.9,22.67,92.2,63,2011.08,1
15728,Rangamati,2011,9,36.0,24.0,420.0,85.0,1.6,5.1,5.7,41966,725903.3,508021.9,22.67,92.2,63,2011.09,1
15737,Rangamati,2012,6,35.3,25.0,834.0,85.0,2.0,5.8,4.0,41966,725903.3,508021.9,22.67,92.2,63,2012.06,1
15738,Rangamati,2012,7,35.2,24.7,489.0,86.0,2.4,6.2,3.2,41966,725903.3,508021.9,22.67,92.2,63,2012.07,1
15748,Rangamati,2013,5,35.5,23.7,435.0,80.0,2.1,5.9,3.8,41966,725903.3,508021.9,22.67,92.2,63,2013.05,1
15752,Rangamati,2013,9,35.4,24.4,476.0,84.0,1.0,5.5,5.6,41966,725903.3,508021.9,22.67,92.2,63,2013.09,1
15753,Rangamati,2013,10,34.5,23.1,198.0,87.0,1.2,4.8,5.9,41966,725903.3,508021.9,22.67,92.2,63,2013.1,1
15761,Rangpur,1954,6,35.63157895,24.94210526,944.0,85.0,1.542592593,6.5,4.894285714,41859,426172.9,844822.3,25.72,89.26,34,1954.06,1
15762,Rangpur,1954,7,34.69298246,25.8754386,602.0,86.07272727,1.474074074,6.2,4.348571429,41859,426172.9,844822.3,25.72,89.26,34,1954.07,1
15773,Rangpur,1955,6,35.63157895,24.94210526,566.0,85.0,1.542592593,5.3,4.894285714,41859,426172.9,844822.3,25.72,89.26,34,1955.06,1
15774,Rangpur,1955,7,34.69298246,25.8754386,892.0,86.07272727,1.474074074,6.2,4.348571429,41859,426172.9,844822.3,25.72,89.26,34,1955.07,1
15775,Rangpur,1955,8,35.03859649,26.26140351,562.0,85.27272727,1.383333333,5.8,5.145714286,41859,426172.9,844822.3,25.72,89.26,34,1955.08,1
15785,Rangpur,1956,6,35.63157895,24.94210526,769.0,85.0,1.542592593,6.4,4.894285714,41859,426172.9,844822.3,25.72,89.26,34,1956.06,1
15786,Rangpur,1956,7,34.69298246,25.8754386,488.0,86.07272727,1.474074074,5.1,4.348571429,41859,426172.9,844822.3,25.72,89.26,34,1956.07,1
15787,Rangpur,1956,8,35.03859649,26.26140351,501.0,85.27272727,1.383333333,6.2,5.145714286,41859,426172.9,844822.3,25.72,89.26,34,1956.08,1
15797,Rangpur,1957,6,35.0,24.0,439.0,85.0,1.542592593,5.5,4.894285714,41859,426172.9,844822.3,25.72,89.26,34,1957.06,1
15810,Rangpur,1958,7,32.2,25.8,412.0,86.07272727,1.474074074,5.9,4.348571429,41859,426172.9,844822.3,25.72,89.26,34,1958.07,1
15821,Rangpur,1959,6,34.4,24.9,583.0,87.0,1.542592593,6.0,4.894285714,41859,426172.9,844822.3,25.72,89.26,34,1959.06,1
15834,Rangpur,1960,7,33.9,25.9,471.0,88.0,1.4,5.8,4.348571429,41859,426172.9,844822.3,25.72,89.26,34,1960.07,1
15836,Rangpur,1960,9,34.4,25.7,488.0,89.0,1.0,5.3,5.2,41859,426172.9,844822.3,25.72,89.26,34,1960.09,1
15845,Rangpur,1961,6,36.8,25.2,440.0,86.0,1.3,5.7,4.894285714,41859,426172.9,844822.3,25.72,89.26,34,1961.06,1
15857,Rangpur,1962,6,35.0,25.1,464.0,87.0,1.2,5.7,4.894285714,41859,426172.9,844822.3,25.72,89.26,34,1962.06,1
15859,Rangpur,1962,8,33.9,25.8,572.0,88.0,1.4,5.8,5.145714286,41859,426172.9,844822.3,25.72,89.26,34,1962.08,1
15870,Rangpur,1963,7,33.3,26.1,566.0,89.0,1.1,5.5,4.348571429,41859,426172.9,844822.3,25.72,89.26,34,1963.07,1
15881,Rangpur,1964,6,36.6,24.8,554.0,86.0,1.7,5.4,4.894285714,41859,426172.9,844822.3,25.72,89.26,34,1964.06,1
15882,Rangpur,1964,7,34.5,25.5,477.0,89.0,1.5,5.6,4.348571429,41859,426172.9,844822.3,25.72,89.26,34,1964.07,1
15895,Rangpur,1965,8,34.3,25.9,553.0,87.0,1.5,5.0,5.145714286,41859,426172.9,844822.3,25.72,89.26,34,1965.08,1
15918,Rangpur,1967,7,35.7,25.8,474.0,84.0,1.5,4.6,4.348571429,41859,426172.9,844822.3,25.72,89.26,34,1967.07,1
15930,Rangpur,1968,7,32.2,25.8,459.0,86.0,1.4,5.9,4.348571429,41859,426172.9,844822.3,25.72,89.26,34,1968.07,1
15942,Rangpur,1969,7,37.7,26.2,636.0,85.0,0.7,5.4,4.348571429,41859,426172.9,844822.3,25.72,89.26,34,1969.07,1
15953,Rangpur,1970,6,36.7,23.9,527.0,85.0,1.2,5.4,4.894285714,41859,426172.9,844822.3,25.72,89.26,34,1970.06,1
15954,Rangpur,1970,7,34.3,24.7,503.0,87.0,0.9,5.3,4.348571429,41859,426172.9,844822.3,25.72,89.26,34,1970.07,1
15967,Rangpur,1971,8,34.4,25.7,438.0,85.0,1.5,5.4,5.145714286,41859,426172.9,844822.3,25.72,89.26,34,1971.08,1
15989,Rangpur,1973,6,33.0,24.9,744.0,85.0,0.8,4.9,4.894285714,41859,426172.9,844822.3,25.72,89.26,34,1973.06,1
15992,Rangpur,1973,9,32.2,25.2,531.0,86.0,1.0,4.6,5.2,41859,426172.9,844822.3,25.72,89.26,34,1973.09,1
16002,Rangpur,1974,7,32.3,25.8,459.0,86.0,1.4,5.9,4.348571429,41859,426172.9,844822.3,25.72,89.26,34,1974.07,1
16012,Rangpur,1975,5,32.8,22.9,445.0,85.0,0.8,4.1,6.634285714,41859,426172.9,844822.3,25.72,89.26,34,1975.05,1
16014,Rangpur,1975,7,32.3,25.8,468.0,88.0,0.7,5.6,4.348571429,41859,426172.9,844822.3,25.72,89.26,34,1975.07,1
16026,Rangpur,1976,7,32.3,25.8,500.0,91.0,0.8,4.8,4.348571429,41859,426172.9,844822.3,25.72,89.26,34,1976.07,1
16037,Rangpur,1977,6,33.0,24.9,550.0,85.0,0.7,5.8,4.894285714,41859,426172.9,844822.3,25.72,89.26,34,1977.06,1
16050,Rangpur,1978,7,33.9,26.1,530.0,85.0,0.6,5.7,4.348571429,41859,426172.9,844822.3,25.72,89.26,34,1978.07,1
16052,Rangpur,1978,9,34.0,25.2,511.0,85.0,0.6,5.6,5.2,41859,426172.9,844822.3,25.72,89.26,34,1978.09,1
16062,Rangpur,1979,7,34.5,25.0,677.0,86.0,1.4,6.0,4.2,41859,426172.9,844822.3,25.72,89.26,34,1979.07,1
16063,Rangpur,1979,8,35.5,26.0,510.0,81.0,1.4,5.6,4.8,41859,426172.9,844822.3,25.72,89.26,34,1979.08,1
16073,Rangpur,1980,6,34.3,25.9,426.0,84.0,1.2,5.5,6.1,41859,426172.9,844822.3,25.72,89.26,34,1980.06,1
16075,Rangpur,1980,8,34.3,26.3,579.0,85.0,1.2,5.9,5.1,41859,426172.9,844822.3,25.72,89.26,34,1980.08,1
16084,Rangpur,1981,5,33.5,22.4,432.0,80.0,0.9,4.3,8.1,41859,426172.9,844822.3,25.72,89.26,34,1981.05,1
16086,Rangpur,1981,7,34.0,26.3,459.0,86.0,1.4,5.9,4.2,41859,426172.9,844822.3,25.72,89.26,34,1981.07,1
16097,Rangpur,1982,6,33.8,25.4,649.0,84.0,1.4,6.2,4.0,41859,426172.9,844822.3,25.72,89.26,34,1982.06,1
16098,Rangpur,1982,7,38.0,26.2,473.0,84.0,1.4,6.2,4.4,41859,426172.9,844822.3,25.72,89.26,34,1982.07,1
16100,Rangpur,1982,9,35.7,25.8,455.0,85.0,0.7,4.8,5.9,41859,426172.9,844822.3,25.72,89.26,34,1982.09,1
16110,Rangpur,1983,7,34.7,26.2,636.0,85.0,0.9,5.9,4.8,41859,426172.9,844822.3,25.72,89.26,34,1983.07,1
16121,Rangpur,1984,6,36.0,25.6,989.0,85.0,2.1,5.6,5.5,41859,426172.9,844822.3,25.72,89.26,34,1984.06,1
16122,Rangpur,1984,7,33.6,25.3,812.0,88.0,1.8,6.5,3.1,41859,426172.9,844822.3,25.72,89.26,34,1984.07,1
16124,Rangpur,1984,9,33.8,24.2,684.0,89.0,1.2,5.3,4.6,41859,426172.9,844822.3,25.72,89.26,34,1984.09,1
16133,Rangpur,1985,6,35.3,25.2,569.0,85.0,1.5,5.8,5.2,41859,426172.9,844822.3,25.72,89.26,34,1985.06,1
16134,Rangpur,1985,7,34.4,25.2,770.0,89.0,1.5,6.6,3.8,41859,426172.9,844822.3,25.72,89.26,34,1985.07,1
16146,Rangpur,1986,7,34.2,25.3,497.0,86.0,1.7,6.6,4.2,41859,426172.9,844822.3,25.72,89.26,34,1986.07,1
16148,Rangpur,1986,9,34.0,23.7,521.0,89.0,1.6,6.2,3.5,41859,426172.9,844822.3,25.72,89.26,34,1986.09,1
16157,Rangpur,1987,6,37.6,25.6,485.0,88.0,1.7,6.0,4.8,41859,426172.9,844822.3,25.72,89.26,34,1987.06,1
16158,Rangpur,1987,7,33.3,25.9,1344.0,91.0,2.1,6.9,2.7,41859,426172.9,844822.3,25.72,89.26,34,1987.07,1
16171,Rangpur,1988,8,34.8,26.2,633.0,89.0,1.9,6.6,3.0,41859,426172.9,844822.3,25.72,89.26,34,1988.08,1
16172,Rangpur,1988,9,35.4,25.4,496.0,87.0,1.6,5.3,4.9,41859,426172.9,844822.3,25.72,89.26,34,1988.09,1
16182,Rangpur,1989,7,35.2,25.8,719.0,88.0,2.2,6.5,3.5,41859,426172.9,844822.3,25.72,89.26,34,1989.07,1
16184,Rangpur,1989,9,34.8,25.1,414.0,90.0,1.6,5.9,3.5,41859,426172.9,844822.3,25.72,89.26,34,1989.09,1
16196,Rangpur,1990,9,35.8,25.2,439.0,88.0,1.5,5.9,5.4,41859,426172.9,844822.3,25.72,89.26,34,1990.09,1
16205,Rangpur,1991,6,34.7,25.2,483.0,87.0,1.8,6.7,3.4,41859,426172.9,844822.3,25.72,89.26,34,1991.06,1
16208,Rangpur,1991,9,33.8,25.3,810.0,90.0,1.7,6.4,5.2,41859,426172.9,844822.3,25.72,89.26,34,1991.09,1
16220,Rangpur,1992,9,35.1,25.3,552.0,89.0,1.2,4.9,6.6,41859,426172.9,844822.3,25.72,89.26,34,1992.09,1
16229,Rangpur,1993,6,34.6,24.6,633.0,88.0,1.8,5.9,5.1,41859,426172.9,844822.3,25.72,89.26,34,1993.06,1
16230,Rangpur,1993,7,34.8,26.0,499.0,85.0,1.6,6.1,5.5,41859,426172.9,844822.3,25.72,89.26,34,1993.07,1
16231,Rangpur,1993,8,35.6,26.1,573.0,88.0,1.4,6.5,4.3,41859,426172.9,844822.3,25.72,89.26,34,1993.08,1
16254,Rangpur,1995,7,33.6,25.7,759.0,88.0,1.6,6.7,4.1,41859,426172.9,844822.3,25.72,89.26,34,1995.07,1
16256,Rangpur,1995,9,34.6,25.3,804.0,86.0,1.6,6.1,5.0,41859,426172.9,844822.3,25.72,89.26,34,1995.09,1
16266,Rangpur,1996,7,35.0,26.0,479.0,88.0,1.5,6.8,3.9,41859,426172.9,844822.3,25.72,89.26,34,1996.07,1
16278,Rangpur,1997,7,35.4,26.1,523.0,87.0,1.2,6.3,4.8,41859,426172.9,844822.3,25.72,89.26,34,1997.07,1
16290,Rangpur,1998,7,34.7,26.3,473.0,90.0,1.4,6.9,3.0,41859,426172.9,844822.3,25.72,89.26,34,1998.07,1
16291,Rangpur,1998,8,33.8,26.3,458.0,90.0,1.0,6.7,3.6,41859,426172.9,844822.3,25.72,89.26,34,1998.08,1
16302,Rangpur,1999,7,35.5,26.2,436.0,88.0,1.4,6.6,4.3,41859,426172.9,844822.3,25.72,89.26,34,1999.07,1
16303,Rangpur,1999,8,35.0,25.7,829.0,89.0,1.3,6.5,4.1,41859,426172.9,844822.3,25.72,89.26,34,1999.08,1
16313,Rangpur,2000,6,36.4,25.6,438.0,85.0,1.6,6.1,5.0,41859,426172.9,844822.3,25.72,89.26,34,2000.06,1
16325,Rangpur,2001,6,35.6,25.4,481.0,84.0,1.6,5.6,6.2,41859,426172.9,844822.3,25.72,89.26,34,2001.06,1
16328,Rangpur,2001,9,34.8,25.7,550.0,87.0,0.9,5.6,4.0,41859,426172.9,844822.3,25.72,89.26,34,2001.09,1
16337,Rangpur,2002,6,34.0,24.9,685.0,88.0,1.7,6.5,3.8,41859,426172.9,844822.3,25.72,89.26,34,2002.06,1
16338,Rangpur,2002,7,35.2,25.8,582.0,89.0,1.1,7.2,1.7,41859,426172.9,844822.3,25.72,89.26,34,2002.07,1
16349,Rangpur,2003,6,36.3,24.9,573.0,87.0,1.5,6.6,3.5,41859,426172.9,844822.3,25.72,89.26,34,2003.06,1
16350,Rangpur,2003,7,36.9,26.2,633.0,85.0,1.5,6.2,5.1,41859,426172.9,844822.3,25.72,89.26,34,2003.07,1
16362,Rangpur,2004,7,34.0,25.4,653.0,88.0,1.4,6.7,3.6,41859,426172.9,844822.3,25.72,89.26,34,2004.07,1
16364,Rangpur,2004,9,34.4,25.1,464.0,88.0,1.2,6.4,3.8,41859,426172.9,844822.3,25.72,89.26,34,2004.09,1
16365,Rangpur,2004,10,33.7,22.0,484.0,85.0,1.0,3.6,7.5,41859,426172.9,844822.3,25.72,89.26,34,2004.1,1
16373,Rangpur,2005,6,36.0,24.6,428.0,85.0,1.4,5.9,4.5,41859,426172.9,844822.3,25.72,89.26,34,2005.06,1
16374,Rangpur,2005,7,35.0,25.8,671.0,86.0,1.3,6.4,4.5,41859,426172.9,844822.3,25.72,89.26,34,2005.07,1
16377,Rangpur,2005,10,32.5,22.6,581.0,87.0,1.2,4.7,5.5,41859,426172.9,844822.3,25.72,89.26,34,2005.1,1
16397,Rangpur,2007,6,36.5,25.3,568.0,85.0,1.0,6.3,4.1,41859,426172.9,844822.3,25.72,89.26,34,2007.06,1
16398,Rangpur,2007,7,34.5,25.9,558.0,87.0,1.0,7.0,3.5,41859,426172.9,844822.3,25.72,89.26,34,2007.07,1
16409,Rangpur,2008,6,34.6,25.2,444.0,86.0,1.4,6.7,4.2,41859,426172.9,844822.3,25.72,89.26,34,2008.06,1
16423,Rangpur,2009,8,34.1,26.1,832.0,89.0,2.6,6.8,3.4,41859,426172.9,844822.3,25.72,89.26,34,2009.08,1
16433,Rangpur,2010,6,35.2,24.6,650.0,87.0,2.5,6.9,2.8,41859,426172.9,844822.3,25.72,89.26,34,2010.06,1
16447,Rangpur,2011,8,36.3,26.1,542.0,85.0,2.0,6.3,5.1,41859,426172.9,844822.3,25.72,89.26,34,2011.08,1
16458,Rangpur,2012,7,34.2,26.3,445.0,84.0,2.3,7.1,4.4,41859,426172.9,844822.3,25.72,89.26,34,2012.07,1
16460,Rangpur,2012,9,36.1,25.8,405.0,84.0,1.9,6.4,5.1,41859,426172.9,844822.3,25.72,89.26,34,2012.09,1
16470,Rangpur,2013,7,34.5,26.8,296.0,81.0,2.2,6.9,5.1,41859,426172.9,844822.3,25.72,89.26,34,2013.07,1
16472,Rangpur,2013,9,35.5,26.1,229.0,82.0,2.1,5.0,6.4,41859,426172.9,844822.3,25.72,89.26,34,2013.09,1
16481,Sandwip,1966,6,33.0,21.2,591.0,88.08695652,5.2,5.545652174,4.666666667,41964,650012.1,488627.9,22.5,91.46,6,1966.06,1
16482,Sandwip,1966,7,32.5,22.8,709.0,89.82608696,3.1,5.910869565,4.022222222,41964,650012.1,488627.9,22.5,91.46,6,1966.07,1
16483,Sandwip,1966,8,31.5,24.5,790.0,88.7173913,2.7,5.667391304,4.962962963,41964,650012.1,488627.9,22.5,91.46,6,1966.08,1
16484,Sandwip,1966,9,33.8,25.2,771.0,87.06521739,1.6,4.845652174,5.325925926,41964,650012.1,488627.9,22.5,91.46,6,1966.09,1
16494,Sandwip,1967,7,32.1,25.0,509.0,92.0,2.5,3.4,4.022222222,41964,650012.1,488627.9,22.5,91.46,6,1967.07,1
16495,Sandwip,1967,8,31.6,24.5,629.0,91.0,2.3,3.2,4.962962963,41964,650012.1,488627.9,22.5,91.46,6,1967.08,1
16496,Sandwip,1967,9,31.6,23.9,872.0,93.0,2.2,3.5,5.325925926,41964,650012.1,488627.9,22.5,91.46,6,1967.09,1
16505,Sandwip,1968,6,32.1,24.6,1024.0,91.0,2.6,4.8,4.666666667,41964,650012.1,488627.9,22.5,91.46,6,1968.06,1
16506,Sandwip,1968,7,32.6,26.3,998.0,89.0,1.9,4.0,4.022222222,41964,650012.1,488627.9,22.5,91.46,6,1968.07,1
16507,Sandwip,1968,8,33.1,25.8,504.0,89.0,1.7,3.7,4.962962963,41964,650012.1,488627.9,22.5,91.46,6,1968.08,1
16517,Sandwip,1969,6,32.5,26.0,428.0,84.0,1.3,5.4,4.666666667,41964,650012.1,488627.9,22.5,91.46,6,1969.06,1
16518,Sandwip,1969,7,32.6,25.7,944.0,88.0,1.4,5.5,4.022222222,41964,650012.1,488627.9,22.5,91.46,6,1969.07,1
16519,Sandwip,1969,8,31.6,25.2,978.0,90.0,2.5,5.7,4.962962963,41964,650012.1,488627.9,22.5,91.46,6,1969.08,1
16530,Sandwip,1970,7,34.1,26.3,812.0,92.0,3.1,4.5,4.022222222,41964,650012.1,488627.9,22.5,91.46,6,1970.07,1
16531,Sandwip,1970,8,34.3,26.1,597.0,90.0,2.7,4.0,4.962962963,41964,650012.1,488627.9,22.5,91.46,6,1970.08,1
16533,Sandwip,1970,10,33.9,24.7,428.0,86.0,1.7,2.5,6.885185185,41964,650012.1,488627.9,22.5,91.46,6,1970.1,1
16541,Sandwip,1971,6,32.6,26.2,922.0,90.0,3.7,5.1,4.666666667,41964,650012.1,488627.9,22.5,91.46,6,1971.06,1
16542,Sandwip,1971,7,32.1,25.8,780.0,92.0,4.0,5.6,4.022222222,41964,650012.1,488627.9,22.5,91.46,6,1971.07,1
16543,Sandwip,1971,8,31.3,25.2,1113.0,92.0,2.9,5.9,4.962962963,41964,650012.1,488627.9,22.5,91.46,6,1971.08,1
16553,Sandwip,1972,6,33.8,27.7,1055.0,87.0,3.9,4.3,4.666666667,41964,650012.1,488627.9,22.5,91.46,6,1972.06,1
16554,Sandwip,1972,7,33.7,26.5,624.0,81.0,4.3,5.0,4.022222222,41964,650012.1,488627.9,22.5,91.46,6,1972.07,1
16555,Sandwip,1972,8,32.6,26.0,1029.0,85.0,4.2,5.7,4.962962963,41964,650012.1,488627.9,22.5,91.46,6,1972.08,1
16564,Sandwip,1973,5,32.9,26.8,620.0,82.0,3.8,4.2,6.425925926,41964,650012.1,488627.9,22.5,91.46,6,1973.05,1
16565,Sandwip,1973,6,33.2,27.1,580.0,85.0,2.0,4.8,4.666666667,41964,650012.1,488627.9,22.5,91.46,6,1973.06,1
16566,Sandwip,1973,7,33.2,26.6,717.0,87.0,4.4,5.0,4.022222222,41964,650012.1,488627.9,22.5,91.46,6,1973.07,1
16567,Sandwip,1973,8,31.9,26.0,854.0,86.0,2.6,4.6,4.962962963,41964,650012.1,488627.9,22.5,91.46,6,1973.08,1
16568,Sandwip,1973,9,32.9,25.7,634.0,87.0,2.2,4.7,5.325925926,41964,650012.1,488627.9,22.5,91.46,6,1973.09,1
16577,Sandwip,1974,6,32.9,25.0,783.0,89.0,2.5,5.9,4.666666667,41964,650012.1,488627.9,22.5,91.46,6,1974.06,1
16578,Sandwip,1974,7,30.6,24.8,1314.0,93.0,2.3,6.7,4.022222222,41964,650012.1,488627.9,22.5,91.46,6,1974.07,1
16579,Sandwip,1974,8,32.9,25.5,533.0,88.0,3.5,6.2,4.962962963,41964,650012.1,488627.9,22.5,91.46,6,1974.08,1
16589,Sandwip,1975,6,31.8,25.6,651.0,88.0,2.6,5.5,4.666666667,41964,650012.1,488627.9,22.5,91.46,6,1975.06,1
16590,Sandwip,1975,7,30.5,25.4,832.0,90.0,2.6,5.8,4.022222222,41964,650012.1,488627.9,22.5,91.46,6,1975.07,1
16591,Sandwip,1975,8,30.7,25.5,673.0,89.0,2.4,5.5,4.962962963,41964,650012.1,488627.9,22.5,91.46,6,1975.08,1
16601,Sandwip,1976,6,32.1,24.5,866.0,88.0,2.1,5.7,4.666666667,41964,650012.1,488627.9,22.5,91.46,6,1976.06,1
16602,Sandwip,1976,7,31.8,24.9,1064.0,90.0,2.2,6.2,4.022222222,41964,650012.1,488627.9,22.5,91.46,6,1976.07,1
16603,Sandwip,1976,8,32.1,24.5,974.0,89.0,2.1,5.3,4.962962963,41964,650012.1,488627.9,22.5,91.46,6,1976.08,1
16604,Sandwip,1976,9,33.1,24.7,466.0,87.0,1.9,4.0,5.325925926,41964,650012.1,488627.9,22.5,91.46,6,1976.09,1
16611,Sandwip,1977,4,32.4,23.0,507.0,87.0,3.1,4.7,8.051851852,41964,650012.1,488627.9,22.5,91.46,6,1977.04,1
16613,Sandwip,1977,6,35.2,24.7,1065.0,91.0,2.9,5.9,4.666666667,41964,650012.1,488627.9,22.5,91.46,6,1977.06,1
16614,Sandwip,1977,7,32.8,25.7,1093.0,92.0,2.4,6.3,4.022222222,41964,650012.1,488627.9,22.5,91.46,6,1977.07,1
16615,Sandwip,1977,8,30.7,25.4,727.0,89.0,2.4,6.1,4.962962963,41964,650012.1,488627.9,22.5,91.46,6,1977.08,1
16624,Sandwip,1978,5,32.1,24.8,527.0,85.0,2.3,5.7,6.425925926,41964,650012.1,488627.9,22.5,91.46,6,1978.05,1
16625,Sandwip,1978,6,33.9,25.0,425.0,88.0,2.2,5.8,4.666666667,41964,650012.1,488627.9,22.5,91.46,6,1978.06,1
16627,Sandwip,1978,8,31.6,25.7,711.0,87.0,2.3,5.7,4.962962963,41964,650012.1,488627.9,22.5,91.46,6,1978.08,1
16628,Sandwip,1978,9,33.0,25.2,479.0,89.0,1.2,5.2,5.325925926,41964,650012.1,488627.9,22.5,91.46,6,1978.09,1
16637,Sandwip,1979,6,35.0,24.6,700.0,88.0,2.9,5.2,4.666666667,41964,650012.1,488627.9,22.5,91.46,6,1979.06,1
16638,Sandwip,1979,7,33.0,23.4,670.0,90.0,2.0,5.4,4.022222222,41964,650012.1,488627.9,22.5,91.46,6,1979.07,1
16639,Sandwip,1979,8,35.0,23.5,618.0,89.0,2.3,5.8,4.962962963,41964,650012.1,488627.9,22.5,91.46,6,1979.08,1
16648,Sandwip,1980,5,34.0,24.2,784.0,85.0,1.8,4.1,6.425925926,41964,650012.1,488627.9,22.5,91.46,6,1980.05,1
16650,Sandwip,1980,7,32.0,25.5,1555.0,89.0,2.7,5.9,4.022222222,41964,650012.1,488627.9,22.5,91.46,6,1980.07,1
16651,Sandwip,1980,8,33.0,25.2,682.0,89.0,1.9,5.4,4.962962963,41964,650012.1,488627.9,22.5,91.46,6,1980.08,1
16659,Sandwip,1981,4,32.0,23.1,474.0,87.0,1.4,4.0,8.051851852,41964,650012.1,488627.9,22.5,91.46,6,1981.04,1
16662,Sandwip,1981,7,31.5,25.3,917.0,93.0,2.8,6.1,4.022222222,41964,650012.1,488627.9,22.5,91.46,6,1981.07,1
16663,Sandwip,1981,8,33.0,26.0,662.0,88.0,2.2,5.3,4.962962963,41964,650012.1,488627.9,22.5,91.46,6,1981.08,1
16664,Sandwip,1981,9,35.6,25.5,537.0,87.0,1.3,4.9,5.325925926,41964,650012.1,488627.9,22.5,91.46,6,1981.09,1
16673,Sandwip,1982,6,35.0,25.3,946.0,90.0,2.3,6.2,4.666666667,41964,650012.1,488627.9,22.5,91.46,6,1982.06,1
16674,Sandwip,1982,7,32.0,26.0,478.0,88.0,3.2,5.5,4.022222222,41964,650012.1,488627.9,22.5,91.46,6,1982.07,1
16675,Sandwip,1982,8,32.5,25.1,1155.0,89.0,2.8,6.1,4.962962963,41964,650012.1,488627.9,22.5,91.46,6,1982.08,1
16686,Sandwip,1983,7,33.0,25.3,1077.0,90.0,1.8,5.9,4.022222222,41964,650012.1,488627.9,22.5,91.46,6,1983.07,1
16687,Sandwip,1983,8,32.5,25.8,844.0,89.0,2.1,5.9,4.962962963,41964,650012.1,488627.9,22.5,91.46,6,1983.08,1
16689,Sandwip,1983,10,33.5,24.7,529.0,87.0,0.8,3.6,6.885185185,41964,650012.1,488627.9,22.5,91.46,6,1983.1,1
16697,Sandwip,1984,6,32.5,25.0,747.0,90.0,4.5,6.2,4.666666667,41964,650012.1,488627.9,22.5,91.46,6,1984.06,1
16698,Sandwip,1984,7,32.5,24.9,852.0,92.0,2.4,5.8,4.022222222,41964,650012.1,488627.9,22.5,91.46,6,1984.07,1
16709,Sandwip,1985,6,32.8,25.9,790.0,91.0,2.4,6.1,4.666666667,41964,650012.1,488627.9,22.5,91.46,6,1985.06,1
16710,Sandwip,1985,7,32.0,24.9,916.0,93.0,2.2,6.2,4.022222222,41964,650012.1,488627.9,22.5,91.46,6,1985.07,1
16711,Sandwip,1985,8,32.0,25.6,799.0,90.0,2.8,6.0,4.962962963,41964,650012.1,488627.9,22.5,91.46,6,1985.08,1
16721,Sandwip,1986,6,33.0,26.2,599.0,89.0,2.4,5.4,4.666666667,41964,650012.1,488627.9,22.5,91.46,6,1986.06,1
16722,Sandwip,1986,7,32.4,25.7,785.0,91.0,2.3,6.0,4.022222222,41964,650012.1,488627.9,22.5,91.46,6,1986.07,1
16723,Sandwip,1986,8,33.5,26.2,441.0,87.0,1.3,5.7,4.962962963,41964,650012.1,488627.9,22.5,91.46,6,1986.08,1
16724,Sandwip,1986,9,33.0,25.8,535.0,89.0,1.3,6.0,5.325925926,41964,650012.1,488627.9,22.5,91.46,6,1986.09,1
16733,Sandwip,1987,6,32.5,26.6,566.0,88.0,3.0,5.3,5.1,41964,650012.1,488627.9,22.5,91.46,6,1987.06,1
16734,Sandwip,1987,7,30.8,25.6,1141.0,94.0,3.4,6.9,2.7,41964,650012.1,488627.9,22.5,91.46,6,1987.07,1
16735,Sandwip,1987,8,33.5,25.4,664.0,91.0,2.3,6.0,5.0,41964,650012.1,488627.9,22.5,91.46,6,1987.08,1
16736,Sandwip,1987,9,35.2,25.6,621.0,90.0,2.2,5.6,5.9,41964,650012.1,488627.9,22.5,91.46,6,1987.09,1
16745,Sandwip,1988,6,33.5,25.2,799.0,90.0,2.0,5.7,5.1,41964,650012.1,488627.9,22.5,91.46,6,1988.06,1
16746,Sandwip,1988,7,32.8,25.4,782.0,91.0,2.2,6.2,4.1,41964,650012.1,488627.9,22.5,91.46,6,1988.07,1
16747,Sandwip,1988,8,31.5,25.6,682.0,91.0,2.3,6.4,3.5,41964,650012.1,488627.9,22.5,91.46,6,1988.08,1
16748,Sandwip,1988,9,34.0,25.7,619.0,88.0,1.1,4.9,6.0,41964,650012.1,488627.9,22.5,91.46,6,1988.09,1
16757,Sandwip,1989,6,34.8,25.6,625.0,86.0,3.4,5.7,6.5,41964,650012.1,488627.9,22.5,91.46,6,1989.06,1
16758,Sandwip,1989,7,33.5,25.6,450.0,88.0,2.7,6.1,4.8,41964,650012.1,488627.9,22.5,91.46,6,1989.07,1
16760,Sandwip,1989,9,33.8,25.6,572.0,88.0,1.5,5.0,5.3,41964,650012.1,488627.9,22.5,91.46,6,1989.09,1
16761,Sandwip,1989,10,32.8,24.5,674.0,88.0,1.0,5.0,7.1,41964,650012.1,488627.9,22.5,91.46,6,1989.1,1
16769,Sandwip,1990,6,32.1,25.6,561.0,87.0,2.0,6.0,4.6,41964,650012.1,488627.9,22.5,91.46,6,1990.06,1
16770,Sandwip,1990,7,31.0,24.9,1007.0,91.0,2.8,6.6,2.9,41964,650012.1,488627.9,22.5,91.46,6,1990.07,1
16772,Sandwip,1990,9,32.1,25.3,412.0,86.0,1.3,5.0,5.5,41964,650012.1,488627.9,22.5,91.46,6,1990.09,1
16773,Sandwip,1990,10,33.0,23.2,462.0,82.0,1.9,3.5,7.1,41964,650012.1,488627.9,22.5,91.46,6,1990.1,1
16781,Sandwip,1991,6,32.1,25.5,861.0,88.0,2.7,5.9,4.7,41964,650012.1,488627.9,22.5,91.46,6,1991.06,1
16782,Sandwip,1991,7,32.1,26.1,701.0,90.0,3.5,6.3,4.5,41964,650012.1,488627.9,22.5,91.46,6,1991.07,1
16783,Sandwip,1991,8,35.9,26.1,431.0,89.0,3.8,5.6,5.6,41964,650012.1,488627.9,22.5,91.46,6,1991.08,1
16784,Sandwip,1991,9,32.6,25.9,553.0,87.0,1.7,5.3,4.1,41964,650012.1,488627.9,22.5,91.46,6,1991.09,1
16793,Sandwip,1992,6,34.6,26.8,473.0,86.0,2.3,4.4,6.1,41964,650012.1,488627.9,22.5,91.46,6,1992.06,1
16794,Sandwip,1992,7,32.1,25.9,490.0,90.0,2.7,6.0,3.6,41964,650012.1,488627.9,22.5,91.46,6,1992.07,1
16795,Sandwip,1992,8,33.1,26.0,681.0,88.0,2.3,5.4,6.5,41964,650012.1,488627.9,22.5,91.46,6,1992.08,1
16796,Sandwip,1992,9,33.6,26.1,584.0,87.0,2.0,4.8,5.6,41964,650012.1,488627.9,22.5,91.46,6,1992.09,1
16804,Sandwip,1993,5,32.6,24.8,463.0,85.0,2.6,4.3,6.2,41964,650012.1,488627.9,22.5,91.46,6,1993.05,1
16805,Sandwip,1993,6,32.1,26.0,618.0,90.0,4.0,5.7,3.6,41964,650012.1,488627.9,22.5,91.46,6,1993.06,1
16806,Sandwip,1993,7,32.1,26.1,604.0,90.0,3.2,6.0,4.3,41964,650012.1,488627.9,22.5,91.46,6,1993.07,1
16807,Sandwip,1993,8,31.6,26.2,661.0,90.0,3.2,6.1,4.2,41964,650012.1,488627.9,22.5,91.46,6,1993.08,1
16817,Sandwip,1994,6,32.9,26.4,833.0,90.0,3.0,5.9,2.7,41964,650012.1,488627.9,22.5,91.46,6,1994.06,1
16818,Sandwip,1994,7,32.5,26.1,405.0,89.0,2.7,5.9,4.5,41964,650012.1,488627.9,22.5,91.46,6,1994.07,1
16819,Sandwip,1994,8,32.1,25.9,487.0,88.0,2.3,5.7,4.1,41964,650012.1,488627.9,22.5,91.46,6,1994.08,1
16820,Sandwip,1994,9,33.6,25.8,428.0,84.0,1.5,4.0,6.7,41964,650012.1,488627.9,22.5,91.46,6,1994.09,1
16830,Sandwip,1995,7,32.1,26.5,620.0,91.0,3.2,5.8,4.8,41964,650012.1,488627.9,22.5,91.46,6,1995.07,1
16841,Sandwip,1996,6,33.6,26.3,451.0,87.0,2.8,2.9,6.9,41964,650012.1,488627.9,22.5,91.46,6,1996.06,1
16842,Sandwip,1996,7,32.6,26.7,430.0,91.0,2.8,3.2,4.7,41964,650012.1,488627.9,22.5,91.46,6,1996.07,1
16843,Sandwip,1996,8,32.0,25.6,1087.0,91.0,2.2,3.2,3.6,41964,650012.1,488627.9,22.5,91.46,6,1996.08,1
16844,Sandwip,1996,9,35.7,26.4,406.0,88.0,1.1,2.8,5.6,41964,650012.1,488627.9,22.5,91.46,6,1996.09,1
16845,Sandwip,1996,10,34.6,24.4,447.0,85.0,1.3,1.5,6.9,41964,650012.1,488627.9,22.5,91.46,6,1996.1,1
16854,Sandwip,1997,7,32.7,24.1,983.0,92.0,2.3,6.6,3.3,41964,650012.1,488627.9,22.5,91.46,6,1997.07,1
16855,Sandwip,1997,8,35.1,25.6,666.0,88.0,1.7,5.9,5.8,41964,650012.1,488627.9,22.5,91.46,6,1997.08,1
16864,Sandwip,1998,5,35.6,24.1,466.0,86.0,1.6,4.7,5.8,41964,650012.1,488627.9,22.5,91.46,6,1998.05,1
16866,Sandwip,1998,7,32.6,24.4,975.0,93.0,1.7,6.7,2.7,41964,650012.1,488627.9,22.5,91.46,6,1998.07,1
16867,Sandwip,1998,8,32.6,25.5,1296.0,93.0,1.0,6.7,2.9,41964,650012.1,488627.9,22.5,91.46,6,1998.08,1
16876,Sandwip,1999,5,36.1,25.1,582.0,87.0,1.5,5.3,5.7,41964,650012.1,488627.9,22.5,91.46,6,1999.05,1
16877,Sandwip,1999,6,39.3,25.9,768.0,92.0,1.5,6.5,4.3,41964,650012.1,488627.9,22.5,91.46,6,1999.06,1
16878,Sandwip,1999,7,33.6,25.5,964.0,93.0,1.4,6.9,4.3,41964,650012.1,488627.9,22.5,91.46,6,1999.07,1
16879,Sandwip,1999,8,32.3,25.6,956.0,92.0,1.4,7.0,3.7,41964,650012.1,488627.9,22.5,91.46,6,1999.08,1
16888,Sandwip,2000,5,35.8,24.2,804.0,88.0,1.9,5.6,5.3,41964,650012.1,488627.9,22.5,91.46,6,2000.05,1
16889,Sandwip,2000,6,33.9,25.7,626.0,91.0,2.4,6.4,4.8,41964,650012.1,488627.9,22.5,91.46,6,2000.06,1
16890,Sandwip,2000,7,35.3,25.9,1215.0,91.0,2.3,6.6,5.3,41964,650012.1,488627.9,22.5,91.46,6,2000.07,1
16891,Sandwip,2000,8,31.4,25.4,489.0,88.0,1.6,5.7,4.5,41964,650012.1,488627.9,22.5,91.46,6,2000.08,1
16900,Sandwip,2001,5,36.2,25.2,925.0,86.0,1.0,4.6,5.7,41964,650012.1,488627.9,22.5,91.46,6,2001.05,1
16901,Sandwip,2001,6,35.0,25.0,1784.0,91.0,1.8,6.6,3.6,41964,650012.1,488627.9,22.5,91.46,6,2001.06,1
16902,Sandwip,2001,7,36.0,24.8,817.0,88.0,1.8,6.4,5.3,41964,650012.1,488627.9,22.5,91.46,6,2001.07,1
16903,Sandwip,2001,8,36.5,23.2,535.0,86.0,1.2,6.5,8.0,41964,650012.1,488627.9,22.5,91.46,6,2001.08,1
16905,Sandwip,2001,10,35.4,23.1,482.0,88.0,0.7,6.1,6.8,41964,650012.1,488627.9,22.5,91.46,6,2001.1,1
16912,Sandwip,2002,5,32.1,25.5,835.0,88.0,1.2,6.3,4.9,41964,650012.1,488627.9,22.5,91.46,6,2002.05,1
16913,Sandwip,2002,6,31.8,25.6,717.0,89.0,1.0,7.1,2.5,41964,650012.1,488627.9,22.5,91.46,6,2002.06,1
16914,Sandwip,2002,7,30.5,25.4,1698.0,90.0,1.1,7.0,2.1,41964,650012.1,488627.9,22.5,91.46,6,2002.07,1
16915,Sandwip,2002,8,30.7,25.5,673.0,89.0,2.4,5.5,5.0,41964,650012.1,488627.9,22.5,91.46,6,2002.08,1
16925,Sandwip,2003,6,33.69787234,25.64042553,647.0212766,88.08695652,2.514893617,5.545652174,4.3,41964,650012.1,488627.9,22.5,91.46,6,2003.06,1
16926,Sandwip,2003,7,32.68297872,25.38510638,866.8085106,89.82608696,2.482978723,5.910869565,4.1,41964,650012.1,488627.9,22.5,91.46,6,2003.07,1
16927,Sandwip,2003,8,32.88297872,25.41914894,690.2340426,88.7173913,2.240425532,5.667391304,4.9,41964,650012.1,488627.9,22.5,91.46,6,2003.08,1
16928,Sandwip,2003,9,33.89148936,25.44468085,452.5319149,87.06521739,1.5,4.845652174,5.2,41964,650012.1,488627.9,22.5,91.46,6,2003.09,1
16938,Sandwip,2004,7,31.4,25.0,1353.0,87.0,0.4,5.6,4.2,41964,650012.1,488627.9,22.5,91.46,6,2004.07,1
16940,Sandwip,2004,9,33.1,24.7,1826.0,85.0,1.1,2.3,5.6,41964,650012.1,488627.9,22.5,91.46,6,2004.09,1
16941,Sandwip,2004,10,33.3,24.0,671.0,82.0,0.7,0.1,7.3,41964,650012.1,488627.9,22.5,91.46,6,2004.1,1
16949,Sandwip,2005,6,35.1,26.5,444.0,85.0,2.8,5.7,5.2,41964,650012.1,488627.9,22.5,91.46,6,2005.06,1
16950,Sandwip,2005,7,32.9,25.2,554.0,88.0,2.7,6.3,5.2,41964,650012.1,488627.9,22.5,91.46,6,2005.07,1
16951,Sandwip,2005,8,32.7,24.9,782.0,90.0,2.2,7.1,3.2,41964,650012.1,488627.9,22.5,91.46,6,2005.08,1
16952,Sandwip,2005,9,34.8,25.1,258.0,87.0,1.0,5.9,5.7,41964,650012.1,488627.9,22.5,91.46,6,2005.09,1
16953,Sandwip,2005,10,35.8,24.7,462.0,87.0,1.0,4.4,6.5,41964,650012.1,488627.9,22.5,91.46,6,2005.1,1
16960,Sandwip,2006,5,37.2,24.7,873.0,83.0,2.3,4.7,6.4,41964,650012.1,488627.9,22.5,91.46,6,2006.05,1
16961,Sandwip,2006,6,34.5,25.1,507.0,87.0,2.4,6.3,4.8,41964,650012.1,488627.9,22.5,91.46,6,2006.06,1
16962,Sandwip,2006,7,34.3,23.9,650.0,89.0,2.0,6.4,4.4,41964,650012.1,488627.9,22.5,91.46,6,2006.07,1
16964,Sandwip,2006,9,34.6,25.0,776.0,87.0,1.5,6.0,5.5,41964,650012.1,488627.9,22.5,91.46,6,2006.09,1
16973,Sandwip,2007,6,35.1,25.4,806.0,87.0,1.4,5.6,5.1,41964,650012.1,488627.9,22.5,91.46,6,2007.06,1
16974,Sandwip,2007,7,33.3,25.3,827.0,90.0,1.4,6.6,3.5,41964,650012.1,488627.9,22.5,91.46,6,2007.07,1
16975,Sandwip,2007,8,34.6,25.3,509.0,88.0,1.0,5.9,5.1,41964,650012.1,488627.9,22.5,91.46,6,2007.08,1
16976,Sandwip,2007,9,34.2,25.0,631.0,89.0,1.1,6.4,4.1,41964,650012.1,488627.9,22.5,91.46,6,2007.09,1
16977,Sandwip,2007,10,34.6,23.3,653.0,86.0,0.7,4.1,6.0,41964,650012.1,488627.9,22.5,91.46,6,2007.1,1
16985,Sandwip,2008,6,34.6,24.7,494.0,88.0,2.2,6.3,3.5,41964,650012.1,488627.9,22.5,91.46,6,2008.06,1
16986,Sandwip,2008,7,33.7,24.0,1414.0,91.0,2.2,6.7,3.6,41964,650012.1,488627.9,22.5,91.46,6,2008.07,1
16987,Sandwip,2008,8,33.7,24.4,849.0,88.0,2.1,6.5,4.7,41964,650012.1,488627.9,22.5,91.46,6,2008.08,1
16988,Sandwip,2008,9,35.2,24.6,486.0,86.0,1.4,5.6,5.7,41964,650012.1,488627.9,22.5,91.46,6,2008.09,1
16996,Sandwip,2009,5,35.0,25.1,420.0,81.0,3.0,4.5,7.3,41964,650012.1,488627.9,22.5,91.46,6,2009.05,1
16998,Sandwip,2009,7,33.7,25.5,1320.0,90.0,3.3,6.5,3.4,41964,650012.1,488627.9,22.5,91.46,6,2009.07,1
16999,Sandwip,2009,8,33.8,25.5,722.0,89.0,2.2,6.4,4.5,41964,650012.1,488627.9,22.5,91.46,6,2009.08,1
17009,Sandwip,2010,6,33.8,25.6,949.0,86.0,2.4,6.4,3.7,41964,650012.1,488627.9,22.5,91.46,6,2010.06,1
17010,Sandwip,2010,7,33.6,26.0,759.0,84.0,2.3,6.0,5.3,41964,650012.1,488627.9,22.5,91.46,6,2010.07,1
17011,Sandwip,2010,8,34.8,25.8,793.0,84.0,1.7,6.0,5.2,41964,650012.1,488627.9,22.5,91.46,6,2010.08,1
17021,Sandwip,2011,6,34.9,25.9,661.0,88.0,2.2,5.8,4.6,41964,650012.1,488627.9,22.5,91.46,6,2011.06,1
17022,Sandwip,2011,7,33.9,25.7,734.0,86.0,2.1,5.9,3.6,41964,650012.1,488627.9,22.5,91.46,6,2011.07,1
17023,Sandwip,2011,8,35.2,25.4,1124.0,89.0,2.1,6.1,5.0,41964,650012.1,488627.9,22.5,91.46,6,2011.08,1
17024,Sandwip,2011,9,35.2,25.6,823.0,88.0,1.9,5.3,7.3,41964,650012.1,488627.9,22.5,91.46,6,2011.09,1
17033,Sandwip,2012,6,35.2,26.0,753.0,87.0,2.6,6.1,3.0,41964,650012.1,488627.9,22.5,91.46,6,2012.06,1
17034,Sandwip,2012,7,33.9,25.6,1399.0,89.0,2.7,6.4,2.5,41964,650012.1,488627.9,22.5,91.46,6,2012.07,1
17035,Sandwip,2012,8,34.2,25.7,889.0,87.0,2.1,5.9,5.4,41964,650012.1,488627.9,22.5,91.46,6,2012.08,1
17044,Sandwip,2013,5,33.5,24.6,570.0,86.0,2.7,5.7,3.0,41964,650012.1,488627.9,22.5,91.46,6,2013.05,1
17045,Sandwip,2013,6,36.1,26.2,560.0,84.0,2.0,5.4,6.3,41964,650012.1,488627.9,22.5,91.46,6,2013.06,1
17046,Sandwip,2013,7,33.9,25.9,441.0,86.0,2.1,5.6,4.9,41964,650012.1,488627.9,22.5,91.46,6,2013.07,1
17047,Sandwip,2013,8,33.3,25.5,746.0,88.0,1.7,6.1,3.3,41964,650012.1,488627.9,22.5,91.46,6,2013.08,1
17048,Sandwip,2013,9,35.6,25.5,573.0,88.0,1.3,5.3,4.1,41964,650012.1,488627.9,22.5,91.46,6,2013.09,1
17058,Satkhira,1948,7,34.0,25.9,363.0,89.0,1.514814815,7.0,3.93,41946,404211.7,508367.2,22.68,89.07,6,1948.07,1
17059,Satkhira,1948,8,33.2,26.0,384.0,89.0,1.364814815,7.1,4.373333333,41946,404211.7,508367.2,22.68,89.07,6,1948.08,1
17061,Satkhira,1948,10,33.2,23.7,308.0,83.0,0.864814815,4.6,6.62,41946,404211.7,508367.2,22.68,89.07,6,1948.1,1
17068,Satkhira,1949,5,37.0,25.4,368.0,82.0,1.925925926,5.2,7.856666667,41946,404211.7,508367.2,22.68,89.07,6,1949.05,1
17069,Satkhira,1949,6,36.9,25.2,384.0,88.0,1.701851852,5.6,4.386666667,41946,404211.7,508367.2,22.68,89.07,6,1949.06,1
17071,Satkhira,1949,8,33.5,25.5,419.0,89.0,1.364814815,6.5,4.373333333,41946,404211.7,508367.2,22.68,89.07,6,1949.08,1
17081,Satkhira,1950,6,37.2,25.6,599.0,89.0,1.701851852,6.6,4.386666667,41946,404211.7,508367.2,22.68,89.07,6,1950.06,1
17083,Satkhira,1950,8,32.9,25.6,311.0,91.0,1.364814815,6.8,4.373333333,41946,404211.7,508367.2,22.68,89.07,6,1950.08,1
17094,Satkhira,1951,7,34.5,25.6,316.0,87.0,1.514814815,7.1,3.93,41946,404211.7,508367.2,22.68,89.07,6,1951.07,1
17106,Satkhira,1952,7,33.8,25.8,522.0,90.0,1.514814815,7.2,3.93,41946,404211.7,508367.2,22.68,89.07,6,1952.07,1
17117,Satkhira,1953,6,36.7,25.6,505.0,86.0,1.701851852,6.9,4.386666667,41946,404211.7,508367.2,22.68,89.07,6,1953.06,1
17118,Satkhira,1953,7,34.1,26.1,368.0,88.0,1.514814815,6.8,3.93,41946,404211.7,508367.2,22.68,89.07,6,1953.07,1
17120,Satkhira,1953,9,33.7,25.7,346.0,87.0,1.140740741,6.8,4.913333333,41946,404211.7,508367.2,22.68,89.07,6,1953.09,1
17130,Satkhira,1954,7,33.8,26.2,391.0,85.0,1.514814815,6.7,3.93,41946,404211.7,508367.2,22.68,89.07,6,1954.07,1
17142,Satkhira,1955,7,32.5,25.9,334.0,86.0,1.514814815,5.9,3.93,41946,404211.7,508367.2,22.68,89.07,6,1955.07,1
17153,Satkhira,1956,6,32.6,25.0,490.0,87.0,1.701851852,3.6,4.386666667,41946,404211.7,508367.2,22.68,89.07,6,1956.06,1
17178,Satkhira,1958,7,34.7,26.1,320.0,89.0,1.514814815,1.9,3.93,41946,404211.7,508367.2,22.68,89.07,6,1958.07,1
17190,Satkhira,1959,7,34.5,26.1,407.0,88.0,1.514814815,2.5,3.93,41946,404211.7,508367.2,22.68,89.07,6,1959.07,1
17191,Satkhira,1959,8,33.4,25.9,430.0,88.0,1.364814815,2.0,4.373333333,41946,404211.7,508367.2,22.68,89.07,6,1959.08,1
17192,Satkhira,1959,9,33.6,25.6,399.0,90.0,1.140740741,2.3,4.913333333,41946,404211.7,508367.2,22.68,89.07,6,1959.09,1
17193,Satkhira,1959,10,32.7,24.1,373.0,88.0,0.864814815,2.5,6.62,41946,404211.7,508367.2,22.68,89.07,6,1959.1,1
17200,Satkhira,1960,5,37.7,26.5,481.0,75.0,1.0,4.0,7.856666667,41946,404211.7,508367.2,22.68,89.07,6,1960.05,1
17202,Satkhira,1960,7,33.4,25.8,670.0,87.0,0.7,6.8,3.93,41946,404211.7,508367.2,22.68,89.07,6,1960.07,1
17203,Satkhira,1960,8,36.0,26.5,383.0,89.0,0.3,6.8,4.373333333,41946,404211.7,508367.2,22.68,89.07,6,1960.08,1
17213,Satkhira,1961,6,36.0,26.1,393.0,85.0,0.3,6.7,4.386666667,41946,404211.7,508367.2,22.68,89.07,6,1961.06,1
17225,Satkhira,1962,6,37.4,25.7,330.0,87.0,0.4,6.6,4.386666667,41946,404211.7,508367.2,22.68,89.07,6,1962.06,1
17227,Satkhira,1962,8,33.4,25.8,327.0,88.0,0.2,6.2,4.373333333,41946,404211.7,508367.2,22.68,89.07,6,1962.08,1
17237,Satkhira,1963,6,37.3,25.9,506.0,84.0,0.8,6.2,4.386666667,41946,404211.7,508367.2,22.68,89.07,6,1963.06,1
17238,Satkhira,1963,7,36.3,26.3,394.0,87.0,0.5,6.6,3.93,41946,404211.7,508367.2,22.68,89.07,6,1963.07,1
17240,Satkhira,1963,9,35.5,25.8,433.0,87.0,0.4,6.6,4.913333333,41946,404211.7,508367.2,22.68,89.07,6,1963.09,1
17241,Satkhira,1963,10,36.7,24.3,378.0,84.0,0.2,5.1,6.62,41946,404211.7,508367.2,22.68,89.07,6,1963.1,1
17250,Satkhira,1964,7,33.2,25.4,337.0,87.0,0.8,6.3,3.93,41946,404211.7,508367.2,22.68,89.07,6,1964.07,1
17261,Satkhira,1965,6,37.1,25.8,506.0,82.0,2.1,7.3,4.386666667,41946,404211.7,508367.2,22.68,89.07,6,1965.06,1
17263,Satkhira,1965,8,34.1,25.2,531.0,87.0,1.3,7.3,4.373333333,41946,404211.7,508367.2,22.68,89.07,6,1965.08,1
17264,Satkhira,1965,9,34.1,25.6,422.0,88.0,1.1,5.9,4.913333333,41946,404211.7,508367.2,22.68,89.07,6,1965.09,1
17286,Satkhira,1967,7,32.5,25.9,334.0,86.0,1.6,5.9,3.93,41946,404211.7,508367.2,22.68,89.07,6,1967.07,1
17298,Satkhira,1968,7,32.5,25.9,334.0,86.0,1.6,0.0,3.93,41946,404211.7,508367.2,22.68,89.07,6,1968.07,1
17311,Satkhira,1969,8,34.4,25.1,578.0,93.0,0.6,6.2,4.373333333,41946,404211.7,508367.2,22.68,89.07,6,1969.08,1
17312,Satkhira,1969,9,35.0,25.5,550.0,90.0,0.6,5.1,4.913333333,41946,404211.7,508367.2,22.68,89.07,6,1969.09,1
17322,Satkhira,1970,7,34.4,24.1,356.0,91.0,1.2,5.1,3.93,41946,404211.7,508367.2,22.68,89.07,6,1970.07,1
17324,Satkhira,1970,9,33.9,25.7,377.0,89.0,1.2,5.3,4.913333333,41946,404211.7,508367.2,22.68,89.07,6,1970.09,1
17333,Satkhira,1971,6,35.0,25.4,401.0,82.0,2.2,5.4,4.386666667,41946,404211.7,508367.2,22.68,89.07,6,1971.06,1
17334,Satkhira,1971,7,34.4,25.5,598.0,86.0,1.7,5.9,3.93,41946,404211.7,508367.2,22.68,89.07,6,1971.07,1
17346,Satkhira,1972,7,32.5,25.9,320.0,86.0,1.6,5.7,3.93,41946,404211.7,508367.2,22.68,89.07,6,1972.07,1
17359,Satkhira,1973,8,33.5,25.6,320.0,85.0,0.9,5.8,4.373333333,41946,404211.7,508367.2,22.68,89.07,6,1973.08,1
17370,Satkhira,1974,7,33.5,25.3,528.0,87.0,1.1,6.7,3.93,41946,404211.7,508367.2,22.68,89.07,6,1974.07,1
17372,Satkhira,1974,9,35.1,24.8,348.0,85.0,0.6,5.4,4.913333333,41946,404211.7,508367.2,22.68,89.07,6,1974.09,1
17382,Satkhira,1975,7,33.4,25.3,692.0,86.0,1.0,6.4,3.93,41946,404211.7,508367.2,22.68,89.07,6,1975.07,1
17394,Satkhira,1976,7,33.9,25.6,418.0,85.0,1.1,5.3,3.93,41946,404211.7,508367.2,22.68,89.07,6,1976.07,1
17405,Satkhira,1977,6,36.3,25.7,485.0,85.0,1.0,5.8,4.386666667,41946,404211.7,508367.2,22.68,89.07,6,1977.06,1
17406,Satkhira,1977,7,35.5,26.1,621.0,87.0,1.0,6.0,3.93,41946,404211.7,508367.2,22.68,89.07,6,1977.07,1
17420,Satkhira,1978,9,34.9,26.0,728.0,86.0,0.9,5.9,4.913333333,41946,404211.7,508367.2,22.68,89.07,6,1978.09,1
17431,Satkhira,1979,8,34.4,26.5,319.0,84.0,1.2,6.0,4.373333333,41946,404211.7,508367.2,22.68,89.07,6,1979.08,1
17454,Satkhira,1981,7,33.0,26.2,570.0,87.0,2.1,6.7,3.93,41946,404211.7,508367.2,22.68,89.07,6,1981.07,1
17467,Satkhira,1982,8,39.4,25.8,387.0,86.0,2.7,6.4,4.373333333,41946,404211.7,508367.2,22.68,89.07,6,1982.08,1
17479,Satkhira,1983,8,32.9,25.7,423.0,87.0,3.4,6.1,4.373333333,41946,404211.7,508367.2,22.68,89.07,6,1983.08,1
17489,Satkhira,1984,6,39.0,25.7,656.0,84.0,5.0,6.9,3.5,41946,404211.7,508367.2,22.68,89.07,6,1984.06,1
17491,Satkhira,1984,8,35.4,25.8,351.0,85.0,4.1,6.6,3.7,41946,404211.7,508367.2,22.68,89.07,6,1984.08,1
17516,Satkhira,1986,9,36.3,25.4,485.0,85.0,2.7,5.8,4.5,41946,404211.7,508367.2,22.68,89.07,6,1986.09,1
17527,Satkhira,1987,8,37.0,26.2,475.0,83.0,3.2,6.1,4.3,41946,404211.7,508367.2,22.68,89.07,6,1987.08,1
17537,Satkhira,1988,6,38.0,26.2,688.0,81.0,2.6,6.1,4.1,41946,404211.7,508367.2,22.68,89.07,6,1988.06,1
17562,Satkhira,1990,7,33.9,26.2,458.0,87.0,2.0,6.2,3.2,41946,404211.7,508367.2,22.68,89.07,6,1990.07,1
17573,Satkhira,1991,6,36.3,26.2,518.0,85.0,2.4,6.1,2.1,41946,404211.7,508367.2,22.68,89.07,6,1991.06,1
17586,Satkhira,1992,7,35.4,25.8,407.0,85.0,1.8,6.1,3.0,41946,404211.7,508367.2,22.68,89.07,6,1992.07,1
17600,Satkhira,1993,9,35.5,25.5,430.0,88.0,1.1,5.6,4.1,41946,404211.7,508367.2,22.68,89.07,6,1993.09,1
17610,Satkhira,1994,7,35.0,26.4,426.0,84.0,1.2,6.0,3.8,41946,404211.7,508367.2,22.68,89.07,6,1994.07,1
17622,Satkhira,1995,7,35.0,26.0,434.0,86.0,1.1,6.0,3.5,41946,404211.7,508367.2,22.68,89.07,6,1995.07,1
17624,Satkhira,1995,9,35.0,25.4,336.0,86.0,0.8,5.4,4.2,41946,404211.7,508367.2,22.68,89.07,6,1995.09,1
17646,Satkhira,1997,7,35.6,26.0,447.0,88.0,1.1,6.6,3.9,41946,404211.7,508367.2,22.68,89.07,6,1997.07,1
17647,Satkhira,1997,8,35.8,26.0,422.0,88.0,1.1,6.2,4.4,41946,404211.7,508367.2,22.68,89.07,6,1997.08,1
17672,Satkhira,1999,9,34.4,24.2,361.0,88.0,0.6,5.9,3.8,41946,404211.7,508367.2,22.68,89.07,6,1999.09,1
17682,Satkhira,2000,7,36.0,26.1,403.0,84.0,0.8,5.9,4.7,41946,404211.7,508367.2,22.68,89.07,6,2000.07,1
17684,Satkhira,2000,9,34.9,25.5,486.0,86.0,0.6,4.7,5.6,41946,404211.7,508367.2,22.68,89.07,6,2000.09,1
17693,Satkhira,2001,6,34.7,26.0,411.0,87.0,0.8,6.0,3.0,41946,404211.7,508367.2,22.68,89.07,6,2001.06,1
17705,Satkhira,2002,6,36.5,26.2,536.0,85.0,0.8,5.5,5.2,41946,404211.7,508367.2,22.68,89.07,6,2002.06,1
17706,Satkhira,2002,7,37.1,27.2,434.0,83.0,0.7,6.0,3.4,41946,404211.7,508367.2,22.68,89.07,6,2002.07,1
17721,Satkhira,2003,10,34.4,24.9,420.0,88.0,0.2,4.3,4.6,41946,404211.7,508367.2,22.68,89.07,6,2003.1,1
17729,Satkhira,2004,6,36.4,26.1,382.0,83.0,0.4,4.8,4.4,41946,404211.7,508367.2,22.68,89.07,6,2004.06,1
17731,Satkhira,2004,8,34.0,26.5,435.0,87.0,0.3,5.2,4.4,41946,404211.7,508367.2,22.68,89.07,6,2004.08,1
17732,Satkhira,2004,9,34.6,26.0,398.0,86.0,0.7,5.3,4.1,41946,404211.7,508367.2,22.68,89.07,6,2004.09,1
17742,Satkhira,2005,7,34.4,26.4,497.0,86.0,0.8,5.8,4.7,41946,404211.7,508367.2,22.68,89.07,6,2005.07,1
17745,Satkhira,2005,10,34.0,24.2,484.0,88.0,0.3,4.7,4.9,41946,404211.7,508367.2,22.68,89.07,6,2005.1,1
17754,Satkhira,2006,7,34.2,26.2,548.0,88.0,0.6,6.4,3.7,41946,404211.7,508367.2,22.68,89.07,6,2006.07,1
17756,Satkhira,2006,9,34.5,26.2,403.0,86.0,0.4,5.7,5.8,41946,404211.7,508367.2,22.68,89.07,6,2006.09,1
17766,Satkhira,2007,7,34.6,26.5,466.0,87.0,0.9,6.3,3.5,41946,404211.7,508367.2,22.68,89.07,6,2007.07,1
17768,Satkhira,2007,9,35.5,26.0,459.0,87.0,0.7,5.9,4.2,41946,404211.7,508367.2,22.68,89.07,6,2007.09,1
17791,Satkhira,2009,8,35.5,25.5,512.0,87.0,1.2,6.0,3.2,41946,404211.7,508367.2,22.68,89.07,6,2009.08,1
17813,Satkhira,2011,6,37.0,26.8,450.0,83.0,1.8,5.7,4.0,41946,404211.7,508367.2,22.68,89.07,6,2011.06,1
17814,Satkhira,2011,7,35.0,26.7,428.0,83.0,1.6,5.1,5.3,41946,404211.7,508367.2,22.68,89.07,6,2011.07,1
17815,Satkhira,2011,8,35.5,26.4,638.0,87.0,1.7,5.8,3.6,41946,404211.7,508367.2,22.68,89.07,6,2011.08,1
17836,Satkhira,2013,5,37.2,25.4,310.0,81.0,2.8,5.5,5.1,41946,404211.7,508367.2,22.68,89.07,6,2013.05,1
17849,Sitakunda,1977,6,34.4,24.8,770.0,84.86111111,3.4,6.1,4.7,41965,668856.2,504500.3,22.64,91.64,4,1977.06,1
17850,Sitakunda,1977,7,32.3,25.1,995.0,87.02777778,3.5,6.6,3.7,41965,668856.2,504500.3,22.64,91.64,4,1977.07,1
17851,Sitakunda,1977,8,32.3,25.3,495.0,85.97222222,2.9,6.3,4.5,41965,668856.2,504500.3,22.64,91.64,4,1977.08,1
17860,Sitakunda,1978,5,34.5,23.4,755.0,78.0,3.0,5.7,5.5,41965,668856.2,504500.3,22.64,91.64,4,1978.05,1
17861,Sitakunda,1978,6,33.0,24.5,807.0,81.0,2.8,5.9,3.6,41965,668856.2,504500.3,22.64,91.64,4,1978.06,1
17862,Sitakunda,1978,7,33.0,24.9,848.0,84.0,3.0,6.2,3.2,41965,668856.2,504500.3,22.64,91.64,4,1978.07,1
17863,Sitakunda,1978,8,33.3,25.6,553.0,81.0,2.8,5.8,3.8,41965,668856.2,504500.3,22.64,91.64,4,1978.08,1
17864,Sitakunda,1978,9,33.0,24.5,645.0,83.0,2.2,6.1,4.6,41965,668856.2,504500.3,22.64,91.64,4,1978.09,1
17897,Sitakunda,1981,6,33.5,24.7,534.0,81.0,1.6,5.5,3.6,41965,668856.2,504500.3,22.64,91.64,4,1981.06,1
17899,Sitakunda,1981,8,32.5,25.5,444.0,81.0,1.7,5.0,4.7,41965,668856.2,504500.3,22.64,91.64,4,1981.08,1
17909,Sitakunda,1982,6,35.5,25.6,486.0,86.0,1.5,5.4,2.1,41965,668856.2,504500.3,22.64,91.64,4,1982.06,1
17910,Sitakunda,1982,7,32.0,25.3,524.0,87.0,1.6,6.0,3.2,41965,668856.2,504500.3,22.64,91.64,4,1982.07,1
17911,Sitakunda,1982,8,32.5,24.7,686.0,88.0,1.5,5.6,3.9,41965,668856.2,504500.3,22.64,91.64,4,1982.08,1
17922,Sitakunda,1983,7,32.5,25.3,552.0,85.0,1.7,4.6,3.9,41965,668856.2,504500.3,22.64,91.64,4,1983.07,1
17923,Sitakunda,1983,8,32.5,25.1,570.0,84.0,2.3,5.5,3.7,41965,668856.2,504500.3,22.64,91.64,4,1983.08,1
17925,Sitakunda,1983,10,34.0,23.1,672.0,82.0,0.9,3.8,5.3,41965,668856.2,504500.3,22.64,91.64,4,1983.1,1
17932,Sitakunda,1984,5,33.5,24.5,485.0,80.0,3.3,5.2,5.3,41965,668856.2,504500.3,22.64,91.64,4,1984.05,1
17933,Sitakunda,1984,6,33.5,25.6,548.0,83.0,3.0,6.7,3.1,41965,668856.2,504500.3,22.64,91.64,4,1984.06,1
17934,Sitakunda,1984,7,32.2,25.0,821.0,85.0,2.9,6.5,3.2,41965,668856.2,504500.3,22.64,91.64,4,1984.07,1
17935,Sitakunda,1984,8,33.0,25.0,752.0,84.0,2.5,6.5,3.3,41965,668856.2,504500.3,22.64,91.64,4,1984.08,1
17936,Sitakunda,1984,9,33.7,24.7,561.0,80.0,1.8,4.9,4.6,41965,668856.2,504500.3,22.64,91.64,4,1984.09,1
17945,Sitakunda,1985,6,34.0,25.7,441.0,82.0,2.7,6.7,2.1,41965,668856.2,504500.3,22.64,91.64,4,1985.06,1
17946,Sitakunda,1985,7,33.0,24.7,765.0,83.0,2.8,6.3,2.9,41965,668856.2,504500.3,22.64,91.64,4,1985.07,1
17947,Sitakunda,1985,8,33.5,25.4,442.0,81.0,2.7,6.1,3.8,41965,668856.2,504500.3,22.64,91.64,4,1985.08,1
17957,Sitakunda,1986,6,34.1,26.0,629.0,81.0,3.1,5.8,3.6,41965,668856.2,504500.3,22.64,91.64,4,1986.06,1
17958,Sitakunda,1986,7,34.0,25.4,759.0,84.0,3.0,5.9,3.2,41965,668856.2,504500.3,22.64,91.64,4,1986.07,1
17969,Sitakunda,1987,6,34.0,25.9,690.0,83.0,2.5,6.0,3.5,41965,668856.2,504500.3,22.64,91.64,4,1987.06,1
17970,Sitakunda,1987,7,33.0,25.4,1225.0,89.0,2.2,7.1,1.9,41965,668856.2,504500.3,22.64,91.64,4,1987.07,1
17971,Sitakunda,1987,8,34.5,25.5,656.0,85.0,2.4,6.6,3.3,41965,668856.2,504500.3,22.64,91.64,4,1987.08,1
17972,Sitakunda,1987,9,33.5,25.4,694.0,82.0,1.5,5.3,5.1,41965,668856.2,504500.3,22.64,91.64,4,1987.09,1
17981,Sitakunda,1988,6,34.2,25.4,578.0,83.0,1.7,5.9,2.3,41965,668856.2,504500.3,22.64,91.64,4,1988.06,1
17982,Sitakunda,1988,7,34.5,25.6,791.0,85.0,2.0,6.3,2.8,41965,668856.2,504500.3,22.64,91.64,4,1988.07,1
17983,Sitakunda,1988,8,33.0,25.5,783.0,85.0,1.8,6.5,2.0,41965,668856.2,504500.3,22.64,91.64,4,1988.08,1
17984,Sitakunda,1988,9,35.3,25.2,440.0,82.0,0.7,5.4,4.8,41965,668856.2,504500.3,22.64,91.64,4,1988.09,1
17994,Sitakunda,1989,7,34.2,25.4,640.0,84.0,1.3,6.5,3.6,41965,668856.2,504500.3,22.64,91.64,4,1989.07,1
17997,Sitakunda,1989,10,34.3,23.8,826.0,83.0,0.7,5.3,4.0,41965,668856.2,504500.3,22.64,91.64,4,1989.1,1
18005,Sitakunda,1990,6,34.5,25.4,607.0,83.0,2.5,6.3,3.4,41965,668856.2,504500.3,22.64,91.64,4,1990.06,1
18006,Sitakunda,1990,7,32.4,25.0,994.0,89.0,1.8,6.9,2.6,41965,668856.2,504500.3,22.64,91.64,4,1990.07,1
18009,Sitakunda,1990,10,34.0,22.7,435.0,81.0,0.6,3.5,4.9,41965,668856.2,504500.3,22.64,91.64,4,1990.1,1
18017,Sitakunda,1991,6,33.4,25.4,766.0,85.0,2.0,6.4,3.1,41965,668856.2,504500.3,22.64,91.64,4,1991.06,1
18018,Sitakunda,1991,7,34.0,25.5,685.0,85.0,1.7,6.3,3.3,41965,668856.2,504500.3,22.64,91.64,4,1991.07,1
18020,Sitakunda,1991,9,34.2,25.0,615.0,85.0,1.1,6.2,3.2,41965,668856.2,504500.3,22.64,91.64,4,1991.09,1
18029,Sitakunda,1992,6,35.0,25.8,506.0,83.0,1.4,4.9,4.3,41965,668856.2,504500.3,22.64,91.64,4,1992.06,1
18033,Sitakunda,1992,10,34.5,23.6,480.0,83.0,0.5,3.8,5.4,41965,668856.2,504500.3,22.64,91.64,4,1992.1,1
18040,Sitakunda,1993,5,34.5,23.7,743.0,82.0,1.6,4.7,5.0,41965,668856.2,504500.3,22.64,91.64,4,1993.05,1
18041,Sitakunda,1993,6,32.7,25.4,654.0,86.0,2.0,5.8,3.7,41965,668856.2,504500.3,22.64,91.64,4,1993.06,1
18042,Sitakunda,1993,7,33.0,25.5,560.0,86.0,1.9,6.0,3.4,41965,668856.2,504500.3,22.64,91.64,4,1993.07,1
18043,Sitakunda,1993,8,32.0,25.4,737.0,88.0,1.3,6.2,3.3,41965,668856.2,504500.3,22.64,91.64,4,1993.08,1
18053,Sitakunda,1994,6,34.2,25.7,504.0,85.0,1.5,6.1,2.7,41965,668856.2,504500.3,22.64,91.64,4,1994.06,1
18055,Sitakunda,1994,8,33.4,25.3,533.0,85.0,1.1,6.3,3.6,41965,668856.2,504500.3,22.64,91.64,4,1994.08,1
18065,Sitakunda,1995,6,35.0,25.9,493.0,85.0,1.4,6.0,4.0,41965,668856.2,504500.3,22.64,91.64,4,1995.06,1
18066,Sitakunda,1995,7,32.8,25.6,444.0,87.0,1.0,6.2,3.4,41965,668856.2,504500.3,22.64,91.64,4,1995.07,1
18077,Sitakunda,1996,6,34.5,25.8,505.0,84.0,0.9,5.1,4.7,41965,668856.2,504500.3,22.64,91.64,4,1996.06,1
18079,Sitakunda,1996,8,32.8,25.1,663.0,90.0,0.3,6.1,1.6,41965,668856.2,504500.3,22.64,91.64,4,1996.08,1
18089,Sitakunda,1997,6,34.2,24.8,860.0,86.0,1.4,6.1,4.1,41965,668856.2,504500.3,22.64,91.64,4,1997.06,1
18090,Sitakunda,1997,7,33.8,25.1,1138.0,91.0,0.8,6.7,2.9,41965,668856.2,504500.3,22.64,91.64,4,1997.07,1
18100,Sitakunda,1998,5,37.2,24.8,457.0,84.0,1.6,5.0,5.0,41965,668856.2,504500.3,22.64,91.64,4,1998.05,1
18102,Sitakunda,1998,7,34.0,25.4,1138.0,92.0,1.7,6.7,2.1,41965,668856.2,504500.3,22.64,91.64,4,1998.07,1
18103,Sitakunda,1998,8,35.0,25.3,1192.0,92.0,1.4,6.7,2.7,41965,668856.2,504500.3,22.64,91.64,4,1998.08,1
18104,Sitakunda,1998,9,38.6,25.3,532.0,87.0,1.0,5.1,4.3,41965,668856.2,504500.3,22.64,91.64,4,1998.09,1
18113,Sitakunda,1999,6,36.2,25.3,902.0,89.0,2.1,6.1,3.5,41965,668856.2,504500.3,22.64,91.64,4,1999.06,1
18114,Sitakunda,1999,7,35.2,25.1,905.0,90.0,1.5,6.5,3.4,41965,668856.2,504500.3,22.64,91.64,4,1999.07,1
18115,Sitakunda,1999,8,34.4,25.2,581.0,90.0,1.6,6.6,2.1,41965,668856.2,504500.3,22.64,91.64,4,1999.08,1
18124,Sitakunda,2000,5,36.7,23.8,902.0,84.0,1.6,5.3,4.0,41965,668856.2,504500.3,22.64,91.64,4,2000.05,1
18125,Sitakunda,2000,6,36.2,25.2,494.0,87.0,1.4,5.7,3.9,41965,668856.2,504500.3,22.64,91.64,4,2000.06,1
18126,Sitakunda,2000,7,35.7,25.2,713.0,89.0,1.5,5.7,3.7,41965,668856.2,504500.3,22.64,91.64,4,2000.07,1
18127,Sitakunda,2000,8,35.7,24.9,671.0,89.0,1.4,6.1,4.3,41965,668856.2,504500.3,22.64,91.64,4,2000.08,1
18137,Sitakunda,2001,6,33.9,25.0,741.0,88.0,1.8,6.5,2.8,41965,668856.2,504500.3,22.64,91.64,4,2001.06,1
18139,Sitakunda,2001,8,35.3,25.4,583.0,86.0,1.5,5.7,5.8,41965,668856.2,504500.3,22.64,91.64,4,2001.08,1
18149,Sitakunda,2002,6,34.7,25.2,527.0,87.0,1.0,5.2,4.0,41965,668856.2,504500.3,22.64,91.64,4,2002.06,1
18150,Sitakunda,2002,7,33.3,25.5,644.0,91.0,1.0,6.9,1.6,41965,668856.2,504500.3,22.64,91.64,4,2002.07,1
18151,Sitakunda,2002,8,34.7,25.3,490.0,88.0,1.0,5.9,3.3,41965,668856.2,504500.3,22.64,91.64,4,2002.08,1
18161,Sitakunda,2003,6,35.9,25.0,1025.0,88.0,1.5,6.1,2.3,41965,668856.2,504500.3,22.64,91.64,4,2003.06,1
18162,Sitakunda,2003,7,36.3,25.8,508.0,86.0,1.3,5.3,5.2,41965,668856.2,504500.3,22.64,91.64,4,2003.07,1
18173,Sitakunda,2004,6,35.5,25.1,638.0,87.0,1.6,5.8,3.7,41965,668856.2,504500.3,22.64,91.64,4,2004.06,1
18174,Sitakunda,2004,7,33.1,25.4,706.0,89.0,2.3,6.2,3.4,41965,668856.2,504500.3,22.64,91.64,4,2004.07,1
18175,Sitakunda,2004,8,34.2,25.5,534.0,87.0,2.6,5.7,5.2,41965,668856.2,504500.3,22.64,91.64,4,2004.08,1
18176,Sitakunda,2004,9,34.7,24.9,719.0,88.0,1.7,5.9,3.9,41965,668856.2,504500.3,22.64,91.64,4,2004.09,1
18186,Sitakunda,2005,7,33.8,25.5,541.0,87.0,2.1,5.5,5.4,41965,668856.2,504500.3,22.64,91.64,4,2005.07,1
18187,Sitakunda,2005,8,35.0,25.3,1081.0,91.0,2.0,6.7,3.1,41965,668856.2,504500.3,22.64,91.64,4,2005.08,1
18196,Sitakunda,2006,5,37.5,24.5,569.0,83.0,1.5,4.6,6.9,41965,668856.2,504500.3,22.64,91.64,4,2006.05,1
18200,Sitakunda,2006,9,35.7,25.0,457.0,87.0,1.2,5.1,4.8,41965,668856.2,504500.3,22.64,91.64,4,2006.09,1
18209,Sitakunda,2007,6,36.5,25.2,706.0,87.0,1.5,5.6,5.0,41965,668856.2,504500.3,22.64,91.64,4,2007.06,1
18210,Sitakunda,2007,7,34.8,25.3,842.0,91.0,2.1,6.4,3.2,41965,668856.2,504500.3,22.64,91.64,4,2007.07,1
18211,Sitakunda,2007,8,35.7,25.4,488.0,88.0,1.1,5.7,5.8,41965,668856.2,504500.3,22.64,91.64,4,2007.08,1
18212,Sitakunda,2007,9,35.0,25.4,625.0,89.0,1.1,5.7,4.8,41965,668856.2,504500.3,22.64,91.64,4,2007.09,1
18213,Sitakunda,2007,10,36.6,23.3,709.0,88.0,0.6,3.8,6.0,41965,668856.2,504500.3,22.64,91.64,4,2007.1,1
18222,Sitakunda,2008,7,33.7,25.1,994.0,90.0,1.9,6.3,4.5,41965,668856.2,504500.3,22.64,91.64,4,2008.07,1
18223,Sitakunda,2008,8,34.4,25.3,687.0,89.0,1.4,6.0,5.2,41965,668856.2,504500.3,22.64,91.64,4,2008.08,1
18234,Sitakunda,2009,7,34.4,25.9,916.0,89.0,3.5,5.5,4.8,41965,668856.2,504500.3,22.64,91.64,4,2009.07,1
18235,Sitakunda,2009,8,34.5,25.4,803.0,89.0,2.3,5.8,4.4,41965,668856.2,504500.3,22.64,91.64,4,2009.08,1
18245,Sitakunda,2010,6,34.9,25.4,876.0,89.0,3.3,5.5,4.1,41965,668856.2,504500.3,22.64,91.64,4,2010.06,1
18247,Sitakunda,2010,8,34.9,25.6,473.0,88.0,2.0,5.7,5.1,41965,668856.2,504500.3,22.64,91.64,4,2010.08,1
18248,Sitakunda,2010,9,34.2,25.4,421.0,88.0,2.2,4.6,5.5,41965,668856.2,504500.3,22.64,91.64,4,2010.09,1
18257,Sitakunda,2011,6,35.5,25.7,502.0,87.0,2.5,5.9,3.9,41965,668856.2,504500.3,22.64,91.64,4,2011.06,1
18258,Sitakunda,2011,7,35.2,25.4,818.0,87.0,2.3,5.6,5.3,41965,668856.2,504500.3,22.64,91.64,4,2011.07,1
18259,Sitakunda,2011,8,34.9,25.2,1136.0,89.0,2.5,6.3,4.3,41965,668856.2,504500.3,22.64,91.64,4,2011.08,1
18260,Sitakunda,2011,9,35.8,25.3,524.0,88.0,2.3,4.8,5.5,41965,668856.2,504500.3,22.64,91.64,4,2011.09,1
18269,Sitakunda,2012,6,36.4,25.5,954.0,87.0,3.1,5.4,4.6,41965,668856.2,504500.3,22.64,91.64,4,2012.06,1
18270,Sitakunda,2012,7,34.6,25.3,1274.0,89.0,2.9,5.8,3.8,41965,668856.2,504500.3,22.64,91.64,4,2012.07,1
18271,Sitakunda,2012,8,35.0,25.3,567.0,86.0,2.6,5.3,6.3,41965,668856.2,504500.3,22.64,91.64,4,2012.08,1
18280,Sitakunda,2013,5,33.9,24.4,470.0,86.0,2.7,5.1,3.5,41965,668856.2,504500.3,22.64,91.64,4,2013.05,1
18281,Sitakunda,2013,6,35.9,25.9,569.0,86.0,1.6,4.7,6.2,41965,668856.2,504500.3,22.64,91.64,4,2013.06,1
18284,Sitakunda,2013,9,36.1,25.1,496.0,87.0,2.3,5.4,5.4,41965,668856.2,504500.3,22.64,91.64,4,2013.09,1
18305,Srimangal,1949,6,34.5,24.4,639.0,91.0,0.914814815,7.0,4.346428571,41915,675761.6,687095.9,24.29,91.73,23,1949.06,1
18353,Srimangal,1953,6,34.9,23.9,650.0,89.0,0.914814815,6.3,4.346428571,41915,675761.6,687095.9,24.29,91.73,23,1953.06,1
18365,Srimangal,1954,6,33.4,24.2,653.0,89.0,0.914814815,6.6,4.346428571,41915,675761.6,687095.9,24.29,91.73,23,1954.06,1
18389,Srimangal,1956,6,35.6,24.2,769.0,87.0,0.914814815,6.4,4.346428571,41915,675761.6,687095.9,24.29,91.73,23,1956.06,1
18401,Srimangal,1957,6,34.4,23.6,611.0,86.0,0.914814815,5.7,4.346428571,41915,675761.6,687095.9,24.29,91.73,23,1957.06,1
18461,Srimangal,1962,6,34.5,24.5,678.0,85.0,0.8,5.0,4.346428571,41915,675761.6,687095.9,24.29,91.73,23,1962.06,1
18497,Srimangal,1965,6,36.1,24.3,845.0,86.0,0.8,4.3,4.346428571,41915,675761.6,687095.9,24.29,91.73,23,1965.06,1
18509,Srimangal,1966,6,37.7,24.3,684.0,86.0,1.5,6.9,4.346428571,41915,675761.6,687095.9,24.29,91.73,23,1966.06,1
18535,Srimangal,1968,8,33.8,24.6,544.0,88.0,0.1,6.7,4.939285714,41915,675761.6,687095.9,24.29,91.73,23,1968.08,1
18558,Srimangal,1970,7,34.1,25.0,657.0,89.0,1.4,6.1,4.325,41915,675761.6,687095.9,24.29,91.73,23,1970.07,1
18592,Srimangal,1973,5,35.5,22.4,574.0,85.0,0.4,4.3,6.178571429,41915,675761.6,687095.9,24.29,91.73,23,1973.05,1
18605,Srimangal,1974,6,34.9,24.2,677.0,85.0,1.1,4.8,4.346428571,41915,675761.6,687095.9,24.29,91.73,23,1974.06,1
18629,Srimangal,1976,6,33.8,23.6,1285.0,85.0,0.1,4.8,4.346428571,41915,675761.6,687095.9,24.29,91.73,23,1976.06,1
18639,Srimangal,1977,4,33.5,19.9,695.0,85.0,0.9,3.5,7.571428571,41915,675761.6,687095.9,24.29,91.73,23,1977.04,1
18652,Srimangal,1978,5,36.7,22.4,651.0,79.0,0.8,3.9,6.178571429,41915,675761.6,687095.9,24.29,91.73,23,1978.05,1
18653,Srimangal,1978,6,33.9,24.3,686.0,85.0,0.7,4.4,4.346428571,41915,675761.6,687095.9,24.29,91.73,23,1978.06,1
18676,Srimangal,1980,5,33.4,22.9,631.0,79.0,0.8,2.2,6.178571429,41915,675761.6,687095.9,24.29,91.73,23,1980.05,1
18712,Srimangal,1983,5,36.0,21.9,605.0,79.0,0.8,2.0,6.178571429,41915,675761.6,687095.9,24.29,91.73,23,1983.05,1
18724,Srimangal,1984,5,36.0,22.9,734.0,80.0,0.8,0.0,6.178571429,41915,675761.6,687095.9,24.29,91.73,23,1984.05,1
18772,Srimangal,1988,5,33.9,22.9,628.0,81.0,1.4,6.1,4.7,41915,675761.6,687095.9,24.29,91.73,23,1988.05,1
18773,Srimangal,1988,6,35.0,25.0,435.0,79.0,1.1,5.8,5.8,41915,675761.6,687095.9,24.29,91.73,23,1988.06,1
18808,Srimangal,1991,5,33.4,21.6,831.0,86.0,1.3,6.6,2.1,41915,675761.6,687095.9,24.29,91.73,23,1991.05,1
18833,Srimangal,1993,6,34.6,23.8,748.0,86.0,0.5,5.6,3.9,41915,675761.6,687095.9,24.29,91.73,23,1993.06,1
18845,Srimangal,1994,6,35.2,24.9,216.0,82.0,0.4,5.3,4.3,41915,675761.6,687095.9,24.29,91.73,23,1994.06,1
18893,Srimangal,1998,6,35.6,25.3,247.0,84.0,0.7,5.7,4.5,41915,675761.6,687095.9,24.29,91.73,23,1998.06,1
18894,Srimangal,1998,7,34.4,25.2,508.0,87.0,1.2,6.6,3.2,41915,675761.6,687095.9,24.29,91.73,23,1998.07,1
18916,Srimangal,2000,5,36.5,22.6,803.0,85.0,0.7,5.8,5.2,41915,675761.6,687095.9,24.29,91.73,23,2000.05,1
18929,Srimangal,2001,6,35.8,24.5,747.0,88.0,0.8,6.9,4.6,41915,675761.6,687095.9,24.29,91.73,23,2001.06,1
18953,Srimangal,2003,6,35.8,24.6,640.0,85.0,1.1,6.3,3.1,41915,675761.6,687095.9,24.29,91.73,23,2003.06,1
18963,Srimangal,2004,4,33.5,21.0,657.0,79.0,1.4,4.9,6.0,41915,675761.6,687095.9,24.29,91.73,23,2004.04,1
18966,Srimangal,2004,7,34.6,24.6,889.0,86.0,0.9,6.7,3.6,41915,675761.6,687095.9,24.29,91.73,23,2004.07,1
18976,Srimangal,2005,5,35.2,21.4,615.0,82.0,1.3,4.6,6.7,41915,675761.6,687095.9,24.29,91.73,23,2005.05,1
19001,Srimangal,2007,6,35.5,24.6,622.0,86.0,1.2,6.6,3.4,41915,675761.6,687095.9,24.29,91.73,23,2007.06,1
19024,Srimangal,2009,5,35.4,23.1,713.0,80.0,3.0,4.7,6.7,41915,675761.6,687095.9,24.29,91.73,23,2009.05,1
19072,Srimangal,2013,5,34.6,22.6,783.0,83.0,3.2,6.3,4.2,41915,675761.6,687095.9,24.29,91.73,23,2013.05,1
19084,Sylhet,1956,5,35.0,23.4,907.0,81.33333333,1.668518519,6.7,6.025,41891,694533.2,752277.9,24.88,91.93,35,1956.05,1
19085,Sylhet,1956,6,32.8,24.9,977.0,87.14035088,1.566666667,7.2,3.644230769,41891,694533.2,752277.9,24.88,91.93,35,1956.06,1
19086,Sylhet,1956,7,35.0,24.6,872.0,87.24561404,1.512962963,7.1,3.719230769,41891,694533.2,752277.9,24.88,91.93,35,1956.07,1
19087,Sylhet,1956,8,34.4,25.1,605.0,86.54385965,1.390740741,7.0,4.473076923,41891,694533.2,752277.9,24.88,91.93,35,1956.08,1
19096,Sylhet,1957,5,34.9,22.4,893.0,87.0,1.668518519,5.8,6.025,41891,694533.2,752277.9,24.88,91.93,35,1957.05,1
19097,Sylhet,1957,6,33.6,24.4,625.0,90.0,1.566666667,6.6,3.644230769,41891,694533.2,752277.9,24.88,91.93,35,1957.06,1
19098,Sylhet,1957,7,33.9,25.5,447.0,88.0,1.512962963,6.9,3.719230769,41891,694533.2,752277.9,24.88,91.93,35,1957.07,1
19099,Sylhet,1957,8,36.2,25.0,524.0,86.0,1.390740741,6.3,4.473076923,41891,694533.2,752277.9,24.88,91.93,35,1957.08,1
19108,Sylhet,1958,5,34.5,23.0,667.0,84.0,1.668518519,5.3,6.025,41891,694533.2,752277.9,24.88,91.93,35,1958.05,1
19109,Sylhet,1958,6,35.2,24.9,512.0,86.0,1.566666667,6.0,3.644230769,41891,694533.2,752277.9,24.88,91.93,35,1958.06,1
19111,Sylhet,1958,8,34.4,25.0,640.0,90.0,1.390740741,6.8,4.473076923,41891,694533.2,752277.9,24.88,91.93,35,1958.08,1
19112,Sylhet,1958,9,34.8,25.0,453.0,87.0,1.175925926,5.5,4.711538462,41891,694533.2,752277.9,24.88,91.93,35,1958.09,1
19120,Sylhet,1959,5,34.1,22.3,800.0,85.0,1.668518519,6.0,6.025,41891,694533.2,752277.9,24.88,91.93,35,1959.05,1
19121,Sylhet,1959,6,35.1,24.6,1106.0,90.0,1.566666667,6.5,3.644230769,41891,694533.2,752277.9,24.88,91.93,35,1959.06,1
19123,Sylhet,1959,8,34.3,25.4,600.0,87.0,1.390740741,6.1,4.473076923,41891,694533.2,752277.9,24.88,91.93,35,1959.08,1
19124,Sylhet,1959,9,34.2,24.6,710.0,87.0,1.175925926,6.1,4.711538462,41891,694533.2,752277.9,24.88,91.93,35,1959.09,1
19133,Sylhet,1960,6,35.1,24.9,483.0,87.0,0.4,5.9,3.644230769,41891,694533.2,752277.9,24.88,91.93,35,1960.06,1
19134,Sylhet,1960,7,34.4,24.8,1118.0,87.0,0.6,7.5,3.719230769,41891,694533.2,752277.9,24.88,91.93,35,1960.07,1
19136,Sylhet,1960,9,34.9,24.8,552.0,86.0,0.5,6.2,4.711538462,41891,694533.2,752277.9,24.88,91.93,35,1960.09,1
19144,Sylhet,1961,5,36.9,23.3,605.0,81.0,1.7,4.9,6.025,41891,694533.2,752277.9,24.88,91.93,35,1961.05,1
19145,Sylhet,1961,6,35.8,24.6,922.0,87.0,1.5,6.7,3.644230769,41891,694533.2,752277.9,24.88,91.93,35,1961.06,1
19147,Sylhet,1961,8,35.1,25.4,509.0,86.0,1.3,6.6,4.473076923,41891,694533.2,752277.9,24.88,91.93,35,1961.08,1
19157,Sylhet,1962,6,34.7,24.8,918.0,89.0,0.7,7.7,3.7,41891,694533.2,752277.9,24.88,91.93,35,1962.06,1
19159,Sylhet,1962,8,33.9,24.7,822.0,89.0,0.6,7.6,3.4,41891,694533.2,752277.9,24.88,91.93,35,1962.08,1
19169,Sylhet,1963,6,35.8,24.6,810.0,89.0,1.8,6.8,3.9,41891,694533.2,752277.9,24.88,91.93,35,1963.06,1
19170,Sylhet,1963,7,35.6,25.4,681.0,89.0,1.4,7.1,4.1,41891,694533.2,752277.9,24.88,91.93,35,1963.07,1
19171,Sylhet,1963,8,33.4,25.3,557.0,88.0,1.3,6.8,4.5,41891,694533.2,752277.9,24.88,91.93,35,1963.08,1
19172,Sylhet,1963,9,34.4,25.0,512.0,85.0,1.2,6.1,6.7,41891,694533.2,752277.9,24.88,91.93,35,1963.09,1
19179,Sylhet,1964,4,33.6,21.0,526.0,80.0,2.2,6.1,7.1,41891,694533.2,752277.9,24.88,91.93,35,1964.04,1
19181,Sylhet,1964,6,32.5,24.2,1294.0,90.0,1.6,7.4,3.3,41891,694533.2,752277.9,24.88,91.93,35,1964.06,1
19182,Sylhet,1964,7,34.4,24.8,1116.0,89.0,1.8,7.5,3.0,41891,694533.2,752277.9,24.88,91.93,35,1964.07,1
19183,Sylhet,1964,8,34.8,25.4,538.0,86.0,1.5,6.8,5.7,41891,694533.2,752277.9,24.88,91.93,35,1964.08,1
19184,Sylhet,1964,9,34.2,24.7,582.0,88.0,1.1,6.4,4.8,41891,694533.2,752277.9,24.88,91.93,35,1964.09,1
19193,Sylhet,1965,6,34.2,24.4,916.0,89.0,2.0,7.0,2.5,41891,694533.2,752277.9,24.88,91.93,35,1965.06,1
19194,Sylhet,1965,7,33.8,24.9,508.0,88.0,1.7,6.8,3.2,41891,694533.2,752277.9,24.88,91.93,35,1965.07,1
19195,Sylhet,1965,8,33.7,24.3,666.0,90.0,1.8,7.2,3.2,41891,694533.2,752277.9,24.88,91.93,35,1965.08,1
19196,Sylhet,1965,9,34.4,24.6,550.0,88.0,1.0,6.3,4.2,41891,694533.2,752277.9,24.88,91.93,35,1965.09,1
19204,Sylhet,1966,5,32.1,22.7,551.0,81.0,1.5,5.7,6.2,41891,694533.2,752277.9,24.88,91.93,35,1966.05,1
19206,Sylhet,1966,7,31.6,25.0,1075.0,87.0,1.6,7.1,4.2,41891,694533.2,752277.9,24.88,91.93,35,1966.07,1
19207,Sylhet,1966,8,32.1,25.1,958.0,86.0,1.7,7.2,3.2,41891,694533.2,752277.9,24.88,91.93,35,1966.08,1
19208,Sylhet,1966,9,32.1,24.5,537.0,86.0,1.3,5.7,5.0,41891,694533.2,752277.9,24.88,91.93,35,1966.09,1
19217,Sylhet,1967,6,34.1,24.0,1019.0,88.0,2.2,6.8,4.7,41891,694533.2,752277.9,24.88,91.93,35,1967.06,1
19218,Sylhet,1967,7,34.6,25.3,618.0,86.0,1.9,6.9,4.6,41891,694533.2,752277.9,24.88,91.93,35,1967.07,1
19219,Sylhet,1967,8,34.6,25.2,399.0,84.0,1.8,6.6,5.9,41891,694533.2,752277.9,24.88,91.93,35,1967.08,1
19220,Sylhet,1967,9,33.8,24.5,573.0,88.0,1.6,6.6,4.1,41891,694533.2,752277.9,24.88,91.93,35,1967.09,1
19228,Sylhet,1968,5,36.1,22.1,660.0,83.0,0.6,6.9,5.4,41891,694533.2,752277.9,24.88,91.93,35,1968.05,1
19229,Sylhet,1968,6,36.1,24.4,815.0,88.0,0.9,7.3,3.1,41891,694533.2,752277.9,24.88,91.93,35,1968.06,1
19230,Sylhet,1968,7,34.1,25.0,812.0,89.0,1.1,7.2,3.2,41891,694533.2,752277.9,24.88,91.93,35,1968.07,1
19231,Sylhet,1968,8,33.5,24.7,826.0,88.0,0.8,7.0,4.6,41891,694533.2,752277.9,24.88,91.93,35,1968.08,1
19232,Sylhet,1968,9,34.0,24.3,630.0,90.0,0.5,6.1,4.2,41891,694533.2,752277.9,24.88,91.93,35,1968.09,1
19240,Sylhet,1969,5,35.6,23.3,459.0,78.0,1.2,4.7,8.2,41891,694533.2,752277.9,24.88,91.93,35,1969.05,1
19241,Sylhet,1969,6,33.9,24.1,704.0,89.0,1.4,7.6,3.8,41891,694533.2,752277.9,24.88,91.93,35,1969.06,1
19242,Sylhet,1969,7,34.7,25.2,738.0,87.0,1.2,7.0,5.0,41891,694533.2,752277.9,24.88,91.93,35,1969.07,1
19243,Sylhet,1969,8,33.9,24.5,964.0,90.0,1.3,7.4,3.7,41891,694533.2,752277.9,24.88,91.93,35,1969.08,1
19252,Sylhet,1970,5,34.4,23.1,851.0,81.0,1.6,5.0,7.7,41891,694533.2,752277.9,24.88,91.93,35,1970.05,1
19253,Sylhet,1970,6,35.0,24.7,955.0,88.0,1.7,7.0,4.6,41891,694533.2,752277.9,24.88,91.93,35,1970.06,1
19254,Sylhet,1970,7,35.0,24.6,1076.0,90.0,1.5,7.1,3.1,41891,694533.2,752277.9,24.88,91.93,35,1970.07,1
19255,Sylhet,1970,8,34.4,25.2,662.0,87.0,1.0,6.6,5.3,41891,694533.2,752277.9,24.88,91.93,35,1970.08,1
19256,Sylhet,1970,9,33.9,24.7,622.0,88.0,1.0,6.1,5.1,41891,694533.2,752277.9,24.88,91.93,35,1970.09,1
19257,Sylhet,1970,10,33.9,22.1,608.0,86.0,1.4,4.4,6.6,41891,694533.2,752277.9,24.88,91.93,35,1970.1,1
19265,Sylhet,1971,6,33.9,24.7,731.0,87.0,1.5,7.3,2.5,41891,694533.2,752277.9,24.88,91.93,35,1971.06,1
19266,Sylhet,1971,7,34.5,24.5,510.0,87.0,1.6,7.1,3.3,41891,694533.2,752277.9,24.88,91.93,35,1971.07,1
19267,Sylhet,1971,8,33.3,24.3,571.0,86.0,1.3,7.2,3.5,41891,694533.2,752277.9,24.88,91.93,35,1971.08,1
19275,Sylhet,1972,4,34.0,19.7,445.0,78.0,2.1,5.5,7.2,41891,694533.2,752277.9,24.88,91.93,35,1972.04,1
19277,Sylhet,1972,6,34.7,23.7,829.0,88.0,1.3,6.4,4.2,41891,694533.2,752277.9,24.88,91.93,35,1972.06,1
19278,Sylhet,1972,7,36.7,25.1,826.0,86.0,1.1,7.0,4.9,41891,694533.2,752277.9,24.88,91.93,35,1972.07,1
19279,Sylhet,1972,8,33.9,24.6,479.0,86.0,0.9,6.8,5.7,41891,694533.2,752277.9,24.88,91.93,35,1972.08,1
19288,Sylhet,1973,5,32.1,22.7,551.0,81.0,1.5,5.7,5.8,41891,694533.2,752277.9,24.88,91.93,35,1973.05,1
19289,Sylhet,1973,6,31.5,24.4,788.0,87.0,1.3,6.8,2.2,41891,694533.2,752277.9,24.88,91.93,35,1973.06,1
19290,Sylhet,1973,7,31.6,25.0,778.0,87.0,1.3,7.1,6.1,41891,694533.2,752277.9,24.88,91.93,35,1973.07,1
19291,Sylhet,1973,8,32.1,25.1,603.0,86.0,1.1,6.8,6.8,41891,694533.2,752277.9,24.88,91.93,35,1973.08,1
19292,Sylhet,1973,9,32.1,24.4,495.0,86.0,0.9,6.1,5.2,41891,694533.2,752277.9,24.88,91.93,35,1973.09,1
19300,Sylhet,1974,5,35.0,22.8,505.0,82.0,1.0,6.0,6.7,41891,694533.2,752277.9,24.88,91.93,35,1974.05,1
19301,Sylhet,1974,6,34.4,24.0,1014.0,88.0,0.8,7.0,4.8,41891,694533.2,752277.9,24.88,91.93,35,1974.06,1
19302,Sylhet,1974,7,32.5,24.4,1128.0,91.0,0.8,7.7,2.1,41891,694533.2,752277.9,24.88,91.93,35,1974.07,1
19303,Sylhet,1974,8,34.2,25.1,854.0,87.0,0.7,6.9,4.4,41891,694533.2,752277.9,24.88,91.93,35,1974.08,1
19304,Sylhet,1974,9,33.9,23.8,714.0,87.0,0.4,6.1,5.6,41891,694533.2,752277.9,24.88,91.93,35,1974.09,1
19312,Sylhet,1975,5,34.7,22.5,567.0,81.0,0.7,5.5,6.8,41891,694533.2,752277.9,24.88,91.93,35,1975.05,1
19313,Sylhet,1975,6,31.5,24.4,788.0,87.0,1.3,6.8,5.9,41891,694533.2,752277.9,24.88,91.93,35,1975.06,1
19314,Sylhet,1975,7,32.8,24.4,1061.0,87.0,0.4,7.4,2.9,41891,694533.2,752277.9,24.88,91.93,35,1975.07,1
19315,Sylhet,1975,8,33.9,24.9,737.0,86.0,0.4,6.6,5.8,41891,694533.2,752277.9,24.88,91.93,35,1975.08,1
19316,Sylhet,1975,9,33.3,24.4,466.0,86.0,0.3,6.4,4.6,41891,694533.2,752277.9,24.88,91.93,35,1975.09,1
19325,Sylhet,1976,6,32.5,23.7,1155.0,90.0,0.7,6.8,3.5,41891,694533.2,752277.9,24.88,91.93,35,1976.06,1
19326,Sylhet,1976,7,34.1,24.7,1096.0,87.0,0.3,6.7,4.8,41891,694533.2,752277.9,24.88,91.93,35,1976.07,1
19327,Sylhet,1976,8,33.6,24.5,880.0,89.0,0.5,6.6,4.1,41891,694533.2,752277.9,24.88,91.93,35,1976.08,1
19335,Sylhet,1977,4,32.1,19.9,759.0,84.0,1.4,6.6,4.0,41891,694533.2,752277.9,24.88,91.93,35,1977.04,1
19337,Sylhet,1977,6,33.4,23.6,787.0,89.0,0.8,7.1,3.2,41891,694533.2,752277.9,24.88,91.93,35,1977.06,1
19338,Sylhet,1977,7,33.6,25.4,516.0,87.0,0.7,7.0,4.1,41891,694533.2,752277.9,24.88,91.93,35,1977.07,1
19339,Sylhet,1977,8,35.0,25.0,743.0,86.0,0.9,6.4,5.4,41891,694533.2,752277.9,24.88,91.93,35,1977.08,1
19348,Sylhet,1978,5,36.1,22.2,791.0,84.0,1.4,6.8,5.0,41891,694533.2,752277.9,24.88,91.93,35,1978.05,1
19349,Sylhet,1978,6,33.1,24.3,870.0,89.0,0.7,7.1,3.1,41891,694533.2,752277.9,24.88,91.93,35,1978.06,1
19350,Sylhet,1978,7,33.9,24.8,722.0,86.0,0.8,7.0,3.7,41891,694533.2,752277.9,24.88,91.93,35,1978.07,1
19361,Sylhet,1979,6,36.4,24.9,929.0,85.0,2.9,6.0,4.6,41891,694533.2,752277.9,24.88,91.93,35,1979.06,1
19362,Sylhet,1979,7,35.8,24.9,1322.0,90.0,2.7,7.1,3.6,41891,694533.2,752277.9,24.88,91.93,35,1979.07,1
19364,Sylhet,1979,9,34.2,24.0,587.0,88.0,0.6,5.5,4.7,41891,694533.2,752277.9,24.88,91.93,35,1979.09,1
19371,Sylhet,1980,4,35.8,21.4,519.0,74.0,1.3,5.2,7.5,41891,694533.2,752277.9,24.88,91.93,35,1980.04,1
19372,Sylhet,1980,5,32.9,21.5,758.0,83.0,1.3,5.8,6.3,41891,694533.2,752277.9,24.88,91.93,35,1980.05,1
19373,Sylhet,1980,6,34.6,25.2,457.0,85.0,1.0,6.8,5.2,41891,694533.2,752277.9,24.88,91.93,35,1980.06,1
19377,Sylhet,1980,10,32.6,21.9,489.0,83.0,0.9,3.4,7.3,41891,694533.2,752277.9,24.88,91.93,35,1980.1,1
19384,Sylhet,1981,5,34.4,22.4,1000.0,82.0,1.1,5.6,6.3,41891,694533.2,752277.9,24.88,91.93,35,1981.05,1
19386,Sylhet,1981,7,34.4,24.8,1113.0,89.0,1.0,7.1,3.7,41891,694533.2,752277.9,24.88,91.93,35,1981.07,1
19387,Sylhet,1981,8,35.8,25.3,747.0,87.0,1.0,6.6,5.5,41891,694533.2,752277.9,24.88,91.93,35,1981.08,1
19388,Sylhet,1981,9,35.5,24.7,464.0,85.0,0.8,5.9,5.4,41891,694533.2,752277.9,24.88,91.93,35,1981.09,1
19395,Sylhet,1982,4,35.0,20.5,732.0,80.0,1.8,5.6,6.4,41891,694533.2,752277.9,24.88,91.93,35,1982.04,1
19396,Sylhet,1982,5,36.7,23.1,509.0,79.0,1.1,3.9,8.2,41891,694533.2,752277.9,24.88,91.93,35,1982.05,1
19397,Sylhet,1982,6,35.4,24.8,870.0,88.0,1.1,6.8,3.5,41891,694533.2,752277.9,24.88,91.93,35,1982.06,1
19398,Sylhet,1982,7,34.4,24.9,807.0,88.0,1.1,6.9,3.5,41891,694533.2,752277.9,24.88,91.93,35,1982.07,1
19399,Sylhet,1982,8,34.9,25.4,661.0,85.0,1.3,6.5,6.2,41891,694533.2,752277.9,24.88,91.93,35,1982.08,1
19400,Sylhet,1982,9,35.8,24.5,513.0,88.0,0.9,5.9,3.9,41891,694533.2,752277.9,24.88,91.93,35,1982.09,1
19408,Sylhet,1983,5,34.8,22.6,580.0,82.0,1.0,5.0,6.1,41891,694533.2,752277.9,24.88,91.93,35,1983.05,1
19409,Sylhet,1983,6,34.5,24.5,667.0,86.0,0.8,6.2,4.7,41891,694533.2,752277.9,24.88,91.93,35,1983.06,1
19410,Sylhet,1983,7,34.4,25.6,952.0,88.0,0.8,6.7,4.1,41891,694533.2,752277.9,24.88,91.93,35,1983.07,1
19411,Sylhet,1983,8,35.5,25.1,858.0,87.0,0.8,6.9,4.5,41891,694533.2,752277.9,24.88,91.93,35,1983.08,1
19412,Sylhet,1983,9,34.4,24.9,536.0,87.0,0.5,6.7,4.7,41891,694533.2,752277.9,24.88,91.93,35,1983.09,1
19420,Sylhet,1984,5,34.4,22.2,900.0,86.0,1.3,6.8,3.7,41891,694533.2,752277.9,24.88,91.93,35,1984.05,1
19421,Sylhet,1984,6,36.7,25.2,596.0,83.0,1.2,6.7,4.3,41891,694533.2,752277.9,24.88,91.93,35,1984.06,1
19422,Sylhet,1984,7,35.0,24.6,820.0,87.0,1.2,7.2,2.8,41891,694533.2,752277.9,24.88,91.93,35,1984.07,1
19424,Sylhet,1984,9,34.6,23.4,801.0,87.0,1.0,5.5,4.7,41891,694533.2,752277.9,24.88,91.93,35,1984.09,1
19431,Sylhet,1985,4,34.2,21.2,541.0,81.0,1.7,5.3,6.9,41891,694533.2,752277.9,24.88,91.93,35,1985.04,1
19433,Sylhet,1985,6,34.4,24.1,1083.0,88.0,1.2,6.9,4.0,41891,694533.2,752277.9,24.88,91.93,35,1985.06,1
19434,Sylhet,1985,7,34.4,24.3,670.0,87.0,1.2,7.2,3.5,41891,694533.2,752277.9,24.88,91.93,35,1985.07,1
19436,Sylhet,1985,9,35.0,24.0,596.0,87.0,0.8,6.1,4.6,41891,694533.2,752277.9,24.88,91.93,35,1985.09,1
19446,Sylhet,1986,7,34.4,23.4,646.0,88.0,1.3,7.1,3.1,41891,694533.2,752277.9,24.88,91.93,35,1986.07,1
19447,Sylhet,1986,8,36.7,23.3,586.0,87.0,1.3,6.5,4.2,41891,694533.2,752277.9,24.88,91.93,35,1986.08,1
19448,Sylhet,1986,9,33.9,22.5,494.0,88.0,1.2,6.9,2.6,41891,694533.2,752277.9,24.88,91.93,35,1986.09,1
19449,Sylhet,1986,10,32.3,20.1,454.0,84.0,1.1,3.8,6.6,41891,694533.2,752277.9,24.88,91.93,35,1986.1,1
19457,Sylhet,1987,6,34.4,24.6,1057.0,89.0,1.6,6.8,2.5,41891,694533.2,752277.9,24.88,91.93,35,1987.06,1
19458,Sylhet,1987,7,34.7,24.9,1038.0,91.0,1.8,7.4,2.7,41891,694533.2,752277.9,24.88,91.93,35,1987.07,1
19459,Sylhet,1987,8,35.0,25.1,638.0,89.0,1.6,6.9,3.4,41891,694533.2,752277.9,24.88,91.93,35,1987.08,1
19460,Sylhet,1987,9,34.0,24.5,922.0,89.0,1.4,6.7,3.7,41891,694533.2,752277.9,24.88,91.93,35,1987.09,1
19468,Sylhet,1988,5,33.9,22.3,1110.0,87.0,1.7,6.7,3.6,41891,694533.2,752277.9,24.88,91.93,35,1988.05,1
19469,Sylhet,1988,6,36.7,24.3,959.0,85.0,1.8,6.2,5.1,41891,694533.2,752277.9,24.88,91.93,35,1988.06,1
19470,Sylhet,1988,7,35.0,24.7,738.0,88.0,1.8,7.1,2.7,41891,694533.2,752277.9,24.88,91.93,35,1988.07,1
19471,Sylhet,1988,8,35.2,24.7,1157.0,92.0,1.4,7.7,1.9,41891,694533.2,752277.9,24.88,91.93,35,1988.08,1
19472,Sylhet,1988,9,35.3,24.3,772.0,86.0,1.3,6.4,4.8,41891,694533.2,752277.9,24.88,91.93,35,1988.09,1
19480,Sylhet,1989,5,35.6,24.1,543.0,80.0,1.2,5.2,6.8,41891,694533.2,752277.9,24.88,91.93,35,1989.05,1
19481,Sylhet,1989,6,35.6,24.4,970.0,86.0,1.4,6.4,3.5,41891,694533.2,752277.9,24.88,91.93,35,1989.06,1
19482,Sylhet,1989,7,35.3,25.0,1342.0,88.0,1.3,6.9,3.1,41891,694533.2,752277.9,24.88,91.93,35,1989.07,1
19483,Sylhet,1989,8,34.6,25.2,665.0,85.0,0.9,6.4,5.1,41891,694533.2,752277.9,24.88,91.93,35,1989.08,1
19484,Sylhet,1989,9,35.0,24.2,1081.0,89.0,0.8,6.4,3.7,41891,694533.2,752277.9,24.88,91.93,35,1989.09,1
19485,Sylhet,1989,10,34.4,23.0,524.0,86.0,1.1,4.7,5.5,41891,694533.2,752277.9,24.88,91.93,35,1989.1,1
19491,Sylhet,1990,4,32.8,19.6,510.0,80.0,2.6,6.0,4.3,41891,694533.2,752277.9,24.88,91.93,35,1990.04,1
19492,Sylhet,1990,5,35.3,23.5,546.0,80.0,1.2,5.4,6.0,41891,694533.2,752277.9,24.88,91.93,35,1990.05,1
19493,Sylhet,1990,6,36.3,24.9,595.0,87.0,1.1,7.0,3.0,41891,694533.2,752277.9,24.88,91.93,35,1990.06,1
19494,Sylhet,1990,7,35.0,25.3,784.0,87.0,1.2,7.1,3.3,41891,694533.2,752277.9,24.88,91.93,35,1990.07,1
19495,Sylhet,1990,8,35.5,25.2,547.0,86.0,1.0,6.1,4.5,41891,694533.2,752277.9,24.88,91.93,35,1990.08,1
19496,Sylhet,1990,9,34.6,24.3,1023.0,90.0,1.0,6.7,3.5,41891,694533.2,752277.9,24.88,91.93,35,1990.09,1
19504,Sylhet,1991,5,32.8,20.7,1071.0,88.0,2.1,7.4,1.8,41891,694533.2,752277.9,24.88,91.93,35,1991.05,1
19505,Sylhet,1991,6,33.8,23.5,1203.0,89.0,1.3,7.4,1.9,41891,694533.2,752277.9,24.88,91.93,35,1991.06,1
19507,Sylhet,1991,8,37.4,24.7,437.0,85.0,1.3,7.0,4.1,41891,694533.2,752277.9,24.88,91.93,35,1991.08,1
19508,Sylhet,1991,9,33.6,23.7,781.0,90.0,0.9,6.5,2.4,41891,694533.2,752277.9,24.88,91.93,35,1991.09,1
19516,Sylhet,1992,5,34.3,21.0,544.0,81.0,1.6,5.6,5.5,41891,694533.2,752277.9,24.88,91.93,35,1992.05,1
19517,Sylhet,1992,6,36.1,23.1,666.0,84.0,1.2,6.1,4.7,41891,694533.2,752277.9,24.88,91.93,35,1992.06,1
19518,Sylhet,1992,7,35.4,24.1,901.0,88.0,1.4,7.1,2.7,41891,694533.2,752277.9,24.88,91.93,35,1992.07,1
19520,Sylhet,1992,9,35.5,22.3,459.0,86.0,1.1,5.9,4.6,41891,694533.2,752277.9,24.88,91.93,35,1992.09,1
19528,Sylhet,1993,5,35.4,21.9,577.0,84.0,1.6,6.3,4.4,41891,694533.2,752277.9,24.88,91.93,35,1993.05,1
19529,Sylhet,1993,6,35.1,23.8,1066.0,88.0,1.7,7.1,3.6,41891,694533.2,752277.9,24.88,91.93,35,1993.06,1
19530,Sylhet,1993,7,35.2,25.1,1172.0,88.0,1.4,7.0,4.1,41891,694533.2,752277.9,24.88,91.93,35,1993.07,1
19531,Sylhet,1993,8,34.5,25.5,586.0,87.0,1.4,7.2,3.1,41891,694533.2,752277.9,24.88,91.93,35,1993.08,1
19532,Sylhet,1993,9,35.6,24.6,752.0,86.0,1.0,6.6,4.6,41891,694533.2,752277.9,24.88,91.93,35,1993.09,1
19538,Sylhet,1994,3,32.0,18.2,515.0,74.0,1.8,4.5,5.9,41891,694533.2,752277.9,24.88,91.93,35,1994.03,1
19541,Sylhet,1994,6,34.2,24.8,584.0,85.0,1.5,7.1,3.5,41891,694533.2,752277.9,24.88,91.93,35,1994.06,1
19542,Sylhet,1994,7,36.2,25.3,757.0,82.0,1.5,6.8,5.6,41891,694533.2,752277.9,24.88,91.93,35,1994.07,1
19543,Sylhet,1994,8,36.0,25.9,573.0,83.0,1.1,6.9,4.9,41891,694533.2,752277.9,24.88,91.93,35,1994.08,1
19553,Sylhet,1995,6,37.0,25.1,909.0,87.0,1.2,7.1,3.2,41891,694533.2,752277.9,24.88,91.93,35,1995.06,1
19554,Sylhet,1995,7,36.0,25.3,712.0,86.0,1.2,7.4,3.5,41891,694533.2,752277.9,24.88,91.93,35,1995.07,1
19555,Sylhet,1995,8,34.4,25.3,709.0,86.0,1.0,6.9,4.4,41891,694533.2,752277.9,24.88,91.93,35,1995.08,1
19556,Sylhet,1995,9,35.5,25.3,423.0,84.0,0.9,6.6,4.1,41891,694533.2,752277.9,24.88,91.93,35,1995.09,1
19564,Sylhet,1996,5,35.2,22.8,759.0,84.0,1.4,6.3,4.7,41891,694533.2,752277.9,24.88,91.93,35,1996.05,1
19565,Sylhet,1996,6,37.0,24.3,518.0,86.0,1.2,6.3,4.0,41891,694533.2,752277.9,24.88,91.93,35,1996.06,1
19566,Sylhet,1996,7,36.7,25.1,745.0,91.0,1.0,7.5,2.3,41891,694533.2,752277.9,24.88,91.93,35,1996.07,1
19567,Sylhet,1996,8,36.2,25.1,744.0,89.0,0.9,7.1,3.6,41891,694533.2,752277.9,24.88,91.93,35,1996.08,1
19577,Sylhet,1997,6,36.7,23.8,796.0,88.0,1.4,7.1,3.1,41891,694533.2,752277.9,24.88,91.93,35,1997.06,1
19578,Sylhet,1997,7,36.0,25.4,681.0,89.0,1.1,7.2,3.5,41891,694533.2,752277.9,24.88,91.93,35,1997.07,1
19579,Sylhet,1997,8,36.6,25.5,486.0,86.0,1.1,6.7,4.3,41891,694533.2,752277.9,24.88,91.93,35,1997.08,1
19580,Sylhet,1997,9,34.5,23.8,946.0,90.0,1.1,6.6,3.3,41891,694533.2,752277.9,24.88,91.93,35,1997.09,1
19587,Sylhet,1998,4,34.3,21.4,548.0,79.0,1.4,5.0,6.3,41891,694533.2,752277.9,24.88,91.93,35,1998.04,1
19589,Sylhet,1998,6,34.6,24.8,858.0,89.0,1.5,7.2,3.0,41891,694533.2,752277.9,24.88,91.93,35,1998.06,1
19590,Sylhet,1998,7,34.5,25.0,1245.0,93.0,1.4,7.6,1.8,41891,694533.2,752277.9,24.88,91.93,35,1998.07,1
19591,Sylhet,1998,8,34.1,25.4,665.0,91.0,1.1,7.4,2.7,41891,694533.2,752277.9,24.88,91.93,35,1998.08,1
19600,Sylhet,1999,5,34.7,23.3,731.0,84.0,1.5,6.0,4.9,41891,694533.2,752277.9,24.88,91.93,35,1999.05,1
19601,Sylhet,1999,6,36.7,25.2,472.0,86.0,1.3,6.8,4.1,41891,694533.2,752277.9,24.88,91.93,35,1999.06,1
19602,Sylhet,1999,7,37.4,25.4,775.0,88.0,1.3,7.3,2.8,41891,694533.2,752277.9,24.88,91.93,35,1999.07,1
19603,Sylhet,1999,8,36.0,25.4,503.0,87.0,1.2,7.2,3.4,41891,694533.2,752277.9,24.88,91.93,35,1999.08,1
19611,Sylhet,2000,4,33.7,20.8,654.0,81.0,2.1,5.2,5.8,41891,694533.2,752277.9,24.88,91.93,35,2000.04,1
19612,Sylhet,2000,5,36.7,23.4,661.0,85.0,1.7,6.2,4.5,41891,694533.2,752277.9,24.88,91.93,35,2000.05,1
19613,Sylhet,2000,6,35.5,24.8,794.0,89.0,1.7,7.0,3.4,41891,694533.2,752277.9,24.88,91.93,35,2000.06,1
19615,Sylhet,2000,8,35.5,24.8,981.0,89.0,1.5,6.8,3.3,41891,694533.2,752277.9,24.88,91.93,35,2000.08,1
19616,Sylhet,2000,9,34.5,24.5,733.0,88.0,1.2,6.7,2.9,41891,694533.2,752277.9,24.88,91.93,35,2000.09,1
19625,Sylhet,2001,6,35.7,25.2,729.0,89.0,1.5,7.1,3.3,41891,694533.2,752277.9,24.88,91.93,35,2001.06,1
19626,Sylhet,2001,7,36.0,25.6,612.0,88.0,1.6,7.1,3.9,41891,694533.2,752277.9,24.88,91.93,35,2001.07,1
19627,Sylhet,2001,8,35.7,25.7,606.0,87.0,1.5,6.8,5.4,41891,694533.2,752277.9,24.88,91.93,35,2001.08,1
19636,Sylhet,2002,5,36.2,22.7,548.0,83.0,2.3,5.8,5.5,41891,694533.2,752277.9,24.88,91.93,35,2002.05,1
19637,Sylhet,2002,6,34.9,24.8,701.0,92.0,1.5,7.3,2.2,41891,694533.2,752277.9,24.88,91.93,35,2002.06,1
19638,Sylhet,2002,7,33.7,25.3,841.0,92.0,1.4,7.6,1.7,41891,694533.2,752277.9,24.88,91.93,35,2002.07,1
19639,Sylhet,2002,8,35.0,25.4,481.0,89.0,1.5,7.1,4.1,41891,694533.2,752277.9,24.88,91.93,35,2002.08,1
19649,Sylhet,2003,6,35.5,24.7,1038.0,88.0,1.9,7.2,2.9,41891,694533.2,752277.9,24.88,91.93,35,2003.06,1
19650,Sylhet,2003,7,37.0,25.9,497.0,85.0,1.8,6.9,3.7,41891,694533.2,752277.9,24.88,91.93,35,2003.07,1
19652,Sylhet,2003,9,36.0,25.1,499.0,87.0,1.4,6.2,3.8,41891,694533.2,752277.9,24.88,91.93,35,2003.09,1
19659,Sylhet,2004,4,34.0,21.1,622.0,81.0,2.2,5.4,4.8,41891,694533.2,752277.9,24.88,91.93,35,2004.04,1
19661,Sylhet,2004,6,35.4,25.0,553.0,84.0,1.8,6.5,3.1,41891,694533.2,752277.9,24.88,91.93,35,2004.06,1
19662,Sylhet,2004,7,35.7,24.8,1394.0,88.0,1.9,6.9,3.7,41891,694533.2,752277.9,24.88,91.93,35,2004.07,1
19663,Sylhet,2004,8,35.8,25.9,545.0,83.0,1.7,6.6,6.4,41891,694533.2,752277.9,24.88,91.93,35,2004.08,1
19664,Sylhet,2004,9,34.1,24.8,478.0,88.0,1.6,6.8,2.7,41891,694533.2,752277.9,24.88,91.93,35,2004.09,1
19672,Sylhet,2005,5,35.0,21.6,895.0,82.0,2.2,5.7,5.2,41891,694533.2,752277.9,24.88,91.93,35,2005.05,1
19674,Sylhet,2005,7,36.4,25.3,978.0,86.0,1.7,7.0,4.6,41891,694533.2,752277.9,24.88,91.93,35,2005.07,1
19675,Sylhet,2005,8,35.4,25.9,626.0,88.0,1.8,7.4,3.0,41891,694533.2,752277.9,24.88,91.93,35,2005.08,1
19684,Sylhet,2006,5,38.0,23.5,572.0,78.0,1.7,4.9,6.1,41891,694533.2,752277.9,24.88,91.93,35,2006.05,1
19685,Sylhet,2006,6,35.8,24.5,1288.0,87.0,1.6,6.6,3.5,41891,694533.2,752277.9,24.88,91.93,35,2006.06,1
19686,Sylhet,2006,7,37.2,26.3,436.0,83.0,1.7,7.0,4.5,41891,694533.2,752277.9,24.88,91.93,35,2006.07,1
19696,Sylhet,2007,5,37.0,24.1,669.0,80.0,1.7,5.4,6.6,41891,694533.2,752277.9,24.88,91.93,35,2007.05,1
19697,Sylhet,2007,6,35.0,24.9,869.0,87.0,1.7,6.8,3.2,41891,694533.2,752277.9,24.88,91.93,35,2007.06,1
19698,Sylhet,2007,7,36.8,25.6,786.0,88.0,2.0,7.3,3.1,41891,694533.2,752277.9,24.88,91.93,35,2007.07,1
19699,Sylhet,2007,8,36.4,25.8,578.0,85.0,1.4,6.1,5.0,41891,694533.2,752277.9,24.88,91.93,35,2007.08,1
19700,Sylhet,2007,9,36.0,25.4,594.0,84.0,1.5,6.1,3.8,41891,694533.2,752277.9,24.88,91.93,35,2007.09,1
19708,Sylhet,2008,5,36.2,23.5,501.0,78.0,1.7,5.2,6.4,41891,694533.2,752277.9,24.88,91.93,35,2008.05,1
19709,Sylhet,2008,6,36.2,24.8,648.0,86.0,1.6,7.2,3.4,41891,694533.2,752277.9,24.88,91.93,35,2008.06,1
19710,Sylhet,2008,7,35.9,25.5,604.0,88.0,1.7,7.4,3.3,41891,694533.2,752277.9,24.88,91.93,35,2008.07,1
19711,Sylhet,2008,8,36.8,25.2,761.0,89.0,1.4,7.1,3.0,41891,694533.2,752277.9,24.88,91.93,35,2008.08,1
19720,Sylhet,2009,5,36.4,23.2,576.0,78.0,3.5,5.6,6.9,41891,694533.2,752277.9,24.88,91.93,35,2009.05,1
19721,Sylhet,2009,6,35.2,24.9,469.0,85.0,3.6,6.7,4.6,41891,694533.2,752277.9,24.88,91.93,35,2009.06,1
19722,Sylhet,2009,7,36.8,26.1,599.0,83.0,3.7,6.7,5.3,41891,694533.2,752277.9,24.88,91.93,35,2009.07,1
19723,Sylhet,2009,8,34.9,25.6,674.0,87.0,4.0,7.1,3.5,41891,694533.2,752277.9,24.88,91.93,35,2009.08,1
19731,Sylhet,2010,4,35.0,21.6,804.0,80.0,3.5,6.0,5.5,41891,694533.2,752277.9,24.88,91.93,35,2010.04,1
19732,Sylhet,2010,5,35.0,23.2,728.0,82.0,2.8,6.4,5.3,41891,694533.2,752277.9,24.88,91.93,35,2010.05,1
19733,Sylhet,2010,6,34.9,24.5,946.0,89.0,3.1,7.5,2.2,41891,694533.2,752277.9,24.88,91.93,35,2010.06,1
19734,Sylhet,2010,7,35.7,25.9,528.0,85.0,2.8,7.1,3.5,41891,694533.2,752277.9,24.88,91.93,35,2010.07,1
19735,Sylhet,2010,8,35.9,25.8,767.0,87.0,3.5,6.9,3.9,41891,694533.2,752277.9,24.88,91.93,35,2010.08,1
19736,Sylhet,2010,9,35.5,25.0,732.0,87.0,2.9,6.5,4.3,41891,694533.2,752277.9,24.88,91.93,35,2010.09,1
19745,Sylhet,2011,6,36.0,25.3,578.0,85.0,3.1,6.7,3.8,41891,694533.2,752277.9,24.88,91.93,35,2011.06,1
19746,Sylhet,2011,7,35.5,25.7,673.0,86.0,3.6,6.9,3.8,41891,694533.2,752277.9,24.88,91.93,35,2011.07,1
19747,Sylhet,2011,8,37.0,25.6,722.0,85.0,3.2,7.0,4.5,41891,694533.2,752277.9,24.88,91.93,35,2011.08,1
19748,Sylhet,2011,9,37.8,25.5,490.0,83.0,2.9,6.1,5.7,41891,694533.2,752277.9,24.88,91.93,35,2011.09,1
19755,Sylhet,2012,4,38.0,20.6,659.0,78.0,3.2,5.6,5.6,41891,694533.2,752277.9,24.88,91.93,35,2012.04,1
19757,Sylhet,2012,6,35.2,24.6,1185.0,88.0,3.7,7.2,2.5,41891,694533.2,752277.9,24.88,91.93,35,2012.06,1
19758,Sylhet,2012,7,35.8,26.0,700.0,85.0,3.8,7.4,4.4,41891,694533.2,752277.9,24.88,91.93,35,2012.07,1
19759,Sylhet,2012,8,36.4,25.7,738.0,85.0,3.6,7.0,4.8,41891,694533.2,752277.9,24.88,91.93,35,2012.08,1
19761,Sylhet,2012,10,34.3,22.8,502.0,81.0,2.4,3.9,6.2,41891,694533.2,752277.9,24.88,91.93,35,2012.1,1
19768,Sylhet,2013,5,36.4,22.7,959.0,84.0,3.3,7.1,4.2,41891,694533.2,752277.9,24.88,91.93,35,2013.05,1
19769,Sylhet,2013,6,39.6,25.8,729.0,81.0,2.9,6.3,4.2,41891,694533.2,752277.9,24.88,91.93,35,2013.06,1
19771,Sylhet,2013,8,35.3,25.6,520.0,85.0,3.3,7.2,3.9,41891,694533.2,752277.9,24.88,91.93,35,2013.08,1
19773,Sylhet,2013,10,35.0,23.1,451.0,81.0,2.5,5.0,5.5,41891,694533.2,752277.9,24.88,91.93,35,2013.1,1
19782,Tangail,1987,7,33.4,25.6,356.0,88.0,3.1,6.8,3.9,41909,491982.91,683166.0,24.15,89.55,10,1987.07,1
19783,Tangail,1987,8,33.2,26.2,394.0,86.0,2.9,6.0,4.4,41909,491982.91,683166.0,24.15,89.55,10,1987.08,1
19793,Tangail,1988,6,35.6,25.7,589.0,86.0,2.9,5.6,4.1,41909,491982.91,683166.0,24.15,89.55,10,1988.06,1
19794,Tangail,1988,7,34.5,26.6,413.0,86.0,2.6,5.9,4.0,41909,491982.91,683166.0,24.15,89.55,10,1988.07,1
19806,Tangail,1989,7,33.8,26.2,381.0,87.0,2.0,5.6,3.8,41909,491982.91,683166.0,24.15,89.55,10,1989.07,1
19829,Tangail,1991,6,34.0,25.4,398.0,85.0,1.9,5.9,3.3,41909,491982.91,683166.0,24.15,89.55,10,1991.06,1
19830,Tangail,1991,7,34.8,26.3,430.0,85.0,2.8,5.7,4.2,41909,491982.91,683166.0,24.15,89.55,10,1991.07,1
19832,Tangail,1991,9,33.4,25.5,700.0,88.0,1.2,5.6,2.6,41909,491982.91,683166.0,24.15,89.55,10,1991.09,1
19844,Tangail,1992,9,35.0,25.3,472.0,86.0,1.3,4.4,5.4,41909,491982.91,683166.0,24.15,89.55,10,1992.09,1
19853,Tangail,1993,6,34.5,25.1,509.0,87.0,2.0,6.1,5.0,41909,491982.91,683166.0,24.15,89.55,10,1993.06,1
19854,Tangail,1993,7,34.0,26.0,477.0,87.0,1.9,6.0,4.6,41909,491982.91,683166.0,24.15,89.55,10,1993.07,1
19856,Tangail,1993,9,34.9,25.6,513.0,86.0,1.2,5.7,3.9,41909,491982.91,683166.0,24.15,89.55,10,1993.09,1
19864,Tangail,1994,5,37.0,23.9,406.0,81.0,1.8,4.1,7.2,41909,491982.91,683166.0,24.15,89.55,10,1994.05,1
19878,Tangail,1995,7,33.0,25.8,372.0,87.0,1.8,6.5,3.3,41909,491982.91,683166.0,24.15,89.55,10,1995.07,1
19902,Tangail,1997,7,34.2,26.1,516.0,87.0,1.3,6.3,4.0,41909,491982.91,683166.0,24.15,89.55,10,1997.07,1
19903,Tangail,1997,8,35.6,26.0,469.0,87.0,0.9,6.3,4.2,41909,491982.91,683166.0,24.15,89.55,10,1997.08,1
19914,Tangail,1998,7,34.6,26.3,459.0,89.0,1.7,7.1,3.0,41909,491982.91,683166.0,24.15,89.55,10,1998.07,1
19915,Tangail,1998,8,34.0,26.6,444.0,88.0,1.3,6.8,3.5,41909,491982.91,683166.0,24.15,89.55,10,1998.08,1
19937,Tangail,2000,6,36.4,25.7,390.0,84.0,1.4,6.2,5.2,41909,491982.91,683166.0,24.15,89.55,10,2000.06,1
19940,Tangail,2000,9,35.6,25.1,368.0,87.0,0.9,5.7,4.4,41909,491982.91,683166.0,24.15,89.55,10,2000.09,1
19948,Tangail,2001,5,34.8,23.9,364.0,81.0,1.0,5.0,6.5,41909,491982.91,683166.0,24.15,89.55,10,2001.05,1
19962,Tangail,2002,7,35.2,25.8,487.0,88.0,1.2,7.0,1.8,41909,491982.91,683166.0,24.15,89.55,10,2002.07,1
19985,Tangail,2004,6,35.5,25.0,455.0,85.0,0.9,5.8,3.4,41909,491982.91,683166.0,24.15,89.55,10,2004.06,1
19988,Tangail,2004,9,34.5,25.1,500.0,88.0,0.9,6.1,3.1,41909,491982.91,683166.0,24.15,89.55,10,2004.09,1
20000,Tangail,2005,9,36.0,25.9,381.0,86.0,0.6,5.3,4.7,41909,491982.91,683166.0,24.15,89.55,10,2005.09,1
20001,Tangail,2005,10,35.1,23.4,556.0,87.0,0.4,4.6,4.7,41909,491982.91,683166.0,24.15,89.55,10,2005.1,1
20012,Tangail,2006,9,36.2,25.5,1193.0,86.0,0.8,5.2,5.5,41909,491982.91,683166.0,24.15,89.55,10,2006.09,1
20021,Tangail,2007,6,37.5,25.3,660.0,85.0,1.1,5.9,4.8,41909,491982.91,683166.0,24.15,89.55,10,2007.06,1
20022,Tangail,2007,7,35.2,25.7,609.0,87.0,1.0,6.5,3.3,41909,491982.91,683166.0,24.15,89.55,10,2007.07,1
20034,Tangail,2008,7,34.5,25.9,444.0,87.0,1.2,6.6,3.5,41909,491982.91,683166.0,24.15,89.55,10,2008.07,1
20037,Tangail,2008,10,34.0,22.8,365.0,84.0,0.5,3.0,6.6,41909,491982.91,683166.0,24.15,89.55,10,2008.1,1
20057,Tangail,2010,6,36.6,25.7,430.0,84.0,2.7,6.2,3.7,41909,491982.91,683166.0,24.15,89.55,10,2010.06,1
20061,Tangail,2010,10,36.4,24.0,319.0,84.0,1.7,3.3,6.3,41909,491982.91,683166.0,24.15,89.55,10,2010.1,1
20071,Tangail,2011,8,35.0,26.2,761.0,88.0,2.3,6.3,3.2,41909,491982.91,683166.0,24.15,89.55,10,2011.08,1
20103,Teknaf,1977,4,32.0,21.7,425.0,77.0,1.7,3.8,8.2,41998,734765.4,308914.1,20.87,92.26,4,1977.04,1
20105,Teknaf,1977,6,33.0,23.6,884.0,83.0,3.3,6.2,2.9,41998,734765.4,308914.1,20.87,92.26,4,1977.06,1
20106,Teknaf,1977,7,32.0,24.3,1088.0,86.0,4.4,7.0,3.2,41998,734765.4,308914.1,20.87,92.26,4,1977.07,1
20107,Teknaf,1977,8,31.3,23.8,1008.0,84.0,3.4,6.7,3.7,41998,734765.4,308914.1,20.87,92.26,4,1977.08,1
20116,Teknaf,1978,5,35.2,23.9,419.0,76.0,4.0,5.1,7.4,41998,734765.4,308914.1,20.87,92.26,4,1978.05,1
20117,Teknaf,1978,6,32.5,24.2,720.0,81.0,3.5,6.6,3.4,41998,734765.4,308914.1,20.87,92.26,4,1978.06,1
20118,Teknaf,1978,7,31.0,23.2,564.0,82.0,3.4,6.2,2.8,41998,734765.4,308914.1,20.87,92.26,4,1978.07,1
20119,Teknaf,1978,8,32.2,23.8,842.0,85.0,3.3,6.7,3.8,41998,734765.4,308914.1,20.87,92.26,4,1978.08,1
20120,Teknaf,1978,9,33.9,23.6,715.0,81.0,2.1,5.9,5.5,41998,734765.4,308914.1,20.87,92.26,4,1978.09,1
20131,Teknaf,1979,8,32.0,24.5,459.0,89.0,1.9,6.8,4.3,41998,734765.4,308914.1,20.87,92.26,4,1979.08,1
20153,Teknaf,1981,6,32.2,24.2,1127.0,85.0,1.5,6.6,4.8,41998,734765.4,308914.1,20.87,92.26,4,1981.06,1
20154,Teknaf,1981,7,30.9,24.4,1204.0,89.0,2.5,7.2,2.3,41998,734765.4,308914.1,20.87,92.26,4,1981.07,1
20155,Teknaf,1981,8,31.4,25.1,845.0,86.0,2.6,6.5,4.6,41998,734765.4,308914.1,20.87,92.26,4,1981.08,1
20156,Teknaf,1981,9,34.0,24.8,473.0,81.0,0.9,5.2,7.1,41998,734765.4,308914.1,20.87,92.26,4,1981.09,1
20165,Teknaf,1982,6,36.0,24.8,1353.0,84.0,1.4,6.5,2.8,41998,734765.4,308914.1,20.87,92.26,4,1982.06,1
20166,Teknaf,1982,7,32.4,25.2,1216.0,86.0,1.4,6.2,4.3,41998,734765.4,308914.1,20.87,92.26,4,1982.07,1
20167,Teknaf,1982,8,36.0,24.5,932.0,89.0,1.5,6.8,3.3,41998,734765.4,308914.1,20.87,92.26,4,1982.08,1
20168,Teknaf,1982,9,32.0,24.5,475.0,84.0,0.7,5.1,6.4,41998,734765.4,308914.1,20.87,92.26,4,1982.09,1
20177,Teknaf,1983,6,32.3,25.1,730.0,87.0,0.8,6.6,3.4,41998,734765.4,308914.1,20.87,92.26,4,1983.06,1
20178,Teknaf,1983,7,30.4,25.1,1014.0,87.0,1.5,6.3,3.7,41998,734765.4,308914.1,20.87,92.26,4,1983.07,1
20179,Teknaf,1983,8,32.8,24.5,817.0,87.0,1.7,6.0,4.1,41998,734765.4,308914.1,20.87,92.26,4,1983.08,1
20180,Teknaf,1983,9,33.5,24.6,532.0,84.0,1.0,4.4,6.0,41998,734765.4,308914.1,20.87,92.26,4,1983.09,1
20189,Teknaf,1984,6,33.3,24.9,1517.0,87.0,1.4,6.8,2.7,41998,734765.4,308914.1,20.87,92.26,4,1984.06,1
20190,Teknaf,1984,7,32.7,24.7,971.0,86.0,0.9,6.3,3.1,41998,734765.4,308914.1,20.87,92.26,4,1984.07,1
20191,Teknaf,1984,8,32.4,24.6,973.0,88.0,1.2,6.8,3.3,41998,734765.4,308914.1,20.87,92.26,4,1984.08,1
20201,Teknaf,1985,6,33.6,25.1,803.0,87.0,0.7,6.7,2.6,41998,734765.4,308914.1,20.87,92.26,4,1985.06,1
20202,Teknaf,1985,7,31.9,24.1,983.0,87.0,1.1,6.7,3.0,41998,734765.4,308914.1,20.87,92.26,4,1985.07,1
20203,Teknaf,1985,8,32.8,24.7,1093.0,88.0,1.2,7.1,3.4,41998,734765.4,308914.1,20.87,92.26,4,1985.08,1
20213,Teknaf,1986,6,34.0,25.4,1371.0,84.0,0.9,6.6,3.4,41998,734765.4,308914.1,20.87,92.26,4,1986.06,1
20214,Teknaf,1986,7,32.1,24.9,896.0,88.0,1.1,6.5,2.8,41998,734765.4,308914.1,20.87,92.26,4,1986.07,1
20215,Teknaf,1986,8,33.8,25.1,670.0,86.0,1.1,6.4,3.8,41998,734765.4,308914.1,20.87,92.26,4,1986.08,1
20225,Teknaf,1987,6,34.2,25.9,504.0,85.0,1.3,5.7,3.7,41998,734765.4,308914.1,20.87,92.26,4,1987.06,1
20226,Teknaf,1987,7,31.7,25.0,1294.0,92.0,1.5,7.3,1.7,41998,734765.4,308914.1,20.87,92.26,4,1987.07,1
20227,Teknaf,1987,8,33.0,24.8,986.0,88.0,1.4,6.5,3.5,41998,734765.4,308914.1,20.87,92.26,4,1987.08,1
20228,Teknaf,1987,9,32.4,25.0,684.0,88.0,1.2,6.1,4.4,41998,734765.4,308914.1,20.87,92.26,4,1987.09,1
20237,Teknaf,1988,6,32.5,24.9,811.0,87.0,1.3,7.1,3.6,41998,734765.4,308914.1,20.87,92.26,4,1988.06,1
20238,Teknaf,1988,7,33.0,25.2,889.0,85.0,1.1,6.7,2.9,41998,734765.4,308914.1,20.87,92.26,4,1988.07,1
20239,Teknaf,1988,8,32.5,25.3,643.0,88.0,1.1,7.0,3.5,41998,734765.4,308914.1,20.87,92.26,4,1988.08,1
20249,Teknaf,1989,6,33.8,25.0,927.0,86.0,1.0,6.7,4.1,41998,734765.4,308914.1,20.87,92.26,4,1989.06,1
20250,Teknaf,1989,7,33.5,25.0,962.0,86.0,1.8,6.3,4.2,41998,734765.4,308914.1,20.87,92.26,4,1989.07,1
20251,Teknaf,1989,8,32.5,24.5,829.0,89.0,1.0,6.4,3.9,41998,734765.4,308914.1,20.87,92.26,4,1989.08,1
20252,Teknaf,1989,9,32.5,24.8,673.0,88.0,0.8,6.1,4.8,41998,734765.4,308914.1,20.87,92.26,4,1989.09,1
20261,Teknaf,1990,6,33.2,25.3,1279.0,88.0,1.2,5.7,3.4,41998,734765.4,308914.1,20.87,92.26,4,1990.06,1
20262,Teknaf,1990,7,31.0,25.2,946.0,91.0,1.1,7.3,0.7,41998,734765.4,308914.1,20.87,92.26,4,1990.07,1
20263,Teknaf,1990,8,33.0,25.2,575.0,85.0,0.9,6.2,5.0,41998,734765.4,308914.1,20.87,92.26,4,1990.08,1
20273,Teknaf,1991,6,33.8,25.5,1269.0,90.0,1.8,7.2,2.7,41998,734765.4,308914.1,20.87,92.26,4,1991.06,1
20274,Teknaf,1991,7,32.0,25.3,1428.0,90.0,1.2,7.4,2.3,41998,734765.4,308914.1,20.87,92.26,4,1991.07,1
20275,Teknaf,1991,8,32.0,25.1,1261.0,90.0,0.8,7.4,2.9,41998,734765.4,308914.1,20.87,92.26,4,1991.08,1
20276,Teknaf,1991,9,33.6,25.1,431.0,88.0,0.3,6.6,4.2,41998,734765.4,308914.1,20.87,92.26,4,1991.09,1
20285,Teknaf,1992,6,34.0,25.7,807.0,90.0,1.0,5.8,5.4,41998,734765.4,308914.1,20.87,92.26,4,1992.06,1
20286,Teknaf,1992,7,31.5,25.0,1018.0,89.0,1.0,7.2,2.6,41998,734765.4,308914.1,20.87,92.26,4,1992.07,1
20287,Teknaf,1992,8,34.2,25.3,704.0,88.0,1.1,6.6,4.0,41998,734765.4,308914.1,20.87,92.26,4,1992.08,1
20289,Teknaf,1992,10,34.0,23.9,436.0,84.0,0.7,3.4,7.0,41998,734765.4,308914.1,20.87,92.26,4,1992.1,1
20296,Teknaf,1993,5,33.2,24.2,526.0,80.0,1.0,4.4,7.8,41998,734765.4,308914.1,20.87,92.26,4,1993.05,1
20297,Teknaf,1993,6,33.5,25.0,1331.0,89.0,0.7,5.8,3.2,41998,734765.4,308914.1,20.87,92.26,4,1993.06,1
20298,Teknaf,1993,7,32.5,25.5,702.0,89.0,1.1,6.0,3.2,41998,734765.4,308914.1,20.87,92.26,4,1993.07,1
20299,Teknaf,1993,8,31.2,24.7,1335.0,91.0,0.9,6.6,2.2,41998,734765.4,308914.1,20.87,92.26,4,1993.08,1
20309,Teknaf,1994,6,34.0,25.2,1446.0,91.0,1.3,6.8,1.7,41998,734765.4,308914.1,20.87,92.26,4,1994.06,1
20310,Teknaf,1994,7,33.0,24.7,1475.0,92.0,1.7,6.8,1.8,41998,734765.4,308914.1,20.87,92.26,4,1994.07,1
20311,Teknaf,1994,8,32.3,22.5,1017.0,90.0,1.9,6.3,4.2,41998,734765.4,308914.1,20.87,92.26,4,1994.08,1
20312,Teknaf,1994,9,32.8,22.9,425.0,86.0,1.3,4.5,5.2,41998,734765.4,308914.1,20.87,92.26,4,1994.09,1
20321,Teknaf,1995,6,33.0,25.8,1116.0,89.0,1.5,6.4,2.1,41998,734765.4,308914.1,20.87,92.26,4,1995.06,1
20322,Teknaf,1995,7,32.2,25.5,1214.0,91.0,1.2,6.8,1.9,41998,734765.4,308914.1,20.87,92.26,4,1995.07,1
20323,Teknaf,1995,8,33.3,25.8,622.0,89.0,0.8,6.2,4.1,41998,734765.4,308914.1,20.87,92.26,4,1995.08,1
20324,Teknaf,1995,9,33.4,25.4,563.0,88.0,0.8,5.2,4.1,41998,734765.4,308914.1,20.87,92.26,4,1995.09,1
20333,Teknaf,1996,6,33.6,25.6,649.0,87.0,0.8,4.8,5.2,41998,734765.4,308914.1,20.87,92.26,4,1996.06,1
20334,Teknaf,1996,7,33.0,25.6,1212.0,90.0,0.7,5.9,3.7,41998,734765.4,308914.1,20.87,92.26,4,1996.07,1
20335,Teknaf,1996,8,32.5,25.0,866.0,91.0,0.7,6.3,2.7,41998,734765.4,308914.1,20.87,92.26,4,1996.08,1
20337,Teknaf,1996,10,34.2,24.5,687.0,85.0,0.5,3.4,6.4,41998,734765.4,308914.1,20.87,92.26,4,1996.1,1
20345,Teknaf,1997,6,33.0,25.8,585.0,89.0,0.7,5.9,2.2,41998,734765.4,308914.1,20.87,92.26,4,1997.06,1
20346,Teknaf,1997,7,32.4,25.5,1353.0,93.0,0.8,7.1,1.6,41998,734765.4,308914.1,20.87,92.26,4,1997.07,1
20347,Teknaf,1997,8,33.8,26.0,742.0,90.0,0.8,5.6,4.7,41998,734765.4,308914.1,20.87,92.26,4,1997.08,1
20348,Teknaf,1997,9,33.5,25.3,666.0,89.0,0.6,4.8,5.9,41998,734765.4,308914.1,20.87,92.26,4,1997.09,1
20356,Teknaf,1998,5,36.2,26.0,429.0,83.0,1.4,3.9,6.6,41998,734765.4,308914.1,20.87,92.26,4,1998.05,1
20357,Teknaf,1998,6,34.0,27.0,486.0,87.0,1.0,5.5,4.6,41998,734765.4,308914.1,20.87,92.26,4,1998.06,1
20358,Teknaf,1998,7,32.2,25.8,1195.0,91.0,0.5,6.2,3.1,41998,734765.4,308914.1,20.87,92.26,4,1998.07,1
20359,Teknaf,1998,8,32.6,25.8,1474.0,91.0,0.3,6.6,2.3,41998,734765.4,308914.1,20.87,92.26,4,1998.08,1
20368,Teknaf,1999,5,35.0,25.4,629.0,85.0,0.9,5.0,4.6,41998,734765.4,308914.1,20.87,92.26,4,1999.05,1
20369,Teknaf,1999,6,34.0,25.9,982.0,90.0,1.0,6.2,2.0,41998,734765.4,308914.1,20.87,92.26,4,1999.06,1
20370,Teknaf,1999,7,32.2,25.5,771.0,92.0,0.8,6.3,2.1,41998,734765.4,308914.1,20.87,92.26,4,1999.07,1
20371,Teknaf,1999,8,32.5,25.4,1395.0,93.0,0.7,6.6,2.7,41998,734765.4,308914.1,20.87,92.26,4,1999.08,1
20372,Teknaf,1999,9,33.2,25.1,513.0,90.0,0.5,5.2,5.0,41998,734765.4,308914.1,20.87,92.26,4,1999.09,1
20380,Teknaf,2000,5,33.7,24.8,600.0,85.0,0.8,4.8,5.5,41998,734765.4,308914.1,20.87,92.26,4,2000.05,1
20381,Teknaf,2000,6,35.0,25.4,1091.0,89.0,0.9,6.2,3.9,41998,734765.4,308914.1,20.87,92.26,4,2000.06,1
20382,Teknaf,2000,7,33.2,25.2,1457.0,90.0,0.7,6.3,3.5,41998,734765.4,308914.1,20.87,92.26,4,2000.07,1
20383,Teknaf,2000,8,33.0,25.4,1008.0,87.0,0.8,6.0,5.8,41998,734765.4,308914.1,20.87,92.26,4,2000.08,1
20393,Teknaf,2001,6,33.0,25.1,1759.0,93.0,1.2,7.2,2.8,41998,734765.4,308914.1,20.87,92.26,4,2001.06,1
20394,Teknaf,2001,7,31.8,25.4,1236.0,92.0,1.0,7.1,2.0,41998,734765.4,308914.1,20.87,92.26,4,2001.07,1
20395,Teknaf,2001,8,32.8,25.7,684.0,90.0,1.2,6.5,4.9,41998,734765.4,308914.1,20.87,92.26,4,2001.08,1
20405,Teknaf,2002,6,33.0,25.7,808.0,89.0,0.8,5.8,3.8,41998,734765.4,308914.1,20.87,92.26,4,2002.06,1
20406,Teknaf,2002,7,33.0,25.2,1136.0,92.0,0.7,7.2,2.1,41998,734765.4,308914.1,20.87,92.26,4,2002.07,1
20407,Teknaf,2002,8,33.4,25.5,692.0,89.0,1.2,6.4,3.7,41998,734765.4,308914.1,20.87,92.26,4,2002.08,1
20417,Teknaf,2003,6,33.3,24.6,1638.0,93.0,1.1,7.2,1.7,41998,734765.4,308914.1,20.87,92.26,4,2003.06,1
20418,Teknaf,2003,7,32.5,25.7,822.0,88.0,1.0,5.8,4.8,41998,734765.4,308914.1,20.87,92.26,4,2003.07,1
20419,Teknaf,2003,8,33.5,25.5,895.0,90.0,0.9,6.3,4.8,41998,734765.4,308914.1,20.87,92.26,4,2003.08,1
20420,Teknaf,2003,9,32.5,25.5,669.0,89.0,0.6,5.0,5.3,41998,734765.4,308914.1,20.87,92.26,4,2003.09,1
20428,Teknaf,2004,5,36.0,25.3,437.0,82.0,0.8,3.7,7.4,41998,734765.4,308914.1,20.87,92.26,4,2004.05,1
20429,Teknaf,2004,6,34.0,25.8,680.0,88.0,0.7,6.4,3.7,41998,734765.4,308914.1,20.87,92.26,4,2004.06,1
20430,Teknaf,2004,7,32.5,25.3,899.0,90.0,0.6,6.5,3.3,41998,734765.4,308914.1,20.87,92.26,4,2004.07,1
20431,Teknaf,2004,8,32.8,25.4,1162.0,92.0,0.5,6.5,3.8,41998,734765.4,308914.1,20.87,92.26,4,2004.08,1
20433,Teknaf,2004,10,33.9,24.2,472.0,86.0,0.3,3.0,7.1,41998,734765.4,308914.1,20.87,92.26,4,2004.1,1
20441,Teknaf,2005,6,34.8,26.4,1023.0,86.0,0.5,6.0,3.9,41998,734765.4,308914.1,20.87,92.26,4,2005.06,1
20442,Teknaf,2005,7,32.6,25.6,953.0,90.0,0.6,6.7,4.1,41998,734765.4,308914.1,20.87,92.26,4,2005.07,1
20443,Teknaf,2005,8,32.4,25.2,1356.0,94.0,0.4,7.2,1.8,41998,734765.4,308914.1,20.87,92.26,4,2005.08,1
20452,Teknaf,2006,5,34.0,25.4,724.0,83.0,0.1,2.9,6.6,41998,734765.4,308914.1,20.87,92.26,4,2006.05,1
20453,Teknaf,2006,6,33.0,26.1,491.0,88.0,0.9,6.0,4.1,41998,734765.4,308914.1,20.87,92.26,4,2006.06,1
20454,Teknaf,2006,7,32.7,25.5,1650.0,91.0,1.3,6.7,2.6,41998,734765.4,308914.1,20.87,92.26,4,2006.07,1
20455,Teknaf,2006,8,32.6,24.9,732.0,90.0,1.8,7.2,4.0,41998,734765.4,308914.1,20.87,92.26,4,2006.08,1
20456,Teknaf,2006,9,33.1,25.3,824.0,88.0,1.2,5.7,5.1,41998,734765.4,308914.1,20.87,92.26,4,2006.09,1
20465,Teknaf,2007,6,34.7,26.1,598.0,85.0,1.2,5.6,6.3,41998,734765.4,308914.1,20.87,92.26,4,2007.06,1
20466,Teknaf,2007,7,32.2,25.3,1586.0,90.0,1.1,7.1,2.8,41998,734765.4,308914.1,20.87,92.26,4,2007.07,1
20467,Teknaf,2007,8,32.6,25.4,628.0,89.0,1.1,6.8,3.9,41998,734765.4,308914.1,20.87,92.26,4,2007.08,1
20469,Teknaf,2007,10,33.4,24.0,622.0,88.0,0.5,4.1,6.1,41998,734765.4,308914.1,20.87,92.26,4,2007.1,1
20470,Teknaf,2007,11,32.6,22.4,205.0,84.0,0.4,2.6,7.1,41998,734765.4,308914.1,20.87,92.26,4,2007.11,1
20477,Teknaf,2008,6,37.2,25.0,1135.0,90.0,1.3,6.6,3.9,41998,734765.4,308914.1,20.87,92.26,4,2008.06,1
20478,Teknaf,2008,7,32.7,24.8,2072.0,93.0,0.9,7.1,2.6,41998,734765.4,308914.1,20.87,92.26,4,2008.07,1
20479,Teknaf,2008,8,32.3,25.1,993.0,90.0,0.8,6.7,3.5,41998,734765.4,308914.1,20.87,92.26,4,2008.08,1
20480,Teknaf,2008,9,34.1,25.1,520.0,88.0,0.8,5.7,5.2,41998,734765.4,308914.1,20.87,92.26,4,2008.09,1
20489,Teknaf,2009,6,34.0,25.8,542.0,86.0,3.0,5.6,4.1,41998,734765.4,308914.1,20.87,92.26,4,2009.06,1
20490,Teknaf,2009,7,32.0,25.4,1454.0,92.0,3.2,7.2,1.9,41998,734765.4,308914.1,20.87,92.26,4,2009.07,1
20491,Teknaf,2009,8,32.9,25.5,851.0,90.0,2.7,6.8,2.6,41998,734765.4,308914.1,20.87,92.26,4,2009.08,1
20492,Teknaf,2009,9,33.5,25.4,555.0,88.0,2.9,5.9,5.7,41998,734765.4,308914.1,20.87,92.26,4,2009.09,1
20501,Teknaf,2010,6,34.5,26.0,1089.0,90.0,2.8,6.0,3.9,41998,734765.4,308914.1,20.87,92.26,4,2010.06,1
20502,Teknaf,2010,7,32.8,25.8,881.0,89.0,2.4,6.3,3.4,41998,734765.4,308914.1,20.87,92.26,4,2010.07,1
20503,Teknaf,2010,8,33.0,25.6,551.0,88.0,2.6,6.1,4.6,41998,734765.4,308914.1,20.87,92.26,4,2010.08,1
20505,Teknaf,2010,10,34.0,25.4,602.0,87.0,2.6,5.1,4.9,41998,734765.4,308914.1,20.87,92.26,4,2010.1,1
20514,Teknaf,2011,7,33.3,25.6,848.0,89.0,2.0,6.5,4.6,41998,734765.4,308914.1,20.87,92.26,4,2011.07,1
20515,Teknaf,2011,8,32.5,25.3,1163.0,90.0,1.8,6.7,3.5,41998,734765.4,308914.1,20.87,92.26,4,2011.08,1
20516,Teknaf,2011,9,32.2,25.2,826.0,90.0,1.9,6.7,3.4,41998,734765.4,308914.1,20.87,92.26,4,2011.09,1
20517,Teknaf,2011,10,34.1,24.3,474.0,86.0,1.6,4.4,8.0,41998,734765.4,308914.1,20.87,92.26,4,2011.1,1
20525,Teknaf,2012,6,34.1,25.7,1431.0,89.0,2.3,6.6,3.1,41998,734765.4,308914.1,20.87,92.26,4,2012.06,1
20526,Teknaf,2012,7,31.5,25.3,1349.0,93.0,2.2,7.3,2.6,41998,734765.4,308914.1,20.87,92.26,4,2012.07,1
20527,Teknaf,2012,8,32.3,25.5,933.0,90.0,1.8,6.2,4.3,41998,734765.4,308914.1,20.87,92.26,4,2012.08,1
20528,Teknaf,2012,9,33.1,25.7,496.0,87.0,2.0,5.7,5.9,41998,734765.4,308914.1,20.87,92.26,4,2012.09,1
20536,Teknaf,2013,5,34.2,24.8,753.0,85.0,3.7,5.5,3.9,41998,734765.4,308914.1,20.87,92.26,4,2013.05,1
20537,Teknaf,2013,6,33.2,25.8,821.0,87.0,3.5,6.2,4.6,41998,734765.4,308914.1,20.87,92.26,4,2013.06,1
20538,Teknaf,2013,7,32.2,25.3,1127.0,89.0,3.3,6.5,3.6,41998,734765.4,308914.1,20.87,92.26,4,2013.07,1
20539,Teknaf,2013,8,32.5,25.4,851.0,88.0,2.5,6.2,3.8,41998,734765.4,308914.1,20.87,92.26,4,2013.08,1
