Sl,Year,Month,Max_Temp,Min_Temp,Rainfall,Relative_Humidity,Wind_Speed,Cloud_Coverage,Bright_Sunshine,Station_Number,X_COR,Y_COR,LATITUDE,LONGITUDE,ALT,Flood?,Month_Sin,Month_Cos,Station_Barisal,Station_Bhola,Station_Bogra,Station_Chandpur,Station_Chittagong (City-Ambagan),Station_Chittagong (IAP-Patenga),Station_Comilla,Station_Cox's Bazar,Station_Dhaka,Station_Dinajpur,Station_Faridpur,Station_Feni,Station_Hatiya,Station_Ishurdi,Station_Jessore,Station_Khepupara,Station_Khulna,Station_Kutubdia,Station_Madaripur,Station_Maijdee Court,Station_Mongla,Station_Mymensingh,Station_Patuakhali,Station_Rajshahi,Station_Rangamati,Station_Rangpur,Station_Sandwip,Station_Satkhira,Station_Sitakunda,Station_Srimangal,Station_Sylhet,Station_Tangail,Station_Teknaf
5,1949,6,34.4,25.7,512.0,80.0,1.631481481,5.6,4.072340426,41950,536809.8,510151.9,22.7,90.36,4,1,1.2246467991473532e-16,-1.0,1,0,0,0,0,0,0,0,0,0,0,0,0,0,0,0,0,0,0,0,0,0,0,0,0,0,0,0,0,0,0,0,0
6,1949,7,33.4,25.8,575.0,85.0,1.57037037,5.4,3.738297872,41950,536809.8,510151.9,22.7,90.36,4,1,-0.4999999999999997,-0.8660254037844388,1,0,0,0,0,0,0,0,0,0,0,0,0,0,0,0,0,0,0,0,0,0,0,0,0,0,0,0,0,0,0,0,0
7,1949,8,33.5,25.7,349.0,86.0,1.32962963,5.6,4.272340426,41950,536809.8,510151.9,22.7,90.36,4,1,-0.8660254037844385,-0.5000000000000004,1,0,0,0,0,0,0,0,0,0,0,0,0,0,0,0,0,0,0,0,0,0,0,0,0,0,0,0,0,0,0,0,0
16,1950,5,36.1,25.5,87.0,78.0,1.703703704,4.8,7.046808511,41950,536809.8,510151.9,22.7,90.36,4,1,0.49999999999999994,-0.8660254037844387,1,0,0,0,0,0,0,0,0,0,0,0,0,0,0,0,0,0,0,0,0,0,0,0,0,0,0,0,0,0,0,0,0
17,1950,6,33.9,26.0,476.0,87.0,1.631481481,7.2,4.072340426,41950,536809.8,510151.9,22.7,90.36,4,1,1.2246467991473532e-16,-1.0,1,0,0,0,0,0,0,0,0,0,0,0,0,0,0,0,0,0,0,0,0,0,0,0,0,0,0,0,0,0,0,0,0
18,1950,7,32.2,25.9,546.0,89.0,1.57037037,6.8,3.738297872,41950,536809.8,510151.9,22.7,90.36,4,1,-0.4999999999999997,-0.8660254037844388,1,0,0,0,0,0,0,0,0,0,0,0,0,0,0,0,0,0,0,0,0,0,0,0,0,0,0,0,0,0,0,0,0
19,1950,8,32.8,25.6,337.0,90.0,1.32962963,7.4,4.272340426,41950,536809.8,510151.9,22.7,90.36,4,1,-0.8660254037844385,-0.5000000000000004,1,0,0,0,0,0,0,0,0,0,0,0,0,0,0,0,0,0,0,0,0,0,0,0,0,0,0,0,0,0,0,0,0
21,1950,10,33.3,24.5,339.0,85.0,0.490740741,5.8,7.0,41950,536809.8,510151.9,22.7,90.36,4,1,-0.8660254037844386,0.5000000000000001,1,0,0,0,0,0,0,0,0,0,0,0,0,0,0,0,0,0,0,0,0,0,0,0,0,0,0,0,0,0,0,0,0
29,1951,6,33.9,26.2,394.0,87.0,1.631481481,6.7,4.072340426,41950,536809.8,510151.9,22.7,90.36,4,1,1.2246467991473532e-16,-1.0,1,0,0,0,0,0,0,0,0,0,0,0,0,0,0,0,0,0,0,0,0,0,0,0,0,0,0,0,0,0,0,0,0
30,1951,7,35.0,26.0,375.0,89.0,1.57037037,7.2,3.738297872,41950,536809.8,510151.9,22.7,90.36,4,1,-0.4999999999999997,-0.8660254037844388,1,0,0,0,0,0,0,0,0,0,0,0,0,0,0,0,0,0,0,0,0,0,0,0,0,0,0,0,0,0,0,0,0
33,1951,10,33.3,25.1,301.0,85.0,0.490740741,4.8,7.0,41950,536809.8,510151.9,22.7,90.36,4,1,-0.8660254037844386,0.5000000000000001,1,0,0,0,0,0,0,0,0,0,0,0,0,0,0,0,0,0,0,0,0,0,0,0,0,0,0,0,0,0,0,0,0
41,1952,6,32.9,25.7,406.0,87.0,1.631481481,6.2,4.072340426,41950,536809.8,510151.9,22.7,90.36,4,1,1.2246467991473532e-16,-1.0,1,0,0,0,0,0,0,0,0,0,0,0,0,0,0,0,0,0,0,0,0,0,0,0,0,0,0,0,0,0,0,0,0
42,1952,7,31.2,25.6,414.0,88.0,1.57037037,6.5,3.738297872,41950,536809.8,510151.9,22.7,90.36,4,1,-0.4999999999999997,-0.8660254037844388,1,0,0,0,0,0,0,0,0,0,0,0,0,0,0,0,0,0,0,0,0,0,0,0,0,0,0,0,0,0,0,0,0
43,1952,8,31.4,25.7,349.0,88.0,1.32962963,6.4,4.272340426,41950,536809.8,510151.9,22.7,90.36,4,1,-0.8660254037844385,-0.5000000000000004,1,0,0,0,0,0,0,0,0,0,0,0,0,0,0,0,0,0,0,0,0,0,0,0,0,0,0,0,0,0,0,0,0
52,1953,5,36.1,25.2,339.0,81.0,1.703703704,5.3,7.046808511,41950,536809.8,510151.9,22.7,90.36,4,1,0.49999999999999994,-0.8660254037844387,1,0,0,0,0,0,0,0,0,0,0,0,0,0,0,0,0,0,0,0,0,0,0,0,0,0,0,0,0,0,0,0,0
53,1953,6,35.6,25.2,715.0,88.0,1.631481481,7.3,4.072340426,41950,536809.8,510151.9,22.7,90.36,4,1,1.2246467991473532e-16,-1.0,1,0,0,0,0,0,0,0,0,0,0,0,0,0,0,0,0,0,0,0,0,0,0,0,0,0,0,0,0,0,0,0,0
54,1953,7,35.0,25.5,526.0,91.0,1.57037037,6.9,3.738297872,41950,536809.8,510151.9,22.7,90.36,4,1,-0.4999999999999997,-0.8660254037844388,1,0,0,0,0,0,0,0,0,0,0,0,0,0,0,0,0,0,0,0,0,0,0,0,0,0,0,0,0,0,0,0,0
65,1954,6,36.0,25.4,500.0,86.0,1.631481481,6.4,4.072340426,41950,536809.8,510151.9,22.7,90.36,4,1,1.2246467991473532e-16,-1.0,1,0,0,0,0,0,0,0,0,0,0,0,0,0,0,0,0,0,0,0,0,0,0,0,0,0,0,0,0,0,0,0,0
77,1955,6,32.9,25.7,406.0,87.0,1.631481481,6.2,4.072340426,41950,536809.8,510151.9,22.7,90.36,4,1,1.2246467991473532e-16,-1.0,1,0,0,0,0,0,0,0,0,0,0,0,0,0,0,0,0,0,0,0,0,0,0,0,0,0,0,0,0,0,0,0,0
78,1955,7,31.2,25.6,414.0,88.0,1.57037037,6.5,3.738297872,41950,536809.8,510151.9,22.7,90.36,4,1,-0.4999999999999997,-0.8660254037844388,1,0,0,0,0,0,0,0,0,0,0,0,0,0,0,0,0,0,0,0,0,0,0,0,0,0,0,0,0,0,0,0,0
79,1955,8,31.4,25.7,349.0,88.0,1.32962963,6.4,4.272340426,41950,536809.8,510151.9,22.7,90.36,4,1,-0.8660254037844385,-0.5000000000000004,1,0,0,0,0,0,0,0,0,0,0,0,0,0,0,0,0,0,0,0,0,0,0,0,0,0,0,0,0,0,0,0,0
88,1956,5,34.4,26.2,343.0,83.0,1.703703704,5.6,7.046808511,41950,536809.8,510151.9,22.7,90.36,4,1,0.49999999999999994,-0.8660254037844387,1,0,0,0,0,0,0,0,0,0,0,0,0,0,0,0,0,0,0,0,0,0,0,0,0,0,0,0,0,0,0,0,0
89,1956,6,32.2,25.2,784.0,87.0,1.631481481,6.3,4.072340426,41950,536809.8,510151.9,22.7,90.36,4,1,1.2246467991473532e-16,-1.0,1,0,0,0,0,0,0,0,0,0,0,0,0,0,0,0,0,0,0,0,0,0,0,0,0,0,0,0,0,0,0,0,0
90,1956,7,33.8,25.8,319.0,86.0,1.57037037,5.7,3.738297872,41950,536809.8,510151.9,22.7,90.36,4,1,-0.4999999999999997,-0.8660254037844388,1,0,0,0,0,0,0,0,0,0,0,0,0,0,0,0,0,0,0,0,0,0,0,0,0,0,0,0,0,0,0,0,0
91,1956,8,33.3,26.0,497.0,87.0,1.32962963,5.6,4.272340426,41950,536809.8,510151.9,22.7,90.36,4,1,-0.8660254037844385,-0.5000000000000004,1,0,0,0,0,0,0,0,0,0,0,0,0,0,0,0,0,0,0,0,0,0,0,0,0,0,0,0,0,0,0,0,0
92,1956,9,33.4,25.7,700.0,85.0,0.937037037,4.8,4.823404255,41950,536809.8,510151.9,22.7,90.36,4,1,-1.0,-1.8369701987210297e-16,1,0,0,0,0,0,0,0,0,0,0,0,0,0,0,0,0,0,0,0,0,0,0,0,0,0,0,0,0,0,0,0,0
102,1957,7,33.3,26.0,564.0,87.0,1.57037037,5.8,3.738297872,41950,536809.8,510151.9,22.7,90.36,4,1,-0.4999999999999997,-0.8660254037844388,1,0,0,0,0,0,0,0,0,0,0,0,0,0,0,0,0,0,0,0,0,0,0,0,0,0,0,0,0,0,0,0,0
112,1958,5,36.1,26.2,289.0,83.0,1.703703704,4.0,7.046808511,41950,536809.8,510151.9,22.7,90.36,4,1,0.49999999999999994,-0.8660254037844387,1,0,0,0,0,0,0,0,0,0,0,0,0,0,0,0,0,0,0,0,0,0,0,0,0,0,0,0,0,0,0,0,0
114,1958,7,33.3,26.2,414.0,90.0,1.57037037,6.0,3.738297872,41950,536809.8,510151.9,22.7,90.36,4,1,-0.4999999999999997,-0.8660254037844388,1,0,0,0,0,0,0,0,0,0,0,0,0,0,0,0,0,0,0,0,0,0,0,0,0,0,0,0,0,0,0,0,0
116,1958,9,34.4,26.0,321.0,85.0,0.937037037,5.4,4.823404255,41950,536809.8,510151.9,22.7,90.36,4,1,-1.0,-1.8369701987210297e-16,1,0,0,0,0,0,0,0,0,0,0,0,0,0,0,0,0,0,0,0,0,0,0,0,0,0,0,0,0,0,0,0,0
125,1959,6,34.6,25.8,377.0,85.0,1.631481481,5.4,4.072340426,41950,536809.8,510151.9,22.7,90.36,4,1,1.2246467991473532e-16,-1.0,1,0,0,0,0,0,0,0,0,0,0,0,0,0,0,0,0,0,0,0,0,0,0,0,0,0,0,0,0,0,0,0,0
126,1959,7,33.8,25.8,751.0,87.0,1.57037037,6.5,3.738297872,41950,536809.8,510151.9,22.7,90.36,4,1,-0.4999999999999997,-0.8660254037844388,1,0,0,0,0,0,0,0,0,0,0,0,0,0,0,0,0,0,0,0,0,0,0,0,0,0,0,0,0,0,0,0,0
127,1959,8,32.7,25.8,621.0,87.0,1.32962963,6.1,4.272340426,41950,536809.8,510151.9,22.7,90.36,4,1,-0.8660254037844385,-0.5000000000000004,1,0,0,0,0,0,0,0,0,0,0,0,0,0,0,0,0,0,0,0,0,0,0,0,0,0,0,0,0,0,0,0,0
128,1959,9,33.8,25.3,608.0,91.0,0.937037037,5.7,4.823404255,41950,536809.8,510151.9,22.7,90.36,4,1,-1.0,-1.8369701987210297e-16,1,0,0,0,0,0,0,0,0,0,0,0,0,0,0,0,0,0,0,0,0,0,0,0,0,0,0,0,0,0,0,0,0
129,1959,10,32.3,24.3,475.0,87.0,0.490740741,4.4,7.0,41950,536809.8,510151.9,22.7,90.36,4,1,-0.8660254037844386,0.5000000000000001,1,0,0,0,0,0,0,0,0,0,0,0,0,0,0,0,0,0,0,0,0,0,0,0,0,0,0,0,0,0,0,0,0
136,1960,5,37.2,26.4,324.0,76.0,1.1,4.2,7.046808511,41950,536809.8,510151.9,22.7,90.36,4,1,0.49999999999999994,-0.8660254037844387,1,0,0,0,0,0,0,0,0,0,0,0,0,0,0,0,0,0,0,0,0,0,0,0,0,0,0,0,0,0,0,0,0
137,1960,6,34.4,26.5,433.0,84.0,0.6,5.0,4.072340426,41950,536809.8,510151.9,22.7,90.36,4,1,1.2246467991473532e-16,-1.0,1,0,0,0,0,0,0,0,0,0,0,0,0,0,0,0,0,0,0,0,0,0,0,0,0,0,0,0,0,0,0,0,0
138,1960,7,32.8,25.5,716.0,89.0,0.4,6.0,3.738297872,41950,536809.8,510151.9,22.7,90.36,4,1,-0.4999999999999997,-0.8660254037844388,1,0,0,0,0,0,0,0,0,0,0,0,0,0,0,0,0,0,0,0,0,0,0,0,0,0,0,0,0,0,0,0,0
139,1960,8,33.6,26.6,823.0,88.0,0.4,6.2,4.272340426,41950,536809.8,510151.9,22.7,90.36,4,1,-0.8660254037844385,-0.5000000000000004,1,0,0,0,0,0,0,0,0,0,0,0,0,0,0,0,0,0,0,0,0,0,0,0,0,0,0,0,0,0,0,0,0
140,1960,9,34.0,25.9,650.0,88.0,0.3,5.4,4.823404255,41950,536809.8,510151.9,22.7,90.36,4,1,-1.0,-1.8369701987210297e-16,1,0,0,0,0,0,0,0,0,0,0,0,0,0,0,0,0,0,0,0,0,0,0,0,0,0,0,0,0,0,0,0,0
141,1960,10,33.8,24.1,316.0,80.0,1.6,2.5,7.0,41950,536809.8,510151.9,22.7,90.36,4,1,-0.8660254037844386,0.5000000000000001,1,0,0,0,0,0,0,0,0,0,0,0,0,0,0,0,0,0,0,0,0,0,0,0,0,0,0,0,0,0,0,0,0
148,1961,5,36.6,25.5,303.0,81.0,1.2,3.6,7.046808511,41950,536809.8,510151.9,22.7,90.36,4,1,0.49999999999999994,-0.8660254037844387,1,0,0,0,0,0,0,0,0,0,0,0,0,0,0,0,0,0,0,0,0,0,0,0,0,0,0,0,0,0,0,0,0
149,1961,6,36.1,25.7,553.0,86.0,0.5,5.9,4.072340426,41950,536809.8,510151.9,22.7,90.36,4,1,1.2246467991473532e-16,-1.0,1,0,0,0,0,0,0,0,0,0,0,0,0,0,0,0,0,0,0,0,0,0,0,0,0,0,0,0,0,0,0,0,0
151,1961,8,33.8,26.0,529.0,86.0,0.3,5.5,4.272340426,41950,536809.8,510151.9,22.7,90.36,4,1,-0.8660254037844385,-0.5000000000000004,1,0,0,0,0,0,0,0,0,0,0,0,0,0,0,0,0,0,0,0,0,0,0,0,0,0,0,0,0,0,0,0,0
161,1962,6,34.8,25.7,325.0,84.0,1.4,6.5,4.072340426,41950,536809.8,510151.9,22.7,90.36,4,1,1.2246467991473532e-16,-1.0,1,0,0,0,0,0,0,0,0,0,0,0,0,0,0,0,0,0,0,0,0,0,0,0,0,0,0,0,0,0,0,0,0
162,1962,7,34.4,26.6,421.0,84.0,1.2,5.7,3.738297872,41950,536809.8,510151.9,22.7,90.36,4,1,-0.4999999999999997,-0.8660254037844388,1,0,0,0,0,0,0,0,0,0,0,0,0,0,0,0,0,0,0,0,0,0,0,0,0,0,0,0,0,0,0,0,0
164,1962,9,33.8,26.3,333.0,85.0,1.5,5.4,4.823404255,41950,536809.8,510151.9,22.7,90.36,4,1,-1.0,-1.8369701987210297e-16,1,0,0,0,0,0,0,0,0,0,0,0,0,0,0,0,0,0,0,0,0,0,0,0,0,0,0,0,0,0,0,0,0
174,1963,7,32.7,26.2,372.0,87.0,0.7,5.6,3.738297872,41950,536809.8,510151.9,22.7,90.36,4,1,-0.4999999999999997,-0.8660254037844388,1,0,0,0,0,0,0,0,0,0,0,0,0,0,0,0,0,0,0,0,0,0,0,0,0,0,0,0,0,0,0,0,0
177,1963,10,33.4,24.6,385.0,86.0,0.5,3.4,7.0,41950,536809.8,510151.9,22.7,90.36,4,1,-0.8660254037844386,0.5000000000000001,1,0,0,0,0,0,0,0,0,0,0,0,0,0,0,0,0,0,0,0,0,0,0,0,0,0,0,0,0,0,0,0,0
186,1964,7,31.2,25.6,318.0,88.0,1.9,7.2,3.738297872,41950,536809.8,510151.9,22.7,90.36,4,1,-0.4999999999999997,-0.8660254037844388,1,0,0,0,0,0,0,0,0,0,0,0,0,0,0,0,0,0,0,0,0,0,0,0,0,0,0,0,0,0,0,0,0
197,1965,6,32.9,25.7,407.0,87.0,1.8,7.1,4.072340426,41950,536809.8,510151.9,22.7,90.36,4,1,1.2246467991473532e-16,-1.0,1,0,0,0,0,0,0,0,0,0,0,0,0,0,0,0,0,0,0,0,0,0,0,0,0,0,0,0,0,0,0,0,0
209,1966,6,32.9,25.7,416.0,88.0,1.9,5.6,4.072340426,41950,536809.8,510151.9,22.7,90.36,4,1,1.2246467991473532e-16,-1.0,1,0,0,0,0,0,0,0,0,0,0,0,0,0,0,0,0,0,0,0,0,0,0,0,0,0,0,0,0,0,0,0,0
211,1966,8,31.4,25.7,434.0,90.0,1.2,7.8,4.272340426,41950,536809.8,510151.9,22.7,90.36,4,1,-0.8660254037844385,-0.5000000000000004,1,0,0,0,0,0,0,0,0,0,0,0,0,0,0,0,0,0,0,0,0,0,0,0,0,0,0,0,0,0,0,0,0
224,1967,9,33.5,25.2,547.0,90.0,1.5,6.0,3.6,41950,536809.8,510151.9,22.7,90.36,4,1,-1.0,-1.8369701987210297e-16,1,0,0,0,0,0,0,0,0,0,0,0,0,0,0,0,0,0,0,0,0,0,0,0,0,0,0,0,0,0,0,0,0
233,1968,6,32.5,24.7,847.0,90.0,1.2,7.1,2.3,41950,536809.8,510151.9,22.7,90.36,4,1,1.2246467991473532e-16,-1.0,1,0,0,0,0,0,0,0,0,0,0,0,0,0,0,0,0,0,0,0,0,0,0,0,0,0,0,0,0,0,0,0,0
234,1968,7,35.2,25.5,422.0,89.0,1.8,7.0,3.6,41950,536809.8,510151.9,22.7,90.36,4,1,-0.4999999999999997,-0.8660254037844388,1,0,0,0,0,0,0,0,0,0,0,0,0,0,0,0,0,0,0,0,0,0,0,0,0,0,0,0,0,0,0,0,0
235,1968,8,36.1,25.5,331.0,89.0,1.1,6.8,2.7,41950,536809.8,510151.9,22.7,90.36,4,1,-0.8660254037844385,-0.5000000000000004,1,0,0,0,0,0,0,0,0,0,0,0,0,0,0,0,0,0,0,0,0,0,0,0,0,0,0,0,0,0,0,0,0
246,1969,7,31.9,25.5,487.0,91.0,1.5,6.9,4.0,41950,536809.8,510151.9,22.7,90.36,4,1,-0.4999999999999997,-0.8660254037844388,1,0,0,0,0,0,0,0,0,0,0,0,0,0,0,0,0,0,0,0,0,0,0,0,0,0,0,0,0,0,0,0,0
247,1969,8,33.2,25.4,546.0,91.0,1.2,7.0,2.8,41950,536809.8,510151.9,22.7,90.36,4,1,-0.8660254037844385,-0.5000000000000004,1,0,0,0,0,0,0,0,0,0,0,0,0,0,0,0,0,0,0,0,0,0,0,0,0,0,0,0,0,0,0,0,0
248,1969,9,34.3,26.0,366.0,87.0,1.3,5.6,5.9,41950,536809.8,510151.9,22.7,90.36,4,1,-1.0,-1.8369701987210297e-16,1,0,0,0,0,0,0,0,0,0,0,0,0,0,0,0,0,0,0,0,0,0,0,0,0,0,0,0,0,0,0,0,0
257,1970,6,33.7,25.6,408.0,89.0,2.3,6.7,3.9,41950,536809.8,510151.9,22.7,90.36,4,1,1.2246467991473532e-16,-1.0,1,0,0,0,0,0,0,0,0,0,0,0,0,0,0,0,0,0,0,0,0,0,0,0,0,0,0,0,0,0,0,0,0
258,1970,7,34.4,25.7,530.0,90.0,1.8,6.7,3.4,41950,536809.8,510151.9,22.7,90.36,4,1,-0.4999999999999997,-0.8660254037844388,1,0,0,0,0,0,0,0,0,0,0,0,0,0,0,0,0,0,0,0,0,0,0,0,0,0,0,0,0,0,0,0,0
260,1970,9,32.8,25.7,571.0,89.0,1.2,5.7,5.1,41950,536809.8,510151.9,22.7,90.36,4,1,-1.0,-1.8369701987210297e-16,1,0,0,0,0,0,0,0,0,0,0,0,0,0,0,0,0,0,0,0,0,0,0,0,0,0,0,0,0,0,0,0,0
269,1971,6,32.8,25.4,503.0,87.0,3.1,6.9,4.1,41950,536809.8,510151.9,22.7,90.36,4,1,1.2246467991473532e-16,-1.0,1,0,0,0,0,0,0,0,0,0,0,0,0,0,0,0,0,0,0,0,0,0,0,0,0,0,0,0,0,0,0,0,0
271,1971,8,31.4,25.2,351.0,88.0,1.7,6.8,4.3,41950,536809.8,510151.9,22.7,90.36,4,1,-0.8660254037844385,-0.5000000000000004,1,0,0,0,0,0,0,0,0,0,0,0,0,0,0,0,0,0,0,0,0,0,0,0,0,0,0,0,0,0,0,0,0
272,1971,9,33.9,25.5,394.0,87.0,1.8,5.7,4.9,41950,536809.8,510151.9,22.7,90.36,4,1,-1.0,-1.8369701987210297e-16,1,0,0,0,0,0,0,0,0,0,0,0,0,0,0,0,0,0,0,0,0,0,0,0,0,0,0,0,0,0,0,0,0
283,1972,8,33.4,25.1,458.0,90.0,1.6,6.7,4.4,41950,536809.8,510151.9,22.7,90.36,4,1,-0.8660254037844385,-0.5000000000000004,1,0,0,0,0,0,0,0,0,0,0,0,0,0,0,0,0,0,0,0,0,0,0,0,0,0,0,0,0,0,0,0,0
292,1973,5,34.4,24.4,508.0,86.0,1.7,5.3,6.7,41950,536809.8,510151.9,22.7,90.36,4,1,0.49999999999999994,-0.8660254037844387,1,0,0,0,0,0,0,0,0,0,0,0,0,0,0,0,0,0,0,0,0,0,0,0,0,0,0,0,0,0,0,0,0
293,1973,6,33.9,25.7,502.0,88.0,1.3,6.3,4.5,41950,536809.8,510151.9,22.7,90.36,4,1,1.2246467991473532e-16,-1.0,1,0,0,0,0,0,0,0,0,0,0,0,0,0,0,0,0,0,0,0,0,0,0,0,0,0,0,0,0,0,0,0,0
294,1973,7,32.8,25.7,392.0,90.0,2.4,6.4,5.6,41950,536809.8,510151.9,22.7,90.36,4,1,-0.4999999999999997,-0.8660254037844388,1,0,0,0,0,0,0,0,0,0,0,0,0,0,0,0,0,0,0,0,0,0,0,0,0,0,0,0,0,0,0,0,0
295,1973,8,32.5,25.7,266.0,91.0,1.7,6.8,5.3,41950,536809.8,510151.9,22.7,90.36,4,1,-0.8660254037844385,-0.5000000000000004,1,0,0,0,0,0,0,0,0,0,0,0,0,0,0,0,0,0,0,0,0,0,0,0,0,0,0,0,0,0,0,0,0
296,1973,9,35.6,25.4,398.0,91.0,0.9,6.3,3.9,41950,536809.8,510151.9,22.7,90.36,4,1,-1.0,-1.8369701987210297e-16,1,0,0,0,0,0,0,0,0,0,0,0,0,0,0,0,0,0,0,0,0,0,0,0,0,0,0,0,0,0,0,0,0
297,1973,10,33.3,24.4,308.0,86.0,0.7,4.1,6.8,41950,536809.8,510151.9,22.7,90.36,4,1,-0.8660254037844386,0.5000000000000001,1,0,0,0,0,0,0,0,0,0,0,0,0,0,0,0,0,0,0,0,0,0,0,0,0,0,0,0,0,0,0,0,0
305,1974,6,34.4,25.3,289.0,88.0,1.7,6.6,5.0,41950,536809.8,510151.9,22.7,90.36,4,1,1.2246467991473532e-16,-1.0,1,0,0,0,0,0,0,0,0,0,0,0,0,0,0,0,0,0,0,0,0,0,0,0,0,0,0,0,0,0,0,0,0
306,1974,7,32.8,24.9,684.0,93.0,1.5,7.3,2.5,41950,536809.8,510151.9,22.7,90.36,4,1,-0.4999999999999997,-0.8660254037844388,1,0,0,0,0,0,0,0,0,0,0,0,0,0,0,0,0,0,0,0,0,0,0,0,0,0,0,0,0,0,0,0,0
308,1974,9,33.3,24.4,361.0,89.0,1.0,5.4,4.6,41950,536809.8,510151.9,22.7,90.36,4,1,-1.0,-1.8369701987210297e-16,1,0,0,0,0,0,0,0,0,0,0,0,0,0,0,0,0,0,0,0,0,0,0,0,0,0,0,0,0,0,0,0,0
317,1975,6,33.9,25.5,353.0,87.0,1.2,5.2,5.8,41950,536809.8,510151.9,22.7,90.36,4,1,1.2246467991473532e-16,-1.0,1,0,0,0,0,0,0,0,0,0,0,0,0,0,0,0,0,0,0,0,0,0,0,0,0,0,0,0,0,0,0,0,0
318,1975,7,32.2,24.6,321.0,88.0,1.6,6.4,3.7,41950,536809.8,510151.9,22.7,90.36,4,1,-0.4999999999999997,-0.8660254037844388,1,0,0,0,0,0,0,0,0,0,0,0,0,0,0,0,0,0,0,0,0,0,0,0,0,0,0,0,0,0,0,0,0
319,1975,8,35.0,25.5,351.0,88.0,1.5,6.6,6.0,41950,536809.8,510151.9,22.7,90.36,4,1,-0.8660254037844385,-0.5000000000000004,1,0,0,0,0,0,0,0,0,0,0,0,0,0,0,0,0,0,0,0,0,0,0,0,0,0,0,0,0,0,0,0,0
329,1976,6,34.2,24.7,330.0,87.0,1.2,6.6,4.3,41950,536809.8,510151.9,22.7,90.36,4,1,1.2246467991473532e-16,-1.0,1,0,0,0,0,0,0,0,0,0,0,0,0,0,0,0,0,0,0,0,0,0,0,0,0,0,0,0,0,0,0,0,0
330,1976,7,33.2,24.6,350.0,89.0,1.6,6.8,4.6,41950,536809.8,510151.9,22.7,90.36,4,1,-0.4999999999999997,-0.8660254037844388,1,0,0,0,0,0,0,0,0,0,0,0,0,0,0,0,0,0,0,0,0,0,0,0,0,0,0,0,0,0,0,0,0
331,1976,8,34.7,23.8,379.0,90.0,1.1,6.7,4.0,41950,536809.8,510151.9,22.7,90.36,4,1,-0.8660254037844385,-0.5000000000000004,1,0,0,0,0,0,0,0,0,0,0,0,0,0,0,0,0,0,0,0,0,0,0,0,0,0,0,0,0,0,0,0,0
339,1977,4,34.7,23.7,307.0,83.0,2.3,5.0,6.9,41950,536809.8,510151.9,22.7,90.36,4,1,0.8660254037844387,-0.4999999999999998,1,0,0,0,0,0,0,0,0,0,0,0,0,0,0,0,0,0,0,0,0,0,0,0,0,0,0,0,0,0,0,0,0
341,1977,6,34.4,25.6,557.0,89.0,1.7,6.2,3.4,41950,536809.8,510151.9,22.7,90.36,4,1,1.2246467991473532e-16,-1.0,1,0,0,0,0,0,0,0,0,0,0,0,0,0,0,0,0,0,0,0,0,0,0,0,0,0,0,0,0,0,0,0,0
342,1977,7,33.2,26.0,299.0,90.0,1.4,6.3,3.6,41950,536809.8,510151.9,22.7,90.36,4,1,-0.4999999999999997,-0.8660254037844388,1,0,0,0,0,0,0,0,0,0,0,0,0,0,0,0,0,0,0,0,0,0,0,0,0,0,0,0,0,0,0,0,0
352,1978,5,35.6,24.1,387.0,82.0,1.6,5.0,7.1,41950,536809.8,510151.9,22.7,90.36,4,1,0.49999999999999994,-0.8660254037844387,1,0,0,0,0,0,0,0,0,0,0,0,0,0,0,0,0,0,0,0,0,0,0,0,0,0,0,0,0,0,0,0,0
353,1978,6,33.3,25.8,631.0,87.0,1.6,5.9,4.1,41950,536809.8,510151.9,22.7,90.36,4,1,1.2246467991473532e-16,-1.0,1,0,0,0,0,0,0,0,0,0,0,0,0,0,0,0,0,0,0,0,0,0,0,0,0,0,0,0,0,0,0,0,0
354,1978,7,33.9,25.6,409.0,87.0,1.3,5.8,3.7,41950,536809.8,510151.9,22.7,90.36,4,1,-0.4999999999999997,-0.8660254037844388,1,0,0,0,0,0,0,0,0,0,0,0,0,0,0,0,0,0,0,0,0,0,0,0,0,0,0,0,0,0,0,0,0
355,1978,8,34.4,25.8,403.0,87.0,1.5,6.0,4.3,41950,536809.8,510151.9,22.7,90.36,4,1,-0.8660254037844385,-0.5000000000000004,1,0,0,0,0,0,0,0,0,0,0,0,0,0,0,0,0,0,0,0,0,0,0,0,0,0,0,0,0,0,0,0,0
356,1978,9,33.3,25.1,300.0,89.0,0.8,5.3,4.9,41950,536809.8,510151.9,22.7,90.36,4,1,-1.0,-1.8369701987210297e-16,1,0,0,0,0,0,0,0,0,0,0,0,0,0,0,0,0,0,0,0,0,0,0,0,0,0,0,0,0,0,0,0,0
365,1979,6,37.3,26.1,453.0,87.0,1.8,5.5,5.4,41950,536809.8,510151.9,22.7,90.36,4,1,1.2246467991473532e-16,-1.0,1,0,0,0,0,0,0,0,0,0,0,0,0,0,0,0,0,0,0,0,0,0,0,0,0,0,0,0,0,0,0,0,0
366,1979,7,34.4,26.0,559.0,88.0,1.6,5.6,5.1,41950,536809.8,510151.9,22.7,90.36,4,1,-0.4999999999999997,-0.8660254037844388,1,0,0,0,0,0,0,0,0,0,0,0,0,0,0,0,0,0,0,0,0,0,0,0,0,0,0,0,0,0,0,0,0
367,1979,8,34.4,25.9,642.0,90.0,1.5,6.1,5.7,41950,536809.8,510151.9,22.7,90.36,4,1,-0.8660254037844385,-0.5000000000000004,1,0,0,0,0,0,0,0,0,0,0,0,0,0,0,0,0,0,0,0,0,0,0,0,0,0,0,0,0,0,0,0,0
377,1980,6,34.6,25.9,272.0,88.0,1.6,5.9,4.5,41950,536809.8,510151.9,22.7,90.36,4,1,1.2246467991473532e-16,-1.0,1,0,0,0,0,0,0,0,0,0,0,0,0,0,0,0,0,0,0,0,0,0,0,0,0,0,0,0,0,0,0,0,0
378,1980,7,33.4,26.2,526.0,91.0,1.5,6.1,4.0,41950,536809.8,510151.9,22.7,90.36,4,1,-0.4999999999999997,-0.8660254037844388,1,0,0,0,0,0,0,0,0,0,0,0,0,0,0,0,0,0,0,0,0,0,0,0,0,0,0,0,0,0,0,0,0
379,1980,8,34.7,26.2,297.0,89.0,1.3,5.6,4.7,41950,536809.8,510151.9,22.7,90.36,4,1,-0.8660254037844385,-0.5000000000000004,1,0,0,0,0,0,0,0,0,0,0,0,0,0,0,0,0,0,0,0,0,0,0,0,0,0,0,0,0,0,0,0,0
381,1980,10,33.8,23.4,282.0,88.0,0.5,2.9,6.2,41950,536809.8,510151.9,22.7,90.36,4,1,-0.8660254037844386,0.5000000000000001,1,0,0,0,0,0,0,0,0,0,0,0,0,0,0,0,0,0,0,0,0,0,0,0,0,0,0,0,0,0,0,0,0
387,1981,4,34.0,22.7,412.0,84.0,1.3,4.4,7.4,41950,536809.8,510151.9,22.7,90.36,4,1,0.8660254037844387,-0.4999999999999998,1,0,0,0,0,0,0,0,0,0,0,0,0,0,0,0,0,0,0,0,0,0,0,0,0,0,0,0,0,0,0,0,0
388,1981,5,33.9,24.1,280.0,84.0,1.1,5.2,6.6,41950,536809.8,510151.9,22.7,90.36,4,1,0.49999999999999994,-0.8660254037844387,1,0,0,0,0,0,0,0,0,0,0,0,0,0,0,0,0,0,0,0,0,0,0,0,0,0,0,0,0,0,0,0,0
389,1981,6,35.0,25.8,433.0,85.0,1.1,5.6,4.3,41950,536809.8,510151.9,22.7,90.36,4,1,1.2246467991473532e-16,-1.0,1,0,0,0,0,0,0,0,0,0,0,0,0,0,0,0,0,0,0,0,0,0,0,0,0,0,0,0,0,0,0,0,0
390,1981,7,32.1,25.3,521.0,91.0,1.0,6.3,2.5,41950,536809.8,510151.9,22.7,90.36,4,1,-0.4999999999999997,-0.8660254037844388,1,0,0,0,0,0,0,0,0,0,0,0,0,0,0,0,0,0,0,0,0,0,0,0,0,0,0,0,0,0,0,0,0
401,1982,6,37.8,25.6,465.0,87.0,1.1,5.9,3.9,41950,536809.8,510151.9,22.7,90.36,4,1,1.2246467991473532e-16,-1.0,1,0,0,0,0,0,0,0,0,0,0,0,0,0,0,0,0,0,0,0,0,0,0,0,0,0,0,0,0,0,0,0,0
403,1982,8,32.1,25.3,593.0,89.0,1.7,6.3,4.3,41950,536809.8,510151.9,22.7,90.36,4,1,-0.8660254037844385,-0.5000000000000004,1,0,0,0,0,0,0,0,0,0,0,0,0,0,0,0,0,0,0,0,0,0,0,0,0,0,0,0,0,0,0,0,0
412,1983,5,35.9,24.2,318.0,81.0,1.5,4.3,8.4,41950,536809.8,510151.9,22.7,90.36,4,1,0.49999999999999994,-0.8660254037844387,1,0,0,0,0,0,0,0,0,0,0,0,0,0,0,0,0,0,0,0,0,0,0,0,0,0,0,0,0,0,0,0,0
413,1983,6,34.8,25.8,292.0,86.0,1.3,5.6,5.1,41950,536809.8,510151.9,22.7,90.36,4,1,1.2246467991473532e-16,-1.0,1,0,0,0,0,0,0,0,0,0,0,0,0,0,0,0,0,0,0,0,0,0,0,0,0,0,0,0,0,0,0,0,0
414,1983,7,34.2,26.0,399.0,86.0,1.3,6.1,3.7,41950,536809.8,510151.9,22.7,90.36,4,1,-0.4999999999999997,-0.8660254037844388,1,0,0,0,0,0,0,0,0,0,0,0,0,0,0,0,0,0,0,0,0,0,0,0,0,0,0,0,0,0,0,0,0
415,1983,8,33.5,25.9,575.0,89.0,1.3,6.2,3.7,41950,536809.8,510151.9,22.7,90.36,4,1,-0.8660254037844385,-0.5000000000000004,1,0,0,0,0,0,0,0,0,0,0,0,0,0,0,0,0,0,0,0,0,0,0,0,0,0,0,0,0,0,0,0,0
416,1983,9,34.3,25.6,312.0,91.0,0.9,5.9,5.5,41950,536809.8,510151.9,22.7,90.36,4,1,-1.0,-1.8369701987210297e-16,1,0,0,0,0,0,0,0,0,0,0,0,0,0,0,0,0,0,0,0,0,0,0,0,0,0,0,0,0,0,0,0,0
424,1984,5,34.8,25.2,283.0,85.0,2.0,5.9,7.0,41950,536809.8,510151.9,22.7,90.36,4,1,0.49999999999999994,-0.8660254037844387,1,0,0,0,0,0,0,0,0,0,0,0,0,0,0,0,0,0,0,0,0,0,0,0,0,0,0,0,0,0,0,0,0
425,1984,6,35.6,25.3,1025.0,90.0,1.3,7.2,3.7,41950,536809.8,510151.9,22.7,90.36,4,1,1.2246467991473532e-16,-1.0,1,0,0,0,0,0,0,0,0,0,0,0,0,0,0,0,0,0,0,0,0,0,0,0,0,0,0,0,0,0,0,0,0
426,1984,7,32.8,24.9,448.0,90.0,1.3,6.9,4.2,41950,536809.8,510151.9,22.7,90.36,4,1,-0.4999999999999997,-0.8660254037844388,1,0,0,0,0,0,0,0,0,0,0,0,0,0,0,0,0,0,0,0,0,0,0,0,0,0,0,0,0,0,0,0,0
427,1984,8,35.2,25.6,431.0,90.0,1.1,7.1,3.5,41950,536809.8,510151.9,22.7,90.36,4,1,-0.8660254037844385,-0.5000000000000004,1,0,0,0,0,0,0,0,0,0,0,0,0,0,0,0,0,0,0,0,0,0,0,0,0,0,0,0,0,0,0,0,0
428,1984,9,34.0,25.1,224.0,88.0,0.8,5.1,5.8,41950,536809.8,510151.9,22.7,90.36,4,1,-1.0,-1.8369701987210297e-16,1,0,0,0,0,0,0,0,0,0,0,0,0,0,0,0,0,0,0,0,0,0,0,0,0,0,0,0,0,0,0,0,0
436,1985,5,35.0,24.2,226.0,88.0,1.7,5.1,7.9,41950,536809.8,510151.9,22.7,90.36,4,1,0.49999999999999994,-0.8660254037844387,1,0,0,0,0,0,0,0,0,0,0,0,0,0,0,0,0,0,0,0,0,0,0,0,0,0,0,0,0,0,0,0,0
437,1985,6,36.2,25.8,322.0,91.0,1.5,6.3,3.9,41950,536809.8,510151.9,22.7,90.36,4,1,1.2246467991473532e-16,-1.0,1,0,0,0,0,0,0,0,0,0,0,0,0,0,0,0,0,0,0,0,0,0,0,0,0,0,0,0,0,0,0,0,0
438,1985,7,34.5,25.3,291.0,93.0,1.5,6.8,3.3,41950,536809.8,510151.9,22.7,90.36,4,1,-0.4999999999999997,-0.8660254037844388,1,0,0,0,0,0,0,0,0,0,0,0,0,0,0,0,0,0,0,0,0,0,0,0,0,0,0,0,0,0,0,0,0
439,1985,8,35.0,25.9,308.0,90.0,1.5,6.7,5.2,41950,536809.8,510151.9,22.7,90.36,4,1,-0.8660254037844385,-0.5000000000000004,1,0,0,0,0,0,0,0,0,0,0,0,0,0,0,0,0,0,0,0,0,0,0,0,0,0,0,0,0,0,0,0,0
449,1986,6,36.0,25.9,254.0,87.0,1.3,5.7,4.9,41950,536809.8,510151.9,22.7,90.36,4,1,1.2246467991473532e-16,-1.0,1,0,0,0,0,0,0,0,0,0,0,0,0,0,0,0,0,0,0,0,0,0,0,0,0,0,0,0,0,0,0,0,0
450,1986,7,35.5,25.2,381.0,91.0,0.8,6.4,3.9,41950,536809.8,510151.9,22.7,90.36,4,1,-0.4999999999999997,-0.8660254037844388,1,0,0,0,0,0,0,0,0,0,0,0,0,0,0,0,0,0,0,0,0,0,0,0,0,0,0,0,0,0,0,0,0
451,1986,8,35.2,26.0,252.0,87.0,0.8,5.9,5.0,41950,536809.8,510151.9,22.7,90.36,4,1,-0.8660254037844385,-0.5000000000000004,1,0,0,0,0,0,0,0,0,0,0,0,0,0,0,0,0,0,0,0,0,0,0,0,0,0,0,0,0,0,0,0,0
452,1986,9,35.0,24.8,526.0,92.0,0.6,6.1,3.4,41950,536809.8,510151.9,22.7,90.36,4,1,-1.0,-1.8369701987210297e-16,1,0,0,0,0,0,0,0,0,0,0,0,0,0,0,0,0,0,0,0,0,0,0,0,0,0,0,0,0,0,0,0,0
454,1986,11,33.5,19.3,274.0,88.0,0.2,2.7,7.3,41950,536809.8,510151.9,22.7,90.36,4,1,-0.5000000000000004,0.8660254037844384,1,0,0,0,0,0,0,0,0,0,0,0,0,0,0,0,0,0,0,0,0,0,0,0,0,0,0,0,0,0,0,0,0
461,1987,6,39.6,26.6,275.0,85.0,1.5,5.7,5.1,41950,536809.8,510151.9,22.7,90.36,4,1,1.2246467991473532e-16,-1.0,1,0,0,0,0,0,0,0,0,0,0,0,0,0,0,0,0,0,0,0,0,0,0,0,0,0,0,0,0,0,0,0,0
462,1987,7,33.8,25.4,568.0,94.0,0.9,7.0,1.8,41950,536809.8,510151.9,22.7,90.36,4,1,-0.4999999999999997,-0.8660254037844388,1,0,0,0,0,0,0,0,0,0,0,0,0,0,0,0,0,0,0,0,0,0,0,0,0,0,0,0,0,0,0,0,0
463,1987,8,34.0,25.4,683.0,90.0,0.9,6.4,3.6,41950,536809.8,510151.9,22.7,90.36,4,1,-0.8660254037844385,-0.5000000000000004,1,0,0,0,0,0,0,0,0,0,0,0,0,0,0,0,0,0,0,0,0,0,0,0,0,0,0,0,0,0,0,0,0
464,1987,9,34.0,26.0,302.0,89.0,0.6,6.0,4.0,41950,536809.8,510151.9,22.7,90.36,4,1,-1.0,-1.8369701987210297e-16,1,0,0,0,0,0,0,0,0,0,0,0,0,0,0,0,0,0,0,0,0,0,0,0,0,0,0,0,0,0,0,0,0
472,1988,5,34.5,25.5,393.0,84.0,1.4,5.6,6.2,41950,536809.8,510151.9,22.7,90.36,4,1,0.49999999999999994,-0.8660254037844387,1,0,0,0,0,0,0,0,0,0,0,0,0,0,0,0,0,0,0,0,0,0,0,0,0,0,0,0,0,0,0,0,0
473,1988,6,34.6,25.4,565.0,88.0,1.2,6.0,3.8,41950,536809.8,510151.9,22.7,90.36,4,1,1.2246467991473532e-16,-1.0,1,0,0,0,0,0,0,0,0,0,0,0,0,0,0,0,0,0,0,0,0,0,0,0,0,0,0,0,0,0,0,0,0
474,1988,7,33.5,25.9,422.0,90.0,1.3,6.5,4.0,41950,536809.8,510151.9,22.7,90.36,4,1,-0.4999999999999997,-0.8660254037844388,1,0,0,0,0,0,0,0,0,0,0,0,0,0,0,0,0,0,0,0,0,0,0,0,0,0,0,0,0,0,0,0,0
475,1988,8,32.4,26.2,459.0,91.0,1.3,7.1,2.8,41950,536809.8,510151.9,22.7,90.36,4,1,-0.8660254037844385,-0.5000000000000004,1,0,0,0,0,0,0,0,0,0,0,0,0,0,0,0,0,0,0,0,0,0,0,0,0,0,0,0,0,0,0,0,0
486,1989,7,33.6,25.4,453.0,89.0,1.3,6.3,4.9,41950,536809.8,510151.9,22.7,90.36,4,1,-0.4999999999999997,-0.8660254037844388,1,0,0,0,0,0,0,0,0,0,0,0,0,0,0,0,0,0,0,0,0,0,0,0,0,0,0,0,0,0,0,0,0
488,1989,9,33.0,25.1,413.0,90.0,0.6,5.7,4.9,41950,536809.8,510151.9,22.7,90.36,4,1,-1.0,-1.8369701987210297e-16,1,0,0,0,0,0,0,0,0,0,0,0,0,0,0,0,0,0,0,0,0,0,0,0,0,0,0,0,0,0,0,0,0
489,1989,10,34.2,24.1,451.0,90.0,0.3,4.4,4.8,41950,536809.8,510151.9,22.7,90.36,4,1,-0.8660254037844386,0.5000000000000001,1,0,0,0,0,0,0,0,0,0,0,0,0,0,0,0,0,0,0,0,0,0,0,0,0,0,0,0,0,0,0,0,0
496,1990,5,35.0,24.3,352.0,85.0,0.7,5.3,6.6,41950,536809.8,510151.9,22.7,90.36,4,1,0.49999999999999994,-0.8660254037844387,1,0,0,0,0,0,0,0,0,0,0,0,0,0,0,0,0,0,0,0,0,0,0,0,0,0,0,0,0,0,0,0,0
497,1990,6,39.4,25.4,386.0,89.0,1.4,6.4,3.4,41950,536809.8,510151.9,22.7,90.36,4,1,1.2246467991473532e-16,-1.0,1,0,0,0,0,0,0,0,0,0,0,0,0,0,0,0,0,0,0,0,0,0,0,0,0,0,0,0,0,0,0,0,0
498,1990,7,32.5,25.4,457.0,92.0,1.0,6.9,2.9,41950,536809.8,510151.9,22.7,90.36,4,1,-0.4999999999999997,-0.8660254037844388,1,0,0,0,0,0,0,0,0,0,0,0,0,0,0,0,0,0,0,0,0,0,0,0,0,0,0,0,0,0,0,0,0
499,1990,8,34.0,25.6,299.0,87.0,1.0,5.6,6.0,41950,536809.8,510151.9,22.7,90.36,4,1,-0.8660254037844385,-0.5000000000000004,1,0,0,0,0,0,0,0,0,0,0,0,0,0,0,0,0,0,0,0,0,0,0,0,0,0,0,0,0,0,0,0,0
509,1991,6,34.4,25.1,562.0,90.0,1.3,6.6,3.0,41950,536809.8,510151.9,22.7,90.36,4,1,1.2246467991473532e-16,-1.0,1,0,0,0,0,0,0,0,0,0,0,0,0,0,0,0,0,0,0,0,0,0,0,0,0,0,0,0,0,0,0,0,0
510,1991,7,33.3,25.7,356.0,88.0,1.5,6.5,3.9,41950,536809.8,510151.9,22.7,90.36,4,1,-0.4999999999999997,-0.8660254037844388,1,0,0,0,0,0,0,0,0,0,0,0,0,0,0,0,0,0,0,0,0,0,0,0,0,0,0,0,0,0,0,0,0
511,1991,8,35.5,25.3,369.0,89.0,1.2,6.7,4.2,41950,536809.8,510151.9,22.7,90.36,4,1,-0.8660254037844385,-0.5000000000000004,1,0,0,0,0,0,0,0,0,0,0,0,0,0,0,0,0,0,0,0,0,0,0,0,0,0,0,0,0,0,0,0,0
512,1991,9,33.5,25.0,232.0,90.0,0.6,6.4,3.4,41950,536809.8,510151.9,22.7,90.36,4,1,-1.0,-1.8369701987210297e-16,1,0,0,0,0,0,0,0,0,0,0,0,0,0,0,0,0,0,0,0,0,0,0,0,0,0,0,0,0,0,0,0,0
513,1991,10,33.5,23.7,497.0,89.0,0.5,4.5,5.5,41950,536809.8,510151.9,22.7,90.36,4,1,-0.8660254037844386,0.5000000000000001,1,0,0,0,0,0,0,0,0,0,0,0,0,0,0,0,0,0,0,0,0,0,0,0,0,0,0,0,0,0,0,0,0
522,1992,7,35.5,25.5,299.0,90.0,1.3,6.9,2.6,41950,536809.8,510151.9,22.7,90.36,4,1,-0.4999999999999997,-0.8660254037844388,1,0,0,0,0,0,0,0,0,0,0,0,0,0,0,0,0,0,0,0,0,0,0,0,0,0,0,0,0,0,0,0,0
523,1992,8,34.3,25.3,326.0,91.0,1.2,6.1,4.6,41950,536809.8,510151.9,22.7,90.36,4,1,-0.8660254037844385,-0.5000000000000004,1,0,0,0,0,0,0,0,0,0,0,0,0,0,0,0,0,0,0,0,0,0,0,0,0,0,0,0,0,0,0,0,0
532,1993,5,34.5,23.8,352.0,87.0,1.6,5.2,6.9,41950,536809.8,510151.9,22.7,90.36,4,1,0.49999999999999994,-0.8660254037844387,1,0,0,0,0,0,0,0,0,0,0,0,0,0,0,0,0,0,0,0,0,0,0,0,0,0,0,0,0,0,0,0,0
533,1993,6,34.4,25.5,384.0,89.0,2.1,6.1,4.9,41950,536809.8,510151.9,22.7,90.36,4,1,1.2246467991473532e-16,-1.0,1,0,0,0,0,0,0,0,0,0,0,0,0,0,0,0,0,0,0,0,0,0,0,0,0,0,0,0,0,0,0,0,0
534,1993,7,33.2,25.5,408.0,90.0,2.1,6.4,3.9,41950,536809.8,510151.9,22.7,90.36,4,1,-0.4999999999999997,-0.8660254037844388,1,0,0,0,0,0,0,0,0,0,0,0,0,0,0,0,0,0,0,0,0,0,0,0,0,0,0,0,0,0,0,0,0
535,1993,8,33.8,25.7,556.0,91.0,1.5,6.6,3.5,41950,536809.8,510151.9,22.7,90.36,4,1,-0.8660254037844385,-0.5000000000000004,1,0,0,0,0,0,0,0,0,0,0,0,0,0,0,0,0,0,0,0,0,0,0,0,0,0,0,0,0,0,0,0,0
545,1994,6,35.5,25.5,571.0,89.0,1.2,6.4,3.3,41950,536809.8,510151.9,22.7,90.36,4,1,1.2246467991473532e-16,-1.0,1,0,0,0,0,0,0,0,0,0,0,0,0,0,0,0,0,0,0,0,0,0,0,0,0,0,0,0,0,0,0,0,0
546,1994,7,33.2,25.7,202.0,88.0,1.3,6.4,4.2,41950,536809.8,510151.9,22.7,90.36,4,1,-0.4999999999999997,-0.8660254037844388,1,0,0,0,0,0,0,0,0,0,0,0,0,0,0,0,0,0,0,0,0,0,0,0,0,0,0,0,0,0,0,0,0
547,1994,8,33.0,25.4,378.0,88.0,1.1,6.4,4.2,41950,536809.8,510151.9,22.7,90.36,4,1,-0.8660254037844385,-0.5000000000000004,1,0,0,0,0,0,0,0,0,0,0,0,0,0,0,0,0,0,0,0,0,0,0,0,0,0,0,0,0,0,0,0,0
557,1995,6,34.6,25.6,657.0,88.0,1.1,6.0,3.2,41950,536809.8,510151.9,22.7,90.36,4,1,1.2246467991473532e-16,-1.0,1,0,0,0,0,0,0,0,0,0,0,0,0,0,0,0,0,0,0,0,0,0,0,0,0,0,0,0,0,0,0,0,0
558,1995,7,34.0,25.1,517.0,88.0,1.4,6.7,3.4,41950,536809.8,510151.9,22.7,90.36,4,1,-0.4999999999999997,-0.8660254037844388,1,0,0,0,0,0,0,0,0,0,0,0,0,0,0,0,0,0,0,0,0,0,0,0,0,0,0,0,0,0,0,0,0
559,1995,8,34.7,25.5,342.0,87.0,1.2,6.0,5.3,41950,536809.8,510151.9,22.7,90.36,4,1,-0.8660254037844385,-0.5000000000000004,1,0,0,0,0,0,0,0,0,0,0,0,0,0,0,0,0,0,0,0,0,0,0,0,0,0,0,0,0,0,0,0,0
569,1996,6,35.5,25.2,449.0,87.0,1.8,5.4,4.8,41950,536809.8,510151.9,22.7,90.36,4,1,1.2246467991473532e-16,-1.0,1,0,0,0,0,0,0,0,0,0,0,0,0,0,0,0,0,0,0,0,0,0,0,0,0,0,0,0,0,0,0,0,0
570,1996,7,35.0,25.7,307.0,88.0,1.6,5.9,3.3,41950,536809.8,510151.9,22.7,90.36,4,1,-0.4999999999999997,-0.8660254037844388,1,0,0,0,0,0,0,0,0,0,0,0,0,0,0,0,0,0,0,0,0,0,0,0,0,0,0,0,0,0,0,0,0
571,1996,8,34.4,25.3,322.0,91.0,1.0,6.0,2.6,41950,536809.8,510151.9,22.7,90.36,4,1,-0.8660254037844385,-0.5000000000000004,1,0,0,0,0,0,0,0,0,0,0,0,0,0,0,0,0,0,0,0,0,0,0,0,0,0,0,0,0,0,0,0,0
573,1996,10,35.4,23.0,270.0,86.0,0.5,3.1,7.6,41950,536809.8,510151.9,22.7,90.36,4,1,-0.8660254037844386,0.5000000000000001,1,0,0,0,0,0,0,0,0,0,0,0,0,0,0,0,0,0,0,0,0,0,0,0,0,0,0,0,0,0,0,0,0
580,1997,5,35.6,24.2,235.0,84.0,1.6,5.3,7.1,41950,536809.8,510151.9,22.7,90.36,4,1,0.49999999999999994,-0.8660254037844387,1,0,0,0,0,0,0,0,0,0,0,0,0,0,0,0,0,0,0,0,0,0,0,0,0,0,0,0,0,0,0,0,0
581,1997,6,35.4,25.3,205.0,86.0,2.1,6.4,4.6,41950,536809.8,510151.9,22.7,90.36,4,1,1.2246467991473532e-16,-1.0,1,0,0,0,0,0,0,0,0,0,0,0,0,0,0,0,0,0,0,0,0,0,0,0,0,0,0,0,0,0,0,0,0
582,1997,7,33.7,25.4,406.0,91.0,1.6,6.9,3.1,41950,536809.8,510151.9,22.7,90.36,4,1,-0.4999999999999997,-0.8660254037844388,1,0,0,0,0,0,0,0,0,0,0,0,0,0,0,0,0,0,0,0,0,0,0,0,0,0,0,0,0,0,0,0,0
584,1997,9,34.0,24.6,378.0,91.0,0.7,6.1,4.1,41950,536809.8,510151.9,22.7,90.36,4,1,-1.0,-1.8369701987210297e-16,1,0,0,0,0,0,0,0,0,0,0,0,0,0,0,0,0,0,0,0,0,0,0,0,0,0,0,0,0,0,0,0,0
590,1998,3,34.5,17.9,273.0,75.0,0.9,2.6,8.1,41950,536809.8,510151.9,22.7,90.36,4,1,1.0,6.123233995736766e-17,1,0,0,0,0,0,0,0,0,0,0,0,0,0,0,0,0,0,0,0,0,0,0,0,0,0,0,0,0,0,0,0,0
591,1998,4,35.6,22.5,251.0,81.0,1.4,3.8,8.1,41950,536809.8,510151.9,22.7,90.36,4,1,0.8660254037844387,-0.4999999999999998,1,0,0,0,0,0,0,0,0,0,0,0,0,0,0,0,0,0,0,0,0,0,0,0,0,0,0,0,0,0,0,0,0
593,1998,6,35.5,25.8,208.0,86.0,2.3,5.7,3.1,41950,536809.8,510151.9,22.7,90.36,4,1,1.2246467991473532e-16,-1.0,1,0,0,0,0,0,0,0,0,0,0,0,0,0,0,0,0,0,0,0,0,0,0,0,0,0,0,0,0,0,0,0,0
594,1998,7,34.5,25.1,616.0,92.0,1.7,6.8,1.9,41950,536809.8,510151.9,22.7,90.36,4,1,-0.4999999999999997,-0.8660254037844388,1,0,0,0,0,0,0,0,0,0,0,0,0,0,0,0,0,0,0,0,0,0,0,0,0,0,0,0,0,0,0,0,0
595,1998,8,34.5,25.2,516.0,91.0,1.1,6.3,2.8,41950,536809.8,510151.9,22.7,90.36,4,1,-0.8660254037844385,-0.5000000000000004,1,0,0,0,0,0,0,0,0,0,0,0,0,0,0,0,0,0,0,0,0,0,0,0,0,0,0,0,0,0,0,0,0
596,1998,9,35.6,25.2,254.0,89.0,0.6,5.5,4.1,41950,536809.8,510151.9,22.7,90.36,4,1,-1.0,-1.8369701987210297e-16,1,0,0,0,0,0,0,0,0,0,0,0,0,0,0,0,0,0,0,0,0,0,0,0,0,0,0,0,0,0,0,0,0
598,1998,11,33.5,20.9,270.0,85.0,0.3,2.5,7.5,41950,536809.8,510151.9,22.7,90.36,4,1,-0.5000000000000004,0.8660254037844384,1,0,0,0,0,0,0,0,0,0,0,0,0,0,0,0,0,0,0,0,0,0,0,0,0,0,0,0,0,0,0,0,0
604,1999,5,35.7,25.0,212.0,86.0,2.2,5.7,3.8,41950,536809.8,510151.9,22.7,90.36,4,1,0.49999999999999994,-0.8660254037844387,1,0,0,0,0,0,0,0,0,0,0,0,0,0,0,0,0,0,0,0,0,0,0,0,0,0,0,0,0,0,0,0,0
605,1999,6,36.7,25.4,260.0,88.0,1.9,6.6,3.1,41950,536809.8,510151.9,22.7,90.36,4,1,1.2246467991473532e-16,-1.0,1,0,0,0,0,0,0,0,0,0,0,0,0,0,0,0,0,0,0,0,0,0,0,0,0,0,0,0,0,0,0,0,0
606,1999,7,34.0,25.1,527.0,91.0,1.6,7.0,2.9,41950,536809.8,510151.9,22.7,90.36,4,1,-0.4999999999999997,-0.8660254037844388,1,0,0,0,0,0,0,0,0,0,0,0,0,0,0,0,0,0,0,0,0,0,0,0,0,0,0,0,0,0,0,0,0
607,1999,8,34.0,25.4,404.0,91.0,1.4,7.1,2.6,41950,536809.8,510151.9,22.7,90.36,4,1,-0.8660254037844385,-0.5000000000000004,1,0,0,0,0,0,0,0,0,0,0,0,0,0,0,0,0,0,0,0,0,0,0,0,0,0,0,0,0,0,0,0,0
608,1999,9,35.5,25.2,301.0,89.0,1.0,6.6,3.7,41950,536809.8,510151.9,22.7,90.36,4,1,-1.0,-1.8369701987210297e-16,1,0,0,0,0,0,0,0,0,0,0,0,0,0,0,0,0,0,0,0,0,0,0,0,0,0,0,0,0,0,0,0,0
609,1999,10,34.0,24.1,228.0,89.0,0.6,5.3,4.9,41950,536809.8,510151.9,22.7,90.36,4,1,-0.8660254037844386,0.5000000000000001,1,0,0,0,0,0,0,0,0,0,0,0,0,0,0,0,0,0,0,0,0,0,0,0,0,0,0,0,0,0,0,0,0
616,2000,5,36.3,24.3,246.0,83.0,1.3,6.0,4.4,41950,536809.8,510151.9,22.7,90.36,4,1,0.49999999999999994,-0.8660254037844387,1,0,0,0,0,0,0,0,0,0,0,0,0,0,0,0,0,0,0,0,0,0,0,0,0,0,0,0,0,0,0,0,0
617,2000,6,34.8,25.0,282.0,90.0,1.6,6.7,2.7,41950,536809.8,510151.9,22.7,90.36,4,1,1.2246467991473532e-16,-1.0,1,0,0,0,0,0,0,0,0,0,0,0,0,0,0,0,0,0,0,0,0,0,0,0,0,0,0,0,0,0,0,0,0
618,2000,7,35.2,25.2,389.0,88.0,1.7,6.4,3.8,41950,536809.8,510151.9,22.7,90.36,4,1,-0.4999999999999997,-0.8660254037844388,1,0,0,0,0,0,0,0,0,0,0,0,0,0,0,0,0,0,0,0,0,0,0,0,0,0,0,0,0,0,0,0,0
619,2000,8,34.5,25.7,203.0,87.0,1.5,6.6,3.6,41950,536809.8,510151.9,22.7,90.36,4,1,-0.8660254037844385,-0.5000000000000004,1,0,0,0,0,0,0,0,0,0,0,0,0,0,0,0,0,0,0,0,0,0,0,0,0,0,0,0,0,0,0,0,0
620,2000,9,34.2,24.8,245.0,89.0,0.8,5.8,4.1,41950,536809.8,510151.9,22.7,90.36,4,1,-1.0,-1.8369701987210297e-16,1,0,0,0,0,0,0,0,0,0,0,0,0,0,0,0,0,0,0,0,0,0,0,0,0,0,0,0,0,0,0,0,0
628,2001,5,35.6,23.7,282.0,87.0,1.3,5.3,5.0,41950,536809.8,510151.9,22.7,90.36,4,1,0.49999999999999994,-0.8660254037844387,1,0,0,0,0,0,0,0,0,0,0,0,0,0,0,0,0,0,0,0,0,0,0,0,0,0,0,0,0,0,0,0,0
629,2001,6,34.5,25.0,641.0,94.0,1.6,7.3,1.9,41950,536809.8,510151.9,22.7,90.36,4,1,1.2246467991473532e-16,-1.0,1,0,0,0,0,0,0,0,0,0,0,0,0,0,0,0,0,0,0,0,0,0,0,0,0,0,0,0,0,0,0,0,0
630,2001,7,33.0,25.3,556.0,91.0,2.0,7.1,3.8,41950,536809.8,510151.9,22.7,90.36,4,1,-0.4999999999999997,-0.8660254037844388,1,0,0,0,0,0,0,0,0,0,0,0,0,0,0,0,0,0,0,0,0,0,0,0,0,0,0,0,0,0,0,0,0
633,2001,10,35.0,24.0,305.0,89.0,0.3,4.6,6.5,41950,536809.8,510151.9,22.7,90.36,4,1,-0.8660254037844386,0.5000000000000001,1,0,0,0,0,0,0,0,0,0,0,0,0,0,0,0,0,0,0,0,0,0,0,0,0,0,0,0,0,0,0,0,0
640,2002,5,35.4,24.1,324.0,83.0,1.9,5.9,7.2,41950,536809.8,510151.9,22.7,90.36,4,1,0.49999999999999994,-0.8660254037844387,1,0,0,0,0,0,0,0,0,0,0,0,0,0,0,0,0,0,0,0,0,0,0,0,0,0,0,0,0,0,0,0,0
641,2002,6,35.4,25.6,541.0,89.0,1.3,6.7,3.5,41950,536809.8,510151.9,22.7,90.36,4,1,1.2246467991473532e-16,-1.0,1,0,0,0,0,0,0,0,0,0,0,0,0,0,0,0,0,0,0,0,0,0,0,0,0,0,0,0,0,0,0,0,0
642,2002,7,34.5,25.9,716.0,90.0,1.1,7.3,2.7,41950,536809.8,510151.9,22.7,90.36,4,1,-0.4999999999999997,-0.8660254037844388,1,0,0,0,0,0,0,0,0,0,0,0,0,0,0,0,0,0,0,0,0,0,0,0,0,0,0,0,0,0,0,0,0
643,2002,8,34.0,26.0,272.0,89.0,1.0,6.4,5.0,41950,536809.8,510151.9,22.7,90.36,4,1,-0.8660254037844385,-0.5000000000000004,1,0,0,0,0,0,0,0,0,0,0,0,0,0,0,0,0,0,0,0,0,0,0,0,0,0,0,0,0,0,0,0,0
644,2002,9,35.0,25.5,315.0,92.0,0.5,5.7,4.8,41950,536809.8,510151.9,22.7,90.36,4,1,-1.0,-1.8369701987210297e-16,1,0,0,0,0,0,0,0,0,0,0,0,0,0,0,0,0,0,0,0,0,0,0,0,0,0,0,0,0,0,0,0,0
653,2003,6,36.5,25.7,521.0,92.0,1.9,7.0,2.7,41950,536809.8,510151.9,22.7,90.36,4,1,1.2246467991473532e-16,-1.0,1,0,0,0,0,0,0,0,0,0,0,0,0,0,0,0,0,0,0,0,0,0,0,0,0,0,0,0,0,0,0,0,0
654,2003,7,34.2,26.5,243.0,92.0,1.5,6.4,4.8,41950,536809.8,510151.9,22.7,90.36,4,1,-0.4999999999999997,-0.8660254037844388,1,0,0,0,0,0,0,0,0,0,0,0,0,0,0,0,0,0,0,0,0,0,0,0,0,0,0,0,0,0,0,0,0
657,2003,10,34.2,24.8,301.0,89.0,0.2,4.6,5.8,41950,536809.8,510151.9,22.7,90.36,4,1,-0.8660254037844386,0.5000000000000001,1,0,0,0,0,0,0,0,0,0,0,0,0,0,0,0,0,0,0,0,0,0,0,0,0,0,0,0,0,0,0,0,0
665,2004,6,35.8,25.6,316.0,87.0,0.8,6.0,2.5,41950,536809.8,510151.9,22.7,90.36,4,1,1.2246467991473532e-16,-1.0,1,0,0,0,0,0,0,0,0,0,0,0,0,0,0,0,0,0,0,0,0,0,0,0,0,0,0,0,0,0,0,0,0
667,2004,8,33.4,26.1,478.0,90.0,1.4,6.7,4.0,41950,536809.8,510151.9,22.7,90.36,4,1,-0.8660254037844385,-0.5000000000000004,1,0,0,0,0,0,0,0,0,0,0,0,0,0,0,0,0,0,0,0,0,0,0,0,0,0,0,0,0,0,0,0,0
668,2004,9,34.2,25.5,1067.0,91.0,0.8,6.4,3.7,41950,536809.8,510151.9,22.7,90.36,4,1,-1.0,-1.8369701987210297e-16,1,0,0,0,0,0,0,0,0,0,0,0,0,0,0,0,0,0,0,0,0,0,0,0,0,0,0,0,0,0,0,0,0
677,2005,6,36.5,27.1,326.0,88.0,0.9,6.1,4.4,41950,536809.8,510151.9,22.7,90.36,4,1,1.2246467991473532e-16,-1.0,1,0,0,0,0,0,0,0,0,0,0,0,0,0,0,0,0,0,0,0,0,0,0,0,0,0,0,0,0,0,0,0,0
678,2005,7,33.2,25.9,463.0,93.0,1.3,6.6,4.5,41950,536809.8,510151.9,22.7,90.36,4,1,-0.4999999999999997,-0.8660254037844388,1,0,0,0,0,0,0,0,0,0,0,0,0,0,0,0,0,0,0,0,0,0,0,0,0,0,0,0,0,0,0,0,0
679,2005,8,35.5,26.2,302.0,93.0,0.9,6.9,2.9,41950,536809.8,510151.9,22.7,90.36,4,1,-0.8660254037844385,-0.5000000000000004,1,0,0,0,0,0,0,0,0,0,0,0,0,0,0,0,0,0,0,0,0,0,0,0,0,0,0,0,0,0,0,0,0
680,2005,9,35.2,26.0,174.0,89.0,0.8,6.0,4.2,41950,536809.8,510151.9,22.7,90.36,4,1,-1.0,-1.8369701987210297e-16,1,0,0,0,0,0,0,0,0,0,0,0,0,0,0,0,0,0,0,0,0,0,0,0,0,0,0,0,0,0,0,0,0
681,2005,10,35.0,24.3,415.0,89.0,0.5,4.9,5.3,41950,536809.8,510151.9,22.7,90.36,4,1,-0.8660254037844386,0.5000000000000001,1,0,0,0,0,0,0,0,0,0,0,0,0,0,0,0,0,0,0,0,0,0,0,0,0,0,0,0,0,0,0,0,0
688,2006,5,36.2,25.4,274.0,83.0,1.3,4.8,6.0,41950,536809.8,510151.9,22.7,90.36,4,1,0.49999999999999994,-0.8660254037844387,1,0,0,0,0,0,0,0,0,0,0,0,0,0,0,0,0,0,0,0,0,0,0,0,0,0,0,0,0,0,0,0,0
689,2006,6,36.5,26.6,352.0,89.0,1.3,6.4,3.4,41950,536809.8,510151.9,22.7,90.36,4,1,1.2246467991473532e-16,-1.0,1,0,0,0,0,0,0,0,0,0,0,0,0,0,0,0,0,0,0,0,0,0,0,0,0,0,0,0,0,0,0,0,0
690,2006,7,33.5,26.2,384.0,91.0,1.4,6.8,3.8,41950,536809.8,510151.9,22.7,90.36,4,1,-0.4999999999999997,-0.8660254037844388,1,0,0,0,0,0,0,0,0,0,0,0,0,0,0,0,0,0,0,0,0,0,0,0,0,0,0,0,0,0,0,0,0
691,2006,8,33.7,25.9,378.0,89.0,1.6,6.8,4.4,41950,536809.8,510151.9,22.7,90.36,4,1,-0.8660254037844385,-0.5000000000000004,1,0,0,0,0,0,0,0,0,0,0,0,0,0,0,0,0,0,0,0,0,0,0,0,0,0,0,0,0,0,0,0,0
692,2006,9,35.0,25.9,522.0,89.0,0.9,5.7,5.2,41950,536809.8,510151.9,22.7,90.36,4,1,-1.0,-1.8369701987210297e-16,1,0,0,0,0,0,0,0,0,0,0,0,0,0,0,0,0,0,0,0,0,0,0,0,0,0,0,0,0,0,0,0,0
701,2007,6,35.0,26.3,471.0,88.0,1.2,6.1,4.1,41950,536809.8,510151.9,22.7,90.36,4,1,1.2246467991473532e-16,-1.0,1,0,0,0,0,0,0,0,0,0,0,0,0,0,0,0,0,0,0,0,0,0,0,0,0,0,0,0,0,0,0,0,0
702,2007,7,33.5,25.9,560.0,91.0,1.2,6.9,2.2,41950,536809.8,510151.9,22.7,90.36,4,1,-0.4999999999999997,-0.8660254037844388,1,0,0,0,0,0,0,0,0,0,0,0,0,0,0,0,0,0,0,0,0,0,0,0,0,0,0,0,0,0,0,0,0
703,2007,8,35.0,26.4,218.0,88.0,0.9,6.3,4.5,41950,536809.8,510151.9,22.7,90.36,4,1,-0.8660254037844385,-0.5000000000000004,1,0,0,0,0,0,0,0,0,0,0,0,0,0,0,0,0,0,0,0,0,0,0,0,0,0,0,0,0,0,0,0,0
704,2007,9,34.8,25.8,326.0,91.0,0.9,6.5,3.4,41950,536809.8,510151.9,22.7,90.36,4,1,-1.0,-1.8369701987210297e-16,1,0,0,0,0,0,0,0,0,0,0,0,0,0,0,0,0,0,0,0,0,0,0,0,0,0,0,0,0,0,0,0,0
705,2007,10,35.5,23.6,357.0,88.0,0.4,3.8,6.6,41950,536809.8,510151.9,22.7,90.36,4,1,-0.8660254037844386,0.5000000000000001,1,0,0,0,0,0,0,0,0,0,0,0,0,0,0,0,0,0,0,0,0,0,0,0,0,0,0,0,0,0,0,0,0
713,2008,6,35.5,26.0,239.0,89.0,1.3,6.6,2.9,41950,536809.8,510151.9,22.7,90.36,4,1,1.2246467991473532e-16,-1.0,1,0,0,0,0,0,0,0,0,0,0,0,0,0,0,0,0,0,0,0,0,0,0,0,0,0,0,0,0,0,0,0,0
714,2008,7,33.4,25.9,550.0,90.0,1.1,7.1,2.8,41950,536809.8,510151.9,22.7,90.36,4,1,-0.4999999999999997,-0.8660254037844388,1,0,0,0,0,0,0,0,0,0,0,0,0,0,0,0,0,0,0,0,0,0,0,0,0,0,0,0,0,0,0,0,0
715,2008,8,33.5,26.1,357.0,88.0,0.9,6.1,4.1,41950,536809.8,510151.9,22.7,90.36,4,1,-0.8660254037844385,-0.5000000000000004,1,0,0,0,0,0,0,0,0,0,0,0,0,0,0,0,0,0,0,0,0,0,0,0,0,0,0,0,0,0,0,0,0
716,2008,9,34.5,25.8,210.0,88.0,0.8,5.5,5.0,41950,536809.8,510151.9,22.7,90.36,4,1,-1.0,-1.8369701987210297e-16,1,0,0,0,0,0,0,0,0,0,0,0,0,0,0,0,0,0,0,0,0,0,0,0,0,0,0,0,0,0,0,0,0
717,2008,10,34.5,23.5,341.0,87.0,0.4,3.3,6.6,41950,536809.8,510151.9,22.7,90.36,4,1,-0.8660254037844386,0.5000000000000001,1,0,0,0,0,0,0,0,0,0,0,0,0,0,0,0,0,0,0,0,0,0,0,0,0,0,0,0,0,0,0,0,0
726,2009,7,34.5,26.2,542.0,89.0,3.1,6.7,3.7,41950,536809.8,510151.9,22.7,90.36,4,1,-0.4999999999999997,-0.8660254037844388,1,0,0,0,0,0,0,0,0,0,0,0,0,0,0,0,0,0,0,0,0,0,0,0,0,0,0,0,0,0,0,0,0
727,2009,8,35.5,26.1,518.0,89.0,2.0,6.6,4.0,41950,536809.8,510151.9,22.7,90.36,4,1,-0.8660254037844385,-0.5000000000000004,1,0,0,0,0,0,0,0,0,0,0,0,0,0,0,0,0,0,0,0,0,0,0,0,0,0,0,0,0,0,0,0,0
736,2010,5,36.3,25.8,212.0,81.0,3.8,5.6,6.7,41950,536809.8,510151.9,22.7,90.36,4,1,0.49999999999999994,-0.8660254037844387,1,0,0,0,0,0,0,0,0,0,0,0,0,0,0,0,0,0,0,0,0,0,0,0,0,0,0,0,0,0,0,0,0
737,2010,6,35.1,26.4,481.0,88.0,2.7,6.6,3.8,41950,536809.8,510151.9,22.7,90.36,4,1,1.2246467991473532e-16,-1.0,1,0,0,0,0,0,0,0,0,0,0,0,0,0,0,0,0,0,0,0,0,0,0,0,0,0,0,0,0,0,0,0,0
738,2010,7,34.0,26.7,251.0,87.0,2.0,6.1,4.8,41950,536809.8,510151.9,22.7,90.36,4,1,-0.4999999999999997,-0.8660254037844388,1,0,0,0,0,0,0,0,0,0,0,0,0,0,0,0,0,0,0,0,0,0,0,0,0,0,0,0,0,0,0,0,0
741,2010,10,35.6,25.0,275.0,86.0,0.5,3.9,7.0,41950,536809.8,510151.9,22.7,90.36,4,1,-0.8660254037844386,0.5000000000000001,1,0,0,0,0,0,0,0,0,0,0,0,0,0,0,0,0,0,0,0,0,0,0,0,0,0,0,0,0,0,0,0,0
749,2011,6,35.6,26.3,481.0,88.0,3.5,6.3,3.6,41950,536809.8,510151.9,22.7,90.36,4,1,1.2246467991473532e-16,-1.0,1,0,0,0,0,0,0,0,0,0,0,0,0,0,0,0,0,0,0,0,0,0,0,0,0,0,0,0,0,0,0,0,0
750,2011,7,35.0,26.4,314.0,87.0,3.0,5.9,4.8,41950,536809.8,510151.9,22.7,90.36,4,1,-0.4999999999999997,-0.8660254037844388,1,0,0,0,0,0,0,0,0,0,0,0,0,0,0,0,0,0,0,0,0,0,0,0,0,0,0,0,0,0,0,0,0
751,2011,8,35.6,25.9,428.0,90.0,2.9,6.5,3.4,41950,536809.8,510151.9,22.7,90.36,4,1,-0.8660254037844385,-0.5000000000000004,1,0,0,0,0,0,0,0,0,0,0,0,0,0,0,0,0,0,0,0,0,0,0,0,0,0,0,0,0,0,0,0,0
752,2011,9,35.5,25.9,337.0,89.0,2.9,5.8,4.2,41950,536809.8,510151.9,22.7,90.36,4,1,-1.0,-1.8369701987210297e-16,1,0,0,0,0,0,0,0,0,0,0,0,0,0,0,0,0,0,0,0,0,0,0,0,0,0,0,0,0,0,0,0,0
759,2012,4,37.3,23.7,223.0,79.0,2.9,4.1,7.3,41950,536809.8,510151.9,22.7,90.36,4,1,0.8660254037844387,-0.4999999999999998,1,0,0,0,0,0,0,0,0,0,0,0,0,0,0,0,0,0,0,0,0,0,0,0,0,0,0,0,0,0,0,0,0
761,2012,6,36.7,27.2,205.0,86.0,2.3,6.6,3.8,41950,536809.8,510151.9,22.7,90.36,4,1,1.2246467991473532e-16,-1.0,1,0,0,0,0,0,0,0,0,0,0,0,0,0,0,0,0,0,0,0,0,0,0,0,0,0,0,0,0,0,0,0,0
762,2012,7,34.2,26.5,275.0,89.0,2.2,6.9,3.7,41950,536809.8,510151.9,22.7,90.36,4,1,-0.4999999999999997,-0.8660254037844388,1,0,0,0,0,0,0,0,0,0,0,0,0,0,0,0,0,0,0,0,0,0,0,0,0,0,0,0,0,0,0,0,0
763,2012,8,34.6,26.2,270.0,87.0,1.8,6.5,5.1,41950,536809.8,510151.9,22.7,90.36,4,1,-0.8660254037844385,-0.5000000000000004,1,0,0,0,0,0,0,0,0,0,0,0,0,0,0,0,0,0,0,0,0,0,0,0,0,0,0,0,0,0,0,0,0
764,2012,9,35.0,26.0,381.0,90.0,1.3,5.9,4.1,41950,536809.8,510151.9,22.7,90.36,4,1,-1.0,-1.8369701987210297e-16,1,0,0,0,0,0,0,0,0,0,0,0,0,0,0,0,0,0,0,0,0,0,0,0,0,0,0,0,0,0,0,0,0
772,2013,5,37.5,24.8,701.0,87.0,4.1,6.9,3.8,41950,536809.8,510151.9,22.7,90.36,4,1,0.49999999999999994,-0.8660254037844387,1,0,0,0,0,0,0,0,0,0,0,0,0,0,0,0,0,0,0,0,0,0,0,0,0,0,0,0,0,0,0,0,0
773,2013,6,36.0,26.8,277.0,85.0,2.4,5.7,5.7,41950,536809.8,510151.9,22.7,90.36,4,1,1.2246467991473532e-16,-1.0,1,0,0,0,0,0,0,0,0,0,0,0,0,0,0,0,0,0,0,0,0,0,0,0,0,0,0,0,0,0,0,0,0
774,2013,7,33.0,26.5,377.0,87.0,3.1,6.4,4.7,41950,536809.8,510151.9,22.7,90.36,4,1,-0.4999999999999997,-0.8660254037844388,1,0,0,0,0,0,0,0,0,0,0,0,0,0,0,0,0,0,0,0,0,0,0,0,0,0,0,0,0,0,0,0,0
775,2013,8,34.0,26.2,398.0,88.0,2.5,6.4,4.0,41950,536809.8,510151.9,22.7,90.36,4,1,-0.8660254037844385,-0.5000000000000004,1,0,0,0,0,0,0,0,0,0,0,0,0,0,0,0,0,0,0,0,0,0,0,0,0,0,0,0,0,0,0,0,0
776,2013,9,35.0,26.0,312.0,88.0,2.0,5.7,4.2,41950,536809.8,510151.9,22.7,90.36,4,1,-1.0,-1.8369701987210297e-16,1,0,0,0,0,0,0,0,0,0,0,0,0,0,0,0,0,0,0,0,0,0,0,0,0,0,0,0,0,0,0,0,0
787,1966,8,31.8,25.3,545.0,89.06382979,5.6,7.2,3.666666667,41951,567637.6,510271.8,22.7,90.66,5,1,-0.8660254037844385,-0.5000000000000004,0,1,0,0,0,0,0,0,0,0,0,0,0,0,0,0,0,0,0,0,0,0,0,0,0,0,0,0,0,0,0,0,0
788,1966,9,32.9,24.3,373.0,88.53191489,4.4,5.8,3.787878788,41951,567637.6,510271.8,22.7,90.66,5,1,-1.0,-1.8369701987210297e-16,0,1,0,0,0,0,0,0,0,0,0,0,0,0,0,0,0,0,0,0,0,0,0,0,0,0,0,0,0,0,0,0,0
798,1967,7,32.8,25.4,572.0,89.0,4.2,7.1,2.845454545,41951,567637.6,510271.8,22.7,90.66,5,1,-0.4999999999999997,-0.8660254037844388,0,1,0,0,0,0,0,0,0,0,0,0,0,0,0,0,0,0,0,0,0,0,0,0,0,0,0,0,0,0,0,0,0
799,1967,8,32.9,25.4,606.0,88.0,4.2,6.8,3.666666667,41951,567637.6,510271.8,22.7,90.66,5,1,-0.8660254037844385,-0.5000000000000004,0,1,0,0,0,0,0,0,0,0,0,0,0,0,0,0,0,0,0,0,0,0,0,0,0,0,0,0,0,0,0,0,0
801,1967,10,32.4,22.7,441.0,89.0,2.2,2.7,5.606060606,41951,567637.6,510271.8,22.7,90.66,5,1,-0.8660254037844386,0.5000000000000001,0,1,0,0,0,0,0,0,0,0,0,0,0,0,0,0,0,0,0,0,0,0,0,0,0,0,0,0,0,0,0,0,0
810,1968,7,32.7,25.8,505.0,90.0,3.6,7.1,2.845454545,41951,567637.6,510271.8,22.7,90.66,5,1,-0.4999999999999997,-0.8660254037844388,0,1,0,0,0,0,0,0,0,0,0,0,0,0,0,0,0,0,0,0,0,0,0,0,0,0,0,0,0,0,0,0,0
811,1968,8,33.1,25.7,374.0,90.0,1.9,7.5,3.666666667,41951,567637.6,510271.8,22.7,90.66,5,1,-0.8660254037844385,-0.5000000000000004,0,1,0,0,0,0,0,0,0,0,0,0,0,0,0,0,0,0,0,0,0,0,0,0,0,0,0,0,0,0,0,0,0
819,1969,4,35.6,23.6,320.0,85.0,4.1,4.1,6.948484848,41951,567637.6,510271.8,22.7,90.66,5,1,0.8660254037844387,-0.4999999999999998,0,1,0,0,0,0,0,0,0,0,0,0,0,0,0,0,0,0,0,0,0,0,0,0,0,0,0,0,0,0,0,0,0
822,1969,7,31.4,25.6,662.0,90.0,4.5,7.7,2.845454545,41951,567637.6,510271.8,22.7,90.66,5,1,-0.4999999999999997,-0.8660254037844388,0,1,0,0,0,0,0,0,0,0,0,0,0,0,0,0,0,0,0,0,0,0,0,0,0,0,0,0,0,0,0,0,0
823,1969,8,32.1,25.0,597.0,91.0,3.6,7.6,3.666666667,41951,567637.6,510271.8,22.7,90.66,5,1,-0.8660254037844385,-0.5000000000000004,0,1,0,0,0,0,0,0,0,0,0,0,0,0,0,0,0,0,0,0,0,0,0,0,0,0,0,0,0,0,0,0,0
824,1969,9,33.6,25.2,456.0,87.0,1.2,6.5,3.787878788,41951,567637.6,510271.8,22.7,90.66,5,1,-1.0,-1.8369701987210297e-16,0,1,0,0,0,0,0,0,0,0,0,0,0,0,0,0,0,0,0,0,0,0,0,0,0,0,0,0,0,0,0,0,0
825,1969,10,33.9,23.6,53.0,85.0,2.9,3.9,5.606060606,41951,567637.6,510271.8,22.7,90.66,5,1,-0.8660254037844386,0.5000000000000001,0,1,0,0,0,0,0,0,0,0,0,0,0,0,0,0,0,0,0,0,0,0,0,0,0,0,0,0,0,0,0,0,0
833,1970,6,34.7,24.3,402.0,92.0,4.9,7.5,3.306060606,41951,567637.6,510271.8,22.7,90.66,5,1,1.2246467991473532e-16,-1.0,0,1,0,0,0,0,0,0,0,0,0,0,0,0,0,0,0,0,0,0,0,0,0,0,0,0,0,0,0,0,0,0,0
834,1970,7,34.1,26.0,416.0,90.0,2.4,6.7,2.845454545,41951,567637.6,510271.8,22.7,90.66,5,1,-0.4999999999999997,-0.8660254037844388,0,1,0,0,0,0,0,0,0,0,0,0,0,0,0,0,0,0,0,0,0,0,0,0,0,0,0,0,0,0,0,0,0
836,1970,9,32.7,24.8,503.0,92.0,3.4,6.4,3.787878788,41951,567637.6,510271.8,22.7,90.66,5,1,-1.0,-1.8369701987210297e-16,0,1,0,0,0,0,0,0,0,0,0,0,0,0,0,0,0,0,0,0,0,0,0,0,0,0,0,0,0,0,0,0,0
845,1971,6,31.9,25.2,584.0,88.0,2.5,6.8,3.306060606,41951,567637.6,510271.8,22.7,90.66,5,1,1.2246467991473532e-16,-1.0,0,1,0,0,0,0,0,0,0,0,0,0,0,0,0,0,0,0,0,0,0,0,0,0,0,0,0,0,0,0,0,0,0
846,1971,7,32.4,25.2,409.0,90.0,2.0,6.9,2.845454545,41951,567637.6,510271.8,22.7,90.66,5,1,-0.4999999999999997,-0.8660254037844388,0,1,0,0,0,0,0,0,0,0,0,0,0,0,0,0,0,0,0,0,0,0,0,0,0,0,0,0,0,0,0,0,0
848,1971,9,34.1,25.4,409.0,88.0,1.5,6.8,3.787878788,41951,567637.6,510271.8,22.7,90.66,5,1,-1.0,-1.8369701987210297e-16,0,1,0,0,0,0,0,0,0,0,0,0,0,0,0,0,0,0,0,0,0,0,0,0,0,0,0,0,0,0,0,0,0
857,1972,6,35.2,25.7,512.0,88.0,1.0,5.4,3.306060606,41951,567637.6,510271.8,22.7,90.66,5,1,1.2246467991473532e-16,-1.0,0,1,0,0,0,0,0,0,0,0,0,0,0,0,0,0,0,0,0,0,0,0,0,0,0,0,0,0,0,0,0,0,0
859,1972,8,32.4,25.0,586.0,91.0,1.2,6.0,3.666666667,41951,567637.6,510271.8,22.7,90.66,5,1,-0.8660254037844385,-0.5000000000000004,0,1,0,0,0,0,0,0,0,0,0,0,0,0,0,0,0,0,0,0,0,0,0,0,0,0,0,0,0,0,0,0,0
868,1973,5,34.1,24.1,500.0,84.0,1.6,5.4,5.724242424,41951,567637.6,510271.8,22.7,90.66,5,1,0.49999999999999994,-0.8660254037844387,0,1,0,0,0,0,0,0,0,0,0,0,0,0,0,0,0,0,0,0,0,0,0,0,0,0,0,0,0,0,0,0,0
869,1973,6,32.5,25.6,434.0,88.0,1.5,5.9,3.306060606,41951,567637.6,510271.8,22.7,90.66,5,1,1.2246467991473532e-16,-1.0,0,1,0,0,0,0,0,0,0,0,0,0,0,0,0,0,0,0,0,0,0,0,0,0,0,0,0,0,0,0,0,0,0
870,1973,7,32.3,25.9,445.0,90.0,2.6,6.3,2.845454545,41951,567637.6,510271.8,22.7,90.66,5,1,-0.4999999999999997,-0.8660254037844388,0,1,0,0,0,0,0,0,0,0,0,0,0,0,0,0,0,0,0,0,0,0,0,0,0,0,0,0,0,0,0,0,0
881,1974,6,33.6,22.8,433.0,89.0,1.1,6.1,3.306060606,41951,567637.6,510271.8,22.7,90.66,5,1,1.2246467991473532e-16,-1.0,0,1,0,0,0,0,0,0,0,0,0,0,0,0,0,0,0,0,0,0,0,0,0,0,0,0,0,0,0,0,0,0,0
882,1974,7,31.7,22.2,817.0,93.0,0.8,6.9,2.845454545,41951,567637.6,510271.8,22.7,90.66,5,1,-0.4999999999999997,-0.8660254037844388,0,1,0,0,0,0,0,0,0,0,0,0,0,0,0,0,0,0,0,0,0,0,0,0,0,0,0,0,0,0,0,0,0
883,1974,8,33.4,25.7,437.0,93.0,1.8,6.7,3.666666667,41951,567637.6,510271.8,22.7,90.66,5,1,-0.8660254037844385,-0.5000000000000004,0,1,0,0,0,0,0,0,0,0,0,0,0,0,0,0,0,0,0,0,0,0,0,0,0,0,0,0,0,0,0,0,0
893,1975,6,34.9,25.0,428.0,87.0,1.0,5.0,3.306060606,41951,567637.6,510271.8,22.7,90.66,5,1,1.2246467991473532e-16,-1.0,0,1,0,0,0,0,0,0,0,0,0,0,0,0,0,0,0,0,0,0,0,0,0,0,0,0,0,0,0,0,0,0,0
894,1975,7,32.4,24.5,597.0,93.0,0.8,6.3,2.845454545,41951,567637.6,510271.8,22.7,90.66,5,1,-0.4999999999999997,-0.8660254037844388,0,1,0,0,0,0,0,0,0,0,0,0,0,0,0,0,0,0,0,0,0,0,0,0,0,0,0,0,0,0,0,0,0
905,1976,6,32.9,24.0,414.0,89.0,0.7,5.8,3.306060606,41951,567637.6,510271.8,22.7,90.66,5,1,1.2246467991473532e-16,-1.0,0,1,0,0,0,0,0,0,0,0,0,0,0,0,0,0,0,0,0,0,0,0,0,0,0,0,0,0,0,0,0,0,0
906,1976,7,32.4,24.6,530.0,91.0,1.3,6.2,2.845454545,41951,567637.6,510271.8,22.7,90.66,5,1,-0.4999999999999997,-0.8660254037844388,0,1,0,0,0,0,0,0,0,0,0,0,0,0,0,0,0,0,0,0,0,0,0,0,0,0,0,0,0,0,0,0,0
907,1976,8,32.4,24.4,669.0,92.0,0.6,6.1,3.666666667,41951,567637.6,510271.8,22.7,90.66,5,1,-0.8660254037844385,-0.5000000000000004,0,1,0,0,0,0,0,0,0,0,0,0,0,0,0,0,0,0,0,0,0,0,0,0,0,0,0,0,0,0,0,0,0
917,1977,6,33.4,25.2,672.0,89.0,0.4,6.0,3.306060606,41951,567637.6,510271.8,22.7,90.66,5,1,1.2246467991473532e-16,-1.0,0,1,0,0,0,0,0,0,0,0,0,0,0,0,0,0,0,0,0,0,0,0,0,0,0,0,0,0,0,0,0,0,0
918,1977,7,33.2,25.9,462.0,89.0,0.7,6.5,2.845454545,41951,567637.6,510271.8,22.7,90.66,5,1,-0.4999999999999997,-0.8660254037844388,0,1,0,0,0,0,0,0,0,0,0,0,0,0,0,0,0,0,0,0,0,0,0,0,0,0,0,0,0,0,0,0,0
928,1978,5,36.8,24.5,517.0,83.0,1.3,5.3,5.724242424,41951,567637.6,510271.8,22.7,90.66,5,1,0.49999999999999994,-0.8660254037844387,0,1,0,0,0,0,0,0,0,0,0,0,0,0,0,0,0,0,0,0,0,0,0,0,0,0,0,0,0,0,0,0,0
929,1978,6,32.9,25.4,512.0,87.0,0.7,5.9,3.306060606,41951,567637.6,510271.8,22.7,90.66,5,1,1.2246467991473532e-16,-1.0,0,1,0,0,0,0,0,0,0,0,0,0,0,0,0,0,0,0,0,0,0,0,0,0,0,0,0,0,0,0,0,0,0
930,1978,7,36.3,25.4,513.0,87.0,0.7,5.7,2.845454545,41951,567637.6,510271.8,22.7,90.66,5,1,-0.4999999999999997,-0.8660254037844388,0,1,0,0,0,0,0,0,0,0,0,0,0,0,0,0,0,0,0,0,0,0,0,0,0,0,0,0,0,0,0,0,0
931,1978,8,34.7,25.5,586.0,87.0,1.0,5.8,3.666666667,41951,567637.6,510271.8,22.7,90.66,5,1,-0.8660254037844385,-0.5000000000000004,0,1,0,0,0,0,0,0,0,0,0,0,0,0,0,0,0,0,0,0,0,0,0,0,0,0,0,0,0,0,0,0,0
952,1980,5,35.0,24.6,749.0,84.0,1.1,4.6,5.724242424,41951,567637.6,510271.8,22.7,90.66,5,1,0.49999999999999994,-0.8660254037844387,0,1,0,0,0,0,0,0,0,0,0,0,0,0,0,0,0,0,0,0,0,0,0,0,0,0,0,0,0,0,0,0,0
954,1980,7,31.9,25.9,678.0,90.0,0.9,6.4,2.845454545,41951,567637.6,510271.8,22.7,90.66,5,1,-0.4999999999999997,-0.8660254037844388,0,1,0,0,0,0,0,0,0,0,0,0,0,0,0,0,0,0,0,0,0,0,0,0,0,0,0,0,0,0,0,0,0
965,1981,6,34.4,25.9,553.0,86.0,1.1,5.4,4.4,41951,567637.6,510271.8,22.7,90.66,5,1,1.2246467991473532e-16,-1.0,0,1,0,0,0,0,0,0,0,0,0,0,0,0,0,0,0,0,0,0,0,0,0,0,0,0,0,0,0,0,0,0,0
966,1981,7,32.2,25.6,568.0,90.0,1.1,6.7,2.5,41951,567637.6,510271.8,22.7,90.66,5,1,-0.4999999999999997,-0.8660254037844388,0,1,0,0,0,0,0,0,0,0,0,0,0,0,0,0,0,0,0,0,0,0,0,0,0,0,0,0,0,0,0,0,0
979,1982,8,31.4,25.9,579.0,89.0,1.1,6.3,4.1,41951,567637.6,510271.8,22.7,90.66,5,1,-0.8660254037844385,-0.5000000000000004,0,1,0,0,0,0,0,0,0,0,0,0,0,0,0,0,0,0,0,0,0,0,0,0,0,0,0,0,0,0,0,0,0
989,1983,6,35.4,26.0,574.0,89.0,1.0,5.8,4.3,41951,567637.6,510271.8,22.7,90.66,5,1,1.2246467991473532e-16,-1.0,0,1,0,0,0,0,0,0,0,0,0,0,0,0,0,0,0,0,0,0,0,0,0,0,0,0,0,0,0,0,0,0,0
990,1983,7,34.4,26.5,521.0,90.0,0.7,5.6,3.6,41951,567637.6,510271.8,22.7,90.66,5,1,-0.4999999999999997,-0.8660254037844388,0,1,0,0,0,0,0,0,0,0,0,0,0,0,0,0,0,0,0,0,0,0,0,0,0,0,0,0,0,0,0,0,0
991,1983,8,34.0,25.9,501.0,87.0,1.0,5.8,4.3,41951,567637.6,510271.8,22.7,90.66,5,1,-0.8660254037844385,-0.5000000000000004,0,1,0,0,0,0,0,0,0,0,0,0,0,0,0,0,0,0,0,0,0,0,0,0,0,0,0,0,0,0,0,0,0
1001,1984,6,35.6,25.8,904.0,89.0,1.2,6.5,2.4,41951,567637.6,510271.8,22.7,90.66,5,1,1.2246467991473532e-16,-1.0,0,1,0,0,0,0,0,0,0,0,0,0,0,0,0,0,0,0,0,0,0,0,0,0,0,0,0,0,0,0,0,0,0
1002,1984,7,33.5,25.6,444.0,88.0,0.8,6.0,3.4,41951,567637.6,510271.8,22.7,90.66,5,1,-0.4999999999999997,-0.8660254037844388,0,1,0,0,0,0,0,0,0,0,0,0,0,0,0,0,0,0,0,0,0,0,0,0,0,0,0,0,0,0,0,0,0
1003,1984,8,34.8,25.6,467.0,89.0,0.7,6.2,2.4,41951,567637.6,510271.8,22.7,90.66,5,1,-0.8660254037844385,-0.5000000000000004,0,1,0,0,0,0,0,0,0,0,0,0,0,0,0,0,0,0,0,0,0,0,0,0,0,0,0,0,0,0,0,0,0
1026,1986,7,35.1,25.8,451.0,88.0,0.7,5.5,2.5,41951,567637.6,510271.8,22.7,90.66,5,1,-0.4999999999999997,-0.8660254037844388,0,1,0,0,0,0,0,0,0,0,0,0,0,0,0,0,0,0,0,0,0,0,0,0,0,0,0,0,0,0,0,0,0
1028,1986,9,34.6,24.9,563.0,89.0,0.5,5.9,2.8,41951,567637.6,510271.8,22.7,90.66,5,1,-1.0,-1.8369701987210297e-16,0,1,0,0,0,0,0,0,0,0,0,0,0,0,0,0,0,0,0,0,0,0,0,0,0,0,0,0,0,0,0,0,0
1038,1987,7,34.2,26.0,660.0,90.0,0.7,6.6,0.9,41951,567637.6,510271.8,22.7,90.66,5,1,-0.4999999999999997,-0.8660254037844388,0,1,0,0,0,0,0,0,0,0,0,0,0,0,0,0,0,0,0,0,0,0,0,0,0,0,0,0,0,0,0,0,0
1039,1987,8,34.2,25.9,893.0,88.0,0.4,6.2,3.2,41951,567637.6,510271.8,22.7,90.66,5,1,-0.8660254037844385,-0.5000000000000004,0,1,0,0,0,0,0,0,0,0,0,0,0,0,0,0,0,0,0,0,0,0,0,0,0,0,0,0,0,0,0,0,0
1049,1988,6,35.0,25.5,700.0,89.0,0.9,5.9,3.3,41951,567637.6,510271.8,22.7,90.66,5,1,1.2246467991473532e-16,-1.0,0,1,0,0,0,0,0,0,0,0,0,0,0,0,0,0,0,0,0,0,0,0,0,0,0,0,0,0,0,0,0,0,0
1050,1988,7,34.3,26.0,417.0,91.0,0.8,6.6,2.5,41951,567637.6,510271.8,22.7,90.66,5,1,-0.4999999999999997,-0.8660254037844388,0,1,0,0,0,0,0,0,0,0,0,0,0,0,0,0,0,0,0,0,0,0,0,0,0,0,0,0,0,0,0,0,0
1051,1988,8,32.2,26.2,416.0,90.0,0.7,6.7,2.1,41951,567637.6,510271.8,22.7,90.66,5,1,-0.8660254037844385,-0.5000000000000004,0,1,0,0,0,0,0,0,0,0,0,0,0,0,0,0,0,0,0,0,0,0,0,0,0,0,0,0,0,0,0,0,0
1061,1989,6,36.0,25.9,533.0,88.0,1.4,5.3,3.4,41951,567637.6,510271.8,22.7,90.66,5,1,1.2246467991473532e-16,-1.0,0,1,0,0,0,0,0,0,0,0,0,0,0,0,0,0,0,0,0,0,0,0,0,0,0,0,0,0,0,0,0,0,0
1064,1989,9,34.0,25.8,378.0,90.0,0.7,5.6,3.1,41951,567637.6,510271.8,22.7,90.66,5,1,-1.0,-1.8369701987210297e-16,0,1,0,0,0,0,0,0,0,0,0,0,0,0,0,0,0,0,0,0,0,0,0,0,0,0,0,0,0,0,0,0,0
1073,1990,6,34.0,26.3,358.0,89.0,1.0,5.9,2.7,41951,567637.6,510271.8,22.7,90.66,5,1,1.2246467991473532e-16,-1.0,0,1,0,0,0,0,0,0,0,0,0,0,0,0,0,0,0,0,0,0,0,0,0,0,0,0,0,0,0,0,0,0,0
1074,1990,7,32.0,25.8,374.0,90.0,0.9,6.8,2.5,41951,567637.6,510271.8,22.7,90.66,5,1,-0.4999999999999997,-0.8660254037844388,0,1,0,0,0,0,0,0,0,0,0,0,0,0,0,0,0,0,0,0,0,0,0,0,0,0,0,0,0,0,0,0,0
1085,1991,6,34.2,26.0,732.0,91.0,0.9,6.0,2.2,41951,567637.6,510271.8,22.7,90.66,5,1,1.2246467991473532e-16,-1.0,0,1,0,0,0,0,0,0,0,0,0,0,0,0,0,0,0,0,0,0,0,0,0,0,0,0,0,0,0,0,0,0,0
1087,1991,8,35.5,26.1,396.0,92.0,0.9,6.3,3.4,41951,567637.6,510271.8,22.7,90.66,5,1,-0.8660254037844385,-0.5000000000000004,0,1,0,0,0,0,0,0,0,0,0,0,0,0,0,0,0,0,0,0,0,0,0,0,0,0,0,0,0,0,0,0,0
1098,1992,7,33.0,25.6,382.0,90.0,1.0,6.7,2.2,41951,567637.6,510271.8,22.7,90.66,5,1,-0.4999999999999997,-0.8660254037844388,0,1,0,0,0,0,0,0,0,0,0,0,0,0,0,0,0,0,0,0,0,0,0,0,0,0,0,0,0,0,0,0,0
1109,1993,6,33.4,25.6,631.0,89.0,1.3,6.3,3.4,41951,567637.6,510271.8,22.7,90.66,5,1,1.2246467991473532e-16,-1.0,0,1,0,0,0,0,0,0,0,0,0,0,0,0,0,0,0,0,0,0,0,0,0,0,0,0,0,0,0,0,0,0,0
1110,1993,7,32.5,26.0,473.0,91.0,0.9,6.3,2.7,41951,567637.6,510271.8,22.7,90.66,5,1,-0.4999999999999997,-0.8660254037844388,0,1,0,0,0,0,0,0,0,0,0,0,0,0,0,0,0,0,0,0,0,0,0,0,0,0,0,0,0,0,0,0,0
1111,1993,8,33.0,26.2,681.0,91.0,0.8,6.5,2.8,41951,567637.6,510271.8,22.7,90.66,5,1,-0.8660254037844385,-0.5000000000000004,0,1,0,0,0,0,0,0,0,0,0,0,0,0,0,0,0,0,0,0,0,0,0,0,0,0,0,0,0,0,0,0,0
1121,1994,6,34.8,26.0,559.0,88.0,1.1,5.9,2.8,41951,567637.6,510271.8,22.7,90.66,5,1,1.2246467991473532e-16,-1.0,0,1,0,0,0,0,0,0,0,0,0,0,0,0,0,0,0,0,0,0,0,0,0,0,0,0,0,0,0,0,0,0,0
1158,1997,7,33.8,26.0,523.0,91.0,1.0,5.9,1.8,41951,567637.6,510271.8,22.7,90.66,5,1,-0.4999999999999997,-0.8660254037844388,0,1,0,0,0,0,0,0,0,0,0,0,0,0,0,0,0,0,0,0,0,0,0,0,0,0,0,0,0,0,0,0,0
1160,1997,9,34.2,25.4,439.0,90.0,0.9,5.2,3.7,41951,567637.6,510271.8,22.7,90.66,5,1,-1.0,-1.8369701987210297e-16,0,1,0,0,0,0,0,0,0,0,0,0,0,0,0,0,0,0,0,0,0,0,0,0,0,0,0,0,0,0,0,0,0
1170,1998,7,33.2,25.8,500.0,94.0,1.0,6.2,1.8,41951,567637.6,510271.8,22.7,90.66,5,1,-0.4999999999999997,-0.8660254037844388,0,1,0,0,0,0,0,0,0,0,0,0,0,0,0,0,0,0,0,0,0,0,0,0,0,0,0,0,0,0,0,0,0
1171,1998,8,33.6,26.1,483.0,93.0,0.7,5.6,1.9,41951,567637.6,510271.8,22.7,90.66,5,1,-0.8660254037844385,-0.5000000000000004,0,1,0,0,0,0,0,0,0,0,0,0,0,0,0,0,0,0,0,0,0,0,0,0,0,0,0,0,0,0,0,0,0
1182,1999,7,33.6,25.5,590.0,91.0,0.8,6.3,1.4,41951,567637.6,510271.8,22.7,90.66,5,1,-0.4999999999999997,-0.8660254037844388,0,1,0,0,0,0,0,0,0,0,0,0,0,0,0,0,0,0,0,0,0,0,0,0,0,0,0,0,0,0,0,0,0
1183,1999,8,33.0,25.6,432.0,92.0,0.7,6.3,2.2,41951,567637.6,510271.8,22.7,90.66,5,1,-0.8660254037844385,-0.5000000000000004,0,1,0,0,0,0,0,0,0,0,0,0,0,0,0,0,0,0,0,0,0,0,0,0,0,0,0,0,0,0,0,0,0
1184,1999,9,33.5,25.4,398.0,90.0,0.5,5.6,1.8,41951,567637.6,510271.8,22.7,90.66,5,1,-1.0,-1.8369701987210297e-16,0,1,0,0,0,0,0,0,0,0,0,0,0,0,0,0,0,0,0,0,0,0,0,0,0,0,0,0,0,0,0,0,0
1185,1999,10,34.0,24.6,436.0,89.0,0.3,4.7,2.5,41951,567637.6,510271.8,22.7,90.66,5,1,-0.8660254037844386,0.5000000000000001,0,1,0,0,0,0,0,0,0,0,0,0,0,0,0,0,0,0,0,0,0,0,0,0,0,0,0,0,0,0,0,0,0
1193,2000,6,33.5,25.7,416.0,89.0,0.8,5.8,3.3,41951,567637.6,510271.8,22.7,90.66,5,1,1.2246467991473532e-16,-1.0,0,1,0,0,0,0,0,0,0,0,0,0,0,0,0,0,0,0,0,0,0,0,0,0,0,0,0,0,0,0,0,0,0
1194,2000,7,34.2,25.9,432.0,90.0,0.7,5.6,3.7,41951,567637.6,510271.8,22.7,90.66,5,1,-0.4999999999999997,-0.8660254037844388,0,1,0,0,0,0,0,0,0,0,0,0,0,0,0,0,0,0,0,0,0,0,0,0,0,0,0,0,0,0,0,0,0
1205,2001,6,32.7,25.5,892.0,93.0,1.0,6.5,2.1,41951,567637.6,510271.8,22.7,90.66,5,1,1.2246467991473532e-16,-1.0,0,1,0,0,0,0,0,0,0,0,0,0,0,0,0,0,0,0,0,0,0,0,0,0,0,0,0,0,0,0,0,0,0
1206,2001,7,32.0,26.0,406.0,90.0,1.0,6.2,2.8,41951,567637.6,510271.8,22.7,90.66,5,1,-0.4999999999999997,-0.8660254037844388,0,1,0,0,0,0,0,0,0,0,0,0,0,0,0,0,0,0,0,0,0,0,0,0,0,0,0,0,0,0,0,0,0
1217,2002,6,32.5,25.8,474.0,90.0,0.7,5.7,3.1,41951,567637.6,510271.8,22.7,90.66,5,1,1.2246467991473532e-16,-1.0,0,1,0,0,0,0,0,0,0,0,0,0,0,0,0,0,0,0,0,0,0,0,0,0,0,0,0,0,0,0,0,0,0
1218,2002,7,33.4,25.5,576.0,92.0,0.8,6.9,1.4,41951,567637.6,510271.8,22.7,90.66,5,1,-0.4999999999999997,-0.8660254037844388,0,1,0,0,0,0,0,0,0,0,0,0,0,0,0,0,0,0,0,0,0,0,0,0,0,0,0,0,0,0,0,0,0
1219,2002,8,33.0,25.8,421.0,90.0,0.6,5.8,4.0,41951,567637.6,510271.8,22.7,90.66,5,1,-0.8660254037844385,-0.5000000000000004,0,1,0,0,0,0,0,0,0,0,0,0,0,0,0,0,0,0,0,0,0,0,0,0,0,0,0,0,0,0,0,0,0
1229,2003,6,35.8,25.6,593.0,89.0,1.1,6.2,1.8,41951,567637.6,510271.8,22.7,90.66,5,1,1.2246467991473532e-16,-1.0,0,1,0,0,0,0,0,0,0,0,0,0,0,0,0,0,0,0,0,0,0,0,0,0,0,0,0,0,0,0,0,0,0
1241,2004,6,35.5,25.4,580.0,89.0,0.6,5.2,2.7,41951,567637.6,510271.8,22.7,90.66,5,1,1.2246467991473532e-16,-1.0,0,1,0,0,0,0,0,0,0,0,0,0,0,0,0,0,0,0,0,0,0,0,0,0,0,0,0,0,0,0,0,0,0
1242,2004,7,33.8,25.8,467.0,89.0,0.9,5.9,3.4,41951,567637.6,510271.8,22.7,90.66,5,1,-0.4999999999999997,-0.8660254037844388,0,1,0,0,0,0,0,0,0,0,0,0,0,0,0,0,0,0,0,0,0,0,0,0,0,0,0,0,0,0,0,0,0
1243,2004,8,32.8,25.9,460.0,89.0,0.8,5.4,4.1,41951,567637.6,510271.8,22.7,90.66,5,1,-0.8660254037844385,-0.5000000000000004,0,1,0,0,0,0,0,0,0,0,0,0,0,0,0,0,0,0,0,0,0,0,0,0,0,0,0,0,0,0,0,0,0
1244,2004,9,33.8,25.6,993.0,91.0,0.5,5.5,2.7,41951,567637.6,510271.8,22.7,90.66,5,1,-1.0,-1.8369701987210297e-16,0,1,0,0,0,0,0,0,0,0,0,0,0,0,0,0,0,0,0,0,0,0,0,0,0,0,0,0,0,0,0,0,0
1267,2006,8,34.0,26.0,447.0,88.0,1.0,6.0,4.7,41951,567637.6,510271.8,22.7,90.66,5,1,-0.8660254037844385,-0.5000000000000004,0,1,0,0,0,0,0,0,0,0,0,0,0,0,0,0,0,0,0,0,0,0,0,0,0,0,0,0,0,0,0,0,0
1268,2006,9,34.2,25.9,626.0,88.0,0.7,4.9,4.9,41951,567637.6,510271.8,22.7,90.66,5,1,-1.0,-1.8369701987210297e-16,0,1,0,0,0,0,0,0,0,0,0,0,0,0,0,0,0,0,0,0,0,0,0,0,0,0,0,0,0,0,0,0,0
1277,2007,6,35.0,26.1,440.0,88.0,0.8,5.7,3.5,41951,567637.6,510271.8,22.7,90.66,5,1,1.2246467991473532e-16,-1.0,0,1,0,0,0,0,0,0,0,0,0,0,0,0,0,0,0,0,0,0,0,0,0,0,0,0,0,0,0,0,0,0,0
1278,2007,7,32.5,25.7,511.0,91.0,0.8,6.4,1.4,41951,567637.6,510271.8,22.7,90.66,5,1,-0.4999999999999997,-0.8660254037844388,0,1,0,0,0,0,0,0,0,0,0,0,0,0,0,0,0,0,0,0,0,0,0,0,0,0,0,0,0,0,0,0,0
1280,2007,9,34.0,25.8,411.0,90.0,0.6,6.0,2.2,41951,567637.6,510271.8,22.7,90.66,5,1,-1.0,-1.8369701987210297e-16,0,1,0,0,0,0,0,0,0,0,0,0,0,0,0,0,0,0,0,0,0,0,0,0,0,0,0,0,0,0,0,0,0
1290,2008,7,32.8,25.9,729.0,92.0,0.7,6.5,2.5,41951,567637.6,510271.8,22.7,90.66,5,1,-0.4999999999999997,-0.8660254037844388,0,1,0,0,0,0,0,0,0,0,0,0,0,0,0,0,0,0,0,0,0,0,0,0,0,0,0,0,0,0,0,0,0
1293,2008,10,34.0,23.6,348.0,88.0,0.3,2.8,6.7,41951,567637.6,510271.8,22.7,90.66,5,1,-0.8660254037844386,0.5000000000000001,0,1,0,0,0,0,0,0,0,0,0,0,0,0,0,0,0,0,0,0,0,0,0,0,0,0,0,0,0,0,0,0,0
1302,2009,7,35.0,26.2,544.0,93.0,1.5,6.3,3.5,41951,567637.6,510271.8,22.7,90.66,5,1,-0.4999999999999997,-0.8660254037844388,0,1,0,0,0,0,0,0,0,0,0,0,0,0,0,0,0,0,0,0,0,0,0,0,0,0,0,0,0,0,0,0,0
1303,2009,8,34.5,26.1,448.0,91.0,1.3,6.3,4.1,41951,567637.6,510271.8,22.7,90.66,5,1,-0.8660254037844385,-0.5000000000000004,0,1,0,0,0,0,0,0,0,0,0,0,0,0,0,0,0,0,0,0,0,0,0,0,0,0,0,0,0,0,0,0,0
1313,2010,6,34.5,26.3,401.0,90.0,1.0,6.1,3.4,41951,567637.6,510271.8,22.7,90.66,5,1,1.2246467991473532e-16,-1.0,0,1,0,0,0,0,0,0,0,0,0,0,0,0,0,0,0,0,0,0,0,0,0,0,0,0,0,0,0,0,0,0,0
1314,2010,7,33.8,26.5,353.0,90.0,0.7,6.0,4.7,41951,567637.6,510271.8,22.7,90.66,5,1,-0.4999999999999997,-0.8660254037844388,0,1,0,0,0,0,0,0,0,0,0,0,0,0,0,0,0,0,0,0,0,0,0,0,0,0,0,0,0,0,0,0,0
1317,2010,10,35.8,25.1,442.0,85.0,0.9,3.5,6.7,41951,567637.6,510271.8,22.7,90.66,5,1,-0.8660254037844386,0.5000000000000001,0,1,0,0,0,0,0,0,0,0,0,0,0,0,0,0,0,0,0,0,0,0,0,0,0,0,0,0,0,0,0,0,0
1325,2011,6,34.6,26.1,425.0,88.0,1.3,6.1,3.5,41951,567637.6,510271.8,22.7,90.66,5,1,1.2246467991473532e-16,-1.0,0,1,0,0,0,0,0,0,0,0,0,0,0,0,0,0,0,0,0,0,0,0,0,0,0,0,0,0,0,0,0,0,0
1326,2011,7,34.2,26.2,398.0,88.0,1.2,5.4,4.0,41951,567637.6,510271.8,22.7,90.66,5,1,-0.4999999999999997,-0.8660254037844388,0,1,0,0,0,0,0,0,0,0,0,0,0,0,0,0,0,0,0,0,0,0,0,0,0,0,0,0,0,0,0,0,0
1327,2011,8,35.0,25.8,383.0,89.0,1.7,6.0,3.3,41951,567637.6,510271.8,22.7,90.66,5,1,-0.8660254037844385,-0.5000000000000004,0,1,0,0,0,0,0,0,0,0,0,0,0,0,0,0,0,0,0,0,0,0,0,0,0,0,0,0,0,0,0,0,0
1348,2013,5,36.0,24.6,655.0,86.0,3.1,6.1,2.6,41951,567637.6,510271.8,22.7,90.66,5,1,0.49999999999999994,-0.8660254037844387,0,1,0,0,0,0,0,0,0,0,0,0,0,0,0,0,0,0,0,0,0,0,0,0,0,0,0,0,0,0,0,0,0
1350,2013,7,33.0,26.3,327.0,88.0,2.4,6.1,3.4,41951,567637.6,510271.8,22.7,90.66,5,1,-0.4999999999999997,-0.8660254037844388,0,1,0,0,0,0,0,0,0,0,0,0,0,0,0,0,0,0,0,0,0,0,0,0,0,0,0,0,0,0,0,0,0
1351,2013,8,33.5,26.0,477.0,90.0,1.9,5.8,3.1,41951,567637.6,510271.8,22.7,90.66,5,1,-0.8660254037844385,-0.5000000000000004,0,1,0,0,0,0,0,0,0,0,0,0,0,0,0,0,0,0,0,0,0,0,0,0,0,0,0,0,0,0,0,0,0
1362,1948,7,33.1,26.4,363.71875,86.1875,1.577777778,6.2,4.435849057,41883,435303.7,751187.5,24.88,89.36,20,1,-0.4999999999999997,-0.8660254037844388,0,0,1,0,0,0,0,0,0,0,0,0,0,0,0,0,0,0,0,0,0,0,0,0,0,0,0,0,0,0,0,0,0
1374,1949,7,32.0,26.1,363.71875,86.1875,1.577777778,6.1,4.435849057,41883,435303.7,751187.5,24.88,89.36,20,1,-0.4999999999999997,-0.8660254037844388,0,0,1,0,0,0,0,0,0,0,0,0,0,0,0,0,0,0,0,0,0,0,0,0,0,0,0,0,0,0,0,0,0
1387,1950,8,32.2,26.2,555.0,89.0,1.424074074,7.1,5.001886792,41883,435303.7,751187.5,24.88,89.36,20,1,-0.8660254037844385,-0.5000000000000004,0,0,1,0,0,0,0,0,0,0,0,0,0,0,0,0,0,0,0,0,0,0,0,0,0,0,0,0,0,0,0,0,0
1398,1951,7,32.0,26.1,390.0,86.0,1.577777778,6.8,4.435849057,41883,435303.7,751187.5,24.88,89.36,20,1,-0.4999999999999997,-0.8660254037844388,0,0,1,0,0,0,0,0,0,0,0,0,0,0,0,0,0,0,0,0,0,0,0,0,0,0,0,0,0,0,0,0,0
1409,1952,6,37.1,25.7,393.0,82.0,1.701851852,5.8,4.939622642,41883,435303.7,751187.5,24.88,89.36,20,1,1.2246467991473532e-16,-1.0,0,0,1,0,0,0,0,0,0,0,0,0,0,0,0,0,0,0,0,0,0,0,0,0,0,0,0,0,0,0,0,0,0
1410,1952,7,35.8,26.0,336.0,84.0,1.577777778,6.8,4.435849057,41883,435303.7,751187.5,24.88,89.36,20,1,-0.4999999999999997,-0.8660254037844388,0,0,1,0,0,0,0,0,0,0,0,0,0,0,0,0,0,0,0,0,0,0,0,0,0,0,0,0,0,0,0,0,0
1412,1952,9,35.4,25.9,376.0,84.0,1.205555556,6.2,5.447169811,41883,435303.7,751187.5,24.88,89.36,20,1,-1.0,-1.8369701987210297e-16,0,0,1,0,0,0,0,0,0,0,0,0,0,0,0,0,0,0,0,0,0,0,0,0,0,0,0,0,0,0,0,0,0
1424,1953,9,32.5,25.6,351.0,87.0,1.205555556,6.0,5.447169811,41883,435303.7,751187.5,24.88,89.36,20,1,-1.0,-1.8369701987210297e-16,0,0,1,0,0,0,0,0,0,0,0,0,0,0,0,0,0,0,0,0,0,0,0,0,0,0,0,0,0,0,0,0,0
1433,1954,6,33.9,25.2,597.0,89.0,1.701851852,6.6,4.939622642,41883,435303.7,751187.5,24.88,89.36,20,1,1.2246467991473532e-16,-1.0,0,0,1,0,0,0,0,0,0,0,0,0,0,0,0,0,0,0,0,0,0,0,0,0,0,0,0,0,0,0,0,0,0
1434,1954,7,32.0,26.1,501.0,89.0,1.577777778,7.0,4.435849057,41883,435303.7,751187.5,24.88,89.36,20,1,-0.4999999999999997,-0.8660254037844388,0,0,1,0,0,0,0,0,0,0,0,0,0,0,0,0,0,0,0,0,0,0,0,0,0,0,0,0,0,0,0,0,0
1446,1955,7,32.0,26.1,504.0,89.0,1.577777778,6.8,4.435849057,41883,435303.7,751187.5,24.88,89.36,20,1,-0.4999999999999997,-0.8660254037844388,0,0,1,0,0,0,0,0,0,0,0,0,0,0,0,0,0,0,0,0,0,0,0,0,0,0,0,0,0,0,0,0,0
1447,1955,8,32.2,26.2,505.0,89.0,1.424074074,6.6,5.001886792,41883,435303.7,751187.5,24.88,89.36,20,1,-0.8660254037844385,-0.5000000000000004,0,0,1,0,0,0,0,0,0,0,0,0,0,0,0,0,0,0,0,0,0,0,0,0,0,0,0,0,0,0,0,0,0
1448,1955,9,32.5,25.6,332.0,86.0,1.205555556,5.8,5.447169811,41883,435303.7,751187.5,24.88,89.36,20,1,-1.0,-1.8369701987210297e-16,0,0,1,0,0,0,0,0,0,0,0,0,0,0,0,0,0,0,0,0,0,0,0,0,0,0,0,0,0,0,0,0,0
1457,1956,6,37.8,25.3,467.0,88.0,1.701851852,6.6,4.939622642,41883,435303.7,751187.5,24.88,89.36,20,1,1.2246467991473532e-16,-1.0,0,0,1,0,0,0,0,0,0,0,0,0,0,0,0,0,0,0,0,0,0,0,0,0,0,0,0,0,0,0,0,0,0
1459,1956,8,32.2,26.2,515.0,87.0,1.424074074,6.2,5.001886792,41883,435303.7,751187.5,24.88,89.36,20,1,-0.8660254037844385,-0.5000000000000004,0,0,1,0,0,0,0,0,0,0,0,0,0,0,0,0,0,0,0,0,0,0,0,0,0,0,0,0,0,0,0,0,0
1470,1957,7,32.0,26.1,490.0,87.0,1.577777778,6.0,4.435849057,41883,435303.7,751187.5,24.88,89.36,20,1,-0.4999999999999997,-0.8660254037844388,0,0,1,0,0,0,0,0,0,0,0,0,0,0,0,0,0,0,0,0,0,0,0,0,0,0,0,0,0,0,0,0,0
1482,1958,7,37.8,26.7,372.0,83.0,1.577777778,5.5,4.435849057,41883,435303.7,751187.5,24.88,89.36,20,1,-0.4999999999999997,-0.8660254037844388,0,0,1,0,0,0,0,0,0,0,0,0,0,0,0,0,0,0,0,0,0,0,0,0,0,0,0,0,0,0,0,0,0
1483,1958,8,34.7,26.1,442.0,88.0,1.424074074,6.2,5.001886792,41883,435303.7,751187.5,24.88,89.36,20,1,-0.8660254037844385,-0.5000000000000004,0,0,1,0,0,0,0,0,0,0,0,0,0,0,0,0,0,0,0,0,0,0,0,0,0,0,0,0,0,0,0,0,0
1484,1958,9,33.4,26.5,303.0,85.0,1.205555556,5.0,5.447169811,41883,435303.7,751187.5,24.88,89.36,20,1,-1.0,-1.8369701987210297e-16,0,0,1,0,0,0,0,0,0,0,0,0,0,0,0,0,0,0,0,0,0,0,0,0,0,0,0,0,0,0,0,0,0
1495,1959,8,34.1,26.2,722.0,87.0,1.424074074,6.1,5.001886792,41883,435303.7,751187.5,24.88,89.36,20,1,-0.8660254037844385,-0.5000000000000004,0,0,1,0,0,0,0,0,0,0,0,0,0,0,0,0,0,0,0,0,0,0,0,0,0,0,0,0,0,0,0,0,0
1497,1959,10,32.2,23.3,633.0,88.0,0.809259259,4.3,7.4,41883,435303.7,751187.5,24.88,89.36,20,1,-0.8660254037844386,0.5000000000000001,0,0,1,0,0,0,0,0,0,0,0,0,0,0,0,0,0,0,0,0,0,0,0,0,0,0,0,0,0,0,0,0,0
1508,1960,9,42.6,25.9,406.0,90.0,1.0,6.1,5.447169811,41883,435303.7,751187.5,24.88,89.36,20,1,-1.0,-1.8369701987210297e-16,0,0,1,0,0,0,0,0,0,0,0,0,0,0,0,0,0,0,0,0,0,0,0,0,0,0,0,0,0,0,0,0,0
1519,1961,8,34.2,26.3,492.0,89.0,1.0,5.9,5.9,41883,435303.7,751187.5,24.88,89.36,20,1,-0.8660254037844385,-0.5000000000000004,0,0,1,0,0,0,0,0,0,0,0,0,0,0,0,0,0,0,0,0,0,0,0,0,0,0,0,0,0,0,0,0,0
1542,1963,7,33.9,26.5,457.0,88.0,1.6,6.6,5.3,41883,435303.7,751187.5,24.88,89.36,20,1,-0.4999999999999997,-0.8660254037844388,0,0,1,0,0,0,0,0,0,0,0,0,0,0,0,0,0,0,0,0,0,0,0,0,0,0,0,0,0,0,0,0,0
1554,1964,7,32.9,25.7,461.0,88.0,1.8,6.8,3.4,41883,435303.7,751187.5,24.88,89.36,20,1,-0.4999999999999997,-0.8660254037844388,0,0,1,0,0,0,0,0,0,0,0,0,0,0,0,0,0,0,0,0,0,0,0,0,0,0,0,0,0,0,0,0,0
1566,1965,7,33.4,26.0,546.0,87.0,1.5,6.3,4.1,41883,435303.7,751187.5,24.88,89.36,20,1,-0.4999999999999997,-0.8660254037844388,0,0,1,0,0,0,0,0,0,0,0,0,0,0,0,0,0,0,0,0,0,0,0,0,0,0,0,0,0,0,0,0,0
1567,1965,8,33.9,25.5,458.0,87.0,1.5,6.3,3.7,41883,435303.7,751187.5,24.88,89.36,20,1,-0.8660254037844385,-0.5000000000000004,0,0,1,0,0,0,0,0,0,0,0,0,0,0,0,0,0,0,0,0,0,0,0,0,0,0,0,0,0,0,0,0,0
1579,1966,8,33.7,26.1,342.0,86.0,1.0,5.9,3.3,41883,435303.7,751187.5,24.88,89.36,20,1,-0.8660254037844385,-0.5000000000000004,0,0,1,0,0,0,0,0,0,0,0,0,0,0,0,0,0,0,0,0,0,0,0,0,0,0,0,0,0,0,0,0,0
1590,1967,7,33.3,25.7,400.0,86.0,1.6,6.1,5.1,41883,435303.7,751187.5,24.88,89.36,20,1,-0.4999999999999997,-0.8660254037844388,0,0,1,0,0,0,0,0,0,0,0,0,0,0,0,0,0,0,0,0,0,0,0,0,0,0,0,0,0,0,0,0,0
1601,1968,6,33.4,25.2,422.0,85.0,1.8,5.7,5.8,41883,435303.7,751187.5,24.88,89.36,20,1,1.2246467991473532e-16,-1.0,0,0,1,0,0,0,0,0,0,0,0,0,0,0,0,0,0,0,0,0,0,0,0,0,0,0,0,0,0,0,0,0,0
1602,1968,7,32.9,26.2,549.0,86.0,1.5,6.1,4.7,41883,435303.7,751187.5,24.88,89.36,20,1,-0.4999999999999997,-0.8660254037844388,0,0,1,0,0,0,0,0,0,0,0,0,0,0,0,0,0,0,0,0,0,0,0,0,0,0,0,0,0,0,0,0,0
1615,1969,8,32.8,25.6,433.0,88.0,1.3,6.3,3.4,41883,435303.7,751187.5,24.88,89.36,20,1,-0.8660254037844385,-0.5000000000000004,0,0,1,0,0,0,0,0,0,0,0,0,0,0,0,0,0,0,0,0,0,0,0,0,0,0,0,0,0,0,0,0,0
1616,1969,9,37.8,25.5,357.0,86.0,1.1,4.9,6.0,41883,435303.7,751187.5,24.88,89.36,20,1,-1.0,-1.8369701987210297e-16,0,0,1,0,0,0,0,0,0,0,0,0,0,0,0,0,0,0,0,0,0,0,0,0,0,0,0,0,0,0,0,0,0
1625,1970,6,37.8,25.7,506.0,86.0,1.3,6.1,3.7,41883,435303.7,751187.5,24.88,89.36,20,1,1.2246467991473532e-16,-1.0,0,0,1,0,0,0,0,0,0,0,0,0,0,0,0,0,0,0,0,0,0,0,0,0,0,0,0,0,0,0,0,0,0
1626,1970,7,33.9,26.1,629.0,88.0,1.4,6.7,3.8,41883,435303.7,751187.5,24.88,89.36,20,1,-0.4999999999999997,-0.8660254037844388,0,0,1,0,0,0,0,0,0,0,0,0,0,0,0,0,0,0,0,0,0,0,0,0,0,0,0,0,0,0,0,0,0
1638,1971,7,34.4,25.1,353.0,86.0,1.7,6.7,5.7,41883,435303.7,751187.5,24.88,89.36,20,1,-0.4999999999999997,-0.8660254037844388,0,0,1,0,0,0,0,0,0,0,0,0,0,0,0,0,0,0,0,0,0,0,0,0,0,0,0,0,0,0,0,0,0
1640,1971,9,34.4,24.3,392.0,86.0,1.6,6.0,6.3,41883,435303.7,751187.5,24.88,89.36,20,1,-1.0,-1.8369701987210297e-16,0,0,1,0,0,0,0,0,0,0,0,0,0,0,0,0,0,0,0,0,0,0,0,0,0,0,0,0,0,0,0,0,0
1650,1972,7,36.7,26.2,307.0,85.0,1.1,5.9,5.0,41883,435303.7,751187.5,24.88,89.36,20,1,-0.4999999999999997,-0.8660254037844388,0,0,1,0,0,0,0,0,0,0,0,0,0,0,0,0,0,0,0,0,0,0,0,0,0,0,0,0,0,0,0,0,0
1661,1973,6,34.2,25.4,835.0,88.0,0.9,5.7,4.0,41883,435303.7,751187.5,24.88,89.36,20,1,1.2246467991473532e-16,-1.0,0,0,1,0,0,0,0,0,0,0,0,0,0,0,0,0,0,0,0,0,0,0,0,0,0,0,0,0,0,0,0,0,0
1664,1973,9,32.9,25.6,584.0,88.0,1.0,5.5,5.8,41883,435303.7,751187.5,24.88,89.36,20,1,-1.0,-1.8369701987210297e-16,0,0,1,0,0,0,0,0,0,0,0,0,0,0,0,0,0,0,0,0,0,0,0,0,0,0,0,0,0,0,0,0,0
1674,1974,7,37.8,25.1,474.0,90.0,1.2,6.5,2.8,41883,435303.7,751187.5,24.88,89.36,20,1,-0.4999999999999997,-0.8660254037844388,0,0,1,0,0,0,0,0,0,0,0,0,0,0,0,0,0,0,0,0,0,0,0,0,0,0,0,0,0,0,0,0,0
1675,1974,8,35.0,26.4,416.0,85.0,1.6,5.5,5.0,41883,435303.7,751187.5,24.88,89.36,20,1,-0.8660254037844385,-0.5000000000000004,0,0,1,0,0,0,0,0,0,0,0,0,0,0,0,0,0,0,0,0,0,0,0,0,0,0,0,0,0,0,0,0,0
1686,1975,7,34.8,25.3,490.0,90.0,1.4,6.0,4.5,41883,435303.7,751187.5,24.88,89.36,20,1,-0.4999999999999997,-0.8660254037844388,0,0,1,0,0,0,0,0,0,0,0,0,0,0,0,0,0,0,0,0,0,0,0,0,0,0,0,0,0,0,0,0,0
1698,1976,7,33.8,26.1,429.0,85.0,1.3,4.9,6.6,41883,435303.7,751187.5,24.88,89.36,20,1,-0.4999999999999997,-0.8660254037844388,0,0,1,0,0,0,0,0,0,0,0,0,0,0,0,0,0,0,0,0,0,0,0,0,0,0,0,0,0,0,0,0,0
1699,1976,8,32.8,25.4,453.0,89.0,1.2,5.5,5.2,41883,435303.7,751187.5,24.88,89.36,20,1,-0.8660254037844385,-0.5000000000000004,0,0,1,0,0,0,0,0,0,0,0,0,0,0,0,0,0,0,0,0,0,0,0,0,0,0,0,0,0,0,0,0,0
1721,1978,6,33.6,25.0,654.0,85.0,1.5,5.9,4.8,41883,435303.7,751187.5,24.88,89.36,20,1,1.2246467991473532e-16,-1.0,0,0,1,0,0,0,0,0,0,0,0,0,0,0,0,0,0,0,0,0,0,0,0,0,0,0,0,0,0,0,0,0,0
1734,1979,7,36.8,25.9,725.0,89.0,1.6,6.3,3.6,41883,435303.7,751187.5,24.88,89.36,20,1,-0.4999999999999997,-0.8660254037844388,0,0,1,0,0,0,0,0,0,0,0,0,0,0,0,0,0,0,0,0,0,0,0,0,0,0,0,0,0,0,0,0,0
1735,1979,8,36.3,26.4,641.0,85.0,1.6,5.9,5.4,41883,435303.7,751187.5,24.88,89.36,20,1,-0.8660254037844385,-0.5000000000000004,0,0,1,0,0,0,0,0,0,0,0,0,0,0,0,0,0,0,0,0,0,0,0,0,0,0,0,0,0,0,0,0,0
1736,1979,9,35.3,25.6,463.0,85.0,1.0,4.7,7.0,41883,435303.7,751187.5,24.88,89.36,20,1,-1.0,-1.8369701987210297e-16,0,0,1,0,0,0,0,0,0,0,0,0,0,0,0,0,0,0,0,0,0,0,0,0,0,0,0,0,0,0,0,0,0
1746,1980,7,34.3,26.1,410.0,87.0,1.4,5.7,4.8,41883,435303.7,751187.5,24.88,89.36,20,1,-0.4999999999999997,-0.8660254037844388,0,0,1,0,0,0,0,0,0,0,0,0,0,0,0,0,0,0,0,0,0,0,0,0,0,0,0,0,0,0,0,0,0
1758,1981,7,33.9,26.0,379.0,87.0,1.4,6.4,3.6,41883,435303.7,751187.5,24.88,89.36,20,1,-0.4999999999999997,-0.8660254037844388,0,0,1,0,0,0,0,0,0,0,0,0,0,0,0,0,0,0,0,0,0,0,0,0,0,0,0,0,0,0,0,0,0
1770,1982,7,36.0,26.3,360.0,86.0,1.4,5.6,3.6,41883,435303.7,751187.5,24.88,89.36,20,1,-0.4999999999999997,-0.8660254037844388,0,0,1,0,0,0,0,0,0,0,0,0,0,0,0,0,0,0,0,0,0,0,0,0,0,0,0,0,0,0,0,0,0
1780,1983,5,36.3,23.4,355.0,80.0,1.3,3.6,7.2,41883,435303.7,751187.5,24.88,89.36,20,1,0.49999999999999994,-0.8660254037844387,0,0,1,0,0,0,0,0,0,0,0,0,0,0,0,0,0,0,0,0,0,0,0,0,0,0,0,0,0,0,0,0,0
1785,1983,10,34.4,23.5,378.0,84.0,0.8,3.4,6.0,41883,435303.7,751187.5,24.88,89.36,20,1,-0.8660254037844386,0.5000000000000001,0,0,1,0,0,0,0,0,0,0,0,0,0,0,0,0,0,0,0,0,0,0,0,0,0,0,0,0,0,0,0,0,0
1793,1984,6,37.5,25.2,539.0,87.0,1.7,5.4,4.0,41883,435303.7,751187.5,24.88,89.36,20,1,1.2246467991473532e-16,-1.0,0,0,1,0,0,0,0,0,0,0,0,0,0,0,0,0,0,0,0,0,0,0,0,0,0,0,0,0,0,0,0,0,0
1794,1984,7,32.7,25.6,431.0,88.0,1.5,5.7,4.1,41883,435303.7,751187.5,24.88,89.36,20,1,-0.4999999999999997,-0.8660254037844388,0,0,1,0,0,0,0,0,0,0,0,0,0,0,0,0,0,0,0,0,0,0,0,0,0,0,0,0,0,0,0,0,0
1796,1984,9,34.5,25.0,404.0,86.0,1.2,4.9,5.5,41883,435303.7,751187.5,24.88,89.36,20,1,-1.0,-1.8369701987210297e-16,0,0,1,0,0,0,0,0,0,0,0,0,0,0,0,0,0,0,0,0,0,0,0,0,0,0,0,0,0,0,0,0,0
1805,1985,6,35.4,25.6,459.0,86.0,1.6,5.0,5.0,41883,435303.7,751187.5,24.88,89.36,20,1,1.2246467991473532e-16,-1.0,0,0,1,0,0,0,0,0,0,0,0,0,0,0,0,0,0,0,0,0,0,0,0,0,0,0,0,0,0,0,0,0,0
1808,1985,9,35.0,25.0,365.0,88.0,1.1,5.0,5.3,41883,435303.7,751187.5,24.88,89.36,20,1,-1.0,-1.8369701987210297e-16,0,0,1,0,0,0,0,0,0,0,0,0,0,0,0,0,0,0,0,0,0,0,0,0,0,0,0,0,0,0,0,0,0
1818,1986,7,33.8,25.4,446.0,89.0,1.2,5.8,3.9,41883,435303.7,751187.5,24.88,89.36,20,1,-0.4999999999999997,-0.8660254037844388,0,0,1,0,0,0,0,0,0,0,0,0,0,0,0,0,0,0,0,0,0,0,0,0,0,0,0,0,0,0,0,0,0
1820,1986,9,35.0,24.5,462.0,88.0,1.1,5.4,3.9,41883,435303.7,751187.5,24.88,89.36,20,1,-1.0,-1.8369701987210297e-16,0,0,1,0,0,0,0,0,0,0,0,0,0,0,0,0,0,0,0,0,0,0,0,0,0,0,0,0,0,0,0,0,0
1821,1986,10,32.3,21.8,467.0,85.0,0.6,3.3,6.5,41883,435303.7,751187.5,24.88,89.36,20,1,-0.8660254037844386,0.5000000000000001,0,0,1,0,0,0,0,0,0,0,0,0,0,0,0,0,0,0,0,0,0,0,0,0,0,0,0,0,0,0,0,0,0
1830,1987,7,35.7,26.0,525.0,90.0,1.6,6.1,2.6,41883,435303.7,751187.5,24.88,89.36,20,1,-0.4999999999999997,-0.8660254037844388,0,0,1,0,0,0,0,0,0,0,0,0,0,0,0,0,0,0,0,0,0,0,0,0,0,0,0,0,0,0,0,0,0
1831,1987,8,35.4,25.9,623.0,88.0,1.5,5.9,4.1,41883,435303.7,751187.5,24.88,89.36,20,1,-0.8660254037844385,-0.5000000000000004,0,0,1,0,0,0,0,0,0,0,0,0,0,0,0,0,0,0,0,0,0,0,0,0,0,0,0,0,0,0,0,0,0
1841,1988,6,37.7,25.4,756.0,86.0,2.1,5.6,4.3,41883,435303.7,751187.5,24.88,89.36,20,1,1.2246467991473532e-16,-1.0,0,0,1,0,0,0,0,0,0,0,0,0,0,0,0,0,0,0,0,0,0,0,0,0,0,0,0,0,0,0,0,0,0
1842,1988,7,34.5,26.2,486.0,87.0,1.5,6.2,3.9,41883,435303.7,751187.5,24.88,89.36,20,1,-0.4999999999999997,-0.8660254037844388,0,0,1,0,0,0,0,0,0,0,0,0,0,0,0,0,0,0,0,0,0,0,0,0,0,0,0,0,0,0,0,0,0
1854,1989,7,35.0,25.8,594.0,87.0,1.8,6.1,3.7,41883,435303.7,751187.5,24.88,89.36,20,1,-0.4999999999999997,-0.8660254037844388,0,0,1,0,0,0,0,0,0,0,0,0,0,0,0,0,0,0,0,0,0,0,0,0,0,0,0,0,0,0,0,0,0
1865,1990,6,35.0,25.7,378.0,87.0,2.3,5.5,4.6,41883,435303.7,751187.5,24.88,89.36,20,1,1.2246467991473532e-16,-1.0,0,0,1,0,0,0,0,0,0,0,0,0,0,0,0,0,0,0,0,0,0,0,0,0,0,0,0,0,0,0,0,0,0
1866,1990,7,34.0,25.9,499.0,90.0,1.6,6.1,3.5,41883,435303.7,751187.5,24.88,89.36,20,1,-0.4999999999999997,-0.8660254037844388,0,0,1,0,0,0,0,0,0,0,0,0,0,0,0,0,0,0,0,0,0,0,0,0,0,0,0,0,0,0,0,0,0
1868,1990,9,36.5,25.7,320.0,89.0,1.4,5.8,5.5,41883,435303.7,751187.5,24.88,89.36,20,1,-1.0,-1.8369701987210297e-16,0,0,1,0,0,0,0,0,0,0,0,0,0,0,0,0,0,0,0,0,0,0,0,0,0,0,0,0,0,0,0,0,0
1876,1991,5,38.0,22.7,416.0,88.0,2.3,6.3,4.0,41883,435303.7,751187.5,24.88,89.36,20,1,0.49999999999999994,-0.8660254037844387,0,0,1,0,0,0,0,0,0,0,0,0,0,0,0,0,0,0,0,0,0,0,0,0,0,0,0,0,0,0,0,0,0
1878,1991,7,35.1,26.1,404.0,86.0,1.9,6.0,4.3,41883,435303.7,751187.5,24.88,89.36,20,1,-0.4999999999999997,-0.8660254037844388,0,0,1,0,0,0,0,0,0,0,0,0,0,0,0,0,0,0,0,0,0,0,0,0,0,0,0,0,0,0,0,0,0
1880,1991,9,34.0,24.9,733.0,91.0,1.0,6.2,3.1,41883,435303.7,751187.5,24.88,89.36,20,1,-1.0,-1.8369701987210297e-16,0,0,1,0,0,0,0,0,0,0,0,0,0,0,0,0,0,0,0,0,0,0,0,0,0,0,0,0,0,0,0,0,0
1892,1992,9,35.6,25.3,424.0,85.0,1.5,4.2,6.5,41883,435303.7,751187.5,24.88,89.36,20,1,-1.0,-1.8369701987210297e-16,0,0,1,0,0,0,0,0,0,0,0,0,0,0,0,0,0,0,0,0,0,0,0,0,0,0,0,0,0,0,0,0,0
1901,1993,6,35.4,25.0,466.0,87.0,2.3,5.8,4.9,41883,435303.7,751187.5,24.88,89.36,20,1,1.2246467991473532e-16,-1.0,0,0,1,0,0,0,0,0,0,0,0,0,0,0,0,0,0,0,0,0,0,0,0,0,0,0,0,0,0,0,0,0,0
1902,1993,7,34.6,26.1,432.0,86.0,1.9,5.7,5.3,41883,435303.7,751187.5,24.88,89.36,20,1,-0.4999999999999997,-0.8660254037844388,0,0,1,0,0,0,0,0,0,0,0,0,0,0,0,0,0,0,0,0,0,0,0,0,0,0,0,0,0,0,0,0,0
1925,1995,6,37.5,26.6,475.0,86.0,1.8,6.2,3.6,41883,435303.7,751187.5,24.88,89.36,20,1,1.2246467991473532e-16,-1.0,0,0,1,0,0,0,0,0,0,0,0,0,0,0,0,0,0,0,0,0,0,0,0,0,0,0,0,0,0,0,0,0,0
1926,1995,7,33.5,26.1,534.0,87.0,1.9,6.7,4.1,41883,435303.7,751187.5,24.88,89.36,20,1,-0.4999999999999997,-0.8660254037844388,0,0,1,0,0,0,0,0,0,0,0,0,0,0,0,0,0,0,0,0,0,0,0,0,0,0,0,0,0,0,0,0,0
1927,1995,8,34.5,26.4,432.0,86.0,1.5,6.1,4.1,41883,435303.7,751187.5,24.88,89.36,20,1,-0.8660254037844385,-0.5000000000000004,0,0,1,0,0,0,0,0,0,0,0,0,0,0,0,0,0,0,0,0,0,0,0,0,0,0,0,0,0,0,0,0,0
1928,1995,9,35.5,26.1,471.0,85.0,1.3,6.0,4.4,41883,435303.7,751187.5,24.88,89.36,20,1,-1.0,-1.8369701987210297e-16,0,0,1,0,0,0,0,0,0,0,0,0,0,0,0,0,0,0,0,0,0,0,0,0,0,0,0,0,0,0,0,0,0
1935,1996,4,39.0,23.0,401.0,69.0,1.1,2.6,8.4,41883,435303.7,751187.5,24.88,89.36,20,1,0.8660254037844387,-0.4999999999999998,0,0,1,0,0,0,0,0,0,0,0,0,0,0,0,0,0,0,0,0,0,0,0,0,0,0,0,0,0,0,0,0,0
1938,1996,7,35.2,26.5,338.0,86.0,1.4,6.5,3.7,41883,435303.7,751187.5,24.88,89.36,20,1,-0.4999999999999997,-0.8660254037844388,0,0,1,0,0,0,0,0,0,0,0,0,0,0,0,0,0,0,0,0,0,0,0,0,0,0,0,0,0,0,0,0,0
1940,1996,9,36.7,26.2,335.0,86.0,0.6,4.9,5.8,41883,435303.7,751187.5,24.88,89.36,20,1,-1.0,-1.8369701987210297e-16,0,0,1,0,0,0,0,0,0,0,0,0,0,0,0,0,0,0,0,0,0,0,0,0,0,0,0,0,0,0,0,0,0
1962,1998,7,35.0,26.5,749.0,89.0,1.2,7.0,2.8,41883,435303.7,751187.5,24.88,89.36,20,1,-0.4999999999999997,-0.8660254037844388,0,0,1,0,0,0,0,0,0,0,0,0,0,0,0,0,0,0,0,0,0,0,0,0,0,0,0,0,0,0,0,0,0
1963,1998,8,35.0,26.6,563.0,89.0,0.8,7.1,3.5,41883,435303.7,751187.5,24.88,89.36,20,1,-0.8660254037844385,-0.5000000000000004,0,0,1,0,0,0,0,0,0,0,0,0,0,0,0,0,0,0,0,0,0,0,0,0,0,0,0,0,0,0,0,0,0
1965,1998,10,36.2,24.4,353.0,86.0,0.5,4.0,6.6,41883,435303.7,751187.5,24.88,89.36,20,1,-0.8660254037844386,0.5000000000000001,0,0,1,0,0,0,0,0,0,0,0,0,0,0,0,0,0,0,0,0,0,0,0,0,0,0,0,0,0,0,0,0,0
1974,1999,7,35.8,26.3,343.0,87.0,1.1,6.5,4.7,41883,435303.7,751187.5,24.88,89.36,20,1,-0.4999999999999997,-0.8660254037844388,0,0,1,0,0,0,0,0,0,0,0,0,0,0,0,0,0,0,0,0,0,0,0,0,0,0,0,0,0,0,0,0,0
1975,1999,8,35.0,26.3,429.0,87.0,1.1,6.6,3.4,41883,435303.7,751187.5,24.88,89.36,20,1,-0.8660254037844385,-0.5000000000000004,0,0,1,0,0,0,0,0,0,0,0,0,0,0,0,0,0,0,0,0,0,0,0,0,0,0,0,0,0,0,0,0,0
1988,2000,9,36.2,25.2,466.0,87.0,0.8,5.6,4.6,41883,435303.7,751187.5,24.88,89.36,20,1,-1.0,-1.8369701987210297e-16,0,0,1,0,0,0,0,0,0,0,0,0,0,0,0,0,0,0,0,0,0,0,0,0,0,0,0,0,0,0,0,0,0
2000,2001,9,35.2,26.1,344.0,86.0,0.5,5.1,4.7,41883,435303.7,751187.5,24.88,89.36,20,1,-1.0,-1.8369701987210297e-16,0,0,1,0,0,0,0,0,0,0,0,0,0,0,0,0,0,0,0,0,0,0,0,0,0,0,0,0,0,0,0,0,0
2010,2002,7,35.2,26.1,476.0,90.0,0.7,6.9,2.1,41883,435303.7,751187.5,24.88,89.36,20,1,-0.4999999999999997,-0.8660254037844388,0,0,1,0,0,0,0,0,0,0,0,0,0,0,0,0,0,0,0,0,0,0,0,0,0,0,0,0,0,0,0,0,0
2011,2002,8,35.2,26.5,496.0,87.0,0.8,6.0,5.9,41883,435303.7,751187.5,24.88,89.36,20,1,-0.8660254037844385,-0.5000000000000004,0,0,1,0,0,0,0,0,0,0,0,0,0,0,0,0,0,0,0,0,0,0,0,0,0,0,0,0,0,0,0,0,0
2021,2003,6,36.2,25.7,364.0,85.0,1.4,6.1,4.3,41883,435303.7,751187.5,24.88,89.36,20,1,1.2246467991473532e-16,-1.0,0,0,1,0,0,0,0,0,0,0,0,0,0,0,0,0,0,0,0,0,0,0,0,0,0,0,0,0,0,0,0,0,0
2033,2004,6,36.0,25.0,638.0,84.0,0.9,5.6,4.7,41883,435303.7,751187.5,24.88,89.36,20,1,1.2246467991473532e-16,-1.0,0,0,1,0,0,0,0,0,0,0,0,0,0,0,0,0,0,0,0,0,0,0,0,0,0,0,0,0,0,0,0,0,0
2034,2004,7,34.2,25.8,529.0,86.0,1.3,6.2,3.8,41883,435303.7,751187.5,24.88,89.36,20,1,-0.4999999999999997,-0.8660254037844388,0,0,1,0,0,0,0,0,0,0,0,0,0,0,0,0,0,0,0,0,0,0,0,0,0,0,0,0,0,0,0,0,0
2046,2005,7,34.5,26.2,471.0,84.0,1.2,5.6,4.0,41883,435303.7,751187.5,24.88,89.36,20,1,-0.4999999999999997,-0.8660254037844388,0,0,1,0,0,0,0,0,0,0,0,0,0,0,0,0,0,0,0,0,0,0,0,0,0,0,0,0,0,0,0,0,0
2048,2005,9,36.6,26.2,356.0,83.0,0.8,4.7,5.5,41883,435303.7,751187.5,24.88,89.36,20,1,-1.0,-1.8369701987210297e-16,0,0,1,0,0,0,0,0,0,0,0,0,0,0,0,0,0,0,0,0,0,0,0,0,0,0,0,0,0,0,0,0,0
2049,2005,10,34.2,23.5,523.0,85.0,0.7,4.6,4.8,41883,435303.7,751187.5,24.88,89.36,20,1,-0.8660254037844386,0.5000000000000001,0,0,1,0,0,0,0,0,0,0,0,0,0,0,0,0,0,0,0,0,0,0,0,0,0,0,0,0,0,0,0,0,0
2069,2007,6,38.2,25.4,732.0,84.0,1.1,5.9,4.4,41883,435303.7,751187.5,24.88,89.36,20,1,1.2246467991473532e-16,-1.0,0,0,1,0,0,0,0,0,0,0,0,0,0,0,0,0,0,0,0,0,0,0,0,0,0,0,0,0,0,0,0,0,0
2072,2007,9,36.0,26.1,302.0,83.0,0.8,5.1,3.8,41883,435303.7,751187.5,24.88,89.36,20,1,-1.0,-1.8369701987210297e-16,0,0,1,0,0,0,0,0,0,0,0,0,0,0,0,0,0,0,0,0,0,0,0,0,0,0,0,0,0,0,0,0,0
2081,2008,6,35.6,25.8,393.0,84.0,1.2,5.9,3.5,41883,435303.7,751187.5,24.88,89.36,20,1,1.2246467991473532e-16,-1.0,0,0,1,0,0,0,0,0,0,0,0,0,0,0,0,0,0,0,0,0,0,0,0,0,0,0,0,0,0,0,0,0,0
2082,2008,7,34.5,26.1,474.0,86.0,0.8,6.3,3.3,41883,435303.7,751187.5,24.88,89.36,20,1,-0.4999999999999997,-0.8660254037844388,0,0,1,0,0,0,0,0,0,0,0,0,0,0,0,0,0,0,0,0,0,0,0,0,0,0,0,0,0,0,0,0,0
2083,2008,8,36.3,26.4,374.0,85.0,0.8,6.0,4.0,41883,435303.7,751187.5,24.88,89.36,20,1,-0.8660254037844385,-0.5000000000000004,0,0,1,0,0,0,0,0,0,0,0,0,0,0,0,0,0,0,0,0,0,0,0,0,0,0,0,0,0,0,0,0,0
2095,2009,8,34.5,26.2,570.0,86.0,2.8,6.2,3.0,41883,435303.7,751187.5,24.88,89.36,20,1,-0.8660254037844385,-0.5000000000000004,0,0,1,0,0,0,0,0,0,0,0,0,0,0,0,0,0,0,0,0,0,0,0,0,0,0,0,0,0,0,0,0,0
2119,2011,8,37.0,26.3,606.0,86.0,3.0,6.3,4.3,41883,435303.7,751187.5,24.88,89.36,20,1,-0.8660254037844385,-0.5000000000000004,0,0,1,0,0,0,0,0,0,0,0,0,0,0,0,0,0,0,0,0,0,0,0,0,0,0,0,0,0,0,0,0,0
2132,2012,9,38.2,26.4,345.0,83.0,2.9,6.2,4.1,41883,435303.7,751187.5,24.88,89.36,20,1,-1.0,-1.8369701987210297e-16,0,0,1,0,0,0,0,0,0,0,0,0,0,0,0,0,0,0,0,0,0,0,0,0,0,0,0,0,0,0,0,0,0
2145,2013,10,35.5,23.8,200.0,83.0,2.4,4.5,4.8,41883,435303.7,751187.5,24.88,89.36,20,1,-0.8660254037844386,0.5000000000000001,0,0,1,0,0,0,0,0,0,0,0,0,0,0,0,0,0,0,0,0,0,0,0,0,0,0,0,0,0,0,0,0,0
2153,1964,6,35.0,25.9,355.5,84.95833333,4.3,3.6,3.637837838,41941,568556.9,571945.8,23.26,90.67,7,1,1.2246467991473532e-16,-1.0,0,0,0,1,0,0,0,0,0,0,0,0,0,0,0,0,0,0,0,0,0,0,0,0,0,0,0,0,0,0,0,0,0
2154,1964,7,33.3,25.5,423.875,86.45833333,3.9,4.5,3.416216216,41941,568556.9,571945.8,23.26,90.67,7,1,-0.4999999999999997,-0.8660254037844388,0,0,0,1,0,0,0,0,0,0,0,0,0,0,0,0,0,0,0,0,0,0,0,0,0,0,0,0,0,0,0,0,0
2155,1964,8,33.3,25.8,335.9375,85.66666667,4.2,4.0,3.851351351,41941,568556.9,571945.8,23.26,90.67,7,1,-0.8660254037844385,-0.5000000000000004,0,0,0,1,0,0,0,0,0,0,0,0,0,0,0,0,0,0,0,0,0,0,0,0,0,0,0,0,0,0,0,0,0
2165,1965,6,33.3,25.8,355.5,84.95833333,1.4,4.8,3.637837838,41941,568556.9,571945.8,23.26,90.67,7,1,1.2246467991473532e-16,-1.0,0,0,0,1,0,0,0,0,0,0,0,0,0,0,0,0,0,0,0,0,0,0,0,0,0,0,0,0,0,0,0,0,0
2166,1965,7,31.8,25.8,423.875,86.45833333,1.4,5.3,3.416216216,41941,568556.9,571945.8,23.26,90.67,7,1,-0.4999999999999997,-0.8660254037844388,0,0,0,1,0,0,0,0,0,0,0,0,0,0,0,0,0,0,0,0,0,0,0,0,0,0,0,0,0,0,0,0,0
2167,1965,8,31.9,25.9,335.9375,85.66666667,1.2,5.3,3.851351351,41941,568556.9,571945.8,23.26,90.67,7,1,-0.8660254037844385,-0.5000000000000004,0,0,0,1,0,0,0,0,0,0,0,0,0,0,0,0,0,0,0,0,0,0,0,0,0,0,0,0,0,0,0,0,0
2177,1966,6,35.6,26.1,353.0,87.0,4.1,6.3,3.637837838,41941,568556.9,571945.8,23.26,90.67,7,1,1.2246467991473532e-16,-1.0,0,0,0,1,0,0,0,0,0,0,0,0,0,0,0,0,0,0,0,0,0,0,0,0,0,0,0,0,0,0,0,0,0
2179,1966,8,33.3,25.9,317.0,89.0,3.2,6.6,3.851351351,41941,568556.9,571945.8,23.26,90.67,7,1,-0.8660254037844385,-0.5000000000000004,0,0,0,1,0,0,0,0,0,0,0,0,0,0,0,0,0,0,0,0,0,0,0,0,0,0,0,0,0,0,0,0,0
2187,1967,4,37.3,23.2,311.0,69.0,3.9,2.4,7.1,41941,568556.9,571945.8,23.26,90.67,7,1,0.8660254037844387,-0.4999999999999998,0,0,0,1,0,0,0,0,0,0,0,0,0,0,0,0,0,0,0,0,0,0,0,0,0,0,0,0,0,0,0,0,0
2190,1967,7,35.6,26.0,383.0,88.0,3.1,5.4,3.416216216,41941,568556.9,571945.8,23.26,90.67,7,1,-0.4999999999999997,-0.8660254037844388,0,0,0,1,0,0,0,0,0,0,0,0,0,0,0,0,0,0,0,0,0,0,0,0,0,0,0,0,0,0,0,0,0
2192,1967,9,33.3,25.7,321.0,89.0,1.6,4.7,4.289189189,41941,568556.9,571945.8,23.26,90.67,7,1,-1.0,-1.8369701987210297e-16,0,0,0,1,0,0,0,0,0,0,0,0,0,0,0,0,0,0,0,0,0,0,0,0,0,0,0,0,0,0,0,0,0
2201,1968,6,33.3,25.5,565.0,88.0,1.4,3.1,3.637837838,41941,568556.9,571945.8,23.26,90.67,7,1,1.2246467991473532e-16,-1.0,0,0,0,1,0,0,0,0,0,0,0,0,0,0,0,0,0,0,0,0,0,0,0,0,0,0,0,0,0,0,0,0,0
2202,1968,7,33.4,26.4,501.0,87.0,1.4,3.7,3.416216216,41941,568556.9,571945.8,23.26,90.67,7,1,-0.4999999999999997,-0.8660254037844388,0,0,0,1,0,0,0,0,0,0,0,0,0,0,0,0,0,0,0,0,0,0,0,0,0,0,0,0,0,0,0,0,0
2203,1968,8,33.9,26.6,657.0,87.0,1.1,3.9,3.851351351,41941,568556.9,571945.8,23.26,90.67,7,1,-0.8660254037844385,-0.5000000000000004,0,0,0,1,0,0,0,0,0,0,0,0,0,0,0,0,0,0,0,0,0,0,0,0,0,0,0,0,0,0,0,0,0
2213,1969,6,34.4,26.4,484.0,89.0,0.9,3.4,3.637837838,41941,568556.9,571945.8,23.26,90.67,7,1,1.2246467991473532e-16,-1.0,0,0,0,1,0,0,0,0,0,0,0,0,0,0,0,0,0,0,0,0,0,0,0,0,0,0,0,0,0,0,0,0,0
2214,1969,7,33.9,26.2,423.0,91.0,1.0,3.8,3.416216216,41941,568556.9,571945.8,23.26,90.67,7,1,-0.4999999999999997,-0.8660254037844388,0,0,0,1,0,0,0,0,0,0,0,0,0,0,0,0,0,0,0,0,0,0,0,0,0,0,0,0,0,0,0,0,0
2215,1969,8,33.9,25.8,367.0,90.0,1.1,4.4,3.851351351,41941,568556.9,571945.8,23.26,90.67,7,1,-0.8660254037844385,-0.5000000000000004,0,0,0,1,0,0,0,0,0,0,0,0,0,0,0,0,0,0,0,0,0,0,0,0,0,0,0,0,0,0,0,0,0
2225,1970,6,34.4,25.9,387.0,87.0,1.6,3.7,3.637837838,41941,568556.9,571945.8,23.26,90.67,7,1,1.2246467991473532e-16,-1.0,0,0,0,1,0,0,0,0,0,0,0,0,0,0,0,0,0,0,0,0,0,0,0,0,0,0,0,0,0,0,0,0,0
2226,1970,7,34.4,25.8,433.0,89.0,1.4,3.6,3.416216216,41941,568556.9,571945.8,23.26,90.67,7,1,-0.4999999999999997,-0.8660254037844388,0,0,0,1,0,0,0,0,0,0,0,0,0,0,0,0,0,0,0,0,0,0,0,0,0,0,0,0,0,0,0,0,0
2237,1971,6,33.3,25.8,347.0,84.0,1.4,4.8,3.637837838,41941,568556.9,571945.8,23.26,90.67,7,1,1.2246467991473532e-16,-1.0,0,0,0,1,0,0,0,0,0,0,0,0,0,0,0,0,0,0,0,0,0,0,0,0,0,0,0,0,0,0,0,0,0
2238,1971,7,31.8,25.8,426.0,86.0,1.4,5.3,3.416216216,41941,568556.9,571945.8,23.26,90.67,7,1,-0.4999999999999997,-0.8660254037844388,0,0,0,1,0,0,0,0,0,0,0,0,0,0,0,0,0,0,0,0,0,0,0,0,0,0,0,0,0,0,0,0,0
2239,1971,8,31.9,25.9,332.0,85.0,1.2,5.3,3.851351351,41941,568556.9,571945.8,23.26,90.67,7,1,-0.8660254037844385,-0.5000000000000004,0,0,0,1,0,0,0,0,0,0,0,0,0,0,0,0,0,0,0,0,0,0,0,0,0,0,0,0,0,0,0,0,0
2249,1972,6,33.3,25.8,347.0,84.0,1.4,4.8,3.637837838,41941,568556.9,571945.8,23.26,90.67,7,1,1.2246467991473532e-16,-1.0,0,0,0,1,0,0,0,0,0,0,0,0,0,0,0,0,0,0,0,0,0,0,0,0,0,0,0,0,0,0,0,0,0
2250,1972,7,31.8,25.8,426.0,86.0,1.4,5.3,3.416216216,41941,568556.9,571945.8,23.26,90.67,7,1,-0.4999999999999997,-0.8660254037844388,0,0,0,1,0,0,0,0,0,0,0,0,0,0,0,0,0,0,0,0,0,0,0,0,0,0,0,0,0,0,0,0,0
2251,1972,8,31.9,25.9,332.0,85.0,1.2,5.3,3.851351351,41941,568556.9,571945.8,23.26,90.67,7,1,-0.8660254037844385,-0.5000000000000004,0,0,0,1,0,0,0,0,0,0,0,0,0,0,0,0,0,0,0,0,0,0,0,0,0,0,0,0,0,0,0,0,0
2260,1973,5,33.3,23.9,454.0,79.0,2.6,3.2,5.840540541,41941,568556.9,571945.8,23.26,90.67,7,1,0.49999999999999994,-0.8660254037844387,0,0,0,1,0,0,0,0,0,0,0,0,0,0,0,0,0,0,0,0,0,0,0,0,0,0,0,0,0,0,0,0,0
2262,1973,7,34.4,25.9,489.0,86.0,2.9,3.6,3.416216216,41941,568556.9,571945.8,23.26,90.67,7,1,-0.4999999999999997,-0.8660254037844388,0,0,0,1,0,0,0,0,0,0,0,0,0,0,0,0,0,0,0,0,0,0,0,0,0,0,0,0,0,0,0,0,0
2272,1974,5,37.2,23.8,330.0,79.0,2.6,3.7,5.840540541,41941,568556.9,571945.8,23.26,90.67,7,1,0.49999999999999994,-0.8660254037844387,0,0,0,1,0,0,0,0,0,0,0,0,0,0,0,0,0,0,0,0,0,0,0,0,0,0,0,0,0,0,0,0,0
2274,1974,7,32.6,24.8,579.0,90.0,1.3,4.8,3.416216216,41941,568556.9,571945.8,23.26,90.67,7,1,-0.4999999999999997,-0.8660254037844388,0,0,0,1,0,0,0,0,0,0,0,0,0,0,0,0,0,0,0,0,0,0,0,0,0,0,0,0,0,0,0,0,0
2286,1975,7,33.3,25.0,525.0,90.0,1.6,4.6,3.416216216,41941,568556.9,571945.8,23.26,90.67,7,1,-0.4999999999999997,-0.8660254037844388,0,0,0,1,0,0,0,0,0,0,0,0,0,0,0,0,0,0,0,0,0,0,0,0,0,0,0,0,0,0,0,0,0
2299,1976,8,33.3,26.3,332.0,85.0,1.2,5.3,3.851351351,41941,568556.9,571945.8,23.26,90.67,7,1,-0.8660254037844385,-0.5000000000000004,0,0,0,1,0,0,0,0,0,0,0,0,0,0,0,0,0,0,0,0,0,0,0,0,0,0,0,0,0,0,0,0,0
2309,1977,6,33.3,25.8,347.0,84.0,1.4,4.8,3.6,41941,568556.9,571945.8,23.26,90.67,7,1,1.2246467991473532e-16,-1.0,0,0,0,1,0,0,0,0,0,0,0,0,0,0,0,0,0,0,0,0,0,0,0,0,0,0,0,0,0,0,0,0,0
2310,1977,7,31.8,25.8,426.0,86.0,1.4,5.3,3.1,41941,568556.9,571945.8,23.26,90.67,7,1,-0.4999999999999997,-0.8660254037844388,0,0,0,1,0,0,0,0,0,0,0,0,0,0,0,0,0,0,0,0,0,0,0,0,0,0,0,0,0,0,0,0,0
2321,1978,6,33.3,25.8,347.0,84.0,1.4,4.8,3.6,41941,568556.9,571945.8,23.26,90.67,7,1,1.2246467991473532e-16,-1.0,0,0,0,1,0,0,0,0,0,0,0,0,0,0,0,0,0,0,0,0,0,0,0,0,0,0,0,0,0,0,0,0,0
2322,1978,7,31.8,25.8,426.0,86.0,1.4,5.3,3.1,41941,568556.9,571945.8,23.26,90.67,7,1,-0.4999999999999997,-0.8660254037844388,0,0,0,1,0,0,0,0,0,0,0,0,0,0,0,0,0,0,0,0,0,0,0,0,0,0,0,0,0,0,0,0,0
2323,1978,8,31.9,25.9,332.0,85.0,1.2,5.3,3.7,41941,568556.9,571945.8,23.26,90.67,7,1,-0.8660254037844385,-0.5000000000000004,0,0,0,1,0,0,0,0,0,0,0,0,0,0,0,0,0,0,0,0,0,0,0,0,0,0,0,0,0,0,0,0,0
2333,1979,6,37.0,24.6,629.0,87.0,1.3,5.7,4.4,41941,568556.9,571945.8,23.26,90.67,7,1,1.2246467991473532e-16,-1.0,0,0,0,1,0,0,0,0,0,0,0,0,0,0,0,0,0,0,0,0,0,0,0,0,0,0,0,0,0,0,0,0,0
2334,1979,7,33.2,24.3,556.0,87.0,1.3,5.9,4.9,41941,568556.9,571945.8,23.26,90.67,7,1,-0.4999999999999997,-0.8660254037844388,0,0,0,1,0,0,0,0,0,0,0,0,0,0,0,0,0,0,0,0,0,0,0,0,0,0,0,0,0,0,0,0,0
2345,1980,6,33.5,25.8,347.0,84.0,1.4,4.8,4.1,41941,568556.9,571945.8,23.26,90.67,7,1,1.2246467991473532e-16,-1.0,0,0,0,1,0,0,0,0,0,0,0,0,0,0,0,0,0,0,0,0,0,0,0,0,0,0,0,0,0,0,0,0,0
2346,1980,7,32.3,25.8,426.0,86.0,1.4,5.3,3.3,41941,568556.9,571945.8,23.26,90.67,7,1,-0.4999999999999997,-0.8660254037844388,0,0,0,1,0,0,0,0,0,0,0,0,0,0,0,0,0,0,0,0,0,0,0,0,0,0,0,0,0,0,0,0,0
2347,1980,8,32.3,26.0,332.0,85.0,1.2,5.3,4.3,41941,568556.9,571945.8,23.26,90.67,7,1,-0.8660254037844385,-0.5000000000000004,0,0,0,1,0,0,0,0,0,0,0,0,0,0,0,0,0,0,0,0,0,0,0,0,0,0,0,0,0,0,0,0,0
2355,1981,4,33.6,22.0,893.0,83.0,1.1,5.0,5.8,41941,568556.9,571945.8,23.26,90.67,7,1,0.8660254037844387,-0.4999999999999998,0,0,0,1,0,0,0,0,0,0,0,0,0,0,0,0,0,0,0,0,0,0,0,0,0,0,0,0,0,0,0,0,0
2356,1981,5,33.5,23.9,599.0,83.0,0.7,5.6,5.5,41941,568556.9,571945.8,23.26,90.67,7,1,0.49999999999999994,-0.8660254037844387,0,0,0,1,0,0,0,0,0,0,0,0,0,0,0,0,0,0,0,0,0,0,0,0,0,0,0,0,0,0,0,0,0
2357,1981,6,36.0,26.0,403.0,85.0,0.9,6.0,3.1,41941,568556.9,571945.8,23.26,90.67,7,1,1.2246467991473532e-16,-1.0,0,0,0,1,0,0,0,0,0,0,0,0,0,0,0,0,0,0,0,0,0,0,0,0,0,0,0,0,0,0,0,0,0
2358,1981,7,32.4,25.7,436.0,89.0,1.2,6.7,3.0,41941,568556.9,571945.8,23.26,90.67,7,1,-0.4999999999999997,-0.8660254037844388,0,0,0,1,0,0,0,0,0,0,0,0,0,0,0,0,0,0,0,0,0,0,0,0,0,0,0,0,0,0,0,0,0
2369,1982,6,35.6,25.4,663.0,88.0,1.0,6.3,2.1,41941,568556.9,571945.8,23.26,90.67,7,1,1.2246467991473532e-16,-1.0,0,0,0,1,0,0,0,0,0,0,0,0,0,0,0,0,0,0,0,0,0,0,0,0,0,0,0,0,0,0,0,0,0
2370,1982,7,33.7,26.2,815.0,86.0,1.2,6.2,3.6,41941,568556.9,571945.8,23.26,90.67,7,1,-0.4999999999999997,-0.8660254037844388,0,0,0,1,0,0,0,0,0,0,0,0,0,0,0,0,0,0,0,0,0,0,0,0,0,0,0,0,0,0,0,0,0
2371,1982,8,33.4,26.0,839.0,88.0,1.4,6.4,3.0,41941,568556.9,571945.8,23.26,90.67,7,1,-0.8660254037844385,-0.5000000000000004,0,0,0,1,0,0,0,0,0,0,0,0,0,0,0,0,0,0,0,0,0,0,0,0,0,0,0,0,0,0,0,0,0
2379,1983,4,36.0,23.0,440.0,78.0,1.1,3.0,7.2,41941,568556.9,571945.8,23.26,90.67,7,1,0.8660254037844387,-0.4999999999999998,0,0,0,1,0,0,0,0,0,0,0,0,0,0,0,0,0,0,0,0,0,0,0,0,0,0,0,0,0,0,0,0,0
2380,1983,5,35.6,24.2,751.0,82.0,0.5,3.7,6.6,41941,568556.9,571945.8,23.26,90.67,7,1,0.49999999999999994,-0.8660254037844387,0,0,0,1,0,0,0,0,0,0,0,0,0,0,0,0,0,0,0,0,0,0,0,0,0,0,0,0,0,0,0,0,0
2383,1983,8,34.4,26.1,748.0,88.0,0.7,5.7,3.7,41941,568556.9,571945.8,23.26,90.67,7,1,-0.8660254037844385,-0.5000000000000004,0,0,0,1,0,0,0,0,0,0,0,0,0,0,0,0,0,0,0,0,0,0,0,0,0,0,0,0,0,0,0,0,0
2384,1983,9,34.1,26.3,332.0,88.0,0.4,4.7,4.4,41941,568556.9,571945.8,23.26,90.67,7,1,-1.0,-1.8369701987210297e-16,0,0,0,1,0,0,0,0,0,0,0,0,0,0,0,0,0,0,0,0,0,0,0,0,0,0,0,0,0,0,0,0,0
2385,1983,10,34.0,24.4,401.0,84.0,0.1,3.6,5.2,41941,568556.9,571945.8,23.26,90.67,7,1,-0.8660254037844386,0.5000000000000001,0,0,0,1,0,0,0,0,0,0,0,0,0,0,0,0,0,0,0,0,0,0,0,0,0,0,0,0,0,0,0,0,0
2392,1984,5,36.5,22.5,620.0,82.0,1.5,4.5,4.7,41941,568556.9,571945.8,23.26,90.67,7,1,0.49999999999999994,-0.8660254037844387,0,0,0,1,0,0,0,0,0,0,0,0,0,0,0,0,0,0,0,0,0,0,0,0,0,0,0,0,0,0,0,0,0
2393,1984,6,36.2,23.8,1151.0,88.0,1.1,6.0,2.8,41941,568556.9,571945.8,23.26,90.67,7,1,1.2246467991473532e-16,-1.0,0,0,0,1,0,0,0,0,0,0,0,0,0,0,0,0,0,0,0,0,0,0,0,0,0,0,0,0,0,0,0,0,0
2394,1984,7,33.1,23.5,615.0,87.0,1.0,5.9,3.1,41941,568556.9,571945.8,23.26,90.67,7,1,-0.4999999999999997,-0.8660254037844388,0,0,0,1,0,0,0,0,0,0,0,0,0,0,0,0,0,0,0,0,0,0,0,0,0,0,0,0,0,0,0,0,0
2395,1984,8,33.5,23.6,724.0,88.0,0.6,6.3,3.7,41941,568556.9,571945.8,23.26,90.67,7,1,-0.8660254037844385,-0.5000000000000004,0,0,0,1,0,0,0,0,0,0,0,0,0,0,0,0,0,0,0,0,0,0,0,0,0,0,0,0,0,0,0,0,0
2396,1984,9,33.7,22.8,349.0,86.0,0.3,3.9,4.3,41941,568556.9,571945.8,23.26,90.67,7,1,-1.0,-1.8369701987210297e-16,0,0,0,1,0,0,0,0,0,0,0,0,0,0,0,0,0,0,0,0,0,0,0,0,0,0,0,0,0,0,0,0,0
2402,1985,3,35.1,22.1,371.0,77.0,1.3,1.9,6.9,41941,568556.9,571945.8,23.26,90.67,7,1,1.0,6.123233995736766e-17,0,0,0,1,0,0,0,0,0,0,0,0,0,0,0,0,0,0,0,0,0,0,0,0,0,0,0,0,0,0,0,0,0
2404,1985,5,34.5,23.3,515.0,82.0,1.0,3.1,5.6,41941,568556.9,571945.8,23.26,90.67,7,1,0.49999999999999994,-0.8660254037844387,0,0,0,1,0,0,0,0,0,0,0,0,0,0,0,0,0,0,0,0,0,0,0,0,0,0,0,0,0,0,0,0,0
2406,1985,7,33.0,24.9,341.0,89.0,1.1,5.4,3.1,41941,568556.9,571945.8,23.26,90.67,7,1,-0.4999999999999997,-0.8660254037844388,0,0,0,1,0,0,0,0,0,0,0,0,0,0,0,0,0,0,0,0,0,0,0,0,0,0,0,0,0,0,0,0,0
2407,1985,8,33.5,25.2,437.0,87.0,0.8,4.9,3.7,41941,568556.9,571945.8,23.26,90.67,7,1,-0.8660254037844385,-0.5000000000000004,0,0,0,1,0,0,0,0,0,0,0,0,0,0,0,0,0,0,0,0,0,0,0,0,0,0,0,0,0,0,0,0,0
2408,1985,9,34.0,25.0,536.0,88.0,0.4,4.6,4.3,41941,568556.9,571945.8,23.26,90.67,7,1,-1.0,-1.8369701987210297e-16,0,0,0,1,0,0,0,0,0,0,0,0,0,0,0,0,0,0,0,0,0,0,0,0,0,0,0,0,0,0,0,0,0
2418,1986,7,33.8,25.9,399.0,86.0,0.9,5.3,3.1,41941,568556.9,571945.8,23.26,90.67,7,1,-0.4999999999999997,-0.8660254037844388,0,0,0,1,0,0,0,0,0,0,0,0,0,0,0,0,0,0,0,0,0,0,0,0,0,0,0,0,0,0,0,0,0
2420,1986,9,33.6,25.1,478.0,87.0,0.6,5.1,3.3,41941,568556.9,571945.8,23.26,90.67,7,1,-1.0,-1.8369701987210297e-16,0,0,0,1,0,0,0,0,0,0,0,0,0,0,0,0,0,0,0,0,0,0,0,0,0,0,0,0,0,0,0,0,0
2430,1987,7,33.5,25.8,750.0,87.0,1.1,6.2,3.1,41941,568556.9,571945.8,23.26,90.67,7,1,-0.4999999999999997,-0.8660254037844388,0,0,0,1,0,0,0,0,0,0,0,0,0,0,0,0,0,0,0,0,0,0,0,0,0,0,0,0,0,0,0,0,0
2431,1987,8,33.5,26.2,559.0,85.0,1.0,5.2,4.0,41941,568556.9,571945.8,23.26,90.67,7,1,-0.8660254037844385,-0.5000000000000004,0,0,0,1,0,0,0,0,0,0,0,0,0,0,0,0,0,0,0,0,0,0,0,0,0,0,0,0,0,0,0,0,0
2441,1988,6,34.9,26.0,355.0,84.0,1.1,5.1,3.8,41941,568556.9,571945.8,23.26,90.67,7,1,1.2246467991473532e-16,-1.0,0,0,0,1,0,0,0,0,0,0,0,0,0,0,0,0,0,0,0,0,0,0,0,0,0,0,0,0,0,0,0,0,0
2442,1988,7,33.8,26.2,340.0,85.0,1.1,5.4,3.4,41941,568556.9,571945.8,23.26,90.67,7,1,-0.4999999999999997,-0.8660254037844388,0,0,0,1,0,0,0,0,0,0,0,0,0,0,0,0,0,0,0,0,0,0,0,0,0,0,0,0,0,0,0,0,0
2453,1989,6,35.2,25.5,364.0,83.0,1.1,4.7,3.6,41941,568556.9,571945.8,23.26,90.67,7,1,1.2246467991473532e-16,-1.0,0,0,0,1,0,0,0,0,0,0,0,0,0,0,0,0,0,0,0,0,0,0,0,0,0,0,0,0,0,0,0,0,0
2465,1990,6,34.6,26.1,311.0,84.0,0.9,5.3,3.2,41941,568556.9,571945.8,23.26,90.67,7,1,1.2246467991473532e-16,-1.0,0,0,0,1,0,0,0,0,0,0,0,0,0,0,0,0,0,0,0,0,0,0,0,0,0,0,0,0,0,0,0,0,0
2466,1990,7,33.5,25.7,421.0,86.0,0.8,5.9,2.6,41941,568556.9,571945.8,23.26,90.67,7,1,-0.4999999999999997,-0.8660254037844388,0,0,0,1,0,0,0,0,0,0,0,0,0,0,0,0,0,0,0,0,0,0,0,0,0,0,0,0,0,0,0,0,0
2476,1991,5,33.5,24.0,376.0,84.0,1.6,5.2,4.0,41941,568556.9,571945.8,23.26,90.67,7,1,0.49999999999999994,-0.8660254037844387,0,0,0,1,0,0,0,0,0,0,0,0,0,0,0,0,0,0,0,0,0,0,0,0,0,0,0,0,0,0,0,0,0
2477,1991,6,33.8,25.9,419.0,86.0,0.9,5.5,2.3,41941,568556.9,571945.8,23.26,90.67,7,1,1.2246467991473532e-16,-1.0,0,0,0,1,0,0,0,0,0,0,0,0,0,0,0,0,0,0,0,0,0,0,0,0,0,0,0,0,0,0,0,0,0
2480,1991,9,33.6,25.7,387.0,87.0,0.4,5.1,2.9,41941,568556.9,571945.8,23.26,90.67,7,1,-1.0,-1.8369701987210297e-16,0,0,0,1,0,0,0,0,0,0,0,0,0,0,0,0,0,0,0,0,0,0,0,0,0,0,0,0,0,0,0,0,0
2490,1992,7,34.5,25.8,338.0,86.0,1.4,6.0,2.9,41941,568556.9,571945.8,23.26,90.67,7,1,-0.4999999999999997,-0.8660254037844388,0,0,0,1,0,0,0,0,0,0,0,0,0,0,0,0,0,0,0,0,0,0,0,0,0,0,0,0,0,0,0,0,0
2491,1992,8,34.1,25.8,335.0,85.0,1.0,5.7,3.3,41941,568556.9,571945.8,23.26,90.67,7,1,-0.8660254037844385,-0.5000000000000004,0,0,0,1,0,0,0,0,0,0,0,0,0,0,0,0,0,0,0,0,0,0,0,0,0,0,0,0,0,0,0,0,0
2500,1993,5,34.8,23.9,317.0,81.0,1.3,4.6,5.6,41941,568556.9,571945.8,23.26,90.67,7,1,0.49999999999999994,-0.8660254037844387,0,0,0,1,0,0,0,0,0,0,0,0,0,0,0,0,0,0,0,0,0,0,0,0,0,0,0,0,0,0,0,0,0
2502,1993,7,33.8,25.9,414.0,85.0,1.2,5.6,2.4,41941,568556.9,571945.8,23.26,90.67,7,1,-0.4999999999999997,-0.8660254037844388,0,0,0,1,0,0,0,0,0,0,0,0,0,0,0,0,0,0,0,0,0,0,0,0,0,0,0,0,0,0,0,0,0
2503,1993,8,33.1,26.2,448.0,85.0,1.1,5.9,2.9,41941,568556.9,571945.8,23.26,90.67,7,1,-0.8660254037844385,-0.5000000000000004,0,0,0,1,0,0,0,0,0,0,0,0,0,0,0,0,0,0,0,0,0,0,0,0,0,0,0,0,0,0,0,0,0
2511,1994,4,36.5,23.4,310.0,75.0,0.4,2.8,7.2,41941,568556.9,571945.8,23.26,90.67,7,1,0.8660254037844387,-0.4999999999999998,0,0,0,1,0,0,0,0,0,0,0,0,0,0,0,0,0,0,0,0,0,0,0,0,0,0,0,0,0,0,0,0,0
2515,1994,8,33.5,25.8,383.0,83.0,1.0,5.5,3.7,41941,568556.9,571945.8,23.26,90.67,7,1,-0.8660254037844385,-0.5000000000000004,0,0,0,1,0,0,0,0,0,0,0,0,0,0,0,0,0,0,0,0,0,0,0,0,0,0,0,0,0,0,0,0,0
2525,1995,6,34.7,26.1,358.0,83.0,0.8,5.2,3.5,41941,568556.9,571945.8,23.26,90.67,7,1,1.2246467991473532e-16,-1.0,0,0,0,1,0,0,0,0,0,0,0,0,0,0,0,0,0,0,0,0,0,0,0,0,0,0,0,0,0,0,0,0,0
2526,1995,7,33.1,25.7,403.0,84.0,1.0,6.2,3.5,41941,568556.9,571945.8,23.26,90.67,7,1,-0.4999999999999997,-0.8660254037844388,0,0,0,1,0,0,0,0,0,0,0,0,0,0,0,0,0,0,0,0,0,0,0,0,0,0,0,0,0,0,0,0,0
2527,1995,8,34.6,26.1,484.0,83.0,0.8,5.6,4.1,41941,568556.9,571945.8,23.26,90.67,7,1,-0.8660254037844385,-0.5000000000000004,0,0,0,1,0,0,0,0,0,0,0,0,0,0,0,0,0,0,0,0,0,0,0,0,0,0,0,0,0,0,0,0,0
2537,1996,6,34.8,25.5,314.0,83.0,1.0,3.3,4.5,41941,568556.9,571945.8,23.26,90.67,7,1,1.2246467991473532e-16,-1.0,0,0,0,1,0,0,0,0,0,0,0,0,0,0,0,0,0,0,0,0,0,0,0,0,0,0,0,0,0,0,0,0,0
2550,1997,7,34.1,25.9,492.0,87.0,1.1,6.1,2.6,41941,568556.9,571945.8,23.26,90.67,7,1,-0.4999999999999997,-0.8660254037844388,0,0,0,1,0,0,0,0,0,0,0,0,0,0,0,0,0,0,0,0,0,0,0,0,0,0,0,0,0,0,0,0,0
2551,1997,8,36.8,26.6,338.0,84.0,1.1,5.8,3.8,41941,568556.9,571945.8,23.26,90.67,7,1,-0.8660254037844385,-0.5000000000000004,0,0,0,1,0,0,0,0,0,0,0,0,0,0,0,0,0,0,0,0,0,0,0,0,0,0,0,0,0,0,0,0,0
2552,1997,9,33.5,25.5,421.0,86.0,0.9,5.6,3.3,41941,568556.9,571945.8,23.26,90.67,7,1,-1.0,-1.8369701987210297e-16,0,0,0,1,0,0,0,0,0,0,0,0,0,0,0,0,0,0,0,0,0,0,0,0,0,0,0,0,0,0,0,0,0
2562,1998,7,33.5,26.1,622.0,87.0,0.9,6.5,1.8,41941,568556.9,571945.8,23.26,90.67,7,1,-0.4999999999999997,-0.8660254037844388,0,0,0,1,0,0,0,0,0,0,0,0,0,0,0,0,0,0,0,0,0,0,0,0,0,0,0,0,0,0,0,0,0
2563,1998,8,33.7,26.6,336.0,86.0,0.8,6.2,2.8,41941,568556.9,571945.8,23.26,90.67,7,1,-0.8660254037844385,-0.5000000000000004,0,0,0,1,0,0,0,0,0,0,0,0,0,0,0,0,0,0,0,0,0,0,0,0,0,0,0,0,0,0,0,0,0
2574,1999,7,33.9,25.7,947.0,88.0,0.6,6.2,3.1,41941,568556.9,571945.8,23.26,90.67,7,1,-0.4999999999999997,-0.8660254037844388,0,0,0,1,0,0,0,0,0,0,0,0,0,0,0,0,0,0,0,0,0,0,0,0,0,0,0,0,0,0,0,0,0
2576,1999,9,33.0,25.1,394.0,87.0,0.4,5.4,3.4,41941,568556.9,571945.8,23.26,90.67,7,1,-1.0,-1.8369701987210297e-16,0,0,0,1,0,0,0,0,0,0,0,0,0,0,0,0,0,0,0,0,0,0,0,0,0,0,0,0,0,0,0,0,0
2584,2000,5,36.1,24.4,470.0,81.0,0.7,4.7,4.8,41941,568556.9,571945.8,23.26,90.67,7,1,0.49999999999999994,-0.8660254037844387,0,0,0,1,0,0,0,0,0,0,0,0,0,0,0,0,0,0,0,0,0,0,0,0,0,0,0,0,0,0,0,0,0
2596,2001,5,34.6,24.2,448.0,81.0,0.4,4.2,4.1,41941,568556.9,571945.8,23.26,90.67,7,1,0.49999999999999994,-0.8660254037844387,0,0,0,1,0,0,0,0,0,0,0,0,0,0,0,0,0,0,0,0,0,0,0,0,0,0,0,0,0,0,0,0,0
2597,2001,6,33.6,25.5,541.0,86.0,0.6,5.8,3.2,41941,568556.9,571945.8,23.26,90.67,7,1,1.2246467991473532e-16,-1.0,0,0,0,1,0,0,0,0,0,0,0,0,0,0,0,0,0,0,0,0,0,0,0,0,0,0,0,0,0,0,0,0,0
2598,2001,7,34.0,25.8,387.0,84.0,0.7,6.1,3.5,41941,568556.9,571945.8,23.26,90.67,7,1,-0.4999999999999997,-0.8660254037844388,0,0,0,1,0,0,0,0,0,0,0,0,0,0,0,0,0,0,0,0,0,0,0,0,0,0,0,0,0,0,0,0,0
2608,2002,5,35.7,24.5,376.0,80.0,1.0,4.7,5.5,41941,568556.9,571945.8,23.26,90.67,7,1,0.49999999999999994,-0.8660254037844387,0,0,0,1,0,0,0,0,0,0,0,0,0,0,0,0,0,0,0,0,0,0,0,0,0,0,0,0,0,0,0,0,0
2609,2002,6,34.7,25.7,549.0,85.0,0.9,6.1,3.1,41941,568556.9,571945.8,23.26,90.67,7,1,1.2246467991473532e-16,-1.0,0,0,0,1,0,0,0,0,0,0,0,0,0,0,0,0,0,0,0,0,0,0,0,0,0,0,0,0,0,0,0,0,0
2610,2002,7,34.2,26.0,477.0,86.0,0.7,6.8,1.6,41941,568556.9,571945.8,23.26,90.67,7,1,-0.4999999999999997,-0.8660254037844388,0,0,0,1,0,0,0,0,0,0,0,0,0,0,0,0,0,0,0,0,0,0,0,0,0,0,0,0,0,0,0,0,0
2611,2002,8,34.0,25.9,409.0,85.0,0.7,5.7,3.9,41941,568556.9,571945.8,23.26,90.67,7,1,-0.8660254037844385,-0.5000000000000004,0,0,0,1,0,0,0,0,0,0,0,0,0,0,0,0,0,0,0,0,0,0,0,0,0,0,0,0,0,0,0,0,0
2621,2003,6,35.6,25.9,533.0,88.0,0.6,6.0,2.1,41941,568556.9,571945.8,23.26,90.67,7,1,1.2246467991473532e-16,-1.0,0,0,0,1,0,0,0,0,0,0,0,0,0,0,0,0,0,0,0,0,0,0,0,0,0,0,0,0,0,0,0,0,0
2623,2003,8,34.7,26.3,279.0,83.0,0.5,5.4,5.2,41941,568556.9,571945.8,23.26,90.67,7,1,-0.8660254037844385,-0.5000000000000004,0,0,0,1,0,0,0,0,0,0,0,0,0,0,0,0,0,0,0,0,0,0,0,0,0,0,0,0,0,0,0,0,0
2633,2004,6,35.2,25.3,374.0,88.0,0.3,5.4,2.4,41941,568556.9,571945.8,23.26,90.67,7,1,1.2246467991473532e-16,-1.0,0,0,0,1,0,0,0,0,0,0,0,0,0,0,0,0,0,0,0,0,0,0,0,0,0,0,0,0,0,0,0,0,0
2635,2004,8,34.0,26.0,334.0,87.0,0.6,6.0,3.9,41941,568556.9,571945.8,23.26,90.67,7,1,-0.8660254037844385,-0.5000000000000004,0,0,0,1,0,0,0,0,0,0,0,0,0,0,0,0,0,0,0,0,0,0,0,0,0,0,0,0,0,0,0,0,0
2636,2004,9,33.5,25.7,845.0,89.0,0.4,6.0,4.3,41941,568556.9,571945.8,23.26,90.67,7,1,-1.0,-1.8369701987210297e-16,0,0,0,1,0,0,0,0,0,0,0,0,0,0,0,0,0,0,0,0,0,0,0,0,0,0,0,0,0,0,0,0,0
2646,2005,7,33.7,26.0,344.0,88.0,0.6,6.2,4.1,41941,568556.9,571945.8,23.26,90.67,7,1,-0.4999999999999997,-0.8660254037844388,0,0,0,1,0,0,0,0,0,0,0,0,0,0,0,0,0,0,0,0,0,0,0,0,0,0,0,0,0,0,0,0,0
2647,2005,8,33.6,26.4,318.0,89.0,0.4,6.6,3.4,41941,568556.9,571945.8,23.26,90.67,7,1,-0.8660254037844385,-0.5000000000000004,0,0,0,1,0,0,0,0,0,0,0,0,0,0,0,0,0,0,0,0,0,0,0,0,0,0,0,0,0,0,0,0,0
2649,2005,10,34.2,25.0,360.0,86.0,0.1,5.1,6.3,41941,568556.9,571945.8,23.26,90.67,7,1,-0.8660254037844386,0.5000000000000001,0,0,0,1,0,0,0,0,0,0,0,0,0,0,0,0,0,0,0,0,0,0,0,0,0,0,0,0,0,0,0,0,0
2657,2006,6,35.7,26.4,336.0,87.0,0.6,6.4,4.3,41941,568556.9,571945.8,23.26,90.67,7,1,1.2246467991473532e-16,-1.0,0,0,0,1,0,0,0,0,0,0,0,0,0,0,0,0,0,0,0,0,0,0,0,0,0,0,0,0,0,0,0,0,0
2658,2006,7,35.2,26.3,348.0,87.0,0.8,6.2,4.8,41941,568556.9,571945.8,23.26,90.67,7,1,-0.4999999999999997,-0.8660254037844388,0,0,0,1,0,0,0,0,0,0,0,0,0,0,0,0,0,0,0,0,0,0,0,0,0,0,0,0,0,0,0,0,0
2660,2006,9,34.2,25.8,410.0,86.0,0.8,5.6,5.4,41941,568556.9,571945.8,23.26,90.67,7,1,-1.0,-1.8369701987210297e-16,0,0,0,1,0,0,0,0,0,0,0,0,0,0,0,0,0,0,0,0,0,0,0,0,0,0,0,0,0,0,0,0,0
2669,2007,6,35.7,25.7,399.0,87.0,0.8,6.5,4.5,41941,568556.9,571945.8,23.26,90.67,7,1,1.2246467991473532e-16,-1.0,0,0,0,1,0,0,0,0,0,0,0,0,0,0,0,0,0,0,0,0,0,0,0,0,0,0,0,0,0,0,0,0,0
2670,2007,7,34.8,26.0,782.0,89.0,0.6,6.9,3.3,41941,568556.9,571945.8,23.26,90.67,7,1,-0.4999999999999997,-0.8660254037844388,0,0,0,1,0,0,0,0,0,0,0,0,0,0,0,0,0,0,0,0,0,0,0,0,0,0,0,0,0,0,0,0,0
2682,2008,7,34.9,25.9,649.0,89.0,0.5,7.1,2.9,41941,568556.9,571945.8,23.26,90.67,7,1,-0.4999999999999997,-0.8660254037844388,0,0,0,1,0,0,0,0,0,0,0,0,0,0,0,0,0,0,0,0,0,0,0,0,0,0,0,0,0,0,0,0,0
2683,2008,8,34.7,26.1,320.0,87.0,0.4,6.5,3.6,41941,568556.9,571945.8,23.26,90.67,7,1,-0.8660254037844385,-0.5000000000000004,0,0,0,1,0,0,0,0,0,0,0,0,0,0,0,0,0,0,0,0,0,0,0,0,0,0,0,0,0,0,0,0,0
2685,2008,10,34.7,23.8,333.0,84.0,0.4,3.6,5.1,41941,568556.9,571945.8,23.26,90.67,7,1,-0.8660254037844386,0.5000000000000001,0,0,0,1,0,0,0,0,0,0,0,0,0,0,0,0,0,0,0,0,0,0,0,0,0,0,0,0,0,0,0,0,0
2694,2009,7,35.2,25.9,431.0,87.0,2.4,6.5,4.1,41941,568556.9,571945.8,23.26,90.67,7,1,-0.4999999999999997,-0.8660254037844388,0,0,0,1,0,0,0,0,0,0,0,0,0,0,0,0,0,0,0,0,0,0,0,0,0,0,0,0,0,0,0,0,0
2695,2009,8,35.3,26.2,312.0,87.0,2.2,6.7,3.6,41941,568556.9,571945.8,23.26,90.67,7,1,-0.8660254037844385,-0.5000000000000004,0,0,0,1,0,0,0,0,0,0,0,0,0,0,0,0,0,0,0,0,0,0,0,0,0,0,0,0,0,0,0,0,0
2705,2010,6,39.7,26.3,541.0,87.0,2.6,6.4,2.6,41941,568556.9,571945.8,23.26,90.67,7,1,1.2246467991473532e-16,-1.0,0,0,0,1,0,0,0,0,0,0,0,0,0,0,0,0,0,0,0,0,0,0,0,0,0,0,0,0,0,0,0,0,0
2709,2010,10,35.7,25.3,303.0,82.0,2.4,4.8,6.5,41941,568556.9,571945.8,23.26,90.67,7,1,-0.8660254037844386,0.5000000000000001,0,0,0,1,0,0,0,0,0,0,0,0,0,0,0,0,0,0,0,0,0,0,0,0,0,0,0,0,0,0,0,0,0
2716,2011,5,36.0,24.4,424.0,82.0,2.2,6.3,6.4,41941,568556.9,571945.8,23.26,90.67,7,1,0.49999999999999994,-0.8660254037844387,0,0,0,1,0,0,0,0,0,0,0,0,0,0,0,0,0,0,0,0,0,0,0,0,0,0,0,0,0,0,0,0,0
2717,2011,6,35.5,26.0,410.0,87.0,2.3,6.5,3.1,41941,568556.9,571945.8,23.26,90.67,7,1,1.2246467991473532e-16,-1.0,0,0,0,1,0,0,0,0,0,0,0,0,0,0,0,0,0,0,0,0,0,0,0,0,0,0,0,0,0,0,0,0,0
2719,2011,8,35.2,26.0,403.0,87.0,2.1,6.5,3.3,41941,568556.9,571945.8,23.26,90.67,7,1,-0.8660254037844385,-0.5000000000000004,0,0,0,1,0,0,0,0,0,0,0,0,0,0,0,0,0,0,0,0,0,0,0,0,0,0,0,0,0,0,0,0,0
2731,2012,8,34.6,26.2,452.0,85.0,2.4,6.3,4.6,41941,568556.9,571945.8,23.26,90.67,7,1,-0.8660254037844385,-0.5000000000000004,0,0,0,1,0,0,0,0,0,0,0,0,0,0,0,0,0,0,0,0,0,0,0,0,0,0,0,0,0,0,0,0,0
2740,2013,5,35.7,24.4,670.0,86.0,3.0,6.6,3.3,41941,568556.9,571945.8,23.26,90.67,7,1,0.49999999999999994,-0.8660254037844387,0,0,0,1,0,0,0,0,0,0,0,0,0,0,0,0,0,0,0,0,0,0,0,0,0,0,0,0,0,0,0,0,0
2741,2013,6,36.4,26.3,497.0,83.0,2.3,5.1,5.4,41941,568556.9,571945.8,23.26,90.67,7,1,1.2246467991473532e-16,-1.0,0,0,0,1,0,0,0,0,0,0,0,0,0,0,0,0,0,0,0,0,0,0,0,0,0,0,0,0,0,0,0,0,0
2743,2013,8,35.2,26.2,331.0,86.0,2.4,6.3,2.6,41941,568556.9,571945.8,23.26,90.67,7,1,-0.8660254037844385,-0.5000000000000004,0,0,0,1,0,0,0,0,0,0,0,0,0,0,0,0,0,0,0,0,0,0,0,0,0,0,0,0,0,0,0,0,0
2744,2013,9,35.6,26.1,502.0,86.0,2.1,6.4,3.3,41941,568556.9,571945.8,23.26,90.67,7,1,-1.0,-1.8369701987210297e-16,0,0,0,1,0,0,0,0,0,0,0,0,0,0,0,0,0,0,0,0,0,0,0,0,0,0,0,0,0,0,0,0,0
2745,2013,10,35.0,24.5,167.0,85.0,1.9,5.1,4.0,41941,568556.9,571945.8,23.26,90.67,7,1,-0.8660254037844386,0.5000000000000001,0,0,0,1,0,0,0,0,0,0,0,0,0,0,0,0,0,0,0,0,0,0,0,0,0,0,0,0,0,0,0,0,0
2753,2009,6,34.83333333,25.8,742.0,85.66666667,3.666666667,5.5,6.411130628,41977,0.0,0.0,22.35,91.8166,0,1,1.2246467991473532e-16,-1.0,0,0,0,0,1,0,0,0,0,0,0,0,0,0,0,0,0,0,0,0,0,0,0,0,0,0,0,0,0,0,0,0,0
2754,2009,7,34.3,25.63333333,555.3333333,85.66666667,3.633333333,6.4,6.411130628,41977,0.0,0.0,22.35,91.8166,0,1,-0.4999999999999997,-0.8660254037844388,0,0,0,0,1,0,0,0,0,0,0,0,0,0,0,0,0,0,0,0,0,0,0,0,0,0,0,0,0,0,0,0,0
2755,2009,8,33.93333333,25.26666667,430.3333333,86.0,3.566666667,6.3,6.411130628,41977,0.0,0.0,22.35,91.8166,0,1,-0.8660254037844385,-0.5000000000000004,0,0,0,0,1,0,0,0,0,0,0,0,0,0,0,0,0,0,0,0,0,0,0,0,0,0,0,0,0,0,0,0,0
2756,2009,9,34.86666667,25.53333333,422.0,85.0,3.233333333,5.7,6.411130628,41977,0.0,0.0,22.35,91.8166,0,1,-1.0,-1.8369701987210297e-16,0,0,0,0,1,0,0,0,0,0,0,0,0,0,0,0,0,0,0,0,0,0,0,0,0,0,0,0,0,0,0,0,0
2765,2011,6,34.2,25.8,454.0,86.0,3.6,6.3,6.411130628,41977,0.0,0.0,22.35,91.8166,0,1,1.2246467991473532e-16,-1.0,0,0,0,0,1,0,0,0,0,0,0,0,0,0,0,0,0,0,0,0,0,0,0,0,0,0,0,0,0,0,0,0,0
2766,2011,7,33.9,25.6,613.0,85.0,4.0,5.9,6.411130628,41977,0.0,0.0,22.35,91.8166,0,1,-0.4999999999999997,-0.8660254037844388,0,0,0,0,1,0,0,0,0,0,0,0,0,0,0,0,0,0,0,0,0,0,0,0,0,0,0,0,0,0,0,0,0
2767,2011,8,34.5,25.3,748.0,88.0,4.0,6.7,6.411130628,41977,0.0,0.0,22.35,91.8166,0,1,-0.8660254037844385,-0.5000000000000004,0,0,0,0,1,0,0,0,0,0,0,0,0,0,0,0,0,0,0,0,0,0,0,0,0,0,0,0,0,0,0,0,0
2768,2011,9,34.5,25.4,740.0,87.0,3.5,5.7,6.411130628,41977,0.0,0.0,22.35,91.8166,0,1,-1.0,-1.8369701987210297e-16,0,0,0,0,1,0,0,0,0,0,0,0,0,0,0,0,0,0,0,0,0,0,0,0,0,0,0,0,0,0,0,0,0
2777,2012,6,35.0,25.6,1268.0,87.0,3.9,6.4,6.411130628,41977,0.0,0.0,22.35,91.8166,0,1,1.2246467991473532e-16,-1.0,0,0,0,0,1,0,0,0,0,0,0,0,0,0,0,0,0,0,0,0,0,0,0,0,0,0,0,0,0,0,0,0,0
2778,2012,7,34.5,25.5,662.0,89.0,3.3,6.8,6.411130628,41977,0.0,0.0,22.35,91.8166,0,1,-0.4999999999999997,-0.8660254037844388,0,0,0,0,1,0,0,0,0,0,0,0,0,0,0,0,0,0,0,0,0,0,0,0,0,0,0,0,0,0,0,0,0
2781,2012,10,34.3,23.8,442.0,85.0,3.2,3.1,6.411130628,41977,0.0,0.0,22.35,91.8166,0,1,-0.8660254037844386,0.5000000000000001,0,0,0,0,1,0,0,0,0,0,0,0,0,0,0,0,0,0,0,0,0,0,0,0,0,0,0,0,0,0,0,0,0
2788,2013,5,34.0,24.6,469.0,83.0,3.9,6.0,6.411130628,41977,0.0,0.0,22.35,91.8166,0,1,0.49999999999999994,-0.8660254037844387,0,0,0,0,1,0,0,0,0,0,0,0,0,0,0,0,0,0,0,0,0,0,0,0,0,0,0,0,0,0,0,0,0
2789,2013,6,35.3,26.0,504.0,84.0,3.5,5.7,6.411130628,41977,0.0,0.0,22.35,91.8166,0,1,1.2246467991473532e-16,-1.0,0,0,0,0,1,0,0,0,0,0,0,0,0,0,0,0,0,0,0,0,0,0,0,0,0,0,0,0,0,0,0,0,0
2790,2013,7,34.5,25.8,391.0,83.0,3.6,6.2,6.411130628,41977,0.0,0.0,22.35,91.8166,0,1,-0.4999999999999997,-0.8660254037844388,0,0,0,0,1,0,0,0,0,0,0,0,0,0,0,0,0,0,0,0,0,0,0,0,0,0,0,0,0,0,0,0,0
2793,2013,10,35.6,24.0,403.0,86.0,2.4,5.1,6.411130628,41977,0.0,0.0,22.35,91.8166,0,1,-0.8660254037844386,0.5000000000000001,0,0,0,0,1,0,0,0,0,0,0,0,0,0,0,0,0,0,0,0,0,0,0,0,0,0,0,0,0,0,0,0,0
2801,1949,6,33.3,25.5,624.0,87.0,4.477777778,6.2,4.254716981,41978,684570.9,471415.0,22.34,91.79,6,1,1.2246467991473532e-16,-1.0,0,0,0,0,0,1,0,0,0,0,0,0,0,0,0,0,0,0,0,0,0,0,0,0,0,0,0,0,0,0,0,0,0
2802,1949,7,32.3,24.6,870.0,89.0,4.577777778,6.4,4.28490566,41978,684570.9,471415.0,22.34,91.79,6,1,-0.4999999999999997,-0.8660254037844388,0,0,0,0,0,1,0,0,0,0,0,0,0,0,0,0,0,0,0,0,0,0,0,0,0,0,0,0,0,0,0,0,0
2803,1949,8,32.6,25.1,504.0,87.0,4.088888889,2.0,4.886792453,41978,684570.9,471415.0,22.34,91.79,6,1,-0.8660254037844385,-0.5000000000000004,0,0,0,0,0,1,0,0,0,0,0,0,0,0,0,0,0,0,0,0,0,0,0,0,0,0,0,0,0,0,0,0,0
2804,1949,9,32.9,25.0,577.0,86.0,2.955555556,6.1,5.824528302,41978,684570.9,471415.0,22.34,91.79,6,1,-1.0,-1.8369701987210297e-16,0,0,0,0,0,1,0,0,0,0,0,0,0,0,0,0,0,0,0,0,0,0,0,0,0,0,0,0,0,0,0,0,0
2813,1950,6,33.9,25.4,1676.0,84.0,4.477777778,6.4,4.254716981,41978,684570.9,471415.0,22.34,91.79,6,1,1.2246467991473532e-16,-1.0,0,0,0,0,0,1,0,0,0,0,0,0,0,0,0,0,0,0,0,0,0,0,0,0,0,0,0,0,0,0,0,0,0
2814,1950,7,32.7,24.7,997.0,85.0,4.577777778,6.7,4.28490566,41978,684570.9,471415.0,22.34,91.79,6,1,-0.4999999999999997,-0.8660254037844388,0,0,0,0,0,1,0,0,0,0,0,0,0,0,0,0,0,0,0,0,0,0,0,0,0,0,0,0,0,0,0,0,0
2815,1950,8,32.2,24.8,669.0,88.0,4.088888889,6.9,4.886792453,41978,684570.9,471415.0,22.34,91.79,6,1,-0.8660254037844385,-0.5000000000000004,0,0,0,0,0,1,0,0,0,0,0,0,0,0,0,0,0,0,0,0,0,0,0,0,0,0,0,0,0,0,0,0,0
2825,1951,6,33.5,25.1,458.0,87.0,4.477777778,6.4,4.254716981,41978,684570.9,471415.0,22.34,91.79,6,1,1.2246467991473532e-16,-1.0,0,0,0,0,0,1,0,0,0,0,0,0,0,0,0,0,0,0,0,0,0,0,0,0,0,0,0,0,0,0,0,0,0
2826,1951,7,35.0,24.8,670.0,86.0,4.577777778,6.1,4.28490566,41978,684570.9,471415.0,22.34,91.79,6,1,-0.4999999999999997,-0.8660254037844388,0,0,0,0,0,1,0,0,0,0,0,0,0,0,0,0,0,0,0,0,0,0,0,0,0,0,0,0,0,0,0,0,0
2827,1951,8,33.4,25.3,747.0,86.0,4.088888889,5.5,4.886792453,41978,684570.9,471415.0,22.34,91.79,6,1,-0.8660254037844385,-0.5000000000000004,0,0,0,0,0,1,0,0,0,0,0,0,0,0,0,0,0,0,0,0,0,0,0,0,0,0,0,0,0,0,0,0,0
2829,1951,10,33.1,24.4,488.0,83.0,1.764814815,4.2,7.056603774,41978,684570.9,471415.0,22.34,91.79,6,1,-0.8660254037844386,0.5000000000000001,0,0,0,0,0,1,0,0,0,0,0,0,0,0,0,0,0,0,0,0,0,0,0,0,0,0,0,0,0,0,0,0,0
2837,1952,6,33.6,25.4,687.0,84.0,4.477777778,5.8,4.254716981,41978,684570.9,471415.0,22.34,91.79,6,1,1.2246467991473532e-16,-1.0,0,0,0,0,0,1,0,0,0,0,0,0,0,0,0,0,0,0,0,0,0,0,0,0,0,0,0,0,0,0,0,0,0
2838,1952,7,33.7,25.1,491.0,86.0,4.577777778,6.2,4.28490566,41978,684570.9,471415.0,22.34,91.79,6,1,-0.4999999999999997,-0.8660254037844388,0,0,0,0,0,1,0,0,0,0,0,0,0,0,0,0,0,0,0,0,0,0,0,0,0,0,0,0,0,0,0,0,0
2839,1952,8,32.8,25.0,401.0,86.0,4.088888889,6.3,4.886792453,41978,684570.9,471415.0,22.34,91.79,6,1,-0.8660254037844385,-0.5000000000000004,0,0,0,0,0,1,0,0,0,0,0,0,0,0,0,0,0,0,0,0,0,0,0,0,0,0,0,0,0,0,0,0,0
2841,1952,10,33.9,24.4,307.0,86.0,1.764814815,4.4,7.056603774,41978,684570.9,471415.0,22.34,91.79,6,1,-0.8660254037844386,0.5000000000000001,0,0,0,0,0,1,0,0,0,0,0,0,0,0,0,0,0,0,0,0,0,0,0,0,0,0,0,0,0,0,0,0,0
2848,1953,5,35.3,24.6,508.0,80.0,3.762962963,4.8,7.128301887,41978,684570.9,471415.0,22.34,91.79,6,1,0.49999999999999994,-0.8660254037844387,0,0,0,0,0,1,0,0,0,0,0,0,0,0,0,0,0,0,0,0,0,0,0,0,0,0,0,0,0,0,0,0,0
2849,1953,6,33.4,25.1,527.0,83.0,4.477777778,5.9,4.254716981,41978,684570.9,471415.0,22.34,91.79,6,1,1.2246467991473532e-16,-1.0,0,0,0,0,0,1,0,0,0,0,0,0,0,0,0,0,0,0,0,0,0,0,0,0,0,0,0,0,0,0,0,0,0
2850,1953,7,35.2,24.9,764.0,89.0,4.577777778,6.4,4.28490566,41978,684570.9,471415.0,22.34,91.79,6,1,-0.4999999999999997,-0.8660254037844388,0,0,0,0,0,1,0,0,0,0,0,0,0,0,0,0,0,0,0,0,0,0,0,0,0,0,0,0,0,0,0,0,0
2851,1953,8,33.2,24.6,529.0,86.0,4.088888889,6.1,4.886792453,41978,684570.9,471415.0,22.34,91.79,6,1,-0.8660254037844385,-0.5000000000000004,0,0,0,0,0,1,0,0,0,0,0,0,0,0,0,0,0,0,0,0,0,0,0,0,0,0,0,0,0,0,0,0,0
2852,1953,9,33.6,25.0,622.0,87.0,2.955555556,5.8,5.824528302,41978,684570.9,471415.0,22.34,91.79,6,1,-1.0,-1.8369701987210297e-16,0,0,0,0,0,1,0,0,0,0,0,0,0,0,0,0,0,0,0,0,0,0,0,0,0,0,0,0,0,0,0,0,0
2861,1954,6,32.9,24.8,1270.0,92.0,4.477777778,6.5,4.254716981,41978,684570.9,471415.0,22.34,91.79,6,1,1.2246467991473532e-16,-1.0,0,0,0,0,0,1,0,0,0,0,0,0,0,0,0,0,0,0,0,0,0,0,0,0,0,0,0,0,0,0,0,0,0
2862,1954,7,33.3,25.2,488.0,87.0,4.577777778,5.9,4.28490566,41978,684570.9,471415.0,22.34,91.79,6,1,-0.4999999999999997,-0.8660254037844388,0,0,0,0,0,1,0,0,0,0,0,0,0,0,0,0,0,0,0,0,0,0,0,0,0,0,0,0,0,0,0,0,0
2863,1954,8,32.8,25.3,1120.0,90.0,4.088888889,6.9,4.886792453,41978,684570.9,471415.0,22.34,91.79,6,1,-0.8660254037844385,-0.5000000000000004,0,0,0,0,0,1,0,0,0,0,0,0,0,0,0,0,0,0,0,0,0,0,0,0,0,0,0,0,0,0,0,0,0
2865,1954,10,32.5,23.2,306.0,87.0,1.764814815,4.1,7.056603774,41978,684570.9,471415.0,22.34,91.79,6,1,-0.8660254037844386,0.5000000000000001,0,0,0,0,0,1,0,0,0,0,0,0,0,0,0,0,0,0,0,0,0,0,0,0,0,0,0,0,0,0,0,0,0
2873,1955,6,33.3,25.3,482.0,88.0,4.477777778,5.5,4.254716981,41978,684570.9,471415.0,22.34,91.79,6,1,1.2246467991473532e-16,-1.0,0,0,0,0,0,1,0,0,0,0,0,0,0,0,0,0,0,0,0,0,0,0,0,0,0,0,0,0,0,0,0,0,0
2874,1955,7,31.3,24.4,898.0,92.0,4.577777778,6.9,4.28490566,41978,684570.9,471415.0,22.34,91.79,6,1,-0.4999999999999997,-0.8660254037844388,0,0,0,0,0,1,0,0,0,0,0,0,0,0,0,0,0,0,0,0,0,0,0,0,0,0,0,0,0,0,0,0,0
2875,1955,8,33.1,24.6,410.0,89.0,4.088888889,6.3,4.886792453,41978,684570.9,471415.0,22.34,91.79,6,1,-0.8660254037844385,-0.5000000000000004,0,0,0,0,0,1,0,0,0,0,0,0,0,0,0,0,0,0,0,0,0,0,0,0,0,0,0,0,0,0,0,0,0
2884,1956,5,33.1,25.0,505.0,89.0,3.762962963,5.9,7.128301887,41978,684570.9,471415.0,22.34,91.79,6,1,0.49999999999999994,-0.8660254037844387,0,0,0,0,0,1,0,0,0,0,0,0,0,0,0,0,0,0,0,0,0,0,0,0,0,0,0,0,0,0,0,0,0
2885,1956,6,32.4,24.8,688.0,88.0,4.477777778,6.4,4.254716981,41978,684570.9,471415.0,22.34,91.79,6,1,1.2246467991473532e-16,-1.0,0,0,0,0,0,1,0,0,0,0,0,0,0,0,0,0,0,0,0,0,0,0,0,0,0,0,0,0,0,0,0,0,0
2887,1956,8,32.8,25.1,728.0,87.0,4.088888889,6.4,4.886792453,41978,684570.9,471415.0,22.34,91.79,6,1,-0.8660254037844385,-0.5000000000000004,0,0,0,0,0,1,0,0,0,0,0,0,0,0,0,0,0,0,0,0,0,0,0,0,0,0,0,0,0,0,0,0,0
2888,1956,9,32.6,24.7,513.0,87.0,2.955555556,6.3,5.824528302,41978,684570.9,471415.0,22.34,91.79,6,1,-1.0,-1.8369701987210297e-16,0,0,0,0,0,1,0,0,0,0,0,0,0,0,0,0,0,0,0,0,0,0,0,0,0,0,0,0,0,0,0,0,0
2898,1957,7,33.6,25.4,560.0,87.0,4.577777778,6.2,4.28490566,41978,684570.9,471415.0,22.34,91.79,6,1,-0.4999999999999997,-0.8660254037844388,0,0,0,0,0,1,0,0,0,0,0,0,0,0,0,0,0,0,0,0,0,0,0,0,0,0,0,0,0,0,0,0,0
2911,1958,8,33.7,25.0,455.0,85.0,4.088888889,6.3,4.886792453,41978,684570.9,471415.0,22.34,91.79,6,1,-0.8660254037844385,-0.5000000000000004,0,0,0,0,0,1,0,0,0,0,0,0,0,0,0,0,0,0,0,0,0,0,0,0,0,0,0,0,0,0,0,0,0
2912,1958,9,33.3,25.0,503.0,85.0,2.955555556,6.2,5.824528302,41978,684570.9,471415.0,22.34,91.79,6,1,-1.0,-1.8369701987210297e-16,0,0,0,0,0,1,0,0,0,0,0,0,0,0,0,0,0,0,0,0,0,0,0,0,0,0,0,0,0,0,0,0,0
2921,1959,6,35.1,25.4,519.0,86.0,4.477777778,6.3,4.254716981,41978,684570.9,471415.0,22.34,91.79,6,1,1.2246467991473532e-16,-1.0,0,0,0,0,0,1,0,0,0,0,0,0,0,0,0,0,0,0,0,0,0,0,0,0,0,0,0,0,0,0,0,0,0
2922,1959,7,33.6,25.5,553.0,87.0,4.577777778,6.5,4.28490566,41978,684570.9,471415.0,22.34,91.79,6,1,-0.4999999999999997,-0.8660254037844388,0,0,0,0,0,1,0,0,0,0,0,0,0,0,0,0,0,0,0,0,0,0,0,0,0,0,0,0,0,0,0,0,0
2923,1959,8,31.9,24.9,696.0,89.0,4.088888889,6.6,4.886792453,41978,684570.9,471415.0,22.34,91.79,6,1,-0.8660254037844385,-0.5000000000000004,0,0,0,0,0,1,0,0,0,0,0,0,0,0,0,0,0,0,0,0,0,0,0,0,0,0,0,0,0,0,0,0,0
2933,1960,6,35.0,25.7,434.0,85.0,2.8,5.5,4.254716981,41978,684570.9,471415.0,22.34,91.79,6,1,1.2246467991473532e-16,-1.0,0,0,0,0,0,1,0,0,0,0,0,0,0,0,0,0,0,0,0,0,0,0,0,0,0,0,0,0,0,0,0,0,0
2934,1960,7,33.8,25.1,811.0,91.0,3.7,6.9,4.28490566,41978,684570.9,471415.0,22.34,91.79,6,1,-0.4999999999999997,-0.8660254037844388,0,0,0,0,0,1,0,0,0,0,0,0,0,0,0,0,0,0,0,0,0,0,0,0,0,0,0,0,0,0,0,0,0
2945,1961,6,34.4,25.1,948.0,88.0,3.7,6.8,4.5,41978,684570.9,471415.0,22.34,91.79,6,1,1.2246467991473532e-16,-1.0,0,0,0,0,0,1,0,0,0,0,0,0,0,0,0,0,0,0,0,0,0,0,0,0,0,0,0,0,0,0,0,0,0
2946,1961,7,33.3,25.1,1171.0,91.0,5.0,7.2,4.5,41978,684570.9,471415.0,22.34,91.79,6,1,-0.4999999999999997,-0.8660254037844388,0,0,0,0,0,1,0,0,0,0,0,0,0,0,0,0,0,0,0,0,0,0,0,0,0,0,0,0,0,0,0,0,0
2947,1961,8,34.0,25.3,900.0,89.0,4.6,7.1,6.7,41978,684570.9,471415.0,22.34,91.79,6,1,-0.8660254037844385,-0.5000000000000004,0,0,0,0,0,1,0,0,0,0,0,0,0,0,0,0,0,0,0,0,0,0,0,0,0,0,0,0,0,0,0,0,0
2957,1962,6,33.6,25.2,714.0,88.0,4.3,6.8,3.9,41978,684570.9,471415.0,22.34,91.79,6,1,1.2246467991473532e-16,-1.0,0,0,0,0,0,1,0,0,0,0,0,0,0,0,0,0,0,0,0,0,0,0,0,0,0,0,0,0,0,0,0,0,0
2958,1962,7,34.1,25.7,511.0,88.0,4.1,6.3,7.0,41978,684570.9,471415.0,22.34,91.79,6,1,-0.4999999999999997,-0.8660254037844388,0,0,0,0,0,1,0,0,0,0,0,0,0,0,0,0,0,0,0,0,0,0,0,0,0,0,0,0,0,0,0,0,0
2969,1963,6,33.7,25.3,748.0,84.0,4.8,6.9,4.0,41978,684570.9,471415.0,22.34,91.79,6,1,1.2246467991473532e-16,-1.0,0,0,0,0,0,1,0,0,0,0,0,0,0,0,0,0,0,0,0,0,0,0,0,0,0,0,0,0,0,0,0,0,0
2970,1963,7,32.2,25.2,970.0,86.0,4.9,7.2,3.1,41978,684570.9,471415.0,22.34,91.79,6,1,-0.4999999999999997,-0.8660254037844388,0,0,0,0,0,1,0,0,0,0,0,0,0,0,0,0,0,0,0,0,0,0,0,0,0,0,0,0,0,0,0,0,0
2981,1964,6,33.4,25.1,419.0,86.0,4.7,6.3,5.4,41978,684570.9,471415.0,22.34,91.79,6,1,1.2246467991473532e-16,-1.0,0,0,0,0,0,1,0,0,0,0,0,0,0,0,0,0,0,0,0,0,0,0,0,0,0,0,0,0,0,0,0,0,0
2982,1964,7,31.8,24.4,1077.0,89.0,4.5,6.8,3.7,41978,684570.9,471415.0,22.34,91.79,6,1,-0.4999999999999997,-0.8660254037844388,0,0,0,0,0,1,0,0,0,0,0,0,0,0,0,0,0,0,0,0,0,0,0,0,0,0,0,0,0,0,0,0,0
2983,1964,8,33.4,25.1,623.0,87.0,4.1,6.5,5.1,41978,684570.9,471415.0,22.34,91.79,6,1,-0.8660254037844385,-0.5000000000000004,0,0,0,0,0,1,0,0,0,0,0,0,0,0,0,0,0,0,0,0,0,0,0,0,0,0,0,0,0,0,0,0,0
2993,1965,6,34.3,25.0,614.0,88.0,5.3,6.4,3.2,41978,684570.9,471415.0,22.34,91.79,6,1,1.2246467991473532e-16,-1.0,0,0,0,0,0,1,0,0,0,0,0,0,0,0,0,0,0,0,0,0,0,0,0,0,0,0,0,0,0,0,0,0,0
2994,1965,7,33.4,24.8,971.0,87.0,4.7,6.3,5.3,41978,684570.9,471415.0,22.34,91.79,6,1,-0.4999999999999997,-0.8660254037844388,0,0,0,0,0,1,0,0,0,0,0,0,0,0,0,0,0,0,0,0,0,0,0,0,0,0,0,0,0,0,0,0,0
2995,1965,8,33.4,24.7,625.0,90.0,3.6,6.6,3.2,41978,684570.9,471415.0,22.34,91.79,6,1,-0.8660254037844385,-0.5000000000000004,0,0,0,0,0,1,0,0,0,0,0,0,0,0,0,0,0,0,0,0,0,0,0,0,0,0,0,0,0,0,0,0,0
3005,1966,6,34.3,25.2,531.0,90.0,6.4,7.2,2.4,41978,684570.9,471415.0,22.34,91.79,6,1,1.2246467991473532e-16,-1.0,0,0,0,0,0,1,0,0,0,0,0,0,0,0,0,0,0,0,0,0,0,0,0,0,0,0,0,0,0,0,0,0,0
3007,1966,8,32.3,24.9,606.0,89.0,4.8,7.0,3.6,41978,684570.9,471415.0,22.34,91.79,6,1,-0.8660254037844385,-0.5000000000000004,0,0,0,0,0,1,0,0,0,0,0,0,0,0,0,0,0,0,0,0,0,0,0,0,0,0,0,0,0,0,0,0,0
3008,1966,9,33.4,25.2,403.0,84.0,3.0,6.2,5.3,41978,684570.9,471415.0,22.34,91.79,6,1,-1.0,-1.8369701987210297e-16,0,0,0,0,0,1,0,0,0,0,0,0,0,0,0,0,0,0,0,0,0,0,0,0,0,0,0,0,0,0,0,0,0
3019,1967,8,33.1,25.1,554.0,86.0,5.0,6.6,5.3,41978,684570.9,471415.0,22.34,91.79,6,1,-0.8660254037844385,-0.5000000000000004,0,0,0,0,0,1,0,0,0,0,0,0,0,0,0,0,0,0,0,0,0,0,0,0,0,0,0,0,0,0,0,0,0
3020,1967,9,32.4,25.0,339.0,86.0,4.3,6.3,5.1,41978,684570.9,471415.0,22.34,91.79,6,1,-1.0,-1.8369701987210297e-16,0,0,0,0,0,1,0,0,0,0,0,0,0,0,0,0,0,0,0,0,0,0,0,0,0,0,0,0,0,0,0,0,0
3029,1968,6,32.3,24.6,585.0,84.0,5.5,6.5,3.6,41978,684570.9,471415.0,22.34,91.79,6,1,1.2246467991473532e-16,-1.0,0,0,0,0,0,1,0,0,0,0,0,0,0,0,0,0,0,0,0,0,0,0,0,0,0,0,0,0,0,0,0,0,0
3030,1968,7,33.4,25.1,895.0,86.0,5.0,6.3,6.0,41978,684570.9,471415.0,22.34,91.79,6,1,-0.4999999999999997,-0.8660254037844388,0,0,0,0,0,1,0,0,0,0,0,0,0,0,0,0,0,0,0,0,0,0,0,0,0,0,0,0,0,0,0,0,0
3031,1968,8,33.4,24.6,363.0,86.0,4.3,6.8,4.9,41978,684570.9,471415.0,22.34,91.79,6,1,-0.8660254037844385,-0.5000000000000004,0,0,0,0,0,1,0,0,0,0,0,0,0,0,0,0,0,0,0,0,0,0,0,0,0,0,0,0,0,0,0,0,0
3041,1969,6,34.0,24.7,677.0,87.0,4.7,6.7,4.7,41978,684570.9,471415.0,22.34,91.79,6,1,1.2246467991473532e-16,-1.0,0,0,0,0,0,1,0,0,0,0,0,0,0,0,0,0,0,0,0,0,0,0,0,0,0,0,0,0,0,0,0,0,0
3042,1969,7,33.3,25.0,684.0,87.0,4.8,6.5,5.0,41978,684570.9,471415.0,22.34,91.79,6,1,-0.4999999999999997,-0.8660254037844388,0,0,0,0,0,1,0,0,0,0,0,0,0,0,0,0,0,0,0,0,0,0,0,0,0,0,0,0,0,0,0,0,0
3043,1969,8,33.2,24.5,715.0,89.0,4.0,6.5,4.6,41978,684570.9,471415.0,22.34,91.79,6,1,-0.8660254037844385,-0.5000000000000004,0,0,0,0,0,1,0,0,0,0,0,0,0,0,0,0,0,0,0,0,0,0,0,0,0,0,0,0,0,0,0,0,0
3054,1970,7,33.7,24.9,1041.0,89.0,4.3,6.8,3.9,41978,684570.9,471415.0,22.34,91.79,6,1,-0.4999999999999997,-0.8660254037844388,0,0,0,0,0,1,0,0,0,0,0,0,0,0,0,0,0,0,0,0,0,0,0,0,0,0,0,0,0,0,0,0,0
3055,1970,8,33.3,25.0,405.0,87.0,3.2,6.6,6.0,41978,684570.9,471415.0,22.34,91.79,6,1,-0.8660254037844385,-0.5000000000000004,0,0,0,0,0,1,0,0,0,0,0,0,0,0,0,0,0,0,0,0,0,0,0,0,0,0,0,0,0,0,0,0,0
3057,1970,10,33.7,23.8,380.0,86.0,1.6,4.6,6.3,41978,684570.9,471415.0,22.34,91.79,6,1,-0.8660254037844386,0.5000000000000001,0,0,0,0,0,1,0,0,0,0,0,0,0,0,0,0,0,0,0,0,0,0,0,0,0,0,0,0,0,0,0,0,0
3065,1971,6,33.4,24.9,853.0,84.0,4.2,6.9,4.2,41978,684570.9,471415.0,22.34,91.79,6,1,1.2246467991473532e-16,-1.0,0,0,0,0,0,1,0,0,0,0,0,0,0,0,0,0,0,0,0,0,0,0,0,0,0,0,0,0,0,0,0,0,0
3066,1971,7,31.9,24.4,949.0,86.0,4.2,7.1,4.2,41978,684570.9,471415.0,22.34,91.79,6,1,-0.4999999999999997,-0.8660254037844388,0,0,0,0,0,1,0,0,0,0,0,0,0,0,0,0,0,0,0,0,0,0,0,0,0,0,0,0,0,0,0,0,0
3067,1971,8,32.3,24.2,707.0,86.0,3.8,6.8,4.8,41978,684570.9,471415.0,22.34,91.79,6,1,-0.8660254037844385,-0.5000000000000004,0,0,0,0,0,1,0,0,0,0,0,0,0,0,0,0,0,0,0,0,0,0,0,0,0,0,0,0,0,0,0,0,0
3077,1972,6,34.3,25.5,457.0,84.0,4.1,6.6,4.2,41978,684570.9,471415.0,22.34,91.79,6,1,1.2246467991473532e-16,-1.0,0,0,0,0,0,1,0,0,0,0,0,0,0,0,0,0,0,0,0,0,0,0,0,0,0,0,0,0,0,0,0,0,0
3078,1972,7,37.8,25.7,372.0,86.0,5.1,7.1,4.2,41978,684570.9,471415.0,22.34,91.79,6,1,-0.4999999999999997,-0.8660254037844388,0,0,0,0,0,1,0,0,0,0,0,0,0,0,0,0,0,0,0,0,0,0,0,0,0,0,0,0,0,0,0,0,0
3079,1972,8,32.4,24.5,565.0,86.0,4.5,7.6,4.8,41978,684570.9,471415.0,22.34,91.79,6,1,-0.8660254037844385,-0.5000000000000004,0,0,0,0,0,1,0,0,0,0,0,0,0,0,0,0,0,0,0,0,0,0,0,0,0,0,0,0,0,0,0,0,0
3088,1973,5,33.2,23.8,457.0,82.0,3.5,5.1,7.9,41978,684570.9,471415.0,22.34,91.79,6,1,0.49999999999999994,-0.8660254037844387,0,0,0,0,0,1,0,0,0,0,0,0,0,0,0,0,0,0,0,0,0,0,0,0,0,0,0,0,0,0,0,0,0
3089,1973,6,33.6,25.6,407.0,87.0,3.6,5.9,4.9,41978,684570.9,471415.0,22.34,91.79,6,1,1.2246467991473532e-16,-1.0,0,0,0,0,0,1,0,0,0,0,0,0,0,0,0,0,0,0,0,0,0,0,0,0,0,0,0,0,0,0,0,0,0
3090,1973,7,33.7,25.4,407.0,87.0,5.2,6.4,5.1,41978,684570.9,471415.0,22.34,91.79,6,1,-0.4999999999999997,-0.8660254037844388,0,0,0,0,0,1,0,0,0,0,0,0,0,0,0,0,0,0,0,0,0,0,0,0,0,0,0,0,0,0,0,0,0
3092,1973,9,33.1,24.9,551.0,87.0,3.0,6.4,6.1,41978,684570.9,471415.0,22.34,91.79,6,1,-1.0,-1.8369701987210297e-16,0,0,0,0,0,1,0,0,0,0,0,0,0,0,0,0,0,0,0,0,0,0,0,0,0,0,0,0,0,0,0,0,0
3101,1974,6,33.4,24.4,958.0,86.0,5.2,6.4,4.9,41978,684570.9,471415.0,22.34,91.79,6,1,1.2246467991473532e-16,-1.0,0,0,0,0,0,1,0,0,0,0,0,0,0,0,0,0,0,0,0,0,0,0,0,0,0,0,0,0,0,0,0,0,0
3102,1974,7,31.7,24.3,943.0,92.0,6.0,7.1,2.7,41978,684570.9,471415.0,22.34,91.79,6,1,-0.4999999999999997,-0.8660254037844388,0,0,0,0,0,1,0,0,0,0,0,0,0,0,0,0,0,0,0,0,0,0,0,0,0,0,0,0,0,0,0,0,0
3103,1974,8,32.9,25.0,534.0,89.0,5.4,6.6,4.8,41978,684570.9,471415.0,22.34,91.79,6,1,-0.8660254037844385,-0.5000000000000004,0,0,0,0,0,1,0,0,0,0,0,0,0,0,0,0,0,0,0,0,0,0,0,0,0,0,0,0,0,0,0,0,0
3104,1974,9,34.1,24.7,347.0,85.0,3.0,5.3,6.5,41978,684570.9,471415.0,22.34,91.79,6,1,-1.0,-1.8369701987210297e-16,0,0,0,0,0,1,0,0,0,0,0,0,0,0,0,0,0,0,0,0,0,0,0,0,0,0,0,0,0,0,0,0,0
3113,1975,6,34.7,25.4,389.0,83.0,4.9,5.6,4.2,41978,684570.9,471415.0,22.34,91.79,6,1,1.2246467991473532e-16,-1.0,0,0,0,0,0,1,0,0,0,0,0,0,0,0,0,0,0,0,0,0,0,0,0,0,0,0,0,0,0,0,0,0,0
3114,1975,7,33.0,24.4,906.0,89.0,5.9,6.4,4.2,41978,684570.9,471415.0,22.34,91.79,6,1,-0.4999999999999997,-0.8660254037844388,0,0,0,0,0,1,0,0,0,0,0,0,0,0,0,0,0,0,0,0,0,0,0,0,0,0,0,0,0,0,0,0,0
3125,1976,6,34.0,23.5,1041.0,87.0,5.6,6.0,4.2,41978,684570.9,471415.0,22.34,91.79,6,1,1.2246467991473532e-16,-1.0,0,0,0,0,0,1,0,0,0,0,0,0,0,0,0,0,0,0,0,0,0,0,0,0,0,0,0,0,0,0,0,0,0
3126,1976,7,31.5,25.1,693.0,87.0,4.9,6.5,4.2,41978,684570.9,471415.0,22.34,91.79,6,1,-0.4999999999999997,-0.8660254037844388,0,0,0,0,0,1,0,0,0,0,0,0,0,0,0,0,0,0,0,0,0,0,0,0,0,0,0,0,0,0,0,0,0
3135,1977,4,33.3,21.7,418.0,84.0,3.1,5.4,8.7,41978,684570.9,471415.0,22.34,91.79,6,1,0.8660254037844387,-0.4999999999999998,0,0,0,0,0,1,0,0,0,0,0,0,0,0,0,0,0,0,0,0,0,0,0,0,0,0,0,0,0,0,0,0,0
3137,1977,6,32.8,24.3,430.0,87.0,2.2,5.7,3.2,41978,684570.9,471415.0,22.34,91.79,6,1,1.2246467991473532e-16,-1.0,0,0,0,0,0,1,0,0,0,0,0,0,0,0,0,0,0,0,0,0,0,0,0,0,0,0,0,0,0,0,0,0,0
3138,1977,7,32.8,25.1,715.0,89.0,2.5,6.5,3.3,41978,684570.9,471415.0,22.34,91.79,6,1,-0.4999999999999997,-0.8660254037844388,0,0,0,0,0,1,0,0,0,0,0,0,0,0,0,0,0,0,0,0,0,0,0,0,0,0,0,0,0,0,0,0,0
3149,1978,6,33.9,23.7,811.0,86.0,5.3,6.8,4.2,41978,684570.9,471415.0,22.34,91.79,6,1,1.2246467991473532e-16,-1.0,0,0,0,0,0,1,0,0,0,0,0,0,0,0,0,0,0,0,0,0,0,0,0,0,0,0,0,0,0,0,0,0,0
3151,1978,8,33.9,25.2,425.0,85.0,5.7,6.7,4.8,41978,684570.9,471415.0,22.34,91.79,6,1,-0.8660254037844385,-0.5000000000000004,0,0,0,0,0,1,0,0,0,0,0,0,0,0,0,0,0,0,0,0,0,0,0,0,0,0,0,0,0,0,0,0,0
3152,1978,9,33.2,24.6,381.0,86.0,3.5,6.3,5.9,41978,684570.9,471415.0,22.34,91.79,6,1,-1.0,-1.8369701987210297e-16,0,0,0,0,0,1,0,0,0,0,0,0,0,0,0,0,0,0,0,0,0,0,0,0,0,0,0,0,0,0,0,0,0
3161,1979,6,35.6,25.7,653.0,83.0,5.7,6.0,4.5,41978,684570.9,471415.0,22.34,91.79,6,1,1.2246467991473532e-16,-1.0,0,0,0,0,0,1,0,0,0,0,0,0,0,0,0,0,0,0,0,0,0,0,0,0,0,0,0,0,0,0,0,0,0
3162,1979,7,33.9,25.3,446.0,84.0,5.4,6.0,5.2,41978,684570.9,471415.0,22.34,91.79,6,1,-0.4999999999999997,-0.8660254037844388,0,0,0,0,0,1,0,0,0,0,0,0,0,0,0,0,0,0,0,0,0,0,0,0,0,0,0,0,0,0,0,0,0
3163,1979,8,35.0,24.2,920.0,86.0,5.5,6.6,4.3,41978,684570.9,471415.0,22.34,91.79,6,1,-0.8660254037844385,-0.5000000000000004,0,0,0,0,0,1,0,0,0,0,0,0,0,0,0,0,0,0,0,0,0,0,0,0,0,0,0,0,0,0,0,0,0
3164,1979,9,33.5,24.7,425.0,85.0,3.4,5.6,5.4,41978,684570.9,471415.0,22.34,91.79,6,1,-1.0,-1.8369701987210297e-16,0,0,0,0,0,1,0,0,0,0,0,0,0,0,0,0,0,0,0,0,0,0,0,0,0,0,0,0,0,0,0,0,0
3172,1980,5,33.6,23.6,456.0,80.0,4.6,4.0,7.3,41978,684570.9,471415.0,22.34,91.79,6,1,0.49999999999999994,-0.8660254037844387,0,0,0,0,0,1,0,0,0,0,0,0,0,0,0,0,0,0,0,0,0,0,0,0,0,0,0,0,0,0,0,0,0
3173,1980,6,33.0,24.9,417.0,82.0,6.1,6.4,3.6,41978,684570.9,471415.0,22.34,91.79,6,1,1.2246467991473532e-16,-1.0,0,0,0,0,0,1,0,0,0,0,0,0,0,0,0,0,0,0,0,0,0,0,0,0,0,0,0,0,0,0,0,0,0
3174,1980,7,32.5,25.1,627.0,85.0,6.3,6.3,4.3,41978,684570.9,471415.0,22.34,91.79,6,1,-0.4999999999999997,-0.8660254037844388,0,0,0,0,0,1,0,0,0,0,0,0,0,0,0,0,0,0,0,0,0,0,0,0,0,0,0,0,0,0,0,0,0
3175,1980,8,33.0,24.6,702.0,85.0,5.7,6.0,4.8,41978,684570.9,471415.0,22.34,91.79,6,1,-0.8660254037844385,-0.5000000000000004,0,0,0,0,0,1,0,0,0,0,0,0,0,0,0,0,0,0,0,0,0,0,0,0,0,0,0,0,0,0,0,0,0
3185,1981,6,33.4,24.6,362.0,84.0,5.1,6.3,5.0,41978,684570.9,471415.0,22.34,91.79,6,1,1.2246467991473532e-16,-1.0,0,0,0,0,0,1,0,0,0,0,0,0,0,0,0,0,0,0,0,0,0,0,0,0,0,0,0,0,0,0,0,0,0
3186,1981,7,33.0,24.7,821.0,88.0,6.0,6.7,3.2,41978,684570.9,471415.0,22.34,91.79,6,1,-0.4999999999999997,-0.8660254037844388,0,0,0,0,0,1,0,0,0,0,0,0,0,0,0,0,0,0,0,0,0,0,0,0,0,0,0,0,0,0,0,0,0
3197,1982,6,36.0,24.6,746.0,86.0,4.9,6.4,1.9,41978,684570.9,471415.0,22.34,91.79,6,1,1.2246467991473532e-16,-1.0,0,0,0,0,0,1,0,0,0,0,0,0,0,0,0,0,0,0,0,0,0,0,0,0,0,0,0,0,0,0,0,0,0
3198,1982,7,33.2,25.4,472.0,85.0,5.0,5.9,4.0,41978,684570.9,471415.0,22.34,91.79,6,1,-0.4999999999999997,-0.8660254037844388,0,0,0,0,0,1,0,0,0,0,0,0,0,0,0,0,0,0,0,0,0,0,0,0,0,0,0,0,0,0,0,0,0
3199,1982,8,34.0,25.0,883.0,88.0,5.3,6.2,4.1,41978,684570.9,471415.0,22.34,91.79,6,1,-0.8660254037844385,-0.5000000000000004,0,0,0,0,0,1,0,0,0,0,0,0,0,0,0,0,0,0,0,0,0,0,0,0,0,0,0,0,0,0,0,0,0
3200,1982,9,34.0,25.3,387.0,82.0,3.1,5.3,6.0,41978,684570.9,471415.0,22.34,91.79,6,1,-1.0,-1.8369701987210297e-16,0,0,0,0,0,1,0,0,0,0,0,0,0,0,0,0,0,0,0,0,0,0,0,0,0,0,0,0,0,0,0,0,0
3209,1983,6,35.0,25.0,621.0,81.0,5.2,6.1,4.2,41978,684570.9,471415.0,22.34,91.79,6,1,1.2246467991473532e-16,-1.0,0,0,0,0,0,1,0,0,0,0,0,0,0,0,0,0,0,0,0,0,0,0,0,0,0,0,0,0,0,0,0,0,0
3210,1983,7,34.0,25.1,618.0,83.0,4.2,6.4,4.4,41978,684570.9,471415.0,22.34,91.79,6,1,-0.4999999999999997,-0.8660254037844388,0,0,0,0,0,1,0,0,0,0,0,0,0,0,0,0,0,0,0,0,0,0,0,0,0,0,0,0,0,0,0,0,0
3211,1983,8,33.0,24.8,1057.0,84.0,4.7,6.5,3.3,41978,684570.9,471415.0,22.34,91.79,6,1,-0.8660254037844385,-0.5000000000000004,0,0,0,0,0,1,0,0,0,0,0,0,0,0,0,0,0,0,0,0,0,0,0,0,0,0,0,0,0,0,0,0,0
3213,1983,10,34.5,23.4,390.0,83.0,2.2,4.1,7.0,41978,684570.9,471415.0,22.34,91.79,6,1,-0.8660254037844386,0.5000000000000001,0,0,0,0,0,1,0,0,0,0,0,0,0,0,0,0,0,0,0,0,0,0,0,0,0,0,0,0,0,0,0,0,0
3220,1984,5,34.0,24.1,428.0,82.0,6.2,4.7,7.2,41978,684570.9,471415.0,22.34,91.79,6,1,0.49999999999999994,-0.8660254037844387,0,0,0,0,0,1,0,0,0,0,0,0,0,0,0,0,0,0,0,0,0,0,0,0,0,0,0,0,0,0,0,0,0
3221,1984,6,37.0,24.9,595.0,85.0,6.8,6.9,4.2,41978,684570.9,471415.0,22.34,91.79,6,1,1.2246467991473532e-16,-1.0,0,0,0,0,0,1,0,0,0,0,0,0,0,0,0,0,0,0,0,0,0,0,0,0,0,0,0,0,0,0,0,0,0
3222,1984,7,34.0,24.4,802.0,84.0,6.3,6.6,4.2,41978,684570.9,471415.0,22.34,91.79,6,1,-0.4999999999999997,-0.8660254037844388,0,0,0,0,0,1,0,0,0,0,0,0,0,0,0,0,0,0,0,0,0,0,0,0,0,0,0,0,0,0,0,0,0
3232,1985,5,33.8,23.8,511.0,79.0,5.1,4.1,6.3,41978,684570.9,471415.0,22.34,91.79,6,1,0.49999999999999994,-0.8660254037844387,0,0,0,0,0,1,0,0,0,0,0,0,0,0,0,0,0,0,0,0,0,0,0,0,0,0,0,0,0,0,0,0,0
3233,1985,6,33.8,24.8,517.0,85.0,6.2,6.2,4.0,41978,684570.9,471415.0,22.34,91.79,6,1,1.2246467991473532e-16,-1.0,0,0,0,0,0,1,0,0,0,0,0,0,0,0,0,0,0,0,0,0,0,0,0,0,0,0,0,0,0,0,0,0,0
3234,1985,7,32.5,24.4,831.0,86.0,6.7,6.2,4.2,41978,684570.9,471415.0,22.34,91.79,6,1,-0.4999999999999997,-0.8660254037844388,0,0,0,0,0,1,0,0,0,0,0,0,0,0,0,0,0,0,0,0,0,0,0,0,0,0,0,0,0,0,0,0,0
3235,1985,8,33.4,25.0,469.0,85.0,6.3,6.1,3.8,41978,684570.9,471415.0,22.34,91.79,6,1,-0.8660254037844385,-0.5000000000000004,0,0,0,0,0,1,0,0,0,0,0,0,0,0,0,0,0,0,0,0,0,0,0,0,0,0,0,0,0,0,0,0,0
3245,1986,6,37.0,25.8,820.0,83.0,5.9,5.8,4.9,41978,684570.9,471415.0,22.34,91.79,6,1,1.2246467991473532e-16,-1.0,0,0,0,0,0,1,0,0,0,0,0,0,0,0,0,0,0,0,0,0,0,0,0,0,0,0,0,0,0,0,0,0,0
3246,1986,7,34.0,25.1,894.0,84.0,6.0,6.1,4.1,41978,684570.9,471415.0,22.34,91.79,6,1,-0.4999999999999997,-0.8660254037844388,0,0,0,0,0,1,0,0,0,0,0,0,0,0,0,0,0,0,0,0,0,0,0,0,0,0,0,0,0,0,0,0,0
3258,1987,7,33.7,25.1,1206.0,89.0,6.9,7.2,4.2,41978,684570.9,471415.0,22.34,91.79,6,1,-0.4999999999999997,-0.8660254037844388,0,0,0,0,0,1,0,0,0,0,0,0,0,0,0,0,0,0,0,0,0,0,0,0,0,0,0,0,0,0,0,0,0
3259,1987,8,34.0,24.9,673.0,85.0,4.8,6.1,4.8,41978,684570.9,471415.0,22.34,91.79,6,1,-0.8660254037844385,-0.5000000000000004,0,0,0,0,0,1,0,0,0,0,0,0,0,0,0,0,0,0,0,0,0,0,0,0,0,0,0,0,0,0,0,0,0
3260,1987,9,34.2,25.3,429.0,84.0,4.5,5.7,5.9,41978,684570.9,471415.0,22.34,91.79,6,1,-1.0,-1.8369701987210297e-16,0,0,0,0,0,1,0,0,0,0,0,0,0,0,0,0,0,0,0,0,0,0,0,0,0,0,0,0,0,0,0,0,0
3268,1988,5,34.9,24.9,433.0,79.0,5.2,4.7,5.9,41978,684570.9,471415.0,22.34,91.79,6,1,0.49999999999999994,-0.8660254037844387,0,0,0,0,0,1,0,0,0,0,0,0,0,0,0,0,0,0,0,0,0,0,0,0,0,0,0,0,0,0,0,0,0
3269,1988,6,34.0,25.0,643.0,84.0,4.6,5.9,2.9,41978,684570.9,471415.0,22.34,91.79,6,1,1.2246467991473532e-16,-1.0,0,0,0,0,0,1,0,0,0,0,0,0,0,0,0,0,0,0,0,0,0,0,0,0,0,0,0,0,0,0,0,0,0
3271,1988,8,33.5,25.0,413.0,84.0,5.1,6.4,3.1,41978,684570.9,471415.0,22.34,91.79,6,1,-0.8660254037844385,-0.5000000000000004,0,0,0,0,0,1,0,0,0,0,0,0,0,0,0,0,0,0,0,0,0,0,0,0,0,0,0,0,0,0,0,0,0
3273,1988,10,34.4,24.1,342.0,82.0,2.2,4.0,6.1,41978,684570.9,471415.0,22.34,91.79,6,1,-0.8660254037844386,0.5000000000000001,0,0,0,0,0,1,0,0,0,0,0,0,0,0,0,0,0,0,0,0,0,0,0,0,0,0,0,0,0,0,0,0,0
3282,1989,7,34.4,25.2,1173.0,84.0,4.8,6.4,4.8,41978,684570.9,471415.0,22.34,91.79,6,1,-0.4999999999999997,-0.8660254037844388,0,0,0,0,0,1,0,0,0,0,0,0,0,0,0,0,0,0,0,0,0,0,0,0,0,0,0,0,0,0,0,0,0
3285,1989,10,33.3,23.7,404.0,86.0,1.9,5.5,5.0,41978,684570.9,471415.0,22.34,91.79,6,1,-0.8660254037844386,0.5000000000000001,0,0,0,0,0,1,0,0,0,0,0,0,0,0,0,0,0,0,0,0,0,0,0,0,0,0,0,0,0,0,0,0,0
3293,1990,6,34.5,25.2,668.0,83.0,4.0,6.5,3.8,41978,684570.9,471415.0,22.34,91.79,6,1,1.2246467991473532e-16,-1.0,0,0,0,0,0,1,0,0,0,0,0,0,0,0,0,0,0,0,0,0,0,0,0,0,0,0,0,0,0,0,0,0,0
3294,1990,7,33.4,24.8,1038.0,88.0,3.5,7.3,4.3,41978,684570.9,471415.0,22.34,91.79,6,1,-0.4999999999999997,-0.8660254037844388,0,0,0,0,0,1,0,0,0,0,0,0,0,0,0,0,0,0,0,0,0,0,0,0,0,0,0,0,0,0,0,0,0
3304,1991,5,33.8,25.0,464.0,80.0,3.6,4.9,7.2,41978,684570.9,471415.0,22.34,91.79,6,1,0.49999999999999994,-0.8660254037844387,0,0,0,0,0,1,0,0,0,0,0,0,0,0,0,0,0,0,0,0,0,0,0,0,0,0,0,0,0,0,0,0,0
3305,1991,6,33.8,25.6,774.0,84.0,3.8,7.1,4.2,41978,684570.9,471415.0,22.34,91.79,6,1,1.2246467991473532e-16,-1.0,0,0,0,0,0,1,0,0,0,0,0,0,0,0,0,0,0,0,0,0,0,0,0,0,0,0,0,0,0,0,0,0,0
3306,1991,7,34.2,25.7,818.0,86.0,4.2,6.7,4.2,41978,684570.9,471415.0,22.34,91.79,6,1,-0.4999999999999997,-0.8660254037844388,0,0,0,0,0,1,0,0,0,0,0,0,0,0,0,0,0,0,0,0,0,0,0,0,0,0,0,0,0,0,0,0,0
3308,1991,9,33.9,25.4,360.0,84.0,2.7,5.8,5.5,41978,684570.9,471415.0,22.34,91.79,6,1,-1.0,-1.8369701987210297e-16,0,0,0,0,0,1,0,0,0,0,0,0,0,0,0,0,0,0,0,0,0,0,0,0,0,0,0,0,0,0,0,0,0
3317,1992,6,34.8,25.6,571.0,83.0,3.0,5.2,4.6,41978,684570.9,471415.0,22.34,91.79,6,1,1.2246467991473532e-16,-1.0,0,0,0,0,0,1,0,0,0,0,0,0,0,0,0,0,0,0,0,0,0,0,0,0,0,0,0,0,0,0,0,0,0
3318,1992,7,33.0,25.0,412.0,85.0,3.5,6.4,3.5,41978,684570.9,471415.0,22.34,91.79,6,1,-0.4999999999999997,-0.8660254037844388,0,0,0,0,0,1,0,0,0,0,0,0,0,0,0,0,0,0,0,0,0,0,0,0,0,0,0,0,0,0,0,0,0
3321,1992,10,33.5,24.2,435.0,83.0,0.9,4.1,6.1,41978,684570.9,471415.0,22.34,91.79,6,1,-0.8660254037844386,0.5000000000000001,0,0,0,0,0,1,0,0,0,0,0,0,0,0,0,0,0,0,0,0,0,0,0,0,0,0,0,0,0,0,0,0,0
3328,1993,5,34.0,23.4,667.0,81.0,3.3,4.5,6.3,41978,684570.9,471415.0,22.34,91.79,6,1,0.49999999999999994,-0.8660254037844387,0,0,0,0,0,1,0,0,0,0,0,0,0,0,0,0,0,0,0,0,0,0,0,0,0,0,0,0,0,0,0,0,0
3329,1993,6,33.0,24.5,781.0,85.0,4.9,5.9,3.8,41978,684570.9,471415.0,22.34,91.79,6,1,1.2246467991473532e-16,-1.0,0,0,0,0,0,1,0,0,0,0,0,0,0,0,0,0,0,0,0,0,0,0,0,0,0,0,0,0,0,0,0,0,0
3330,1993,7,33.3,25.0,437.0,84.0,4.4,6.0,3.9,41978,684570.9,471415.0,22.34,91.79,6,1,-0.4999999999999997,-0.8660254037844388,0,0,0,0,0,1,0,0,0,0,0,0,0,0,0,0,0,0,0,0,0,0,0,0,0,0,0,0,0,0,0,0,0
3331,1993,8,33.0,25.0,729.0,86.0,4.5,6.2,4.4,41978,684570.9,471415.0,22.34,91.79,6,1,-0.8660254037844385,-0.5000000000000004,0,0,0,0,0,1,0,0,0,0,0,0,0,0,0,0,0,0,0,0,0,0,0,0,0,0,0,0,0,0,0,0,0
3341,1994,6,34.2,25.8,581.0,84.0,5.1,6.3,2.8,41978,684570.9,471415.0,22.34,91.79,6,1,1.2246467991473532e-16,-1.0,0,0,0,0,0,1,0,0,0,0,0,0,0,0,0,0,0,0,0,0,0,0,0,0,0,0,0,0,0,0,0,0,0
3342,1994,7,33.6,25.4,380.0,84.0,5.1,6.2,3.7,41978,684570.9,471415.0,22.34,91.79,6,1,-0.4999999999999997,-0.8660254037844388,0,0,0,0,0,1,0,0,0,0,0,0,0,0,0,0,0,0,0,0,0,0,0,0,0,0,0,0,0,0,0,0,0
3343,1994,8,33.5,25.3,397.0,85.0,4.4,6.2,4.4,41978,684570.9,471415.0,22.34,91.79,6,1,-0.8660254037844385,-0.5000000000000004,0,0,0,0,0,1,0,0,0,0,0,0,0,0,0,0,0,0,0,0,0,0,0,0,0,0,0,0,0,0,0,0,0
3354,1995,7,34.4,25.7,685.0,83.0,6.2,6.1,4.2,41978,684570.9,471415.0,22.34,91.79,6,1,-0.4999999999999997,-0.8660254037844388,0,0,0,0,0,1,0,0,0,0,0,0,0,0,0,0,0,0,0,0,0,0,0,0,0,0,0,0,0,0,0,0,0
3355,1995,8,35.0,25.9,546.0,84.0,4.1,6.1,5.4,41978,684570.9,471415.0,22.34,91.79,6,1,-0.8660254037844385,-0.5000000000000004,0,0,0,0,0,1,0,0,0,0,0,0,0,0,0,0,0,0,0,0,0,0,0,0,0,0,0,0,0,0,0,0,0
3365,1996,6,36.0,25.4,476.0,82.0,5.5,5.6,6.5,41978,684570.9,471415.0,22.34,91.79,6,1,1.2246467991473532e-16,-1.0,0,0,0,0,0,1,0,0,0,0,0,0,0,0,0,0,0,0,0,0,0,0,0,0,0,0,0,0,0,0,0,0,0
3366,1996,7,35.0,25.7,465.0,85.0,4.8,6.3,3.9,41978,684570.9,471415.0,22.34,91.79,6,1,-0.4999999999999997,-0.8660254037844388,0,0,0,0,0,1,0,0,0,0,0,0,0,0,0,0,0,0,0,0,0,0,0,0,0,0,0,0,0,0,0,0,0
3367,1996,8,33.5,25.4,584.0,88.0,4.1,6.5,2.2,41978,684570.9,471415.0,22.34,91.79,6,1,-0.8660254037844385,-0.5000000000000004,0,0,0,0,0,1,0,0,0,0,0,0,0,0,0,0,0,0,0,0,0,0,0,0,0,0,0,0,0,0,0,0,0
3377,1997,6,35.1,25.4,425.0,83.0,4.4,6.0,4.5,41978,684570.9,471415.0,22.34,91.79,6,1,1.2246467991473532e-16,-1.0,0,0,0,0,0,1,0,0,0,0,0,0,0,0,0,0,0,0,0,0,0,0,0,0,0,0,0,0,0,0,0,0,0
3378,1997,7,35.4,25.6,1033.0,89.0,5.2,6.9,3.1,41978,684570.9,471415.0,22.34,91.79,6,1,-0.4999999999999997,-0.8660254037844388,0,0,0,0,0,1,0,0,0,0,0,0,0,0,0,0,0,0,0,0,0,0,0,0,0,0,0,0,0,0,0,0,0
3379,1997,8,35.8,26.4,383.0,85.0,4.5,6.6,5.3,41978,684570.9,471415.0,22.34,91.79,6,1,-0.8660254037844385,-0.5000000000000004,0,0,0,0,0,1,0,0,0,0,0,0,0,0,0,0,0,0,0,0,0,0,0,0,0,0,0,0,0,0,0,0,0
3380,1997,9,34.8,25.3,530.0,86.0,3.4,6.0,5.4,41978,684570.9,471415.0,22.34,91.79,6,1,-1.0,-1.8369701987210297e-16,0,0,0,0,0,1,0,0,0,0,0,0,0,0,0,0,0,0,0,0,0,0,0,0,0,0,0,0,0,0,0,0,0
3390,1998,7,35.6,25.8,1291.0,89.0,4.2,6.8,3.1,41978,684570.9,471415.0,22.34,91.79,6,1,-0.4999999999999997,-0.8660254037844388,0,0,0,0,0,1,0,0,0,0,0,0,0,0,0,0,0,0,0,0,0,0,0,0,0,0,0,0,0,0,0,0,0
3391,1998,8,34.5,25.8,1194.0,89.0,3.5,6.8,3.6,41978,684570.9,471415.0,22.34,91.79,6,1,-0.8660254037844385,-0.5000000000000004,0,0,0,0,0,1,0,0,0,0,0,0,0,0,0,0,0,0,0,0,0,0,0,0,0,0,0,0,0,0,0,0,0
3392,1998,9,36.7,25.8,224.0,84.0,2.1,5.5,6.4,41978,684570.9,471415.0,22.34,91.79,6,1,-1.0,-1.8369701987210297e-16,0,0,0,0,0,1,0,0,0,0,0,0,0,0,0,0,0,0,0,0,0,0,0,0,0,0,0,0,0,0,0,0,0
3401,1999,6,35.0,25.4,879.0,87.0,3.7,6.4,3.8,41978,684570.9,471415.0,22.34,91.79,6,1,1.2246467991473532e-16,-1.0,0,0,0,0,0,1,0,0,0,0,0,0,0,0,0,0,0,0,0,0,0,0,0,0,0,0,0,0,0,0,0,0,0
3402,1999,7,35.4,25.2,514.0,86.0,4.0,6.8,4.1,41978,684570.9,471415.0,22.34,91.79,6,1,-0.4999999999999997,-0.8660254037844388,0,0,0,0,0,1,0,0,0,0,0,0,0,0,0,0,0,0,0,0,0,0,0,0,0,0,0,0,0,0,0,0,0
3403,1999,8,33.4,25.5,848.0,88.0,3.8,6.7,3.1,41978,684570.9,471415.0,22.34,91.79,6,1,-0.8660254037844385,-0.5000000000000004,0,0,0,0,0,1,0,0,0,0,0,0,0,0,0,0,0,0,0,0,0,0,0,0,0,0,0,0,0,0,0,0,0
3412,2000,5,34.5,24.4,577.0,85.0,2.5,5.5,4.3,41978,684570.9,471415.0,22.34,91.79,6,1,0.49999999999999994,-0.8660254037844387,0,0,0,0,0,1,0,0,0,0,0,0,0,0,0,0,0,0,0,0,0,0,0,0,0,0,0,0,0,0,0,0,0
3413,2000,6,34.5,25.2,622.0,87.0,3.2,6.2,4.4,41978,684570.9,471415.0,22.34,91.79,6,1,1.2246467991473532e-16,-1.0,0,0,0,0,0,1,0,0,0,0,0,0,0,0,0,0,0,0,0,0,0,0,0,0,0,0,0,0,0,0,0,0,0
3414,2000,7,34.0,25.3,701.0,87.0,3.6,6.2,4.2,41978,684570.9,471415.0,22.34,91.79,6,1,-0.4999999999999997,-0.8660254037844388,0,0,0,0,0,1,0,0,0,0,0,0,0,0,0,0,0,0,0,0,0,0,0,0,0,0,0,0,0,0,0,0,0
3415,2000,8,34.5,25.1,564.0,88.0,3.0,6.3,5.4,41978,684570.9,471415.0,22.34,91.79,6,1,-0.8660254037844385,-0.5000000000000004,0,0,0,0,0,1,0,0,0,0,0,0,0,0,0,0,0,0,0,0,0,0,0,0,0,0,0,0,0,0,0,0,0
3417,2000,10,36.0,24.5,487.0,87.0,1.0,4.3,6.5,41978,684570.9,471415.0,22.34,91.79,6,1,-0.8660254037844386,0.5000000000000001,0,0,0,0,0,1,0,0,0,0,0,0,0,0,0,0,0,0,0,0,0,0,0,0,0,0,0,0,0,0,0,0,0
3424,2001,5,39.5,24.6,423.0,78.0,2.9,4.9,7.2,41978,684570.9,471415.0,22.34,91.79,6,1,0.49999999999999994,-0.8660254037844387,0,0,0,0,0,1,0,0,0,0,0,0,0,0,0,0,0,0,0,0,0,0,0,0,0,0,0,0,0,0,0,0,0
3425,2001,6,33.0,25.2,742.0,82.0,4.4,6.8,4.2,41978,684570.9,471415.0,22.34,91.79,6,1,1.2246467991473532e-16,-1.0,0,0,0,0,0,1,0,0,0,0,0,0,0,0,0,0,0,0,0,0,0,0,0,0,0,0,0,0,0,0,0,0,0
3426,2001,7,33.3,25.2,693.0,82.0,4.3,6.8,4.2,41978,684570.9,471415.0,22.34,91.79,6,1,-0.4999999999999997,-0.8660254037844388,0,0,0,0,0,1,0,0,0,0,0,0,0,0,0,0,0,0,0,0,0,0,0,0,0,0,0,0,0,0,0,0,0
3427,2001,8,34.5,25.7,523.0,81.0,3.6,6.7,4.8,41978,684570.9,471415.0,22.34,91.79,6,1,-0.8660254037844385,-0.5000000000000004,0,0,0,0,0,1,0,0,0,0,0,0,0,0,0,0,0,0,0,0,0,0,0,0,0,0,0,0,0,0,0,0,0
3437,2002,6,33.5,25.6,593.0,79.0,3.8,6.0,4.2,41978,684570.9,471415.0,22.34,91.79,6,1,1.2246467991473532e-16,-1.0,0,0,0,0,0,1,0,0,0,0,0,0,0,0,0,0,0,0,0,0,0,0,0,0,0,0,0,0,0,0,0,0,0
3438,2002,7,33.0,25.5,693.0,84.0,3.7,7.3,4.2,41978,684570.9,471415.0,22.34,91.79,6,1,-0.4999999999999997,-0.8660254037844388,0,0,0,0,0,1,0,0,0,0,0,0,0,0,0,0,0,0,0,0,0,0,0,0,0,0,0,0,0,0,0,0,0
3439,2002,8,33.5,25.3,523.0,81.0,3.5,6.6,4.8,41978,684570.9,471415.0,22.34,91.79,6,1,-0.8660254037844385,-0.5000000000000004,0,0,0,0,0,1,0,0,0,0,0,0,0,0,0,0,0,0,0,0,0,0,0,0,0,0,0,0,0,0,0,0,0
3449,2003,6,34.8,25.0,1209.0,90.0,1.2,6.7,4.2,41978,684570.9,471415.0,22.34,91.79,6,1,1.2246467991473532e-16,-1.0,0,0,0,0,0,1,0,0,0,0,0,0,0,0,0,0,0,0,0,0,0,0,0,0,0,0,0,0,0,0,0,0,0
3450,2003,7,35.2,25.8,372.0,85.0,1.0,5.9,4.2,41978,684570.9,471415.0,22.34,91.79,6,1,-0.4999999999999997,-0.8660254037844388,0,0,0,0,0,1,0,0,0,0,0,0,0,0,0,0,0,0,0,0,0,0,0,0,0,0,0,0,0,0,0,0,0
3461,2004,6,35.2,25.5,638.0,85.0,0.5,6.2,4.2,41978,684570.9,471415.0,22.34,91.79,6,1,1.2246467991473532e-16,-1.0,0,0,0,0,0,1,0,0,0,0,0,0,0,0,0,0,0,0,0,0,0,0,0,0,0,0,0,0,0,0,0,0,0
3462,2004,7,33.5,25.4,905.0,88.0,0.7,6.7,4.2,41978,684570.9,471415.0,22.34,91.79,6,1,-0.4999999999999997,-0.8660254037844388,0,0,0,0,0,1,0,0,0,0,0,0,0,0,0,0,0,0,0,0,0,0,0,0,0,0,0,0,0,0,0,0,0
3464,2004,9,34.0,25.2,590.0,87.0,0.5,6.0,5.9,41978,684570.9,471415.0,22.34,91.79,6,1,-1.0,-1.8369701987210297e-16,0,0,0,0,0,1,0,0,0,0,0,0,0,0,0,0,0,0,0,0,0,0,0,0,0,0,0,0,0,0,0,0,0
3474,2005,7,34.0,25.6,596.0,87.0,0.9,5.9,4.3,41978,684570.9,471415.0,22.34,91.79,6,1,-0.4999999999999997,-0.8660254037844388,0,0,0,0,0,1,0,0,0,0,0,0,0,0,0,0,0,0,0,0,0,0,0,0,0,0,0,0,0,0,0,0,0
3475,2005,8,34.3,25.5,654.0,91.0,0.6,7.0,6.2,41978,684570.9,471415.0,22.34,91.79,6,1,-0.8660254037844385,-0.5000000000000004,0,0,0,0,0,1,0,0,0,0,0,0,0,0,0,0,0,0,0,0,0,0,0,0,0,0,0,0,0,0,0,0,0
3476,2005,9,35.6,25.5,386.0,87.0,0.4,5.7,5.0,41978,684570.9,471415.0,22.34,91.79,6,1,-1.0,-1.8369701987210297e-16,0,0,0,0,0,1,0,0,0,0,0,0,0,0,0,0,0,0,0,0,0,0,0,0,0,0,0,0,0,0,0,0,0
3484,2006,5,36.8,24.6,859.0,84.0,1.0,4.6,6.7,41978,684570.9,471415.0,22.34,91.79,6,1,0.49999999999999994,-0.8660254037844387,0,0,0,0,0,1,0,0,0,0,0,0,0,0,0,0,0,0,0,0,0,0,0,0,0,0,0,0,0,0,0,0,0
3486,2006,7,34.2,25.7,495.0,88.0,1.1,6.4,4.3,41978,684570.9,471415.0,22.34,91.79,6,1,-0.4999999999999997,-0.8660254037844388,0,0,0,0,0,1,0,0,0,0,0,0,0,0,0,0,0,0,0,0,0,0,0,0,0,0,0,0,0,0,0,0,0
3488,2006,9,35.5,25.4,438.0,85.0,0.7,5.7,5.0,41978,684570.9,471415.0,22.34,91.79,6,1,-1.0,-1.8369701987210297e-16,0,0,0,0,0,1,0,0,0,0,0,0,0,0,0,0,0,0,0,0,0,0,0,0,0,0,0,0,0,0,0,0,0
3497,2007,6,35.8,25.6,953.0,88.0,1.1,6.0,4.6,41978,684570.9,471415.0,22.34,91.79,6,1,1.2246467991473532e-16,-1.0,0,0,0,0,0,1,0,0,0,0,0,0,0,0,0,0,0,0,0,0,0,0,0,0,0,0,0,0,0,0,0,0,0
3498,2007,7,34.8,25.3,930.0,90.0,1.0,6.9,3.2,41978,684570.9,471415.0,22.34,91.79,6,1,-0.4999999999999997,-0.8660254037844388,0,0,0,0,0,1,0,0,0,0,0,0,0,0,0,0,0,0,0,0,0,0,0,0,0,0,0,0,0,0,0,0,0
3499,2007,8,35.5,25.4,589.0,86.0,1.6,6.5,5.0,41978,684570.9,471415.0,22.34,91.79,6,1,-0.8660254037844385,-0.5000000000000004,0,0,0,0,0,1,0,0,0,0,0,0,0,0,0,0,0,0,0,0,0,0,0,0,0,0,0,0,0,0,0,0,0
3500,2007,9,34.4,25.4,512.0,88.0,1.5,6.8,4.1,41978,684570.9,471415.0,22.34,91.79,6,1,-1.0,-1.8369701987210297e-16,0,0,0,0,0,1,0,0,0,0,0,0,0,0,0,0,0,0,0,0,0,0,0,0,0,0,0,0,0,0,0,0,0
3501,2007,10,35.8,23.3,635.0,86.0,0.9,4.3,6.2,41978,684570.9,471415.0,22.34,91.79,6,1,-0.8660254037844386,0.5000000000000001,0,0,0,0,0,1,0,0,0,0,0,0,0,0,0,0,0,0,0,0,0,0,0,0,0,0,0,0,0,0,0,0,0
3509,2008,6,34.2,25.6,538.0,84.0,4.2,5.5,3.8,41978,684570.9,471415.0,22.34,91.79,6,1,1.2246467991473532e-16,-1.0,0,0,0,0,0,1,0,0,0,0,0,0,0,0,0,0,0,0,0,0,0,0,0,0,0,0,0,0,0,0,0,0,0
3510,2008,7,32.4,25.2,963.0,88.0,4.2,6.0,4.1,41978,684570.9,471415.0,22.34,91.79,6,1,-0.4999999999999997,-0.8660254037844388,0,0,0,0,0,1,0,0,0,0,0,0,0,0,0,0,0,0,0,0,0,0,0,0,0,0,0,0,0,0,0,0,0
3511,2008,8,33.3,25.4,757.0,88.0,4.0,6.0,4.7,41978,684570.9,471415.0,22.34,91.79,6,1,-0.8660254037844385,-0.5000000000000004,0,0,0,0,0,1,0,0,0,0,0,0,0,0,0,0,0,0,0,0,0,0,0,0,0,0,0,0,0,0,0,0,0
3522,2009,7,34.5,25.5,1244.0,87.0,4.5,6.3,4.5,41978,684570.9,471415.0,22.34,91.79,6,1,-0.4999999999999997,-0.8660254037844388,0,0,0,0,0,1,0,0,0,0,0,0,0,0,0,0,0,0,0,0,0,0,0,0,0,0,0,0,0,0,0,0,0
3523,2009,8,33.0,25.7,693.0,89.0,3.2,6.3,3.8,41978,684570.9,471415.0,22.34,91.79,6,1,-0.8660254037844385,-0.5000000000000004,0,0,0,0,0,1,0,0,0,0,0,0,0,0,0,0,0,0,0,0,0,0,0,0,0,0,0,0,0,0,0,0,0
3533,2010,6,33.4,25.6,747.0,85.0,4.3,6.0,4.0,41978,684570.9,471415.0,22.34,91.79,6,1,1.2246467991473532e-16,-1.0,0,0,0,0,0,1,0,0,0,0,0,0,0,0,0,0,0,0,0,0,0,0,0,0,0,0,0,0,0,0,0,0,0
3535,2010,8,33.8,25.6,516.0,84.0,3.1,6.2,5.4,41978,684570.9,471415.0,22.34,91.79,6,1,-0.8660254037844385,-0.5000000000000004,0,0,0,0,0,1,0,0,0,0,0,0,0,0,0,0,0,0,0,0,0,0,0,0,0,0,0,0,0,0,0,0,0
3546,2011,7,33.2,25.5,562.0,85.0,6.1,5.7,5.4,41978,684570.9,471415.0,22.34,91.79,6,1,-0.4999999999999997,-0.8660254037844388,0,0,0,0,0,1,0,0,0,0,0,0,0,0,0,0,0,0,0,0,0,0,0,0,0,0,0,0,0,0,0,0,0
3547,2011,8,34.0,25.1,806.0,87.0,6.0,6.7,5.4,41978,684570.9,471415.0,22.34,91.79,6,1,-0.8660254037844385,-0.5000000000000004,0,0,0,0,0,1,0,0,0,0,0,0,0,0,0,0,0,0,0,0,0,0,0,0,0,0,0,0,0,0,0,0,0
3548,2011,9,33.4,25.1,762.0,86.0,5.6,5.8,6.1,41978,684570.9,471415.0,22.34,91.79,6,1,-1.0,-1.8369701987210297e-16,0,0,0,0,0,1,0,0,0,0,0,0,0,0,0,0,0,0,0,0,0,0,0,0,0,0,0,0,0,0,0,0,0
3557,2012,6,34.8,25.5,1337.0,87.0,7.3,6.0,4.0,41978,684570.9,471415.0,22.34,91.79,6,1,1.2246467991473532e-16,-1.0,0,0,0,0,0,1,0,0,0,0,0,0,0,0,0,0,0,0,0,0,0,0,0,0,0,0,0,0,0,0,0,0,0
3558,2012,7,33.5,25.5,788.0,88.0,7.8,6.5,5.4,41978,684570.9,471415.0,22.34,91.79,6,1,-0.4999999999999997,-0.8660254037844388,0,0,0,0,0,1,0,0,0,0,0,0,0,0,0,0,0,0,0,0,0,0,0,0,0,0,0,0,0,0,0,0,0
3561,2012,10,33.2,24.2,636.0,84.0,5.6,3.3,6.5,41978,684570.9,471415.0,22.34,91.79,6,1,-0.8660254037844386,0.5000000000000001,0,0,0,0,0,1,0,0,0,0,0,0,0,0,0,0,0,0,0,0,0,0,0,0,0,0,0,0,0,0,0,0,0
3568,2013,5,33.6,24.5,773.0,86.0,7.5,6.1,6.1,41978,684570.9,471415.0,22.34,91.79,6,1,0.49999999999999994,-0.8660254037844387,0,0,0,0,0,1,0,0,0,0,0,0,0,0,0,0,0,0,0,0,0,0,0,0,0,0,0,0,0,0,0,0,0
3570,2013,7,36.5,26.0,405.0,84.0,6.5,5.8,5.4,41978,684570.9,471415.0,22.34,91.79,6,1,-0.4999999999999997,-0.8660254037844388,0,0,0,0,0,1,0,0,0,0,0,0,0,0,0,0,0,0,0,0,0,0,0,0,0,0,0,0,0,0,0,0,0
3573,2013,10,33.0,24.5,369.0,86.0,5.2,4.8,6.5,41978,684570.9,471415.0,22.34,91.79,6,1,-0.8660254037844386,0.5000000000000001,0,0,0,0,0,1,0,0,0,0,0,0,0,0,0,0,0,0,0,0,0,0,0,0,0,0,0,0,0,0,0,0,0
3581,1948,6,34.3,25.4,619.0,88.0,2.501851852,5.7,4.927272727,41933,621445.2,596963.4,23.48,91.19,10,1,1.2246467991473532e-16,-1.0,0,0,0,0,0,0,1,0,0,0,0,0,0,0,0,0,0,0,0,0,0,0,0,0,0,0,0,0,0,0,0,0,0
3582,1948,7,33.9,25.5,1045.0,95.0,2.481481481,5.7,4.566666667,41933,621445.2,596963.4,23.48,91.19,10,1,-0.4999999999999997,-0.8660254037844388,0,0,0,0,0,0,1,0,0,0,0,0,0,0,0,0,0,0,0,0,0,0,0,0,0,0,0,0,0,0,0,0,0
3584,1948,9,33.9,24.9,388.0,91.0,1.537037037,5.4,5.548484848,41933,621445.2,596963.4,23.48,91.19,10,1,-1.0,-1.8369701987210297e-16,0,0,0,0,0,0,1,0,0,0,0,0,0,0,0,0,0,0,0,0,0,0,0,0,0,0,0,0,0,0,0,0,0
3591,1949,4,34.3,22.0,494.0,80.0,2.374074074,5.2,7.790909091,41933,621445.2,596963.4,23.48,91.19,10,1,0.8660254037844387,-0.4999999999999998,0,0,0,0,0,0,1,0,0,0,0,0,0,0,0,0,0,0,0,0,0,0,0,0,0,0,0,0,0,0,0,0,0
3592,1949,5,34.4,24.3,665.0,85.0,2.285185185,4.8,6.587878788,41933,621445.2,596963.4,23.48,91.19,10,1,0.49999999999999994,-0.8660254037844387,0,0,0,0,0,0,1,0,0,0,0,0,0,0,0,0,0,0,0,0,0,0,0,0,0,0,0,0,0,0,0,0,0
3593,1949,6,33.3,26.1,884.0,88.0,2.501851852,7.0,4.927272727,41933,621445.2,596963.4,23.48,91.19,10,1,1.2246467991473532e-16,-1.0,0,0,0,0,0,0,1,0,0,0,0,0,0,0,0,0,0,0,0,0,0,0,0,0,0,0,0,0,0,0,0,0,0
3594,1949,7,33.3,25.4,747.0,88.0,2.481481481,6.6,4.566666667,41933,621445.2,596963.4,23.48,91.19,10,1,-0.4999999999999997,-0.8660254037844388,0,0,0,0,0,0,1,0,0,0,0,0,0,0,0,0,0,0,0,0,0,0,0,0,0,0,0,0,0,0,0,0,0
3595,1949,8,33.6,25.5,661.0,88.0,2.209259259,6.1,5.233333333,41933,621445.2,596963.4,23.48,91.19,10,1,-0.8660254037844385,-0.5000000000000004,0,0,0,0,0,0,1,0,0,0,0,0,0,0,0,0,0,0,0,0,0,0,0,0,0,0,0,0,0,0,0,0,0
3605,1950,6,33.0,25.7,426.0,89.0,2.501851852,6.6,4.927272727,41933,621445.2,596963.4,23.48,91.19,10,1,1.2246467991473532e-16,-1.0,0,0,0,0,0,0,1,0,0,0,0,0,0,0,0,0,0,0,0,0,0,0,0,0,0,0,0,0,0,0,0,0,0
3607,1950,8,31.9,24.8,530.0,91.0,2.209259259,7.1,5.233333333,41933,621445.2,596963.4,23.48,91.19,10,1,-0.8660254037844385,-0.5000000000000004,0,0,0,0,0,0,1,0,0,0,0,0,0,0,0,0,0,0,0,0,0,0,0,0,0,0,0,0,0,0,0,0,0
3617,1951,6,32.8,25.5,539.0,87.0,2.501851852,7.1,4.927272727,41933,621445.2,596963.4,23.48,91.19,10,1,1.2246467991473532e-16,-1.0,0,0,0,0,0,0,1,0,0,0,0,0,0,0,0,0,0,0,0,0,0,0,0,0,0,0,0,0,0,0,0,0,0
3618,1951,7,32.3,24.9,857.0,87.0,2.481481481,7.0,4.566666667,41933,621445.2,596963.4,23.48,91.19,10,1,-0.4999999999999997,-0.8660254037844388,0,0,0,0,0,0,1,0,0,0,0,0,0,0,0,0,0,0,0,0,0,0,0,0,0,0,0,0,0,0,0,0,0
3619,1951,8,33.3,25.6,596.0,86.0,2.209259259,6.5,5.233333333,41933,621445.2,596963.4,23.48,91.19,10,1,-0.8660254037844385,-0.5000000000000004,0,0,0,0,0,0,1,0,0,0,0,0,0,0,0,0,0,0,0,0,0,0,0,0,0,0,0,0,0,0,0,0,0
3620,1951,9,32.7,25.5,401.0,86.0,1.537037037,5.4,5.548484848,41933,621445.2,596963.4,23.48,91.19,10,1,-1.0,-1.8369701987210297e-16,0,0,0,0,0,0,1,0,0,0,0,0,0,0,0,0,0,0,0,0,0,0,0,0,0,0,0,0,0,0,0,0,0
3621,1951,10,32.2,24.3,427.0,88.0,0.912962963,4.5,6.839393939,41933,621445.2,596963.4,23.48,91.19,10,1,-0.8660254037844386,0.5000000000000001,0,0,0,0,0,0,1,0,0,0,0,0,0,0,0,0,0,0,0,0,0,0,0,0,0,0,0,0,0,0,0,0,0
3628,1952,5,33.4,24.9,541.0,83.0,2.285185185,4.8,6.587878788,41933,621445.2,596963.4,23.48,91.19,10,1,0.49999999999999994,-0.8660254037844387,0,0,0,0,0,0,1,0,0,0,0,0,0,0,0,0,0,0,0,0,0,0,0,0,0,0,0,0,0,0,0,0,0
3629,1952,6,34.4,25.7,899.0,87.0,2.501851852,6.4,4.927272727,41933,621445.2,596963.4,23.48,91.19,10,1,1.2246467991473532e-16,-1.0,0,0,0,0,0,0,1,0,0,0,0,0,0,0,0,0,0,0,0,0,0,0,0,0,0,0,0,0,0,0,0,0,0
3630,1952,7,32.7,25.3,644.0,88.0,2.481481481,7.1,4.566666667,41933,621445.2,596963.4,23.48,91.19,10,1,-0.4999999999999997,-0.8660254037844388,0,0,0,0,0,0,1,0,0,0,0,0,0,0,0,0,0,0,0,0,0,0,0,0,0,0,0,0,0,0,0,0,0
3631,1952,8,34.4,25.5,419.0,86.0,2.209259259,6.8,5.233333333,41933,621445.2,596963.4,23.48,91.19,10,1,-0.8660254037844385,-0.5000000000000004,0,0,0,0,0,0,1,0,0,0,0,0,0,0,0,0,0,0,0,0,0,0,0,0,0,0,0,0,0,0,0,0,0
3632,1952,9,31.8,25.2,570.0,90.0,1.537037037,7.0,5.548484848,41933,621445.2,596963.4,23.48,91.19,10,1,-1.0,-1.8369701987210297e-16,0,0,0,0,0,0,1,0,0,0,0,0,0,0,0,0,0,0,0,0,0,0,0,0,0,0,0,0,0,0,0,0,0
3633,1952,10,33.1,24.4,422.0,87.0,0.912962963,4.8,6.839393939,41933,621445.2,596963.4,23.48,91.19,10,1,-0.8660254037844386,0.5000000000000001,0,0,0,0,0,0,1,0,0,0,0,0,0,0,0,0,0,0,0,0,0,0,0,0,0,0,0,0,0,0,0,0,0
3641,1953,6,34.4,24.9,661.0,87.0,2.501851852,5.6,4.927272727,41933,621445.2,596963.4,23.48,91.19,10,1,1.2246467991473532e-16,-1.0,0,0,0,0,0,0,1,0,0,0,0,0,0,0,0,0,0,0,0,0,0,0,0,0,0,0,0,0,0,0,0,0,0
3642,1953,7,34.4,25.5,612.0,89.0,2.481481481,6.9,4.566666667,41933,621445.2,596963.4,23.48,91.19,10,1,-0.4999999999999997,-0.8660254037844388,0,0,0,0,0,0,1,0,0,0,0,0,0,0,0,0,0,0,0,0,0,0,0,0,0,0,0,0,0,0,0,0,0
3644,1953,9,33.9,25.5,493.0,87.0,1.537037037,6.4,5.548484848,41933,621445.2,596963.4,23.48,91.19,10,1,-1.0,-1.8369701987210297e-16,0,0,0,0,0,0,1,0,0,0,0,0,0,0,0,0,0,0,0,0,0,0,0,0,0,0,0,0,0,0,0,0,0
3653,1954,6,34.6,24.6,979.0,92.0,2.501851852,6.8,4.927272727,41933,621445.2,596963.4,23.48,91.19,10,1,1.2246467991473532e-16,-1.0,0,0,0,0,0,0,1,0,0,0,0,0,0,0,0,0,0,0,0,0,0,0,0,0,0,0,0,0,0,0,0,0,0
3654,1954,7,33.1,23.9,389.0,90.0,2.481481481,5.6,4.566666667,41933,621445.2,596963.4,23.48,91.19,10,1,-0.4999999999999997,-0.8660254037844388,0,0,0,0,0,0,1,0,0,0,0,0,0,0,0,0,0,0,0,0,0,0,0,0,0,0,0,0,0,0,0,0,0
3655,1954,8,34.4,24.5,376.0,92.0,2.209259259,6.1,5.233333333,41933,621445.2,596963.4,23.48,91.19,10,1,-0.8660254037844385,-0.5000000000000004,0,0,0,0,0,0,1,0,0,0,0,0,0,0,0,0,0,0,0,0,0,0,0,0,0,0,0,0,0,0,0,0,0
3666,1955,7,31.3,25.3,663.0,88.0,2.481481481,6.8,4.566666667,41933,621445.2,596963.4,23.48,91.19,10,1,-0.4999999999999997,-0.8660254037844388,0,0,0,0,0,0,1,0,0,0,0,0,0,0,0,0,0,0,0,0,0,0,0,0,0,0,0,0,0,0,0,0,0
3667,1955,8,31.8,25.3,329.0,87.0,2.209259259,5.7,5.233333333,41933,621445.2,596963.4,23.48,91.19,10,1,-0.8660254037844385,-0.5000000000000004,0,0,0,0,0,0,1,0,0,0,0,0,0,0,0,0,0,0,0,0,0,0,0,0,0,0,0,0,0,0,0,0,0
3677,1956,6,33.8,24.8,703.0,87.0,2.501851852,6.3,4.927272727,41933,621445.2,596963.4,23.48,91.19,10,1,1.2246467991473532e-16,-1.0,0,0,0,0,0,0,1,0,0,0,0,0,0,0,0,0,0,0,0,0,0,0,0,0,0,0,0,0,0,0,0,0,0
3678,1956,7,33.7,25.0,423.0,84.0,2.481481481,5.9,4.566666667,41933,621445.2,596963.4,23.48,91.19,10,1,-0.4999999999999997,-0.8660254037844388,0,0,0,0,0,0,1,0,0,0,0,0,0,0,0,0,0,0,0,0,0,0,0,0,0,0,0,0,0,0,0,0,0
3680,1956,9,35.9,24.5,444.0,85.0,1.537037037,5.4,5.548484848,41933,621445.2,596963.4,23.48,91.19,10,1,-1.0,-1.8369701987210297e-16,0,0,0,0,0,0,1,0,0,0,0,0,0,0,0,0,0,0,0,0,0,0,0,0,0,0,0,0,0,0,0,0,0
3689,1957,6,34.6,24.8,374.0,85.0,2.501851852,5.3,4.927272727,41933,621445.2,596963.4,23.48,91.19,10,1,1.2246467991473532e-16,-1.0,0,0,0,0,0,0,1,0,0,0,0,0,0,0,0,0,0,0,0,0,0,0,0,0,0,0,0,0,0,0,0,0,0
3690,1957,7,33.3,25.5,384.0,85.0,2.481481481,5.8,4.566666667,41933,621445.2,596963.4,23.48,91.19,10,1,-0.4999999999999997,-0.8660254037844388,0,0,0,0,0,0,1,0,0,0,0,0,0,0,0,0,0,0,0,0,0,0,0,0,0,0,0,0,0,0,0,0,0
3692,1957,9,34.5,25.3,366.0,86.0,1.537037037,4.9,5.548484848,41933,621445.2,596963.4,23.48,91.19,10,1,-1.0,-1.8369701987210297e-16,0,0,0,0,0,0,1,0,0,0,0,0,0,0,0,0,0,0,0,0,0,0,0,0,0,0,0,0,0,0,0,0,0
3703,1958,8,33.9,25.5,373.0,86.0,2.209259259,5.9,5.233333333,41933,621445.2,596963.4,23.48,91.19,10,1,-0.8660254037844385,-0.5000000000000004,0,0,0,0,0,0,1,0,0,0,0,0,0,0,0,0,0,0,0,0,0,0,0,0,0,0,0,0,0,0,0,0,0
3714,1959,7,33.9,25.5,396.0,85.0,2.481481481,6.9,4.566666667,41933,621445.2,596963.4,23.48,91.19,10,1,-0.4999999999999997,-0.8660254037844388,0,0,0,0,0,0,1,0,0,0,0,0,0,0,0,0,0,0,0,0,0,0,0,0,0,0,0,0,0,0,0,0,0
3715,1959,8,35.6,25.2,581.0,86.0,2.209259259,6.4,5.233333333,41933,621445.2,596963.4,23.48,91.19,10,1,-0.8660254037844385,-0.5000000000000004,0,0,0,0,0,0,1,0,0,0,0,0,0,0,0,0,0,0,0,0,0,0,0,0,0,0,0,0,0,0,0,0,0
3717,1959,10,36.7,23.5,311.0,87.0,0.912962963,4.6,6.839393939,41933,621445.2,596963.4,23.48,91.19,10,1,-0.8660254037844386,0.5000000000000001,0,0,0,0,0,0,1,0,0,0,0,0,0,0,0,0,0,0,0,0,0,0,0,0,0,0,0,0,0,0,0,0,0
3725,1960,6,35.0,25.8,373.0,84.0,2.1,5.2,4.927272727,41933,621445.2,596963.4,23.48,91.19,10,1,1.2246467991473532e-16,-1.0,0,0,0,0,0,0,1,0,0,0,0,0,0,0,0,0,0,0,0,0,0,0,0,0,0,0,0,0,0,0,0,0,0
3726,1960,7,34.4,25.2,591.0,88.0,4.0,5.8,4.566666667,41933,621445.2,596963.4,23.48,91.19,10,1,-0.4999999999999997,-0.8660254037844388,0,0,0,0,0,0,1,0,0,0,0,0,0,0,0,0,0,0,0,0,0,0,0,0,0,0,0,0,0,0,0,0,0
3728,1960,9,34.4,24.3,454.0,87.0,2.7,5.4,5.548484848,41933,621445.2,596963.4,23.48,91.19,10,1,-1.0,-1.8369701987210297e-16,0,0,0,0,0,0,1,0,0,0,0,0,0,0,0,0,0,0,0,0,0,0,0,0,0,0,0,0,0,0,0,0,0
3737,1961,6,36.1,25.2,639.0,85.0,3.3,5.5,4.927272727,41933,621445.2,596963.4,23.48,91.19,10,1,1.2246467991473532e-16,-1.0,0,0,0,0,0,0,1,0,0,0,0,0,0,0,0,0,0,0,0,0,0,0,0,0,0,0,0,0,0,0,0,0,0
3738,1961,7,34.4,25.4,382.0,85.0,2.9,6.2,4.566666667,41933,621445.2,596963.4,23.48,91.19,10,1,-0.4999999999999997,-0.8660254037844388,0,0,0,0,0,0,1,0,0,0,0,0,0,0,0,0,0,0,0,0,0,0,0,0,0,0,0,0,0,0,0,0,0
3739,1961,8,33.9,25.5,577.0,87.0,3.7,6.0,5.233333333,41933,621445.2,596963.4,23.48,91.19,10,1,-0.8660254037844385,-0.5000000000000004,0,0,0,0,0,0,1,0,0,0,0,0,0,0,0,0,0,0,0,0,0,0,0,0,0,0,0,0,0,0,0,0,0
3749,1962,6,34.4,23.9,446.0,87.0,1.9,7.4,4.927272727,41933,621445.2,596963.4,23.48,91.19,10,1,1.2246467991473532e-16,-1.0,0,0,0,0,0,0,1,0,0,0,0,0,0,0,0,0,0,0,0,0,0,0,0,0,0,0,0,0,0,0,0,0,0
3750,1962,7,36.7,24.8,456.0,87.0,2.1,6.9,4.566666667,41933,621445.2,596963.4,23.48,91.19,10,1,-0.4999999999999997,-0.8660254037844388,0,0,0,0,0,0,1,0,0,0,0,0,0,0,0,0,0,0,0,0,0,0,0,0,0,0,0,0,0,0,0,0,0
3761,1963,6,32.2,25.3,414.0,86.0,2.6,5.7,4.927272727,41933,621445.2,596963.4,23.48,91.19,10,1,1.2246467991473532e-16,-1.0,0,0,0,0,0,0,1,0,0,0,0,0,0,0,0,0,0,0,0,0,0,0,0,0,0,0,0,0,0,0,0,0,0
3762,1963,7,31.3,25.3,447.0,87.0,2.6,6.1,4.566666667,41933,621445.2,596963.4,23.48,91.19,10,1,-0.4999999999999997,-0.8660254037844388,0,0,0,0,0,0,1,0,0,0,0,0,0,0,0,0,0,0,0,0,0,0,0,0,0,0,0,0,0,0,0,0,0
3763,1963,8,31.8,25.3,349.0,86.0,2.3,5.8,5.233333333,41933,621445.2,596963.4,23.48,91.19,10,1,-0.8660254037844385,-0.5000000000000004,0,0,0,0,0,0,1,0,0,0,0,0,0,0,0,0,0,0,0,0,0,0,0,0,0,0,0,0,0,0,0,0,0
3773,1964,6,33.3,24.2,544.0,93.0,2.8,6.1,4.927272727,41933,621445.2,596963.4,23.48,91.19,10,1,1.2246467991473532e-16,-1.0,0,0,0,0,0,0,1,0,0,0,0,0,0,0,0,0,0,0,0,0,0,0,0,0,0,0,0,0,0,0,0,0,0
3774,1964,7,33.9,24.1,816.0,94.0,2.2,6.4,4.566666667,41933,621445.2,596963.4,23.48,91.19,10,1,-0.4999999999999997,-0.8660254037844388,0,0,0,0,0,0,1,0,0,0,0,0,0,0,0,0,0,0,0,0,0,0,0,0,0,0,0,0,0,0,0,0,0
3775,1964,8,34.7,25.1,540.0,92.0,2.3,5.8,5.233333333,41933,621445.2,596963.4,23.48,91.19,10,1,-0.8660254037844385,-0.5000000000000004,0,0,0,0,0,0,1,0,0,0,0,0,0,0,0,0,0,0,0,0,0,0,0,0,0,0,0,0,0,0,0,0,0
3776,1964,9,35.6,25.3,428.0,90.0,1.2,5.3,5.548484848,41933,621445.2,596963.4,23.48,91.19,10,1,-1.0,-1.8369701987210297e-16,0,0,0,0,0,0,1,0,0,0,0,0,0,0,0,0,0,0,0,0,0,0,0,0,0,0,0,0,0,0,0,0,0
3777,1964,10,33.9,24.1,533.0,86.0,1.1,4.2,6.839393939,41933,621445.2,596963.4,23.48,91.19,10,1,-0.8660254037844386,0.5000000000000001,0,0,0,0,0,0,1,0,0,0,0,0,0,0,0,0,0,0,0,0,0,0,0,0,0,0,0,0,0,0,0,0,0
3785,1965,6,35.0,24.6,717.0,90.0,2.1,6.3,4.927272727,41933,621445.2,596963.4,23.48,91.19,10,1,1.2246467991473532e-16,-1.0,0,0,0,0,0,0,1,0,0,0,0,0,0,0,0,0,0,0,0,0,0,0,0,0,0,0,0,0,0,0,0,0,0
3786,1965,7,33.9,24.7,595.0,96.0,1.1,5.8,4.566666667,41933,621445.2,596963.4,23.48,91.19,10,1,-0.4999999999999997,-0.8660254037844388,0,0,0,0,0,0,1,0,0,0,0,0,0,0,0,0,0,0,0,0,0,0,0,0,0,0,0,0,0,0,0,0,0
3787,1965,8,35.0,24.9,810.0,95.0,1.1,6.0,5.233333333,41933,621445.2,596963.4,23.48,91.19,10,1,-0.8660254037844385,-0.5000000000000004,0,0,0,0,0,0,1,0,0,0,0,0,0,0,0,0,0,0,0,0,0,0,0,0,0,0,0,0,0,0,0,0,0
3797,1966,6,35.0,24.9,641.0,94.0,3.2,6.2,4.927272727,41933,621445.2,596963.4,23.48,91.19,10,1,1.2246467991473532e-16,-1.0,0,0,0,0,0,0,1,0,0,0,0,0,0,0,0,0,0,0,0,0,0,0,0,0,0,0,0,0,0,0,0,0,0
3799,1966,8,33.3,25.5,347.0,93.0,1.4,6.3,5.233333333,41933,621445.2,596963.4,23.48,91.19,10,1,-0.8660254037844385,-0.5000000000000004,0,0,0,0,0,0,1,0,0,0,0,0,0,0,0,0,0,0,0,0,0,0,0,0,0,0,0,0,0,0,0,0,0
3800,1966,9,33.3,24.9,540.0,90.0,0.7,4.5,5.548484848,41933,621445.2,596963.4,23.48,91.19,10,1,-1.0,-1.8369701987210297e-16,0,0,0,0,0,0,1,0,0,0,0,0,0,0,0,0,0,0,0,0,0,0,0,0,0,0,0,0,0,0,0,0,0
3810,1967,7,34.4,25.2,405.0,87.0,2.2,6.1,4.566666667,41933,621445.2,596963.4,23.48,91.19,10,1,-0.4999999999999997,-0.8660254037844388,0,0,0,0,0,0,1,0,0,0,0,0,0,0,0,0,0,0,0,0,0,0,0,0,0,0,0,0,0,0,0,0,0
3812,1967,9,33.3,24.7,443.0,87.0,2.1,5.1,5.548484848,41933,621445.2,596963.4,23.48,91.19,10,1,-1.0,-1.8369701987210297e-16,0,0,0,0,0,0,1,0,0,0,0,0,0,0,0,0,0,0,0,0,0,0,0,0,0,0,0,0,0,0,0,0,0
3821,1968,6,35.0,24.9,524.0,89.0,3.0,5.7,4.927272727,41933,621445.2,596963.4,23.48,91.19,10,1,1.2246467991473532e-16,-1.0,0,0,0,0,0,0,1,0,0,0,0,0,0,0,0,0,0,0,0,0,0,0,0,0,0,0,0,0,0,0,0,0,0
3822,1968,7,35.0,25.7,498.0,87.0,2.7,6.1,4.566666667,41933,621445.2,596963.4,23.48,91.19,10,1,-0.4999999999999997,-0.8660254037844388,0,0,0,0,0,0,1,0,0,0,0,0,0,0,0,0,0,0,0,0,0,0,0,0,0,0,0,0,0,0,0,0,0
3823,1968,8,32.8,25.5,442.0,88.0,2.1,5.8,5.233333333,41933,621445.2,596963.4,23.48,91.19,10,1,-0.8660254037844385,-0.5000000000000004,0,0,0,0,0,0,1,0,0,0,0,0,0,0,0,0,0,0,0,0,0,0,0,0,0,0,0,0,0,0,0,0,0
3833,1969,6,33.9,24.8,782.0,88.0,2.3,4.7,4.927272727,41933,621445.2,596963.4,23.48,91.19,10,1,1.2246467991473532e-16,-1.0,0,0,0,0,0,0,1,0,0,0,0,0,0,0,0,0,0,0,0,0,0,0,0,0,0,0,0,0,0,0,0,0,0
3834,1969,7,34.4,24.8,559.0,87.0,2.4,4.5,4.566666667,41933,621445.2,596963.4,23.48,91.19,10,1,-0.4999999999999997,-0.8660254037844388,0,0,0,0,0,0,1,0,0,0,0,0,0,0,0,0,0,0,0,0,0,0,0,0,0,0,0,0,0,0,0,0,0
3835,1969,8,33.9,24.8,644.0,90.0,2.4,5.1,5.233333333,41933,621445.2,596963.4,23.48,91.19,10,1,-0.8660254037844385,-0.5000000000000004,0,0,0,0,0,0,1,0,0,0,0,0,0,0,0,0,0,0,0,0,0,0,0,0,0,0,0,0,0,0,0,0,0
3846,1970,7,35.0,26.0,546.0,93.0,1.8,4.5,4.566666667,41933,621445.2,596963.4,23.48,91.19,10,1,-0.4999999999999997,-0.8660254037844388,0,0,0,0,0,0,1,0,0,0,0,0,0,0,0,0,0,0,0,0,0,0,0,0,0,0,0,0,0,0,0,0,0
3869,1972,6,37.8,25.6,369.0,86.0,2.9,5.7,4.927272727,41933,621445.2,596963.4,23.48,91.19,10,1,1.2246467991473532e-16,-1.0,0,0,0,0,0,0,1,0,0,0,0,0,0,0,0,0,0,0,0,0,0,0,0,0,0,0,0,0,0,0,0,0,0
3871,1972,8,34.2,25.2,385.0,86.0,3.3,6.7,5.233333333,41933,621445.2,596963.4,23.48,91.19,10,1,-0.8660254037844385,-0.5000000000000004,0,0,0,0,0,0,1,0,0,0,0,0,0,0,0,0,0,0,0,0,0,0,0,0,0,0,0,0,0,0,0,0,0
3880,1973,5,34.4,23.9,445.0,79.0,2.4,5.0,6.587878788,41933,621445.2,596963.4,23.48,91.19,10,1,0.49999999999999994,-0.8660254037844387,0,0,0,0,0,0,1,0,0,0,0,0,0,0,0,0,0,0,0,0,0,0,0,0,0,0,0,0,0,0,0,0,0
3881,1973,6,34.7,25.1,489.0,84.0,2.2,6.1,4.927272727,41933,621445.2,596963.4,23.48,91.19,10,1,1.2246467991473532e-16,-1.0,0,0,0,0,0,0,1,0,0,0,0,0,0,0,0,0,0,0,0,0,0,0,0,0,0,0,0,0,0,0,0,0,0
3893,1974,6,33.9,24.8,488.0,83.0,3.0,5.6,4.927272727,41933,621445.2,596963.4,23.48,91.19,10,1,1.2246467991473532e-16,-1.0,0,0,0,0,0,0,1,0,0,0,0,0,0,0,0,0,0,0,0,0,0,0,0,0,0,0,0,0,0,0,0,0,0
3894,1974,7,31.1,24.9,763.0,89.0,3.5,7.0,4.566666667,41933,621445.2,596963.4,23.48,91.19,10,1,-0.4999999999999997,-0.8660254037844388,0,0,0,0,0,0,1,0,0,0,0,0,0,0,0,0,0,0,0,0,0,0,0,0,0,0,0,0,0,0,0,0,0
3896,1974,9,33.3,24.9,442.0,82.0,2.9,5.0,5.548484848,41933,621445.2,596963.4,23.48,91.19,10,1,-1.0,-1.8369701987210297e-16,0,0,0,0,0,0,1,0,0,0,0,0,0,0,0,0,0,0,0,0,0,0,0,0,0,0,0,0,0,0,0,0,0
3906,1975,7,31.7,24.8,516.0,85.0,4.3,6.5,4.566666667,41933,621445.2,596963.4,23.48,91.19,10,1,-0.4999999999999997,-0.8660254037844388,0,0,0,0,0,0,1,0,0,0,0,0,0,0,0,0,0,0,0,0,0,0,0,0,0,0,0,0,0,0,0,0,0
3917,1976,6,33.3,24.7,521.0,85.0,4.0,6.7,4.927272727,41933,621445.2,596963.4,23.48,91.19,10,1,1.2246467991473532e-16,-1.0,0,0,0,0,0,0,1,0,0,0,0,0,0,0,0,0,0,0,0,0,0,0,0,0,0,0,0,0,0,0,0,0,0
3918,1976,7,32.2,25.3,517.0,85.0,3.8,6.5,4.566666667,41933,621445.2,596963.4,23.48,91.19,10,1,-0.4999999999999997,-0.8660254037844388,0,0,0,0,0,0,1,0,0,0,0,0,0,0,0,0,0,0,0,0,0,0,0,0,0,0,0,0,0,0,0,0,0
3919,1976,8,33.3,25.0,435.0,85.0,3.8,6.2,5.233333333,41933,621445.2,596963.4,23.48,91.19,10,1,-0.8660254037844385,-0.5000000000000004,0,0,0,0,0,0,1,0,0,0,0,0,0,0,0,0,0,0,0,0,0,0,0,0,0,0,0,0,0,0,0,0,0
3928,1977,5,35.6,23.6,392.0,79.0,3.8,5.3,6.587878788,41933,621445.2,596963.4,23.48,91.19,10,1,0.49999999999999994,-0.8660254037844387,0,0,0,0,0,0,1,0,0,0,0,0,0,0,0,0,0,0,0,0,0,0,0,0,0,0,0,0,0,0,0,0,0
3929,1977,6,33.1,24.9,417.0,83.0,4.7,6.1,4.927272727,41933,621445.2,596963.4,23.48,91.19,10,1,1.2246467991473532e-16,-1.0,0,0,0,0,0,0,1,0,0,0,0,0,0,0,0,0,0,0,0,0,0,0,0,0,0,0,0,0,0,0,0,0,0
3930,1977,7,33.3,25.8,435.0,86.0,4.8,5.5,4.566666667,41933,621445.2,596963.4,23.48,91.19,10,1,-0.4999999999999997,-0.8660254037844388,0,0,0,0,0,0,1,0,0,0,0,0,0,0,0,0,0,0,0,0,0,0,0,0,0,0,0,0,0,0,0,0,0
3941,1978,6,32.2,25.3,414.0,86.0,2.6,5.7,4.927272727,41933,621445.2,596963.4,23.48,91.19,10,1,1.2246467991473532e-16,-1.0,0,0,0,0,0,0,1,0,0,0,0,0,0,0,0,0,0,0,0,0,0,0,0,0,0,0,0,0,0,0,0,0,0
3942,1978,7,31.3,25.3,447.0,87.0,2.6,6.1,4.566666667,41933,621445.2,596963.4,23.48,91.19,10,1,-0.4999999999999997,-0.8660254037844388,0,0,0,0,0,0,1,0,0,0,0,0,0,0,0,0,0,0,0,0,0,0,0,0,0,0,0,0,0,0,0,0,0
3955,1979,8,35.0,25.8,486.0,86.0,1.9,5.7,5.233333333,41933,621445.2,596963.4,23.48,91.19,10,1,-0.8660254037844385,-0.5000000000000004,0,0,0,0,0,0,1,0,0,0,0,0,0,0,0,0,0,0,0,0,0,0,0,0,0,0,0,0,0,0,0,0,0
3964,1980,5,35.0,22.8,429.0,80.0,2.8,3.7,6.587878788,41933,621445.2,596963.4,23.48,91.19,10,1,0.49999999999999994,-0.8660254037844387,0,0,0,0,0,0,1,0,0,0,0,0,0,0,0,0,0,0,0,0,0,0,0,0,0,0,0,0,0,0,0,0,0
3966,1980,7,33.9,25.3,472.0,85.0,2.5,5.2,4.566666667,41933,621445.2,596963.4,23.48,91.19,10,1,-0.4999999999999997,-0.8660254037844388,0,0,0,0,0,0,1,0,0,0,0,0,0,0,0,0,0,0,0,0,0,0,0,0,0,0,0,0,0,0,0,0,0
3967,1980,8,34.4,25.4,428.0,86.0,2.2,4.7,5.233333333,41933,621445.2,596963.4,23.48,91.19,10,1,-0.8660254037844385,-0.5000000000000004,0,0,0,0,0,0,1,0,0,0,0,0,0,0,0,0,0,0,0,0,0,0,0,0,0,0,0,0,0,0,0,0,0
3975,1981,4,32.8,21.7,470.0,81.0,1.8,3.8,6.8,41933,621445.2,596963.4,23.48,91.19,10,1,0.8660254037844387,-0.4999999999999998,0,0,0,0,0,0,1,0,0,0,0,0,0,0,0,0,0,0,0,0,0,0,0,0,0,0,0,0,0,0,0,0,0
3976,1981,5,32.8,23.3,383.0,81.0,1.3,4.4,6.9,41933,621445.2,596963.4,23.48,91.19,10,1,0.49999999999999994,-0.8660254037844387,0,0,0,0,0,0,1,0,0,0,0,0,0,0,0,0,0,0,0,0,0,0,0,0,0,0,0,0,0,0,0,0,0
3978,1981,7,32.8,25.0,511.0,87.0,2.1,6.0,4.4,41933,621445.2,596963.4,23.48,91.19,10,1,-0.4999999999999997,-0.8660254037844388,0,0,0,0,0,0,1,0,0,0,0,0,0,0,0,0,0,0,0,0,0,0,0,0,0,0,0,0,0,0,0,0,0
3989,1982,6,35.0,25.3,593.0,87.0,1.5,5.6,4.4,41933,621445.2,596963.4,23.48,91.19,10,1,1.2246467991473532e-16,-1.0,0,0,0,0,0,0,1,0,0,0,0,0,0,0,0,0,0,0,0,0,0,0,0,0,0,0,0,0,0,0,0,0,0
3991,1982,8,33.5,25.3,519.0,86.0,2.2,5.6,5.0,41933,621445.2,596963.4,23.48,91.19,10,1,-0.8660254037844385,-0.5000000000000004,0,0,0,0,0,0,1,0,0,0,0,0,0,0,0,0,0,0,0,0,0,0,0,0,0,0,0,0,0,0,0,0,0
4002,1983,7,35.0,26.0,396.0,85.0,1.6,5.7,4.2,41933,621445.2,596963.4,23.48,91.19,10,1,-0.4999999999999997,-0.8660254037844388,0,0,0,0,0,0,1,0,0,0,0,0,0,0,0,0,0,0,0,0,0,0,0,0,0,0,0,0,0,0,0,0,0
4003,1983,8,34.2,25.2,518.0,85.0,1.8,5.6,5.1,41933,621445.2,596963.4,23.48,91.19,10,1,-0.8660254037844385,-0.5000000000000004,0,0,0,0,0,0,1,0,0,0,0,0,0,0,0,0,0,0,0,0,0,0,0,0,0,0,0,0,0,0,0,0,0
4004,1983,9,34.8,25.7,403.0,85.0,2.0,6.0,5.6,41933,621445.2,596963.4,23.48,91.19,10,1,-1.0,-1.8369701987210297e-16,0,0,0,0,0,0,1,0,0,0,0,0,0,0,0,0,0,0,0,0,0,0,0,0,0,0,0,0,0,0,0,0,0
4012,1984,5,34.2,24.7,635.0,84.0,4.4,5.3,6.4,41933,621445.2,596963.4,23.48,91.19,10,1,0.49999999999999994,-0.8660254037844387,0,0,0,0,0,0,1,0,0,0,0,0,0,0,0,0,0,0,0,0,0,0,0,0,0,0,0,0,0,0,0,0,0
4013,1984,6,36.2,25.2,428.0,84.0,3.4,5.9,4.9,41933,621445.2,596963.4,23.48,91.19,10,1,1.2246467991473532e-16,-1.0,0,0,0,0,0,0,1,0,0,0,0,0,0,0,0,0,0,0,0,0,0,0,0,0,0,0,0,0,0,0,0,0,0
4015,1984,8,36.0,25.1,449.0,86.0,3.1,5.6,5.4,41933,621445.2,596963.4,23.48,91.19,10,1,-0.8660254037844385,-0.5000000000000004,0,0,0,0,0,0,1,0,0,0,0,0,0,0,0,0,0,0,0,0,0,0,0,0,0,0,0,0,0,0,0,0,0
4038,1986,7,34.0,25.3,389.0,86.0,2.5,5.5,4.2,41933,621445.2,596963.4,23.48,91.19,10,1,-0.4999999999999997,-0.8660254037844388,0,0,0,0,0,0,1,0,0,0,0,0,0,0,0,0,0,0,0,0,0,0,0,0,0,0,0,0,0,0,0,0,0
4040,1986,9,34.0,24.9,369.0,87.0,1.5,5.4,5.6,41933,621445.2,596963.4,23.48,91.19,10,1,-1.0,-1.8369701987210297e-16,0,0,0,0,0,0,1,0,0,0,0,0,0,0,0,0,0,0,0,0,0,0,0,0,0,0,0,0,0,0,0,0,0
4050,1987,7,33.4,25.8,429.0,89.0,2.9,6.7,4.1,41933,621445.2,596963.4,23.48,91.19,10,1,-0.4999999999999997,-0.8660254037844388,0,0,0,0,0,0,1,0,0,0,0,0,0,0,0,0,0,0,0,0,0,0,0,0,0,0,0,0,0,0,0,0,0
4060,1988,5,34.5,24.4,470.0,83.0,3.5,5.4,5.8,41933,621445.2,596963.4,23.48,91.19,10,1,0.49999999999999994,-0.8660254037844387,0,0,0,0,0,0,1,0,0,0,0,0,0,0,0,0,0,0,0,0,0,0,0,0,0,0,0,0,0,0,0,0,0
4062,1988,7,35.0,25.7,415.0,86.0,3.8,6.2,4.3,41933,621445.2,596963.4,23.48,91.19,10,1,-0.4999999999999997,-0.8660254037844388,0,0,0,0,0,0,1,0,0,0,0,0,0,0,0,0,0,0,0,0,0,0,0,0,0,0,0,0,0,0,0,0,0
4063,1988,8,34.1,25.8,423.0,88.0,3.3,6.5,2.9,41933,621445.2,596963.4,23.48,91.19,10,1,-0.8660254037844385,-0.5000000000000004,0,0,0,0,0,0,1,0,0,0,0,0,0,0,0,0,0,0,0,0,0,0,0,0,0,0,0,0,0,0,0,0,0
4096,1991,5,32.7,23.0,439.0,88.0,2.8,6.0,4.3,41933,621445.2,596963.4,23.48,91.19,10,1,0.49999999999999994,-0.8660254037844387,0,0,0,0,0,0,1,0,0,0,0,0,0,0,0,0,0,0,0,0,0,0,0,0,0,0,0,0,0,0,0,0,0
4098,1991,7,34.6,25.4,394.0,89.0,2.4,6.5,4.1,41933,621445.2,596963.4,23.48,91.19,10,1,-0.4999999999999997,-0.8660254037844388,0,0,0,0,0,0,1,0,0,0,0,0,0,0,0,0,0,0,0,0,0,0,0,0,0,0,0,0,0,0,0,0,0
4099,1991,8,36.0,25.4,409.0,87.0,2.0,6.2,5.4,41933,621445.2,596963.4,23.48,91.19,10,1,-0.8660254037844385,-0.5000000000000004,0,0,0,0,0,0,1,0,0,0,0,0,0,0,0,0,0,0,0,0,0,0,0,0,0,0,0,0,0,0,0,0,0
4100,1991,9,34.7,25.1,377.0,90.0,1.5,6.0,3.6,41933,621445.2,596963.4,23.48,91.19,10,1,-1.0,-1.8369701987210297e-16,0,0,0,0,0,0,1,0,0,0,0,0,0,0,0,0,0,0,0,0,0,0,0,0,0,0,0,0,0,0,0,0,0
4120,1993,5,34.5,23.4,638.0,86.0,2.0,4.9,6.4,41933,621445.2,596963.4,23.48,91.19,10,1,0.49999999999999994,-0.8660254037844387,0,0,0,0,0,0,1,0,0,0,0,0,0,0,0,0,0,0,0,0,0,0,0,0,0,0,0,0,0,0,0,0,0
4121,1993,6,34.0,25.7,506.0,88.0,2.7,6.2,5.0,41933,621445.2,596963.4,23.48,91.19,10,1,1.2246467991473532e-16,-1.0,0,0,0,0,0,0,1,0,0,0,0,0,0,0,0,0,0,0,0,0,0,0,0,0,0,0,0,0,0,0,0,0,0
4122,1993,7,34.0,25.6,537.0,89.0,2.2,5.9,4.5,41933,621445.2,596963.4,23.48,91.19,10,1,-0.4999999999999997,-0.8660254037844388,0,0,0,0,0,0,1,0,0,0,0,0,0,0,0,0,0,0,0,0,0,0,0,0,0,0,0,0,0,0,0,0,0
4133,1994,6,35.0,25.6,431.0,88.0,2.6,5.9,5.9,41933,621445.2,596963.4,23.48,91.19,10,1,1.2246467991473532e-16,-1.0,0,0,0,0,0,0,1,0,0,0,0,0,0,0,0,0,0,0,0,0,0,0,0,0,0,0,0,0,0,0,0,0,0
4146,1995,7,33.6,25.6,529.0,89.0,2.8,6.4,4.8,41933,621445.2,596963.4,23.48,91.19,10,1,-0.4999999999999997,-0.8660254037844388,0,0,0,0,0,0,1,0,0,0,0,0,0,0,0,0,0,0,0,0,0,0,0,0,0,0,0,0,0,0,0,0,0
4147,1995,8,34.3,25.7,452.0,88.0,2.0,6.0,4.2,41933,621445.2,596963.4,23.48,91.19,10,1,-0.8660254037844385,-0.5000000000000004,0,0,0,0,0,0,1,0,0,0,0,0,0,0,0,0,0,0,0,0,0,0,0,0,0,0,0,0,0,0,0,0,0
4156,1996,5,36.2,24.3,449.0,82.0,3.0,4.6,7.6,41933,621445.2,596963.4,23.48,91.19,10,1,0.49999999999999994,-0.8660254037844387,0,0,0,0,0,0,1,0,0,0,0,0,0,0,0,0,0,0,0,0,0,0,0,0,0,0,0,0,0,0,0,0,0
4157,1996,6,35.0,25.1,392.0,85.0,2.4,5.5,5.7,41933,621445.2,596963.4,23.48,91.19,10,1,1.2246467991473532e-16,-1.0,0,0,0,0,0,0,1,0,0,0,0,0,0,0,0,0,0,0,0,0,0,0,0,0,0,0,0,0,0,0,0,0,0
4170,1997,7,34.2,24.9,664.0,88.0,2.4,6.4,3.7,41933,621445.2,596963.4,23.48,91.19,10,1,-0.4999999999999997,-0.8660254037844388,0,0,0,0,0,0,1,0,0,0,0,0,0,0,0,0,0,0,0,0,0,0,0,0,0,0,0,0,0,0,0,0,0
4182,1998,7,34.2,25.2,854.0,90.0,1.9,6.7,2.5,41933,621445.2,596963.4,23.48,91.19,10,1,-0.4999999999999997,-0.8660254037844388,0,0,0,0,0,0,1,0,0,0,0,0,0,0,0,0,0,0,0,0,0,0,0,0,0,0,0,0,0,0,0,0,0
4194,1999,7,34.2,25.6,692.0,88.0,2.1,6.5,4.3,41933,621445.2,596963.4,23.48,91.19,10,1,-0.4999999999999997,-0.8660254037844388,0,0,0,0,0,0,1,0,0,0,0,0,0,0,0,0,0,0,0,0,0,0,0,0,0,0,0,0,0,0,0,0,0
4195,1999,8,34.2,25.6,371.0,88.0,2.0,6.4,3.9,41933,621445.2,596963.4,23.48,91.19,10,1,-0.8660254037844385,-0.5000000000000004,0,0,0,0,0,0,1,0,0,0,0,0,0,0,0,0,0,0,0,0,0,0,0,0,0,0,0,0,0,0,0,0,0
4204,2000,5,36.3,24.1,554.0,84.0,1.4,5.4,5.8,41933,621445.2,596963.4,23.48,91.19,10,1,0.49999999999999994,-0.8660254037844387,0,0,0,0,0,0,1,0,0,0,0,0,0,0,0,0,0,0,0,0,0,0,0,0,0,0,0,0,0,0,0,0,0
4217,2001,6,35.0,25.3,590.0,88.0,1.9,6.3,4.6,41933,621445.2,596963.4,23.48,91.19,10,1,1.2246467991473532e-16,-1.0,0,0,0,0,0,0,1,0,0,0,0,0,0,0,0,0,0,0,0,0,0,0,0,0,0,0,0,0,0,0,0,0,0
4230,2002,7,33.8,25.6,766.0,89.0,1.9,7.2,2.5,41933,621445.2,596963.4,23.48,91.19,10,1,-0.4999999999999997,-0.8660254037844388,0,0,0,0,0,0,1,0,0,0,0,0,0,0,0,0,0,0,0,0,0,0,0,0,0,0,0,0,0,0,0,0,0
4241,2003,6,37.0,24.9,673.0,88.0,2.4,6.3,3.2,41933,621445.2,596963.4,23.48,91.19,10,1,1.2246467991473532e-16,-1.0,0,0,0,0,0,0,1,0,0,0,0,0,0,0,0,0,0,0,0,0,0,0,0,0,0,0,0,0,0,0,0,0,0
4253,2004,6,36.0,25.0,654.0,86.0,2.0,6.1,4.9,41933,621445.2,596963.4,23.48,91.19,10,1,1.2246467991473532e-16,-1.0,0,0,0,0,0,0,1,0,0,0,0,0,0,0,0,0,0,0,0,0,0,0,0,0,0,0,0,0,0,0,0,0,0
4256,2004,9,34.0,25.1,686.0,87.0,1.6,6.3,3.9,41933,621445.2,596963.4,23.48,91.19,10,1,-1.0,-1.8369701987210297e-16,0,0,0,0,0,0,1,0,0,0,0,0,0,0,0,0,0,0,0,0,0,0,0,0,0,0,0,0,0,0,0,0,0
4266,2005,7,34.8,25.5,403.0,86.0,1.9,6.0,5.0,41933,621445.2,596963.4,23.48,91.19,10,1,-0.4999999999999997,-0.8660254037844388,0,0,0,0,0,0,1,0,0,0,0,0,0,0,0,0,0,0,0,0,0,0,0,0,0,0,0,0,0,0,0,0,0
4267,2005,8,34.8,25.5,410.0,88.0,1.9,6.4,3.9,41933,621445.2,596963.4,23.48,91.19,10,1,-0.8660254037844385,-0.5000000000000004,0,0,0,0,0,0,1,0,0,0,0,0,0,0,0,0,0,0,0,0,0,0,0,0,0,0,0,0,0,0,0,0,0
4268,2005,9,34.8,25.4,395.0,86.0,1.0,5.9,5.3,41933,621445.2,596963.4,23.48,91.19,10,1,-1.0,-1.8369701987210297e-16,0,0,0,0,0,0,1,0,0,0,0,0,0,0,0,0,0,0,0,0,0,0,0,0,0,0,0,0,0,0,0,0,0
4276,2006,5,36.7,24.4,607.0,80.0,1.7,4.5,6.9,41933,621445.2,596963.4,23.48,91.19,10,1,0.49999999999999994,-0.8660254037844387,0,0,0,0,0,0,1,0,0,0,0,0,0,0,0,0,0,0,0,0,0,0,0,0,0,0,0,0,0,0,0,0,0
4277,2006,6,35.8,25.6,402.0,86.0,1.9,6.3,5.2,41933,621445.2,596963.4,23.48,91.19,10,1,1.2246467991473532e-16,-1.0,0,0,0,0,0,0,1,0,0,0,0,0,0,0,0,0,0,0,0,0,0,0,0,0,0,0,0,0,0,0,0,0,0
4289,2007,6,35.6,25.3,548.0,87.0,1.5,5.9,5.2,41933,621445.2,596963.4,23.48,91.19,10,1,1.2246467991473532e-16,-1.0,0,0,0,0,0,0,1,0,0,0,0,0,0,0,0,0,0,0,0,0,0,0,0,0,0,0,0,0,0,0,0,0,0
4290,2007,7,34.6,25.4,654.0,88.0,1.5,6.7,3.6,41933,621445.2,596963.4,23.48,91.19,10,1,-0.4999999999999997,-0.8660254037844388,0,0,0,0,0,0,1,0,0,0,0,0,0,0,0,0,0,0,0,0,0,0,0,0,0,0,0,0,0,0,0,0,0
4302,2008,7,34.4,25.6,457.0,87.0,2.2,6.6,5.1,41933,621445.2,596963.4,23.48,91.19,10,1,-0.4999999999999997,-0.8660254037844388,0,0,0,0,0,0,1,0,0,0,0,0,0,0,0,0,0,0,0,0,0,0,0,0,0,0,0,0,0,0,0,0,0
4303,2008,8,36.2,25.5,375.0,87.0,1.5,6.4,4.9,41933,621445.2,596963.4,23.48,91.19,10,1,-0.8660254037844385,-0.5000000000000004,0,0,0,0,0,0,1,0,0,0,0,0,0,0,0,0,0,0,0,0,0,0,0,0,0,0,0,0,0,0,0,0,0
4314,2009,7,35.5,25.5,573.0,86.0,2.4,6.2,5.3,41933,621445.2,596963.4,23.48,91.19,10,1,-0.4999999999999997,-0.8660254037844388,0,0,0,0,0,0,1,0,0,0,0,0,0,0,0,0,0,0,0,0,0,0,0,0,0,0,0,0,0,0,0,0,0
4315,2009,8,35.0,25.9,427.0,86.0,2.1,6.2,4.8,41933,621445.2,596963.4,23.48,91.19,10,1,-0.8660254037844385,-0.5000000000000004,0,0,0,0,0,0,1,0,0,0,0,0,0,0,0,0,0,0,0,0,0,0,0,0,0,0,0,0,0,0,0,0,0
4325,2010,6,34.2,26.1,417.0,87.0,2.7,6.5,3.9,41933,621445.2,596963.4,23.48,91.19,10,1,1.2246467991473532e-16,-1.0,0,0,0,0,0,0,1,0,0,0,0,0,0,0,0,0,0,0,0,0,0,0,0,0,0,0,0,0,0,0,0,0,0
4337,2011,6,35.7,25.9,346.0,86.0,2.1,6.2,4.4,41933,621445.2,596963.4,23.48,91.19,10,1,1.2246467991473532e-16,-1.0,0,0,0,0,0,0,1,0,0,0,0,0,0,0,0,0,0,0,0,0,0,0,0,0,0,0,0,0,0,0,0,0,0
4339,2011,8,35.4,25.6,501.0,85.0,2.0,6.4,4.8,41933,621445.2,596963.4,23.48,91.19,10,1,-0.8660254037844385,-0.5000000000000004,0,0,0,0,0,0,1,0,0,0,0,0,0,0,0,0,0,0,0,0,0,0,0,0,0,0,0,0,0,0,0,0,0
4349,2012,6,35.8,25.8,442.0,85.0,2.3,5.9,5.0,41933,621445.2,596963.4,23.48,91.19,10,1,1.2246467991473532e-16,-1.0,0,0,0,0,0,0,1,0,0,0,0,0,0,0,0,0,0,0,0,0,0,0,0,0,0,0,0,0,0,0,0,0,0
4351,2012,8,34.5,25.9,373.0,84.0,1.9,5.9,6.3,41933,621445.2,596963.4,23.48,91.19,10,1,-0.8660254037844385,-0.5000000000000004,0,0,0,0,0,0,1,0,0,0,0,0,0,0,0,0,0,0,0,0,0,0,0,0,0,0,0,0,0,0,0,0,0
4360,2013,5,34.8,24.2,467.0,85.0,3.0,6.4,4.2,41933,621445.2,596963.4,23.48,91.19,10,1,0.49999999999999994,-0.8660254037844387,0,0,0,0,0,0,1,0,0,0,0,0,0,0,0,0,0,0,0,0,0,0,0,0,0,0,0,0,0,0,0,0,0
4373,1948,6,33.2,25.1,827.0,89.0,3.238888889,5.6,4.033962264,41992,705183.0,374324.6,21.46,91.98,4,1,1.2246467991473532e-16,-1.0,0,0,0,0,0,0,0,1,0,0,0,0,0,0,0,0,0,0,0,0,0,0,0,0,0,0,0,0,0,0,0,0,0
4374,1948,7,32.4,25.0,969.0,91.0,3.298148148,6.5,3.724528302,41992,705183.0,374324.6,21.46,91.98,4,1,-0.4999999999999997,-0.8660254037844388,0,0,0,0,0,0,0,1,0,0,0,0,0,0,0,0,0,0,0,0,0,0,0,0,0,0,0,0,0,0,0,0,0
4375,1948,8,32.2,24.9,958.0,90.0,2.898148148,6.2,4.483018868,41992,705183.0,374324.6,21.46,91.98,4,1,-0.8660254037844385,-0.5000000000000004,0,0,0,0,0,0,0,1,0,0,0,0,0,0,0,0,0,0,0,0,0,0,0,0,0,0,0,0,0,0,0,0,0
4385,1949,6,32.6,25.0,789.0,89.0,3.238888889,6.1,4.033962264,41992,705183.0,374324.6,21.46,91.98,4,1,1.2246467991473532e-16,-1.0,0,0,0,0,0,0,0,1,0,0,0,0,0,0,0,0,0,0,0,0,0,0,0,0,0,0,0,0,0,0,0,0,0
4386,1949,7,33.7,24.5,960.0,89.0,3.298148148,6.3,3.724528302,41992,705183.0,374324.6,21.46,91.98,4,1,-0.4999999999999997,-0.8660254037844388,0,0,0,0,0,0,0,1,0,0,0,0,0,0,0,0,0,0,0,0,0,0,0,0,0,0,0,0,0,0,0,0,0
4387,1949,8,31.7,24.7,683.0,91.0,2.898148148,6.4,4.483018868,41992,705183.0,374324.6,21.46,91.98,4,1,-0.8660254037844385,-0.5000000000000004,0,0,0,0,0,0,0,1,0,0,0,0,0,0,0,0,0,0,0,0,0,0,0,0,0,0,0,0,0,0,0,0,0
4388,1949,9,32.5,24.4,359.0,87.0,2.190740741,5.4,5.873584906,41992,705183.0,374324.6,21.46,91.98,4,1,-1.0,-1.8369701987210297e-16,0,0,0,0,0,0,0,1,0,0,0,0,0,0,0,0,0,0,0,0,0,0,0,0,0,0,0,0,0,0,0,0,0
4397,1950,6,33.3,25.0,790.0,85.0,3.238888889,5.0,4.033962264,41992,705183.0,374324.6,21.46,91.98,4,1,1.2246467991473532e-16,-1.0,0,0,0,0,0,0,0,1,0,0,0,0,0,0,0,0,0,0,0,0,0,0,0,0,0,0,0,0,0,0,0,0,0
4398,1950,7,32.3,24.5,1368.0,88.0,3.298148148,4.6,3.724528302,41992,705183.0,374324.6,21.46,91.98,4,1,-0.4999999999999997,-0.8660254037844388,0,0,0,0,0,0,0,1,0,0,0,0,0,0,0,0,0,0,0,0,0,0,0,0,0,0,0,0,0,0,0,0,0
4399,1950,8,32.2,24.7,744.0,88.0,2.898148148,4.8,4.483018868,41992,705183.0,374324.6,21.46,91.98,4,1,-0.8660254037844385,-0.5000000000000004,0,0,0,0,0,0,0,1,0,0,0,0,0,0,0,0,0,0,0,0,0,0,0,0,0,0,0,0,0,0,0,0,0
4400,1950,9,34.2,24.9,440.0,84.0,2.190740741,3.2,5.873584906,41992,705183.0,374324.6,21.46,91.98,4,1,-1.0,-1.8369701987210297e-16,0,0,0,0,0,0,0,1,0,0,0,0,0,0,0,0,0,0,0,0,0,0,0,0,0,0,0,0,0,0,0,0,0
4409,1951,6,34.4,24.3,691.0,87.0,3.238888889,6.1,4.033962264,41992,705183.0,374324.6,21.46,91.98,4,1,1.2246467991473532e-16,-1.0,0,0,0,0,0,0,0,1,0,0,0,0,0,0,0,0,0,0,0,0,0,0,0,0,0,0,0,0,0,0,0,0,0
4410,1951,7,34.1,24.3,661.0,87.0,3.298148148,6.5,3.724528302,41992,705183.0,374324.6,21.46,91.98,4,1,-0.4999999999999997,-0.8660254037844388,0,0,0,0,0,0,0,1,0,0,0,0,0,0,0,0,0,0,0,0,0,0,0,0,0,0,0,0,0,0,0,0,0
4411,1951,8,33.3,24.6,765.0,87.0,2.898148148,6.5,4.483018868,41992,705183.0,374324.6,21.46,91.98,4,1,-0.8660254037844385,-0.5000000000000004,0,0,0,0,0,0,0,1,0,0,0,0,0,0,0,0,0,0,0,0,0,0,0,0,0,0,0,0,0,0,0,0,0
4412,1951,9,33.3,24.7,799.0,85.0,2.190740741,4.0,5.873584906,41992,705183.0,374324.6,21.46,91.98,4,1,-1.0,-1.8369701987210297e-16,0,0,0,0,0,0,0,1,0,0,0,0,0,0,0,0,0,0,0,0,0,0,0,0,0,0,0,0,0,0,0,0,0
4413,1951,10,33.9,24.1,606.0,82.0,1.635185185,3.6,7.533962264,41992,705183.0,374324.6,21.46,91.98,4,1,-0.8660254037844386,0.5000000000000001,0,0,0,0,0,0,0,1,0,0,0,0,0,0,0,0,0,0,0,0,0,0,0,0,0,0,0,0,0,0,0,0,0
4421,1952,6,32.8,24.8,809.0,88.0,3.238888889,6.1,4.033962264,41992,705183.0,374324.6,21.46,91.98,4,1,1.2246467991473532e-16,-1.0,0,0,0,0,0,0,0,1,0,0,0,0,0,0,0,0,0,0,0,0,0,0,0,0,0,0,0,0,0,0,0,0,0
4422,1952,7,32.3,25.1,1266.0,91.0,3.298148148,6.8,3.724528302,41992,705183.0,374324.6,21.46,91.98,4,1,-0.4999999999999997,-0.8660254037844388,0,0,0,0,0,0,0,1,0,0,0,0,0,0,0,0,0,0,0,0,0,0,0,0,0,0,0,0,0,0,0,0,0
4423,1952,8,31.7,24.7,439.0,91.0,2.898148148,6.5,4.483018868,41992,705183.0,374324.6,21.46,91.98,4,1,-0.8660254037844385,-0.5000000000000004,0,0,0,0,0,0,0,1,0,0,0,0,0,0,0,0,0,0,0,0,0,0,0,0,0,0,0,0,0,0,0,0,0
4424,1952,9,32.1,24.5,617.0,92.0,2.190740741,6.3,5.873584906,41992,705183.0,374324.6,21.46,91.98,4,1,-1.0,-1.8369701987210297e-16,0,0,0,0,0,0,0,1,0,0,0,0,0,0,0,0,0,0,0,0,0,0,0,0,0,0,0,0,0,0,0,0,0
4425,1952,10,34.2,24.3,505.0,84.0,1.635185185,4.9,7.533962264,41992,705183.0,374324.6,21.46,91.98,4,1,-0.8660254037844386,0.5000000000000001,0,0,0,0,0,0,0,1,0,0,0,0,0,0,0,0,0,0,0,0,0,0,0,0,0,0,0,0,0,0,0,0,0
4433,1953,6,32.8,24.5,722.0,89.0,3.238888889,6.1,4.033962264,41992,705183.0,374324.6,21.46,91.98,4,1,1.2246467991473532e-16,-1.0,0,0,0,0,0,0,0,1,0,0,0,0,0,0,0,0,0,0,0,0,0,0,0,0,0,0,0,0,0,0,0,0,0
4434,1953,7,33.4,24.9,1084.0,89.0,3.298148148,6.7,3.724528302,41992,705183.0,374324.6,21.46,91.98,4,1,-0.4999999999999997,-0.8660254037844388,0,0,0,0,0,0,0,1,0,0,0,0,0,0,0,0,0,0,0,0,0,0,0,0,0,0,0,0,0,0,0,0,0
4435,1953,8,32.9,23.9,606.0,90.0,2.898148148,6.9,4.483018868,41992,705183.0,374324.6,21.46,91.98,4,1,-0.8660254037844385,-0.5000000000000004,0,0,0,0,0,0,0,1,0,0,0,0,0,0,0,0,0,0,0,0,0,0,0,0,0,0,0,0,0,0,0,0,0
4436,1953,9,32.8,24.7,401.0,86.0,2.190740741,6.6,5.873584906,41992,705183.0,374324.6,21.46,91.98,4,1,-1.0,-1.8369701987210297e-16,0,0,0,0,0,0,0,1,0,0,0,0,0,0,0,0,0,0,0,0,0,0,0,0,0,0,0,0,0,0,0,0,0
4445,1954,6,31.6,23.9,1504.0,91.0,3.238888889,7.2,4.033962264,41992,705183.0,374324.6,21.46,91.98,4,1,1.2246467991473532e-16,-1.0,0,0,0,0,0,0,0,1,0,0,0,0,0,0,0,0,0,0,0,0,0,0,0,0,0,0,0,0,0,0,0,0,0
4446,1954,7,32.1,24.8,858.0,89.0,3.298148148,6.8,3.724528302,41992,705183.0,374324.6,21.46,91.98,4,1,-0.4999999999999997,-0.8660254037844388,0,0,0,0,0,0,0,1,0,0,0,0,0,0,0,0,0,0,0,0,0,0,0,0,0,0,0,0,0,0,0,0,0
4447,1954,8,32.1,24.8,884.0,91.0,2.898148148,6.8,4.483018868,41992,705183.0,374324.6,21.46,91.98,4,1,-0.8660254037844385,-0.5000000000000004,0,0,0,0,0,0,0,1,0,0,0,0,0,0,0,0,0,0,0,0,0,0,0,0,0,0,0,0,0,0,0,0,0
4449,1954,10,32.4,23.4,413.0,86.0,1.635185185,4.1,7.533962264,41992,705183.0,374324.6,21.46,91.98,4,1,-0.8660254037844386,0.5000000000000001,0,0,0,0,0,0,0,1,0,0,0,0,0,0,0,0,0,0,0,0,0,0,0,0,0,0,0,0,0,0,0,0,0
4457,1955,6,32.6,25.0,611.0,91.0,3.238888889,6.5,4.033962264,41992,705183.0,374324.6,21.46,91.98,4,1,1.2246467991473532e-16,-1.0,0,0,0,0,0,0,0,1,0,0,0,0,0,0,0,0,0,0,0,0,0,0,0,0,0,0,0,0,0,0,0,0,0
4458,1955,7,30.5,24.3,972.0,94.0,3.298148148,7.4,3.724528302,41992,705183.0,374324.6,21.46,91.98,4,1,-0.4999999999999997,-0.8660254037844388,0,0,0,0,0,0,0,1,0,0,0,0,0,0,0,0,0,0,0,0,0,0,0,0,0,0,0,0,0,0,0,0,0
4460,1955,9,34.0,24.6,373.0,87.0,2.190740741,5.8,5.873584906,41992,705183.0,374324.6,21.46,91.98,4,1,-1.0,-1.8369701987210297e-16,0,0,0,0,0,0,0,1,0,0,0,0,0,0,0,0,0,0,0,0,0,0,0,0,0,0,0,0,0,0,0,0,0
4468,1956,5,33.5,24.7,664.0,88.0,2.774074074,6.2,7.452830189,41992,705183.0,374324.6,21.46,91.98,4,1,0.49999999999999994,-0.8660254037844387,0,0,0,0,0,0,0,1,0,0,0,0,0,0,0,0,0,0,0,0,0,0,0,0,0,0,0,0,0,0,0,0,0
4469,1956,6,31.8,24.4,810.0,93.0,3.238888889,6.6,4.033962264,41992,705183.0,374324.6,21.46,91.98,4,1,1.2246467991473532e-16,-1.0,0,0,0,0,0,0,0,1,0,0,0,0,0,0,0,0,0,0,0,0,0,0,0,0,0,0,0,0,0,0,0,0,0
4470,1956,7,35.3,24.6,623.0,90.0,3.298148148,6.2,3.724528302,41992,705183.0,374324.6,21.46,91.98,4,1,-0.4999999999999997,-0.8660254037844388,0,0,0,0,0,0,0,1,0,0,0,0,0,0,0,0,0,0,0,0,0,0,0,0,0,0,0,0,0,0,0,0,0
4471,1956,8,32.2,24.7,726.0,90.0,2.898148148,6.8,4.483018868,41992,705183.0,374324.6,21.46,91.98,4,1,-0.8660254037844385,-0.5000000000000004,0,0,0,0,0,0,0,1,0,0,0,0,0,0,0,0,0,0,0,0,0,0,0,0,0,0,0,0,0,0,0,0,0
4472,1956,9,32.4,24.3,554.0,90.0,2.190740741,6.7,5.873584906,41992,705183.0,374324.6,21.46,91.98,4,1,-1.0,-1.8369701987210297e-16,0,0,0,0,0,0,0,1,0,0,0,0,0,0,0,0,0,0,0,0,0,0,0,0,0,0,0,0,0,0,0,0,0
4481,1957,6,33.3,25.1,493.0,86.0,3.238888889,6.5,4.033962264,41992,705183.0,374324.6,21.46,91.98,4,1,1.2246467991473532e-16,-1.0,0,0,0,0,0,0,0,1,0,0,0,0,0,0,0,0,0,0,0,0,0,0,0,0,0,0,0,0,0,0,0,0,0
4482,1957,7,33.2,24.7,1027.0,91.0,3.298148148,6.8,3.724528302,41992,705183.0,374324.6,21.46,91.98,4,1,-0.4999999999999997,-0.8660254037844388,0,0,0,0,0,0,0,1,0,0,0,0,0,0,0,0,0,0,0,0,0,0,0,0,0,0,0,0,0,0,0,0,0
4484,1957,9,34.0,24.8,407.0,85.0,2.190740741,5.6,5.873584906,41992,705183.0,374324.6,21.46,91.98,4,1,-1.0,-1.8369701987210297e-16,0,0,0,0,0,0,0,1,0,0,0,0,0,0,0,0,0,0,0,0,0,0,0,0,0,0,0,0,0,0,0,0,0
4494,1958,7,32.7,25.0,831.0,90.0,3.298148148,7.0,3.724528302,41992,705183.0,374324.6,21.46,91.98,4,1,-0.4999999999999997,-0.8660254037844388,0,0,0,0,0,0,0,1,0,0,0,0,0,0,0,0,0,0,0,0,0,0,0,0,0,0,0,0,0,0,0,0,0
4495,1958,8,32.2,25.0,504.0,89.0,2.898148148,6.9,4.483018868,41992,705183.0,374324.6,21.46,91.98,4,1,-0.8660254037844385,-0.5000000000000004,0,0,0,0,0,0,0,1,0,0,0,0,0,0,0,0,0,0,0,0,0,0,0,0,0,0,0,0,0,0,0,0,0
4496,1958,9,33.8,25.0,421.0,88.0,2.190740741,6.7,5.873584906,41992,705183.0,374324.6,21.46,91.98,4,1,-1.0,-1.8369701987210297e-16,0,0,0,0,0,0,0,1,0,0,0,0,0,0,0,0,0,0,0,0,0,0,0,0,0,0,0,0,0,0,0,0,0
4505,1959,6,33.8,25.1,550.0,85.0,3.238888889,6.8,4.033962264,41992,705183.0,374324.6,21.46,91.98,4,1,1.2246467991473532e-16,-1.0,0,0,0,0,0,0,0,1,0,0,0,0,0,0,0,0,0,0,0,0,0,0,0,0,0,0,0,0,0,0,0,0,0
4506,1959,7,33.2,24.9,1023.0,87.0,3.298148148,6.9,3.724528302,41992,705183.0,374324.6,21.46,91.98,4,1,-0.4999999999999997,-0.8660254037844388,0,0,0,0,0,0,0,1,0,0,0,0,0,0,0,0,0,0,0,0,0,0,0,0,0,0,0,0,0,0,0,0,0
4507,1959,8,31.1,24.8,853.0,92.0,2.898148148,7.1,4.483018868,41992,705183.0,374324.6,21.46,91.98,4,1,-0.8660254037844385,-0.5000000000000004,0,0,0,0,0,0,0,1,0,0,0,0,0,0,0,0,0,0,0,0,0,0,0,0,0,0,0,0,0,0,0,0,0
4508,1959,9,32.2,24.5,372.0,90.0,2.190740741,7.0,5.873584906,41992,705183.0,374324.6,21.46,91.98,4,1,-1.0,-1.8369701987210297e-16,0,0,0,0,0,0,0,1,0,0,0,0,0,0,0,0,0,0,0,0,0,0,0,0,0,0,0,0,0,0,0,0,0
4517,1960,6,33.8,25.4,644.0,86.0,4.2,6.1,4.033962264,41992,705183.0,374324.6,21.46,91.98,4,1,1.2246467991473532e-16,-1.0,0,0,0,0,0,0,0,1,0,0,0,0,0,0,0,0,0,0,0,0,0,0,0,0,0,0,0,0,0,0,0,0,0
4518,1960,7,31.6,25.3,705.0,89.0,4.6,7.1,3.724528302,41992,705183.0,374324.6,21.46,91.98,4,1,-0.4999999999999997,-0.8660254037844388,0,0,0,0,0,0,0,1,0,0,0,0,0,0,0,0,0,0,0,0,0,0,0,0,0,0,0,0,0,0,0,0,0
4519,1960,8,31.2,25.0,907.0,90.0,3.9,7.3,4.483018868,41992,705183.0,374324.6,21.46,91.98,4,1,-0.8660254037844385,-0.5000000000000004,0,0,0,0,0,0,0,1,0,0,0,0,0,0,0,0,0,0,0,0,0,0,0,0,0,0,0,0,0,0,0,0,0
4529,1961,6,33.5,25.4,719.0,88.0,3.4,7.1,4.9,41992,705183.0,374324.6,21.46,91.98,4,1,1.2246467991473532e-16,-1.0,0,0,0,0,0,0,0,1,0,0,0,0,0,0,0,0,0,0,0,0,0,0,0,0,0,0,0,0,0,0,0,0,0
4530,1961,7,31.8,24.7,1387.0,93.0,3.4,7.4,3.5,41992,705183.0,374324.6,21.46,91.98,4,1,-0.4999999999999997,-0.8660254037844388,0,0,0,0,0,0,0,1,0,0,0,0,0,0,0,0,0,0,0,0,0,0,0,0,0,0,0,0,0,0,0,0,0
4531,1961,8,31.7,25.1,937.0,92.0,3.5,7.3,4.5,41992,705183.0,374324.6,21.46,91.98,4,1,-0.8660254037844385,-0.5000000000000004,0,0,0,0,0,0,0,1,0,0,0,0,0,0,0,0,0,0,0,0,0,0,0,0,0,0,0,0,0,0,0,0,0
4532,1961,9,31.3,24.7,574.0,90.0,3.3,7.0,4.6,41992,705183.0,374324.6,21.46,91.98,4,1,-1.0,-1.8369701987210297e-16,0,0,0,0,0,0,0,1,0,0,0,0,0,0,0,0,0,0,0,0,0,0,0,0,0,0,0,0,0,0,0,0,0
4541,1962,6,33.2,25.2,1105.0,88.0,4.2,6.9,4.2,41992,705183.0,374324.6,21.46,91.98,4,1,1.2246467991473532e-16,-1.0,0,0,0,0,0,0,0,1,0,0,0,0,0,0,0,0,0,0,0,0,0,0,0,0,0,0,0,0,0,0,0,0,0
4542,1962,7,33.3,25.4,625.0,87.0,4.2,6.7,5.8,41992,705183.0,374324.6,21.46,91.98,4,1,-0.4999999999999997,-0.8660254037844388,0,0,0,0,0,0,0,1,0,0,0,0,0,0,0,0,0,0,0,0,0,0,0,0,0,0,0,0,0,0,0,0,0
4543,1962,8,30.9,25.0,499.0,88.0,3.9,7.0,5.5,41992,705183.0,374324.6,21.46,91.98,4,1,-0.8660254037844385,-0.5000000000000004,0,0,0,0,0,0,0,1,0,0,0,0,0,0,0,0,0,0,0,0,0,0,0,0,0,0,0,0,0,0,0,0,0
4552,1963,5,32.7,23.8,617.0,80.0,3.3,5.7,8.0,41992,705183.0,374324.6,21.46,91.98,4,1,0.49999999999999994,-0.8660254037844387,0,0,0,0,0,0,0,1,0,0,0,0,0,0,0,0,0,0,0,0,0,0,0,0,0,0,0,0,0,0,0,0,0
4553,1963,6,36.1,24.8,1027.0,88.0,5.9,7.1,5.3,41992,705183.0,374324.6,21.46,91.98,4,1,1.2246467991473532e-16,-1.0,0,0,0,0,0,0,0,1,0,0,0,0,0,0,0,0,0,0,0,0,0,0,0,0,0,0,0,0,0,0,0,0,0
4554,1963,7,31.6,25.2,1104.0,93.0,6.1,7.4,2.4,41992,705183.0,374324.6,21.46,91.98,4,1,-0.4999999999999997,-0.8660254037844388,0,0,0,0,0,0,0,1,0,0,0,0,0,0,0,0,0,0,0,0,0,0,0,0,0,0,0,0,0,0,0,0,0
4556,1963,9,33.3,24.5,403.0,86.0,3.5,6.7,6.1,41992,705183.0,374324.6,21.46,91.98,4,1,-1.0,-1.8369701987210297e-16,0,0,0,0,0,0,0,1,0,0,0,0,0,0,0,0,0,0,0,0,0,0,0,0,0,0,0,0,0,0,0,0,0
4565,1964,6,36.9,25.1,653.0,86.0,4.7,6.2,4.5,41992,705183.0,374324.6,21.46,91.98,4,1,1.2246467991473532e-16,-1.0,0,0,0,0,0,0,0,1,0,0,0,0,0,0,0,0,0,0,0,0,0,0,0,0,0,0,0,0,0,0,0,0,0
4566,1964,7,30.5,24.7,1121.0,89.0,5.0,6.8,4.1,41992,705183.0,374324.6,21.46,91.98,4,1,-0.4999999999999997,-0.8660254037844388,0,0,0,0,0,0,0,1,0,0,0,0,0,0,0,0,0,0,0,0,0,0,0,0,0,0,0,0,0,0,0,0,0
4567,1964,8,33.0,24.8,773.0,88.0,4.4,6.3,4.9,41992,705183.0,374324.6,21.46,91.98,4,1,-0.8660254037844385,-0.5000000000000004,0,0,0,0,0,0,0,1,0,0,0,0,0,0,0,0,0,0,0,0,0,0,0,0,0,0,0,0,0,0,0,0,0
4577,1965,6,31.9,24.7,1123.0,90.0,5.3,7.1,4.2,41992,705183.0,374324.6,21.46,91.98,4,1,1.2246467991473532e-16,-1.0,0,0,0,0,0,0,0,1,0,0,0,0,0,0,0,0,0,0,0,0,0,0,0,0,0,0,0,0,0,0,0,0,0
4578,1965,7,31.7,24.4,1526.0,91.0,5.3,6.9,5.5,41992,705183.0,374324.6,21.46,91.98,4,1,-0.4999999999999997,-0.8660254037844388,0,0,0,0,0,0,0,1,0,0,0,0,0,0,0,0,0,0,0,0,0,0,0,0,0,0,0,0,0,0,0,0,0
4579,1965,8,31.7,24.7,1109.0,92.0,4.1,7.0,4.5,41992,705183.0,374324.6,21.46,91.98,4,1,-0.8660254037844385,-0.5000000000000004,0,0,0,0,0,0,0,1,0,0,0,0,0,0,0,0,0,0,0,0,0,0,0,0,0,0,0,0,0,0,0,0,0
4581,1965,10,32.6,23.6,416.0,85.0,2.8,5.0,6.7,41992,705183.0,374324.6,21.46,91.98,4,1,-0.8660254037844386,0.5000000000000001,0,0,0,0,0,0,0,1,0,0,0,0,0,0,0,0,0,0,0,0,0,0,0,0,0,0,0,0,0,0,0,0,0
4589,1966,6,35.2,24.7,1532.0,92.0,7.3,7.5,1.1,41992,705183.0,374324.6,21.46,91.98,4,1,1.2246467991473532e-16,-1.0,0,0,0,0,0,0,0,1,0,0,0,0,0,0,0,0,0,0,0,0,0,0,0,0,0,0,0,0,0,0,0,0,0
4590,1966,7,32.3,25.4,699.0,87.0,6.5,7.0,3.1,41992,705183.0,374324.6,21.46,91.98,4,1,-0.4999999999999997,-0.8660254037844388,0,0,0,0,0,0,0,1,0,0,0,0,0,0,0,0,0,0,0,0,0,0,0,0,0,0,0,0,0,0,0,0,0
4591,1966,8,30.6,25.0,1075.0,91.0,5.9,7.1,2.2,41992,705183.0,374324.6,21.46,91.98,4,1,-0.8660254037844385,-0.5000000000000004,0,0,0,0,0,0,0,1,0,0,0,0,0,0,0,0,0,0,0,0,0,0,0,0,0,0,0,0,0,0,0,0,0
4601,1967,6,33.2,25.4,696.0,86.0,5.3,5.8,4.9,41992,705183.0,374324.6,21.46,91.98,4,1,1.2246467991473532e-16,-1.0,0,0,0,0,0,0,0,1,0,0,0,0,0,0,0,0,0,0,0,0,0,0,0,0,0,0,0,0,0,0,0,0,0
4602,1967,7,32.1,25.1,1172.0,88.0,5.1,6.6,4.2,41992,705183.0,374324.6,21.46,91.98,4,1,-0.4999999999999997,-0.8660254037844388,0,0,0,0,0,0,0,1,0,0,0,0,0,0,0,0,0,0,0,0,0,0,0,0,0,0,0,0,0,0,0,0,0
4603,1967,8,31.1,24.8,1002.0,89.0,5.1,6.8,4.7,41992,705183.0,374324.6,21.46,91.98,4,1,-0.8660254037844385,-0.5000000000000004,0,0,0,0,0,0,0,1,0,0,0,0,0,0,0,0,0,0,0,0,0,0,0,0,0,0,0,0,0,0,0,0,0
4604,1967,9,31.7,24.8,966.0,89.0,5.0,6.6,4.8,41992,705183.0,374324.6,21.46,91.98,4,1,-1.0,-1.8369701987210297e-16,0,0,0,0,0,0,0,1,0,0,0,0,0,0,0,0,0,0,0,0,0,0,0,0,0,0,0,0,0,0,0,0,0
4613,1968,6,30.7,24.2,1093.0,88.0,5.6,6.9,3.1,41992,705183.0,374324.6,21.46,91.98,4,1,1.2246467991473532e-16,-1.0,0,0,0,0,0,0,0,1,0,0,0,0,0,0,0,0,0,0,0,0,0,0,0,0,0,0,0,0,0,0,0,0,0
4614,1968,7,31.9,25.1,951.0,89.0,5.3,6.7,4.7,41992,705183.0,374324.6,21.46,91.98,4,1,-0.4999999999999997,-0.8660254037844388,0,0,0,0,0,0,0,1,0,0,0,0,0,0,0,0,0,0,0,0,0,0,0,0,0,0,0,0,0,0,0,0,0
4615,1968,8,31.7,24.5,887.0,91.0,5.1,7.0,3.4,41992,705183.0,374324.6,21.46,91.98,4,1,-0.8660254037844385,-0.5000000000000004,0,0,0,0,0,0,0,1,0,0,0,0,0,0,0,0,0,0,0,0,0,0,0,0,0,0,0,0,0,0,0,0,0
4625,1969,6,32.8,25.0,952.0,91.0,5.5,6.3,4.5,41992,705183.0,374324.6,21.46,91.98,4,1,1.2246467991473532e-16,-1.0,0,0,0,0,0,0,0,1,0,0,0,0,0,0,0,0,0,0,0,0,0,0,0,0,0,0,0,0,0,0,0,0,0
4626,1969,7,31.7,25.2,1193.0,93.0,6.2,7.0,5.2,41992,705183.0,374324.6,21.46,91.98,4,1,-0.4999999999999997,-0.8660254037844388,0,0,0,0,0,0,0,1,0,0,0,0,0,0,0,0,0,0,0,0,0,0,0,0,0,0,0,0,0,0,0,0,0
4627,1969,8,31.2,24.5,1062.0,93.0,4.7,7.3,4.4,41992,705183.0,374324.6,21.46,91.98,4,1,-0.8660254037844385,-0.5000000000000004,0,0,0,0,0,0,0,1,0,0,0,0,0,0,0,0,0,0,0,0,0,0,0,0,0,0,0,0,0,0,0,0,0
4628,1969,9,32.4,24.8,465.0,84.0,4.2,5.1,7.9,41992,705183.0,374324.6,21.46,91.98,4,1,-1.0,-1.8369701987210297e-16,0,0,0,0,0,0,0,1,0,0,0,0,0,0,0,0,0,0,0,0,0,0,0,0,0,0,0,0,0,0,0,0,0
4637,1970,6,32.8,24.4,578.0,85.0,3.6,7.2,4.0,41992,705183.0,374324.6,21.46,91.98,4,1,1.2246467991473532e-16,-1.0,0,0,0,0,0,0,0,1,0,0,0,0,0,0,0,0,0,0,0,0,0,0,0,0,0,0,0,0,0,0,0,0,0
4638,1970,7,31.7,24.2,1424.0,90.0,3.9,7.4,3.4,41992,705183.0,374324.6,21.46,91.98,4,1,-0.4999999999999997,-0.8660254037844388,0,0,0,0,0,0,0,1,0,0,0,0,0,0,0,0,0,0,0,0,0,0,0,0,0,0,0,0,0,0,0,0,0
4639,1970,8,33.6,24.5,598.0,87.0,2.9,6.7,5.2,41992,705183.0,374324.6,21.46,91.98,4,1,-0.8660254037844385,-0.5000000000000004,0,0,0,0,0,0,0,1,0,0,0,0,0,0,0,0,0,0,0,0,0,0,0,0,0,0,0,0,0,0,0,0,0
4641,1970,10,33.1,23.9,458.0,84.0,1.6,5.2,4.8,41992,705183.0,374324.6,21.46,91.98,4,1,-0.8660254037844386,0.5000000000000001,0,0,0,0,0,0,0,1,0,0,0,0,0,0,0,0,0,0,0,0,0,0,0,0,0,0,0,0,0,0,0,0,0
4649,1971,6,32.8,24.9,1179.0,87.0,3.6,7.0,3.8,41992,705183.0,374324.6,21.46,91.98,4,1,1.2246467991473532e-16,-1.0,0,0,0,0,0,0,0,1,0,0,0,0,0,0,0,0,0,0,0,0,0,0,0,0,0,0,0,0,0,0,0,0,0
4650,1971,7,33.1,24.4,1518.0,89.0,3.3,7.3,3.4,41992,705183.0,374324.6,21.46,91.98,4,1,-0.4999999999999997,-0.8660254037844388,0,0,0,0,0,0,0,1,0,0,0,0,0,0,0,0,0,0,0,0,0,0,0,0,0,0,0,0,0,0,0,0,0
4651,1971,8,30.8,24.4,680.0,88.0,3.4,7.0,5.0,41992,705183.0,374324.6,21.46,91.98,4,1,-0.8660254037844385,-0.5000000000000004,0,0,0,0,0,0,0,1,0,0,0,0,0,0,0,0,0,0,0,0,0,0,0,0,0,0,0,0,0,0,0,0,0
4663,1972,8,31.7,24.4,839.0,90.0,2.9,7.3,3.9,41992,705183.0,374324.6,21.46,91.98,4,1,-0.8660254037844385,-0.5000000000000004,0,0,0,0,0,0,0,1,0,0,0,0,0,0,0,0,0,0,0,0,0,0,0,0,0,0,0,0,0,0,0,0,0
4665,1972,10,33.3,23.8,440.0,79.0,1.0,3.7,8.8,41992,705183.0,374324.6,21.46,91.98,4,1,-0.8660254037844386,0.5000000000000001,0,0,0,0,0,0,0,1,0,0,0,0,0,0,0,0,0,0,0,0,0,0,0,0,0,0,0,0,0,0,0,0,0
4672,1973,5,33.3,24.5,496.0,84.0,2.6,4.6,6.9,41992,705183.0,374324.6,21.46,91.98,4,1,0.49999999999999994,-0.8660254037844387,0,0,0,0,0,0,0,1,0,0,0,0,0,0,0,0,0,0,0,0,0,0,0,0,0,0,0,0,0,0,0,0,0
4673,1973,6,32.2,25.5,790.0,89.0,2.2,6.0,4.4,41992,705183.0,374324.6,21.46,91.98,4,1,1.2246467991473532e-16,-1.0,0,0,0,0,0,0,0,1,0,0,0,0,0,0,0,0,0,0,0,0,0,0,0,0,0,0,0,0,0,0,0,0,0
4674,1973,7,32.2,25.4,874.0,86.0,3.5,6.6,4.3,41992,705183.0,374324.6,21.46,91.98,4,1,-0.4999999999999997,-0.8660254037844388,0,0,0,0,0,0,0,1,0,0,0,0,0,0,0,0,0,0,0,0,0,0,0,0,0,0,0,0,0,0,0,0,0
4675,1973,8,31.7,25.0,463.0,87.0,2.9,6.6,4.8,41992,705183.0,374324.6,21.46,91.98,4,1,-0.8660254037844385,-0.5000000000000004,0,0,0,0,0,0,0,1,0,0,0,0,0,0,0,0,0,0,0,0,0,0,0,0,0,0,0,0,0,0,0,0,0
4684,1974,5,34.4,24.5,486.0,82.0,2.7,4.0,7.9,41992,705183.0,374324.6,21.46,91.98,4,1,0.49999999999999994,-0.8660254037844387,0,0,0,0,0,0,0,1,0,0,0,0,0,0,0,0,0,0,0,0,0,0,0,0,0,0,0,0,0,0,0,0,0
4685,1974,6,32.8,24.8,532.0,87.0,3.1,6.3,3.6,41992,705183.0,374324.6,21.46,91.98,4,1,1.2246467991473532e-16,-1.0,0,0,0,0,0,0,0,1,0,0,0,0,0,0,0,0,0,0,0,0,0,0,0,0,0,0,0,0,0,0,0,0,0
4686,1974,7,30.3,24.4,1291.0,92.0,3.5,7.0,2.4,41992,705183.0,374324.6,21.46,91.98,4,1,-0.4999999999999997,-0.8660254037844388,0,0,0,0,0,0,0,1,0,0,0,0,0,0,0,0,0,0,0,0,0,0,0,0,0,0,0,0,0,0,0,0,0
4687,1974,8,31.9,24.9,1059.0,91.0,3.4,6.8,3.2,41992,705183.0,374324.6,21.46,91.98,4,1,-0.8660254037844385,-0.5000000000000004,0,0,0,0,0,0,0,1,0,0,0,0,0,0,0,0,0,0,0,0,0,0,0,0,0,0,0,0,0,0,0,0,0
4697,1975,6,33.3,24.9,484.0,85.0,3.1,6.0,5.7,41992,705183.0,374324.6,21.46,91.98,4,1,1.2246467991473532e-16,-1.0,0,0,0,0,0,0,0,1,0,0,0,0,0,0,0,0,0,0,0,0,0,0,0,0,0,0,0,0,0,0,0,0,0
4698,1975,7,30.8,24.4,1293.0,90.0,2.0,6.8,3.8,41992,705183.0,374324.6,21.46,91.98,4,1,-0.4999999999999997,-0.8660254037844388,0,0,0,0,0,0,0,1,0,0,0,0,0,0,0,0,0,0,0,0,0,0,0,0,0,0,0,0,0,0,0,0,0
4699,1975,8,31.7,25.0,462.0,86.0,2.3,6.1,4.1,41992,705183.0,374324.6,21.46,91.98,4,1,-0.8660254037844385,-0.5000000000000004,0,0,0,0,0,0,0,1,0,0,0,0,0,0,0,0,0,0,0,0,0,0,0,0,0,0,0,0,0,0,0,0,0
4701,1975,10,32.2,24.6,667.0,85.0,1.2,4.8,6.8,41992,705183.0,374324.6,21.46,91.98,4,1,-0.8660254037844386,0.5000000000000001,0,0,0,0,0,0,0,1,0,0,0,0,0,0,0,0,0,0,0,0,0,0,0,0,0,0,0,0,0,0,0,0,0
4709,1976,6,32.8,24.5,889.0,86.0,2.8,6.5,3.5,41992,705183.0,374324.6,21.46,91.98,4,1,1.2246467991473532e-16,-1.0,0,0,0,0,0,0,0,1,0,0,0,0,0,0,0,0,0,0,0,0,0,0,0,0,0,0,0,0,0,0,0,0,0
4710,1976,7,30.2,24.5,972.0,89.0,3.4,6.8,2.7,41992,705183.0,374324.6,21.46,91.98,4,1,-0.4999999999999997,-0.8660254037844388,0,0,0,0,0,0,0,1,0,0,0,0,0,0,0,0,0,0,0,0,0,0,0,0,0,0,0,0,0,0,0,0,0
4711,1976,8,31.9,24.4,671.0,88.0,2.4,6.6,5.0,41992,705183.0,374324.6,21.46,91.98,4,1,-0.8660254037844385,-0.5000000000000004,0,0,0,0,0,0,0,1,0,0,0,0,0,0,0,0,0,0,0,0,0,0,0,0,0,0,0,0,0,0,0,0,0
4719,1977,4,31.9,22.5,566.0,82.0,2.6,4.4,7.5,41992,705183.0,374324.6,21.46,91.98,4,1,0.8660254037844387,-0.4999999999999998,0,0,0,0,0,0,0,1,0,0,0,0,0,0,0,0,0,0,0,0,0,0,0,0,0,0,0,0,0,0,0,0,0
4721,1977,6,32.8,24.5,930.0,87.0,2.5,6.0,2.6,41992,705183.0,374324.6,21.46,91.98,4,1,1.2246467991473532e-16,-1.0,0,0,0,0,0,0,0,1,0,0,0,0,0,0,0,0,0,0,0,0,0,0,0,0,0,0,0,0,0,0,0,0,0
4722,1977,7,31.7,25.0,1077.0,89.0,3.2,6.7,2.4,41992,705183.0,374324.6,21.46,91.98,4,1,-0.4999999999999997,-0.8660254037844388,0,0,0,0,0,0,0,1,0,0,0,0,0,0,0,0,0,0,0,0,0,0,0,0,0,0,0,0,0,0,0,0,0
4723,1977,8,32.2,24.6,649.0,87.0,2.7,6.7,4.9,41992,705183.0,374324.6,21.46,91.98,4,1,-0.8660254037844385,-0.5000000000000004,0,0,0,0,0,0,0,1,0,0,0,0,0,0,0,0,0,0,0,0,0,0,0,0,0,0,0,0,0,0,0,0,0
4733,1978,6,32.2,25.5,621.0,86.0,2.2,6.5,5.1,41992,705183.0,374324.6,21.46,91.98,4,1,1.2246467991473532e-16,-1.0,0,0,0,0,0,0,0,1,0,0,0,0,0,0,0,0,0,0,0,0,0,0,0,0,0,0,0,0,0,0,0,0,0
4734,1978,7,32.2,25.2,535.0,86.0,2.0,6.4,5.3,41992,705183.0,374324.6,21.46,91.98,4,1,-0.4999999999999997,-0.8660254037844388,0,0,0,0,0,0,0,1,0,0,0,0,0,0,0,0,0,0,0,0,0,0,0,0,0,0,0,0,0,0,0,0,0
4735,1978,8,32.1,25.0,571.0,88.0,1.9,6.7,5.3,41992,705183.0,374324.6,21.46,91.98,4,1,-0.8660254037844385,-0.5000000000000004,0,0,0,0,0,0,0,1,0,0,0,0,0,0,0,0,0,0,0,0,0,0,0,0,0,0,0,0,0,0,0,0,0
4736,1978,9,32.8,24.3,479.0,86.0,1.3,5.8,5.8,41992,705183.0,374324.6,21.46,91.98,4,1,-1.0,-1.8369701987210297e-16,0,0,0,0,0,0,0,1,0,0,0,0,0,0,0,0,0,0,0,0,0,0,0,0,0,0,0,0,0,0,0,0,0
4769,1981,6,33.0,24.4,705.0,90.0,1.6,6.3,1.5,41992,705183.0,374324.6,21.46,91.98,4,1,1.2246467991473532e-16,-1.0,0,0,0,0,0,0,0,1,0,0,0,0,0,0,0,0,0,0,0,0,0,0,0,0,0,0,0,0,0,0,0,0,0
4770,1981,7,32.0,24.6,839.0,93.0,1.6,7.0,2.1,41992,705183.0,374324.6,21.46,91.98,4,1,-0.4999999999999997,-0.8660254037844388,0,0,0,0,0,0,0,1,0,0,0,0,0,0,0,0,0,0,0,0,0,0,0,0,0,0,0,0,0,0,0,0,0
4771,1981,8,32.0,25.0,445.0,88.0,1.6,6.3,4.5,41992,705183.0,374324.6,21.46,91.98,4,1,-0.8660254037844385,-0.5000000000000004,0,0,0,0,0,0,0,1,0,0,0,0,0,0,0,0,0,0,0,0,0,0,0,0,0,0,0,0,0,0,0,0,0
4781,1982,6,35.2,24.9,1199.0,89.0,2.3,6.5,3.1,41992,705183.0,374324.6,21.46,91.98,4,1,1.2246467991473532e-16,-1.0,0,0,0,0,0,0,0,1,0,0,0,0,0,0,0,0,0,0,0,0,0,0,0,0,0,0,0,0,0,0,0,0,0
4782,1982,7,33.5,25.3,866.0,89.0,2.2,6.5,5.5,41992,705183.0,374324.6,21.46,91.98,4,1,-0.4999999999999997,-0.8660254037844388,0,0,0,0,0,0,0,1,0,0,0,0,0,0,0,0,0,0,0,0,0,0,0,0,0,0,0,0,0,0,0,0,0
4783,1982,8,32.2,24.6,850.0,90.0,2.0,6.6,4.3,41992,705183.0,374324.6,21.46,91.98,4,1,-0.8660254037844385,-0.5000000000000004,0,0,0,0,0,0,0,1,0,0,0,0,0,0,0,0,0,0,0,0,0,0,0,0,0,0,0,0,0,0,0,0,0
4784,1982,9,32.6,24.6,483.0,86.0,1.3,5.1,7.3,41992,705183.0,374324.6,21.46,91.98,4,1,-1.0,-1.8369701987210297e-16,0,0,0,0,0,0,0,1,0,0,0,0,0,0,0,0,0,0,0,0,0,0,0,0,0,0,0,0,0,0,0,0,0
4793,1983,6,33.5,25.3,721.0,89.0,2.2,6.4,4.1,41992,705183.0,374324.6,21.46,91.98,4,1,1.2246467991473532e-16,-1.0,0,0,0,0,0,0,0,1,0,0,0,0,0,0,0,0,0,0,0,0,0,0,0,0,0,0,0,0,0,0,0,0,0
4794,1983,7,33.2,25.3,1027.0,89.0,2.0,6.5,2.3,41992,705183.0,374324.6,21.46,91.98,4,1,-0.4999999999999997,-0.8660254037844388,0,0,0,0,0,0,0,1,0,0,0,0,0,0,0,0,0,0,0,0,0,0,0,0,0,0,0,0,0,0,0,0,0
4795,1983,8,33.3,25.1,888.0,88.0,1.9,6.6,5.1,41992,705183.0,374324.6,21.46,91.98,4,1,-0.8660254037844385,-0.5000000000000004,0,0,0,0,0,0,0,1,0,0,0,0,0,0,0,0,0,0,0,0,0,0,0,0,0,0,0,0,0,0,0,0,0
4797,1983,10,33.3,24.3,379.0,84.0,1.4,4.1,7.7,41992,705183.0,374324.6,21.46,91.98,4,1,-0.8660254037844386,0.5000000000000001,0,0,0,0,0,0,0,1,0,0,0,0,0,0,0,0,0,0,0,0,0,0,0,0,0,0,0,0,0,0,0,0,0
4805,1984,6,32.3,24.9,1275.0,93.0,3.4,6.9,2.0,41992,705183.0,374324.6,21.46,91.98,4,1,1.2246467991473532e-16,-1.0,0,0,0,0,0,0,0,1,0,0,0,0,0,0,0,0,0,0,0,0,0,0,0,0,0,0,0,0,0,0,0,0,0
4806,1984,7,32.5,25.1,731.0,90.0,3.1,6.2,3.6,41992,705183.0,374324.6,21.46,91.98,4,1,-0.4999999999999997,-0.8660254037844388,0,0,0,0,0,0,0,1,0,0,0,0,0,0,0,0,0,0,0,0,0,0,0,0,0,0,0,0,0,0,0,0,0
4807,1984,8,33.5,24.9,817.0,91.0,2.6,6.6,3.0,41992,705183.0,374324.6,21.46,91.98,4,1,-0.8660254037844385,-0.5000000000000004,0,0,0,0,0,0,0,1,0,0,0,0,0,0,0,0,0,0,0,0,0,0,0,0,0,0,0,0,0,0,0,0,0
4817,1985,6,32.5,25.2,766.0,89.0,2.8,6.6,4.0,41992,705183.0,374324.6,21.46,91.98,4,1,1.2246467991473532e-16,-1.0,0,0,0,0,0,0,0,1,0,0,0,0,0,0,0,0,0,0,0,0,0,0,0,0,0,0,0,0,0,0,0,0,0
4818,1985,7,31.5,24.5,884.0,89.0,3.0,6.3,3.7,41992,705183.0,374324.6,21.46,91.98,4,1,-0.4999999999999997,-0.8660254037844388,0,0,0,0,0,0,0,1,0,0,0,0,0,0,0,0,0,0,0,0,0,0,0,0,0,0,0,0,0,0,0,0,0
4819,1985,8,33.0,25.3,599.0,89.0,2.8,6.3,4.5,41992,705183.0,374324.6,21.46,91.98,4,1,-0.8660254037844385,-0.5000000000000004,0,0,0,0,0,0,0,1,0,0,0,0,0,0,0,0,0,0,0,0,0,0,0,0,0,0,0,0,0,0,0,0,0
4829,1986,6,34.0,25.5,921.0,88.0,3.1,6.1,4.0,41992,705183.0,374324.6,21.46,91.98,4,1,1.2246467991473532e-16,-1.0,0,0,0,0,0,0,0,1,0,0,0,0,0,0,0,0,0,0,0,0,0,0,0,0,0,0,0,0,0,0,0,0,0
4830,1986,7,32.5,25.1,799.0,90.0,3.2,6.1,3.7,41992,705183.0,374324.6,21.46,91.98,4,1,-0.4999999999999997,-0.8660254037844388,0,0,0,0,0,0,0,1,0,0,0,0,0,0,0,0,0,0,0,0,0,0,0,0,0,0,0,0,0,0,0,0,0
4841,1987,6,34.4,25.7,653.0,86.0,3.0,5.4,4.6,41992,705183.0,374324.6,21.46,91.98,4,1,1.2246467991473532e-16,-1.0,0,0,0,0,0,0,0,1,0,0,0,0,0,0,0,0,0,0,0,0,0,0,0,0,0,0,0,0,0,0,0,0,0
4842,1987,7,32.0,25.8,1885.0,91.0,3.6,7.0,1.7,41992,705183.0,374324.6,21.46,91.98,4,1,-0.4999999999999997,-0.8660254037844388,0,0,0,0,0,0,0,1,0,0,0,0,0,0,0,0,0,0,0,0,0,0,0,0,0,0,0,0,0,0,0,0,0
4843,1987,8,32.8,25.5,1298.0,88.0,2.3,6.2,3.2,41992,705183.0,374324.6,21.46,91.98,4,1,-0.8660254037844385,-0.5000000000000004,0,0,0,0,0,0,0,1,0,0,0,0,0,0,0,0,0,0,0,0,0,0,0,0,0,0,0,0,0,0,0,0,0
4844,1987,9,33.0,25.6,410.0,87.0,2.2,5.7,5.3,41992,705183.0,374324.6,21.46,91.98,4,1,-1.0,-1.8369701987210297e-16,0,0,0,0,0,0,0,1,0,0,0,0,0,0,0,0,0,0,0,0,0,0,0,0,0,0,0,0,0,0,0,0,0
4853,1988,6,33.6,25.0,1306.0,89.0,2.6,6.5,3.0,41992,705183.0,374324.6,21.46,91.98,4,1,1.2246467991473532e-16,-1.0,0,0,0,0,0,0,0,1,0,0,0,0,0,0,0,0,0,0,0,0,0,0,0,0,0,0,0,0,0,0,0,0,0
4854,1988,7,33.0,25.2,777.0,88.0,2.7,6.6,3.4,41992,705183.0,374324.6,21.46,91.98,4,1,-0.4999999999999997,-0.8660254037844388,0,0,0,0,0,0,0,1,0,0,0,0,0,0,0,0,0,0,0,0,0,0,0,0,0,0,0,0,0,0,0,0,0
4855,1988,8,32.0,25.3,918.0,89.0,2.9,6.5,3.6,41992,705183.0,374324.6,21.46,91.98,4,1,-0.8660254037844385,-0.5000000000000004,0,0,0,0,0,0,0,1,0,0,0,0,0,0,0,0,0,0,0,0,0,0,0,0,0,0,0,0,0,0,0,0,0
4856,1988,9,35.0,25.5,516.0,86.0,1.5,5.5,6.1,41992,705183.0,374324.6,21.46,91.98,4,1,-1.0,-1.8369701987210297e-16,0,0,0,0,0,0,0,1,0,0,0,0,0,0,0,0,0,0,0,0,0,0,0,0,0,0,0,0,0,0,0,0,0
4865,1989,6,35.8,25.2,766.0,85.0,2.9,5.8,4.7,41992,705183.0,374324.6,21.46,91.98,4,1,1.2246467991473532e-16,-1.0,0,0,0,0,0,0,0,1,0,0,0,0,0,0,0,0,0,0,0,0,0,0,0,0,0,0,0,0,0,0,0,0,0
4866,1989,7,33.8,25.3,865.0,86.0,3.1,6.5,3.2,41992,705183.0,374324.6,21.46,91.98,4,1,-0.4999999999999997,-0.8660254037844388,0,0,0,0,0,0,0,1,0,0,0,0,0,0,0,0,0,0,0,0,0,0,0,0,0,0,0,0,0,0,0,0,0
4868,1989,9,32.5,25.0,460.0,85.0,1.8,5.8,5.2,41992,705183.0,374324.6,21.46,91.98,4,1,-1.0,-1.8369701987210297e-16,0,0,0,0,0,0,0,1,0,0,0,0,0,0,0,0,0,0,0,0,0,0,0,0,0,0,0,0,0,0,0,0,0
4869,1989,10,33.0,24.1,516.0,88.0,1.4,5.8,4.9,41992,705183.0,374324.6,21.46,91.98,4,1,-0.8660254037844386,0.5000000000000001,0,0,0,0,0,0,0,1,0,0,0,0,0,0,0,0,0,0,0,0,0,0,0,0,0,0,0,0,0,0,0,0,0
4877,1990,6,34.4,25.7,1201.0,87.0,2.9,6.6,4.0,41992,705183.0,374324.6,21.46,91.98,4,1,1.2246467991473532e-16,-1.0,0,0,0,0,0,0,0,1,0,0,0,0,0,0,0,0,0,0,0,0,0,0,0,0,0,0,0,0,0,0,0,0,0
4878,1990,7,32.4,25.4,1211.0,91.0,3.2,7.5,3.7,41992,705183.0,374324.6,21.46,91.98,4,1,-0.4999999999999997,-0.8660254037844388,0,0,0,0,0,0,0,1,0,0,0,0,0,0,0,0,0,0,0,0,0,0,0,0,0,0,0,0,0,0,0,0,0
4889,1991,6,33.0,25.2,1165.0,89.0,2.7,6.9,1.5,41992,705183.0,374324.6,21.46,91.98,4,1,1.2246467991473532e-16,-1.0,0,0,0,0,0,0,0,1,0,0,0,0,0,0,0,0,0,0,0,0,0,0,0,0,0,0,0,0,0,0,0,0,0
4890,1991,7,33.3,25.4,800.0,88.0,3.2,7.0,3.7,41992,705183.0,374324.6,21.46,91.98,4,1,-0.4999999999999997,-0.8660254037844388,0,0,0,0,0,0,0,1,0,0,0,0,0,0,0,0,0,0,0,0,0,0,0,0,0,0,0,0,0,0,0,0,0
4891,1991,8,33.5,25.4,770.0,89.0,2.8,7.1,3.5,41992,705183.0,374324.6,21.46,91.98,4,1,-0.8660254037844385,-0.5000000000000004,0,0,0,0,0,0,0,1,0,0,0,0,0,0,0,0,0,0,0,0,0,0,0,0,0,0,0,0,0,0,0,0,0
4892,1991,9,33.5,25.1,497.0,87.0,1.7,6.2,4.2,41992,705183.0,374324.6,21.46,91.98,4,1,-1.0,-1.8369701987210297e-16,0,0,0,0,0,0,0,1,0,0,0,0,0,0,0,0,0,0,0,0,0,0,0,0,0,0,0,0,0,0,0,0,0
4901,1992,6,36.0,25.7,767.0,83.0,2.7,5.6,5.5,41992,705183.0,374324.6,21.46,91.98,4,1,1.2246467991473532e-16,-1.0,0,0,0,0,0,0,0,1,0,0,0,0,0,0,0,0,0,0,0,0,0,0,0,0,0,0,0,0,0,0,0,0,0
4902,1992,7,34.0,25.1,824.0,88.0,2.8,7.0,2.9,41992,705183.0,374324.6,21.46,91.98,4,1,-0.4999999999999997,-0.8660254037844388,0,0,0,0,0,0,0,1,0,0,0,0,0,0,0,0,0,0,0,0,0,0,0,0,0,0,0,0,0,0,0,0,0
4903,1992,8,33.5,25.2,451.0,86.0,2.8,6.6,4.1,41992,705183.0,374324.6,21.46,91.98,4,1,-0.8660254037844385,-0.5000000000000004,0,0,0,0,0,0,0,1,0,0,0,0,0,0,0,0,0,0,0,0,0,0,0,0,0,0,0,0,0,0,0,0,0
4912,1993,5,33.6,24.2,508.0,81.0,3.1,5.1,7.6,41992,705183.0,374324.6,21.46,91.98,4,1,0.49999999999999994,-0.8660254037844387,0,0,0,0,0,0,0,1,0,0,0,0,0,0,0,0,0,0,0,0,0,0,0,0,0,0,0,0,0,0,0,0,0
4913,1993,6,33.0,25.0,835.0,89.0,3.4,6.5,3.4,41992,705183.0,374324.6,21.46,91.98,4,1,1.2246467991473532e-16,-1.0,0,0,0,0,0,0,0,1,0,0,0,0,0,0,0,0,0,0,0,0,0,0,0,0,0,0,0,0,0,0,0,0,0
4914,1993,7,33.5,25.5,672.0,87.0,3.7,6.4,4.3,41992,705183.0,374324.6,21.46,91.98,4,1,-0.4999999999999997,-0.8660254037844388,0,0,0,0,0,0,0,1,0,0,0,0,0,0,0,0,0,0,0,0,0,0,0,0,0,0,0,0,0,0,0,0,0
4915,1993,8,32.2,25.4,736.0,88.0,3.3,6.7,3.0,41992,705183.0,374324.6,21.46,91.98,4,1,-0.8660254037844385,-0.5000000000000004,0,0,0,0,0,0,0,1,0,0,0,0,0,0,0,0,0,0,0,0,0,0,0,0,0,0,0,0,0,0,0,0,0
4925,1994,6,34.5,25.8,1022.0,87.0,3.0,7.0,2.7,41992,705183.0,374324.6,21.46,91.98,4,1,1.2246467991473532e-16,-1.0,0,0,0,0,0,0,0,1,0,0,0,0,0,0,0,0,0,0,0,0,0,0,0,0,0,0,0,0,0,0,0,0,0
4926,1994,7,32.5,25.2,767.0,89.0,3.1,7.0,3.0,41992,705183.0,374324.6,21.46,91.98,4,1,-0.4999999999999997,-0.8660254037844388,0,0,0,0,0,0,0,1,0,0,0,0,0,0,0,0,0,0,0,0,0,0,0,0,0,0,0,0,0,0,0,0,0
4927,1994,8,32.0,25.3,520.0,86.0,3.1,6.7,5.1,41992,705183.0,374324.6,21.46,91.98,4,1,-0.8660254037844385,-0.5000000000000004,0,0,0,0,0,0,0,1,0,0,0,0,0,0,0,0,0,0,0,0,0,0,0,0,0,0,0,0,0,0,0,0,0
4937,1995,6,33.6,25.7,706.0,86.0,3.6,6.8,4.6,41992,705183.0,374324.6,21.46,91.98,4,1,1.2246467991473532e-16,-1.0,0,0,0,0,0,0,0,1,0,0,0,0,0,0,0,0,0,0,0,0,0,0,0,0,0,0,0,0,0,0,0,0,0
4938,1995,7,32.5,25.3,1039.0,87.0,3.5,7.0,3.4,41992,705183.0,374324.6,21.46,91.98,4,1,-0.4999999999999997,-0.8660254037844388,0,0,0,0,0,0,0,1,0,0,0,0,0,0,0,0,0,0,0,0,0,0,0,0,0,0,0,0,0,0,0,0,0
4939,1995,8,33.0,25.6,629.0,86.0,2.9,6.5,5.1,41992,705183.0,374324.6,21.46,91.98,4,1,-0.8660254037844385,-0.5000000000000004,0,0,0,0,0,0,0,1,0,0,0,0,0,0,0,0,0,0,0,0,0,0,0,0,0,0,0,0,0,0,0,0,0
4940,1995,9,34.0,25.3,463.0,86.0,2.4,6.0,5.1,41992,705183.0,374324.6,21.46,91.98,4,1,-1.0,-1.8369701987210297e-16,0,0,0,0,0,0,0,1,0,0,0,0,0,0,0,0,0,0,0,0,0,0,0,0,0,0,0,0,0,0,0,0,0
4942,1995,11,34.5,22.6,409.0,82.0,1.6,4.9,5.5,41992,705183.0,374324.6,21.46,91.98,4,1,-0.5000000000000004,0.8660254037844384,0,0,0,0,0,0,0,1,0,0,0,0,0,0,0,0,0,0,0,0,0,0,0,0,0,0,0,0,0,0,0,0,0
4949,1996,6,34.6,25.1,671.0,85.0,3.0,5.8,6.0,41992,705183.0,374324.6,21.46,91.98,4,1,1.2246467991473532e-16,-1.0,0,0,0,0,0,0,0,1,0,0,0,0,0,0,0,0,0,0,0,0,0,0,0,0,0,0,0,0,0,0,0,0,0
4950,1996,7,34.0,25.5,946.0,87.0,2.7,6.5,4.0,41992,705183.0,374324.6,21.46,91.98,4,1,-0.4999999999999997,-0.8660254037844388,0,0,0,0,0,0,0,1,0,0,0,0,0,0,0,0,0,0,0,0,0,0,0,0,0,0,0,0,0,0,0,0,0
4951,1996,8,33.0,24.9,702.0,89.0,2.2,6.6,3.3,41992,705183.0,374324.6,21.46,91.98,4,1,-0.8660254037844385,-0.5000000000000004,0,0,0,0,0,0,0,1,0,0,0,0,0,0,0,0,0,0,0,0,0,0,0,0,0,0,0,0,0,0,0,0,0
4952,1996,9,35.5,25.0,528.0,86.0,1.4,5.9,5.9,41992,705183.0,374324.6,21.46,91.98,4,1,-1.0,-1.8369701987210297e-16,0,0,0,0,0,0,0,1,0,0,0,0,0,0,0,0,0,0,0,0,0,0,0,0,0,0,0,0,0,0,0,0,0
4953,1996,10,34.5,24.5,446.0,83.0,1.5,4.5,6.2,41992,705183.0,374324.6,21.46,91.98,4,1,-0.8660254037844386,0.5000000000000001,0,0,0,0,0,0,0,1,0,0,0,0,0,0,0,0,0,0,0,0,0,0,0,0,0,0,0,0,0,0,0,0,0
4962,1997,7,32.5,24.9,1277.0,91.0,2.7,7.0,2.8,41992,705183.0,374324.6,21.46,91.98,4,1,-0.4999999999999997,-0.8660254037844388,0,0,0,0,0,0,0,1,0,0,0,0,0,0,0,0,0,0,0,0,0,0,0,0,0,0,0,0,0,0,0,0,0
4963,1997,8,35.6,25.5,613.0,87.0,2.5,6.0,6.5,41992,705183.0,374324.6,21.46,91.98,4,1,-0.8660254037844385,-0.5000000000000004,0,0,0,0,0,0,0,1,0,0,0,0,0,0,0,0,0,0,0,0,0,0,0,0,0,0,0,0,0,0,0,0,0
4964,1997,9,34.0,24.8,640.0,87.0,1.6,5.7,6.1,41992,705183.0,374324.6,21.46,91.98,4,1,-1.0,-1.8369701987210297e-16,0,0,0,0,0,0,0,1,0,0,0,0,0,0,0,0,0,0,0,0,0,0,0,0,0,0,0,0,0,0,0,0,0
4974,1998,7,34.7,25.7,1257.0,90.0,3.4,6.5,4.0,41992,705183.0,374324.6,21.46,91.98,4,1,-0.4999999999999997,-0.8660254037844388,0,0,0,0,0,0,0,1,0,0,0,0,0,0,0,0,0,0,0,0,0,0,0,0,0,0,0,0,0,0,0,0,0
4975,1998,8,34.5,25.7,1105.0,90.0,2.8,6.8,3.8,41992,705183.0,374324.6,21.46,91.98,4,1,-0.8660254037844385,-0.5000000000000004,0,0,0,0,0,0,0,1,0,0,0,0,0,0,0,0,0,0,0,0,0,0,0,0,0,0,0,0,0,0,0,0,0
4984,1999,5,36.3,25.1,578.0,84.0,2.2,4.8,5.7,41992,705183.0,374324.6,21.46,91.98,4,1,0.49999999999999994,-0.8660254037844387,0,0,0,0,0,0,0,1,0,0,0,0,0,0,0,0,0,0,0,0,0,0,0,0,0,0,0,0,0,0,0,0,0
4985,1999,6,35.7,25.6,853.0,89.0,2.7,6.3,4.8,41992,705183.0,374324.6,21.46,91.98,4,1,1.2246467991473532e-16,-1.0,0,0,0,0,0,0,0,1,0,0,0,0,0,0,0,0,0,0,0,0,0,0,0,0,0,0,0,0,0,0,0,0,0
4986,1999,7,33.5,25.3,919.0,90.0,1.9,6.7,4.0,41992,705183.0,374324.6,21.46,91.98,4,1,-0.4999999999999997,-0.8660254037844388,0,0,0,0,0,0,0,1,0,0,0,0,0,0,0,0,0,0,0,0,0,0,0,0,0,0,0,0,0,0,0,0,0
4987,1999,8,33.5,25.0,1134.0,91.0,1.9,7.1,3.5,41992,705183.0,374324.6,21.46,91.98,4,1,-0.8660254037844385,-0.5000000000000004,0,0,0,0,0,0,0,1,0,0,0,0,0,0,0,0,0,0,0,0,0,0,0,0,0,0,0,0,0,0,0,0,0
4996,2000,5,35.7,23.7,589.0,86.0,1.6,4.9,5.8,41992,705183.0,374324.6,21.46,91.98,4,1,0.49999999999999994,-0.8660254037844387,0,0,0,0,0,0,0,1,0,0,0,0,0,0,0,0,0,0,0,0,0,0,0,0,0,0,0,0,0,0,0,0,0
4997,2000,6,35.2,25.1,841.0,88.0,2.1,6.5,4.5,41992,705183.0,374324.6,21.46,91.98,4,1,1.2246467991473532e-16,-1.0,0,0,0,0,0,0,0,1,0,0,0,0,0,0,0,0,0,0,0,0,0,0,0,0,0,0,0,0,0,0,0,0,0
4998,2000,7,34.8,24.4,1300.0,90.0,2.1,6.4,4.6,41992,705183.0,374324.6,21.46,91.98,4,1,-0.4999999999999997,-0.8660254037844388,0,0,0,0,0,0,0,1,0,0,0,0,0,0,0,0,0,0,0,0,0,0,0,0,0,0,0,0,0,0,0,0,0
4999,2000,8,34.6,25.1,870.0,89.0,1.8,6.1,5.8,41992,705183.0,374324.6,21.46,91.98,4,1,-0.8660254037844385,-0.5000000000000004,0,0,0,0,0,0,0,1,0,0,0,0,0,0,0,0,0,0,0,0,0,0,0,0,0,0,0,0,0,0,0,0,0
5000,2000,9,34.6,25.0,503.0,88.0,1.2,5.9,5.6,41992,705183.0,374324.6,21.46,91.98,4,1,-1.0,-1.8369701987210297e-16,0,0,0,0,0,0,0,1,0,0,0,0,0,0,0,0,0,0,0,0,0,0,0,0,0,0,0,0,0,0,0,0,0
5001,2000,10,36.0,24.6,424.0,85.0,0.9,4.4,7.4,41992,705183.0,374324.6,21.46,91.98,4,1,-0.8660254037844386,0.5000000000000001,0,0,0,0,0,0,0,1,0,0,0,0,0,0,0,0,0,0,0,0,0,0,0,0,0,0,0,0,0,0,0,0,0
5009,2001,6,33.7,23.9,1373.0,92.0,2.6,7.0,3.5,41992,705183.0,374324.6,21.46,91.98,4,1,1.2246467991473532e-16,-1.0,0,0,0,0,0,0,0,1,0,0,0,0,0,0,0,0,0,0,0,0,0,0,0,0,0,0,0,0,0,0,0,0,0
5010,2001,7,33.8,25.3,903.0,90.0,2.9,6.7,4.0,41992,705183.0,374324.6,21.46,91.98,4,1,-0.4999999999999997,-0.8660254037844388,0,0,0,0,0,0,0,1,0,0,0,0,0,0,0,0,0,0,0,0,0,0,0,0,0,0,0,0,0,0,0,0,0
5011,2001,8,34.1,25.7,534.0,89.0,1.9,6.1,6.4,41992,705183.0,374324.6,21.46,91.98,4,1,-0.8660254037844385,-0.5000000000000004,0,0,0,0,0,0,0,1,0,0,0,0,0,0,0,0,0,0,0,0,0,0,0,0,0,0,0,0,0,0,0,0,0
5012,2001,9,36.0,25.3,426.0,88.0,1.1,5.1,7.0,41992,705183.0,374324.6,21.46,91.98,4,1,-1.0,-1.8369701987210297e-16,0,0,0,0,0,0,0,1,0,0,0,0,0,0,0,0,0,0,0,0,0,0,0,0,0,0,0,0,0,0,0,0,0
5020,2002,5,34.6,25.1,494.0,85.0,1.9,4.8,7.3,41992,705183.0,374324.6,21.46,91.98,4,1,0.49999999999999994,-0.8660254037844387,0,0,0,0,0,0,0,1,0,0,0,0,0,0,0,0,0,0,0,0,0,0,0,0,0,0,0,0,0,0,0,0,0
5021,2002,6,34.5,25.8,503.0,89.0,1.8,5.7,5.7,41992,705183.0,374324.6,21.46,91.98,4,1,1.2246467991473532e-16,-1.0,0,0,0,0,0,0,0,1,0,0,0,0,0,0,0,0,0,0,0,0,0,0,0,0,0,0,0,0,0,0,0,0,0
5022,2002,7,33.4,25.7,1236.0,92.0,1.4,7.1,2.1,41992,705183.0,374324.6,21.46,91.98,4,1,-0.4999999999999997,-0.8660254037844388,0,0,0,0,0,0,0,1,0,0,0,0,0,0,0,0,0,0,0,0,0,0,0,0,0,0,0,0,0,0,0,0,0
5023,2002,8,34.8,25.5,658.0,89.0,1.8,6.2,5.3,41992,705183.0,374324.6,21.46,91.98,4,1,-0.8660254037844385,-0.5000000000000004,0,0,0,0,0,0,0,1,0,0,0,0,0,0,0,0,0,0,0,0,0,0,0,0,0,0,0,0,0,0,0,0,0
5032,2003,5,35.8,25.7,574.0,84.0,1.6,3.9,6.1,41992,705183.0,374324.6,21.46,91.98,4,1,0.49999999999999994,-0.8660254037844387,0,0,0,0,0,0,0,1,0,0,0,0,0,0,0,0,0,0,0,0,0,0,0,0,0,0,0,0,0,0,0,0,0
5033,2003,6,35.2,24.9,1349.0,91.0,2.5,6.8,2.4,41992,705183.0,374324.6,21.46,91.98,4,1,1.2246467991473532e-16,-1.0,0,0,0,0,0,0,0,1,0,0,0,0,0,0,0,0,0,0,0,0,0,0,0,0,0,0,0,0,0,0,0,0,0
5034,2003,7,34.1,25.6,896.0,88.0,2.4,5.8,6.0,41992,705183.0,374324.6,21.46,91.98,4,1,-0.4999999999999997,-0.8660254037844388,0,0,0,0,0,0,0,1,0,0,0,0,0,0,0,0,0,0,0,0,0,0,0,0,0,0,0,0,0,0,0,0,0
5035,2003,8,34.2,25.5,655.0,88.0,1.8,5.9,5.7,41992,705183.0,374324.6,21.46,91.98,4,1,-0.8660254037844385,-0.5000000000000004,0,0,0,0,0,0,0,1,0,0,0,0,0,0,0,0,0,0,0,0,0,0,0,0,0,0,0,0,0,0,0,0,0
5045,2004,6,36.0,25.7,705.0,86.0,1.4,6.1,4.4,41992,705183.0,374324.6,21.46,91.98,4,1,1.2246467991473532e-16,-1.0,0,0,0,0,0,0,0,1,0,0,0,0,0,0,0,0,0,0,0,0,0,0,0,0,0,0,0,0,0,0,0,0,0
5046,2004,7,34.0,25.3,751.0,89.0,1.7,6.7,3.9,41992,705183.0,374324.6,21.46,91.98,4,1,-0.4999999999999997,-0.8660254037844388,0,0,0,0,0,0,0,1,0,0,0,0,0,0,0,0,0,0,0,0,0,0,0,0,0,0,0,0,0,0,0,0,0
5047,2004,8,34.8,25.4,686.0,89.0,2.0,6.2,5.3,41992,705183.0,374324.6,21.46,91.98,4,1,-0.8660254037844385,-0.5000000000000004,0,0,0,0,0,0,0,1,0,0,0,0,0,0,0,0,0,0,0,0,0,0,0,0,0,0,0,0,0,0,0,0,0
5048,2004,9,36.6,25.4,438.0,87.0,1.2,5.4,5.9,41992,705183.0,374324.6,21.46,91.98,4,1,-1.0,-1.8369701987210297e-16,0,0,0,0,0,0,0,1,0,0,0,0,0,0,0,0,0,0,0,0,0,0,0,0,0,0,0,0,0,0,0,0,0
5057,2005,6,35.4,26.5,848.0,85.0,2.7,5.3,5.1,41992,705183.0,374324.6,21.46,91.98,4,1,1.2246467991473532e-16,-1.0,0,0,0,0,0,0,0,1,0,0,0,0,0,0,0,0,0,0,0,0,0,0,0,0,0,0,0,0,0,0,0,0,0
5058,2005,7,33.0,25.5,608.0,88.0,2.5,6.0,4.3,41992,705183.0,374324.6,21.46,91.98,4,1,-0.4999999999999997,-0.8660254037844388,0,0,0,0,0,0,0,1,0,0,0,0,0,0,0,0,0,0,0,0,0,0,0,0,0,0,0,0,0,0,0,0,0
5059,2005,8,32.6,25.4,957.0,91.0,2.5,7.2,2.8,41992,705183.0,374324.6,21.46,91.98,4,1,-0.8660254037844385,-0.5000000000000004,0,0,0,0,0,0,0,1,0,0,0,0,0,0,0,0,0,0,0,0,0,0,0,0,0,0,0,0,0,0,0,0,0
5068,2006,5,34.8,25.2,800.0,81.0,1.3,4.8,7.2,41992,705183.0,374324.6,21.46,91.98,4,1,0.49999999999999994,-0.8660254037844387,0,0,0,0,0,0,0,1,0,0,0,0,0,0,0,0,0,0,0,0,0,0,0,0,0,0,0,0,0,0,0,0,0
5069,2006,6,33.5,25.7,662.0,87.0,1.5,6.4,4.7,41992,705183.0,374324.6,21.46,91.98,4,1,1.2246467991473532e-16,-1.0,0,0,0,0,0,0,0,1,0,0,0,0,0,0,0,0,0,0,0,0,0,0,0,0,0,0,0,0,0,0,0,0,0
5070,2006,7,32.8,25.5,802.0,90.0,2.0,6.9,3.3,41992,705183.0,374324.6,21.46,91.98,4,1,-0.4999999999999997,-0.8660254037844388,0,0,0,0,0,0,0,1,0,0,0,0,0,0,0,0,0,0,0,0,0,0,0,0,0,0,0,0,0,0,0,0,0
5072,2006,9,33.5,25.1,678.0,86.0,1.4,5.5,6.0,41992,705183.0,374324.6,21.46,91.98,4,1,-1.0,-1.8369701987210297e-16,0,0,0,0,0,0,0,1,0,0,0,0,0,0,0,0,0,0,0,0,0,0,0,0,0,0,0,0,0,0,0,0,0
5081,2007,6,34.5,26.0,640.0,84.0,1.6,6.1,5.6,41992,705183.0,374324.6,21.46,91.98,4,1,1.2246467991473532e-16,-1.0,0,0,0,0,0,0,0,1,0,0,0,0,0,0,0,0,0,0,0,0,0,0,0,0,0,0,0,0,0,0,0,0,0
5082,2007,7,34.2,25.2,1274.0,90.0,1.9,6.9,2.9,41992,705183.0,374324.6,21.46,91.98,4,1,-0.4999999999999997,-0.8660254037844388,0,0,0,0,0,0,0,1,0,0,0,0,0,0,0,0,0,0,0,0,0,0,0,0,0,0,0,0,0,0,0,0,0
5083,2007,8,33.5,25.4,526.0,86.0,1.9,6.8,4.8,41992,705183.0,374324.6,21.46,91.98,4,1,-0.8660254037844385,-0.5000000000000004,0,0,0,0,0,0,0,1,0,0,0,0,0,0,0,0,0,0,0,0,0,0,0,0,0,0,0,0,0,0,0,0,0
5084,2007,9,33.7,24.9,409.0,87.0,1.8,6.8,3.7,41992,705183.0,374324.6,21.46,91.98,4,1,-1.0,-1.8369701987210297e-16,0,0,0,0,0,0,0,1,0,0,0,0,0,0,0,0,0,0,0,0,0,0,0,0,0,0,0,0,0,0,0,0,0
5085,2007,10,34.8,24.0,492.0,83.0,0.9,4.3,6.4,41992,705183.0,374324.6,21.46,91.98,4,1,-0.8660254037844386,0.5000000000000001,0,0,0,0,0,0,0,1,0,0,0,0,0,0,0,0,0,0,0,0,0,0,0,0,0,0,0,0,0,0,0,0,0
5086,2007,11,33.7,22.6,127.0,81.0,0.9,2.5,7.2,41992,705183.0,374324.6,21.46,91.98,4,0,-0.5000000000000004,0.8660254037844384,0,0,0,0,0,0,0,1,0,0,0,0,0,0,0,0,0,0,0,0,0,0,0,0,0,0,0,0,0,0,0,0,0
5087,2007,12,30.5,17.5,0.0,72.0,1.0,1.5,7.3,41992,705183.0,374324.6,21.46,91.98,4,0,-2.4492935982947064e-16,1.0,0,0,0,0,0,0,0,1,0,0,0,0,0,0,0,0,0,0,0,0,0,0,0,0,0,0,0,0,0,0,0,0,0
5088,2008,1,30.0,16.0,15.0,73.0,0.8,1.1,7.4,41992,705183.0,374324.6,21.46,91.98,4,0,0.49999999999999994,0.8660254037844387,0,0,0,0,0,0,0,1,0,0,0,0,0,0,0,0,0,0,0,0,0,0,0,0,0,0,0,0,0,0,0,0,0
5089,2008,2,31.4,16.5,50.0,67.0,1.1,1.0,8.9,41992,705183.0,374324.6,21.46,91.98,4,0,0.8660254037844386,0.5000000000000001,0,0,0,0,0,0,0,1,0,0,0,0,0,0,0,0,0,0,0,0,0,0,0,0,0,0,0,0,0,0,0,0,0
5093,2008,6,34.2,25.2,1318.0,86.0,1.7,6.4,3.8,41992,705183.0,374324.6,21.46,91.98,4,1,1.2246467991473532e-16,-1.0,0,0,0,0,0,0,0,1,0,0,0,0,0,0,0,0,0,0,0,0,0,0,0,0,0,0,0,0,0,0,0,0,0
5094,2008,7,32.6,24.8,1275.0,90.0,1.2,7.1,3.1,41992,705183.0,374324.6,21.46,91.98,4,1,-0.4999999999999997,-0.8660254037844388,0,0,0,0,0,0,0,1,0,0,0,0,0,0,0,0,0,0,0,0,0,0,0,0,0,0,0,0,0,0,0,0,0
5095,2008,8,33.5,25.0,664.0,88.0,1.4,6.6,3.9,41992,705183.0,374324.6,21.46,91.98,4,1,-0.8660254037844385,-0.5000000000000004,0,0,0,0,0,0,0,1,0,0,0,0,0,0,0,0,0,0,0,0,0,0,0,0,0,0,0,0,0,0,0,0,0
5097,2008,10,35.1,24.8,184.0,81.0,0.9,3.0,7.7,41992,705183.0,374324.6,21.46,91.98,4,0,-0.8660254037844386,0.5000000000000001,0,0,0,0,0,0,0,1,0,0,0,0,0,0,0,0,0,0,0,0,0,0,0,0,0,0,0,0,0,0,0,0,0
5098,2008,11,33.0,20.8,3.0,75.0,0.4,1.5,8.8,41992,705183.0,374324.6,21.46,91.98,4,0,-0.5000000000000004,0.8660254037844384,0,0,0,0,0,0,0,1,0,0,0,0,0,0,0,0,0,0,0,0,0,0,0,0,0,0,0,0,0,0,0,0,0
5099,2008,12,31.3,18.0,0.0,76.0,0.3,0.8,6.9,41992,705183.0,374324.6,21.46,91.98,4,0,-2.4492935982947064e-16,1.0,0,0,0,0,0,0,0,1,0,0,0,0,0,0,0,0,0,0,0,0,0,0,0,0,0,0,0,0,0,0,0,0,0
5100,2009,1,31.8,15.9,0.0,70.0,3.0,0.1,7.7,41992,705183.0,374324.6,21.46,91.98,4,0,0.49999999999999994,0.8660254037844387,0,0,0,0,0,0,0,1,0,0,0,0,0,0,0,0,0,0,0,0,0,0,0,0,0,0,0,0,0,0,0,0,0
5101,2009,2,33.3,17.9,0.0,67.0,4.8,0.3,9.0,41992,705183.0,374324.6,21.46,91.98,4,0,0.8660254037844386,0.5000000000000001,0,0,0,0,0,0,0,1,0,0,0,0,0,0,0,0,0,0,0,0,0,0,0,0,0,0,0,0,0,0,0,0,0
5106,2009,7,32.8,25.5,971.0,90.0,4.8,6.7,3.1,41992,705183.0,374324.6,21.46,91.98,4,1,-0.4999999999999997,-0.8660254037844388,0,0,0,0,0,0,0,1,0,0,0,0,0,0,0,0,0,0,0,0,0,0,0,0,0,0,0,0,0,0,0,0,0
5107,2009,8,34.0,25.3,944.0,89.0,3.9,6.9,3.2,41992,705183.0,374324.6,21.46,91.98,4,1,-0.8660254037844385,-0.5000000000000004,0,0,0,0,0,0,0,1,0,0,0,0,0,0,0,0,0,0,0,0,0,0,0,0,0,0,0,0,0,0,0,0,0
5108,2009,9,35.0,25.2,485.0,85.0,3.7,5.9,5.8,41992,705183.0,374324.6,21.46,91.98,4,1,-1.0,-1.8369701987210297e-16,0,0,0,0,0,0,0,1,0,0,0,0,0,0,0,0,0,0,0,0,0,0,0,0,0,0,0,0,0,0,0,0,0
5109,2009,10,34.6,24.6,130.0,80.0,3.1,3.1,7.7,41992,705183.0,374324.6,21.46,91.98,4,0,-0.8660254037844386,0.5000000000000001,0,0,0,0,0,0,0,1,0,0,0,0,0,0,0,0,0,0,0,0,0,0,0,0,0,0,0,0,0,0,0,0,0
5110,2009,11,34.5,21.7,58.0,73.0,2.2,2.1,7.6,41992,705183.0,374324.6,21.46,91.98,4,0,-0.5000000000000004,0.8660254037844384,0,0,0,0,0,0,0,1,0,0,0,0,0,0,0,0,0,0,0,0,0,0,0,0,0,0,0,0,0,0,0,0,0
5111,2009,12,30.5,16.6,0.0,72.0,2.8,0.8,8.5,41992,705183.0,374324.6,21.46,91.98,4,0,-2.4492935982947064e-16,1.0,0,0,0,0,0,0,0,1,0,0,0,0,0,0,0,0,0,0,0,0,0,0,0,0,0,0,0,0,0,0,0,0,0
5112,2010,1,30.0,15.3,0.0,72.0,4.0,0.5,8.2,41992,705183.0,374324.6,21.46,91.98,4,0,0.49999999999999994,0.8660254037844387,0,0,0,0,0,0,0,1,0,0,0,0,0,0,0,0,0,0,0,0,0,0,0,0,0,0,0,0,0,0,0,0,0
5113,2010,2,34.0,17.5,0.0,65.0,4.3,1.2,8.4,41992,705183.0,374324.6,21.46,91.98,4,0,0.8660254037844386,0.5000000000000001,0,0,0,0,0,0,0,1,0,0,0,0,0,0,0,0,0,0,0,0,0,0,0,0,0,0,0,0,0,0,0,0,0
5116,2010,5,36.0,26.1,717.0,78.0,4.1,4.3,6.8,41992,705183.0,374324.6,21.46,91.98,4,1,0.49999999999999994,-0.8660254037844387,0,0,0,0,0,0,0,1,0,0,0,0,0,0,0,0,0,0,0,0,0,0,0,0,0,0,0,0,0,0,0,0,0
5117,2010,6,34.0,26.0,982.0,86.0,4.6,6.2,5.1,41992,705183.0,374324.6,21.46,91.98,4,1,1.2246467991473532e-16,-1.0,0,0,0,0,0,0,0,1,0,0,0,0,0,0,0,0,0,0,0,0,0,0,0,0,0,0,0,0,0,0,0,0,0
5118,2010,7,34.0,25.8,496.0,85.0,4.1,6.3,5.2,41992,705183.0,374324.6,21.46,91.98,4,1,-0.4999999999999997,-0.8660254037844388,0,0,0,0,0,0,0,1,0,0,0,0,0,0,0,0,0,0,0,0,0,0,0,0,0,0,0,0,0,0,0,0,0
5119,2010,8,33.7,25.7,501.0,84.0,3.3,6.0,5.9,41992,705183.0,374324.6,21.46,91.98,4,1,-0.8660254037844385,-0.5000000000000004,0,0,0,0,0,0,0,1,0,0,0,0,0,0,0,0,0,0,0,0,0,0,0,0,0,0,0,0,0,0,0,0,0
5121,2010,10,36.0,25.4,375.0,84.0,2.5,4.5,6.1,41992,705183.0,374324.6,21.46,91.98,4,0,-0.8660254037844386,0.5000000000000001,0,0,0,0,0,0,0,1,0,0,0,0,0,0,0,0,0,0,0,0,0,0,0,0,0,0,0,0,0,0,0,0,0
5122,2010,11,33.5,21.7,15.0,77.0,2.6,1.2,8.9,41992,705183.0,374324.6,21.46,91.98,4,0,-0.5000000000000004,0.8660254037844384,0,0,0,0,0,0,0,1,0,0,0,0,0,0,0,0,0,0,0,0,0,0,0,0,0,0,0,0,0,0,0,0,0
5123,2010,12,33.0,17.5,68.0,74.0,2.9,1.0,7.6,41992,705183.0,374324.6,21.46,91.98,4,0,-2.4492935982947064e-16,1.0,0,0,0,0,0,0,0,1,0,0,0,0,0,0,0,0,0,0,0,0,0,0,0,0,0,0,0,0,0,0,0,0,0
5124,2011,1,31.0,14.9,11.0,67.0,3.7,0.8,8.0,41992,705183.0,374324.6,21.46,91.98,4,0,0.49999999999999994,0.8660254037844387,0,0,0,0,0,0,0,1,0,0,0,0,0,0,0,0,0,0,0,0,0,0,0,0,0,0,0,0,0,0,0,0,0
5125,2011,2,32.5,17.8,0.0,68.0,3.8,0.9,9.1,41992,705183.0,374324.6,21.46,91.98,4,0,0.8660254037844386,0.5000000000000001,0,0,0,0,0,0,0,1,0,0,0,0,0,0,0,0,0,0,0,0,0,0,0,0,0,0,0,0,0,0,0,0,0
5129,2011,6,34.0,25.4,926.0,87.0,3.7,6.5,3.0,41992,705183.0,374324.6,21.46,91.98,4,1,1.2246467991473532e-16,-1.0,0,0,0,0,0,0,0,1,0,0,0,0,0,0,0,0,0,0,0,0,0,0,0,0,0,0,0,0,0,0,0,0,0
5130,2011,7,33.5,25.5,877.0,86.0,3.8,6.2,4.7,41992,705183.0,374324.6,21.46,91.98,4,1,-0.4999999999999997,-0.8660254037844388,0,0,0,0,0,0,0,1,0,0,0,0,0,0,0,0,0,0,0,0,0,0,0,0,0,0,0,0,0,0,0,0,0
5131,2011,8,33.8,25.1,1226.0,88.0,3.6,6.8,4.0,41992,705183.0,374324.6,21.46,91.98,4,1,-0.8660254037844385,-0.5000000000000004,0,0,0,0,0,0,0,1,0,0,0,0,0,0,0,0,0,0,0,0,0,0,0,0,0,0,0,0,0,0,0,0,0
5132,2011,9,33.5,24.9,692.0,88.0,2.9,5.9,4.4,41992,705183.0,374324.6,21.46,91.98,4,1,-1.0,-1.8369701987210297e-16,0,0,0,0,0,0,0,1,0,0,0,0,0,0,0,0,0,0,0,0,0,0,0,0,0,0,0,0,0,0,0,0,0
5133,2011,10,34.3,23.9,280.0,82.0,2.1,3.1,7.7,41992,705183.0,374324.6,21.46,91.98,4,0,-0.8660254037844386,0.5000000000000001,0,0,0,0,0,0,0,1,0,0,0,0,0,0,0,0,0,0,0,0,0,0,0,0,0,0,0,0,0,0,0,0,0
5134,2011,11,32.5,19.5,0.0,74.0,1.9,0.1,8.3,41992,705183.0,374324.6,21.46,91.98,4,0,-0.5000000000000004,0.8660254037844384,0,0,0,0,0,0,0,1,0,0,0,0,0,0,0,0,0,0,0,0,0,0,0,0,0,0,0,0,0,0,0,0,0
5135,2011,12,32.2,17.0,5.0,77.0,1.5,1.5,5.3,41992,705183.0,374324.6,21.46,91.98,4,0,-2.4492935982947064e-16,1.0,0,0,0,0,0,0,0,1,0,0,0,0,0,0,0,0,0,0,0,0,0,0,0,0,0,0,0,0,0,0,0,0,0
5136,2012,1,31.2,15.8,0.0,67.0,2.8,0.9,7.7,41992,705183.0,374324.6,21.46,91.98,4,0,0.49999999999999994,0.8660254037844387,0,0,0,0,0,0,0,1,0,0,0,0,0,0,0,0,0,0,0,0,0,0,0,0,0,0,0,0,0,0,0,0,0
5137,2012,2,34.0,17.1,0.0,63.0,3.0,0.4,8.9,41992,705183.0,374324.6,21.46,91.98,4,0,0.8660254037844386,0.5000000000000001,0,0,0,0,0,0,0,1,0,0,0,0,0,0,0,0,0,0,0,0,0,0,0,0,0,0,0,0,0,0,0,0,0
5141,2012,6,34.8,25.4,1102.0,86.0,4.9,6.3,3.0,41992,705183.0,374324.6,21.46,91.98,4,1,1.2246467991473532e-16,-1.0,0,0,0,0,0,0,0,1,0,0,0,0,0,0,0,0,0,0,0,0,0,0,0,0,0,0,0,0,0,0,0,0,0
5142,2012,7,33.5,25.1,1130.0,90.0,4.5,7.2,1.6,41992,705183.0,374324.6,21.46,91.98,4,1,-0.4999999999999997,-0.8660254037844388,0,0,0,0,0,0,0,1,0,0,0,0,0,0,0,0,0,0,0,0,0,0,0,0,0,0,0,0,0,0,0,0,0
5143,2012,8,33.6,24.9,801.0,87.0,4.1,6.3,4.8,41992,705183.0,374324.6,21.46,91.98,4,1,-0.8660254037844385,-0.5000000000000004,0,0,0,0,0,0,0,1,0,0,0,0,0,0,0,0,0,0,0,0,0,0,0,0,0,0,0,0,0,0,0,0,0
5145,2012,10,34.3,24.4,263.0,83.0,3.8,3.3,7.8,41992,705183.0,374324.6,21.46,91.98,4,0,-0.8660254037844386,0.5000000000000001,0,0,0,0,0,0,0,1,0,0,0,0,0,0,0,0,0,0,0,0,0,0,0,0,0,0,0,0,0,0,0,0,0
5146,2012,11,33.6,21.5,14.0,76.0,3.7,3.1,6.2,41992,705183.0,374324.6,21.46,91.98,4,0,-0.5000000000000004,0.8660254037844384,0,0,0,0,0,0,0,1,0,0,0,0,0,0,0,0,0,0,0,0,0,0,0,0,0,0,0,0,0,0,0,0,0
5147,2012,12,30.4,15.5,0.0,77.0,3.9,0.5,8.0,41992,705183.0,374324.6,21.46,91.98,4,0,-2.4492935982947064e-16,1.0,0,0,0,0,0,0,0,1,0,0,0,0,0,0,0,0,0,0,0,0,0,0,0,0,0,0,0,0,0,0,0,0,0
5148,2013,1,32.0,13.9,0.0,71.0,4.6,0.4,7.9,41992,705183.0,374324.6,21.46,91.98,4,0,0.49999999999999994,0.8660254037844387,0,0,0,0,0,0,0,1,0,0,0,0,0,0,0,0,0,0,0,0,0,0,0,0,0,0,0,0,0,0,0,0,0
5149,2013,2,33.8,18.2,0.0,67.0,4.5,1.0,8.4,41992,705183.0,374324.6,21.46,91.98,4,0,0.8660254037844386,0.5000000000000001,0,0,0,0,0,0,0,1,0,0,0,0,0,0,0,0,0,0,0,0,0,0,0,0,0,0,0,0,0,0,0,0,0
5152,2013,5,34.5,24.7,700.0,86.0,4.3,6.0,4.0,41992,705183.0,374324.6,21.46,91.98,4,1,0.49999999999999994,-0.8660254037844387,0,0,0,0,0,0,0,1,0,0,0,0,0,0,0,0,0,0,0,0,0,0,0,0,0,0,0,0,0,0,0,0,0
5153,2013,6,35.0,25.8,876.0,86.0,2.9,6.5,3.7,41992,705183.0,374324.6,21.46,91.98,4,1,1.2246467991473532e-16,-1.0,0,0,0,0,0,0,0,1,0,0,0,0,0,0,0,0,0,0,0,0,0,0,0,0,0,0,0,0,0,0,0,0,0
5154,2013,7,34.0,25.1,772.0,86.0,2.9,7.0,4.6,41992,705183.0,374324.6,21.46,91.98,4,1,-0.4999999999999997,-0.8660254037844388,0,0,0,0,0,0,0,1,0,0,0,0,0,0,0,0,0,0,0,0,0,0,0,0,0,0,0,0,0,0,0,0,0
5155,2013,8,33.5,25.5,1000.0,86.0,2.9,6.6,4.4,41992,705183.0,374324.6,21.46,91.98,4,1,-0.8660254037844385,-0.5000000000000004,0,0,0,0,0,0,0,1,0,0,0,0,0,0,0,0,0,0,0,0,0,0,0,0,0,0,0,0,0,0,0,0,0
5157,2013,10,34.2,24.5,420.0,84.0,1.7,5.4,4.9,41992,705183.0,374324.6,21.46,91.98,4,1,-0.8660254037844386,0.5000000000000001,0,0,0,0,0,0,0,1,0,0,0,0,0,0,0,0,0,0,0,0,0,0,0,0,0,0,0,0,0,0,0,0,0
5158,2013,11,32.6,21.3,0.0,73.0,1.1,1.6,7.6,41992,705183.0,374324.6,21.46,91.98,4,0,-0.5000000000000004,0.8660254037844384,0,0,0,0,0,0,0,1,0,0,0,0,0,0,0,0,0,0,0,0,0,0,0,0,0,0,0,0,0,0,0,0,0
5159,2013,12,31.0,17.1,0.0,73.0,1.3,1.0,7.1,41992,705183.0,374324.6,21.46,91.98,4,0,-2.4492935982947064e-16,1.0,0,0,0,0,0,0,0,1,0,0,0,0,0,0,0,0,0,0,0,0,0,0,0,0,0,0,0,0,0,0,0,0,0
5160,1953,1,26.7,10.9,10.0,70.0,0.725925926,1.7,7.343396226,41923,540098.6,629248.4,23.78,90.39,9,0,0.49999999999999994,0.8660254037844387,0,0,0,0,0,0,0,0,1,0,0,0,0,0,0,0,0,0,0,0,0,0,0,0,0,0,0,0,0,0,0,0,0
5161,1953,2,33.6,14.7,2.0,65.0,0.924074074,2.1,8.130188679,41923,540098.6,629248.4,23.78,90.39,9,0,0.8660254037844386,0.5000000000000001,0,0,0,0,0,0,0,0,1,0,0,0,0,0,0,0,0,0,0,0,0,0,0,0,0,0,0,0,0,0,0,0,0
5169,1953,10,32.3,22.9,52.0,80.0,0.714814815,3.4,6.903773585,41923,540098.6,629248.4,23.78,90.39,9,0,-0.8660254037844386,0.5000000000000001,0,0,0,0,0,0,0,0,1,0,0,0,0,0,0,0,0,0,0,0,0,0,0,0,0,0,0,0,0,0,0,0,0
5170,1953,11,30.3,17.2,13.0,75.0,0.555555556,2.1,7.822641509,41923,540098.6,629248.4,23.78,90.39,9,0,-0.5000000000000004,0.8660254037844384,0,0,0,0,0,0,0,0,1,0,0,0,0,0,0,0,0,0,0,0,0,0,0,0,0,0,0,0,0,0,0,0,0
5171,1953,12,29.4,13.7,0.0,72.0,0.562962963,1.5,7.49245283,41923,540098.6,629248.4,23.78,90.39,9,0,-2.4492935982947064e-16,1.0,0,0,0,0,0,0,0,0,1,0,0,0,0,0,0,0,0,0,0,0,0,0,0,0,0,0,0,0,0,0,0,0,0
5172,1954,1,29.2,9.9,14.0,70.0,0.725925926,0.9,7.343396226,41923,540098.6,629248.4,23.78,90.39,9,0,0.49999999999999994,0.8660254037844387,0,0,0,0,0,0,0,0,1,0,0,0,0,0,0,0,0,0,0,0,0,0,0,0,0,0,0,0,0,0,0,0,0
5173,1954,2,33.6,16.0,0.0,65.0,0.924074074,2.1,8.130188679,41923,540098.6,629248.4,23.78,90.39,9,0,0.8660254037844386,0.5000000000000001,0,0,0,0,0,0,0,0,1,0,0,0,0,0,0,0,0,0,0,0,0,0,0,0,0,0,0,0,0,0,0,0,0
5181,1954,10,33.1,22.4,218.0,82.0,0.714814815,4.2,6.903773585,41923,540098.6,629248.4,23.78,90.39,9,0,-0.8660254037844386,0.5000000000000001,0,0,0,0,0,0,0,0,1,0,0,0,0,0,0,0,0,0,0,0,0,0,0,0,0,0,0,0,0,0,0,0,0
5182,1954,11,29.9,15.8,0.0,74.0,0.555555556,1.2,7.822641509,41923,540098.6,629248.4,23.78,90.39,9,0,-0.5000000000000004,0.8660254037844384,0,0,0,0,0,0,0,0,1,0,0,0,0,0,0,0,0,0,0,0,0,0,0,0,0,0,0,0,0,0,0,0,0
5183,1954,12,29.1,12.7,10.0,73.0,0.562962963,1.6,7.49245283,41923,540098.6,629248.4,23.78,90.39,9,0,-2.4492935982947064e-16,1.0,0,0,0,0,0,0,0,0,1,0,0,0,0,0,0,0,0,0,0,0,0,0,0,0,0,0,0,0,0,0,0,0,0
5184,1955,1,27.4,11.0,0.0,71.0,0.725925926,1.4,7.343396226,41923,540098.6,629248.4,23.78,90.39,9,0,0.49999999999999994,0.8660254037844387,0,0,0,0,0,0,0,0,1,0,0,0,0,0,0,0,0,0,0,0,0,0,0,0,0,0,0,0,0,0,0,0,0
5185,1955,2,32.9,12.1,0.0,54.0,0.924074074,0.8,8.130188679,41923,540098.6,629248.4,23.78,90.39,9,0,0.8660254037844386,0.5000000000000001,0,0,0,0,0,0,0,0,1,0,0,0,0,0,0,0,0,0,0,0,0,0,0,0,0,0,0,0,0,0,0,0,0
5193,1955,10,33.9,24.2,71.0,82.0,0.714814815,4.3,6.903773585,41923,540098.6,629248.4,23.78,90.39,9,0,-0.8660254037844386,0.5000000000000001,0,0,0,0,0,0,0,0,1,0,0,0,0,0,0,0,0,0,0,0,0,0,0,0,0,0,0,0,0,0,0,0,0
5194,1955,11,31.3,18.8,99.0,78.0,0.555555556,3.1,7.822641509,41923,540098.6,629248.4,23.78,90.39,9,0,-0.5000000000000004,0.8660254037844384,0,0,0,0,0,0,0,0,1,0,0,0,0,0,0,0,0,0,0,0,0,0,0,0,0,0,0,0,0,0,0,0,0
5195,1955,12,28.2,11.8,0.0,73.0,0.562962963,1.0,7.49245283,41923,540098.6,629248.4,23.78,90.39,9,0,-2.4492935982947064e-16,1.0,0,0,0,0,0,0,0,0,1,0,0,0,0,0,0,0,0,0,0,0,0,0,0,0,0,0,0,0,0,0,0,0,0
5196,1956,1,28.0,11.2,12.0,68.0,0.725925926,0.6,7.343396226,41923,540098.6,629248.4,23.78,90.39,9,0,0.49999999999999994,0.8660254037844387,0,0,0,0,0,0,0,0,1,0,0,0,0,0,0,0,0,0,0,0,0,0,0,0,0,0,0,0,0,0,0,0,0
5197,1956,2,34.1,11.9,5.0,59.0,0.924074074,1.3,8.130188679,41923,540098.6,629248.4,23.78,90.39,9,0,0.8660254037844386,0.5000000000000001,0,0,0,0,0,0,0,0,1,0,0,0,0,0,0,0,0,0,0,0,0,0,0,0,0,0,0,0,0,0,0,0,0
5205,1956,10,33.7,24.0,121.0,82.0,0.714814815,4.6,6.903773585,41923,540098.6,629248.4,23.78,90.39,9,0,-0.8660254037844386,0.5000000000000001,0,0,0,0,0,0,0,0,1,0,0,0,0,0,0,0,0,0,0,0,0,0,0,0,0,0,0,0,0,0,0,0,0
5206,1956,11,30.4,18.5,53.0,77.0,0.555555556,2.3,7.822641509,41923,540098.6,629248.4,23.78,90.39,9,0,-0.5000000000000004,0.8660254037844384,0,0,0,0,0,0,0,0,1,0,0,0,0,0,0,0,0,0,0,0,0,0,0,0,0,0,0,0,0,0,0,0,0
5207,1956,12,28.1,12.7,13.0,75.0,0.562962963,0.9,7.49245283,41923,540098.6,629248.4,23.78,90.39,9,0,-2.4492935982947064e-16,1.0,0,0,0,0,0,0,0,0,1,0,0,0,0,0,0,0,0,0,0,0,0,0,0,0,0,0,0,0,0,0,0,0,0
5208,1957,1,28.0,13.0,68.0,77.0,0.725925926,2.0,7.343396226,41923,540098.6,629248.4,23.78,90.39,9,0,0.49999999999999994,0.8660254037844387,0,0,0,0,0,0,0,0,1,0,0,0,0,0,0,0,0,0,0,0,0,0,0,0,0,0,0,0,0,0,0,0,0
5209,1957,2,30.8,13.4,69.0,70.0,0.924074074,2.0,8.130188679,41923,540098.6,629248.4,23.78,90.39,9,0,0.8660254037844386,0.5000000000000001,0,0,0,0,0,0,0,0,1,0,0,0,0,0,0,0,0,0,0,0,0,0,0,0,0,0,0,0,0,0,0,0,0
5217,1957,10,32.9,22.8,29.0,79.0,0.714814815,3.5,6.903773585,41923,540098.6,629248.4,23.78,90.39,9,0,-0.8660254037844386,0.5000000000000001,0,0,0,0,0,0,0,0,1,0,0,0,0,0,0,0,0,0,0,0,0,0,0,0,0,0,0,0,0,0,0,0,0
5218,1957,11,30.6,15.9,0.0,70.0,0.555555556,1.8,7.822641509,41923,540098.6,629248.4,23.78,90.39,9,0,-0.5000000000000004,0.8660254037844384,0,0,0,0,0,0,0,0,1,0,0,0,0,0,0,0,0,0,0,0,0,0,0,0,0,0,0,0,0,0,0,0,0
5219,1957,12,28.8,12.7,0.0,74.0,0.562962963,0.7,7.49245283,41923,540098.6,629248.4,23.78,90.39,9,0,-2.4492935982947064e-16,1.0,0,0,0,0,0,0,0,0,1,0,0,0,0,0,0,0,0,0,0,0,0,0,0,0,0,0,0,0,0,0,0,0,0
5220,1958,1,30.6,12.6,0.0,71.0,0.725925926,1.8,7.343396226,41923,540098.6,629248.4,23.78,90.39,9,0,0.49999999999999994,0.8660254037844387,0,0,0,0,0,0,0,0,1,0,0,0,0,0,0,0,0,0,0,0,0,0,0,0,0,0,0,0,0,0,0,0,0
5221,1958,2,31.0,14.8,95.0,70.0,0.924074074,2.5,8.130188679,41923,540098.6,629248.4,23.78,90.39,9,0,0.8660254037844386,0.5000000000000001,0,0,0,0,0,0,0,0,1,0,0,0,0,0,0,0,0,0,0,0,0,0,0,0,0,0,0,0,0,0,0,0,0
5229,1958,10,33.9,24.4,191.0,83.0,0.714814815,4.8,6.903773585,41923,540098.6,629248.4,23.78,90.39,9,0,-0.8660254037844386,0.5000000000000001,0,0,0,0,0,0,0,0,1,0,0,0,0,0,0,0,0,0,0,0,0,0,0,0,0,0,0,0,0,0,0,0,0
5230,1958,11,33.1,18.5,0.0,77.0,0.555555556,2.6,7.822641509,41923,540098.6,629248.4,23.78,90.39,9,0,-0.5000000000000004,0.8660254037844384,0,0,0,0,0,0,0,0,1,0,0,0,0,0,0,0,0,0,0,0,0,0,0,0,0,0,0,0,0,0,0,0,0
5231,1958,12,29.6,13.4,0.0,77.0,0.562962963,1.7,7.49245283,41923,540098.6,629248.4,23.78,90.39,9,0,-2.4492935982947064e-16,1.0,0,0,0,0,0,0,0,0,1,0,0,0,0,0,0,0,0,0,0,0,0,0,0,0,0,0,0,0,0,0,0,0,0
5232,1959,1,29.1,12.1,15.0,75.0,0.725925926,1.9,7.343396226,41923,540098.6,629248.4,23.78,90.39,9,0,0.49999999999999994,0.8660254037844387,0,0,0,0,0,0,0,0,1,0,0,0,0,0,0,0,0,0,0,0,0,0,0,0,0,0,0,0,0,0,0,0,0
5233,1959,2,31.0,13.4,4.0,66.0,0.924074074,1.7,8.130188679,41923,540098.6,629248.4,23.78,90.39,9,0,0.8660254037844386,0.5000000000000001,0,0,0,0,0,0,0,0,1,0,0,0,0,0,0,0,0,0,0,0,0,0,0,0,0,0,0,0,0,0,0,0,0
5241,1959,10,32.2,23.3,568.0,89.0,0.714814815,5.4,6.903773585,41923,540098.6,629248.4,23.78,90.39,9,0,-0.8660254037844386,0.5000000000000001,0,0,0,0,0,0,0,0,1,0,0,0,0,0,0,0,0,0,0,0,0,0,0,0,0,0,0,0,0,0,0,0,0
5242,1959,11,29.7,16.8,0.0,76.0,0.555555556,1.5,7.822641509,41923,540098.6,629248.4,23.78,90.39,9,0,-0.5000000000000004,0.8660254037844384,0,0,0,0,0,0,0,0,1,0,0,0,0,0,0,0,0,0,0,0,0,0,0,0,0,0,0,0,0,0,0,0,0
5243,1959,12,27.4,12.7,0.0,76.0,0.562962963,1.2,7.49245283,41923,540098.6,629248.4,23.78,90.39,9,0,-2.4492935982947064e-16,1.0,0,0,0,0,0,0,0,0,1,0,0,0,0,0,0,0,0,0,0,0,0,0,0,0,0,0,0,0,0,0,0,0,0
5244,1960,1,27.4,10.5,0.0,68.0,1.3,1.3,7.343396226,41923,540098.6,629248.4,23.78,90.39,9,0,0.49999999999999994,0.8660254037844387,0,0,0,0,0,0,0,0,1,0,0,0,0,0,0,0,0,0,0,0,0,0,0,0,0,0,0,0,0,0,0,0,0
5245,1960,2,34.3,14.5,0.0,59.0,1.5,0.6,8.130188679,41923,540098.6,629248.4,23.78,90.39,9,0,0.8660254037844386,0.5000000000000001,0,0,0,0,0,0,0,0,1,0,0,0,0,0,0,0,0,0,0,0,0,0,0,0,0,0,0,0,0,0,0,0,0
5253,1960,10,33.4,23.6,38.0,80.0,1.0,3.2,6.903773585,41923,540098.6,629248.4,23.78,90.39,9,0,-0.8660254037844386,0.5000000000000001,0,0,0,0,0,0,0,0,1,0,0,0,0,0,0,0,0,0,0,0,0,0,0,0,0,0,0,0,0,0,0,0,0
5254,1960,11,28.9,16.6,24.0,75.0,0.8,2.1,7.822641509,41923,540098.6,629248.4,23.78,90.39,9,0,-0.5000000000000004,0.8660254037844384,0,0,0,0,0,0,0,0,1,0,0,0,0,0,0,0,0,0,0,0,0,0,0,0,0,0,0,0,0,0,0,0,0
5255,1960,12,28.7,12.9,0.0,75.0,0.7,1.9,7.49245283,41923,540098.6,629248.4,23.78,90.39,9,0,-2.4492935982947064e-16,1.0,0,0,0,0,0,0,0,0,1,0,0,0,0,0,0,0,0,0,0,0,0,0,0,0,0,0,0,0,0,0,0,0,0
5256,1961,1,29.2,12.4,1.0,71.0,1.0,1.8,8.5,41923,540098.6,629248.4,23.78,90.39,9,0,0.49999999999999994,0.8660254037844387,0,0,0,0,0,0,0,0,1,0,0,0,0,0,0,0,0,0,0,0,0,0,0,0,0,0,0,0,0,0,0,0,0
5257,1961,2,31.7,13.4,12.0,66.0,1.5,2.5,7.7,41923,540098.6,629248.4,23.78,90.39,9,0,0.8660254037844386,0.5000000000000001,0,0,0,0,0,0,0,0,1,0,0,0,0,0,0,0,0,0,0,0,0,0,0,0,0,0,0,0,0,0,0,0,0
5265,1961,10,32.6,23.7,52.0,84.0,1.0,3.9,7.3,41923,540098.6,629248.4,23.78,90.39,9,0,-0.8660254037844386,0.5000000000000001,0,0,0,0,0,0,0,0,1,0,0,0,0,0,0,0,0,0,0,0,0,0,0,0,0,0,0,0,0,0,0,0,0
5266,1961,11,30.6,16.4,0.0,76.0,0.7,1.6,9.1,41923,540098.6,629248.4,23.78,90.39,9,0,-0.5000000000000004,0.8660254037844384,0,0,0,0,0,0,0,0,1,0,0,0,0,0,0,0,0,0,0,0,0,0,0,0,0,0,0,0,0,0,0,0,0
5267,1961,12,31.0,10.3,0.0,77.0,1.3,0.8,9.2,41923,540098.6,629248.4,23.78,90.39,9,0,-2.4492935982947064e-16,1.0,0,0,0,0,0,0,0,0,1,0,0,0,0,0,0,0,0,0,0,0,0,0,0,0,0,0,0,0,0,0,0,0,0
5268,1962,1,29.3,9.5,0.0,70.0,1.2,0.6,9.4,41923,540098.6,629248.4,23.78,90.39,9,0,0.49999999999999994,0.8660254037844387,0,0,0,0,0,0,0,0,1,0,0,0,0,0,0,0,0,0,0,0,0,0,0,0,0,0,0,0,0,0,0,0,0
5269,1962,2,31.6,14.0,15.0,66.0,1.1,1.6,9.2,41923,540098.6,629248.4,23.78,90.39,9,0,0.8660254037844386,0.5000000000000001,0,0,0,0,0,0,0,0,1,0,0,0,0,0,0,0,0,0,0,0,0,0,0,0,0,0,0,0,0,0,0,0,0
5277,1962,10,32.5,23.1,180.0,78.0,0.6,3.5,7.0,41923,540098.6,629248.4,23.78,90.39,9,0,-0.8660254037844386,0.5000000000000001,0,0,0,0,0,0,0,0,1,0,0,0,0,0,0,0,0,0,0,0,0,0,0,0,0,0,0,0,0,0,0,0,0
5278,1962,11,31.1,16.6,0.0,74.0,0.4,0.8,9.9,41923,540098.6,629248.4,23.78,90.39,9,0,-0.5000000000000004,0.8660254037844384,0,0,0,0,0,0,0,0,1,0,0,0,0,0,0,0,0,0,0,0,0,0,0,0,0,0,0,0,0,0,0,0,0
5279,1962,12,28.0,12.2,0.0,74.0,0.7,0.9,9.3,41923,540098.6,629248.4,23.78,90.39,9,0,-2.4492935982947064e-16,1.0,0,0,0,0,0,0,0,0,1,0,0,0,0,0,0,0,0,0,0,0,0,0,0,0,0,0,0,0,0,0,0,0,0
5280,1963,1,28.1,10.6,0.0,67.0,0.5,0.6,9.4,41923,540098.6,629248.4,23.78,90.39,9,0,0.49999999999999994,0.8660254037844387,0,0,0,0,0,0,0,0,1,0,0,0,0,0,0,0,0,0,0,0,0,0,0,0,0,0,0,0,0,0,0,0,0
5281,1963,2,33.1,15.2,0.0,56.0,0.8,0.8,9.9,41923,540098.6,629248.4,23.78,90.39,9,0,0.8660254037844386,0.5000000000000001,0,0,0,0,0,0,0,0,1,0,0,0,0,0,0,0,0,0,0,0,0,0,0,0,0,0,0,0,0,0,0,0,0
5289,1963,10,33.2,23.4,182.0,83.0,1.3,4.1,7.4,41923,540098.6,629248.4,23.78,90.39,9,0,-0.8660254037844386,0.5000000000000001,0,0,0,0,0,0,0,0,1,0,0,0,0,0,0,0,0,0,0,0,0,0,0,0,0,0,0,0,0,0,0,0,0
5290,1963,11,31.1,17.7,7.0,77.0,0.7,1.4,9.6,41923,540098.6,629248.4,23.78,90.39,9,0,-0.5000000000000004,0.8660254037844384,0,0,0,0,0,0,0,0,1,0,0,0,0,0,0,0,0,0,0,0,0,0,0,0,0,0,0,0,0,0,0,0,0
5291,1963,12,28.2,13.4,3.0,74.0,0.8,1.6,9.2,41923,540098.6,629248.4,23.78,90.39,9,0,-2.4492935982947064e-16,1.0,0,0,0,0,0,0,0,0,1,0,0,0,0,0,0,0,0,0,0,0,0,0,0,0,0,0,0,0,0,0,0,0,0
5292,1964,1,29.9,11.0,9.0,69.0,0.8,0.9,7.4,41923,540098.6,629248.4,23.78,90.39,9,0,0.49999999999999994,0.8660254037844387,0,0,0,0,0,0,0,0,1,0,0,0,0,0,0,0,0,0,0,0,0,0,0,0,0,0,0,0,0,0,0,0,0
5293,1964,2,34.7,15.1,42.0,67.0,1.1,1.9,8.9,41923,540098.6,629248.4,23.78,90.39,9,0,0.8660254037844386,0.5000000000000001,0,0,0,0,0,0,0,0,1,0,0,0,0,0,0,0,0,0,0,0,0,0,0,0,0,0,0,0,0,0,0,0,0
5301,1964,10,32.9,24.7,283.0,86.0,1.5,5.0,7.3,41923,540098.6,629248.4,23.78,90.39,9,0,-0.8660254037844386,0.5000000000000001,0,0,0,0,0,0,0,0,1,0,0,0,0,0,0,0,0,0,0,0,0,0,0,0,0,0,0,0,0,0,0,0,0
5302,1964,11,30.6,19.1,41.0,77.0,0.9,2.5,8.9,41923,540098.6,629248.4,23.78,90.39,9,0,-0.5000000000000004,0.8660254037844384,0,0,0,0,0,0,0,0,1,0,0,0,0,0,0,0,0,0,0,0,0,0,0,0,0,0,0,0,0,0,0,0,0
5303,1964,12,28.3,13.8,0.0,72.0,0.9,1.2,9.4,41923,540098.6,629248.4,23.78,90.39,9,0,-2.4492935982947064e-16,1.0,0,0,0,0,0,0,0,0,1,0,0,0,0,0,0,0,0,0,0,0,0,0,0,0,0,0,0,0,0,0,0,0,0
5304,1965,1,28.6,11.8,0.0,69.0,0.7,1.3,8.0,41923,540098.6,629248.4,23.78,90.39,9,0,0.49999999999999994,0.8660254037844387,0,0,0,0,0,0,0,0,1,0,0,0,0,0,0,0,0,0,0,0,0,0,0,0,0,0,0,0,0,0,0,0,0
5305,1965,2,31.6,14.2,28.0,63.0,1.3,1.6,8.9,41923,540098.6,629248.4,23.78,90.39,9,0,0.8660254037844386,0.5000000000000001,0,0,0,0,0,0,0,0,1,0,0,0,0,0,0,0,0,0,0,0,0,0,0,0,0,0,0,0,0,0,0,0,0
5313,1965,10,32.9,23.1,50.0,80.0,0.8,4.0,8.1,41923,540098.6,629248.4,23.78,90.39,9,0,-0.8660254037844386,0.5000000000000001,0,0,0,0,0,0,0,0,1,0,0,0,0,0,0,0,0,0,0,0,0,0,0,0,0,0,0,0,0,0,0,0,0
5314,1965,11,32.6,18.0,131.0,77.0,1.0,1.3,9.9,41923,540098.6,629248.4,23.78,90.39,9,0,-0.5000000000000004,0.8660254037844384,0,0,0,0,0,0,0,0,1,0,0,0,0,0,0,0,0,0,0,0,0,0,0,0,0,0,0,0,0,0,0,0,0
5315,1965,12,28.9,14.2,0.0,79.0,0.9,2.6,7.7,41923,540098.6,629248.4,23.78,90.39,9,0,-2.4492935982947064e-16,1.0,0,0,0,0,0,0,0,0,1,0,0,0,0,0,0,0,0,0,0,0,0,0,0,0,0,0,0,0,0,0,0,0,0
5316,1966,1,26.3,12.3,1.0,69.0,0.5,1.2,8.1,41923,540098.6,629248.4,23.78,90.39,9,0,0.49999999999999994,0.8660254037844387,0,0,0,0,0,0,0,0,1,0,0,0,0,0,0,0,0,0,0,0,0,0,0,0,0,0,0,0,0,0,0,0,0
5317,1966,2,30.3,15.1,8.0,63.0,0.7,1.6,9.6,41923,540098.6,629248.4,23.78,90.39,9,0,0.8660254037844386,0.5000000000000001,0,0,0,0,0,0,0,0,1,0,0,0,0,0,0,0,0,0,0,0,0,0,0,0,0,0,0,0,0,0,0,0,0
5325,1966,10,31.9,22.4,261.0,80.0,0.9,3.1,7.8,41923,540098.6,629248.4,23.78,90.39,9,0,-0.8660254037844386,0.5000000000000001,0,0,0,0,0,0,0,0,1,0,0,0,0,0,0,0,0,0,0,0,0,0,0,0,0,0,0,0,0,0,0,0,0
5326,1966,11,30.5,19.3,14.0,74.0,0.9,2.5,8.0,41923,540098.6,629248.4,23.78,90.39,9,0,-0.5000000000000004,0.8660254037844384,0,0,0,0,0,0,0,0,1,0,0,0,0,0,0,0,0,0,0,0,0,0,0,0,0,0,0,0,0,0,0,0,0
5327,1966,12,27.2,13.7,15.0,73.0,0.8,1.7,8.3,41923,540098.6,629248.4,23.78,90.39,9,0,-2.4492935982947064e-16,1.0,0,0,0,0,0,0,0,0,1,0,0,0,0,0,0,0,0,0,0,0,0,0,0,0,0,0,0,0,0,0,0,0,0
5328,1967,1,27.2,12.8,23.0,71.0,0.7,1.8,8.0,41923,540098.6,629248.4,23.78,90.39,9,0,0.49999999999999994,0.8660254037844387,0,0,0,0,0,0,0,0,1,0,0,0,0,0,0,0,0,0,0,0,0,0,0,0,0,0,0,0,0,0,0,0,0
5329,1967,2,33.6,15.7,12.0,64.0,1.1,0.7,9.0,41923,540098.6,629248.4,23.78,90.39,9,0,0.8660254037844386,0.5000000000000001,0,0,0,0,0,0,0,0,1,0,0,0,0,0,0,0,0,0,0,0,0,0,0,0,0,0,0,0,0,0,0,0,0
5337,1967,10,33.3,22.7,74.0,77.0,0.8,2.6,8.0,41923,540098.6,629248.4,23.78,90.39,9,0,-0.8660254037844386,0.5000000000000001,0,0,0,0,0,0,0,0,1,0,0,0,0,0,0,0,0,0,0,0,0,0,0,0,0,0,0,0,0,0,0,0,0
5338,1967,11,29.9,15.8,1.0,69.0,0.5,1.1,9.8,41923,540098.6,629248.4,23.78,90.39,9,0,-0.5000000000000004,0.8660254037844384,0,0,0,0,0,0,0,0,1,0,0,0,0,0,0,0,0,0,0,0,0,0,0,0,0,0,0,0,0,0,0,0,0
5339,1967,12,28.3,13.4,0.0,71.0,0.4,1.8,8.6,41923,540098.6,629248.4,23.78,90.39,9,0,-2.4492935982947064e-16,1.0,0,0,0,0,0,0,0,0,1,0,0,0,0,0,0,0,0,0,0,0,0,0,0,0,0,0,0,0,0,0,0,0,0
5340,1968,1,27.2,12.0,0.0,68.0,0.8,1.4,8.3,41923,540098.6,629248.4,23.78,90.39,9,0,0.49999999999999994,0.8660254037844387,0,0,0,0,0,0,0,0,1,0,0,0,0,0,0,0,0,0,0,0,0,0,0,0,0,0,0,0,0,0,0,0,0
5341,1968,2,31.6,13.7,5.0,59.0,0.7,1.7,8.4,41923,540098.6,629248.4,23.78,90.39,9,0,0.8660254037844386,0.5000000000000001,0,0,0,0,0,0,0,0,1,0,0,0,0,0,0,0,0,0,0,0,0,0,0,0,0,0,0,0,0,0,0,0,0
5348,1968,9,35.3,26.5,128.0,82.0,1.3,5.4,6.0,41923,540098.6,629248.4,23.78,90.39,9,1,-1.0,-1.8369701987210297e-16,0,0,0,0,0,0,0,0,1,0,0,0,0,0,0,0,0,0,0,0,0,0,0,0,0,0,0,0,0,0,0,0,0
5349,1968,10,32.8,23.7,69.0,80.0,1.0,3.6,6.7,41923,540098.6,629248.4,23.78,90.39,9,0,-0.8660254037844386,0.5000000000000001,0,0,0,0,0,0,0,0,1,0,0,0,0,0,0,0,0,0,0,0,0,0,0,0,0,0,0,0,0,0,0,0,0
5350,1968,11,31.2,18.7,74.0,74.0,0.8,2.7,8.3,41923,540098.6,629248.4,23.78,90.39,9,0,-0.5000000000000004,0.8660254037844384,0,0,0,0,0,0,0,0,1,0,0,0,0,0,0,0,0,0,0,0,0,0,0,0,0,0,0,0,0,0,0,0,0
5351,1968,12,29.4,13.7,0.0,73.0,0.7,1.5,8.5,41923,540098.6,629248.4,23.78,90.39,9,0,-2.4492935982947064e-16,1.0,0,0,0,0,0,0,0,0,1,0,0,0,0,0,0,0,0,0,0,0,0,0,0,0,0,0,0,0,0,0,0,0,0
5352,1969,1,28.3,11.7,0.0,67.0,0.9,0.8,9.2,41923,540098.6,629248.4,23.78,90.39,9,0,0.49999999999999994,0.8660254037844387,0,0,0,0,0,0,0,0,1,0,0,0,0,0,0,0,0,0,0,0,0,0,0,0,0,0,0,0,0,0,0,0,0
5353,1969,2,35.1,14.3,1.0,60.0,0.9,1.3,8.6,41923,540098.6,629248.4,23.78,90.39,9,0,0.8660254037844386,0.5000000000000001,0,0,0,0,0,0,0,0,1,0,0,0,0,0,0,0,0,0,0,0,0,0,0,0,0,0,0,0,0,0,0,0,0
5360,1969,9,34.4,26.3,201.0,82.0,1.6,4.8,6.3,41923,540098.6,629248.4,23.78,90.39,9,0,-1.0,-1.8369701987210297e-16,0,0,0,0,0,0,0,0,1,0,0,0,0,0,0,0,0,0,0,0,0,0,0,0,0,0,0,0,0,0,0,0,0
5361,1969,10,32.8,23.2,103.0,78.0,0.4,3.1,8.2,41923,540098.6,629248.4,23.78,90.39,9,0,-0.8660254037844386,0.5000000000000001,0,0,0,0,0,0,0,0,1,0,0,0,0,0,0,0,0,0,0,0,0,0,0,0,0,0,0,0,0,0,0,0,0
5362,1969,11,32.2,18.1,2.0,73.0,0.3,2.2,8.9,41923,540098.6,629248.4,23.78,90.39,9,0,-0.5000000000000004,0.8660254037844384,0,0,0,0,0,0,0,0,1,0,0,0,0,0,0,0,0,0,0,0,0,0,0,0,0,0,0,0,0,0,0,0,0
5363,1969,12,27.8,13.9,0.0,72.0,0.6,1.6,8.8,41923,540098.6,629248.4,23.78,90.39,9,0,-2.4492935982947064e-16,1.0,0,0,0,0,0,0,0,0,1,0,0,0,0,0,0,0,0,0,0,0,0,0,0,0,0,0,0,0,0,0,0,0,0
5364,1970,1,27.8,11.8,16.0,70.0,0.6,1.8,9.0,41923,540098.6,629248.4,23.78,90.39,9,0,0.49999999999999994,0.8660254037844387,0,0,0,0,0,0,0,0,1,0,0,0,0,0,0,0,0,0,0,0,0,0,0,0,0,0,0,0,0,0,0,0,0
5365,1970,2,32.3,15.3,8.0,62.0,0.9,1.9,9.8,41923,540098.6,629248.4,23.78,90.39,9,0,0.8660254037844386,0.5000000000000001,0,0,0,0,0,0,0,0,1,0,0,0,0,0,0,0,0,0,0,0,0,0,0,0,0,0,0,0,0,0,0,0,0
5373,1970,10,32.9,23.9,427.0,85.0,1.4,4.1,7.2,41923,540098.6,629248.4,23.78,90.39,9,0,-0.8660254037844386,0.5000000000000001,0,0,0,0,0,0,0,0,1,0,0,0,0,0,0,0,0,0,0,0,0,0,0,0,0,0,0,0,0,0,0,0,0
5374,1970,11,30.9,18.6,32.0,74.0,0.8,2.4,9.0,41923,540098.6,629248.4,23.78,90.39,9,0,-0.5000000000000004,0.8660254037844384,0,0,0,0,0,0,0,0,1,0,0,0,0,0,0,0,0,0,0,0,0,0,0,0,0,0,0,0,0,0,0,0,0
5375,1970,12,27.8,12.8,0.0,71.0,0.4,0.3,10.2,41923,540098.6,629248.4,23.78,90.39,9,0,-2.4492935982947064e-16,1.0,0,0,0,0,0,0,0,0,1,0,0,0,0,0,0,0,0,0,0,0,0,0,0,0,0,0,0,0,0,0,0,0,0
5376,1971,1,26.7,12.8,3.0,69.0,0.6,1.2,7.9,41923,540098.6,629248.4,23.78,90.39,9,0,0.49999999999999994,0.8660254037844387,0,0,0,0,0,0,0,0,1,0,0,0,0,0,0,0,0,0,0,0,0,0,0,0,0,0,0,0,0,0,0,0,0
5377,1971,2,31.6,14.4,28.0,63.0,0.7,1.6,8.4,41923,540098.6,629248.4,23.78,90.39,9,0,0.8660254037844386,0.5000000000000001,0,0,0,0,0,0,0,0,1,0,0,0,0,0,0,0,0,0,0,0,0,0,0,0,0,0,0,0,0,0,0,0,0
5385,1971,10,32.8,24.1,118.0,80.0,1.0,3.7,7.3,41923,540098.6,629248.4,23.78,90.39,9,0,-0.8660254037844386,0.5000000000000001,0,0,0,0,0,0,0,0,1,0,0,0,0,0,0,0,0,0,0,0,0,0,0,0,0,0,0,0,0,0,0,0,0
5386,1971,11,30.2,17.3,95.0,74.0,0.6,2.1,8.1,41923,540098.6,629248.4,23.78,90.39,9,0,-0.5000000000000004,0.8660254037844384,0,0,0,0,0,0,0,0,1,0,0,0,0,0,0,0,0,0,0,0,0,0,0,0,0,0,0,0,0,0,0,0,0
5387,1971,12,27.7,14.0,3.0,73.0,0.4,1.2,8.1,41923,540098.6,629248.4,23.78,90.39,9,0,-2.4492935982947064e-16,1.0,0,0,0,0,0,0,0,0,1,0,0,0,0,0,0,0,0,0,0,0,0,0,0,0,0,0,0,0,0,0,0,0,0
5388,1972,1,30.5,11.9,0.0,69.0,0.5,0.6,7.9,41923,540098.6,629248.4,23.78,90.39,9,0,0.49999999999999994,0.8660254037844387,0,0,0,0,0,0,0,0,1,0,0,0,0,0,0,0,0,0,0,0,0,0,0,0,0,0,0,0,0,0,0,0,0
5389,1972,2,31.7,12.8,11.0,64.0,0.9,1.6,8.1,41923,540098.6,629248.4,23.78,90.39,9,0,0.8660254037844386,0.5000000000000001,0,0,0,0,0,0,0,0,1,0,0,0,0,0,0,0,0,0,0,0,0,0,0,0,0,0,0,0,0,0,0,0,0
5397,1972,10,33.8,23.4,105.0,77.0,0.5,3.1,7.3,41923,540098.6,629248.4,23.78,90.39,9,0,-0.8660254037844386,0.5000000000000001,0,0,0,0,0,0,0,0,1,0,0,0,0,0,0,0,0,0,0,0,0,0,0,0,0,0,0,0,0,0,0,0,0
5398,1972,11,31.1,18.2,0.0,71.0,0.4,2.2,8.1,41923,540098.6,629248.4,23.78,90.39,9,0,-0.5000000000000004,0.8660254037844384,0,0,0,0,0,0,0,0,1,0,0,0,0,0,0,0,0,0,0,0,0,0,0,0,0,0,0,0,0,0,0,0,0
5399,1972,12,30.9,13.4,0.0,68.0,0.6,1.3,8.1,41923,540098.6,629248.4,23.78,90.39,9,0,-2.4492935982947064e-16,1.0,0,0,0,0,0,0,0,0,1,0,0,0,0,0,0,0,0,0,0,0,0,0,0,0,0,0,0,0,0,0,0,0,0
5400,1973,1,31.2,12.4,0.0,64.0,0.8,0.5,9.9,41923,540098.6,629248.4,23.78,90.39,9,0,0.49999999999999994,0.8660254037844387,0,0,0,0,0,0,0,0,1,0,0,0,0,0,0,0,0,0,0,0,0,0,0,0,0,0,0,0,0,0,0,0,0
5401,1973,2,33.6,16.5,21.0,62.0,1.2,1.9,9.3,41923,540098.6,629248.4,23.78,90.39,9,0,0.8660254037844386,0.5000000000000001,0,0,0,0,0,0,0,0,1,0,0,0,0,0,0,0,0,0,0,0,0,0,0,0,0,0,0,0,0,0,0,0,0
5409,1973,10,33.2,24.0,128.0,83.0,0.7,4.0,7.7,41923,540098.6,629248.4,23.78,90.39,9,0,-0.8660254037844386,0.5000000000000001,0,0,0,0,0,0,0,0,1,0,0,0,0,0,0,0,0,0,0,0,0,0,0,0,0,0,0,0,0,0,0,0,0
5410,1973,11,30.6,19.0,64.0,82.0,0.8,3.1,7.6,41923,540098.6,629248.4,23.78,90.39,9,0,-0.5000000000000004,0.8660254037844384,0,0,0,0,0,0,0,0,1,0,0,0,0,0,0,0,0,0,0,0,0,0,0,0,0,0,0,0,0,0,0,0,0
5411,1973,12,26.7,14.0,86.0,78.0,0.7,1.5,9.3,41923,540098.6,629248.4,23.78,90.39,9,0,-2.4492935982947064e-16,1.0,0,0,0,0,0,0,0,0,1,0,0,0,0,0,0,0,0,0,0,0,0,0,0,0,0,0,0,0,0,0,0,0,0
5412,1974,1,26.3,12.3,1.0,69.0,0.5,1.2,9.8,41923,540098.6,629248.4,23.78,90.39,9,0,0.49999999999999994,0.8660254037844387,0,0,0,0,0,0,0,0,1,0,0,0,0,0,0,0,0,0,0,0,0,0,0,0,0,0,0,0,0,0,0,0,0
5413,1974,2,30.3,15.1,8.0,63.0,0.7,1.6,10.7,41923,540098.6,629248.4,23.78,90.39,9,0,0.8660254037844386,0.5000000000000001,0,0,0,0,0,0,0,0,1,0,0,0,0,0,0,0,0,0,0,0,0,0,0,0,0,0,0,0,0,0,0,0,0
5421,1974,10,32.0,23.6,153.0,80.0,0.6,3.7,7.6,41923,540098.6,629248.4,23.78,90.39,9,0,-0.8660254037844386,0.5000000000000001,0,0,0,0,0,0,0,0,1,0,0,0,0,0,0,0,0,0,0,0,0,0,0,0,0,0,0,0,0,0,0,0,0
5422,1974,11,30.6,18.6,19.0,74.0,0.4,2.1,8.5,41923,540098.6,629248.4,23.78,90.39,9,0,-0.5000000000000004,0.8660254037844384,0,0,0,0,0,0,0,0,1,0,0,0,0,0,0,0,0,0,0,0,0,0,0,0,0,0,0,0,0,0,0,0,0
5423,1974,12,27.7,13.7,3.0,73.0,0.4,1.2,9.8,41923,540098.6,629248.4,23.78,90.39,9,0,-2.4492935982947064e-16,1.0,0,0,0,0,0,0,0,0,1,0,0,0,0,0,0,0,0,0,0,0,0,0,0,0,0,0,0,0,0,0,0,0,0
5424,1975,1,27.2,12.3,1.0,69.0,0.5,1.1,9.6,41923,540098.6,629248.4,23.78,90.39,9,0,0.49999999999999994,0.8660254037844387,0,0,0,0,0,0,0,0,1,0,0,0,0,0,0,0,0,0,0,0,0,0,0,0,0,0,0,0,0,0,0,0,0
5425,1975,2,31.9,15.5,29.0,63.0,0.7,2.2,9.6,41923,540098.6,629248.4,23.78,90.39,9,0,0.8660254037844386,0.5000000000000001,0,0,0,0,0,0,0,0,1,0,0,0,0,0,0,0,0,0,0,0,0,0,0,0,0,0,0,0,0,0,0,0,0
5433,1975,10,33.2,24.3,232.0,86.0,0.3,4.4,6.5,41923,540098.6,629248.4,23.78,90.39,9,0,-0.8660254037844386,0.5000000000000001,0,0,0,0,0,0,0,0,1,0,0,0,0,0,0,0,0,0,0,0,0,0,0,0,0,0,0,0,0,0,0,0,0
5434,1975,11,30.2,17.9,25.0,77.0,0.4,2.9,8.4,41923,540098.6,629248.4,23.78,90.39,9,0,-0.5000000000000004,0.8660254037844384,0,0,0,0,0,0,0,0,1,0,0,0,0,0,0,0,0,0,0,0,0,0,0,0,0,0,0,0,0,0,0,0,0
5435,1975,12,26.8,12.0,0.0,70.0,0.2,0.6,9.6,41923,540098.6,629248.4,23.78,90.39,9,0,-2.4492935982947064e-16,1.0,0,0,0,0,0,0,0,0,1,0,0,0,0,0,0,0,0,0,0,0,0,0,0,0,0,0,0,0,0,0,0,0,0
5436,1976,1,29.2,12.3,0.0,66.0,0.4,1.0,9.5,41923,540098.6,629248.4,23.78,90.39,9,0,0.49999999999999994,0.8660254037844387,0,0,0,0,0,0,0,0,1,0,0,0,0,0,0,0,0,0,0,0,0,0,0,0,0,0,0,0,0,0,0,0,0
5437,1976,2,32.8,16.4,7.0,67.0,0.6,1.4,9.5,41923,540098.6,629248.4,23.78,90.39,9,0,0.8660254037844386,0.5000000000000001,0,0,0,0,0,0,0,0,1,0,0,0,0,0,0,0,0,0,0,0,0,0,0,0,0,0,0,0,0,0,0,0,0
5445,1976,10,33.1,23.2,114.0,79.0,0.6,2.9,9.2,41923,540098.6,629248.4,23.78,90.39,9,0,-0.8660254037844386,0.5000000000000001,0,0,0,0,0,0,0,0,1,0,0,0,0,0,0,0,0,0,0,0,0,0,0,0,0,0,0,0,0,0,0,0,0
5446,1976,11,32.4,20.1,8.0,74.0,0.3,2.6,7.8,41923,540098.6,629248.4,23.78,90.39,9,0,-0.5000000000000004,0.8660254037844384,0,0,0,0,0,0,0,0,1,0,0,0,0,0,0,0,0,0,0,0,0,0,0,0,0,0,0,0,0,0,0,0,0
5447,1976,12,28.7,12.1,0.0,71.0,0.2,0.8,8.9,41923,540098.6,629248.4,23.78,90.39,9,0,-2.4492935982947064e-16,1.0,0,0,0,0,0,0,0,0,1,0,0,0,0,0,0,0,0,0,0,0,0,0,0,0,0,0,0,0,0,0,0,0,0
5448,1977,1,27.4,11.7,0.0,66.0,0.5,1.0,7.5,41923,540098.6,629248.4,23.78,90.39,9,0,0.49999999999999994,0.8660254037844387,0,0,0,0,0,0,0,0,1,0,0,0,0,0,0,0,0,0,0,0,0,0,0,0,0,0,0,0,0,0,0,0,0
5449,1977,2,32.3,14.9,66.0,66.0,0.9,1.8,8.3,41923,540098.6,629248.4,23.78,90.39,9,0,0.8660254037844386,0.5000000000000001,0,0,0,0,0,0,0,0,1,0,0,0,0,0,0,0,0,0,0,0,0,0,0,0,0,0,0,0,0,0,0,0,0
5457,1977,10,32.2,22.8,273.0,79.0,0.4,3.2,7.8,41923,540098.6,629248.4,23.78,90.39,9,0,-0.8660254037844386,0.5000000000000001,0,0,0,0,0,0,0,0,1,0,0,0,0,0,0,0,0,0,0,0,0,0,0,0,0,0,0,0,0,0,0,0,0
5458,1977,11,31.9,20.2,10.0,78.0,0.3,3.2,7.1,41923,540098.6,629248.4,23.78,90.39,9,0,-0.5000000000000004,0.8660254037844384,0,0,0,0,0,0,0,0,1,0,0,0,0,0,0,0,0,0,0,0,0,0,0,0,0,0,0,0,0,0,0,0,0
5459,1977,12,29.4,13.2,24.0,74.0,0.3,1.2,8.1,41923,540098.6,629248.4,23.78,90.39,9,0,-2.4492935982947064e-16,1.0,0,0,0,0,0,0,0,0,1,0,0,0,0,0,0,0,0,0,0,0,0,0,0,0,0,0,0,0,0,0,0,0,0
5460,1978,1,34.2,10.6,0.0,67.0,0.5,0.7,8.9,41923,540098.6,629248.4,23.78,90.39,9,0,0.49999999999999994,0.8660254037844387,0,0,0,0,0,0,0,0,1,0,0,0,0,0,0,0,0,0,0,0,0,0,0,0,0,0,0,0,0,0,0,0,0
5461,1978,2,33.0,14.1,20.0,61.0,0.6,1.8,9.0,41923,540098.6,629248.4,23.78,90.39,9,0,0.8660254037844386,0.5000000000000001,0,0,0,0,0,0,0,0,1,0,0,0,0,0,0,0,0,0,0,0,0,0,0,0,0,0,0,0,0,0,0,0,0
5469,1978,10,33.4,24.4,98.0,80.0,0.5,3.7,7.5,41923,540098.6,629248.4,23.78,90.39,9,0,-0.8660254037844386,0.5000000000000001,0,0,0,0,0,0,0,0,1,0,0,0,0,0,0,0,0,0,0,0,0,0,0,0,0,0,0,0,0,0,0,0,0
5470,1978,11,32.9,19.2,0.0,72.0,0.6,2.0,8.4,41923,540098.6,629248.4,23.78,90.39,9,0,-0.5000000000000004,0.8660254037844384,0,0,0,0,0,0,0,0,1,0,0,0,0,0,0,0,0,0,0,0,0,0,0,0,0,0,0,0,0,0,0,0,0
5471,1978,12,29.8,12.5,0.0,68.0,0.5,0.8,8.6,41923,540098.6,629248.4,23.78,90.39,9,0,-2.4492935982947064e-16,1.0,0,0,0,0,0,0,0,0,1,0,0,0,0,0,0,0,0,0,0,0,0,0,0,0,0,0,0,0,0,0,0,0,0
5472,1979,1,28.3,12.3,3.0,68.0,0.3,1.1,7.7,41923,540098.6,629248.4,23.78,90.39,9,0,0.49999999999999994,0.8660254037844387,0,0,0,0,0,0,0,0,1,0,0,0,0,0,0,0,0,0,0,0,0,0,0,0,0,0,0,0,0,0,0,0,0
5473,1979,2,31.1,14.0,13.0,62.0,0.6,1.8,8.8,41923,540098.6,629248.4,23.78,90.39,9,0,0.8660254037844386,0.5000000000000001,0,0,0,0,0,0,0,0,1,0,0,0,0,0,0,0,0,0,0,0,0,0,0,0,0,0,0,0,0,0,0,0,0
5481,1979,10,32.7,23.8,146.0,79.0,0.6,2.9,8.4,41923,540098.6,629248.4,23.78,90.39,9,0,-0.8660254037844386,0.5000000000000001,0,0,0,0,0,0,0,0,1,0,0,0,0,0,0,0,0,0,0,0,0,0,0,0,0,0,0,0,0,0,0,0,0
5482,1979,11,31.8,20.8,55.0,75.0,0.3,1.7,7.0,41923,540098.6,629248.4,23.78,90.39,9,0,-0.5000000000000004,0.8660254037844384,0,0,0,0,0,0,0,0,1,0,0,0,0,0,0,0,0,0,0,0,0,0,0,0,0,0,0,0,0,0,0,0,0
5483,1979,12,27.2,14.4,51.0,77.0,0.4,1.4,8.1,41923,540098.6,629248.4,23.78,90.39,9,0,-2.4492935982947064e-16,1.0,0,0,0,0,0,0,0,0,1,0,0,0,0,0,0,0,0,0,0,0,0,0,0,0,0,0,0,0,0,0,0,0,0
5484,1980,1,28.9,11.9,3.0,69.0,0.3,0.7,8.1,41923,540098.6,629248.4,23.78,90.39,9,0,0.49999999999999994,0.8660254037844387,0,0,0,0,0,0,0,0,1,0,0,0,0,0,0,0,0,0,0,0,0,0,0,0,0,0,0,0,0,0,0,0,0
5485,1980,2,32.2,15.2,32.0,66.0,0.6,1.5,8.4,41923,540098.6,629248.4,23.78,90.39,9,0,0.8660254037844386,0.5000000000000001,0,0,0,0,0,0,0,0,1,0,0,0,0,0,0,0,0,0,0,0,0,0,0,0,0,0,0,0,0,0,0,0,0
5493,1980,10,32.5,23.4,300.0,82.0,0.7,3.7,6.7,41923,540098.6,629248.4,23.78,90.39,9,0,-0.8660254037844386,0.5000000000000001,0,0,0,0,0,0,0,0,1,0,0,0,0,0,0,0,0,0,0,0,0,0,0,0,0,0,0,0,0,0,0,0,0
5494,1980,11,31.7,17.8,0.0,70.0,0.1,1.5,9.2,41923,540098.6,629248.4,23.78,90.39,9,0,-0.5000000000000004,0.8660254037844384,0,0,0,0,0,0,0,0,1,0,0,0,0,0,0,0,0,0,0,0,0,0,0,0,0,0,0,0,0,0,0,0,0
5495,1980,12,28.9,14.9,0.0,69.0,0.2,1.3,7.6,41923,540098.6,629248.4,23.78,90.39,9,0,-2.4492935982947064e-16,1.0,0,0,0,0,0,0,0,0,1,0,0,0,0,0,0,0,0,0,0,0,0,0,0,0,0,0,0,0,0,0,0,0,0
5496,1981,1,27.8,13.3,10.0,70.0,0.6,1.9,6.9,41923,540098.6,629248.4,23.78,90.39,9,0,0.49999999999999994,0.8660254037844387,0,0,0,0,0,0,0,0,1,0,0,0,0,0,0,0,0,0,0,0,0,0,0,0,0,0,0,0,0,0,0,0,0
5497,1981,2,32.9,15.4,42.0,67.0,0.2,1.1,7.8,41923,540098.6,629248.4,23.78,90.39,9,0,0.8660254037844386,0.5000000000000001,0,0,0,0,0,0,0,0,1,0,0,0,0,0,0,0,0,0,0,0,0,0,0,0,0,0,0,0,0,0,0,0,0
5505,1981,10,33.4,23.5,82.0,70.0,0.4,2.1,8.6,41923,540098.6,629248.4,23.78,90.39,9,0,-0.8660254037844386,0.5000000000000001,0,0,0,0,0,0,0,0,1,0,0,0,0,0,0,0,0,0,0,0,0,0,0,0,0,0,0,0,0,0,0,0,0
5506,1981,11,33.1,18.1,9.0,67.0,0.4,1.4,8.6,41923,540098.6,629248.4,23.78,90.39,9,0,-0.5000000000000004,0.8660254037844384,0,0,0,0,0,0,0,0,1,0,0,0,0,0,0,0,0,0,0,0,0,0,0,0,0,0,0,0,0,0,0,0,0
5507,1981,12,29.0,13.6,35.0,71.0,0.3,2.0,7.1,41923,540098.6,629248.4,23.78,90.39,9,0,-2.4492935982947064e-16,1.0,0,0,0,0,0,0,0,0,1,0,0,0,0,0,0,0,0,0,0,0,0,0,0,0,0,0,0,0,0,0,0,0,0
5508,1982,1,30.1,12.3,0.0,68.0,0.3,0.2,7.6,41923,540098.6,629248.4,23.78,90.39,9,0,0.49999999999999994,0.8660254037844387,0,0,0,0,0,0,0,0,1,0,0,0,0,0,0,0,0,0,0,0,0,0,0,0,0,0,0,0,0,0,0,0,0
5509,1982,2,30.3,15.0,15.0,63.0,0.6,2.0,7.0,41923,540098.6,629248.4,23.78,90.39,9,0,0.8660254037844386,0.5000000000000001,0,0,0,0,0,0,0,0,1,0,0,0,0,0,0,0,0,0,0,0,0,0,0,0,0,0,0,0,0,0,0,0,0
5517,1982,10,34.4,23.3,146.0,78.0,0.3,2.3,8.1,41923,540098.6,629248.4,23.78,90.39,9,0,-0.8660254037844386,0.5000000000000001,0,0,0,0,0,0,0,0,1,0,0,0,0,0,0,0,0,0,0,0,0,0,0,0,0,0,0,0,0,0,0,0,0
5518,1982,11,32.1,17.9,51.0,75.0,0.2,1.6,7.8,41923,540098.6,629248.4,23.78,90.39,9,0,-0.5000000000000004,0.8660254037844384,0,0,0,0,0,0,0,0,1,0,0,0,0,0,0,0,0,0,0,0,0,0,0,0,0,0,0,0,0,0,0,0,0
5519,1982,12,27.2,13.7,0.0,73.0,0.2,0.7,7.5,41923,540098.6,629248.4,23.78,90.39,9,0,-2.4492935982947064e-16,1.0,0,0,0,0,0,0,0,0,1,0,0,0,0,0,0,0,0,0,0,0,0,0,0,0,0,0,0,0,0,0,0,0,0
5520,1983,1,28.1,12.4,14.0,73.0,0.5,1.7,7.2,41923,540098.6,629248.4,23.78,90.39,9,0,0.49999999999999994,0.8660254037844387,0,0,0,0,0,0,0,0,1,0,0,0,0,0,0,0,0,0,0,0,0,0,0,0,0,0,0,0,0,0,0,0,0
5521,1983,2,31.7,14.4,61.0,63.0,0.6,2.1,8.0,41923,540098.6,629248.4,23.78,90.39,9,0,0.8660254037844386,0.5000000000000001,0,0,0,0,0,0,0,0,1,0,0,0,0,0,0,0,0,0,0,0,0,0,0,0,0,0,0,0,0,0,0,0,0
5529,1983,10,33.6,23.8,253.0,84.0,0.6,3.9,6.4,41923,540098.6,629248.4,23.78,90.39,9,0,-0.8660254037844386,0.5000000000000001,0,0,0,0,0,0,0,0,1,0,0,0,0,0,0,0,0,0,0,0,0,0,0,0,0,0,0,0,0,0,0,0,0
5530,1983,11,32.8,19.4,0.0,70.0,0.5,2.1,8.1,41923,540098.6,629248.4,23.78,90.39,9,0,-0.5000000000000004,0.8660254037844384,0,0,0,0,0,0,0,0,1,0,0,0,0,0,0,0,0,0,0,0,0,0,0,0,0,0,0,0,0,0,0,0,0
5531,1983,12,28.8,14.1,18.0,72.0,0.3,1.5,7.9,41923,540098.6,629248.4,23.78,90.39,9,0,-2.4492935982947064e-16,1.0,0,0,0,0,0,0,0,0,1,0,0,0,0,0,0,0,0,0,0,0,0,0,0,0,0,0,0,0,0,0,0,0,0
5532,1984,1,27.2,13.1,13.0,69.0,0.3,1.4,7.6,41923,540098.6,629248.4,23.78,90.39,9,0,0.49999999999999994,0.8660254037844387,0,0,0,0,0,0,0,0,1,0,0,0,0,0,0,0,0,0,0,0,0,0,0,0,0,0,0,0,0,0,0,0,0
5533,1984,2,33.0,15.0,1.0,61.0,0.5,1.8,7.9,41923,540098.6,629248.4,23.78,90.39,9,0,0.8660254037844386,0.5000000000000001,0,0,0,0,0,0,0,0,1,0,0,0,0,0,0,0,0,0,0,0,0,0,0,0,0,0,0,0,0,0,0,0,0
5541,1984,10,34.0,25.6,58.0,79.0,0.6,4.3,6.2,41923,540098.6,629248.4,23.78,90.39,9,0,-0.8660254037844386,0.5000000000000001,0,0,0,0,0,0,0,0,1,0,0,0,0,0,0,0,0,0,0,0,0,0,0,0,0,0,0,0,0,0,0,0,0
5542,1984,11,31.8,18.5,0.0,68.0,0.3,1.1,9.5,41923,540098.6,629248.4,23.78,90.39,9,0,-0.5000000000000004,0.8660254037844384,0,0,0,0,0,0,0,0,1,0,0,0,0,0,0,0,0,0,0,0,0,0,0,0,0,0,0,0,0,0,0,0,0
5543,1984,12,30.0,14.7,0.0,72.0,0.3,1.2,8.3,41923,540098.6,629248.4,23.78,90.39,9,0,-2.4492935982947064e-16,1.0,0,0,0,0,0,0,0,0,1,0,0,0,0,0,0,0,0,0,0,0,0,0,0,0,0,0,0,0,0,0,0,0,0
5544,1985,1,29.4,14.5,8.0,70.0,0.2,2.3,7.8,41923,540098.6,629248.4,23.78,90.39,9,0,0.49999999999999994,0.8660254037844387,0,0,0,0,0,0,0,0,1,0,0,0,0,0,0,0,0,0,0,0,0,0,0,0,0,0,0,0,0,0,0,0,0
5545,1985,2,32.4,16.1,1.0,60.0,0.5,1.1,8.6,41923,540098.6,629248.4,23.78,90.39,9,0,0.8660254037844386,0.5000000000000001,0,0,0,0,0,0,0,0,1,0,0,0,0,0,0,0,0,0,0,0,0,0,0,0,0,0,0,0,0,0,0,0,0
5553,1985,10,35.5,23.9,79.0,75.0,0.5,2.6,8.7,41923,540098.6,629248.4,23.78,90.39,9,0,-0.8660254037844386,0.5000000000000001,0,0,0,0,0,0,0,0,1,0,0,0,0,0,0,0,0,0,0,0,0,0,0,0,0,0,0,0,0,0,0,0,0
5554,1985,11,33.3,18.9,0.0,71.0,0.2,1.6,8.2,41923,540098.6,629248.4,23.78,90.39,9,0,-0.5000000000000004,0.8660254037844384,0,0,0,0,0,0,0,0,1,0,0,0,0,0,0,0,0,0,0,0,0,0,0,0,0,0,0,0,0,0,0,0,0
5555,1985,12,30.6,15.3,10.0,70.0,0.3,1.2,8.0,41923,540098.6,629248.4,23.78,90.39,9,0,-2.4492935982947064e-16,1.0,0,0,0,0,0,0,0,0,1,0,0,0,0,0,0,0,0,0,0,0,0,0,0,0,0,0,0,0,0,0,0,0,0
5556,1986,1,30.0,13.9,22.0,72.0,0.3,1.3,7.5,41923,540098.6,629248.4,23.78,90.39,9,0,0.49999999999999994,0.8660254037844387,0,0,0,0,0,0,0,0,1,0,0,0,0,0,0,0,0,0,0,0,0,0,0,0,0,0,0,0,0,0,0,0,0
5557,1986,2,32.3,16.3,0.0,59.0,0.5,1.5,8.9,41923,540098.6,629248.4,23.78,90.39,9,0,0.8660254037844386,0.5000000000000001,0,0,0,0,0,0,0,0,1,0,0,0,0,0,0,0,0,0,0,0,0,0,0,0,0,0,0,0,0,0,0,0,0
5565,1986,10,33.9,23.2,237.0,81.0,0.3,3.5,7.3,41923,540098.6,629248.4,23.78,90.39,9,0,-0.8660254037844386,0.5000000000000001,0,0,0,0,0,0,0,0,1,0,0,0,0,0,0,0,0,0,0,0,0,0,0,0,0,0,0,0,0,0,0,0,0
5566,1986,11,33.1,19.8,172.0,78.0,0.4,2.5,7.6,41923,540098.6,629248.4,23.78,90.39,9,0,-0.5000000000000004,0.8660254037844384,0,0,0,0,0,0,0,0,1,0,0,0,0,0,0,0,0,0,0,0,0,0,0,0,0,0,0,0,0,0,0,0,0
5567,1986,12,29.0,15.2,3.0,75.0,0.3,1.8,8.1,41923,540098.6,629248.4,23.78,90.39,9,0,-2.4492935982947064e-16,1.0,0,0,0,0,0,0,0,0,1,0,0,0,0,0,0,0,0,0,0,0,0,0,0,0,0,0,0,0,0,0,0,0,0
5568,1987,1,29.8,13.1,4.0,73.0,0.6,1.0,8.7,41923,540098.6,629248.4,23.78,90.39,9,0,0.49999999999999994,0.8660254037844387,0,0,0,0,0,0,0,0,1,0,0,0,0,0,0,0,0,0,0,0,0,0,0,0,0,0,0,0,0,0,0,0,0
5569,1987,2,34.0,16.4,0.0,65.0,0.5,1.3,8.8,41923,540098.6,629248.4,23.78,90.39,9,0,0.8660254037844386,0.5000000000000001,0,0,0,0,0,0,0,0,1,0,0,0,0,0,0,0,0,0,0,0,0,0,0,0,0,0,0,0,0,0,0,0,0
5577,1987,10,35.1,24.3,104.0,78.0,0.4,2.5,8.3,41923,540098.6,629248.4,23.78,90.39,9,0,-0.8660254037844386,0.5000000000000001,0,0,0,0,0,0,0,0,1,0,0,0,0,0,0,0,0,0,0,0,0,0,0,0,0,0,0,0,0,0,0,0,0
5578,1987,11,33.0,20.1,7.0,73.0,0.4,2.7,7.8,41923,540098.6,629248.4,23.78,90.39,9,0,-0.5000000000000004,0.8660254037844384,0,0,0,0,0,0,0,0,1,0,0,0,0,0,0,0,0,0,0,0,0,0,0,0,0,0,0,0,0,0,0,0,0
5579,1987,12,29.2,15.2,33.0,76.0,0.3,1.2,8.3,41923,540098.6,629248.4,23.78,90.39,9,0,-2.4492935982947064e-16,1.0,0,0,0,0,0,0,0,0,1,0,0,0,0,0,0,0,0,0,0,0,0,0,0,0,0,0,0,0,0,0,0,0,0
5580,1988,1,29.2,13.6,0.0,71.0,0.3,1.0,8.1,41923,540098.6,629248.4,23.78,90.39,9,0,0.49999999999999994,0.8660254037844387,0,0,0,0,0,0,0,0,1,0,0,0,0,0,0,0,0,0,0,0,0,0,0,0,0,0,0,0,0,0,0,0,0
5581,1988,2,32.8,16.3,44.0,67.0,0.5,1.7,8.1,41923,540098.6,629248.4,23.78,90.39,9,0,0.8660254037844386,0.5000000000000001,0,0,0,0,0,0,0,0,1,0,0,0,0,0,0,0,0,0,0,0,0,0,0,0,0,0,0,0,0,0,0,0,0
5589,1988,10,35.1,23.8,213.0,78.0,0.6,3.7,8.3,41923,540098.6,629248.4,23.78,90.39,9,0,-0.8660254037844386,0.5000000000000001,0,0,0,0,0,0,0,0,1,0,0,0,0,0,0,0,0,0,0,0,0,0,0,0,0,0,0,0,0,0,0,0,0
5590,1988,11,33.0,19.7,153.0,74.0,0.9,2.5,7.7,41923,540098.6,629248.4,23.78,90.39,9,0,-0.5000000000000004,0.8660254037844384,0,0,0,0,0,0,0,0,1,0,0,0,0,0,0,0,0,0,0,0,0,0,0,0,0,0,0,0,0,0,0,0,0
5591,1988,12,29.3,16.0,3.0,78.0,0.3,0.9,7.4,41923,540098.6,629248.4,23.78,90.39,9,0,-2.4492935982947064e-16,1.0,0,0,0,0,0,0,0,0,1,0,0,0,0,0,0,0,0,0,0,0,0,0,0,0,0,0,0,0,0,0,0,0,0
5592,1989,1,27.9,11.3,0.0,68.0,0.6,0.2,8.4,41923,540098.6,629248.4,23.78,90.39,9,0,0.49999999999999994,0.8660254037844387,0,0,0,0,0,0,0,0,1,0,0,0,0,0,0,0,0,0,0,0,0,0,0,0,0,0,0,0,0,0,0,0,0
5593,1989,2,32.6,15.4,32.0,64.0,1.1,0.9,8.9,41923,540098.6,629248.4,23.78,90.39,9,0,0.8660254037844386,0.5000000000000001,0,0,0,0,0,0,0,0,1,0,0,0,0,0,0,0,0,0,0,0,0,0,0,0,0,0,0,0,0,0,0,0,0
5601,1989,10,35.4,24.4,240.0,82.0,0.6,4.0,6.1,41923,540098.6,629248.4,23.78,90.39,9,0,-0.8660254037844386,0.5000000000000001,0,0,0,0,0,0,0,0,1,0,0,0,0,0,0,0,0,0,0,0,0,0,0,0,0,0,0,0,0,0,0,0,0
5602,1989,11,33.4,18.8,0.0,74.0,0.2,1.3,8.5,41923,540098.6,629248.4,23.78,90.39,9,0,-0.5000000000000004,0.8660254037844384,0,0,0,0,0,0,0,0,1,0,0,0,0,0,0,0,0,0,0,0,0,0,0,0,0,0,0,0,0,0,0,0,0
5603,1989,12,30.0,13.3,12.0,73.0,0.3,0.9,7.3,41923,540098.6,629248.4,23.78,90.39,9,0,-2.4492935982947064e-16,1.0,0,0,0,0,0,0,0,0,1,0,0,0,0,0,0,0,0,0,0,0,0,0,0,0,0,0,0,0,0,0,0,0,0
5604,1990,1,28.2,14.3,0.0,77.0,0.5,0.5,7.9,41923,540098.6,629248.4,23.78,90.39,9,0,0.49999999999999994,0.8660254037844387,0,0,0,0,0,0,0,0,1,0,0,0,0,0,0,0,0,0,0,0,0,0,0,0,0,0,0,0,0,0,0,0,0
5605,1990,2,30.4,17.3,36.0,69.0,0.6,2.5,8.4,41923,540098.6,629248.4,23.78,90.39,9,0,0.8660254037844386,0.5000000000000001,0,0,0,0,0,0,0,0,1,0,0,0,0,0,0,0,0,0,0,0,0,0,0,0,0,0,0,0,0,0,0,0,0
5613,1990,10,34.0,23.6,181.0,78.0,1.0,4.1,7.3,41923,540098.6,629248.4,23.78,90.39,9,0,-0.8660254037844386,0.5000000000000001,0,0,0,0,0,0,0,0,1,0,0,0,0,0,0,0,0,0,0,0,0,0,0,0,0,0,0,0,0,0,0,0,0
5614,1990,11,32.8,21.6,103.0,75.0,0.6,2.8,8.1,41923,540098.6,629248.4,23.78,90.39,9,0,-0.5000000000000004,0.8660254037844384,0,0,0,0,0,0,0,0,1,0,0,0,0,0,0,0,0,0,0,0,0,0,0,0,0,0,0,0,0,0,0,0,0
5615,1990,12,28.6,16.0,6.0,71.0,0.6,1.6,8.1,41923,540098.6,629248.4,23.78,90.39,9,0,-2.4492935982947064e-16,1.0,0,0,0,0,0,0,0,0,1,0,0,0,0,0,0,0,0,0,0,0,0,0,0,0,0,0,0,0,0,0,0,0,0
5616,1991,1,28.0,13.8,27.0,69.0,0.5,1.9,7.9,41923,540098.6,629248.4,23.78,90.39,9,0,0.49999999999999994,0.8660254037844387,0,0,0,0,0,0,0,0,1,0,0,0,0,0,0,0,0,0,0,0,0,0,0,0,0,0,0,0,0,0,0,0,0
5617,1991,2,33.0,17.5,8.0,63.0,0.8,1.3,8.4,41923,540098.6,629248.4,23.78,90.39,9,0,0.8660254037844386,0.5000000000000001,0,0,0,0,0,0,0,0,1,0,0,0,0,0,0,0,0,0,0,0,0,0,0,0,0,0,0,0,0,0,0,0,0
5625,1991,10,35.0,24.5,392.0,80.0,0.5,4.5,7.3,41923,540098.6,629248.4,23.78,90.39,9,0,-0.8660254037844386,0.5000000000000001,0,0,0,0,0,0,0,0,1,0,0,0,0,0,0,0,0,0,0,0,0,0,0,0,0,0,0,0,0,0,0,0,0
5626,1991,11,30.2,19.1,14.0,74.0,0.3,1.8,8.1,41923,540098.6,629248.4,23.78,90.39,9,0,-0.5000000000000004,0.8660254037844384,0,0,0,0,0,0,0,0,1,0,0,0,0,0,0,0,0,0,0,0,0,0,0,0,0,0,0,0,0,0,0,0,0
5627,1991,12,29.3,15.0,106.0,73.0,0.7,2.2,8.1,41923,540098.6,629248.4,23.78,90.39,9,0,-2.4492935982947064e-16,1.0,0,0,0,0,0,0,0,0,1,0,0,0,0,0,0,0,0,0,0,0,0,0,0,0,0,0,0,0,0,0,0,0,0
5628,1992,1,27.4,13.5,1.0,69.0,0.6,0.8,7.9,41923,540098.6,629248.4,23.78,90.39,9,0,0.49999999999999994,0.8660254037844387,0,0,0,0,0,0,0,0,1,0,0,0,0,0,0,0,0,0,0,0,0,0,0,0,0,0,0,0,0,0,0,0,0
5629,1992,2,28.0,16.0,47.0,63.0,1.0,2.0,8.4,41923,540098.6,629248.4,23.78,90.39,9,0,0.8660254037844386,0.5000000000000001,0,0,0,0,0,0,0,0,1,0,0,0,0,0,0,0,0,0,0,0,0,0,0,0,0,0,0,0,0,0,0,0,0
5637,1992,10,34.6,23.8,83.0,80.0,0.6,3.1,6.4,41923,540098.6,629248.4,23.78,90.39,9,0,-0.8660254037844386,0.5000000000000001,0,0,0,0,0,0,0,0,1,0,0,0,0,0,0,0,0,0,0,0,0,0,0,0,0,0,0,0,0,0,0,0,0
5638,1992,11,33.5,18.6,2.0,74.0,0.5,2.6,7.2,41923,540098.6,629248.4,23.78,90.39,9,0,-0.5000000000000004,0.8660254037844384,0,0,0,0,0,0,0,0,1,0,0,0,0,0,0,0,0,0,0,0,0,0,0,0,0,0,0,0,0,0,0,0,0
5639,1992,12,27.8,12.4,0.0,73.0,0.5,0.5,7.5,41923,540098.6,629248.4,23.78,90.39,9,0,-2.4492935982947064e-16,1.0,0,0,0,0,0,0,0,0,1,0,0,0,0,0,0,0,0,0,0,0,0,0,0,0,0,0,0,0,0,0,0,0,0
5640,1993,1,28.6,12.0,5.0,73.0,0.5,1.2,6.3,41923,540098.6,629248.4,23.78,90.39,9,0,0.49999999999999994,0.8660254037844387,0,0,0,0,0,0,0,0,1,0,0,0,0,0,0,0,0,0,0,0,0,0,0,0,0,0,0,0,0,0,0,0,0
5641,1993,2,32.0,16.7,53.0,69.0,0.8,1.8,7.4,41923,540098.6,629248.4,23.78,90.39,9,0,0.8660254037844386,0.5000000000000001,0,0,0,0,0,0,0,0,1,0,0,0,0,0,0,0,0,0,0,0,0,0,0,0,0,0,0,0,0,0,0,0,0
5649,1993,10,33.6,23.8,217.0,82.0,0.3,3.7,5.8,41923,540098.6,629248.4,23.78,90.39,9,0,-0.8660254037844386,0.5000000000000001,0,0,0,0,0,0,0,0,1,0,0,0,0,0,0,0,0,0,0,0,0,0,0,0,0,0,0,0,0,0,0,0,0
5650,1993,11,30.8,19.2,19.0,79.0,0.3,1.4,7.4,41923,540098.6,629248.4,23.78,90.39,9,0,-0.5000000000000004,0.8660254037844384,0,0,0,0,0,0,0,0,1,0,0,0,0,0,0,0,0,0,0,0,0,0,0,0,0,0,0,0,0,0,0,0,0
5651,1993,12,29.1,13.7,0.0,75.0,0.3,1.4,7.5,41923,540098.6,629248.4,23.78,90.39,9,0,-2.4492935982947064e-16,1.0,0,0,0,0,0,0,0,0,1,0,0,0,0,0,0,0,0,0,0,0,0,0,0,0,0,0,0,0,0,0,0,0,0
5652,1994,1,29.1,13.1,13.0,69.0,0.6,1.0,6.9,41923,540098.6,629248.4,23.78,90.39,9,0,0.49999999999999994,0.8660254037844387,0,0,0,0,0,0,0,0,1,0,0,0,0,0,0,0,0,0,0,0,0,0,0,0,0,0,0,0,0,0,0,0,0
5653,1994,2,31.0,14.1,54.0,67.0,0.6,1.3,7.6,41923,540098.6,629248.4,23.78,90.39,9,0,0.8660254037844386,0.5000000000000001,0,0,0,0,0,0,0,0,1,0,0,0,0,0,0,0,0,0,0,0,0,0,0,0,0,0,0,0,0,0,0,0,0
5661,1994,10,34.5,23.3,55.0,74.0,0.4,3.0,7.1,41923,540098.6,629248.4,23.78,90.39,9,0,-0.8660254037844386,0.5000000000000001,0,0,0,0,0,0,0,0,1,0,0,0,0,0,0,0,0,0,0,0,0,0,0,0,0,0,0,0,0,0,0,0,0
5662,1994,11,33.0,18.8,14.0,71.0,0.3,3.1,6.1,41923,540098.6,629248.4,23.78,90.39,9,0,-0.5000000000000004,0.8660254037844384,0,0,0,0,0,0,0,0,1,0,0,0,0,0,0,0,0,0,0,0,0,0,0,0,0,0,0,0,0,0,0,0,0
5663,1994,12,29.8,12.5,0.0,65.0,0.2,0.6,7.3,41923,540098.6,629248.4,23.78,90.39,9,0,-2.4492935982947064e-16,1.0,0,0,0,0,0,0,0,0,1,0,0,0,0,0,0,0,0,0,0,0,0,0,0,0,0,0,0,0,0,0,0,0,0
5664,1995,1,29.2,11.3,8.0,64.0,0.5,1.6,7.2,41923,540098.6,629248.4,23.78,90.39,9,0,0.49999999999999994,0.8660254037844387,0,0,0,0,0,0,0,0,1,0,0,0,0,0,0,0,0,0,0,0,0,0,0,0,0,0,0,0,0,0,0,0,0
5665,1995,2,30.8,15.7,31.0,66.0,0.6,2.3,6.2,41923,540098.6,629248.4,23.78,90.39,9,0,0.8660254037844386,0.5000000000000001,0,0,0,0,0,0,0,0,1,0,0,0,0,0,0,0,0,0,0,0,0,0,0,0,0,0,0,0,0,0,0,0,0
5673,1995,10,34.6,24.0,91.0,78.0,0.4,3.5,7.1,41923,540098.6,629248.4,23.78,90.39,9,0,-0.8660254037844386,0.5000000000000001,0,0,0,0,0,0,0,0,1,0,0,0,0,0,0,0,0,0,0,0,0,0,0,0,0,0,0,0,0,0,0,0,0
5674,1995,11,34.2,19.9,112.0,74.0,0.5,2.9,6.8,41923,540098.6,629248.4,23.78,90.39,9,0,-0.5000000000000004,0.8660254037844384,0,0,0,0,0,0,0,0,1,0,0,0,0,0,0,0,0,0,0,0,0,0,0,0,0,0,0,0,0,0,0,0,0
5675,1995,12,28.6,13.3,1.0,70.0,0.3,0.6,7.1,41923,540098.6,629248.4,23.78,90.39,9,0,-2.4492935982947064e-16,1.0,0,0,0,0,0,0,0,0,1,0,0,0,0,0,0,0,0,0,0,0,0,0,0,0,0,0,0,0,0,0,0,0,0
5676,1996,1,29.2,12.1,0.0,73.0,0.4,0.7,7.5,41923,540098.6,629248.4,23.78,90.39,9,0,0.49999999999999994,0.8660254037844387,0,0,0,0,0,0,0,0,1,0,0,0,0,0,0,0,0,0,0,0,0,0,0,0,0,0,0,0,0,0,0,0,0
5677,1996,2,32.0,15.2,21.0,67.0,0.7,1.1,8.9,41923,540098.6,629248.4,23.78,90.39,9,0,0.8660254037844386,0.5000000000000001,0,0,0,0,0,0,0,0,1,0,0,0,0,0,0,0,0,0,0,0,0,0,0,0,0,0,0,0,0,0,0,0,0
5685,1996,10,35.4,22.9,357.0,79.0,0.4,2.9,7.7,41923,540098.6,629248.4,23.78,90.39,9,0,-0.8660254037844386,0.5000000000000001,0,0,0,0,0,0,0,0,1,0,0,0,0,0,0,0,0,0,0,0,0,0,0,0,0,0,0,0,0,0,0,0,0
5686,1996,11,33.7,18.2,0.0,76.0,0.1,1.0,8.6,41923,540098.6,629248.4,23.78,90.39,9,0,-0.5000000000000004,0.8660254037844384,0,0,0,0,0,0,0,0,1,0,0,0,0,0,0,0,0,0,0,0,0,0,0,0,0,0,0,0,0,0,0,0,0
5687,1996,12,30.3,14.0,0.0,72.0,0.3,1.4,6.6,41923,540098.6,629248.4,23.78,90.39,9,0,-2.4492935982947064e-16,1.0,0,0,0,0,0,0,0,0,1,0,0,0,0,0,0,0,0,0,0,0,0,0,0,0,0,0,0,0,0,0,0,0,0
5688,1997,1,27.6,11.5,2.0,70.0,0.3,1.6,5.1,41923,540098.6,629248.4,23.78,90.39,9,0,0.49999999999999994,0.8660254037844387,0,0,0,0,0,0,0,0,1,0,0,0,0,0,0,0,0,0,0,0,0,0,0,0,0,0,0,0,0,0,0,0,0
5689,1997,2,31.3,14.5,7.0,64.0,0.4,1.5,7.8,41923,540098.6,629248.4,23.78,90.39,9,0,0.8660254037844386,0.5000000000000001,0,0,0,0,0,0,0,0,1,0,0,0,0,0,0,0,0,0,0,0,0,0,0,0,0,0,0,0,0,0,0,0,0
5697,1997,10,34.0,22.2,39.0,78.0,0.1,2.4,8.5,41923,540098.6,629248.4,23.78,90.39,9,0,-0.8660254037844386,0.5000000000000001,0,0,0,0,0,0,0,0,1,0,0,0,0,0,0,0,0,0,0,0,0,0,0,0,0,0,0,0,0,0,0,0,0
5698,1997,11,33.7,18.9,1.0,75.0,0.2,2.3,6.2,41923,540098.6,629248.4,23.78,90.39,9,0,-0.5000000000000004,0.8660254037844384,0,0,0,0,0,0,0,0,1,0,0,0,0,0,0,0,0,0,0,0,0,0,0,0,0,0,0,0,0,0,0,0,0
5699,1997,12,29.0,14.5,22.0,80.0,0.2,2.6,5.6,41923,540098.6,629248.4,23.78,90.39,9,0,-2.4492935982947064e-16,1.0,0,0,0,0,0,0,0,0,1,0,0,0,0,0,0,0,0,0,0,0,0,0,0,0,0,0,0,0,0,0,0,0,0
5700,1998,1,27.3,12.7,49.0,77.0,0.3,3.2,4.0,41923,540098.6,629248.4,23.78,90.39,9,0,0.49999999999999994,0.8660254037844387,0,0,0,0,0,0,0,0,1,0,0,0,0,0,0,0,0,0,0,0,0,0,0,0,0,0,0,0,0,0,0,0,0
5701,1998,2,30.8,16.1,4.0,68.0,0.3,2.4,6.1,41923,540098.6,629248.4,23.78,90.39,9,0,0.8660254037844386,0.5000000000000001,0,0,0,0,0,0,0,0,1,0,0,0,0,0,0,0,0,0,0,0,0,0,0,0,0,0,0,0,0,0,0,0,0
5709,1998,10,35.7,25.4,100.0,82.0,0.3,3.8,5.8,41923,540098.6,629248.4,23.78,90.39,9,0,-0.8660254037844386,0.5000000000000001,0,0,0,0,0,0,0,0,1,0,0,0,0,0,0,0,0,0,0,0,0,0,0,0,0,0,0,0,0,0,0,0,0
5710,1998,11,33.6,20.6,83.0,78.0,0.3,2.6,7.4,41923,540098.6,629248.4,23.78,90.39,9,0,-0.5000000000000004,0.8660254037844384,0,0,0,0,0,0,0,0,1,0,0,0,0,0,0,0,0,0,0,0,0,0,0,0,0,0,0,0,0,0,0,0,0
5711,1998,12,30.3,14.8,0.0,77.0,0.2,0.4,7.9,41923,540098.6,629248.4,23.78,90.39,9,0,-2.4492935982947064e-16,1.0,0,0,0,0,0,0,0,0,1,0,0,0,0,0,0,0,0,0,0,0,0,0,0,0,0,0,0,0,0,0,0,0,0
5712,1999,1,29.4,12.7,0.0,72.0,0.3,0.6,7.2,41923,540098.6,629248.4,23.78,90.39,9,0,0.49999999999999994,0.8660254037844387,0,0,0,0,0,0,0,0,1,0,0,0,0,0,0,0,0,0,0,0,0,0,0,0,0,0,0,0,0,0,0,0,0
5713,1999,2,34.2,16.5,0.0,65.0,0.4,0.9,7.5,41923,540098.6,629248.4,23.78,90.39,9,0,0.8660254037844386,0.5000000000000001,0,0,0,0,0,0,0,0,1,0,0,0,0,0,0,0,0,0,0,0,0,0,0,0,0,0,0,0,0,0,0,0,0
5721,1999,10,34.6,24.5,368.0,83.0,0.3,5.1,5.2,41923,540098.6,629248.4,23.78,90.39,9,0,-0.8660254037844386,0.5000000000000001,0,0,0,0,0,0,0,0,1,0,0,0,0,0,0,0,0,0,0,0,0,0,0,0,0,0,0,0,0,0,0,0,0
5722,1999,11,32.4,19.0,13.0,76.0,0.1,1.6,8.3,41923,540098.6,629248.4,23.78,90.39,9,0,-0.5000000000000004,0.8660254037844384,0,0,0,0,0,0,0,0,1,0,0,0,0,0,0,0,0,0,0,0,0,0,0,0,0,0,0,0,0,0,0,0,0
5723,1999,12,29.7,14.9,0.0,71.0,0.3,0.8,7.4,41923,540098.6,629248.4,23.78,90.39,9,0,-2.4492935982947064e-16,1.0,0,0,0,0,0,0,0,0,1,0,0,0,0,0,0,0,0,0,0,0,0,0,0,0,0,0,0,0,0,0,0,0,0
5724,2000,1,28.7,14.0,13.0,72.0,0.5,0.9,6.1,41923,540098.6,629248.4,23.78,90.39,9,0,0.49999999999999994,0.8660254037844387,0,0,0,0,0,0,0,0,1,0,0,0,0,0,0,0,0,0,0,0,0,0,0,0,0,0,0,0,0,0,0,0,0
5725,2000,2,28.2,16.2,44.0,61.0,0.6,3.2,5.8,41923,540098.6,629248.4,23.78,90.39,9,0,0.8660254037844386,0.5000000000000001,0,0,0,0,0,0,0,0,1,0,0,0,0,0,0,0,0,0,0,0,0,0,0,0,0,0,0,0,0,0,0,0,0
5733,2000,10,34.9,24.4,272.0,82.0,0.6,3.8,5.8,41923,540098.6,629248.4,23.78,90.39,9,0,-0.8660254037844386,0.5000000000000001,0,0,0,0,0,0,0,0,1,0,0,0,0,0,0,0,0,0,0,0,0,0,0,0,0,0,0,0,0,0,0,0,0
5734,2000,11,32.5,20.2,0.0,73.0,0.2,1.2,8.1,41923,540098.6,629248.4,23.78,90.39,9,0,-0.5000000000000004,0.8660254037844384,0,0,0,0,0,0,0,0,1,0,0,0,0,0,0,0,0,0,0,0,0,0,0,0,0,0,0,0,0,0,0,0,0
5735,2000,12,27.3,15.1,0.0,69.0,0.3,0.9,8.2,41923,540098.6,629248.4,23.78,90.39,9,0,-2.4492935982947064e-16,1.0,0,0,0,0,0,0,0,0,1,0,0,0,0,0,0,0,0,0,0,0,0,0,0,0,0,0,0,0,0,0,0,0,0
5736,2001,1,28.0,13.0,0.0,63.0,0.6,0.6,7.9,41923,540098.6,629248.4,23.78,90.39,9,0,0.49999999999999994,0.8660254037844387,0,0,0,0,0,0,0,0,1,0,0,0,0,0,0,0,0,0,0,0,0,0,0,0,0,0,0,0,0,0,0,0,0
5737,2001,2,31.4,16.9,1.0,62.0,0.5,1.4,7.2,41923,540098.6,629248.4,23.78,90.39,9,0,0.8660254037844386,0.5000000000000001,0,0,0,0,0,0,0,0,1,0,0,0,0,0,0,0,0,0,0,0,0,0,0,0,0,0,0,0,0,0,0,0,0
5745,2001,10,34.8,22.8,177.0,81.0,0.4,4.9,5.6,41923,540098.6,629248.4,23.78,90.39,9,0,-0.8660254037844386,0.5000000000000001,0,0,0,0,0,0,0,0,1,0,0,0,0,0,0,0,0,0,0,0,0,0,0,0,0,0,0,0,0,0,0,0,0
5746,2001,11,32.0,19.3,18.0,78.0,0.3,3.1,6.4,41923,540098.6,629248.4,23.78,90.39,9,0,-0.5000000000000004,0.8660254037844384,0,0,0,0,0,0,0,0,1,0,0,0,0,0,0,0,0,0,0,0,0,0,0,0,0,0,0,0,0,0,0,0,0
5747,2001,12,28.4,14.9,0.0,75.0,0.4,1.0,7.2,41923,540098.6,629248.4,23.78,90.39,9,0,-2.4492935982947064e-16,1.0,0,0,0,0,0,0,0,0,1,0,0,0,0,0,0,0,0,0,0,0,0,0,0,0,0,0,0,0,0,0,0,0,0
5748,2002,1,28.2,14.6,24.0,68.0,0.5,1.7,7.4,41923,540098.6,629248.4,23.78,90.39,9,0,0.49999999999999994,0.8660254037844387,0,0,0,0,0,0,0,0,1,0,0,0,0,0,0,0,0,0,0,0,0,0,0,0,0,0,0,0,0,0,0,0,0
5749,2002,2,33.5,16.7,4.0,58.0,0.7,1.0,8.8,41923,540098.6,629248.4,23.78,90.39,9,0,0.8660254037844386,0.5000000000000001,0,0,0,0,0,0,0,0,1,0,0,0,0,0,0,0,0,0,0,0,0,0,0,0,0,0,0,0,0,0,0,0,0
5757,2002,10,34.2,23.0,52.0,75.0,0.4,4.1,6.7,41923,540098.6,629248.4,23.78,90.39,9,0,-0.8660254037844386,0.5000000000000001,0,0,0,0,0,0,0,0,1,0,0,0,0,0,0,0,0,0,0,0,0,0,0,0,0,0,0,0,0,0,0,0,0
5758,2002,11,32.0,19.8,40.0,74.0,0.5,3.1,6.6,41923,540098.6,629248.4,23.78,90.39,9,0,-0.5000000000000004,0.8660254037844384,0,0,0,0,0,0,0,0,1,0,0,0,0,0,0,0,0,0,0,0,0,0,0,0,0,0,0,0,0,0,0,0,0
5759,2002,12,29.5,16.0,0.0,74.0,0.5,1.1,6.3,41923,540098.6,629248.4,23.78,90.39,9,0,-2.4492935982947064e-16,1.0,0,0,0,0,0,0,0,0,1,0,0,0,0,0,0,0,0,0,0,0,0,0,0,0,0,0,0,0,0,0,0,0,0
5760,2003,1,27.5,11.7,0.0,75.0,1.1,1.8,5.2,41923,540098.6,629248.4,23.78,90.39,9,0,0.49999999999999994,0.8660254037844387,0,0,0,0,0,0,0,0,1,0,0,0,0,0,0,0,0,0,0,0,0,0,0,0,0,0,0,0,0,0,0,0,0
5761,2003,2,31.6,16.9,25.0,66.0,0.9,1.9,7.4,41923,540098.6,629248.4,23.78,90.39,9,0,0.8660254037844386,0.5000000000000001,0,0,0,0,0,0,0,0,1,0,0,0,0,0,0,0,0,0,0,0,0,0,0,0,0,0,0,0,0,0,0,0,0
5769,2003,10,34.0,25.0,134.0,81.0,0.7,5.2,4.7,41923,540098.6,629248.4,23.78,90.39,9,0,-0.8660254037844386,0.5000000000000001,0,0,0,0,0,0,0,0,1,0,0,0,0,0,0,0,0,0,0,0,0,0,0,0,0,0,0,0,0,0,0,0,0
5770,2003,11,32.1,19.4,0.0,67.0,0.3,0.8,8.3,41923,540098.6,629248.4,23.78,90.39,9,0,-0.5000000000000004,0.8660254037844384,0,0,0,0,0,0,0,0,1,0,0,0,0,0,0,0,0,0,0,0,0,0,0,0,0,0,0,0,0,0,0,0,0
5771,2003,12,29.2,16.4,45.0,73.0,0.5,2.3,5.9,41923,540098.6,629248.4,23.78,90.39,9,0,-2.4492935982947064e-16,1.0,0,0,0,0,0,0,0,0,1,0,0,0,0,0,0,0,0,0,0,0,0,0,0,0,0,0,0,0,0,0,0,0,0
5772,2004,1,27.5,14.0,0.0,74.0,0.8,2.3,5.3,41923,540098.6,629248.4,23.78,90.39,9,0,0.49999999999999994,0.8660254037844387,0,0,0,0,0,0,0,0,1,0,0,0,0,0,0,0,0,0,0,0,0,0,0,0,0,0,0,0,0,0,0,0,0
5773,2004,2,32.8,16.0,0.0,61.0,0.8,1.1,7.6,41923,540098.6,629248.4,23.78,90.39,9,0,0.8660254037844386,0.5000000000000001,0,0,0,0,0,0,0,0,1,0,0,0,0,0,0,0,0,0,0,0,0,0,0,0,0,0,0,0,0,0,0,0,0
5781,2004,10,34.5,23.3,208.0,75.0,0.9,3.3,6.6,41923,540098.6,629248.4,23.78,90.39,9,0,-0.8660254037844386,0.5000000000000001,0,0,0,0,0,0,0,0,1,0,0,0,0,0,0,0,0,0,0,0,0,0,0,0,0,0,0,0,0,0,0,0,0
5782,2004,11,31.1,18.6,0.0,70.0,0.3,1.2,7.8,41923,540098.6,629248.4,23.78,90.39,9,0,-0.5000000000000004,0.8660254037844384,0,0,0,0,0,0,0,0,1,0,0,0,0,0,0,0,0,0,0,0,0,0,0,0,0,0,0,0,0,0,0,0,0
5783,2004,12,29.4,16.2,0.0,71.0,0.3,1.2,6.7,41923,540098.6,629248.4,23.78,90.39,9,0,-2.4492935982947064e-16,1.0,0,0,0,0,0,0,0,0,1,0,0,0,0,0,0,0,0,0,0,0,0,0,0,0,0,0,0,0,0,0,0,0,0
5784,2005,1,28.5,14.2,1.0,69.0,0.9,1.9,6.3,41923,540098.6,629248.4,23.78,90.39,9,0,0.49999999999999994,0.8660254037844387,0,0,0,0,0,0,0,0,1,0,0,0,0,0,0,0,0,0,0,0,0,0,0,0,0,0,0,0,0,0,0,0,0
5785,2005,2,32.1,18.3,3.0,61.0,1.1,1.7,7.9,41923,540098.6,629248.4,23.78,90.39,9,0,0.8660254037844386,0.5000000000000001,0,0,0,0,0,0,0,0,1,0,0,0,0,0,0,0,0,0,0,0,0,0,0,0,0,0,0,0,0,0,0,0,0
5793,2005,10,34.6,24.4,417.0,81.0,0.8,5.0,4.6,41923,540098.6,629248.4,23.78,90.39,9,0,-0.8660254037844386,0.5000000000000001,0,0,0,0,0,0,0,0,1,0,0,0,0,0,0,0,0,0,0,0,0,0,0,0,0,0,0,0,0,0,0,0,0
5794,2005,11,31.4,19.8,3.0,73.0,0.4,1.5,6.6,41923,540098.6,629248.4,23.78,90.39,9,0,-0.5000000000000004,0.8660254037844384,0,0,0,0,0,0,0,0,1,0,0,0,0,0,0,0,0,0,0,0,0,0,0,0,0,0,0,0,0,0,0,0,0
5795,2005,12,29.0,15.7,0.0,67.0,0.6,1.3,7.0,41923,540098.6,629248.4,23.78,90.39,9,0,-2.4492935982947064e-16,1.0,0,0,0,0,0,0,0,0,1,0,0,0,0,0,0,0,0,0,0,0,0,0,0,0,0,0,0,0,0,0,0,0,0
5796,2006,1,28.2,13.5,0.0,69.0,0.7,0.6,5.3,41923,540098.6,629248.4,23.78,90.39,9,0,0.49999999999999994,0.8660254037844387,0,0,0,0,0,0,0,0,1,0,0,0,0,0,0,0,0,0,0,0,0,0,0,0,0,0,0,0,0,0,0,0,0
5797,2006,2,35.9,19.4,0.0,66.0,0.9,1.1,6.1,41923,540098.6,629248.4,23.78,90.39,9,0,0.8660254037844386,0.5000000000000001,0,0,0,0,0,0,0,0,1,0,0,0,0,0,0,0,0,0,0,0,0,0,0,0,0,0,0,0,0,0,0,0,0
5805,2006,10,34.7,24.7,61.0,77.0,0.3,3.7,5.1,41923,540098.6,629248.4,23.78,90.39,9,0,-0.8660254037844386,0.5000000000000001,0,0,0,0,0,0,0,0,1,0,0,0,0,0,0,0,0,0,0,0,0,0,0,0,0,0,0,0,0,0,0,0,0
5806,2006,11,32.6,19.9,5.0,69.0,0.4,2.5,6.0,41923,540098.6,629248.4,23.78,90.39,9,0,-0.5000000000000004,0.8660254037844384,0,0,0,0,0,0,0,0,1,0,0,0,0,0,0,0,0,0,0,0,0,0,0,0,0,0,0,0,0,0,0,0,0
5807,2006,12,30.1,15.8,0.0,70.0,0.4,0.5,5.5,41923,540098.6,629248.4,23.78,90.39,9,0,-2.4492935982947064e-16,1.0,0,0,0,0,0,0,0,0,1,0,0,0,0,0,0,0,0,0,0,0,0,0,0,0,0,0,0,0,0,0,0,0,0
5808,2007,1,28.8,12.5,0.0,68.0,0.5,0.6,5.7,41923,540098.6,629248.4,23.78,90.39,9,0,0.49999999999999994,0.8660254037844387,0,0,0,0,0,0,0,0,1,0,0,0,0,0,0,0,0,0,0,0,0,0,0,0,0,0,0,0,0,0,0,0,0
5809,2007,2,30.8,16.8,30.0,69.0,0.6,2.3,5.7,41923,540098.6,629248.4,23.78,90.39,9,0,0.8660254037844386,0.5000000000000001,0,0,0,0,0,0,0,0,1,0,0,0,0,0,0,0,0,0,0,0,0,0,0,0,0,0,0,0,0,0,0,0,0
5817,2007,10,35.6,23.8,320.0,79.0,0.7,4.3,5.2,41923,540098.6,629248.4,23.78,90.39,9,0,-0.8660254037844386,0.5000000000000001,0,0,0,0,0,0,0,0,1,0,0,0,0,0,0,0,0,0,0,0,0,0,0,0,0,0,0,0,0,0,0,0,0
5818,2007,11,31.8,19.9,111.0,78.0,0.7,2.3,5.7,41923,540098.6,629248.4,23.78,90.39,9,0,-0.5000000000000004,0.8660254037844384,0,0,0,0,0,0,0,0,1,0,0,0,0,0,0,0,0,0,0,0,0,0,0,0,0,0,0,0,0,0,0,0,0
5819,2007,12,28.2,15.0,0.0,70.0,0.6,1.0,5.5,41923,540098.6,629248.4,23.78,90.39,9,0,-2.4492935982947064e-16,1.0,0,0,0,0,0,0,0,0,1,0,0,0,0,0,0,0,0,0,0,0,0,0,0,0,0,0,0,0,0,0,0,0,0
5820,2008,1,29.0,14.5,23.0,70.0,0.9,2.1,4.7,41923,540098.6,629248.4,23.78,90.39,9,0,0.49999999999999994,0.8660254037844387,0,0,0,0,0,0,0,0,1,0,0,0,0,0,0,0,0,0,0,0,0,0,0,0,0,0,0,0,0,0,0,0,0
5821,2008,2,30.6,15.2,56.0,62.0,0.8,1.8,6.6,41923,540098.6,629248.4,23.78,90.39,9,0,0.8660254037844386,0.5000000000000001,0,0,0,0,0,0,0,0,1,0,0,0,0,0,0,0,0,0,0,0,0,0,0,0,0,0,0,0,0,0,0,0,0
5829,2008,10,34.8,23.8,227.0,78.0,0.8,4.0,5.8,41923,540098.6,629248.4,23.78,90.39,9,0,-0.8660254037844386,0.5000000000000001,0,0,0,0,0,0,0,0,1,0,0,0,0,0,0,0,0,0,0,0,0,0,0,0,0,0,0,0,0,0,0,0,0
5830,2008,11,32.3,19.0,0.0,70.0,0.3,1.3,8.0,41923,540098.6,629248.4,23.78,90.39,9,0,-0.5000000000000004,0.8660254037844384,0,0,0,0,0,0,0,0,1,0,0,0,0,0,0,0,0,0,0,0,0,0,0,0,0,0,0,0,0,0,0,0,0
5831,2008,12,29.0,16.9,0.0,80.0,0.4,1.6,3.9,41923,540098.6,629248.4,23.78,90.39,9,0,-2.4492935982947064e-16,1.0,0,0,0,0,0,0,0,0,1,0,0,0,0,0,0,0,0,0,0,0,0,0,0,0,0,0,0,0,0,0,0,0,0
5832,2009,1,28.1,14.8,1.0,72.0,1.9,0.5,5.7,41923,540098.6,629248.4,23.78,90.39,9,0,0.49999999999999994,0.8660254037844387,0,0,0,0,0,0,0,0,1,0,0,0,0,0,0,0,0,0,0,0,0,0,0,0,0,0,0,0,0,0,0,0,0
5833,2009,2,33.9,17.3,1.0,55.0,2.5,0.7,8.7,41923,540098.6,629248.4,23.78,90.39,9,0,0.8660254037844386,0.5000000000000001,0,0,0,0,0,0,0,0,1,0,0,0,0,0,0,0,0,0,0,0,0,0,0,0,0,0,0,0,0,0,0,0,0
5841,2009,10,35.8,24.2,74.0,73.0,0.9,3.3,6.2,41923,540098.6,629248.4,23.78,90.39,9,0,-0.8660254037844386,0.5000000000000001,0,0,0,0,0,0,0,0,1,0,0,0,0,0,0,0,0,0,0,0,0,0,0,0,0,0,0,0,0,0,0,0,0
5842,2009,11,33.9,20.2,4.0,67.0,0.8,2.2,6.7,41923,540098.6,629248.4,23.78,90.39,9,0,-0.5000000000000004,0.8660254037844384,0,0,0,0,0,0,0,0,1,0,0,0,0,0,0,0,0,0,0,0,0,0,0,0,0,0,0,0,0,0,0,0,0
5843,2009,12,29.0,15.4,0.0,70.0,1.0,0.7,4.8,41923,540098.6,629248.4,23.78,90.39,9,0,-2.4492935982947064e-16,1.0,0,0,0,0,0,0,0,0,1,0,0,0,0,0,0,0,0,0,0,0,0,0,0,0,0,0,0,0,0,0,0,0,0
5844,2010,1,29.0,12.8,0.0,72.0,2.7,0.5,5.7,41923,540098.6,629248.4,23.78,90.39,9,0,0.49999999999999994,0.8660254037844387,0,0,0,0,0,0,0,0,1,0,0,0,0,0,0,0,0,0,0,0,0,0,0,0,0,0,0,0,0,0,0,0,0
5845,2010,2,31.2,16.2,48.0,57.0,2.9,1.5,6.7,41923,540098.6,629248.4,23.78,90.39,9,0,0.8660254037844386,0.5000000000000001,0,0,0,0,0,0,0,0,1,0,0,0,0,0,0,0,0,0,0,0,0,0,0,0,0,0,0,0,0,0,0,0,0
5853,2010,10,35.7,25.1,174.0,75.0,2.0,3.8,5.8,41923,540098.6,629248.4,23.78,90.39,9,0,-0.8660254037844386,0.5000000000000001,0,0,0,0,0,0,0,0,1,0,0,0,0,0,0,0,0,0,0,0,0,0,0,0,0,0,0,0,0,0,0,0,0
5854,2010,11,33.2,20.9,0.0,69.0,2.1,1.5,6.2,41923,540098.6,629248.4,23.78,90.39,9,0,-0.5000000000000004,0.8660254037844384,0,0,0,0,0,0,0,0,1,0,0,0,0,0,0,0,0,0,0,0,0,0,0,0,0,0,0,0,0,0,0,0,0
5855,2010,12,29.7,15.5,81.0,66.0,2.2,1.6,6.2,41923,540098.6,629248.4,23.78,90.39,9,0,-2.4492935982947064e-16,1.0,0,0,0,0,0,0,0,0,1,0,0,0,0,0,0,0,0,0,0,0,0,0,0,0,0,0,0,0,0,0,0,0,0
5856,2011,1,27.8,12.2,0.0,69.0,2.2,0.5,4.9,41923,540098.6,629248.4,23.78,90.39,9,0,0.49999999999999994,0.8660254037844387,0,0,0,0,0,0,0,0,1,0,0,0,0,0,0,0,0,0,0,0,0,0,0,0,0,0,0,0,0,0,0,0,0
5857,2011,2,31.0,16.9,0.0,55.0,2.4,0.8,7.5,41923,540098.6,629248.4,23.78,90.39,9,0,0.8660254037844386,0.5000000000000001,0,0,0,0,0,0,0,0,1,0,0,0,0,0,0,0,0,0,0,0,0,0,0,0,0,0,0,0,0,0,0,0,0
5858,2011,3,34.5,21.5,20.0,58.0,2.8,2.7,7.0,41923,540098.6,629248.4,23.78,90.39,9,0,1.0,6.123233995736766e-17,0,0,0,0,0,0,0,0,1,0,0,0,0,0,0,0,0,0,0,0,0,0,0,0,0,0,0,0,0,0,0,0,0
5859,2011,4,35.8,23.2,123.0,65.0,2.5,3.4,6.8,41923,540098.6,629248.4,23.78,90.39,9,0,0.8660254037844387,-0.4999999999999998,0,0,0,0,0,0,0,0,1,0,0,0,0,0,0,0,0,0,0,0,0,0,0,0,0,0,0,0,0,0,0,0,0
5860,2011,5,35.3,24.6,235.0,76.0,2.7,4.8,5.5,41923,540098.6,629248.4,23.78,90.39,9,0,0.49999999999999994,-0.8660254037844387,0,0,0,0,0,0,0,0,1,0,0,0,0,0,0,0,0,0,0,0,0,0,0,0,0,0,0,0,0,0,0,0,0
5861,2011,6,36.0,26.3,314.0,81.0,2.8,6.3,3.5,41923,540098.6,629248.4,23.78,90.39,9,0,1.2246467991473532e-16,-1.0,0,0,0,0,0,0,0,0,1,0,0,0,0,0,0,0,0,0,0,0,0,0,0,0,0,0,0,0,0,0,0,0,0
5862,2011,7,35.4,26.7,356.0,79.0,2.2,6.1,4.1,41923,540098.6,629248.4,23.78,90.39,9,0,-0.4999999999999997,-0.8660254037844388,0,0,0,0,0,0,0,0,1,0,0,0,0,0,0,0,0,0,0,0,0,0,0,0,0,0,0,0,0,0,0,0,0
5863,2011,8,35.0,26.5,409.0,83.0,2.0,6.6,2.5,41923,540098.6,629248.4,23.78,90.39,9,0,-0.8660254037844385,-0.5000000000000004,0,0,0,0,0,0,0,0,1,0,0,0,0,0,0,0,0,0,0,0,0,0,0,0,0,0,0,0,0,0,0,0,0
5864,2011,9,36.2,26.4,207.0,77.0,2.2,5.7,5.1,41923,540098.6,629248.4,23.78,90.39,9,0,-1.0,-1.8369701987210297e-16,0,0,0,0,0,0,0,0,1,0,0,0,0,0,0,0,0,0,0,0,0,0,0,0,0,0,0,0,0,0,0,0,0
5865,2011,10,34.5,24.7,112.0,74.0,1.4,2.8,6.1,41923,540098.6,629248.4,23.78,90.39,9,0,-0.8660254037844386,0.5000000000000001,0,0,0,0,0,0,0,0,1,0,0,0,0,0,0,0,0,0,0,0,0,0,0,0,0,0,0,0,0,0,0,0,0
5866,2011,11,32.4,19.2,0.0,68.0,1.3,0.9,6.0,41923,540098.6,629248.4,23.78,90.39,9,0,-0.5000000000000004,0.8660254037844384,0,0,0,0,0,0,0,0,1,0,0,0,0,0,0,0,0,0,0,0,0,0,0,0,0,0,0,0,0,0,0,0,0
5867,2011,12,30.0,15.0,0.0,73.0,1.9,1.6,4.4,41923,540098.6,629248.4,23.78,90.39,9,0,-2.4492935982947064e-16,1.0,0,0,0,0,0,0,0,0,1,0,0,0,0,0,0,0,0,0,0,0,0,0,0,0,0,0,0,0,0,0,0,0,0
5868,2012,1,28.5,14.5,10.0,66.0,2.2,2.2,4.7,41923,540098.6,629248.4,23.78,90.39,9,0,0.49999999999999994,0.8660254037844387,0,0,0,0,0,0,0,0,1,0,0,0,0,0,0,0,0,0,0,0,0,0,0,0,0,0,0,0,0,0,0,0,0
5869,2012,2,33.0,16.0,1.0,52.0,2.7,0.6,7.1,41923,540098.6,629248.4,23.78,90.39,9,0,0.8660254037844386,0.5000000000000001,0,0,0,0,0,0,0,0,1,0,0,0,0,0,0,0,0,0,0,0,0,0,0,0,0,0,0,0,0,0,0,0,0
5871,2012,4,37.1,23.7,269.0,70.0,2.5,4.0,7.1,41923,540098.6,629248.4,23.78,90.39,9,1,0.8660254037844387,-0.4999999999999998,0,0,0,0,0,0,0,0,1,0,0,0,0,0,0,0,0,0,0,0,0,0,0,0,0,0,0,0,0,0,0,0,0
5873,2012,6,36.7,26.9,175.0,78.0,2.6,6.2,2.9,41923,540098.6,629248.4,23.78,90.39,9,1,1.2246467991473532e-16,-1.0,0,0,0,0,0,0,0,0,1,0,0,0,0,0,0,0,0,0,0,0,0,0,0,0,0,0,0,0,0,0,0,0,0
5874,2012,7,34.3,26.7,226.0,80.0,2.6,6.5,3.9,41923,540098.6,629248.4,23.78,90.39,9,1,-0.4999999999999997,-0.8660254037844388,0,0,0,0,0,0,0,0,1,0,0,0,0,0,0,0,0,0,0,0,0,0,0,0,0,0,0,0,0,0,0,0,0
5875,2012,8,34.5,26.6,282.0,79.0,1.8,6.3,3.8,41923,540098.6,629248.4,23.78,90.39,9,1,-0.8660254037844385,-0.5000000000000004,0,0,0,0,0,0,0,0,1,0,0,0,0,0,0,0,0,0,0,0,0,0,0,0,0,0,0,0,0,0,0,0,0
5877,2012,10,34.4,24.3,38.0,72.0,1.7,3.6,6.0,41923,540098.6,629248.4,23.78,90.39,9,0,-0.8660254037844386,0.5000000000000001,0,0,0,0,0,0,0,0,1,0,0,0,0,0,0,0,0,0,0,0,0,0,0,0,0,0,0,0,0,0,0,0,0
5878,2012,11,32.4,19.1,68.0,68.0,2.0,2.5,5.6,41923,540098.6,629248.4,23.78,90.39,9,0,-0.5000000000000004,0.8660254037844384,0,0,0,0,0,0,0,0,1,0,0,0,0,0,0,0,0,0,0,0,0,0,0,0,0,0,0,0,0,0,0,0,0
5879,2012,12,28.5,14.5,5.0,77.0,1.4,1.1,3.0,41923,540098.6,629248.4,23.78,90.39,9,0,-2.4492935982947064e-16,1.0,0,0,0,0,0,0,0,0,1,0,0,0,0,0,0,0,0,0,0,0,0,0,0,0,0,0,0,0,0,0,0,0,0
5880,2013,1,28.1,12.3,0.0,65.0,1.6,0.4,4.5,41923,540098.6,629248.4,23.78,90.39,9,0,0.49999999999999994,0.8660254037844387,0,0,0,0,0,0,0,0,1,0,0,0,0,0,0,0,0,0,0,0,0,0,0,0,0,0,0,0,0,0,0,0,0
5881,2013,2,32.4,17.5,8.0,56.0,2.2,1.2,7.0,41923,540098.6,629248.4,23.78,90.39,9,0,0.8660254037844386,0.5000000000000001,0,0,0,0,0,0,0,0,1,0,0,0,0,0,0,0,0,0,0,0,0,0,0,0,0,0,0,0,0,0,0,0,0
5884,2013,5,37.1,24.8,378.0,79.0,3.0,6.6,3.6,41923,540098.6,629248.4,23.78,90.39,9,1,0.49999999999999994,-0.8660254037844387,0,0,0,0,0,0,0,0,1,0,0,0,0,0,0,0,0,0,0,0,0,0,0,0,0,0,0,0,0,0,0,0,0
5885,2013,6,36.4,27.2,325.0,77.0,2.4,5.7,4.8,41923,540098.6,629248.4,23.78,90.39,9,1,1.2246467991473532e-16,-1.0,0,0,0,0,0,0,0,0,1,0,0,0,0,0,0,0,0,0,0,0,0,0,0,0,0,0,0,0,0,0,0,0,0
5886,2013,7,34.6,27.0,302.0,78.0,2.5,6.3,4.4,41923,540098.6,629248.4,23.78,90.39,9,1,-0.4999999999999997,-0.8660254037844388,0,0,0,0,0,0,0,0,1,0,0,0,0,0,0,0,0,0,0,0,0,0,0,0,0,0,0,0,0,0,0,0,0
5887,2013,8,35.0,26.2,212.0,81.0,2.5,6.3,3.3,41923,540098.6,629248.4,23.78,90.39,9,1,-0.8660254037844385,-0.5000000000000004,0,0,0,0,0,0,0,0,1,0,0,0,0,0,0,0,0,0,0,0,0,0,0,0,0,0,0,0,0,0,0,0,0
5888,2013,9,35.7,26.3,172.0,81.0,1.8,5.8,3.6,41923,540098.6,629248.4,23.78,90.39,9,1,-1.0,-1.8369701987210297e-16,0,0,0,0,0,0,0,0,1,0,0,0,0,0,0,0,0,0,0,0,0,0,0,0,0,0,0,0,0,0,0,0,0
5889,2013,10,35.2,24.4,131.0,79.0,1.8,4.9,4.5,41923,540098.6,629248.4,23.78,90.39,9,0,-0.8660254037844386,0.5000000000000001,0,0,0,0,0,0,0,0,1,0,0,0,0,0,0,0,0,0,0,0,0,0,0,0,0,0,0,0,0,0,0,0,0
5890,2013,11,32.1,18.5,0.0,67.0,1.7,0.9,7.0,41923,540098.6,629248.4,23.78,90.39,9,0,-0.5000000000000004,0.8660254037844384,0,0,0,0,0,0,0,0,1,0,0,0,0,0,0,0,0,0,0,0,0,0,0,0,0,0,0,0,0,0,0,0,0
5891,2013,12,30.5,15.6,4.0,73.0,1.6,1.2,4.1,41923,540098.6,629248.4,23.78,90.39,9,0,-2.4492935982947064e-16,1.0,0,0,0,0,0,0,0,0,1,0,0,0,0,0,0,0,0,0,0,0,0,0,0,0,0,0,0,0,0,0,0,0,0
5896,1948,5,36.8,23.5,244.0,82.0,1.027777778,4.0,6.848,41863,365790.2,834718.0,25.63,88.66,37,1,0.49999999999999994,-0.8660254037844387,0,0,0,0,0,0,0,0,0,1,0,0,0,0,0,0,0,0,0,0,0,0,0,0,0,0,0,0,0,0,0,0,0
5897,1948,6,35.3,25.4,285.0,86.0,1.024074074,5.7,5.228,41863,365790.2,834718.0,25.63,88.66,37,1,1.2246467991473532e-16,-1.0,0,0,0,0,0,0,0,0,0,1,0,0,0,0,0,0,0,0,0,0,0,0,0,0,0,0,0,0,0,0,0,0,0
5898,1948,7,33.0,25.9,442.0,87.0,0.955555556,6.3,4.288,41863,365790.2,834718.0,25.63,88.66,37,1,-0.4999999999999997,-0.8660254037844388,0,0,0,0,0,0,0,0,0,1,0,0,0,0,0,0,0,0,0,0,0,0,0,0,0,0,0,0,0,0,0,0,0
5899,1948,8,34.4,26.0,362.0,85.0,0.885185185,5.3,5.208,41863,365790.2,834718.0,25.63,88.66,37,1,-0.8660254037844385,-0.5000000000000004,0,0,0,0,0,0,0,0,0,1,0,0,0,0,0,0,0,0,0,0,0,0,0,0,0,0,0,0,0,0,0,0,0
5900,1948,9,34.4,25.1,231.0,85.0,0.753703704,4.7,5.184,41863,365790.2,834718.0,25.63,88.66,37,1,-1.0,-1.8369701987210297e-16,0,0,0,0,0,0,0,0,0,1,0,0,0,0,0,0,0,0,0,0,0,0,0,0,0,0,0,0,0,0,0,0,0
5901,1948,10,33.7,22.2,236.0,81.0,0.542592593,2.5,6.916,41863,365790.2,834718.0,25.63,88.66,37,1,-0.8660254037844386,0.5000000000000001,0,0,0,0,0,0,0,0,0,1,0,0,0,0,0,0,0,0,0,0,0,0,0,0,0,0,0,0,0,0,0,0,0
5908,1949,5,34.3,22.5,450.0,80.0,1.027777778,4.8,6.848,41863,365790.2,834718.0,25.63,88.66,37,1,0.49999999999999994,-0.8660254037844387,0,0,0,0,0,0,0,0,0,1,0,0,0,0,0,0,0,0,0,0,0,0,0,0,0,0,0,0,0,0,0,0,0
5909,1949,6,35.6,24.9,586.0,87.0,1.024074074,6.3,5.228,41863,365790.2,834718.0,25.63,88.66,37,1,1.2246467991473532e-16,-1.0,0,0,0,0,0,0,0,0,0,1,0,0,0,0,0,0,0,0,0,0,0,0,0,0,0,0,0,0,0,0,0,0,0
5910,1949,7,34.3,25.6,296.0,87.0,0.955555556,5.9,4.288,41863,365790.2,834718.0,25.63,88.66,37,1,-0.4999999999999997,-0.8660254037844388,0,0,0,0,0,0,0,0,0,1,0,0,0,0,0,0,0,0,0,0,0,0,0,0,0,0,0,0,0,0,0,0,0
5911,1949,8,33.6,25.9,291.0,88.0,0.885185185,5.8,5.208,41863,365790.2,834718.0,25.63,88.66,37,1,-0.8660254037844385,-0.5000000000000004,0,0,0,0,0,0,0,0,0,1,0,0,0,0,0,0,0,0,0,0,0,0,0,0,0,0,0,0,0,0,0,0,0
5912,1949,9,36.7,25.8,330.0,86.0,0.753703704,4.5,5.184,41863,365790.2,834718.0,25.63,88.66,37,1,-1.0,-1.8369701987210297e-16,0,0,0,0,0,0,0,0,0,1,0,0,0,0,0,0,0,0,0,0,0,0,0,0,0,0,0,0,0,0,0,0,0
5921,1950,6,36.3,24.9,393.0,84.0,1.024074074,5.7,5.228,41863,365790.2,834718.0,25.63,88.66,37,1,1.2246467991473532e-16,-1.0,0,0,0,0,0,0,0,0,0,1,0,0,0,0,0,0,0,0,0,0,0,0,0,0,0,0,0,0,0,0,0,0,0
5922,1950,7,35.0,26.1,189.0,85.0,0.955555556,5.3,4.288,41863,365790.2,834718.0,25.63,88.66,37,1,-0.4999999999999997,-0.8660254037844388,0,0,0,0,0,0,0,0,0,1,0,0,0,0,0,0,0,0,0,0,0,0,0,0,0,0,0,0,0,0,0,0,0
5923,1950,8,33.9,25.1,288.0,88.0,0.885185185,6.3,5.208,41863,365790.2,834718.0,25.63,88.66,37,1,-0.8660254037844385,-0.5000000000000004,0,0,0,0,0,0,0,0,0,1,0,0,0,0,0,0,0,0,0,0,0,0,0,0,0,0,0,0,0,0,0,0,0
5933,1951,6,35.4,24.8,384.0,85.0,1.024074074,5.8,5.228,41863,365790.2,834718.0,25.63,88.66,37,1,1.2246467991473532e-16,-1.0,0,0,0,0,0,0,0,0,0,1,0,0,0,0,0,0,0,0,0,0,0,0,0,0,0,0,0,0,0,0,0,0,0
5934,1951,7,35.6,25.8,373.0,85.0,0.955555556,5.6,4.288,41863,365790.2,834718.0,25.63,88.66,37,1,-0.4999999999999997,-0.8660254037844388,0,0,0,0,0,0,0,0,0,1,0,0,0,0,0,0,0,0,0,0,0,0,0,0,0,0,0,0,0,0,0,0,0
5935,1951,8,35.3,26.5,480.0,84.0,0.885185185,5.2,5.208,41863,365790.2,834718.0,25.63,88.66,37,1,-0.8660254037844385,-0.5000000000000004,0,0,0,0,0,0,0,0,0,1,0,0,0,0,0,0,0,0,0,0,0,0,0,0,0,0,0,0,0,0,0,0,0
5944,1952,5,34.4,22.6,290.0,79.0,1.027777778,4.0,6.848,41863,365790.2,834718.0,25.63,88.66,37,1,0.49999999999999994,-0.8660254037844387,0,0,0,0,0,0,0,0,0,1,0,0,0,0,0,0,0,0,0,0,0,0,0,0,0,0,0,0,0,0,0,0,0
5945,1952,6,37.2,25.7,372.0,83.0,1.024074074,4.1,5.228,41863,365790.2,834718.0,25.63,88.66,37,1,1.2246467991473532e-16,-1.0,0,0,0,0,0,0,0,0,0,1,0,0,0,0,0,0,0,0,0,0,0,0,0,0,0,0,0,0,0,0,0,0,0
5946,1952,7,34.4,25.6,637.0,85.0,0.955555556,5.7,4.288,41863,365790.2,834718.0,25.63,88.66,37,1,-0.4999999999999997,-0.8660254037844388,0,0,0,0,0,0,0,0,0,1,0,0,0,0,0,0,0,0,0,0,0,0,0,0,0,0,0,0,0,0,0,0,0
5948,1952,9,35.6,25.4,511.0,87.0,0.753703704,5.6,5.184,41863,365790.2,834718.0,25.63,88.66,37,1,-1.0,-1.8369701987210297e-16,0,0,0,0,0,0,0,0,0,1,0,0,0,0,0,0,0,0,0,0,0,0,0,0,0,0,0,0,0,0,0,0,0
5957,1953,6,35.6,25.1,254.0,82.0,1.024074074,5.4,5.228,41863,365790.2,834718.0,25.63,88.66,37,1,1.2246467991473532e-16,-1.0,0,0,0,0,0,0,0,0,0,1,0,0,0,0,0,0,0,0,0,0,0,0,0,0,0,0,0,0,0,0,0,0,0
5958,1953,7,36.1,26.1,715.0,88.0,0.955555556,5.9,4.288,41863,365790.2,834718.0,25.63,88.66,37,1,-0.4999999999999997,-0.8660254037844388,0,0,0,0,0,0,0,0,0,1,0,0,0,0,0,0,0,0,0,0,0,0,0,0,0,0,0,0,0,0,0,0,0
5959,1953,8,36.7,26.2,136.0,81.0,0.885185185,5.6,5.208,41863,365790.2,834718.0,25.63,88.66,37,1,-0.8660254037844385,-0.5000000000000004,0,0,0,0,0,0,0,0,0,1,0,0,0,0,0,0,0,0,0,0,0,0,0,0,0,0,0,0,0,0,0,0,0
5960,1953,9,36.0,25.1,217.0,85.0,0.753703704,4.7,5.184,41863,365790.2,834718.0,25.63,88.66,37,1,-1.0,-1.8369701987210297e-16,0,0,0,0,0,0,0,0,0,1,0,0,0,0,0,0,0,0,0,0,0,0,0,0,0,0,0,0,0,0,0,0,0
5968,1954,5,36.7,23.7,125.0,69.0,1.027777778,3.0,6.848,41863,365790.2,834718.0,25.63,88.66,37,1,0.49999999999999994,-0.8660254037844387,0,0,0,0,0,0,0,0,0,1,0,0,0,0,0,0,0,0,0,0,0,0,0,0,0,0,0,0,0,0,0,0,0
5969,1954,6,34.6,24.6,647.0,85.0,1.024074074,6.4,5.228,41863,365790.2,834718.0,25.63,88.66,37,1,1.2246467991473532e-16,-1.0,0,0,0,0,0,0,0,0,0,1,0,0,0,0,0,0,0,0,0,0,0,0,0,0,0,0,0,0,0,0,0,0,0
5970,1954,7,33.9,25.8,339.0,86.0,0.955555556,6.2,4.288,41863,365790.2,834718.0,25.63,88.66,37,1,-0.4999999999999997,-0.8660254037844388,0,0,0,0,0,0,0,0,0,1,0,0,0,0,0,0,0,0,0,0,0,0,0,0,0,0,0,0,0,0,0,0,0
5971,1954,8,34.4,26.5,301.0,84.0,0.885185185,5.0,5.208,41863,365790.2,834718.0,25.63,88.66,37,1,-0.8660254037844385,-0.5000000000000004,0,0,0,0,0,0,0,0,0,1,0,0,0,0,0,0,0,0,0,0,0,0,0,0,0,0,0,0,0,0,0,0,0
5972,1954,9,35.6,26.0,227.0,81.0,0.753703704,3.2,5.184,41863,365790.2,834718.0,25.63,88.66,37,1,-1.0,-1.8369701987210297e-16,0,0,0,0,0,0,0,0,0,1,0,0,0,0,0,0,0,0,0,0,0,0,0,0,0,0,0,0,0,0,0,0,0
5981,1955,6,35.0,25.2,269.0,82.0,1.024074074,5.4,5.228,41863,365790.2,834718.0,25.63,88.66,37,1,1.2246467991473532e-16,-1.0,0,0,0,0,0,0,0,0,0,1,0,0,0,0,0,0,0,0,0,0,0,0,0,0,0,0,0,0,0,0,0,0,0
5982,1955,7,32.8,25.5,506.0,89.0,0.955555556,6.7,4.288,41863,365790.2,834718.0,25.63,88.66,37,1,-0.4999999999999997,-0.8660254037844388,0,0,0,0,0,0,0,0,0,1,0,0,0,0,0,0,0,0,0,0,0,0,0,0,0,0,0,0,0,0,0,0,0
5983,1955,8,36.7,25.4,627.0,88.0,0.885185185,5.7,5.208,41863,365790.2,834718.0,25.63,88.66,37,1,-0.8660254037844385,-0.5000000000000004,0,0,0,0,0,0,0,0,0,1,0,0,0,0,0,0,0,0,0,0,0,0,0,0,0,0,0,0,0,0,0,0,0
5984,1955,9,34.4,25.1,453.0,85.0,0.753703704,4.8,5.184,41863,365790.2,834718.0,25.63,88.66,37,1,-1.0,-1.8369701987210297e-16,0,0,0,0,0,0,0,0,0,1,0,0,0,0,0,0,0,0,0,0,0,0,0,0,0,0,0,0,0,0,0,0,0
5992,1956,5,36.1,24.3,162.0,78.0,1.027777778,4.5,6.848,41863,365790.2,834718.0,25.63,88.66,37,1,0.49999999999999994,-0.8660254037844387,0,0,0,0,0,0,0,0,0,1,0,0,0,0,0,0,0,0,0,0,0,0,0,0,0,0,0,0,0,0,0,0,0
5993,1956,6,35.0,24.5,449.0,85.0,1.024074074,6.1,5.228,41863,365790.2,834718.0,25.63,88.66,37,1,1.2246467991473532e-16,-1.0,0,0,0,0,0,0,0,0,0,1,0,0,0,0,0,0,0,0,0,0,0,0,0,0,0,0,0,0,0,0,0,0,0
5994,1956,7,35.0,25.2,404.0,82.0,0.955555556,5.3,4.288,41863,365790.2,834718.0,25.63,88.66,37,1,-0.4999999999999997,-0.8660254037844388,0,0,0,0,0,0,0,0,0,1,0,0,0,0,0,0,0,0,0,0,0,0,0,0,0,0,0,0,0,0,0,0,0
5995,1956,8,35.0,25.0,634.0,86.0,0.885185185,6.2,5.208,41863,365790.2,834718.0,25.63,88.66,37,1,-0.8660254037844385,-0.5000000000000004,0,0,0,0,0,0,0,0,0,1,0,0,0,0,0,0,0,0,0,0,0,0,0,0,0,0,0,0,0,0,0,0,0
5996,1956,9,35.0,24.4,217.0,84.0,0.753703704,4.5,5.184,41863,365790.2,834718.0,25.63,88.66,37,1,-1.0,-1.8369701987210297e-16,0,0,0,0,0,0,0,0,0,1,0,0,0,0,0,0,0,0,0,0,0,0,0,0,0,0,0,0,0,0,0,0,0
5997,1956,10,36.1,21.6,221.0,83.0,0.542592593,3.0,6.916,41863,365790.2,834718.0,25.63,88.66,37,1,-0.8660254037844386,0.5000000000000001,0,0,0,0,0,0,0,0,0,1,0,0,0,0,0,0,0,0,0,0,0,0,0,0,0,0,0,0,0,0,0,0,0
6005,1957,6,37.2,23.9,240.0,77.0,1.024074074,4.9,5.228,41863,365790.2,834718.0,25.63,88.66,37,1,1.2246467991473532e-16,-1.0,0,0,0,0,0,0,0,0,0,1,0,0,0,0,0,0,0,0,0,0,0,0,0,0,0,0,0,0,0,0,0,0,0
6006,1957,7,34.4,24.1,449.0,85.0,0.955555556,6.2,4.288,41863,365790.2,834718.0,25.63,88.66,37,1,-0.4999999999999997,-0.8660254037844388,0,0,0,0,0,0,0,0,0,1,0,0,0,0,0,0,0,0,0,0,0,0,0,0,0,0,0,0,0,0,0,0,0
6007,1957,8,36.7,23.5,218.0,85.0,0.885185185,5.0,5.208,41863,365790.2,834718.0,25.63,88.66,37,1,-0.8660254037844385,-0.5000000000000004,0,0,0,0,0,0,0,0,0,1,0,0,0,0,0,0,0,0,0,0,0,0,0,0,0,0,0,0,0,0,0,0,0
6017,1958,6,37.2,25.6,346.0,77.0,1.024074074,4.0,5.228,41863,365790.2,834718.0,25.63,88.66,37,1,1.2246467991473532e-16,-1.0,0,0,0,0,0,0,0,0,0,1,0,0,0,0,0,0,0,0,0,0,0,0,0,0,0,0,0,0,0,0,0,0,0
6018,1958,7,35.0,26.6,207.0,84.0,0.955555556,5.2,4.288,41863,365790.2,834718.0,25.63,88.66,37,1,-0.4999999999999997,-0.8660254037844388,0,0,0,0,0,0,0,0,0,1,0,0,0,0,0,0,0,0,0,0,0,0,0,0,0,0,0,0,0,0,0,0,0
6019,1958,8,34.4,25.9,502.0,89.0,0.885185185,6.5,5.208,41863,365790.2,834718.0,25.63,88.66,37,1,-0.8660254037844385,-0.5000000000000004,0,0,0,0,0,0,0,0,0,1,0,0,0,0,0,0,0,0,0,0,0,0,0,0,0,0,0,0,0,0,0,0,0
6020,1958,9,35.0,26.1,203.0,85.0,0.753703704,3.7,5.184,41863,365790.2,834718.0,25.63,88.66,37,1,-1.0,-1.8369701987210297e-16,0,0,0,0,0,0,0,0,0,1,0,0,0,0,0,0,0,0,0,0,0,0,0,0,0,0,0,0,0,0,0,0,0
6027,1959,4,37.2,22.6,133.0,67.0,1.155555556,1.2,7.424,41863,365790.2,834718.0,25.63,88.66,37,1,0.8660254037844387,-0.4999999999999998,0,0,0,0,0,0,0,0,0,1,0,0,0,0,0,0,0,0,0,0,0,0,0,0,0,0,0,0,0,0,0,0,0
6028,1959,5,36.7,24.1,166.0,75.0,1.027777778,4.2,6.848,41863,365790.2,834718.0,25.63,88.66,37,1,0.49999999999999994,-0.8660254037844387,0,0,0,0,0,0,0,0,0,1,0,0,0,0,0,0,0,0,0,0,0,0,0,0,0,0,0,0,0,0,0,0,0
6029,1959,6,35.6,25.3,293.0,84.0,1.024074074,6.0,5.228,41863,365790.2,834718.0,25.63,88.66,37,1,1.2246467991473532e-16,-1.0,0,0,0,0,0,0,0,0,0,1,0,0,0,0,0,0,0,0,0,0,0,0,0,0,0,0,0,0,0,0,0,0,0
6030,1959,7,35.6,26.3,234.0,84.0,0.955555556,4.9,4.288,41863,365790.2,834718.0,25.63,88.66,37,1,-0.4999999999999997,-0.8660254037844388,0,0,0,0,0,0,0,0,0,1,0,0,0,0,0,0,0,0,0,0,0,0,0,0,0,0,0,0,0,0,0,0,0
6031,1959,8,35.6,26.3,213.0,83.0,0.885185185,5.1,5.208,41863,365790.2,834718.0,25.63,88.66,37,1,-0.8660254037844385,-0.5000000000000004,0,0,0,0,0,0,0,0,0,1,0,0,0,0,0,0,0,0,0,0,0,0,0,0,0,0,0,0,0,0,0,0,0
6032,1959,9,36.7,25.6,119.0,85.0,0.753703704,4.5,5.184,41863,365790.2,834718.0,25.63,88.66,37,1,-1.0,-1.8369701987210297e-16,0,0,0,0,0,0,0,0,0,1,0,0,0,0,0,0,0,0,0,0,0,0,0,0,0,0,0,0,0,0,0,0,0
6033,1959,10,35.6,22.5,362.0,85.0,0.542592593,3.0,6.916,41863,365790.2,834718.0,25.63,88.66,37,1,-0.8660254037844386,0.5000000000000001,0,0,0,0,0,0,0,0,0,1,0,0,0,0,0,0,0,0,0,0,0,0,0,0,0,0,0,0,0,0,0,0,0
6040,1960,5,37.2,23.4,188.0,60.0,0.4,2.9,6.848,41863,365790.2,834718.0,25.63,88.66,37,1,0.49999999999999994,-0.8660254037844387,0,0,0,0,0,0,0,0,0,1,0,0,0,0,0,0,0,0,0,0,0,0,0,0,0,0,0,0,0,0,0,0,0
6041,1960,6,36.1,24.8,219.0,79.0,0.3,4.2,5.228,41863,365790.2,834718.0,25.63,88.66,37,1,1.2246467991473532e-16,-1.0,0,0,0,0,0,0,0,0,0,1,0,0,0,0,0,0,0,0,0,0,0,0,0,0,0,0,0,0,0,0,0,0,0
6042,1960,7,35.0,25.5,573.0,85.0,0.3,5.9,4.288,41863,365790.2,834718.0,25.63,88.66,37,1,-0.4999999999999997,-0.8660254037844388,0,0,0,0,0,0,0,0,0,1,0,0,0,0,0,0,0,0,0,0,0,0,0,0,0,0,0,0,0,0,0,0,0
6043,1960,8,35.6,26.1,146.0,84.0,0.2,5.6,5.208,41863,365790.2,834718.0,25.63,88.66,37,1,-0.8660254037844385,-0.5000000000000004,0,0,0,0,0,0,0,0,0,1,0,0,0,0,0,0,0,0,0,0,0,0,0,0,0,0,0,0,0,0,0,0,0
6044,1960,9,35.6,24.3,370.0,87.0,0.1,5.1,5.184,41863,365790.2,834718.0,25.63,88.66,37,1,-1.0,-1.8369701987210297e-16,0,0,0,0,0,0,0,0,0,1,0,0,0,0,0,0,0,0,0,0,0,0,0,0,0,0,0,0,0,0,0,0,0
6053,1961,6,37.2,25.6,404.0,83.0,0.4,4.8,5.228,41863,365790.2,834718.0,25.63,88.66,37,1,1.2246467991473532e-16,-1.0,0,0,0,0,0,0,0,0,0,1,0,0,0,0,0,0,0,0,0,0,0,0,0,0,0,0,0,0,0,0,0,0,0
6054,1961,7,35.0,26.6,149.0,83.0,0.2,4.8,4.288,41863,365790.2,834718.0,25.63,88.66,37,1,-0.4999999999999997,-0.8660254037844388,0,0,0,0,0,0,0,0,0,1,0,0,0,0,0,0,0,0,0,0,0,0,0,0,0,0,0,0,0,0,0,0,0
6055,1961,8,35.0,26.6,192.0,85.0,0.2,5.6,5.208,41863,365790.2,834718.0,25.63,88.66,37,1,-0.8660254037844385,-0.5000000000000004,0,0,0,0,0,0,0,0,0,1,0,0,0,0,0,0,0,0,0,0,0,0,0,0,0,0,0,0,0,0,0,0,0
6056,1961,9,35.6,25.9,133.0,82.0,0.1,4.0,5.184,41863,365790.2,834718.0,25.63,88.66,37,1,-1.0,-1.8369701987210297e-16,0,0,0,0,0,0,0,0,0,1,0,0,0,0,0,0,0,0,0,0,0,0,0,0,0,0,0,0,0,0,0,0,0
6065,1962,6,35.6,24.9,193.0,81.0,0.3,5.5,5.228,41863,365790.2,834718.0,25.63,88.66,37,1,1.2246467991473532e-16,-1.0,0,0,0,0,0,0,0,0,0,1,0,0,0,0,0,0,0,0,0,0,0,0,0,0,0,0,0,0,0,0,0,0,0
6066,1962,7,36.1,25.5,179.0,84.0,0.2,5.0,4.288,41863,365790.2,834718.0,25.63,88.66,37,1,-0.4999999999999997,-0.8660254037844388,0,0,0,0,0,0,0,0,0,1,0,0,0,0,0,0,0,0,0,0,0,0,0,0,0,0,0,0,0,0,0,0,0
6067,1962,8,35.6,24.7,556.0,86.0,0.2,5.9,5.208,41863,365790.2,834718.0,25.63,88.66,37,1,-0.8660254037844385,-0.5000000000000004,0,0,0,0,0,0,0,0,0,1,0,0,0,0,0,0,0,0,0,0,0,0,0,0,0,0,0,0,0,0,0,0,0
6068,1962,9,37.2,24.7,347.0,83.0,0.2,3.6,5.184,41863,365790.2,834718.0,25.63,88.66,37,1,-1.0,-1.8369701987210297e-16,0,0,0,0,0,0,0,0,0,1,0,0,0,0,0,0,0,0,0,0,0,0,0,0,0,0,0,0,0,0,0,0,0
6077,1963,6,36.1,25.5,246.0,80.0,0.3,4.8,5.228,41863,365790.2,834718.0,25.63,88.66,37,1,1.2246467991473532e-16,-1.0,0,0,0,0,0,0,0,0,0,1,0,0,0,0,0,0,0,0,0,0,0,0,0,0,0,0,0,0,0,0,0,0,0
6078,1963,7,35.0,25.9,380.0,86.0,0.3,5.9,4.288,41863,365790.2,834718.0,25.63,88.66,37,1,-0.4999999999999997,-0.8660254037844388,0,0,0,0,0,0,0,0,0,1,0,0,0,0,0,0,0,0,0,0,0,0,0,0,0,0,0,0,0,0,0,0,0
6079,1963,8,33.3,26.5,287.0,86.0,0.5,5.7,5.208,41863,365790.2,834718.0,25.63,88.66,37,1,-0.8660254037844385,-0.5000000000000004,0,0,0,0,0,0,0,0,0,1,0,0,0,0,0,0,0,0,0,0,0,0,0,0,0,0,0,0,0,0,0,0,0
6080,1963,9,35.6,25.9,325.0,83.0,0.3,3.2,5.184,41863,365790.2,834718.0,25.63,88.66,37,1,-1.0,-1.8369701987210297e-16,0,0,0,0,0,0,0,0,0,1,0,0,0,0,0,0,0,0,0,0,0,0,0,0,0,0,0,0,0,0,0,0,0
6081,1963,10,33.3,22.9,185.0,82.0,0.1,1.7,6.916,41863,365790.2,834718.0,25.63,88.66,37,1,-0.8660254037844386,0.5000000000000001,0,0,0,0,0,0,0,0,0,1,0,0,0,0,0,0,0,0,0,0,0,0,0,0,0,0,0,0,0,0,0,0,0
6088,1964,5,37.2,23.2,231.0,73.0,0.5,2.7,6.848,41863,365790.2,834718.0,25.63,88.66,37,1,0.49999999999999994,-0.8660254037844387,0,0,0,0,0,0,0,0,0,1,0,0,0,0,0,0,0,0,0,0,0,0,0,0,0,0,0,0,0,0,0,0,0
6089,1964,6,37.2,25.5,363.0,81.0,0.7,4.8,5.228,41863,365790.2,834718.0,25.63,88.66,37,1,1.2246467991473532e-16,-1.0,0,0,0,0,0,0,0,0,0,1,0,0,0,0,0,0,0,0,0,0,0,0,0,0,0,0,0,0,0,0,0,0,0
6090,1964,7,36.4,25.6,555.0,88.0,0.4,6.1,4.288,41863,365790.2,834718.0,25.63,88.66,37,1,-0.4999999999999997,-0.8660254037844388,0,0,0,0,0,0,0,0,0,1,0,0,0,0,0,0,0,0,0,0,0,0,0,0,0,0,0,0,0,0,0,0,0
6091,1964,8,36.1,26.3,217.0,85.0,0.6,5.1,5.208,41863,365790.2,834718.0,25.63,88.66,37,1,-0.8660254037844385,-0.5000000000000004,0,0,0,0,0,0,0,0,0,1,0,0,0,0,0,0,0,0,0,0,0,0,0,0,0,0,0,0,0,0,0,0,0
6092,1964,9,35.0,25.8,316.0,85.0,0.2,4.3,5.184,41863,365790.2,834718.0,25.63,88.66,37,1,-1.0,-1.8369701987210297e-16,0,0,0,0,0,0,0,0,0,1,0,0,0,0,0,0,0,0,0,0,0,0,0,0,0,0,0,0,0,0,0,0,0
6093,1964,10,34.4,23.8,219.0,83.0,0.3,2.9,6.916,41863,365790.2,834718.0,25.63,88.66,37,1,-0.8660254037844386,0.5000000000000001,0,0,0,0,0,0,0,0,0,1,0,0,0,0,0,0,0,0,0,0,0,0,0,0,0,0,0,0,0,0,0,0,0
6101,1965,6,37.2,25.6,1054.0,82.0,0.9,5.4,5.228,41863,365790.2,834718.0,25.63,88.66,37,1,1.2246467991473532e-16,-1.0,0,0,0,0,0,0,0,0,0,1,0,0,0,0,0,0,0,0,0,0,0,0,0,0,0,0,0,0,0,0,0,0,0
6102,1965,7,33.3,26.0,460.0,85.0,0.9,5.6,4.288,41863,365790.2,834718.0,25.63,88.66,37,1,-0.4999999999999997,-0.8660254037844388,0,0,0,0,0,0,0,0,0,1,0,0,0,0,0,0,0,0,0,0,0,0,0,0,0,0,0,0,0,0,0,0,0
6103,1965,8,34.1,25.5,718.0,87.0,0.8,6.1,5.208,41863,365790.2,834718.0,25.63,88.66,37,1,-0.8660254037844385,-0.5000000000000004,0,0,0,0,0,0,0,0,0,1,0,0,0,0,0,0,0,0,0,0,0,0,0,0,0,0,0,0,0,0,0,0,0
6104,1965,9,35.2,25.4,334.0,85.0,0.6,4.7,5.184,41863,365790.2,834718.0,25.63,88.66,37,1,-1.0,-1.8369701987210297e-16,0,0,0,0,0,0,0,0,0,1,0,0,0,0,0,0,0,0,0,0,0,0,0,0,0,0,0,0,0,0,0,0,0
6114,1966,7,34.4,26.1,602.0,87.0,1.3,5.9,4.288,41863,365790.2,834718.0,25.63,88.66,37,1,-0.4999999999999997,-0.8660254037844388,0,0,0,0,0,0,0,0,0,1,0,0,0,0,0,0,0,0,0,0,0,0,0,0,0,0,0,0,0,0,0,0,0
6115,1966,8,33.4,26.2,264.0,89.0,0.8,6.0,5.208,41863,365790.2,834718.0,25.63,88.66,37,1,-0.8660254037844385,-0.5000000000000004,0,0,0,0,0,0,0,0,0,1,0,0,0,0,0,0,0,0,0,0,0,0,0,0,0,0,0,0,0,0,0,0,0
6116,1966,9,34.7,25.1,266.0,84.0,0.5,3.6,5.184,41863,365790.2,834718.0,25.63,88.66,37,1,-1.0,-1.8369701987210297e-16,0,0,0,0,0,0,0,0,0,1,0,0,0,0,0,0,0,0,0,0,0,0,0,0,0,0,0,0,0,0,0,0,0
6125,1967,6,36.1,26.4,226.0,78.0,0.9,4.3,5.228,41863,365790.2,834718.0,25.63,88.66,37,1,1.2246467991473532e-16,-1.0,0,0,0,0,0,0,0,0,0,1,0,0,0,0,0,0,0,0,0,0,0,0,0,0,0,0,0,0,0,0,0,0,0
6126,1967,7,33.9,26.7,328.0,85.0,0.8,5.1,4.288,41863,365790.2,834718.0,25.63,88.66,37,1,-0.4999999999999997,-0.8660254037844388,0,0,0,0,0,0,0,0,0,1,0,0,0,0,0,0,0,0,0,0,0,0,0,0,0,0,0,0,0,0,0,0,0
6127,1967,8,34.4,26.1,172.0,81.0,1.1,5.0,5.208,41863,365790.2,834718.0,25.63,88.66,37,1,-0.8660254037844385,-0.5000000000000004,0,0,0,0,0,0,0,0,0,1,0,0,0,0,0,0,0,0,0,0,0,0,0,0,0,0,0,0,0,0,0,0,0
6128,1967,9,33.9,25.8,407.0,83.0,0.8,3.7,5.184,41863,365790.2,834718.0,25.63,88.66,37,1,-1.0,-1.8369701987210297e-16,0,0,0,0,0,0,0,0,0,1,0,0,0,0,0,0,0,0,0,0,0,0,0,0,0,0,0,0,0,0,0,0,0
6136,1968,5,37.4,23.8,154.0,64.0,1.1,3.3,6.848,41863,365790.2,834718.0,25.63,88.66,37,1,0.49999999999999994,-0.8660254037844387,0,0,0,0,0,0,0,0,0,1,0,0,0,0,0,0,0,0,0,0,0,0,0,0,0,0,0,0,0,0,0,0,0
6137,1968,6,37.2,25.1,507.0,84.0,0.9,5.8,5.228,41863,365790.2,834718.0,25.63,88.66,37,1,1.2246467991473532e-16,-1.0,0,0,0,0,0,0,0,0,0,1,0,0,0,0,0,0,0,0,0,0,0,0,0,0,0,0,0,0,0,0,0,0,0
6138,1968,7,32.8,25.9,533.0,87.0,0.8,6.0,4.288,41863,365790.2,834718.0,25.63,88.66,37,1,-0.4999999999999997,-0.8660254037844388,0,0,0,0,0,0,0,0,0,1,0,0,0,0,0,0,0,0,0,0,0,0,0,0,0,0,0,0,0,0,0,0,0
6139,1968,8,33.9,26.3,203.0,85.0,0.5,4.7,5.208,41863,365790.2,834718.0,25.63,88.66,37,1,-0.8660254037844385,-0.5000000000000004,0,0,0,0,0,0,0,0,0,1,0,0,0,0,0,0,0,0,0,0,0,0,0,0,0,0,0,0,0,0,0,0,0
6141,1968,10,32.5,22.1,255.0,77.0,0.5,2.1,6.916,41863,365790.2,834718.0,25.63,88.66,37,1,-0.8660254037844386,0.5000000000000001,0,0,0,0,0,0,0,0,0,1,0,0,0,0,0,0,0,0,0,0,0,0,0,0,0,0,0,0,0,0,0,0,0
6148,1969,5,36.7,24.5,148.0,71.0,0.7,2.1,6.848,41863,365790.2,834718.0,25.63,88.66,37,1,0.49999999999999994,-0.8660254037844387,0,0,0,0,0,0,0,0,0,1,0,0,0,0,0,0,0,0,0,0,0,0,0,0,0,0,0,0,0,0,0,0,0
6149,1969,6,35.6,25.7,362.0,85.0,0.9,5.3,5.228,41863,365790.2,834718.0,25.63,88.66,37,1,1.2246467991473532e-16,-1.0,0,0,0,0,0,0,0,0,0,1,0,0,0,0,0,0,0,0,0,0,0,0,0,0,0,0,0,0,0,0,0,0,0
6150,1969,7,36.7,26.8,592.0,87.0,0.9,4.9,4.288,41863,365790.2,834718.0,25.63,88.66,37,1,-0.4999999999999997,-0.8660254037844388,0,0,0,0,0,0,0,0,0,1,0,0,0,0,0,0,0,0,0,0,0,0,0,0,0,0,0,0,0,0,0,0,0
6151,1969,8,33.9,26.2,373.0,87.0,0.9,5.6,5.208,41863,365790.2,834718.0,25.63,88.66,37,1,-0.8660254037844385,-0.5000000000000004,0,0,0,0,0,0,0,0,0,1,0,0,0,0,0,0,0,0,0,0,0,0,0,0,0,0,0,0,0,0,0,0,0
6152,1969,9,35.0,25.4,276.0,84.0,0.8,3.8,5.184,41863,365790.2,834718.0,25.63,88.66,37,1,-1.0,-1.8369701987210297e-16,0,0,0,0,0,0,0,0,0,1,0,0,0,0,0,0,0,0,0,0,0,0,0,0,0,0,0,0,0,0,0,0,0
6161,1970,6,36.7,25.7,253.0,83.0,0.8,5.7,5.228,41863,365790.2,834718.0,25.63,88.66,37,1,1.2246467991473532e-16,-1.0,0,0,0,0,0,0,0,0,0,1,0,0,0,0,0,0,0,0,0,0,0,0,0,0,0,0,0,0,0,0,0,0,0
6162,1970,7,35.0,26.0,586.0,87.0,0.6,6.1,4.288,41863,365790.2,834718.0,25.63,88.66,37,1,-0.4999999999999997,-0.8660254037844388,0,0,0,0,0,0,0,0,0,1,0,0,0,0,0,0,0,0,0,0,0,0,0,0,0,0,0,0,0,0,0,0,0
6163,1970,8,35.6,26.8,126.0,85.0,0.7,4.7,5.208,41863,365790.2,834718.0,25.63,88.66,37,1,-0.8660254037844385,-0.5000000000000004,0,0,0,0,0,0,0,0,0,1,0,0,0,0,0,0,0,0,0,0,0,0,0,0,0,0,0,0,0,0,0,0,0
6164,1970,9,35.0,25.8,217.0,86.0,0.9,4.8,5.184,41863,365790.2,834718.0,25.63,88.66,37,1,-1.0,-1.8369701987210297e-16,0,0,0,0,0,0,0,0,0,1,0,0,0,0,0,0,0,0,0,0,0,0,0,0,0,0,0,0,0,0,0,0,0
6172,1971,5,33.3,23.5,162.0,72.0,1.0,3.7,6.848,41863,365790.2,834718.0,25.63,88.66,37,1,0.49999999999999994,-0.8660254037844387,0,0,0,0,0,0,0,0,0,1,0,0,0,0,0,0,0,0,0,0,0,0,0,0,0,0,0,0,0,0,0,0,0
6173,1971,6,33.4,25.4,339.0,82.0,1.0,5.4,5.228,41863,365790.2,834718.0,25.63,88.66,37,1,1.2246467991473532e-16,-1.0,0,0,0,0,0,0,0,0,0,1,0,0,0,0,0,0,0,0,0,0,0,0,0,0,0,0,0,0,0,0,0,0,0
6174,1971,7,32.2,25.9,422.0,85.0,0.9,5.9,4.288,41863,365790.2,834718.0,25.63,88.66,37,1,-0.4999999999999997,-0.8660254037844388,0,0,0,0,0,0,0,0,0,1,0,0,0,0,0,0,0,0,0,0,0,0,0,0,0,0,0,0,0,0,0,0,0
6175,1971,8,33.3,25.7,295.0,84.0,1.0,5.7,5.208,41863,365790.2,834718.0,25.63,88.66,37,1,-0.8660254037844385,-0.5000000000000004,0,0,0,0,0,0,0,0,0,1,0,0,0,0,0,0,0,0,0,0,0,0,0,0,0,0,0,0,0,0,0,0,0
6177,1971,10,32.8,23.2,302.0,80.0,0.7,2.8,6.916,41863,365790.2,834718.0,25.63,88.66,37,1,-0.8660254037844386,0.5000000000000001,0,0,0,0,0,0,0,0,0,1,0,0,0,0,0,0,0,0,0,0,0,0,0,0,0,0,0,0,0,0,0,0,0
6184,1972,5,33.3,23.5,162.0,72.0,1.0,3.7,6.848,41863,365790.2,834718.0,25.63,88.66,37,1,0.49999999999999994,-0.8660254037844387,0,0,0,0,0,0,0,0,0,1,0,0,0,0,0,0,0,0,0,0,0,0,0,0,0,0,0,0,0,0,0,0,0
6185,1972,6,37.5,25.6,171.0,82.0,1.0,4.6,5.228,41863,365790.2,834718.0,25.63,88.66,37,1,1.2246467991473532e-16,-1.0,0,0,0,0,0,0,0,0,0,1,0,0,0,0,0,0,0,0,0,0,0,0,0,0,0,0,0,0,0,0,0,0,0
6186,1972,7,37.2,26.3,264.0,85.0,0.8,5.5,4.288,41863,365790.2,834718.0,25.63,88.66,37,1,-0.4999999999999997,-0.8660254037844388,0,0,0,0,0,0,0,0,0,1,0,0,0,0,0,0,0,0,0,0,0,0,0,0,0,0,0,0,0,0,0,0,0
6187,1972,8,36.4,25.9,371.0,84.0,0.8,4.5,5.208,41863,365790.2,834718.0,25.63,88.66,37,1,-0.8660254037844385,-0.5000000000000004,0,0,0,0,0,0,0,0,0,1,0,0,0,0,0,0,0,0,0,0,0,0,0,0,0,0,0,0,0,0,0,0,0
6196,1973,5,33.3,23.5,162.0,72.0,1.0,3.7,6.848,41863,365790.2,834718.0,25.63,88.66,37,1,0.49999999999999994,-0.8660254037844387,0,0,0,0,0,0,0,0,0,1,0,0,0,0,0,0,0,0,0,0,0,0,0,0,0,0,0,0,0,0,0,0,0
6197,1973,6,33.4,25.4,339.0,82.0,1.0,5.4,5.228,41863,365790.2,834718.0,25.63,88.66,37,1,1.2246467991473532e-16,-1.0,0,0,0,0,0,0,0,0,0,1,0,0,0,0,0,0,0,0,0,0,0,0,0,0,0,0,0,0,0,0,0,0,0
6198,1973,7,32.2,25.9,422.0,85.0,0.9,5.9,4.288,41863,365790.2,834718.0,25.63,88.66,37,1,-0.4999999999999997,-0.8660254037844388,0,0,0,0,0,0,0,0,0,1,0,0,0,0,0,0,0,0,0,0,0,0,0,0,0,0,0,0,0,0,0,0,0
6199,1973,8,32.6,26.0,336.0,84.0,0.8,5.6,5.208,41863,365790.2,834718.0,25.63,88.66,37,1,-0.8660254037844385,-0.5000000000000004,0,0,0,0,0,0,0,0,0,1,0,0,0,0,0,0,0,0,0,0,0,0,0,0,0,0,0,0,0,0,0,0,0
6200,1973,9,32.4,25.1,302.0,84.0,0.7,4.7,5.184,41863,365790.2,834718.0,25.63,88.66,37,1,-1.0,-1.8369701987210297e-16,0,0,0,0,0,0,0,0,0,1,0,0,0,0,0,0,0,0,0,0,0,0,0,0,0,0,0,0,0,0,0,0,0
6208,1974,5,33.3,23.5,162.0,72.0,1.0,3.7,6.848,41863,365790.2,834718.0,25.63,88.66,37,1,0.49999999999999994,-0.8660254037844387,0,0,0,0,0,0,0,0,0,1,0,0,0,0,0,0,0,0,0,0,0,0,0,0,0,0,0,0,0,0,0,0,0
6209,1974,6,33.4,25.4,339.0,82.0,1.0,5.4,5.228,41863,365790.2,834718.0,25.63,88.66,37,1,1.2246467991473532e-16,-1.0,0,0,0,0,0,0,0,0,0,1,0,0,0,0,0,0,0,0,0,0,0,0,0,0,0,0,0,0,0,0,0,0,0
6210,1974,7,32.2,25.9,422.0,85.0,0.9,5.9,4.288,41863,365790.2,834718.0,25.63,88.66,37,1,-0.4999999999999997,-0.8660254037844388,0,0,0,0,0,0,0,0,0,1,0,0,0,0,0,0,0,0,0,0,0,0,0,0,0,0,0,0,0,0,0,0,0
6211,1974,8,32.6,26.0,336.0,84.0,0.8,5.6,5.208,41863,365790.2,834718.0,25.63,88.66,37,1,-0.8660254037844385,-0.5000000000000004,0,0,0,0,0,0,0,0,0,1,0,0,0,0,0,0,0,0,0,0,0,0,0,0,0,0,0,0,0,0,0,0,0
6212,1974,9,32.4,25.1,302.0,84.0,0.7,4.7,5.184,41863,365790.2,834718.0,25.63,88.66,37,1,-1.0,-1.8369701987210297e-16,0,0,0,0,0,0,0,0,0,1,0,0,0,0,0,0,0,0,0,0,0,0,0,0,0,0,0,0,0,0,0,0,0
6220,1975,5,33.3,23.5,162.0,72.0,1.0,3.7,6.848,41863,365790.2,834718.0,25.63,88.66,37,1,0.49999999999999994,-0.8660254037844387,0,0,0,0,0,0,0,0,0,1,0,0,0,0,0,0,0,0,0,0,0,0,0,0,0,0,0,0,0,0,0,0,0
6221,1975,6,33.4,25.4,339.0,82.0,1.0,5.4,5.228,41863,365790.2,834718.0,25.63,88.66,37,1,1.2246467991473532e-16,-1.0,0,0,0,0,0,0,0,0,0,1,0,0,0,0,0,0,0,0,0,0,0,0,0,0,0,0,0,0,0,0,0,0,0
6222,1975,7,32.2,25.9,422.0,85.0,0.9,5.9,4.288,41863,365790.2,834718.0,25.63,88.66,37,1,-0.4999999999999997,-0.8660254037844388,0,0,0,0,0,0,0,0,0,1,0,0,0,0,0,0,0,0,0,0,0,0,0,0,0,0,0,0,0,0,0,0,0
6223,1975,8,32.6,26.0,336.0,84.0,0.8,5.6,5.208,41863,365790.2,834718.0,25.63,88.66,37,1,-0.8660254037844385,-0.5000000000000004,0,0,0,0,0,0,0,0,0,1,0,0,0,0,0,0,0,0,0,0,0,0,0,0,0,0,0,0,0,0,0,0,0
6224,1975,9,32.4,25.1,302.0,84.0,0.7,4.7,5.184,41863,365790.2,834718.0,25.63,88.66,37,1,-1.0,-1.8369701987210297e-16,0,0,0,0,0,0,0,0,0,1,0,0,0,0,0,0,0,0,0,0,0,0,0,0,0,0,0,0,0,0,0,0,0
6232,1976,5,33.3,23.5,162.0,72.0,1.0,3.7,6.848,41863,365790.2,834718.0,25.63,88.66,37,1,0.49999999999999994,-0.8660254037844387,0,0,0,0,0,0,0,0,0,1,0,0,0,0,0,0,0,0,0,0,0,0,0,0,0,0,0,0,0,0,0,0,0
6233,1976,6,33.4,25.4,339.0,82.0,1.0,5.4,5.228,41863,365790.2,834718.0,25.63,88.66,37,1,1.2246467991473532e-16,-1.0,0,0,0,0,0,0,0,0,0,1,0,0,0,0,0,0,0,0,0,0,0,0,0,0,0,0,0,0,0,0,0,0,0
6234,1976,7,32.2,25.9,422.0,85.0,0.9,5.9,4.288,41863,365790.2,834718.0,25.63,88.66,37,1,-0.4999999999999997,-0.8660254037844388,0,0,0,0,0,0,0,0,0,1,0,0,0,0,0,0,0,0,0,0,0,0,0,0,0,0,0,0,0,0,0,0,0
6235,1976,8,32.6,26.0,336.0,84.0,0.8,5.6,5.208,41863,365790.2,834718.0,25.63,88.66,37,1,-0.8660254037844385,-0.5000000000000004,0,0,0,0,0,0,0,0,0,1,0,0,0,0,0,0,0,0,0,0,0,0,0,0,0,0,0,0,0,0,0,0,0
6236,1976,9,32.4,25.1,302.0,84.0,0.7,4.7,5.184,41863,365790.2,834718.0,25.63,88.66,37,1,-1.0,-1.8369701987210297e-16,0,0,0,0,0,0,0,0,0,1,0,0,0,0,0,0,0,0,0,0,0,0,0,0,0,0,0,0,0,0,0,0,0
6244,1977,5,33.3,23.5,162.0,72.0,1.0,3.7,6.848,41863,365790.2,834718.0,25.63,88.66,37,1,0.49999999999999994,-0.8660254037844387,0,0,0,0,0,0,0,0,0,1,0,0,0,0,0,0,0,0,0,0,0,0,0,0,0,0,0,0,0,0,0,0,0
6245,1977,6,33.4,25.4,339.0,82.0,1.0,5.4,5.228,41863,365790.2,834718.0,25.63,88.66,37,1,1.2246467991473532e-16,-1.0,0,0,0,0,0,0,0,0,0,1,0,0,0,0,0,0,0,0,0,0,0,0,0,0,0,0,0,0,0,0,0,0,0
6246,1977,7,32.2,25.9,422.0,85.0,0.9,5.9,4.288,41863,365790.2,834718.0,25.63,88.66,37,1,-0.4999999999999997,-0.8660254037844388,0,0,0,0,0,0,0,0,0,1,0,0,0,0,0,0,0,0,0,0,0,0,0,0,0,0,0,0,0,0,0,0,0
6247,1977,8,32.6,26.0,336.0,84.0,0.8,5.6,5.208,41863,365790.2,834718.0,25.63,88.66,37,1,-0.8660254037844385,-0.5000000000000004,0,0,0,0,0,0,0,0,0,1,0,0,0,0,0,0,0,0,0,0,0,0,0,0,0,0,0,0,0,0,0,0,0
6248,1977,9,32.4,25.1,302.0,84.0,0.7,4.7,5.184,41863,365790.2,834718.0,25.63,88.66,37,1,-1.0,-1.8369701987210297e-16,0,0,0,0,0,0,0,0,0,1,0,0,0,0,0,0,0,0,0,0,0,0,0,0,0,0,0,0,0,0,0,0,0
6256,1978,5,33.3,23.5,162.0,72.0,1.0,3.7,6.848,41863,365790.2,834718.0,25.63,88.66,37,1,0.49999999999999994,-0.8660254037844387,0,0,0,0,0,0,0,0,0,1,0,0,0,0,0,0,0,0,0,0,0,0,0,0,0,0,0,0,0,0,0,0,0
6257,1978,6,33.4,25.4,339.0,82.0,1.0,5.4,5.228,41863,365790.2,834718.0,25.63,88.66,37,1,1.2246467991473532e-16,-1.0,0,0,0,0,0,0,0,0,0,1,0,0,0,0,0,0,0,0,0,0,0,0,0,0,0,0,0,0,0,0,0,0,0
6258,1978,7,32.2,25.9,422.0,85.0,0.9,5.9,4.288,41863,365790.2,834718.0,25.63,88.66,37,1,-0.4999999999999997,-0.8660254037844388,0,0,0,0,0,0,0,0,0,1,0,0,0,0,0,0,0,0,0,0,0,0,0,0,0,0,0,0,0,0,0,0,0
6259,1978,8,32.6,26.0,336.0,84.0,0.8,5.6,5.208,41863,365790.2,834718.0,25.63,88.66,37,1,-0.8660254037844385,-0.5000000000000004,0,0,0,0,0,0,0,0,0,1,0,0,0,0,0,0,0,0,0,0,0,0,0,0,0,0,0,0,0,0,0,0,0
6260,1978,9,32.4,25.1,302.0,84.0,0.7,4.7,5.184,41863,365790.2,834718.0,25.63,88.66,37,1,-1.0,-1.8369701987210297e-16,0,0,0,0,0,0,0,0,0,1,0,0,0,0,0,0,0,0,0,0,0,0,0,0,0,0,0,0,0,0,0,0,0
6268,1979,5,33.3,23.5,162.0,72.0,1.0,3.7,6.848,41863,365790.2,834718.0,25.63,88.66,37,1,0.49999999999999994,-0.8660254037844387,0,0,0,0,0,0,0,0,0,1,0,0,0,0,0,0,0,0,0,0,0,0,0,0,0,0,0,0,0,0,0,0,0
6269,1979,6,33.4,25.4,339.0,82.0,1.0,5.4,5.228,41863,365790.2,834718.0,25.63,88.66,37,1,1.2246467991473532e-16,-1.0,0,0,0,0,0,0,0,0,0,1,0,0,0,0,0,0,0,0,0,0,0,0,0,0,0,0,0,0,0,0,0,0,0
6270,1979,7,32.2,25.9,422.0,85.0,0.9,5.9,4.288,41863,365790.2,834718.0,25.63,88.66,37,1,-0.4999999999999997,-0.8660254037844388,0,0,0,0,0,0,0,0,0,1,0,0,0,0,0,0,0,0,0,0,0,0,0,0,0,0,0,0,0,0,0,0,0
6271,1979,8,32.6,26.0,336.0,84.0,0.8,5.6,5.208,41863,365790.2,834718.0,25.63,88.66,37,1,-0.8660254037844385,-0.5000000000000004,0,0,0,0,0,0,0,0,0,1,0,0,0,0,0,0,0,0,0,0,0,0,0,0,0,0,0,0,0,0,0,0,0
6272,1979,9,32.4,25.1,302.0,84.0,0.7,4.7,5.184,41863,365790.2,834718.0,25.63,88.66,37,1,-1.0,-1.8369701987210297e-16,0,0,0,0,0,0,0,0,0,1,0,0,0,0,0,0,0,0,0,0,0,0,0,0,0,0,0,0,0,0,0,0,0
6280,1980,5,33.6,23.5,162.0,72.0,1.0,3.7,6.848,41863,365790.2,834718.0,25.63,88.66,37,1,0.49999999999999994,-0.8660254037844387,0,0,0,0,0,0,0,0,0,1,0,0,0,0,0,0,0,0,0,0,0,0,0,0,0,0,0,0,0,0,0,0,0
6281,1980,6,33.8,25.5,339.0,82.0,1.0,5.4,5.228,41863,365790.2,834718.0,25.63,88.66,37,1,1.2246467991473532e-16,-1.0,0,0,0,0,0,0,0,0,0,1,0,0,0,0,0,0,0,0,0,0,0,0,0,0,0,0,0,0,0,0,0,0,0
6282,1980,7,32.3,26.0,422.0,85.0,0.9,5.9,4.288,41863,365790.2,834718.0,25.63,88.66,37,1,-0.4999999999999997,-0.8660254037844388,0,0,0,0,0,0,0,0,0,1,0,0,0,0,0,0,0,0,0,0,0,0,0,0,0,0,0,0,0,0,0,0,0
6283,1980,8,33.0,26.1,336.0,84.0,0.8,5.6,5.208,41863,365790.2,834718.0,25.63,88.66,37,1,-0.8660254037844385,-0.5000000000000004,0,0,0,0,0,0,0,0,0,1,0,0,0,0,0,0,0,0,0,0,0,0,0,0,0,0,0,0,0,0,0,0,0
6284,1980,9,32.4,25.2,302.0,84.0,0.7,4.7,5.184,41863,365790.2,834718.0,25.63,88.66,37,1,-1.0,-1.8369701987210297e-16,0,0,0,0,0,0,0,0,0,1,0,0,0,0,0,0,0,0,0,0,0,0,0,0,0,0,0,0,0,0,0,0,0
6292,1981,5,36.0,23.6,595.0,72.0,2.4,4.9,6.848,41863,365790.2,834718.0,25.63,88.66,37,1,0.49999999999999994,-0.8660254037844387,0,0,0,0,0,0,0,0,0,1,0,0,0,0,0,0,0,0,0,0,0,0,0,0,0,0,0,0,0,0,0,0,0
6294,1981,7,32.5,26.1,715.0,85.0,3.0,7.0,4.288,41863,365790.2,834718.0,25.63,88.66,37,1,-0.4999999999999997,-0.8660254037844388,0,0,0,0,0,0,0,0,0,1,0,0,0,0,0,0,0,0,0,0,0,0,0,0,0,0,0,0,0,0,0,0,0
6295,1981,8,33.0,26.2,289.0,84.0,1.5,6.9,5.208,41863,365790.2,834718.0,25.63,88.66,37,1,-0.8660254037844385,-0.5000000000000004,0,0,0,0,0,0,0,0,0,1,0,0,0,0,0,0,0,0,0,0,0,0,0,0,0,0,0,0,0,0,0,0,0
6296,1981,9,33.0,25.3,214.0,84.0,0.5,6.0,5.184,41863,365790.2,834718.0,25.63,88.66,37,1,-1.0,-1.8369701987210297e-16,0,0,0,0,0,0,0,0,0,1,0,0,0,0,0,0,0,0,0,0,0,0,0,0,0,0,0,0,0,0,0,0,0
6305,1982,6,34.9,24.9,264.0,81.0,0.8,6.1,5.228,41863,365790.2,834718.0,25.63,88.66,37,1,1.2246467991473532e-16,-1.0,0,0,0,0,0,0,0,0,0,1,0,0,0,0,0,0,0,0,0,0,0,0,0,0,0,0,0,0,0,0,0,0,0
6306,1982,7,34.9,25.6,260.0,84.0,0.7,6.4,4.288,41863,365790.2,834718.0,25.63,88.66,37,1,-0.4999999999999997,-0.8660254037844388,0,0,0,0,0,0,0,0,0,1,0,0,0,0,0,0,0,0,0,0,0,0,0,0,0,0,0,0,0,0,0,0,0
6307,1982,8,33.8,25.7,361.0,82.0,1.4,6.3,5.208,41863,365790.2,834718.0,25.63,88.66,37,1,-0.8660254037844385,-0.5000000000000004,0,0,0,0,0,0,0,0,0,1,0,0,0,0,0,0,0,0,0,0,0,0,0,0,0,0,0,0,0,0,0,0,0
6308,1982,9,35.5,25.1,164.0,80.0,0.5,4.6,5.184,41863,365790.2,834718.0,25.63,88.66,37,1,-1.0,-1.8369701987210297e-16,0,0,0,0,0,0,0,0,0,1,0,0,0,0,0,0,0,0,0,0,0,0,0,0,0,0,0,0,0,0,0,0,0
6316,1983,5,37.5,22.4,311.0,74.0,0.7,4.3,6.848,41863,365790.2,834718.0,25.63,88.66,37,1,0.49999999999999994,-0.8660254037844387,0,0,0,0,0,0,0,0,0,1,0,0,0,0,0,0,0,0,0,0,0,0,0,0,0,0,0,0,0,0,0,0,0
6317,1983,6,36.7,25.2,157.0,76.0,0.8,4.4,5.228,41863,365790.2,834718.0,25.63,88.66,37,1,1.2246467991473532e-16,-1.0,0,0,0,0,0,0,0,0,0,1,0,0,0,0,0,0,0,0,0,0,0,0,0,0,0,0,0,0,0,0,0,0,0
6318,1983,7,35.5,25.4,700.0,84.0,0.7,6.0,4.288,41863,365790.2,834718.0,25.63,88.66,37,1,-0.4999999999999997,-0.8660254037844388,0,0,0,0,0,0,0,0,0,1,0,0,0,0,0,0,0,0,0,0,0,0,0,0,0,0,0,0,0,0,0,0,0
6319,1983,8,35.5,25.7,363.0,81.0,1.1,5.2,5.208,41863,365790.2,834718.0,25.63,88.66,37,1,-0.8660254037844385,-0.5000000000000004,0,0,0,0,0,0,0,0,0,1,0,0,0,0,0,0,0,0,0,0,0,0,0,0,0,0,0,0,0,0,0,0,0
6320,1983,9,34.0,25.0,320.0,86.0,0.8,5.6,5.184,41863,365790.2,834718.0,25.63,88.66,37,1,-1.0,-1.8369701987210297e-16,0,0,0,0,0,0,0,0,0,1,0,0,0,0,0,0,0,0,0,0,0,0,0,0,0,0,0,0,0,0,0,0,0
6321,1983,10,35.5,22.2,177.0,79.0,0.8,3.5,6.916,41863,365790.2,834718.0,25.63,88.66,37,1,-0.8660254037844386,0.5000000000000001,0,0,0,0,0,0,0,0,0,1,0,0,0,0,0,0,0,0,0,0,0,0,0,0,0,0,0,0,0,0,0,0,0
6328,1984,5,36.7,23.0,311.0,82.0,1.1,5.8,6.848,41863,365790.2,834718.0,25.63,88.66,37,1,0.49999999999999994,-0.8660254037844387,0,0,0,0,0,0,0,0,0,1,0,0,0,0,0,0,0,0,0,0,0,0,0,0,0,0,0,0,0,0,0,0,0
6329,1984,6,36.0,25.3,457.0,82.0,1.3,5.5,5.228,41863,365790.2,834718.0,25.63,88.66,37,1,1.2246467991473532e-16,-1.0,0,0,0,0,0,0,0,0,0,1,0,0,0,0,0,0,0,0,0,0,0,0,0,0,0,0,0,0,0,0,0,0,0
6330,1984,7,33.5,25.0,470.0,85.0,0.9,6.5,4.288,41863,365790.2,834718.0,25.63,88.66,37,1,-0.4999999999999997,-0.8660254037844388,0,0,0,0,0,0,0,0,0,1,0,0,0,0,0,0,0,0,0,0,0,0,0,0,0,0,0,0,0,0,0,0,0
6331,1984,8,36.0,25.5,270.0,81.0,1.2,5.6,5.208,41863,365790.2,834718.0,25.63,88.66,37,1,-0.8660254037844385,-0.5000000000000004,0,0,0,0,0,0,0,0,0,1,0,0,0,0,0,0,0,0,0,0,0,0,0,0,0,0,0,0,0,0,0,0,0
6332,1984,9,33.5,24.1,498.0,84.0,0.7,5.4,5.184,41863,365790.2,834718.0,25.63,88.66,37,1,-1.0,-1.8369701987210297e-16,0,0,0,0,0,0,0,0,0,1,0,0,0,0,0,0,0,0,0,0,0,0,0,0,0,0,0,0,0,0,0,0,0
6340,1985,5,35.0,23.2,146.0,71.0,1.2,4.1,6.848,41863,365790.2,834718.0,25.63,88.66,37,1,0.49999999999999994,-0.8660254037844387,0,0,0,0,0,0,0,0,0,1,0,0,0,0,0,0,0,0,0,0,0,0,0,0,0,0,0,0,0,0,0,0,0
6341,1985,6,35.5,24.9,551.0,80.0,0.9,5.1,5.228,41863,365790.2,834718.0,25.63,88.66,37,1,1.2246467991473532e-16,-1.0,0,0,0,0,0,0,0,0,0,1,0,0,0,0,0,0,0,0,0,0,0,0,0,0,0,0,0,0,0,0,0,0,0
6342,1985,7,34.2,25.2,484.0,86.0,1.1,6.7,4.288,41863,365790.2,834718.0,25.63,88.66,37,1,-0.4999999999999997,-0.8660254037844388,0,0,0,0,0,0,0,0,0,1,0,0,0,0,0,0,0,0,0,0,0,0,0,0,0,0,0,0,0,0,0,0,0
6343,1985,8,35.5,26.6,278.0,80.0,1.0,5.2,5.208,41863,365790.2,834718.0,25.63,88.66,37,1,-0.8660254037844385,-0.5000000000000004,0,0,0,0,0,0,0,0,0,1,0,0,0,0,0,0,0,0,0,0,0,0,0,0,0,0,0,0,0,0,0,0,0
6344,1985,9,33.2,25.1,326.0,84.0,0.9,5.7,5.184,41863,365790.2,834718.0,25.63,88.66,37,1,-1.0,-1.8369701987210297e-16,0,0,0,0,0,0,0,0,0,1,0,0,0,0,0,0,0,0,0,0,0,0,0,0,0,0,0,0,0,0,0,0,0
6345,1985,10,33.8,22.7,282.0,75.0,0.7,2.8,6.916,41863,365790.2,834718.0,25.63,88.66,37,1,-0.8660254037844386,0.5000000000000001,0,0,0,0,0,0,0,0,0,1,0,0,0,0,0,0,0,0,0,0,0,0,0,0,0,0,0,0,0,0,0,0,0
6352,1986,5,35.5,22.5,178.0,72.0,1.1,3.3,6.848,41863,365790.2,834718.0,25.63,88.66,37,1,0.49999999999999994,-0.8660254037844387,0,0,0,0,0,0,0,0,0,1,0,0,0,0,0,0,0,0,0,0,0,0,0,0,0,0,0,0,0,0,0,0,0
6353,1986,6,36.6,25.5,203.0,78.0,1.5,5.1,5.228,41863,365790.2,834718.0,25.63,88.66,37,1,1.2246467991473532e-16,-1.0,0,0,0,0,0,0,0,0,0,1,0,0,0,0,0,0,0,0,0,0,0,0,0,0,0,0,0,0,0,0,0,0,0
6354,1986,7,34.0,25.8,500.0,83.0,1.2,6.2,4.288,41863,365790.2,834718.0,25.63,88.66,37,1,-0.4999999999999997,-0.8660254037844388,0,0,0,0,0,0,0,0,0,1,0,0,0,0,0,0,0,0,0,0,0,0,0,0,0,0,0,0,0,0,0,0,0
6355,1986,8,36.5,26.1,329.0,80.0,1.0,5.0,5.208,41863,365790.2,834718.0,25.63,88.66,37,1,-0.8660254037844385,-0.5000000000000004,0,0,0,0,0,0,0,0,0,1,0,0,0,0,0,0,0,0,0,0,0,0,0,0,0,0,0,0,0,0,0,0,0
6356,1986,9,33.6,24.5,274.0,85.0,1.4,6.0,5.184,41863,365790.2,834718.0,25.63,88.66,37,1,-1.0,-1.8369701987210297e-16,0,0,0,0,0,0,0,0,0,1,0,0,0,0,0,0,0,0,0,0,0,0,0,0,0,0,0,0,0,0,0,0,0
6357,1986,10,30.8,20.7,365.0,79.0,0.8,3.6,6.916,41863,365790.2,834718.0,25.63,88.66,37,1,-0.8660254037844386,0.5000000000000001,0,0,0,0,0,0,0,0,0,1,0,0,0,0,0,0,0,0,0,0,0,0,0,0,0,0,0,0,0,0,0,0,0
6365,1987,6,37.5,25.7,304.0,80.0,1.1,5.3,5.228,41863,365790.2,834718.0,25.63,88.66,37,1,1.2246467991473532e-16,-1.0,0,0,0,0,0,0,0,0,0,1,0,0,0,0,0,0,0,0,0,0,0,0,0,0,0,0,0,0,0,0,0,0,0
6366,1987,7,33.7,25.5,1196.0,88.0,1.3,7.1,4.288,41863,365790.2,834718.0,25.63,88.66,37,1,-0.4999999999999997,-0.8660254037844388,0,0,0,0,0,0,0,0,0,1,0,0,0,0,0,0,0,0,0,0,0,0,0,0,0,0,0,0,0,0,0,0,0
6367,1987,8,35.5,25.5,798.0,86.0,1.4,6.1,5.208,41863,365790.2,834718.0,25.63,88.66,37,1,-0.8660254037844385,-0.5000000000000004,0,0,0,0,0,0,0,0,0,1,0,0,0,0,0,0,0,0,0,0,0,0,0,0,0,0,0,0,0,0,0,0,0
6368,1987,9,33.5,25.4,430.0,86.0,1.0,6.4,5.184,41863,365790.2,834718.0,25.63,88.66,37,1,-1.0,-1.8369701987210297e-16,0,0,0,0,0,0,0,0,0,1,0,0,0,0,0,0,0,0,0,0,0,0,0,0,0,0,0,0,0,0,0,0,0
6376,1988,5,36.3,23.6,170.0,77.0,1.0,4.5,6.848,41863,365790.2,834718.0,25.63,88.66,37,1,0.49999999999999994,-0.8660254037844387,0,0,0,0,0,0,0,0,0,1,0,0,0,0,0,0,0,0,0,0,0,0,0,0,0,0,0,0,0,0,0,0,0
6377,1988,6,37.5,25.3,347.0,81.0,1.3,5.0,5.228,41863,365790.2,834718.0,25.63,88.66,37,1,1.2246467991473532e-16,-1.0,0,0,0,0,0,0,0,0,0,1,0,0,0,0,0,0,0,0,0,0,0,0,0,0,0,0,0,0,0,0,0,0,0
6378,1988,7,35.0,26.3,401.0,84.0,0.9,5.7,4.288,41863,365790.2,834718.0,25.63,88.66,37,1,-0.4999999999999997,-0.8660254037844388,0,0,0,0,0,0,0,0,0,1,0,0,0,0,0,0,0,0,0,0,0,0,0,0,0,0,0,0,0,0,0,0,0
6379,1988,8,35.0,25.6,848.0,86.0,0.9,6.0,5.208,41863,365790.2,834718.0,25.63,88.66,37,1,-0.8660254037844385,-0.5000000000000004,0,0,0,0,0,0,0,0,0,1,0,0,0,0,0,0,0,0,0,0,0,0,0,0,0,0,0,0,0,0,0,0,0
6380,1988,9,35.0,25.6,200.0,82.0,0.8,5.1,5.184,41863,365790.2,834718.0,25.63,88.66,37,1,-1.0,-1.8369701987210297e-16,0,0,0,0,0,0,0,0,0,1,0,0,0,0,0,0,0,0,0,0,0,0,0,0,0,0,0,0,0,0,0,0,0
6388,1989,5,41.4,23.3,408.0,71.0,1.2,3.8,6.8,41863,365790.2,834718.0,25.63,88.66,37,1,0.49999999999999994,-0.8660254037844387,0,0,0,0,0,0,0,0,0,1,0,0,0,0,0,0,0,0,0,0,0,0,0,0,0,0,0,0,0,0,0,0,0
6389,1989,6,36.0,25.4,253.0,82.0,1.3,4.8,5.6,41863,365790.2,834718.0,25.63,88.66,37,1,1.2246467991473532e-16,-1.0,0,0,0,0,0,0,0,0,0,1,0,0,0,0,0,0,0,0,0,0,0,0,0,0,0,0,0,0,0,0,0,0,0
6390,1989,7,36.2,25.4,412.0,87.0,1.1,6.2,4.0,41863,365790.2,834718.0,25.63,88.66,37,1,-0.4999999999999997,-0.8660254037844388,0,0,0,0,0,0,0,0,0,1,0,0,0,0,0,0,0,0,0,0,0,0,0,0,0,0,0,0,0,0,0,0,0
6391,1989,8,33.8,25.9,232.0,83.0,0.9,4.7,6.2,41863,365790.2,834718.0,25.63,88.66,37,1,-0.8660254037844385,-0.5000000000000004,0,0,0,0,0,0,0,0,0,1,0,0,0,0,0,0,0,0,0,0,0,0,0,0,0,0,0,0,0,0,0,0,0
6392,1989,9,33.5,24.7,493.0,89.0,0.9,5.8,3.3,41863,365790.2,834718.0,25.63,88.66,37,1,-1.0,-1.8369701987210297e-16,0,0,0,0,0,0,0,0,0,1,0,0,0,0,0,0,0,0,0,0,0,0,0,0,0,0,0,0,0,0,0,0,0
6400,1990,5,35.0,23.7,245.0,81.0,1.2,4.2,7.1,41863,365790.2,834718.0,25.63,88.66,37,1,0.49999999999999994,-0.8660254037844387,0,0,0,0,0,0,0,0,0,1,0,0,0,0,0,0,0,0,0,0,0,0,0,0,0,0,0,0,0,0,0,0,0
6401,1990,6,36.4,25.7,355.0,84.0,1.4,5.7,5.3,41863,365790.2,834718.0,25.63,88.66,37,1,1.2246467991473532e-16,-1.0,0,0,0,0,0,0,0,0,0,1,0,0,0,0,0,0,0,0,0,0,0,0,0,0,0,0,0,0,0,0,0,0,0
6402,1990,7,33.0,25.9,479.0,86.0,1.4,6.3,3.6,41863,365790.2,834718.0,25.63,88.66,37,1,-0.4999999999999997,-0.8660254037844388,0,0,0,0,0,0,0,0,0,1,0,0,0,0,0,0,0,0,0,0,0,0,0,0,0,0,0,0,0,0,0,0,0
6403,1990,8,36.2,26.2,251.0,84.0,1.0,5.0,6.2,41863,365790.2,834718.0,25.63,88.66,37,1,-0.8660254037844385,-0.5000000000000004,0,0,0,0,0,0,0,0,0,1,0,0,0,0,0,0,0,0,0,0,0,0,0,0,0,0,0,0,0,0,0,0,0
6404,1990,9,36.0,25.2,352.0,86.0,1.3,5.4,5.7,41863,365790.2,834718.0,25.63,88.66,37,1,-1.0,-1.8369701987210297e-16,0,0,0,0,0,0,0,0,0,1,0,0,0,0,0,0,0,0,0,0,0,0,0,0,0,0,0,0,0,0,0,0,0
6412,1991,5,37.0,22.7,400.0,84.0,1.3,6.1,5.2,41863,365790.2,834718.0,25.63,88.66,37,1,0.49999999999999994,-0.8660254037844387,0,0,0,0,0,0,0,0,0,1,0,0,0,0,0,0,0,0,0,0,0,0,0,0,0,0,0,0,0,0,0,0,0
6413,1991,6,34.6,25.2,376.0,85.0,1.1,5.9,4.9,41863,365790.2,834718.0,25.63,88.66,37,1,1.2246467991473532e-16,-1.0,0,0,0,0,0,0,0,0,0,1,0,0,0,0,0,0,0,0,0,0,0,0,0,0,0,0,0,0,0,0,0,0,0
6414,1991,7,36.0,26.3,184.0,86.0,1.2,5.6,4.6,41863,365790.2,834718.0,25.63,88.66,37,1,-0.4999999999999997,-0.8660254037844388,0,0,0,0,0,0,0,0,0,1,0,0,0,0,0,0,0,0,0,0,0,0,0,0,0,0,0,0,0,0,0,0,0
6415,1991,8,36.1,26.2,282.0,85.0,1.1,5.7,4.7,41863,365790.2,834718.0,25.63,88.66,37,1,-0.8660254037844385,-0.5000000000000004,0,0,0,0,0,0,0,0,0,1,0,0,0,0,0,0,0,0,0,0,0,0,0,0,0,0,0,0,0,0,0,0,0
6416,1991,9,34.0,25.1,647.0,90.0,0.8,5.7,3.7,41863,365790.2,834718.0,25.63,88.66,37,1,-1.0,-1.8369701987210297e-16,0,0,0,0,0,0,0,0,0,1,0,0,0,0,0,0,0,0,0,0,0,0,0,0,0,0,0,0,0,0,0,0,0
6425,1992,6,38.7,25.2,212.0,80.0,1.2,4.9,6.0,41863,365790.2,834718.0,25.63,88.66,37,1,1.2246467991473532e-16,-1.0,0,0,0,0,0,0,0,0,0,1,0,0,0,0,0,0,0,0,0,0,0,0,0,0,0,0,0,0,0,0,0,0,0
6426,1992,7,35.0,25.0,535.0,86.0,1.5,6.7,3.2,41863,365790.2,834718.0,25.63,88.66,37,1,-0.4999999999999997,-0.8660254037844388,0,0,0,0,0,0,0,0,0,1,0,0,0,0,0,0,0,0,0,0,0,0,0,0,0,0,0,0,0,0,0,0,0
6427,1992,8,35.6,25.7,228.0,83.0,1.1,5.4,5.7,41863,365790.2,834718.0,25.63,88.66,37,1,-0.8660254037844385,-0.5000000000000004,0,0,0,0,0,0,0,0,0,1,0,0,0,0,0,0,0,0,0,0,0,0,0,0,0,0,0,0,0,0,0,0,0
6428,1992,9,34.8,24.7,483.0,85.0,0.9,4.1,6.5,41863,365790.2,834718.0,25.63,88.66,37,1,-1.0,-1.8369701987210297e-16,0,0,0,0,0,0,0,0,0,1,0,0,0,0,0,0,0,0,0,0,0,0,0,0,0,0,0,0,0,0,0,0,0
6436,1993,5,35.0,22.7,308.0,81.0,1.2,5.0,5.9,41863,365790.2,834718.0,25.63,88.66,37,1,0.49999999999999994,-0.8660254037844387,0,0,0,0,0,0,0,0,0,1,0,0,0,0,0,0,0,0,0,0,0,0,0,0,0,0,0,0,0,0,0,0,0
6437,1993,6,35.5,25.0,495.0,85.0,1.3,5.7,5.8,41863,365790.2,834718.0,25.63,88.66,37,1,1.2246467991473532e-16,-1.0,0,0,0,0,0,0,0,0,0,1,0,0,0,0,0,0,0,0,0,0,0,0,0,0,0,0,0,0,0,0,0,0,0
6438,1993,7,34.7,26.6,218.0,83.0,1.2,5.8,5.7,41863,365790.2,834718.0,25.63,88.66,37,1,-0.4999999999999997,-0.8660254037844388,0,0,0,0,0,0,0,0,0,1,0,0,0,0,0,0,0,0,0,0,0,0,0,0,0,0,0,0,0,0,0,0,0
6439,1993,8,34.0,26.1,565.0,88.0,1.0,6.2,4.2,41863,365790.2,834718.0,25.63,88.66,37,1,-0.8660254037844385,-0.5000000000000004,0,0,0,0,0,0,0,0,0,1,0,0,0,0,0,0,0,0,0,0,0,0,0,0,0,0,0,0,0,0,0,0,0
6440,1993,9,35.0,25.1,361.0,86.0,1.0,5.9,5.0,41863,365790.2,834718.0,25.63,88.66,37,1,-1.0,-1.8369701987210297e-16,0,0,0,0,0,0,0,0,0,1,0,0,0,0,0,0,0,0,0,0,0,0,0,0,0,0,0,0,0,0,0,0,0
6449,1994,6,35.9,25.6,294.0,83.0,1.1,5.8,4.2,41863,365790.2,834718.0,25.63,88.66,37,1,1.2246467991473532e-16,-1.0,0,0,0,0,0,0,0,0,0,1,0,0,0,0,0,0,0,0,0,0,0,0,0,0,0,0,0,0,0,0,0,0,0
6452,1994,9,35.0,25.0,248.0,81.0,0.7,4.4,6.4,41863,365790.2,834718.0,25.63,88.66,37,1,-1.0,-1.8369701987210297e-16,0,0,0,0,0,0,0,0,0,1,0,0,0,0,0,0,0,0,0,0,0,0,0,0,0,0,0,0,0,0,0,0,0
6461,1995,6,37.6,26.0,287.0,83.0,0.7,6.3,3.3,41863,365790.2,834718.0,25.63,88.66,37,1,1.2246467991473532e-16,-1.0,0,0,0,0,0,0,0,0,0,1,0,0,0,0,0,0,0,0,0,0,0,0,0,0,0,0,0,0,0,0,0,0,0
6462,1995,7,34.5,25.4,472.0,86.0,0.7,6.2,3.7,41863,365790.2,834718.0,25.63,88.66,37,1,-0.4999999999999997,-0.8660254037844388,0,0,0,0,0,0,0,0,0,1,0,0,0,0,0,0,0,0,0,0,0,0,0,0,0,0,0,0,0,0,0,0,0
6463,1995,8,35.2,25.5,593.0,85.0,0.6,5.3,5.7,41863,365790.2,834718.0,25.63,88.66,37,1,-0.8660254037844385,-0.5000000000000004,0,0,0,0,0,0,0,0,0,1,0,0,0,0,0,0,0,0,0,0,0,0,0,0,0,0,0,0,0,0,0,0,0
6464,1995,9,35.5,24.6,1026.0,85.0,0.7,5.8,4.2,41863,365790.2,834718.0,25.63,88.66,37,1,-1.0,-1.8369701987210297e-16,0,0,0,0,0,0,0,0,0,1,0,0,0,0,0,0,0,0,0,0,0,0,0,0,0,0,0,0,0,0,0,0,0
6473,1996,6,36.0,25.0,320.0,84.0,0.7,5.4,7.5,41863,365790.2,834718.0,25.63,88.66,37,1,1.2246467991473532e-16,-1.0,0,0,0,0,0,0,0,0,0,1,0,0,0,0,0,0,0,0,0,0,0,0,0,0,0,0,0,0,0,0,0,0,0
6474,1996,7,35.4,26.3,428.0,87.0,0.7,6.1,2.8,41863,365790.2,834718.0,25.63,88.66,37,1,-0.4999999999999997,-0.8660254037844388,0,0,0,0,0,0,0,0,0,1,0,0,0,0,0,0,0,0,0,0,0,0,0,0,0,0,0,0,0,0,0,0,0
6475,1996,8,35.5,26.4,353.0,86.0,0.6,5.6,5.4,41863,365790.2,834718.0,25.63,88.66,37,1,-0.8660254037844385,-0.5000000000000004,0,0,0,0,0,0,0,0,0,1,0,0,0,0,0,0,0,0,0,0,0,0,0,0,0,0,0,0,0,0,0,0,0
6476,1996,9,35.5,25.7,286.0,87.0,0.3,4.2,6.6,41863,365790.2,834718.0,25.63,88.66,37,1,-1.0,-1.8369701987210297e-16,0,0,0,0,0,0,0,0,0,1,0,0,0,0,0,0,0,0,0,0,0,0,0,0,0,0,0,0,0,0,0,0,0
6485,1997,6,39.0,25.2,501.0,81.0,0.9,4.7,6.8,41863,365790.2,834718.0,25.63,88.66,37,1,1.2246467991473532e-16,-1.0,0,0,0,0,0,0,0,0,0,1,0,0,0,0,0,0,0,0,0,0,0,0,0,0,0,0,0,0,0,0,0,0,0
6486,1997,7,35.6,26.3,461.0,87.0,0.9,5.7,3.6,41863,365790.2,834718.0,25.63,88.66,37,1,-0.4999999999999997,-0.8660254037844388,0,0,0,0,0,0,0,0,0,1,0,0,0,0,0,0,0,0,0,0,0,0,0,0,0,0,0,0,0,0,0,0,0
6487,1997,8,36.6,26.4,330.0,86.0,0.7,5.4,4.8,41863,365790.2,834718.0,25.63,88.66,37,1,-0.8660254037844385,-0.5000000000000004,0,0,0,0,0,0,0,0,0,1,0,0,0,0,0,0,0,0,0,0,0,0,0,0,0,0,0,0,0,0,0,0,0
6488,1997,9,33.7,25.3,289.0,88.0,0.5,5.0,5.1,41863,365790.2,834718.0,25.63,88.66,37,1,-1.0,-1.8369701987210297e-16,0,0,0,0,0,0,0,0,0,1,0,0,0,0,0,0,0,0,0,0,0,0,0,0,0,0,0,0,0,0,0,0,0
6497,1998,6,39.8,26.9,237.0,84.0,0.7,5.3,7.0,41863,365790.2,834718.0,25.63,88.66,37,1,1.2246467991473532e-16,-1.0,0,0,0,0,0,0,0,0,0,1,0,0,0,0,0,0,0,0,0,0,0,0,0,0,0,0,0,0,0,0,0,0,0
6498,1998,7,34.8,26.3,566.0,89.0,0.7,6.7,2.4,41863,365790.2,834718.0,25.63,88.66,37,1,-0.4999999999999997,-0.8660254037844388,0,0,0,0,0,0,0,0,0,1,0,0,0,0,0,0,0,0,0,0,0,0,0,0,0,0,0,0,0,0,0,0,0
6499,1998,8,34.0,26.5,548.0,89.0,0.5,6.4,2.8,41863,365790.2,834718.0,25.63,88.66,37,1,-0.8660254037844385,-0.5000000000000004,0,0,0,0,0,0,0,0,0,1,0,0,0,0,0,0,0,0,0,0,0,0,0,0,0,0,0,0,0,0,0,0,0
6508,1999,5,36.8,23.8,367.0,84.0,0.8,4.8,5.5,41863,365790.2,834718.0,25.63,88.66,37,1,0.49999999999999994,-0.8660254037844387,0,0,0,0,0,0,0,0,0,1,0,0,0,0,0,0,0,0,0,0,0,0,0,0,0,0,0,0,0,0,0,0,0
6509,1999,6,37.8,26.2,283.0,86.0,0.7,5.6,6.9,41863,365790.2,834718.0,25.63,88.66,37,1,1.2246467991473532e-16,-1.0,0,0,0,0,0,0,0,0,0,1,0,0,0,0,0,0,0,0,0,0,0,0,0,0,0,0,0,0,0,0,0,0,0
6510,1999,7,35.4,26.2,403.0,87.0,0.6,6.5,2.7,41863,365790.2,834718.0,25.63,88.66,37,1,-0.4999999999999997,-0.8660254037844388,0,0,0,0,0,0,0,0,0,1,0,0,0,0,0,0,0,0,0,0,0,0,0,0,0,0,0,0,0,0,0,0,0
6511,1999,8,35.7,25.8,587.0,89.0,0.6,6.2,4.6,41863,365790.2,834718.0,25.63,88.66,37,1,-0.8660254037844385,-0.5000000000000004,0,0,0,0,0,0,0,0,0,1,0,0,0,0,0,0,0,0,0,0,0,0,0,0,0,0,0,0,0,0,0,0,0
6512,1999,9,34.0,25.2,589.0,88.0,0.6,5.1,3.4,41863,365790.2,834718.0,25.63,88.66,37,1,-1.0,-1.8369701987210297e-16,0,0,0,0,0,0,0,0,0,1,0,0,0,0,0,0,0,0,0,0,0,0,0,0,0,0,0,0,0,0,0,0,0
6513,1999,10,33.5,23.4,234.0,87.0,0.5,3.7,5.0,41863,365790.2,834718.0,25.63,88.66,37,1,-0.8660254037844386,0.5000000000000001,0,0,0,0,0,0,0,0,0,1,0,0,0,0,0,0,0,0,0,0,0,0,0,0,0,0,0,0,0,0,0,0,0
6519,2000,4,37.2,21.0,147.0,76.0,0.8,3.3,7.4,41863,365790.2,834718.0,25.63,88.66,37,1,0.8660254037844387,-0.4999999999999998,0,0,0,0,0,0,0,0,0,1,0,0,0,0,0,0,0,0,0,0,0,0,0,0,0,0,0,0,0,0,0,0,0
6520,2000,5,37.5,23.7,317.0,86.0,0.7,5.0,5.7,41863,365790.2,834718.0,25.63,88.66,37,1,0.49999999999999994,-0.8660254037844387,0,0,0,0,0,0,0,0,0,1,0,0,0,0,0,0,0,0,0,0,0,0,0,0,0,0,0,0,0,0,0,0,0
6521,2000,6,36.8,25.9,399.0,86.0,0.7,6.3,4.5,41863,365790.2,834718.0,25.63,88.66,37,1,1.2246467991473532e-16,-1.0,0,0,0,0,0,0,0,0,0,1,0,0,0,0,0,0,0,0,0,0,0,0,0,0,0,0,0,0,0,0,0,0,0
6522,2000,7,35.0,26.4,188.0,85.0,0.8,5.9,5.2,41863,365790.2,834718.0,25.63,88.66,37,1,-0.4999999999999997,-0.8660254037844388,0,0,0,0,0,0,0,0,0,1,0,0,0,0,0,0,0,0,0,0,0,0,0,0,0,0,0,0,0,0,0,0,0
6523,2000,8,35.5,26.5,195.0,85.0,0.6,6.1,4.7,41863,365790.2,834718.0,25.63,88.66,37,1,-0.8660254037844385,-0.5000000000000004,0,0,0,0,0,0,0,0,0,1,0,0,0,0,0,0,0,0,0,0,0,0,0,0,0,0,0,0,0,0,0,0,0
6524,2000,9,35.0,25.1,196.0,87.0,0.5,5.3,4.7,41863,365790.2,834718.0,25.63,88.66,37,1,-1.0,-1.8369701987210297e-16,0,0,0,0,0,0,0,0,0,1,0,0,0,0,0,0,0,0,0,0,0,0,0,0,0,0,0,0,0,0,0,0,0
6532,2001,5,36.4,23.3,222.0,79.0,0.7,4.2,7.8,41863,365790.2,834718.0,25.63,88.66,37,1,0.49999999999999994,-0.8660254037844387,0,0,0,0,0,0,0,0,0,1,0,0,0,0,0,0,0,0,0,0,0,0,0,0,0,0,0,0,0,0,0,0,0
6533,2001,6,35.5,25.4,573.0,86.0,0.9,5.7,6.9,41863,365790.2,834718.0,25.63,88.66,37,1,1.2246467991473532e-16,-1.0,0,0,0,0,0,0,0,0,0,1,0,0,0,0,0,0,0,0,0,0,0,0,0,0,0,0,0,0,0,0,0,0,0
6534,2001,7,36.8,26.5,158.0,86.0,0.7,5.7,5.9,41863,365790.2,834718.0,25.63,88.66,37,1,-0.4999999999999997,-0.8660254037844388,0,0,0,0,0,0,0,0,0,1,0,0,0,0,0,0,0,0,0,0,0,0,0,0,0,0,0,0,0,0,0,0,0
6535,2001,8,36.5,26.7,318.0,83.0,0.5,5.2,6.6,41863,365790.2,834718.0,25.63,88.66,37,1,-0.8660254037844385,-0.5000000000000004,0,0,0,0,0,0,0,0,0,1,0,0,0,0,0,0,0,0,0,0,0,0,0,0,0,0,0,0,0,0,0,0,0
6536,2001,9,35.5,25.6,462.0,87.0,0.5,5.6,4.9,41863,365790.2,834718.0,25.63,88.66,37,1,-1.0,-1.8369701987210297e-16,0,0,0,0,0,0,0,0,0,1,0,0,0,0,0,0,0,0,0,0,0,0,0,0,0,0,0,0,0,0,0,0,0
6537,2001,10,34.0,23.4,382.0,85.0,0.4,3.7,6.6,41863,365790.2,834718.0,25.63,88.66,37,1,-0.8660254037844386,0.5000000000000001,0,0,0,0,0,0,0,0,0,1,0,0,0,0,0,0,0,0,0,0,0,0,0,0,0,0,0,0,0,0,0,0,0
6543,2002,4,35.3,21.3,162.0,78.0,0.9,4.5,7.0,41863,365790.2,834718.0,25.63,88.66,37,1,0.8660254037844387,-0.4999999999999998,0,0,0,0,0,0,0,0,0,1,0,0,0,0,0,0,0,0,0,0,0,0,0,0,0,0,0,0,0,0,0,0,0
6544,2002,5,36.0,23.7,104.0,80.0,0.7,4.9,6.3,41863,365790.2,834718.0,25.63,88.66,37,1,0.49999999999999994,-0.8660254037844387,0,0,0,0,0,0,0,0,0,1,0,0,0,0,0,0,0,0,0,0,0,0,0,0,0,0,0,0,0,0,0,0,0
6545,2002,6,34.4,25.0,658.0,86.0,0.9,6.3,4.3,41863,365790.2,834718.0,25.63,88.66,37,1,1.2246467991473532e-16,-1.0,0,0,0,0,0,0,0,0,0,1,0,0,0,0,0,0,0,0,0,0,0,0,0,0,0,0,0,0,0,0,0,0,0
6546,2002,7,35.8,25.7,797.0,89.0,0.6,6.8,2.2,41863,365790.2,834718.0,25.63,88.66,37,1,-0.4999999999999997,-0.8660254037844388,0,0,0,0,0,0,0,0,0,1,0,0,0,0,0,0,0,0,0,0,0,0,0,0,0,0,0,0,0,0,0,0,0
6547,2002,8,35.5,26.2,246.0,85.0,0.8,5.8,5.4,41863,365790.2,834718.0,25.63,88.66,37,1,-0.8660254037844385,-0.5000000000000004,0,0,0,0,0,0,0,0,0,1,0,0,0,0,0,0,0,0,0,0,0,0,0,0,0,0,0,0,0,0,0,0,0
6548,2002,9,36.0,25.3,481.0,84.0,0.6,4.7,6.6,41863,365790.2,834718.0,25.63,88.66,37,1,-1.0,-1.8369701987210297e-16,0,0,0,0,0,0,0,0,0,1,0,0,0,0,0,0,0,0,0,0,0,0,0,0,0,0,0,0,0,0,0,0,0
6556,2003,5,36.8,23.3,147.0,78.0,0.8,4.2,7.4,41863,365790.2,834718.0,25.63,88.66,37,1,0.49999999999999994,-0.8660254037844387,0,0,0,0,0,0,0,0,0,1,0,0,0,0,0,0,0,0,0,0,0,0,0,0,0,0,0,0,0,0,0,0,0
6557,2003,6,37.0,25.1,337.0,85.0,0.7,5.9,3.3,41863,365790.2,834718.0,25.63,88.66,37,1,1.2246467991473532e-16,-1.0,0,0,0,0,0,0,0,0,0,1,0,0,0,0,0,0,0,0,0,0,0,0,0,0,0,0,0,0,0,0,0,0,0
6558,2003,7,37.4,26.3,532.0,83.0,0.7,5.7,5.8,41863,365790.2,834718.0,25.63,88.66,37,1,-0.4999999999999997,-0.8660254037844388,0,0,0,0,0,0,0,0,0,1,0,0,0,0,0,0,0,0,0,0,0,0,0,0,0,0,0,0,0,0,0,0,0
6559,2003,8,36.0,26.8,197.0,84.0,0.6,5.1,6.5,41863,365790.2,834718.0,25.63,88.66,37,1,-0.8660254037844385,-0.5000000000000004,0,0,0,0,0,0,0,0,0,1,0,0,0,0,0,0,0,0,0,0,0,0,0,0,0,0,0,0,0,0,0,0,0
6560,2003,9,35.0,25.8,230.0,86.0,0.7,5.3,5.7,41863,365790.2,834718.0,25.63,88.66,37,1,-1.0,-1.8369701987210297e-16,0,0,0,0,0,0,0,0,0,1,0,0,0,0,0,0,0,0,0,0,0,0,0,0,0,0,0,0,0,0,0,0,0
6561,2003,10,33.0,23.1,380.0,86.0,0.5,4.5,5.1,41863,365790.2,834718.0,25.63,88.66,37,1,-0.8660254037844386,0.5000000000000001,0,0,0,0,0,0,0,0,0,1,0,0,0,0,0,0,0,0,0,0,0,0,0,0,0,0,0,0,0,0,0,0,0
6567,2004,4,33.8,21.0,163.0,81.0,0.9,5.1,4.8,41863,365790.2,834718.0,25.63,88.66,37,1,0.8660254037844387,-0.4999999999999998,0,0,0,0,0,0,0,0,0,1,0,0,0,0,0,0,0,0,0,0,0,0,0,0,0,0,0,0,0,0,0,0,0
6568,2004,5,40.0,23.8,278.0,79.0,0.7,3.9,7.0,41863,365790.2,834718.0,25.63,88.66,37,1,0.49999999999999994,-0.8660254037844387,0,0,0,0,0,0,0,0,0,1,0,0,0,0,0,0,0,0,0,0,0,0,0,0,0,0,0,0,0,0,0,0,0
6569,2004,6,36.2,25.2,517.0,84.0,0.7,6.3,4.1,41863,365790.2,834718.0,25.63,88.66,37,1,1.2246467991473532e-16,-1.0,0,0,0,0,0,0,0,0,0,1,0,0,0,0,0,0,0,0,0,0,0,0,0,0,0,0,0,0,0,0,0,0,0
6570,2004,7,34.0,25.5,602.0,87.0,0.7,6.5,3.6,41863,365790.2,834718.0,25.63,88.66,37,1,-0.4999999999999997,-0.8660254037844388,0,0,0,0,0,0,0,0,0,1,0,0,0,0,0,0,0,0,0,0,0,0,0,0,0,0,0,0,0,0,0,0,0
6572,2004,9,34.0,25.3,253.0,86.0,0.6,5.8,3.6,41863,365790.2,834718.0,25.63,88.66,37,1,-1.0,-1.8369701987210297e-16,0,0,0,0,0,0,0,0,0,1,0,0,0,0,0,0,0,0,0,0,0,0,0,0,0,0,0,0,0,0,0,0,0
6573,2004,10,33.2,21.4,330.0,84.0,0.4,3.3,6.7,41863,365790.2,834718.0,25.63,88.66,37,1,-0.8660254037844386,0.5000000000000001,0,0,0,0,0,0,0,0,0,1,0,0,0,0,0,0,0,0,0,0,0,0,0,0,0,0,0,0,0,0,0,0,0
6580,2005,5,37.0,23.1,255.0,81.0,0.7,4.8,6.0,41863,365790.2,834718.0,25.63,88.66,37,1,0.49999999999999994,-0.8660254037844387,0,0,0,0,0,0,0,0,0,1,0,0,0,0,0,0,0,0,0,0,0,0,0,0,0,0,0,0,0,0,0,0,0
6581,2005,6,40.0,25.3,474.0,82.0,0.8,5.4,5.4,41863,365790.2,834718.0,25.63,88.66,37,1,1.2246467991473532e-16,-1.0,0,0,0,0,0,0,0,0,0,1,0,0,0,0,0,0,0,0,0,0,0,0,0,0,0,0,0,0,0,0,0,0,0
6582,2005,7,35.0,26.1,507.0,85.0,0.6,6.2,4.7,41863,365790.2,834718.0,25.63,88.66,37,1,-0.4999999999999997,-0.8660254037844388,0,0,0,0,0,0,0,0,0,1,0,0,0,0,0,0,0,0,0,0,0,0,0,0,0,0,0,0,0,0,0,0,0
6583,2005,8,35.5,26.5,597.0,87.0,0.5,6.9,3.1,41863,365790.2,834718.0,25.63,88.66,37,1,-0.8660254037844385,-0.5000000000000004,0,0,0,0,0,0,0,0,0,1,0,0,0,0,0,0,0,0,0,0,0,0,0,0,0,0,0,0,0,0,0,0,0
6584,2005,9,35.8,26.4,222.0,83.0,0.4,4.8,6.7,41863,365790.2,834718.0,25.63,88.66,37,1,-1.0,-1.8369701987210297e-16,0,0,0,0,0,0,0,0,0,1,0,0,0,0,0,0,0,0,0,0,0,0,0,0,0,0,0,0,0,0,0,0,0
6585,2005,10,33.2,22.3,770.0,86.0,0.5,4.4,5.6,41863,365790.2,834718.0,25.63,88.66,37,1,-0.8660254037844386,0.5000000000000001,0,0,0,0,0,0,0,0,0,1,0,0,0,0,0,0,0,0,0,0,0,0,0,0,0,0,0,0,0,0,0,0,0
6592,2006,5,36.8,23.9,259.0,79.0,0.6,4.6,6.9,41863,365790.2,834718.0,25.63,88.66,37,1,0.49999999999999994,-0.8660254037844387,0,0,0,0,0,0,0,0,0,1,0,0,0,0,0,0,0,0,0,0,0,0,0,0,0,0,0,0,0,0,0,0,0
6593,2006,6,37.0,25.3,222.0,83.0,0.7,6.3,4.3,41863,365790.2,834718.0,25.63,88.66,37,1,1.2246467991473532e-16,-1.0,0,0,0,0,0,0,0,0,0,1,0,0,0,0,0,0,0,0,0,0,0,0,0,0,0,0,0,0,0,0,0,0,0
6594,2006,7,36.0,26.6,218.0,82.0,0.7,6.2,5.8,41863,365790.2,834718.0,25.63,88.66,37,1,-0.4999999999999997,-0.8660254037844388,0,0,0,0,0,0,0,0,0,1,0,0,0,0,0,0,0,0,0,0,0,0,0,0,0,0,0,0,0,0,0,0,0
6596,2006,9,35.4,25.0,340.0,85.0,1.0,5.6,5.4,41863,365790.2,834718.0,25.63,88.66,37,1,-1.0,-1.8369701987210297e-16,0,0,0,0,0,0,0,0,0,1,0,0,0,0,0,0,0,0,0,0,0,0,0,0,0,0,0,0,0,0,0,0,0
6605,2007,6,40.7,25.3,474.0,83.0,1.2,6.2,4.7,41863,365790.2,834718.0,25.63,88.66,37,1,1.2246467991473532e-16,-1.0,0,0,0,0,0,0,0,0,0,1,0,0,0,0,0,0,0,0,0,0,0,0,0,0,0,0,0,0,0,0,0,0,0
6606,2007,7,35.0,26.1,401.0,87.0,1.0,6.8,3.2,41863,365790.2,834718.0,25.63,88.66,37,1,-0.4999999999999997,-0.8660254037844388,0,0,0,0,0,0,0,0,0,1,0,0,0,0,0,0,0,0,0,0,0,0,0,0,0,0,0,0,0,0,0,0,0
6607,2007,8,36.5,26.7,233.0,84.0,0.8,5.9,4.7,41863,365790.2,834718.0,25.63,88.66,37,1,-0.8660254037844385,-0.5000000000000004,0,0,0,0,0,0,0,0,0,1,0,0,0,0,0,0,0,0,0,0,0,0,0,0,0,0,0,0,0,0,0,0,0
6608,2007,9,34.8,25.7,234.0,86.0,0.8,6.0,3.9,41863,365790.2,834718.0,25.63,88.66,37,1,-1.0,-1.8369701987210297e-16,0,0,0,0,0,0,0,0,0,1,0,0,0,0,0,0,0,0,0,0,0,0,0,0,0,0,0,0,0,0,0,0,0
6616,2008,5,36.0,23.4,220.0,77.0,0.9,4.3,7.7,41863,365790.2,834718.0,25.63,88.66,37,1,0.49999999999999994,-0.8660254037844387,0,0,0,0,0,0,0,0,0,1,0,0,0,0,0,0,0,0,0,0,0,0,0,0,0,0,0,0,0,0,0,0,0
6617,2008,6,35.6,25.6,363.0,85.0,0.9,6.1,5.4,41863,365790.2,834718.0,25.63,88.66,37,1,1.2246467991473532e-16,-1.0,0,0,0,0,0,0,0,0,0,1,0,0,0,0,0,0,0,0,0,0,0,0,0,0,0,0,0,0,0,0,0,0,0
6618,2008,7,35.2,26.1,437.0,85.0,0.6,6.5,4.0,41863,365790.2,834718.0,25.63,88.66,37,1,-0.4999999999999997,-0.8660254037844388,0,0,0,0,0,0,0,0,0,1,0,0,0,0,0,0,0,0,0,0,0,0,0,0,0,0,0,0,0,0,0,0,0
6619,2008,8,35.7,26.1,385.0,87.0,0.7,6.1,4.5,41863,365790.2,834718.0,25.63,88.66,37,1,-0.8660254037844385,-0.5000000000000004,0,0,0,0,0,0,0,0,0,1,0,0,0,0,0,0,0,0,0,0,0,0,0,0,0,0,0,0,0,0,0,0,0
6620,2008,9,35.0,25.7,242.0,85.0,0.6,4.8,5.6,41863,365790.2,834718.0,25.63,88.66,37,1,-1.0,-1.8369701987210297e-16,0,0,0,0,0,0,0,0,0,1,0,0,0,0,0,0,0,0,0,0,0,0,0,0,0,0,0,0,0,0,0,0,0
6628,2009,5,38.0,23.6,369.0,79.0,2.1,4.3,7.2,41863,365790.2,834718.0,25.63,88.66,37,1,0.49999999999999994,-0.8660254037844387,0,0,0,0,0,0,0,0,0,1,0,0,0,0,0,0,0,0,0,0,0,0,0,0,0,0,0,0,0,0,0,0,0
6629,2009,6,37.5,25.9,457.0,79.0,1.7,4.9,6.7,41863,365790.2,834718.0,25.63,88.66,37,1,1.2246467991473532e-16,-1.0,0,0,0,0,0,0,0,0,0,1,0,0,0,0,0,0,0,0,0,0,0,0,0,0,0,0,0,0,0,0,0,0,0
6630,2009,7,36.2,26.5,281.0,82.0,1.9,5.9,6.1,41863,365790.2,834718.0,25.63,88.66,37,1,-0.4999999999999997,-0.8660254037844388,0,0,0,0,0,0,0,0,0,1,0,0,0,0,0,0,0,0,0,0,0,0,0,0,0,0,0,0,0,0,0,0,0
6631,2009,8,34.6,26.3,471.0,86.0,1.7,6.6,3.8,41863,365790.2,834718.0,25.63,88.66,37,1,-0.8660254037844385,-0.5000000000000004,0,0,0,0,0,0,0,0,0,1,0,0,0,0,0,0,0,0,0,0,0,0,0,0,0,0,0,0,0,0,0,0,0
6633,2009,10,34.7,22.4,267.0,81.0,1.4,2.9,7.6,41863,365790.2,834718.0,25.63,88.66,37,1,-0.8660254037844386,0.5000000000000001,0,0,0,0,0,0,0,0,0,1,0,0,0,0,0,0,0,0,0,0,0,0,0,0,0,0,0,0,0,0,0,0,0
6640,2010,5,39.5,24.2,206.0,77.0,2.0,5.0,7.4,41863,365790.2,834718.0,25.63,88.66,37,1,0.49999999999999994,-0.8660254037844387,0,0,0,0,0,0,0,0,0,1,0,0,0,0,0,0,0,0,0,0,0,0,0,0,0,0,0,0,0,0,0,0,0
6641,2010,6,38.2,25.3,515.0,83.0,1.8,6.3,3.6,41863,365790.2,834718.0,25.63,88.66,37,1,1.2246467991473532e-16,-1.0,0,0,0,0,0,0,0,0,0,1,0,0,0,0,0,0,0,0,0,0,0,0,0,0,0,0,0,0,0,0,0,0,0
6642,2010,7,35.2,26.7,356.0,83.0,1.8,6.2,4.5,41863,365790.2,834718.0,25.63,88.66,37,1,-0.4999999999999997,-0.8660254037844388,0,0,0,0,0,0,0,0,0,1,0,0,0,0,0,0,0,0,0,0,0,0,0,0,0,0,0,0,0,0,0,0,0
6643,2010,8,36.0,26.8,290.0,84.0,1.7,5.7,5.0,41863,365790.2,834718.0,25.63,88.66,37,1,-0.8660254037844385,-0.5000000000000004,0,0,0,0,0,0,0,0,0,1,0,0,0,0,0,0,0,0,0,0,0,0,0,0,0,0,0,0,0,0,0,0,0
6652,2011,5,35.5,23.3,250.0,80.0,1.7,4.5,6.9,41863,365790.2,834718.0,25.63,88.66,37,1,0.49999999999999994,-0.8660254037844387,0,0,0,0,0,0,0,0,0,1,0,0,0,0,0,0,0,0,0,0,0,0,0,0,0,0,0,0,0,0,0,0,0
6653,2011,6,35.5,25.5,348.0,82.0,1.9,5.6,4.6,41863,365790.2,834718.0,25.63,88.66,37,1,1.2246467991473532e-16,-1.0,0,0,0,0,0,0,0,0,0,1,0,0,0,0,0,0,0,0,0,0,0,0,0,0,0,0,0,0,0,0,0,0,0
6654,2011,7,35.2,26.3,285.0,83.0,1.7,6.4,4.3,41863,365790.2,834718.0,25.63,88.66,37,1,-0.4999999999999997,-0.8660254037844388,0,0,0,0,0,0,0,0,0,1,0,0,0,0,0,0,0,0,0,0,0,0,0,0,0,0,0,0,0,0,0,0,0
6655,2011,8,35.6,26.1,381.0,84.0,1.7,5.6,5.1,41863,365790.2,834718.0,25.63,88.66,37,1,-0.8660254037844385,-0.5000000000000004,0,0,0,0,0,0,0,0,0,1,0,0,0,0,0,0,0,0,0,0,0,0,0,0,0,0,0,0,0,0,0,0,0
6656,2011,9,36.0,26.1,261.0,84.0,1.7,5.0,5.9,41863,365790.2,834718.0,25.63,88.66,37,1,-1.0,-1.8369701987210297e-16,0,0,0,0,0,0,0,0,0,1,0,0,0,0,0,0,0,0,0,0,0,0,0,0,0,0,0,0,0,0,0,0,0
6657,2011,10,35.0,23.4,0.0,80.0,1.4,1.5,7.5,41863,365790.2,834718.0,25.63,88.66,37,0,-0.8660254037844386,0.5000000000000001,0,0,0,0,0,0,0,0,0,1,0,0,0,0,0,0,0,0,0,0,0,0,0,0,0,0,0,0,0,0,0,0,0
6658,2011,11,31.0,16.5,3.0,77.0,1.4,1.0,7.2,41863,365790.2,834718.0,25.63,88.66,37,0,-0.5000000000000004,0.8660254037844384,0,0,0,0,0,0,0,0,0,1,0,0,0,0,0,0,0,0,0,0,0,0,0,0,0,0,0,0,0,0,0,0,0
6659,2011,12,30.0,12.1,0.0,82.0,1.6,1.1,5.3,41863,365790.2,834718.0,25.63,88.66,37,0,-2.4492935982947064e-16,1.0,0,0,0,0,0,0,0,0,0,1,0,0,0,0,0,0,0,0,0,0,0,0,0,0,0,0,0,0,0,0,0,0,0
6660,2012,1,26.0,10.7,5.0,79.0,1.6,2.2,5.0,41863,365790.2,834718.0,25.63,88.66,37,0,0.49999999999999994,0.8660254037844387,0,0,0,0,0,0,0,0,0,1,0,0,0,0,0,0,0,0,0,0,0,0,0,0,0,0,0,0,0,0,0,0,0
6661,2012,2,30.5,13.1,5.0,67.0,1.9,0.6,7.9,41863,365790.2,834718.0,25.63,88.66,37,0,0.8660254037844386,0.5000000000000001,0,0,0,0,0,0,0,0,0,1,0,0,0,0,0,0,0,0,0,0,0,0,0,0,0,0,0,0,0,0,0,0,0
6662,2012,3,36.0,17.2,3.0,62.0,1.6,0.5,8.2,41863,365790.2,834718.0,25.63,88.66,37,0,1.0,6.123233995736766e-17,0,0,0,0,0,0,0,0,0,1,0,0,0,0,0,0,0,0,0,0,0,0,0,0,0,0,0,0,0,0,0,0,0
6663,2012,4,38.5,21.7,57.0,68.0,1.9,3.0,7.9,41863,365790.2,834718.0,25.63,88.66,37,0,0.8660254037844387,-0.4999999999999998,0,0,0,0,0,0,0,0,0,1,0,0,0,0,0,0,0,0,0,0,0,0,0,0,0,0,0,0,0,0,0,0,0
6664,2012,5,40.3,24.3,79.0,73.0,1.8,3.8,7.3,41863,365790.2,834718.0,25.63,88.66,37,0,0.49999999999999994,-0.8660254037844387,0,0,0,0,0,0,0,0,0,1,0,0,0,0,0,0,0,0,0,0,0,0,0,0,0,0,0,0,0,0,0,0,0
6665,2012,6,36.2,25.7,380.0,82.0,1.8,6.5,4.2,41863,365790.2,834718.0,25.63,88.66,37,1,1.2246467991473532e-16,-1.0,0,0,0,0,0,0,0,0,0,1,0,0,0,0,0,0,0,0,0,0,0,0,0,0,0,0,0,0,0,0,0,0,0
6666,2012,7,34.7,26.7,435.0,83.0,1.7,6.6,4.4,41863,365790.2,834718.0,25.63,88.66,37,1,-0.4999999999999997,-0.8660254037844388,0,0,0,0,0,0,0,0,0,1,0,0,0,0,0,0,0,0,0,0,0,0,0,0,0,0,0,0,0,0,0,0,0
6668,2012,9,37.0,25.8,349.0,84.0,1.7,5.6,5.1,41863,365790.2,834718.0,25.63,88.66,37,1,-1.0,-1.8369701987210297e-16,0,0,0,0,0,0,0,0,0,1,0,0,0,0,0,0,0,0,0,0,0,0,0,0,0,0,0,0,0,0,0,0,0
6669,2012,10,33.0,21.6,91.0,81.0,1.5,2.6,7.5,41863,365790.2,834718.0,25.63,88.66,37,0,-0.8660254037844386,0.5000000000000001,0,0,0,0,0,0,0,0,0,1,0,0,0,0,0,0,0,0,0,0,0,0,0,0,0,0,0,0,0,0,0,0,0
6670,2012,11,30.6,15.0,1.0,75.0,1.1,1.4,6.5,41863,365790.2,834718.0,25.63,88.66,37,0,-0.5000000000000004,0.8660254037844384,0,0,0,0,0,0,0,0,0,1,0,0,0,0,0,0,0,0,0,0,0,0,0,0,0,0,0,0,0,0,0,0,0
6671,2012,12,27.5,11.7,0.0,85.0,1.1,1.3,2.6,41863,365790.2,834718.0,25.63,88.66,37,0,-2.4492935982947064e-16,1.0,0,0,0,0,0,0,0,0,0,1,0,0,0,0,0,0,0,0,0,0,0,0,0,0,0,0,0,0,0,0,0,0,0
6672,2013,1,27.2,8.5,0.0,78.0,1.5,0.8,5.2,41863,365790.2,834718.0,25.63,88.66,37,0,0.49999999999999994,0.8660254037844387,0,0,0,0,0,0,0,0,0,1,0,0,0,0,0,0,0,0,0,0,0,0,0,0,0,0,0,0,0,0,0,0,0
6673,2013,2,31.5,13.9,10.0,70.0,1.6,1.9,7.4,41863,365790.2,834718.0,25.63,88.66,37,0,0.8660254037844386,0.5000000000000001,0,0,0,0,0,0,0,0,0,1,0,0,0,0,0,0,0,0,0,0,0,0,0,0,0,0,0,0,0,0,0,0,0
6674,2013,3,36.0,18.0,0.0,64.0,1.7,0.8,8.9,41863,365790.2,834718.0,25.63,88.66,37,0,1.0,6.123233995736766e-17,0,0,0,0,0,0,0,0,0,1,0,0,0,0,0,0,0,0,0,0,0,0,0,0,0,0,0,0,0,0,0,0,0
6675,2013,4,39.5,21.3,99.0,69.0,1.9,3.3,7.0,41863,365790.2,834718.0,25.63,88.66,37,0,0.8660254037844387,-0.4999999999999998,0,0,0,0,0,0,0,0,0,1,0,0,0,0,0,0,0,0,0,0,0,0,0,0,0,0,0,0,0,0,0,0,0
6676,2013,5,37.8,23.9,133.0,81.0,2.0,6.0,4.4,41863,365790.2,834718.0,25.63,88.66,37,1,0.49999999999999994,-0.8660254037844387,0,0,0,0,0,0,0,0,0,1,0,0,0,0,0,0,0,0,0,0,0,0,0,0,0,0,0,0,0,0,0,0,0
6677,2013,6,37.2,26.4,370.0,81.0,1.6,5.7,5.4,41863,365790.2,834718.0,25.63,88.66,37,1,1.2246467991473532e-16,-1.0,0,0,0,0,0,0,0,0,0,1,0,0,0,0,0,0,0,0,0,0,0,0,0,0,0,0,0,0,0,0,0,0,0
6678,2013,7,35.0,26.9,255.0,82.0,1.8,6.2,5.1,41863,365790.2,834718.0,25.63,88.66,37,1,-0.4999999999999997,-0.8660254037844388,0,0,0,0,0,0,0,0,0,1,0,0,0,0,0,0,0,0,0,0,0,0,0,0,0,0,0,0,0,0,0,0,0
6679,2013,8,35.7,26.1,469.0,85.0,1.8,6.3,4.6,41863,365790.2,834718.0,25.63,88.66,37,1,-0.8660254037844385,-0.5000000000000004,0,0,0,0,0,0,0,0,0,1,0,0,0,0,0,0,0,0,0,0,0,0,0,0,0,0,0,0,0,0,0,0,0
6680,2013,9,36.2,26.0,182.0,82.0,1.7,4.9,6.4,41863,365790.2,834718.0,25.63,88.66,37,1,-1.0,-1.8369701987210297e-16,0,0,0,0,0,0,0,0,0,1,0,0,0,0,0,0,0,0,0,0,0,0,0,0,0,0,0,0,0,0,0,0,0
6681,2013,10,33.8,22.3,309.0,85.0,1.7,4.7,5.1,41863,365790.2,834718.0,25.63,88.66,37,1,-0.8660254037844386,0.5000000000000001,0,0,0,0,0,0,0,0,0,1,0,0,0,0,0,0,0,0,0,0,0,0,0,0,0,0,0,0,0,0,0,0,0
6682,2013,11,30.6,15.1,0.0,78.0,1.8,1.2,7.7,41863,365790.2,834718.0,25.63,88.66,37,0,-0.5000000000000004,0.8660254037844384,0,0,0,0,0,0,0,0,0,1,0,0,0,0,0,0,0,0,0,0,0,0,0,0,0,0,0,0,0,0,0,0,0
6683,2013,12,29.0,12.3,0.0,81.0,1.8,0.7,3.6,41863,365790.2,834718.0,25.63,88.66,37,0,-2.4492935982947064e-16,1.0,0,0,0,0,0,0,0,0,0,1,0,0,0,0,0,0,0,0,0,0,0,0,0,0,0,0,0,0,0,0,0,0,0
6689,1948,6,33.9,25.3,402.0,82.0,1.833333333,7.0,5.0,41929,483877.3,610719.3,23.61,89.84,9,1,1.2246467991473532e-16,-1.0,0,0,0,0,0,0,0,0,0,0,1,0,0,0,0,0,0,0,0,0,0,0,0,0,0,0,0,0,0,0,0,0,0
6691,1948,8,31.5,26.0,410.0,84.0,1.640740741,6.8,4.95862069,41929,483877.3,610719.3,23.61,89.84,9,1,-0.8660254037844385,-0.5000000000000004,0,0,0,0,0,0,0,0,0,0,1,0,0,0,0,0,0,0,0,0,0,0,0,0,0,0,0,0,0,0,0,0,0
6693,1948,10,31.7,23.8,481.0,79.0,0.862962963,3.7,6.906896552,41929,483877.3,610719.3,23.61,89.84,9,1,-0.8660254037844386,0.5000000000000001,0,0,0,0,0,0,0,0,0,0,1,0,0,0,0,0,0,0,0,0,0,0,0,0,0,0,0,0,0,0,0,0,0
6700,1949,5,33.5,23.6,417.0,84.0,2.016666667,5.3,7.020689655,41929,483877.3,610719.3,23.61,89.84,9,1,0.49999999999999994,-0.8660254037844387,0,0,0,0,0,0,0,0,0,0,1,0,0,0,0,0,0,0,0,0,0,0,0,0,0,0,0,0,0,0,0,0,0
6701,1949,6,34.4,25.4,482.0,88.0,1.833333333,7.1,5.0,41929,483877.3,610719.3,23.61,89.84,9,1,1.2246467991473532e-16,-1.0,0,0,0,0,0,0,0,0,0,0,1,0,0,0,0,0,0,0,0,0,0,0,0,0,0,0,0,0,0,0,0,0,0
6702,1949,7,31.7,25.9,412.0,89.0,1.774074074,6.7,4.431034483,41929,483877.3,610719.3,23.61,89.84,9,1,-0.4999999999999997,-0.8660254037844388,0,0,0,0,0,0,0,0,0,0,1,0,0,0,0,0,0,0,0,0,0,0,0,0,0,0,0,0,0,0,0,0,0
6713,1950,6,33.2,25.5,708.0,88.0,1.833333333,6.9,5.0,41929,483877.3,610719.3,23.61,89.84,9,1,1.2246467991473532e-16,-1.0,0,0,0,0,0,0,0,0,0,0,1,0,0,0,0,0,0,0,0,0,0,0,0,0,0,0,0,0,0,0,0,0,0
6714,1950,7,31.0,25.9,419.0,88.0,1.774074074,6.9,4.431034483,41929,483877.3,610719.3,23.61,89.84,9,1,-0.4999999999999997,-0.8660254037844388,0,0,0,0,0,0,0,0,0,0,1,0,0,0,0,0,0,0,0,0,0,0,0,0,0,0,0,0,0,0,0,0,0
6715,1950,8,31.1,25.8,441.0,88.0,1.640740741,7.5,4.95862069,41929,483877.3,610719.3,23.61,89.84,9,1,-0.8660254037844385,-0.5000000000000004,0,0,0,0,0,0,0,0,0,0,1,0,0,0,0,0,0,0,0,0,0,0,0,0,0,0,0,0,0,0,0,0,0
6738,1952,7,34.4,25.5,468.0,88.0,1.774074074,6.7,4.431034483,41929,483877.3,610719.3,23.61,89.84,9,1,-0.4999999999999997,-0.8660254037844388,0,0,0,0,0,0,0,0,0,0,1,0,0,0,0,0,0,0,0,0,0,0,0,0,0,0,0,0,0,0,0,0,0
6749,1953,6,35.6,24.7,591.0,87.0,1.833333333,6.6,5.0,41929,483877.3,610719.3,23.61,89.84,9,1,1.2246467991473532e-16,-1.0,0,0,0,0,0,0,0,0,0,0,1,0,0,0,0,0,0,0,0,0,0,0,0,0,0,0,0,0,0,0,0,0,0
6750,1953,7,35.0,25.5,677.0,89.0,1.774074074,6.4,4.431034483,41929,483877.3,610719.3,23.61,89.84,9,1,-0.4999999999999997,-0.8660254037844388,0,0,0,0,0,0,0,0,0,0,1,0,0,0,0,0,0,0,0,0,0,0,0,0,0,0,0,0,0,0,0,0,0
6761,1954,6,33.7,24.9,788.0,91.0,1.833333333,6.2,5.0,41929,483877.3,610719.3,23.61,89.84,9,1,1.2246467991473532e-16,-1.0,0,0,0,0,0,0,0,0,0,0,1,0,0,0,0,0,0,0,0,0,0,0,0,0,0,0,0,0,0,0,0,0,0
6762,1954,7,32.6,25.8,414.0,86.0,1.774074074,6.7,4.431034483,41929,483877.3,610719.3,23.61,89.84,9,1,-0.4999999999999997,-0.8660254037844388,0,0,0,0,0,0,0,0,0,0,1,0,0,0,0,0,0,0,0,0,0,0,0,0,0,0,0,0,0,0,0,0,0
6785,1956,6,32.7,24.5,459.0,89.0,1.833333333,6.8,5.0,41929,483877.3,610719.3,23.61,89.84,9,1,1.2246467991473532e-16,-1.0,0,0,0,0,0,0,0,0,0,0,1,0,0,0,0,0,0,0,0,0,0,0,0,0,0,0,0,0,0,0,0,0,0
6787,1956,8,32.2,25.6,435.0,87.0,1.640740741,6.8,4.95862069,41929,483877.3,610719.3,23.61,89.84,9,1,-0.8660254037844385,-0.5000000000000004,0,0,0,0,0,0,0,0,0,0,1,0,0,0,0,0,0,0,0,0,0,0,0,0,0,0,0,0,0,0,0,0,0
6813,1958,10,33.7,24.8,364.0,84.0,0.862962963,4.9,6.906896552,41929,483877.3,610719.3,23.61,89.84,9,1,-0.8660254037844386,0.5000000000000001,0,0,0,0,0,0,0,0,0,0,1,0,0,0,0,0,0,0,0,0,0,0,0,0,0,0,0,0,0,0,0,0,0
6823,1959,8,33.1,25.4,489.0,86.0,1.640740741,6.2,4.95862069,41929,483877.3,610719.3,23.61,89.84,9,1,-0.8660254037844385,-0.5000000000000004,0,0,0,0,0,0,0,0,0,0,1,0,0,0,0,0,0,0,0,0,0,0,0,0,0,0,0,0,0,0,0,0,0
6824,1959,9,33.3,24.7,528.0,89.0,1.375925926,6.3,5.14137931,41929,483877.3,610719.3,23.61,89.84,9,1,-1.0,-1.8369701987210297e-16,0,0,0,0,0,0,0,0,0,0,1,0,0,0,0,0,0,0,0,0,0,0,0,0,0,0,0,0,0,0,0,0,0
6825,1959,10,31.8,22.7,697.0,88.0,0.862962963,5.0,6.906896552,41929,483877.3,610719.3,23.61,89.84,9,1,-0.8660254037844386,0.5000000000000001,0,0,0,0,0,0,0,0,0,0,1,0,0,0,0,0,0,0,0,0,0,0,0,0,0,0,0,0,0,0,0,0,0
6834,1960,7,33.3,25.4,663.0,87.0,1.3,6.8,4.431034483,41929,483877.3,610719.3,23.61,89.84,9,1,-0.4999999999999997,-0.8660254037844388,0,0,0,0,0,0,0,0,0,0,1,0,0,0,0,0,0,0,0,0,0,0,0,0,0,0,0,0,0,0,0,0,0
6846,1961,7,33.9,25.7,415.0,83.0,1.1,6.2,4.431034483,41929,483877.3,610719.3,23.61,89.84,9,1,-0.4999999999999997,-0.8660254037844388,0,0,0,0,0,0,0,0,0,0,1,0,0,0,0,0,0,0,0,0,0,0,0,0,0,0,0,0,0,0,0,0,0
6858,1962,7,35.6,26.4,388.0,87.0,1.8,6.3,4.431034483,41929,483877.3,610719.3,23.61,89.84,9,1,-0.4999999999999997,-0.8660254037844388,0,0,0,0,0,0,0,0,0,0,1,0,0,0,0,0,0,0,0,0,0,0,0,0,0,0,0,0,0,0,0,0,0
6869,1963,6,35.6,23.6,530.0,87.0,1.2,6.2,5.0,41929,483877.3,610719.3,23.61,89.84,9,1,1.2246467991473532e-16,-1.0,0,0,0,0,0,0,0,0,0,0,1,0,0,0,0,0,0,0,0,0,0,0,0,0,0,0,0,0,0,0,0,0,0
6882,1964,7,32.2,25.6,548.0,89.0,1.0,7.0,4.431034483,41929,483877.3,610719.3,23.61,89.84,9,1,-0.4999999999999997,-0.8660254037844388,0,0,0,0,0,0,0,0,0,0,1,0,0,0,0,0,0,0,0,0,0,0,0,0,0,0,0,0,0,0,0,0,0
6894,1965,7,32.2,25.3,376.0,88.0,1.1,6.3,4.431034483,41929,483877.3,610719.3,23.61,89.84,9,1,-0.4999999999999997,-0.8660254037844388,0,0,0,0,0,0,0,0,0,0,1,0,0,0,0,0,0,0,0,0,0,0,0,0,0,0,0,0,0,0,0,0,0
6917,1967,6,36.1,25.3,403.0,83.0,1.9,5.1,5.0,41929,483877.3,610719.3,23.61,89.84,9,1,1.2246467991473532e-16,-1.0,0,0,0,0,0,0,0,0,0,0,1,0,0,0,0,0,0,0,0,0,0,0,0,0,0,0,0,0,0,0,0,0,0
6943,1969,8,32.8,25.7,407.0,89.0,1.3,6.1,4.95862069,41929,483877.3,610719.3,23.61,89.84,9,1,-0.8660254037844385,-0.5000000000000004,0,0,0,0,0,0,0,0,0,0,1,0,0,0,0,0,0,0,0,0,0,0,0,0,0,0,0,0,0,0,0,0,0
6954,1970,7,34.4,25.5,382.0,89.0,1.4,6.9,4.431034483,41929,483877.3,610719.3,23.61,89.84,9,1,-0.4999999999999997,-0.8660254037844388,0,0,0,0,0,0,0,0,0,0,1,0,0,0,0,0,0,0,0,0,0,0,0,0,0,0,0,0,0,0,0,0,0
6956,1970,9,36.7,25.4,433.0,87.0,1.4,6.3,5.14137931,41929,483877.3,610719.3,23.61,89.84,9,1,-1.0,-1.8369701987210297e-16,0,0,0,0,0,0,0,0,0,0,1,0,0,0,0,0,0,0,0,0,0,0,0,0,0,0,0,0,0,0,0,0,0
6957,1970,10,32.8,23.5,413.0,84.0,1.3,3.6,6.906896552,41929,483877.3,610719.3,23.61,89.84,9,1,-0.8660254037844386,0.5000000000000001,0,0,0,0,0,0,0,0,0,0,1,0,0,0,0,0,0,0,0,0,0,0,0,0,0,0,0,0,0,0,0,0,0
6967,1971,8,32.2,24.5,538.0,85.0,1.4,6.3,4.95862069,41929,483877.3,610719.3,23.61,89.84,9,1,-0.8660254037844385,-0.5000000000000004,0,0,0,0,0,0,0,0,0,0,1,0,0,0,0,0,0,0,0,0,0,0,0,0,0,0,0,0,0,0,0,0,0
6988,1973,5,34.4,22.5,486.0,83.0,1.6,5.6,7.020689655,41929,483877.3,610719.3,23.61,89.84,9,1,0.49999999999999994,-0.8660254037844387,0,0,0,0,0,0,0,0,0,0,1,0,0,0,0,0,0,0,0,0,0,0,0,0,0,0,0,0,0,0,0,0,0
6989,1973,6,35.6,24.1,431.0,85.0,1.3,6.5,5.0,41929,483877.3,610719.3,23.61,89.84,9,1,1.2246467991473532e-16,-1.0,0,0,0,0,0,0,0,0,0,0,1,0,0,0,0,0,0,0,0,0,0,0,0,0,0,0,0,0,0,0,0,0,0
6991,1973,8,32.8,24.5,472.0,86.0,1.6,6.1,4.95862069,41929,483877.3,610719.3,23.61,89.84,9,1,-0.8660254037844385,-0.5000000000000004,0,0,0,0,0,0,0,0,0,0,1,0,0,0,0,0,0,0,0,0,0,0,0,0,0,0,0,0,0,0,0,0,0
6992,1973,9,33.3,24.3,397.0,87.0,1.2,6.2,5.14137931,41929,483877.3,610719.3,23.61,89.84,9,1,-1.0,-1.8369701987210297e-16,0,0,0,0,0,0,0,0,0,0,1,0,0,0,0,0,0,0,0,0,0,0,0,0,0,0,0,0,0,0,0,0,0
7002,1974,7,32.3,23.4,714.0,87.0,1.3,7.4,4.431034483,41929,483877.3,610719.3,23.61,89.84,9,1,-0.4999999999999997,-0.8660254037844388,0,0,0,0,0,0,0,0,0,0,1,0,0,0,0,0,0,0,0,0,0,0,0,0,0,0,0,0,0,0,0,0,0
7014,1975,7,32.1,25.2,581.0,91.0,2.3,6.9,4.431034483,41929,483877.3,610719.3,23.61,89.84,9,1,-0.4999999999999997,-0.8660254037844388,0,0,0,0,0,0,0,0,0,0,1,0,0,0,0,0,0,0,0,0,0,0,0,0,0,0,0,0,0,0,0,0,0
7024,1976,5,36.7,23.9,403.0,79.0,1.7,4.5,7.020689655,41929,483877.3,610719.3,23.61,89.84,9,1,0.49999999999999994,-0.8660254037844387,0,0,0,0,0,0,0,0,0,0,1,0,0,0,0,0,0,0,0,0,0,0,0,0,0,0,0,0,0,0,0,0,0
7026,1976,7,31.4,25.6,398.0,87.0,1.3,6.4,4.431034483,41929,483877.3,610719.3,23.61,89.84,9,1,-0.4999999999999997,-0.8660254037844388,0,0,0,0,0,0,0,0,0,0,1,0,0,0,0,0,0,0,0,0,0,0,0,0,0,0,0,0,0,0,0,0,0
7037,1977,6,33.9,25.0,562.0,88.0,1.0,5.7,5.0,41929,483877.3,610719.3,23.61,89.84,9,1,1.2246467991473532e-16,-1.0,0,0,0,0,0,0,0,0,0,0,1,0,0,0,0,0,0,0,0,0,0,0,0,0,0,0,0,0,0,0,0,0,0
7049,1978,6,33.3,25.4,401.0,87.0,0.5,5.3,5.0,41929,483877.3,610719.3,23.61,89.84,9,1,1.2246467991473532e-16,-1.0,0,0,0,0,0,0,0,0,0,0,1,0,0,0,0,0,0,0,0,0,0,0,0,0,0,0,0,0,0,0,0,0,0
7061,1979,6,35.4,26.2,467.0,83.0,1.1,5.8,5.0,41929,483877.3,610719.3,23.61,89.84,9,1,1.2246467991473532e-16,-1.0,0,0,0,0,0,0,0,0,0,0,1,0,0,0,0,0,0,0,0,0,0,0,0,0,0,0,0,0,0,0,0,0,0
7063,1979,8,35.2,26.3,377.0,86.0,0.6,6.0,4.95862069,41929,483877.3,610719.3,23.61,89.84,9,1,-0.8660254037844385,-0.5000000000000004,0,0,0,0,0,0,0,0,0,0,1,0,0,0,0,0,0,0,0,0,0,0,0,0,0,0,0,0,0,0,0,0,0
7086,1981,7,32.8,26.1,427.0,89.0,1.6,5.6,4.431034483,41929,483877.3,610719.3,23.61,89.84,9,1,-0.4999999999999997,-0.8660254037844388,0,0,0,0,0,0,0,0,0,0,1,0,0,0,0,0,0,0,0,0,0,0,0,0,0,0,0,0,0,0,0,0,0
7087,1981,8,34.4,26.8,740.0,85.0,1.2,4.5,4.95862069,41929,483877.3,610719.3,23.61,89.84,9,1,-0.8660254037844385,-0.5000000000000004,0,0,0,0,0,0,0,0,0,0,1,0,0,0,0,0,0,0,0,0,0,0,0,0,0,0,0,0,0,0,0,0,0
7111,1983,8,34.7,26.7,550.0,87.0,1.1,5.1,4.95862069,41929,483877.3,610719.3,23.61,89.84,9,1,-0.8660254037844385,-0.5000000000000004,0,0,0,0,0,0,0,0,0,0,1,0,0,0,0,0,0,0,0,0,0,0,0,0,0,0,0,0,0,0,0,0,0
7120,1984,5,35.0,24.1,473.0,83.0,1.9,3.9,7.020689655,41929,483877.3,610719.3,23.61,89.84,9,1,0.49999999999999994,-0.8660254037844387,0,0,0,0,0,0,0,0,0,0,1,0,0,0,0,0,0,0,0,0,0,0,0,0,0,0,0,0,0,0,0,0,0
7121,1984,6,36.5,25.5,822.0,86.0,1.8,5.6,5.0,41929,483877.3,610719.3,23.61,89.84,9,1,1.2246467991473532e-16,-1.0,0,0,0,0,0,0,0,0,0,0,1,0,0,0,0,0,0,0,0,0,0,0,0,0,0,0,0,0,0,0,0,0,0
7148,1986,9,35.4,25.1,531.0,87.0,2.0,5.8,4.4,41929,483877.3,610719.3,23.61,89.84,9,1,-1.0,-1.8369701987210297e-16,0,0,0,0,0,0,0,0,0,0,1,0,0,0,0,0,0,0,0,0,0,0,0,0,0,0,0,0,0,0,0,0,0
7157,1987,6,36.0,26.4,384.0,86.0,2.4,5.8,6.0,41929,483877.3,610719.3,23.61,89.84,9,1,1.2246467991473532e-16,-1.0,0,0,0,0,0,0,0,0,0,0,1,0,0,0,0,0,0,0,0,0,0,0,0,0,0,0,0,0,0,0,0,0,0
7159,1987,8,33.5,26.6,409.0,85.0,2.5,6.0,5.2,41929,483877.3,610719.3,23.61,89.84,9,1,-0.8660254037844385,-0.5000000000000004,0,0,0,0,0,0,0,0,0,0,1,0,0,0,0,0,0,0,0,0,0,0,0,0,0,0,0,0,0,0,0,0,0
7160,1987,9,34.0,26.8,456.0,84.0,2.1,5.7,5.5,41929,483877.3,610719.3,23.61,89.84,9,1,-1.0,-1.8369701987210297e-16,0,0,0,0,0,0,0,0,0,0,1,0,0,0,0,0,0,0,0,0,0,0,0,0,0,0,0,0,0,0,0,0,0
7168,1988,5,39.3,24.4,511.0,83.0,3.6,5.0,6.5,41929,483877.3,610719.3,23.61,89.84,9,1,0.49999999999999994,-0.8660254037844387,0,0,0,0,0,0,0,0,0,0,1,0,0,0,0,0,0,0,0,0,0,0,0,0,0,0,0,0,0,0,0,0,0
7169,1988,6,36.7,25.5,468.0,87.0,3.3,5.5,5.0,41929,483877.3,610719.3,23.61,89.84,9,1,1.2246467991473532e-16,-1.0,0,0,0,0,0,0,0,0,0,0,1,0,0,0,0,0,0,0,0,0,0,0,0,0,0,0,0,0,0,0,0,0,0
7194,1990,7,33.8,25.6,405.0,89.0,2.3,6.4,4.0,41929,483877.3,610719.3,23.61,89.84,9,1,-0.4999999999999997,-0.8660254037844388,0,0,0,0,0,0,0,0,0,0,1,0,0,0,0,0,0,0,0,0,0,0,0,0,0,0,0,0,0,0,0,0,0
7208,1991,9,33.8,25.2,360.0,88.0,1.7,6.0,5.4,41929,483877.3,610719.3,23.61,89.84,9,1,-1.0,-1.8369701987210297e-16,0,0,0,0,0,0,0,0,0,0,1,0,0,0,0,0,0,0,0,0,0,0,0,0,0,0,0,0,0,0,0,0,0
7218,1992,7,33.6,24.4,387.0,87.0,2.1,6.3,3.9,41929,483877.3,610719.3,23.61,89.84,9,1,-0.4999999999999997,-0.8660254037844388,0,0,0,0,0,0,0,0,0,0,1,0,0,0,0,0,0,0,0,0,0,0,0,0,0,0,0,0,0,0,0,0,0
7229,1993,6,34.5,24.4,502.0,86.0,2.7,6.2,5.1,41929,483877.3,610719.3,23.61,89.84,9,1,1.2246467991473532e-16,-1.0,0,0,0,0,0,0,0,0,0,0,1,0,0,0,0,0,0,0,0,0,0,0,0,0,0,0,0,0,0,0,0,0,0
7231,1993,8,32.7,24.5,352.0,88.0,1.9,6.3,3.2,41929,483877.3,610719.3,23.61,89.84,9,1,-0.8660254037844385,-0.5000000000000004,0,0,0,0,0,0,0,0,0,0,1,0,0,0,0,0,0,0,0,0,0,0,0,0,0,0,0,0,0,0,0,0,0
7253,1995,6,35.6,26.4,395.0,84.0,2.5,5.8,4.3,41929,483877.3,610719.3,23.61,89.84,9,1,1.2246467991473532e-16,-1.0,0,0,0,0,0,0,0,0,0,0,1,0,0,0,0,0,0,0,0,0,0,0,0,0,0,0,0,0,0,0,0,0,0
7254,1995,7,33.3,25.7,507.0,87.0,2.7,6.3,3.3,41929,483877.3,610719.3,23.61,89.84,9,1,-0.4999999999999997,-0.8660254037844388,0,0,0,0,0,0,0,0,0,0,1,0,0,0,0,0,0,0,0,0,0,0,0,0,0,0,0,0,0,0,0,0,0
7267,1996,8,34.3,25.7,447.0,89.0,2.1,2.8,3.9,41929,483877.3,610719.3,23.61,89.84,9,1,-0.8660254037844385,-0.5000000000000004,0,0,0,0,0,0,0,0,0,0,1,0,0,0,0,0,0,0,0,0,0,0,0,0,0,0,0,0,0,0,0,0,0
7290,1998,7,34.0,26.0,357.0,89.0,2.4,6.5,3.5,41929,483877.3,610719.3,23.61,89.84,9,1,-0.4999999999999997,-0.8660254037844388,0,0,0,0,0,0,0,0,0,0,1,0,0,0,0,0,0,0,0,0,0,0,0,0,0,0,0,0,0,0,0,0,0
7302,1999,7,34.2,25.7,421.0,89.0,1.9,6.3,4.0,41929,483877.3,610719.3,23.61,89.84,9,1,-0.4999999999999997,-0.8660254037844388,0,0,0,0,0,0,0,0,0,0,1,0,0,0,0,0,0,0,0,0,0,0,0,0,0,0,0,0,0,0,0,0,0
7303,1999,8,32.8,25.8,452.0,87.0,1.7,6.0,3.3,41929,483877.3,610719.3,23.61,89.84,9,1,-0.8660254037844385,-0.5000000000000004,0,0,0,0,0,0,0,0,0,0,1,0,0,0,0,0,0,0,0,0,0,0,0,0,0,0,0,0,0,0,0,0,0
7305,1999,10,33.6,24.7,422.0,85.0,0.9,4.5,5.8,41929,483877.3,610719.3,23.61,89.84,9,1,-0.8660254037844386,0.5000000000000001,0,0,0,0,0,0,0,0,0,0,1,0,0,0,0,0,0,0,0,0,0,0,0,0,0,0,0,0,0,0,0,0,0
7312,2000,5,37.3,24.4,398.0,81.0,1.6,4.9,5.5,41929,483877.3,610719.3,23.61,89.84,9,1,0.49999999999999994,-0.8660254037844387,0,0,0,0,0,0,0,0,0,0,1,0,0,0,0,0,0,0,0,0,0,0,0,0,0,0,0,0,0,0,0,0,0
7316,2000,9,34.7,25.7,399.0,87.0,1.1,5.2,4.8,41929,483877.3,610719.3,23.61,89.84,9,1,-1.0,-1.8369701987210297e-16,0,0,0,0,0,0,0,0,0,0,1,0,0,0,0,0,0,0,0,0,0,0,0,0,0,0,0,0,0,0,0,0,0
7337,2002,6,35.0,25.8,395.0,87.0,1.6,6.1,4.2,41929,483877.3,610719.3,23.61,89.84,9,1,1.2246467991473532e-16,-1.0,0,0,0,0,0,0,0,0,0,0,1,0,0,0,0,0,0,0,0,0,0,0,0,0,0,0,0,0,0,0,0,0,0
7338,2002,7,35.5,26.0,586.0,88.0,1.3,6.6,3.0,41929,483877.3,610719.3,23.61,89.84,9,1,-0.4999999999999997,-0.8660254037844388,0,0,0,0,0,0,0,0,0,0,1,0,0,0,0,0,0,0,0,0,0,0,0,0,0,0,0,0,0,0,0,0,0
7339,2002,8,33.8,26.1,420.0,87.0,1.1,6.2,4.4,41929,483877.3,610719.3,23.61,89.84,9,1,-0.8660254037844385,-0.5000000000000004,0,0,0,0,0,0,0,0,0,0,1,0,0,0,0,0,0,0,0,0,0,0,0,0,0,0,0,0,0,0,0,0,0
7361,2004,6,35.0,25.3,420.0,86.0,1.2,5.5,4.4,41929,483877.3,610719.3,23.61,89.84,9,1,1.2246467991473532e-16,-1.0,0,0,0,0,0,0,0,0,0,0,1,0,0,0,0,0,0,0,0,0,0,0,0,0,0,0,0,0,0,0,0,0,0
7364,2004,9,34.4,25.8,764.0,88.0,1.3,6.1,3.9,41929,483877.3,610719.3,23.61,89.84,9,1,-1.0,-1.8369701987210297e-16,0,0,0,0,0,0,0,0,0,0,1,0,0,0,0,0,0,0,0,0,0,0,0,0,0,0,0,0,0,0,0,0,0
7374,2005,7,33.2,26.1,384.0,87.0,0.9,6.1,4.3,41929,483877.3,610719.3,23.61,89.84,9,1,-0.4999999999999997,-0.8660254037844388,0,0,0,0,0,0,0,0,0,0,1,0,0,0,0,0,0,0,0,0,0,0,0,0,0,0,0,0,0,0,0,0,0
7377,2005,10,34.5,24.2,357.0,86.0,0.4,4.7,5.0,41929,483877.3,610719.3,23.61,89.84,9,1,-0.8660254037844386,0.5000000000000001,0,0,0,0,0,0,0,0,0,0,1,0,0,0,0,0,0,0,0,0,0,0,0,0,0,0,0,0,0,0,0,0,0
7386,2006,7,35.4,26.6,340.0,86.0,2.1,6.1,4.6,41929,483877.3,610719.3,23.61,89.84,9,1,-0.4999999999999997,-0.8660254037844388,0,0,0,0,0,0,0,0,0,0,1,0,0,0,0,0,0,0,0,0,0,0,0,0,0,0,0,0,0,0,0,0,0
7388,2006,9,35.8,26.0,486.0,86.0,1.5,5.3,5.7,41929,483877.3,610719.3,23.61,89.84,9,1,-1.0,-1.8369701987210297e-16,0,0,0,0,0,0,0,0,0,0,1,0,0,0,0,0,0,0,0,0,0,0,0,0,0,0,0,0,0,0,0,0,0
7397,2007,6,36.7,25.5,528.0,85.0,1.3,5.9,5.0,41929,483877.3,610719.3,23.61,89.84,9,1,1.2246467991473532e-16,-1.0,0,0,0,0,0,0,0,0,0,0,1,0,0,0,0,0,0,0,0,0,0,0,0,0,0,0,0,0,0,0,0,0,0
7398,2007,7,34.6,25.9,676.0,87.0,1.2,6.4,3.8,41929,483877.3,610719.3,23.61,89.84,9,1,-0.4999999999999997,-0.8660254037844388,0,0,0,0,0,0,0,0,0,0,1,0,0,0,0,0,0,0,0,0,0,0,0,0,0,0,0,0,0,0,0,0,0
7410,2008,7,33.4,26.0,430.0,87.0,0.8,6.2,3.8,41929,483877.3,610719.3,23.61,89.84,9,1,-0.4999999999999997,-0.8660254037844388,0,0,0,0,0,0,0,0,0,0,1,0,0,0,0,0,0,0,0,0,0,0,0,0,0,0,0,0,0,0,0,0,0
7422,2009,7,34.8,26.3,501.0,86.0,2.4,5.6,4.7,41929,483877.3,610719.3,23.61,89.84,9,1,-0.4999999999999997,-0.8660254037844388,0,0,0,0,0,0,0,0,0,0,1,0,0,0,0,0,0,0,0,0,0,0,0,0,0,0,0,0,0,0,0,0,0
7423,2009,8,34.4,26.4,558.0,86.0,2.2,5.9,4.5,41929,483877.3,610719.3,23.61,89.84,9,1,-0.8660254037844385,-0.5000000000000004,0,0,0,0,0,0,0,0,0,0,1,0,0,0,0,0,0,0,0,0,0,0,0,0,0,0,0,0,0,0,0,0,0
7433,2010,6,36.6,26.1,642.0,85.0,2.7,5.4,4.2,41929,483877.3,610719.3,23.61,89.84,9,1,1.2246467991473532e-16,-1.0,0,0,0,0,0,0,0,0,0,0,1,0,0,0,0,0,0,0,0,0,0,0,0,0,0,0,0,0,0,0,0,0,0
7445,2011,6,37.6,26.1,383.0,85.0,3.1,5.4,4.4,41929,483877.3,610719.3,23.61,89.84,9,1,1.2246467991473532e-16,-1.0,0,0,0,0,0,0,0,0,0,0,1,0,0,0,0,0,0,0,0,0,0,0,0,0,0,0,0,0,0,0,0,0,0
7447,2011,8,36.0,26.4,469.0,86.0,2.5,6.1,3.9,41929,483877.3,610719.3,23.61,89.84,9,1,-0.8660254037844385,-0.5000000000000004,0,0,0,0,0,0,0,0,0,0,1,0,0,0,0,0,0,0,0,0,0,0,0,0,0,0,0,0,0,0,0,0,0
7468,2013,5,37.3,24.6,380.0,84.0,2.9,5.9,3.7,41929,483877.3,610719.3,23.61,89.84,9,1,0.49999999999999994,-0.8660254037844387,0,0,0,0,0,0,0,0,0,0,1,0,0,0,0,0,0,0,0,0,0,0,0,0,0,0,0,0,0,0,0,0,0
7481,1973,6,32.6,25.3,494.0,85.225,1.7,6.2,4.289655172,41943,640285.9,544954.5,23.01,91.37,8,1,1.2246467991473532e-16,-1.0,0,0,0,0,0,0,0,0,0,0,0,1,0,0,0,0,0,0,0,0,0,0,0,0,0,0,0,0,0,0,0,0,0
7482,1973,7,31.1,25.1,734.0,87.225,1.8,6.6,4.106896552,41943,640285.9,544954.5,23.01,91.37,8,1,-0.4999999999999997,-0.8660254037844388,0,0,0,0,0,0,0,0,0,0,0,1,0,0,0,0,0,0,0,0,0,0,0,0,0,0,0,0,0,0,0,0,0
7483,1973,8,31.8,25.3,510.0,85.95,1.6,6.3,4.782758621,41943,640285.9,544954.5,23.01,91.37,8,1,-0.8660254037844385,-0.5000000000000004,0,0,0,0,0,0,0,0,0,0,0,1,0,0,0,0,0,0,0,0,0,0,0,0,0,0,0,0,0,0,0,0,0
7493,1974,6,33.6,25.0,577.0,84.0,2.4,5.7,4.289655172,41943,640285.9,544954.5,23.01,91.37,8,1,1.2246467991473532e-16,-1.0,0,0,0,0,0,0,0,0,0,0,0,1,0,0,0,0,0,0,0,0,0,0,0,0,0,0,0,0,0,0,0,0,0
7494,1974,7,31.3,24.7,1337.0,90.0,2.2,7.1,4.106896552,41943,640285.9,544954.5,23.01,91.37,8,1,-0.4999999999999997,-0.8660254037844388,0,0,0,0,0,0,0,0,0,0,0,1,0,0,0,0,0,0,0,0,0,0,0,0,0,0,0,0,0,0,0,0,0
7495,1974,8,33.6,25.4,514.0,85.0,1.8,6.8,4.782758621,41943,640285.9,544954.5,23.01,91.37,8,1,-0.8660254037844385,-0.5000000000000004,0,0,0,0,0,0,0,0,0,0,0,1,0,0,0,0,0,0,0,0,0,0,0,0,0,0,0,0,0,0,0,0,0
7497,1974,10,34.1,24.8,386.0,84.0,0.7,4.1,6.796551724,41943,640285.9,544954.5,23.01,91.37,8,1,-0.8660254037844386,0.5000000000000001,0,0,0,0,0,0,0,0,0,0,0,1,0,0,0,0,0,0,0,0,0,0,0,0,0,0,0,0,0,0,0,0,0
7506,1975,7,31.8,24.9,710.0,88.0,1.6,6.7,4.106896552,41943,640285.9,544954.5,23.01,91.37,8,1,-0.4999999999999997,-0.8660254037844388,0,0,0,0,0,0,0,0,0,0,0,1,0,0,0,0,0,0,0,0,0,0,0,0,0,0,0,0,0,0,0,0,0
7509,1975,10,33.5,25.0,371.0,84.0,0.4,4.5,6.796551724,41943,640285.9,544954.5,23.01,91.37,8,1,-0.8660254037844386,0.5000000000000001,0,0,0,0,0,0,0,0,0,0,0,1,0,0,0,0,0,0,0,0,0,0,0,0,0,0,0,0,0,0,0,0,0
7517,1976,6,34.5,24.7,1002.0,88.0,1.1,6.6,4.289655172,41943,640285.9,544954.5,23.01,91.37,8,1,1.2246467991473532e-16,-1.0,0,0,0,0,0,0,0,0,0,0,0,1,0,0,0,0,0,0,0,0,0,0,0,0,0,0,0,0,0,0,0,0,0
7518,1976,7,33.7,25.1,522.0,87.0,1.2,6.6,4.106896552,41943,640285.9,544954.5,23.01,91.37,8,1,-0.4999999999999997,-0.8660254037844388,0,0,0,0,0,0,0,0,0,0,0,1,0,0,0,0,0,0,0,0,0,0,0,0,0,0,0,0,0,0,0,0,0
7519,1976,8,34.3,24.6,722.0,89.0,1.0,6.6,4.782758621,41943,640285.9,544954.5,23.01,91.37,8,1,-0.8660254037844385,-0.5000000000000004,0,0,0,0,0,0,0,0,0,0,0,1,0,0,0,0,0,0,0,0,0,0,0,0,0,0,0,0,0,0,0,0,0
7527,1977,4,33.8,22.1,435.0,85.0,1.3,5.1,7.451724138,41943,640285.9,544954.5,23.01,91.37,8,1,0.8660254037844387,-0.4999999999999998,0,0,0,0,0,0,0,0,0,0,0,1,0,0,0,0,0,0,0,0,0,0,0,0,0,0,0,0,0,0,0,0,0
7528,1977,5,34.9,23.7,520.0,83.0,1.0,4.9,6.375862069,41943,640285.9,544954.5,23.01,91.37,8,1,0.49999999999999994,-0.8660254037844387,0,0,0,0,0,0,0,0,0,0,0,1,0,0,0,0,0,0,0,0,0,0,0,0,0,0,0,0,0,0,0,0,0
7529,1977,6,35.1,25.0,572.0,87.0,1.0,6.1,4.289655172,41943,640285.9,544954.5,23.01,91.37,8,1,1.2246467991473532e-16,-1.0,0,0,0,0,0,0,0,0,0,0,0,1,0,0,0,0,0,0,0,0,0,0,0,0,0,0,0,0,0,0,0,0,0
7530,1977,7,34.6,25.4,773.0,89.0,0.9,6.5,4.106896552,41943,640285.9,544954.5,23.01,91.37,8,1,-0.4999999999999997,-0.8660254037844388,0,0,0,0,0,0,0,0,0,0,0,1,0,0,0,0,0,0,0,0,0,0,0,0,0,0,0,0,0,0,0,0,0
7531,1977,8,34.7,25.6,425.0,87.0,0.8,6.2,4.782758621,41943,640285.9,544954.5,23.01,91.37,8,1,-0.8660254037844385,-0.5000000000000004,0,0,0,0,0,0,0,0,0,0,0,1,0,0,0,0,0,0,0,0,0,0,0,0,0,0,0,0,0,0,0,0,0
7540,1978,5,36.5,23.7,556.0,84.0,0.8,5.0,6.375862069,41943,640285.9,544954.5,23.01,91.37,8,1,0.49999999999999994,-0.8660254037844387,0,0,0,0,0,0,0,0,0,0,0,1,0,0,0,0,0,0,0,0,0,0,0,0,0,0,0,0,0,0,0,0,0
7541,1978,6,34.6,25.1,429.0,84.0,0.7,5.6,4.289655172,41943,640285.9,544954.5,23.01,91.37,8,1,1.2246467991473532e-16,-1.0,0,0,0,0,0,0,0,0,0,0,0,1,0,0,0,0,0,0,0,0,0,0,0,0,0,0,0,0,0,0,0,0,0
7542,1978,7,34.6,25.3,458.0,86.0,0.7,5.6,4.106896552,41943,640285.9,544954.5,23.01,91.37,8,1,-0.4999999999999997,-0.8660254037844388,0,0,0,0,0,0,0,0,0,0,0,1,0,0,0,0,0,0,0,0,0,0,0,0,0,0,0,0,0,0,0,0,0
7543,1978,8,35.3,25.7,439.0,83.0,1.0,5.5,4.782758621,41943,640285.9,544954.5,23.01,91.37,8,1,-0.8660254037844385,-0.5000000000000004,0,0,0,0,0,0,0,0,0,0,0,1,0,0,0,0,0,0,0,0,0,0,0,0,0,0,0,0,0,0,0,0,0
7544,1978,9,34.3,25.2,416.0,87.0,0.3,5.6,5.2,41943,640285.9,544954.5,23.01,91.37,8,1,-1.0,-1.8369701987210297e-16,0,0,0,0,0,0,0,0,0,0,0,1,0,0,0,0,0,0,0,0,0,0,0,0,0,0,0,0,0,0,0,0,0
7553,1979,6,37.2,26.1,653.0,85.0,0.8,5.3,4.289655172,41943,640285.9,544954.5,23.01,91.37,8,1,1.2246467991473532e-16,-1.0,0,0,0,0,0,0,0,0,0,0,0,1,0,0,0,0,0,0,0,0,0,0,0,0,0,0,0,0,0,0,0,0,0
7554,1979,7,31.1,25.1,734.0,87.0,1.8,6.6,4.106896552,41943,640285.9,544954.5,23.01,91.37,8,1,-0.4999999999999997,-0.8660254037844388,0,0,0,0,0,0,0,0,0,0,0,1,0,0,0,0,0,0,0,0,0,0,0,0,0,0,0,0,0,0,0,0,0
7555,1979,8,31.8,25.3,510.0,86.0,1.6,6.3,4.782758621,41943,640285.9,544954.5,23.01,91.37,8,1,-0.8660254037844385,-0.5000000000000004,0,0,0,0,0,0,0,0,0,0,0,1,0,0,0,0,0,0,0,0,0,0,0,0,0,0,0,0,0,0,0,0,0
7564,1980,5,35.6,23.4,515.0,80.0,0.7,4.2,6.375862069,41943,640285.9,544954.5,23.01,91.37,8,1,0.49999999999999994,-0.8660254037844387,0,0,0,0,0,0,0,0,0,0,0,1,0,0,0,0,0,0,0,0,0,0,0,0,0,0,0,0,0,0,0,0,0
7575,1981,4,35.4,22.3,432.0,81.0,0.5,4.0,7.451724138,41943,640285.9,544954.5,23.01,91.37,8,1,0.8660254037844387,-0.4999999999999998,0,0,0,0,0,0,0,0,0,0,0,1,0,0,0,0,0,0,0,0,0,0,0,0,0,0,0,0,0,0,0,0,0
7576,1981,5,34.2,24.6,580.0,81.0,0.5,4.7,6.375862069,41943,640285.9,544954.5,23.01,91.37,8,1,0.49999999999999994,-0.8660254037844387,0,0,0,0,0,0,0,0,0,0,0,1,0,0,0,0,0,0,0,0,0,0,0,0,0,0,0,0,0,0,0,0,0
7577,1981,6,34.6,25.2,463.0,85.0,2.1,5.4,4.289655172,41943,640285.9,544954.5,23.01,91.37,8,1,1.2246467991473532e-16,-1.0,0,0,0,0,0,0,0,0,0,0,0,1,0,0,0,0,0,0,0,0,0,0,0,0,0,0,0,0,0,0,0,0,0
7578,1981,7,33.1,24.6,1091.0,90.0,2.5,6.4,4.106896552,41943,640285.9,544954.5,23.01,91.37,8,1,-0.4999999999999997,-0.8660254037844388,0,0,0,0,0,0,0,0,0,0,0,1,0,0,0,0,0,0,0,0,0,0,0,0,0,0,0,0,0,0,0,0,0
7579,1981,8,33.2,25.3,371.0,86.0,2.5,5.6,4.782758621,41943,640285.9,544954.5,23.01,91.37,8,1,-0.8660254037844385,-0.5000000000000004,0,0,0,0,0,0,0,0,0,0,0,1,0,0,0,0,0,0,0,0,0,0,0,0,0,0,0,0,0,0,0,0,0
7587,1982,4,34.2,22.9,413.0,80.0,2.4,5.3,7.451724138,41943,640285.9,544954.5,23.01,91.37,8,1,0.8660254037844387,-0.4999999999999998,0,0,0,0,0,0,0,0,0,0,0,1,0,0,0,0,0,0,0,0,0,0,0,0,0,0,0,0,0,0,0,0,0
7589,1982,6,35.1,25.2,763.0,87.0,2.1,6.9,4.289655172,41943,640285.9,544954.5,23.01,91.37,8,1,1.2246467991473532e-16,-1.0,0,0,0,0,0,0,0,0,0,0,0,1,0,0,0,0,0,0,0,0,0,0,0,0,0,0,0,0,0,0,0,0,0
7590,1982,7,33.8,25.7,687.0,88.0,2.3,6.8,4.106896552,41943,640285.9,544954.5,23.01,91.37,8,1,-0.4999999999999997,-0.8660254037844388,0,0,0,0,0,0,0,0,0,0,0,1,0,0,0,0,0,0,0,0,0,0,0,0,0,0,0,0,0,0,0,0,0
7591,1982,8,33.6,25.4,894.0,88.0,2.6,6.8,4.782758621,41943,640285.9,544954.5,23.01,91.37,8,1,-0.8660254037844385,-0.5000000000000004,0,0,0,0,0,0,0,0,0,0,0,1,0,0,0,0,0,0,0,0,0,0,0,0,0,0,0,0,0,0,0,0,0
7592,1982,9,34.2,25.3,406.0,87.0,1.3,5.8,5.2,41943,640285.9,544954.5,23.01,91.37,8,1,-1.0,-1.8369701987210297e-16,0,0,0,0,0,0,0,0,0,0,0,1,0,0,0,0,0,0,0,0,0,0,0,0,0,0,0,0,0,0,0,0,0
7600,1983,5,35.4,23.8,590.0,84.0,1.9,5.0,6.375862069,41943,640285.9,544954.5,23.01,91.37,8,1,0.49999999999999994,-0.8660254037844387,0,0,0,0,0,0,0,0,0,0,0,1,0,0,0,0,0,0,0,0,0,0,0,0,0,0,0,0,0,0,0,0,0
7602,1983,7,33.1,25.0,766.0,88.0,1.8,6.6,4.106896552,41943,640285.9,544954.5,23.01,91.37,8,1,-0.4999999999999997,-0.8660254037844388,0,0,0,0,0,0,0,0,0,0,0,1,0,0,0,0,0,0,0,0,0,0,0,0,0,0,0,0,0,0,0,0,0
7612,1984,5,33.3,24.1,563.0,86.0,2.3,6.3,6.375862069,41943,640285.9,544954.5,23.01,91.37,8,1,0.49999999999999994,-0.8660254037844387,0,0,0,0,0,0,0,0,0,0,0,1,0,0,0,0,0,0,0,0,0,0,0,0,0,0,0,0,0,0,0,0,0
7613,1984,6,35.1,25.4,436.0,87.0,2.1,6.8,4.289655172,41943,640285.9,544954.5,23.01,91.37,8,1,1.2246467991473532e-16,-1.0,0,0,0,0,0,0,0,0,0,0,0,1,0,0,0,0,0,0,0,0,0,0,0,0,0,0,0,0,0,0,0,0,0
7614,1984,7,33.8,24.6,1292.0,92.0,1.7,7.0,4.106896552,41943,640285.9,544954.5,23.01,91.37,8,1,-0.4999999999999997,-0.8660254037844388,0,0,0,0,0,0,0,0,0,0,0,1,0,0,0,0,0,0,0,0,0,0,0,0,0,0,0,0,0,0,0,0,0
7615,1984,8,34.5,25.0,381.0,89.0,1.6,6.5,4.782758621,41943,640285.9,544954.5,23.01,91.37,8,1,-0.8660254037844385,-0.5000000000000004,0,0,0,0,0,0,0,0,0,0,0,1,0,0,0,0,0,0,0,0,0,0,0,0,0,0,0,0,0,0,0,0,0
7616,1984,9,33.4,24.5,400.0,88.0,0.9,4.8,5.2,41943,640285.9,544954.5,23.01,91.37,8,1,-1.0,-1.8369701987210297e-16,0,0,0,0,0,0,0,0,0,0,0,1,0,0,0,0,0,0,0,0,0,0,0,0,0,0,0,0,0,0,0,0,0
7625,1985,6,33.9,24.5,713.0,88.0,2.0,6.9,2.9,41943,640285.9,544954.5,23.01,91.37,8,1,1.2246467991473532e-16,-1.0,0,0,0,0,0,0,0,0,0,0,0,1,0,0,0,0,0,0,0,0,0,0,0,0,0,0,0,0,0,0,0,0,0
7626,1985,7,32.5,24.8,635.0,89.0,2.4,7.0,3.6,41943,640285.9,544954.5,23.01,91.37,8,1,-0.4999999999999997,-0.8660254037844388,0,0,0,0,0,0,0,0,0,0,0,1,0,0,0,0,0,0,0,0,0,0,0,0,0,0,0,0,0,0,0,0,0
7627,1985,8,33.6,25.4,858.0,87.0,1.7,6.7,6.1,41943,640285.9,544954.5,23.01,91.37,8,1,-0.8660254037844385,-0.5000000000000004,0,0,0,0,0,0,0,0,0,0,0,1,0,0,0,0,0,0,0,0,0,0,0,0,0,0,0,0,0,0,0,0,0
7638,1986,7,32.1,25.2,701.0,87.0,1.8,6.3,4.2,41943,640285.9,544954.5,23.01,91.37,8,1,-0.4999999999999997,-0.8660254037844388,0,0,0,0,0,0,0,0,0,0,0,1,0,0,0,0,0,0,0,0,0,0,0,0,0,0,0,0,0,0,0,0,0
7639,1986,8,35.5,25.5,469.0,85.0,1.2,6.4,4.6,41943,640285.9,544954.5,23.01,91.37,8,1,-0.8660254037844385,-0.5000000000000004,0,0,0,0,0,0,0,0,0,0,0,1,0,0,0,0,0,0,0,0,0,0,0,0,0,0,0,0,0,0,0,0,0
7640,1986,9,36.1,24.6,460.0,87.0,1.1,6.4,4.6,41943,640285.9,544954.5,23.01,91.37,8,1,-1.0,-1.8369701987210297e-16,0,0,0,0,0,0,0,0,0,0,0,1,0,0,0,0,0,0,0,0,0,0,0,0,0,0,0,0,0,0,0,0,0
7647,1987,4,35.1,23.0,395.0,82.0,1.9,4.5,7.4,41943,640285.9,544954.5,23.01,91.37,8,1,0.8660254037844387,-0.4999999999999998,0,0,0,0,0,0,0,0,0,0,0,1,0,0,0,0,0,0,0,0,0,0,0,0,0,0,0,0,0,0,0,0,0
7650,1987,7,32.5,24.7,937.0,90.0,2.1,6.8,3.9,41943,640285.9,544954.5,23.01,91.37,8,1,-0.4999999999999997,-0.8660254037844388,0,0,0,0,0,0,0,0,0,0,0,1,0,0,0,0,0,0,0,0,0,0,0,0,0,0,0,0,0,0,0,0,0
7651,1987,8,34.0,25.0,820.0,88.0,1.9,6.6,4.7,41943,640285.9,544954.5,23.01,91.37,8,1,-0.8660254037844385,-0.5000000000000004,0,0,0,0,0,0,0,0,0,0,0,1,0,0,0,0,0,0,0,0,0,0,0,0,0,0,0,0,0,0,0,0,0
7652,1987,9,33.6,25.1,550.0,87.0,1.8,5.9,5.4,41943,640285.9,544954.5,23.01,91.37,8,1,-1.0,-1.8369701987210297e-16,0,0,0,0,0,0,0,0,0,0,0,1,0,0,0,0,0,0,0,0,0,0,0,0,0,0,0,0,0,0,0,0,0
7661,1988,6,35.6,25.4,204.0,86.0,1.6,6.2,4.3,41943,640285.9,544954.5,23.01,91.37,8,1,1.2246467991473532e-16,-1.0,0,0,0,0,0,0,0,0,0,0,0,1,0,0,0,0,0,0,0,0,0,0,0,0,0,0,0,0,0,0,0,0,0
7662,1988,7,36.1,25.3,822.0,88.0,1.5,6.9,3.6,41943,640285.9,544954.5,23.01,91.37,8,1,-0.4999999999999997,-0.8660254037844388,0,0,0,0,0,0,0,0,0,0,0,1,0,0,0,0,0,0,0,0,0,0,0,0,0,0,0,0,0,0,0,0,0
7663,1988,8,32.6,25.1,724.0,90.0,1.5,7.0,3.0,41943,640285.9,544954.5,23.01,91.37,8,1,-0.8660254037844385,-0.5000000000000004,0,0,0,0,0,0,0,0,0,0,0,1,0,0,0,0,0,0,0,0,0,0,0,0,0,0,0,0,0,0,0,0,0
7673,1989,6,35.5,25.5,597.0,83.0,1.7,5.9,4.3,41943,640285.9,544954.5,23.01,91.37,8,1,1.2246467991473532e-16,-1.0,0,0,0,0,0,0,0,0,0,0,0,1,0,0,0,0,0,0,0,0,0,0,0,0,0,0,0,0,0,0,0,0,0
7674,1989,7,35.1,25.6,1048.0,85.0,1.8,6.4,3.9,41943,640285.9,544954.5,23.01,91.37,8,1,-0.4999999999999997,-0.8660254037844388,0,0,0,0,0,0,0,0,0,0,0,1,0,0,0,0,0,0,0,0,0,0,0,0,0,0,0,0,0,0,0,0,0
7677,1989,10,34.1,23.8,633.0,87.0,0.6,5.2,7.0,41943,640285.9,544954.5,23.01,91.37,8,1,-0.8660254037844386,0.5000000000000001,0,0,0,0,0,0,0,0,0,0,0,1,0,0,0,0,0,0,0,0,0,0,0,0,0,0,0,0,0,0,0,0,0
7684,1990,5,35.6,24.8,485.0,80.0,0.8,4.9,6.4,41943,640285.9,544954.5,23.01,91.37,8,1,0.49999999999999994,-0.8660254037844387,0,0,0,0,0,0,0,0,0,0,0,1,0,0,0,0,0,0,0,0,0,0,0,0,0,0,0,0,0,0,0,0,0
7685,1990,6,34.1,25.6,545.0,84.0,1.7,6.4,4.3,41943,640285.9,544954.5,23.01,91.37,8,1,1.2246467991473532e-16,-1.0,0,0,0,0,0,0,0,0,0,0,0,1,0,0,0,0,0,0,0,0,0,0,0,0,0,0,0,0,0,0,0,0,0
7686,1990,7,33.1,25.2,972.0,87.0,1.8,7.0,3.9,41943,640285.9,544954.5,23.01,91.37,8,1,-0.4999999999999997,-0.8660254037844388,0,0,0,0,0,0,0,0,0,0,0,1,0,0,0,0,0,0,0,0,0,0,0,0,0,0,0,0,0,0,0,0,0
7687,1990,8,35.6,25.6,543.0,84.0,1.1,5.8,4.7,41943,640285.9,544954.5,23.01,91.37,8,1,-0.8660254037844385,-0.5000000000000004,0,0,0,0,0,0,0,0,0,0,0,1,0,0,0,0,0,0,0,0,0,0,0,0,0,0,0,0,0,0,0,0,0
7689,1990,10,34.1,22.5,393.0,83.0,0.8,4.2,7.0,41943,640285.9,544954.5,23.01,91.37,8,1,-0.8660254037844386,0.5000000000000001,0,0,0,0,0,0,0,0,0,0,0,1,0,0,0,0,0,0,0,0,0,0,0,0,0,0,0,0,0,0,0,0,0
7696,1991,5,32.8,22.5,651.0,84.0,2.6,6.3,6.4,41943,640285.9,544954.5,23.01,91.37,8,1,0.49999999999999994,-0.8660254037844387,0,0,0,0,0,0,0,0,0,0,0,1,0,0,0,0,0,0,0,0,0,0,0,0,0,0,0,0,0,0,0,0,0
7697,1991,6,33.7,24.1,770.0,87.0,1.8,6.8,4.3,41943,640285.9,544954.5,23.01,91.37,8,1,1.2246467991473532e-16,-1.0,0,0,0,0,0,0,0,0,0,0,0,1,0,0,0,0,0,0,0,0,0,0,0,0,0,0,0,0,0,0,0,0,0
7698,1991,7,35.1,24.3,753.0,86.0,2.1,6.8,3.9,41943,640285.9,544954.5,23.01,91.37,8,1,-0.4999999999999997,-0.8660254037844388,0,0,0,0,0,0,0,0,0,0,0,1,0,0,0,0,0,0,0,0,0,0,0,0,0,0,0,0,0,0,0,0,0
7699,1991,8,36.4,24.1,494.0,85.0,2.1,6.5,4.7,41943,640285.9,544954.5,23.01,91.37,8,1,-0.8660254037844385,-0.5000000000000004,0,0,0,0,0,0,0,0,0,0,0,1,0,0,0,0,0,0,0,0,0,0,0,0,0,0,0,0,0,0,0,0,0
7700,1991,9,34.6,23.9,739.0,87.0,1.2,6.4,5.4,41943,640285.9,544954.5,23.01,91.37,8,1,-1.0,-1.8369701987210297e-16,0,0,0,0,0,0,0,0,0,0,0,1,0,0,0,0,0,0,0,0,0,0,0,0,0,0,0,0,0,0,0,0,0
7701,1991,10,35.0,22.6,420.0,84.0,0.7,4.4,7.0,41943,640285.9,544954.5,23.01,91.37,8,1,-0.8660254037844386,0.5000000000000001,0,0,0,0,0,0,0,0,0,0,0,1,0,0,0,0,0,0,0,0,0,0,0,0,0,0,0,0,0,0,0,0,0
7710,1992,7,35.1,24.7,384.0,85.0,2.2,7.0,3.9,41943,640285.9,544954.5,23.01,91.37,8,1,-0.4999999999999997,-0.8660254037844388,0,0,0,0,0,0,0,0,0,0,0,1,0,0,0,0,0,0,0,0,0,0,0,0,0,0,0,0,0,0,0,0,0
7720,1993,5,34.9,22.9,525.0,82.0,2.4,5.1,6.3,41943,640285.9,544954.5,23.01,91.37,8,1,0.49999999999999994,-0.8660254037844387,0,0,0,0,0,0,0,0,0,0,0,1,0,0,0,0,0,0,0,0,0,0,0,0,0,0,0,0,0,0,0,0,0
7721,1993,6,33.7,24.7,656.0,85.0,3.3,6.3,4.3,41943,640285.9,544954.5,23.01,91.37,8,1,1.2246467991473532e-16,-1.0,0,0,0,0,0,0,0,0,0,0,0,1,0,0,0,0,0,0,0,0,0,0,0,0,0,0,0,0,0,0,0,0,0
7722,1993,7,34.1,24.8,616.0,85.0,2.6,6.4,4.1,41943,640285.9,544954.5,23.01,91.37,8,1,-0.4999999999999997,-0.8660254037844388,0,0,0,0,0,0,0,0,0,0,0,1,0,0,0,0,0,0,0,0,0,0,0,0,0,0,0,0,0,0,0,0,0
7723,1993,8,33.5,24.6,784.0,86.0,2.8,6.3,4.7,41943,640285.9,544954.5,23.01,91.37,8,1,-0.8660254037844385,-0.5000000000000004,0,0,0,0,0,0,0,0,0,0,0,1,0,0,0,0,0,0,0,0,0,0,0,0,0,0,0,0,0,0,0,0,0
7733,1994,6,35.0,25.3,534.0,85.0,2.3,6.1,3.1,41943,640285.9,544954.5,23.01,91.37,8,1,1.2246467991473532e-16,-1.0,0,0,0,0,0,0,0,0,0,0,0,1,0,0,0,0,0,0,0,0,0,0,0,0,0,0,0,0,0,0,0,0,0
7735,1994,8,34.8,24.4,357.0,84.0,2.1,5.8,4.9,41943,640285.9,544954.5,23.01,91.37,8,1,-0.8660254037844385,-0.5000000000000004,0,0,0,0,0,0,0,0,0,0,0,1,0,0,0,0,0,0,0,0,0,0,0,0,0,0,0,0,0,0,0,0,0
7744,1995,5,35.7,26.2,424.0,80.0,2.6,4.5,7.0,41943,640285.9,544954.5,23.01,91.37,8,1,0.49999999999999994,-0.8660254037844387,0,0,0,0,0,0,0,0,0,0,0,1,0,0,0,0,0,0,0,0,0,0,0,0,0,0,0,0,0,0,0,0,0
7745,1995,6,35.1,25.4,639.0,85.0,2.5,6.3,4.6,41943,640285.9,544954.5,23.01,91.37,8,1,1.2246467991473532e-16,-1.0,0,0,0,0,0,0,0,0,0,0,0,1,0,0,0,0,0,0,0,0,0,0,0,0,0,0,0,0,0,0,0,0,0
7746,1995,7,33.5,24.7,620.0,86.0,2.7,6.5,3.8,41943,640285.9,544954.5,23.01,91.37,8,1,-0.4999999999999997,-0.8660254037844388,0,0,0,0,0,0,0,0,0,0,0,1,0,0,0,0,0,0,0,0,0,0,0,0,0,0,0,0,0,0,0,0,0
7747,1995,8,35.5,24.8,549.0,84.0,1.9,6.0,5.5,41943,640285.9,544954.5,23.01,91.37,8,1,-0.8660254037844385,-0.5000000000000004,0,0,0,0,0,0,0,0,0,0,0,1,0,0,0,0,0,0,0,0,0,0,0,0,0,0,0,0,0,0,0,0,0
7757,1996,6,35.6,25.2,506.0,84.0,1.8,5.9,6.1,41943,640285.9,544954.5,23.01,91.37,8,1,1.2246467991473532e-16,-1.0,0,0,0,0,0,0,0,0,0,0,0,1,0,0,0,0,0,0,0,0,0,0,0,0,0,0,0,0,0,0,0,0,0
7758,1996,7,34.1,25.7,541.0,86.0,1.9,6.4,4.5,41943,640285.9,544954.5,23.01,91.37,8,1,-0.4999999999999997,-0.8660254037844388,0,0,0,0,0,0,0,0,0,0,0,1,0,0,0,0,0,0,0,0,0,0,0,0,0,0,0,0,0,0,0,0,0
7759,1996,8,33.8,25.3,628.0,88.0,1.6,6.8,3.6,41943,640285.9,544954.5,23.01,91.37,8,1,-0.8660254037844385,-0.5000000000000004,0,0,0,0,0,0,0,0,0,0,0,1,0,0,0,0,0,0,0,0,0,0,0,0,0,0,0,0,0,0,0,0,0
7770,1997,7,34.4,25.3,794.0,89.0,1.3,7.0,4.1,41943,640285.9,544954.5,23.01,91.37,8,1,-0.4999999999999997,-0.8660254037844388,0,0,0,0,0,0,0,0,0,0,0,1,0,0,0,0,0,0,0,0,0,0,0,0,0,0,0,0,0,0,0,0,0
7771,1997,8,36.2,25.5,708.0,87.0,1.0,6.5,5.1,41943,640285.9,544954.5,23.01,91.37,8,1,-0.8660254037844385,-0.5000000000000004,0,0,0,0,0,0,0,0,0,0,0,1,0,0,0,0,0,0,0,0,0,0,0,0,0,0,0,0,0,0,0,0,0
7772,1997,9,33.8,24.9,465.0,87.0,1.1,6.0,5.1,41943,640285.9,544954.5,23.01,91.37,8,1,-1.0,-1.8369701987210297e-16,0,0,0,0,0,0,0,0,0,0,0,1,0,0,0,0,0,0,0,0,0,0,0,0,0,0,0,0,0,0,0,0,0
7779,1998,4,34.0,22.8,407.0,81.0,1.0,4.6,6.9,41943,640285.9,544954.5,23.01,91.37,8,1,0.8660254037844387,-0.4999999999999998,0,0,0,0,0,0,0,0,0,0,0,1,0,0,0,0,0,0,0,0,0,0,0,0,0,0,0,0,0,0,0,0,0
7780,1998,5,36.6,25.0,423.0,83.0,1.4,5.3,5.9,41943,640285.9,544954.5,23.01,91.37,8,1,0.49999999999999994,-0.8660254037844387,0,0,0,0,0,0,0,0,0,0,0,1,0,0,0,0,0,0,0,0,0,0,0,0,0,0,0,0,0,0,0,0,0
7782,1998,7,33.6,25.5,931.0,90.0,1.9,7.0,2.6,41943,640285.9,544954.5,23.01,91.37,8,1,-0.4999999999999997,-0.8660254037844388,0,0,0,0,0,0,0,0,0,0,0,1,0,0,0,0,0,0,0,0,0,0,0,0,0,0,0,0,0,0,0,0,0
7783,1998,8,34.4,25.5,858.0,89.0,1.8,6.7,3.1,41943,640285.9,544954.5,23.01,91.37,8,1,-0.8660254037844385,-0.5000000000000004,0,0,0,0,0,0,0,0,0,0,0,1,0,0,0,0,0,0,0,0,0,0,0,0,0,0,0,0,0,0,0,0,0
7792,1999,5,35.4,24.7,409.0,84.0,1.7,5.4,4.6,41943,640285.9,544954.5,23.01,91.37,8,1,0.49999999999999994,-0.8660254037844387,0,0,0,0,0,0,0,0,0,0,0,1,0,0,0,0,0,0,0,0,0,0,0,0,0,0,0,0,0,0,0,0,0
7793,1999,6,36.1,25.5,837.0,87.0,1.3,6.7,4.2,41943,640285.9,544954.5,23.01,91.37,8,1,1.2246467991473532e-16,-1.0,0,0,0,0,0,0,0,0,0,0,0,1,0,0,0,0,0,0,0,0,0,0,0,0,0,0,0,0,0,0,0,0,0
7794,1999,7,35.1,25.2,972.0,87.0,1.5,6.7,4.1,41943,640285.9,544954.5,23.01,91.37,8,1,-0.4999999999999997,-0.8660254037844388,0,0,0,0,0,0,0,0,0,0,0,1,0,0,0,0,0,0,0,0,0,0,0,0,0,0,0,0,0,0,0,0,0
7795,1999,8,34.6,25.4,571.0,87.0,1.4,6.7,3.2,41943,640285.9,544954.5,23.01,91.37,8,1,-0.8660254037844385,-0.5000000000000004,0,0,0,0,0,0,0,0,0,0,0,1,0,0,0,0,0,0,0,0,0,0,0,0,0,0,0,0,0,0,0,0,0
7804,2000,5,36.2,24.2,520.0,82.0,1.2,5.8,4.4,41943,640285.9,544954.5,23.01,91.37,8,1,0.49999999999999994,-0.8660254037844387,0,0,0,0,0,0,0,0,0,0,0,1,0,0,0,0,0,0,0,0,0,0,0,0,0,0,0,0,0,0,0,0,0
7805,2000,6,35.7,25.5,594.0,83.0,1.5,6.4,4.3,41943,640285.9,544954.5,23.01,91.37,8,1,1.2246467991473532e-16,-1.0,0,0,0,0,0,0,0,0,0,0,0,1,0,0,0,0,0,0,0,0,0,0,0,0,0,0,0,0,0,0,0,0,0
7806,2000,7,35.2,25.6,718.0,85.0,1.9,6.7,5.3,41943,640285.9,544954.5,23.01,91.37,8,1,-0.4999999999999997,-0.8660254037844388,0,0,0,0,0,0,0,0,0,0,0,1,0,0,0,0,0,0,0,0,0,0,0,0,0,0,0,0,0,0,0,0,0
7807,2000,8,36.0,25.4,756.0,84.0,1.5,6.4,5.4,41943,640285.9,544954.5,23.01,91.37,8,1,-0.8660254037844385,-0.5000000000000004,0,0,0,0,0,0,0,0,0,0,0,1,0,0,0,0,0,0,0,0,0,0,0,0,0,0,0,0,0,0,0,0,0
7816,2001,5,36.0,24.1,520.0,81.0,0.6,5.4,6.3,41943,640285.9,544954.5,23.01,91.37,8,1,0.49999999999999994,-0.8660254037844387,0,0,0,0,0,0,0,0,0,0,0,1,0,0,0,0,0,0,0,0,0,0,0,0,0,0,0,0,0,0,0,0,0
7817,2001,6,34.0,25.3,594.0,89.0,1.5,7.1,3.1,41943,640285.9,544954.5,23.01,91.37,8,1,1.2246467991473532e-16,-1.0,0,0,0,0,0,0,0,0,0,0,0,1,0,0,0,0,0,0,0,0,0,0,0,0,0,0,0,0,0,0,0,0,0
7818,2001,7,34.1,25.4,718.0,86.0,1.7,6.5,4.5,41943,640285.9,544954.5,23.01,91.37,8,1,-0.4999999999999997,-0.8660254037844388,0,0,0,0,0,0,0,0,0,0,0,1,0,0,0,0,0,0,0,0,0,0,0,0,0,0,0,0,0,0,0,0,0
7819,2001,8,35.0,25.9,756.0,83.0,1.2,6.3,6.7,41943,640285.9,544954.5,23.01,91.37,8,1,-0.8660254037844385,-0.5000000000000004,0,0,0,0,0,0,0,0,0,0,0,1,0,0,0,0,0,0,0,0,0,0,0,0,0,0,0,0,0,0,0,0,0
7828,2002,5,35.2,23.6,455.0,83.0,1.5,5.8,5.5,41943,640285.9,544954.5,23.01,91.37,8,1,0.49999999999999994,-0.8660254037844387,0,0,0,0,0,0,0,0,0,0,0,1,0,0,0,0,0,0,0,0,0,0,0,0,0,0,0,0,0,0,0,0,0
7829,2002,6,34.6,25.4,460.0,84.0,1.3,6.2,4.5,41943,640285.9,544954.5,23.01,91.37,8,1,1.2246467991473532e-16,-1.0,0,0,0,0,0,0,0,0,0,0,0,1,0,0,0,0,0,0,0,0,0,0,0,0,0,0,0,0,0,0,0,0,0
7830,2002,7,34.0,25.5,790.0,89.0,1.3,7.3,2.2,41943,640285.9,544954.5,23.01,91.37,8,1,-0.4999999999999997,-0.8660254037844388,0,0,0,0,0,0,0,0,0,0,0,1,0,0,0,0,0,0,0,0,0,0,0,0,0,0,0,0,0,0,0,0,0
7831,2002,8,35.2,25.4,439.0,86.0,1.1,6.6,4.6,41943,640285.9,544954.5,23.01,91.37,8,1,-0.8660254037844385,-0.5000000000000004,0,0,0,0,0,0,0,0,0,0,0,1,0,0,0,0,0,0,0,0,0,0,0,0,0,0,0,0,0,0,0,0,0
7841,2003,6,35.8,25.0,1046.0,86.0,1.7,7.2,2.7,41943,640285.9,544954.5,23.01,91.37,8,1,1.2246467991473532e-16,-1.0,0,0,0,0,0,0,0,0,0,0,0,1,0,0,0,0,0,0,0,0,0,0,0,0,0,0,0,0,0,0,0,0,0
7842,2003,7,32.6,25.7,397.0,85.0,1.7,6.6,6.6,41943,640285.9,544954.5,23.01,91.37,8,1,-0.4999999999999997,-0.8660254037844388,0,0,0,0,0,0,0,0,0,0,0,1,0,0,0,0,0,0,0,0,0,0,0,0,0,0,0,0,0,0,0,0,0
7853,2004,6,35.0,25.0,468.0,85.0,0.7,6.4,3.5,41943,640285.9,544954.5,23.01,91.37,8,1,1.2246467991473532e-16,-1.0,0,0,0,0,0,0,0,0,0,0,0,1,0,0,0,0,0,0,0,0,0,0,0,0,0,0,0,0,0,0,0,0,0
7854,2004,7,33.5,25.5,499.0,87.0,1.4,6.6,4.0,41943,640285.9,544954.5,23.01,91.37,8,1,-0.4999999999999997,-0.8660254037844388,0,0,0,0,0,0,0,0,0,0,0,1,0,0,0,0,0,0,0,0,0,0,0,0,0,0,0,0,0,0,0,0,0
7856,2004,9,34.3,24.9,708.0,89.0,0.8,6.3,3.4,41943,640285.9,544954.5,23.01,91.37,8,1,-1.0,-1.8369701987210297e-16,0,0,0,0,0,0,0,0,0,0,0,1,0,0,0,0,0,0,0,0,0,0,0,0,0,0,0,0,0,0,0,0,0
7866,2005,7,34.0,25.6,784.0,90.0,1.2,6.9,4.5,41943,640285.9,544954.5,23.01,91.37,8,1,-0.4999999999999997,-0.8660254037844388,0,0,0,0,0,0,0,0,0,0,0,1,0,0,0,0,0,0,0,0,0,0,0,0,0,0,0,0,0,0,0,0,0
7867,2005,8,34.1,25.5,615.0,87.0,1.1,5.7,2.6,41943,640285.9,544954.5,23.01,91.37,8,1,-0.8660254037844385,-0.5000000000000004,0,0,0,0,0,0,0,0,0,0,0,1,0,0,0,0,0,0,0,0,0,0,0,0,0,0,0,0,0,0,0,0,0
7876,2006,5,36.2,24.8,577.0,82.0,0.7,4.9,6.7,41943,640285.9,544954.5,23.01,91.37,8,1,0.49999999999999994,-0.8660254037844387,0,0,0,0,0,0,0,0,0,0,0,1,0,0,0,0,0,0,0,0,0,0,0,0,0,0,0,0,0,0,0,0,0
7878,2006,7,33.6,25.6,439.0,88.0,1.2,7.0,4.0,41943,640285.9,544954.5,23.01,91.37,8,1,-0.4999999999999997,-0.8660254037844388,0,0,0,0,0,0,0,0,0,0,0,1,0,0,0,0,0,0,0,0,0,0,0,0,0,0,0,0,0,0,0,0,0
7880,2006,9,33.5,24.9,388.0,87.0,0.8,5.4,5.6,41943,640285.9,544954.5,23.01,91.37,8,1,-1.0,-1.8369701987210297e-16,0,0,0,0,0,0,0,0,0,0,0,1,0,0,0,0,0,0,0,0,0,0,0,0,0,0,0,0,0,0,0,0,0
7889,2007,6,35.0,25.6,509.0,87.0,1.3,5.9,4.7,41943,640285.9,544954.5,23.01,91.37,8,1,1.2246467991473532e-16,-1.0,0,0,0,0,0,0,0,0,0,0,0,1,0,0,0,0,0,0,0,0,0,0,0,0,0,0,0,0,0,0,0,0,0
7890,2007,7,34.0,25.5,970.0,90.0,1.4,6.6,1.9,41943,640285.9,544954.5,23.01,91.37,8,1,-0.4999999999999997,-0.8660254037844388,0,0,0,0,0,0,0,0,0,0,0,1,0,0,0,0,0,0,0,0,0,0,0,0,0,0,0,0,0,0,0,0,0
7891,2007,8,34.2,26.0,402.0,87.0,1.0,5.7,5.4,41943,640285.9,544954.5,23.01,91.37,8,1,-0.8660254037844385,-0.5000000000000004,0,0,0,0,0,0,0,0,0,0,0,1,0,0,0,0,0,0,0,0,0,0,0,0,0,0,0,0,0,0,0,0,0
7892,2007,9,34.1,25.6,601.0,87.0,0.8,6.2,3.7,41943,640285.9,544954.5,23.01,91.37,8,1,-1.0,-1.8369701987210297e-16,0,0,0,0,0,0,0,0,0,0,0,1,0,0,0,0,0,0,0,0,0,0,0,0,0,0,0,0,0,0,0,0,0
7893,2007,10,35.0,23.5,499.0,84.0,0.5,3.8,5.8,41943,640285.9,544954.5,23.01,91.37,8,1,-0.8660254037844386,0.5000000000000001,0,0,0,0,0,0,0,0,0,0,0,1,0,0,0,0,0,0,0,0,0,0,0,0,0,0,0,0,0,0,0,0,0
7912,2009,5,35.9,24.6,506.0,79.0,2.8,4.8,6.8,41943,640285.9,544954.5,23.01,91.37,8,1,0.49999999999999994,-0.8660254037844387,0,0,0,0,0,0,0,0,0,0,0,1,0,0,0,0,0,0,0,0,0,0,0,0,0,0,0,0,0,0,0,0,0
7913,2009,6,35.4,25.8,371.0,80.0,3.0,5.6,6.1,41943,640285.9,544954.5,23.01,91.37,8,1,1.2246467991473532e-16,-1.0,0,0,0,0,0,0,0,0,0,0,0,1,0,0,0,0,0,0,0,0,0,0,0,0,0,0,0,0,0,0,0,0,0
7914,2009,7,34.6,25.7,854.0,81.0,2.7,6.5,4.7,41943,640285.9,544954.5,23.01,91.37,8,1,-0.4999999999999997,-0.8660254037844388,0,0,0,0,0,0,0,0,0,0,0,1,0,0,0,0,0,0,0,0,0,0,0,0,0,0,0,0,0,0,0,0,0
7915,2009,8,33.5,25.6,682.0,85.0,2.3,6.6,4.0,41943,640285.9,544954.5,23.01,91.37,8,1,-0.8660254037844385,-0.5000000000000004,0,0,0,0,0,0,0,0,0,0,0,1,0,0,0,0,0,0,0,0,0,0,0,0,0,0,0,0,0,0,0,0,0
7925,2010,6,33.9,25.6,728.0,85.0,2.7,7.1,2.9,41943,640285.9,544954.5,23.01,91.37,8,1,1.2246467991473532e-16,-1.0,0,0,0,0,0,0,0,0,0,0,0,1,0,0,0,0,0,0,0,0,0,0,0,0,0,0,0,0,0,0,0,0,0
7926,2010,7,33.8,26.1,444.0,84.0,2.6,6.6,4.5,41943,640285.9,544954.5,23.01,91.37,8,1,-0.4999999999999997,-0.8660254037844388,0,0,0,0,0,0,0,0,0,0,0,1,0,0,0,0,0,0,0,0,0,0,0,0,0,0,0,0,0,0,0,0,0
7929,2010,10,35.2,24.6,383.0,83.0,1.2,4.1,7.2,41943,640285.9,544954.5,23.01,91.37,8,1,-0.8660254037844386,0.5000000000000001,0,0,0,0,0,0,0,0,0,0,0,1,0,0,0,0,0,0,0,0,0,0,0,0,0,0,0,0,0,0,0,0,0
7936,2011,5,35.2,24.2,437.0,88.0,2.5,6.1,6.1,41943,640285.9,544954.5,23.01,91.37,8,1,0.49999999999999994,-0.8660254037844387,0,0,0,0,0,0,0,0,0,0,0,1,0,0,0,0,0,0,0,0,0,0,0,0,0,0,0,0,0,0,0,0,0
7937,2011,6,35.0,25.5,599.0,88.0,2.6,6.4,3.6,41943,640285.9,544954.5,23.01,91.37,8,1,1.2246467991473532e-16,-1.0,0,0,0,0,0,0,0,0,0,0,0,1,0,0,0,0,0,0,0,0,0,0,0,0,0,0,0,0,0,0,0,0,0
7938,2011,7,35.0,25.6,576.0,86.0,2.4,6.4,4.5,41943,640285.9,544954.5,23.01,91.37,8,1,-0.4999999999999997,-0.8660254037844388,0,0,0,0,0,0,0,0,0,0,0,1,0,0,0,0,0,0,0,0,0,0,0,0,0,0,0,0,0,0,0,0,0
7939,2011,8,36.1,25.3,832.0,89.0,2.3,6.9,4.1,41943,640285.9,544954.5,23.01,91.37,8,1,-0.8660254037844385,-0.5000000000000004,0,0,0,0,0,0,0,0,0,0,0,1,0,0,0,0,0,0,0,0,0,0,0,0,0,0,0,0,0,0,0,0,0
7940,2011,9,35.8,25.3,402.0,87.0,2.3,5.9,5.3,41943,640285.9,544954.5,23.01,91.37,8,1,-1.0,-1.8369701987210297e-16,0,0,0,0,0,0,0,0,0,0,0,1,0,0,0,0,0,0,0,0,0,0,0,0,0,0,0,0,0,0,0,0,0
7949,2012,6,35.4,25.1,723.0,87.0,3.1,6.8,4.2,41943,640285.9,544954.5,23.01,91.37,8,1,1.2246467991473532e-16,-1.0,0,0,0,0,0,0,0,0,0,0,0,1,0,0,0,0,0,0,0,0,0,0,0,0,0,0,0,0,0,0,0,0,0
7950,2012,7,33.8,25.3,568.0,89.0,3.2,7.0,4.3,41943,640285.9,544954.5,23.01,91.37,8,1,-0.4999999999999997,-0.8660254037844388,0,0,0,0,0,0,0,0,0,0,0,1,0,0,0,0,0,0,0,0,0,0,0,0,0,0,0,0,0,0,0,0,0
7951,2012,8,34.3,25.5,390.0,86.0,2.4,6.5,5.2,41943,640285.9,544954.5,23.01,91.37,8,1,-0.8660254037844385,-0.5000000000000004,0,0,0,0,0,0,0,0,0,0,0,1,0,0,0,0,0,0,0,0,0,0,0,0,0,0,0,0,0,0,0,0,0
7960,2013,5,33.4,24.3,533.0,87.0,3.8,7.0,3.3,41943,640285.9,544954.5,23.01,91.37,8,1,0.49999999999999994,-0.8660254037844387,0,0,0,0,0,0,0,0,0,0,0,1,0,0,0,0,0,0,0,0,0,0,0,0,0,0,0,0,0,0,0,0,0
7961,2013,6,36.0,26.2,493.0,84.0,2.7,6.1,6.1,41943,640285.9,544954.5,23.01,91.37,8,1,1.2246467991473532e-16,-1.0,0,0,0,0,0,0,0,0,0,0,0,1,0,0,0,0,0,0,0,0,0,0,0,0,0,0,0,0,0,0,0,0,0
7963,2013,8,33.8,25.5,468.0,87.0,3.1,6.7,3.9,41943,640285.9,544954.5,23.01,91.37,8,1,-0.8660254037844385,-0.5000000000000004,0,0,0,0,0,0,0,0,0,0,0,1,0,0,0,0,0,0,0,0,0,0,0,0,0,0,0,0,0,0,0,0,0
7973,1966,6,32.7,25.7,603.0,91.0,3.0,6.8,3.803448276,41963,616159.2,465295.1,22.29,91.13,4,1,1.2246467991473532e-16,-1.0,0,0,0,0,0,0,0,0,0,0,0,0,1,0,0,0,0,0,0,0,0,0,0,0,0,0,0,0,0,0,0,0,0
7974,1966,7,31.0,25.7,404.0,88.0,1.7,6.4,3.968965517,41963,616159.2,465295.1,22.29,91.13,4,1,-0.4999999999999997,-0.8660254037844388,0,0,0,0,0,0,0,0,0,0,0,0,1,0,0,0,0,0,0,0,0,0,0,0,0,0,0,0,0,0,0,0,0
7975,1966,8,31.0,25.4,853.0,89.0,1.1,6.7,4.424137931,41963,616159.2,465295.1,22.29,91.13,4,1,-0.8660254037844385,-0.5000000000000004,0,0,0,0,0,0,0,0,0,0,0,0,1,0,0,0,0,0,0,0,0,0,0,0,0,0,0,0,0,0,0,0,0
7976,1966,9,32.9,25.1,474.0,87.0,1.0,4.8,4.965517241,41963,616159.2,465295.1,22.29,91.13,4,1,-1.0,-1.8369701987210297e-16,0,0,0,0,0,0,0,0,0,0,0,0,1,0,0,0,0,0,0,0,0,0,0,0,0,0,0,0,0,0,0,0,0
7986,1967,7,32.1,24.2,625.0,87.0,2.0,6.6,3.968965517,41963,616159.2,465295.1,22.29,91.13,4,1,-0.4999999999999997,-0.8660254037844388,0,0,0,0,0,0,0,0,0,0,0,0,1,0,0,0,0,0,0,0,0,0,0,0,0,0,0,0,0,0,0,0,0
7987,1967,8,32.1,23.4,680.0,88.0,1.9,6.4,4.424137931,41963,616159.2,465295.1,22.29,91.13,4,1,-0.8660254037844385,-0.5000000000000004,0,0,0,0,0,0,0,0,0,0,0,0,1,0,0,0,0,0,0,0,0,0,0,0,0,0,0,0,0,0,0,0,0
7988,1967,9,32.7,22.6,726.0,87.0,1.6,5.0,4.965517241,41963,616159.2,465295.1,22.29,91.13,4,1,-1.0,-1.8369701987210297e-16,0,0,0,0,0,0,0,0,0,0,0,0,1,0,0,0,0,0,0,0,0,0,0,0,0,0,0,0,0,0,0,0,0
7997,1968,6,31.0,24.3,905.0,90.0,3.2,6.9,3.803448276,41963,616159.2,465295.1,22.29,91.13,4,1,1.2246467991473532e-16,-1.0,0,0,0,0,0,0,0,0,0,0,0,0,1,0,0,0,0,0,0,0,0,0,0,0,0,0,0,0,0,0,0,0,0
7998,1968,7,31.8,25.2,901.0,89.0,2.7,5.7,3.968965517,41963,616159.2,465295.1,22.29,91.13,4,1,-0.4999999999999997,-0.8660254037844388,0,0,0,0,0,0,0,0,0,0,0,0,1,0,0,0,0,0,0,0,0,0,0,0,0,0,0,0,0,0,0,0,0
8009,1969,6,32.2,25.2,460.0,89.0,2.4,6.1,3.803448276,41963,616159.2,465295.1,22.29,91.13,4,1,1.2246467991473532e-16,-1.0,0,0,0,0,0,0,0,0,0,0,0,0,1,0,0,0,0,0,0,0,0,0,0,0,0,0,0,0,0,0,0,0,0
8010,1969,7,31.3,25.1,741.0,90.0,2.8,5.9,3.968965517,41963,616159.2,465295.1,22.29,91.13,4,1,-0.4999999999999997,-0.8660254037844388,0,0,0,0,0,0,0,0,0,0,0,0,1,0,0,0,0,0,0,0,0,0,0,0,0,0,0,0,0,0,0,0,0
8011,1969,8,32.4,24.8,838.0,90.0,1.8,5.9,4.424137931,41963,616159.2,465295.1,22.29,91.13,4,1,-0.8660254037844385,-0.5000000000000004,0,0,0,0,0,0,0,0,0,0,0,0,1,0,0,0,0,0,0,0,0,0,0,0,0,0,0,0,0,0,0,0,0
8012,1969,9,32.9,25.2,544.0,86.0,1.5,4.3,4.965517241,41963,616159.2,465295.1,22.29,91.13,4,1,-1.0,-1.8369701987210297e-16,0,0,0,0,0,0,0,0,0,0,0,0,1,0,0,0,0,0,0,0,0,0,0,0,0,0,0,0,0,0,0,0,0
8021,1970,6,31.8,25.8,468.0,87.0,4.2,6.2,3.803448276,41963,616159.2,465295.1,22.29,91.13,4,1,1.2246467991473532e-16,-1.0,0,0,0,0,0,0,0,0,0,0,0,0,1,0,0,0,0,0,0,0,0,0,0,0,0,0,0,0,0,0,0,0,0
8022,1970,7,31.9,25.3,584.0,89.0,3.8,6.4,3.968965517,41963,616159.2,465295.1,22.29,91.13,4,1,-0.4999999999999997,-0.8660254037844388,0,0,0,0,0,0,0,0,0,0,0,0,1,0,0,0,0,0,0,0,0,0,0,0,0,0,0,0,0,0,0,0,0
8023,1970,8,33.3,25.4,512.0,88.0,2.7,6.4,4.424137931,41963,616159.2,465295.1,22.29,91.13,4,1,-0.8660254037844385,-0.5000000000000004,0,0,0,0,0,0,0,0,0,0,0,0,1,0,0,0,0,0,0,0,0,0,0,0,0,0,0,0,0,0,0,0,0
8024,1970,9,31.6,25.4,521.0,86.0,2.3,6.0,4.965517241,41963,616159.2,465295.1,22.29,91.13,4,1,-1.0,-1.8369701987210297e-16,0,0,0,0,0,0,0,0,0,0,0,0,1,0,0,0,0,0,0,0,0,0,0,0,0,0,0,0,0,0,0,0,0
8033,1971,6,31.8,25.5,556.0,87.0,3.1,5.8,3.803448276,41963,616159.2,465295.1,22.29,91.13,4,1,1.2246467991473532e-16,-1.0,0,0,0,0,0,0,0,0,0,0,0,0,1,0,0,0,0,0,0,0,0,0,0,0,0,0,0,0,0,0,0,0,0
8034,1971,7,34.3,25.0,790.0,89.0,2.4,6.4,3.968965517,41963,616159.2,465295.1,22.29,91.13,4,1,-0.4999999999999997,-0.8660254037844388,0,0,0,0,0,0,0,0,0,0,0,0,1,0,0,0,0,0,0,0,0,0,0,0,0,0,0,0,0,0,0,0,0
8035,1971,8,31.5,25.0,989.0,88.0,2.4,6.6,4.424137931,41963,616159.2,465295.1,22.29,91.13,4,1,-0.8660254037844385,-0.5000000000000004,0,0,0,0,0,0,0,0,0,0,0,0,1,0,0,0,0,0,0,0,0,0,0,0,0,0,0,0,0,0,0,0,0
8036,1971,9,30.9,24.7,430.0,86.0,2.7,4.7,4.965517241,41963,616159.2,465295.1,22.29,91.13,4,1,-1.0,-1.8369701987210297e-16,0,0,0,0,0,0,0,0,0,0,0,0,1,0,0,0,0,0,0,0,0,0,0,0,0,0,0,0,0,0,0,0,0
8045,1972,6,31.8,25.5,566.0,87.0,3.1,5.9,3.803448276,41963,616159.2,465295.1,22.29,91.13,4,1,1.2246467991473532e-16,-1.0,0,0,0,0,0,0,0,0,0,0,0,0,1,0,0,0,0,0,0,0,0,0,0,0,0,0,0,0,0,0,0,0,0
8046,1972,7,30.5,25.4,686.0,89.0,2.9,6.3,3.968965517,41963,616159.2,465295.1,22.29,91.13,4,1,-0.4999999999999997,-0.8660254037844388,0,0,0,0,0,0,0,0,0,0,0,0,1,0,0,0,0,0,0,0,0,0,0,0,0,0,0,0,0,0,0,0,0
8047,1972,8,30.7,25.3,570.0,88.0,2.4,6.0,4.424137931,41963,616159.2,465295.1,22.29,91.13,4,1,-0.8660254037844385,-0.5000000000000004,0,0,0,0,0,0,0,0,0,0,0,0,1,0,0,0,0,0,0,0,0,0,0,0,0,0,0,0,0,0,0,0,0
8048,1972,9,31.3,25.2,404.0,86.0,1.8,5.2,4.965517241,41963,616159.2,465295.1,22.29,91.13,4,1,-1.0,-1.8369701987210297e-16,0,0,0,0,0,0,0,0,0,0,0,0,1,0,0,0,0,0,0,0,0,0,0,0,0,0,0,0,0,0,0,0,0
8057,1973,6,32.1,26.1,335.0,87.0,2.6,5.8,3.803448276,41963,616159.2,465295.1,22.29,91.13,4,1,1.2246467991473532e-16,-1.0,0,0,0,0,0,0,0,0,0,0,0,0,1,0,0,0,0,0,0,0,0,0,0,0,0,0,0,0,0,0,0,0,0
8060,1973,9,33.4,25.4,385.0,86.0,2.9,6.2,4.965517241,41963,616159.2,465295.1,22.29,91.13,4,1,-1.0,-1.8369701987210297e-16,0,0,0,0,0,0,0,0,0,0,0,0,1,0,0,0,0,0,0,0,0,0,0,0,0,0,0,0,0,0,0,0,0
8069,1974,6,33.2,25.0,434.0,86.0,3.8,5.0,3.803448276,41963,616159.2,465295.1,22.29,91.13,4,1,1.2246467991473532e-16,-1.0,0,0,0,0,0,0,0,0,0,0,0,0,1,0,0,0,0,0,0,0,0,0,0,0,0,0,0,0,0,0,0,0,0
8070,1974,7,31.0,25.0,793.0,91.0,3.4,6.6,3.968965517,41963,616159.2,465295.1,22.29,91.13,4,1,-0.4999999999999997,-0.8660254037844388,0,0,0,0,0,0,0,0,0,0,0,0,1,0,0,0,0,0,0,0,0,0,0,0,0,0,0,0,0,0,0,0,0
8071,1974,8,32.1,25.3,399.0,90.0,4.1,6.2,4.424137931,41963,616159.2,465295.1,22.29,91.13,4,1,-0.8660254037844385,-0.5000000000000004,0,0,0,0,0,0,0,0,0,0,0,0,1,0,0,0,0,0,0,0,0,0,0,0,0,0,0,0,0,0,0,0,0
8072,1974,9,33.5,25.1,613.0,87.0,2.8,5.1,4.965517241,41963,616159.2,465295.1,22.29,91.13,4,1,-1.0,-1.8369701987210297e-16,0,0,0,0,0,0,0,0,0,0,0,0,1,0,0,0,0,0,0,0,0,0,0,0,0,0,0,0,0,0,0,0,0
8082,1975,7,30.5,24.7,1235.0,90.0,3.1,6.4,3.968965517,41963,616159.2,465295.1,22.29,91.13,4,1,-0.4999999999999997,-0.8660254037844388,0,0,0,0,0,0,0,0,0,0,0,0,1,0,0,0,0,0,0,0,0,0,0,0,0,0,0,0,0,0,0,0,0
8083,1975,8,33.0,25.4,449.0,85.0,1.5,5.9,4.424137931,41963,616159.2,465295.1,22.29,91.13,4,1,-0.8660254037844385,-0.5000000000000004,0,0,0,0,0,0,0,0,0,0,0,0,1,0,0,0,0,0,0,0,0,0,0,0,0,0,0,0,0,0,0,0,0
8085,1975,10,33.1,25.4,513.0,85.0,0.6,4.6,6.493103448,41963,616159.2,465295.1,22.29,91.13,4,1,-0.8660254037844386,0.5000000000000001,0,0,0,0,0,0,0,0,0,0,0,0,1,0,0,0,0,0,0,0,0,0,0,0,0,0,0,0,0,0,0,0,0
8093,1976,6,31.8,24.5,732.0,88.0,2.8,6.2,3.803448276,41963,616159.2,465295.1,22.29,91.13,4,1,1.2246467991473532e-16,-1.0,0,0,0,0,0,0,0,0,0,0,0,0,1,0,0,0,0,0,0,0,0,0,0,0,0,0,0,0,0,0,0,0,0
8094,1976,7,37.8,25.1,826.0,91.0,3.1,6.5,3.968965517,41963,616159.2,465295.1,22.29,91.13,4,1,-0.4999999999999997,-0.8660254037844388,0,0,0,0,0,0,0,0,0,0,0,0,1,0,0,0,0,0,0,0,0,0,0,0,0,0,0,0,0,0,0,0,0
8095,1976,8,37.8,25.0,865.0,89.0,2.3,5.9,4.424137931,41963,616159.2,465295.1,22.29,91.13,4,1,-0.8660254037844385,-0.5000000000000004,0,0,0,0,0,0,0,0,0,0,0,0,1,0,0,0,0,0,0,0,0,0,0,0,0,0,0,0,0,0,0,0,0
8103,1977,4,32.5,23.0,513.0,83.0,2.9,4.1,7.965517241,41963,616159.2,465295.1,22.29,91.13,4,1,0.8660254037844387,-0.4999999999999998,0,0,0,0,0,0,0,0,0,0,0,0,1,0,0,0,0,0,0,0,0,0,0,0,0,0,0,0,0,0,0,0,0
8104,1977,5,33.5,24.8,496.0,83.0,1.6,4.3,6.251724138,41963,616159.2,465295.1,22.29,91.13,4,1,0.49999999999999994,-0.8660254037844387,0,0,0,0,0,0,0,0,0,0,0,0,1,0,0,0,0,0,0,0,0,0,0,0,0,0,0,0,0,0,0,0,0
8105,1977,6,32.3,24.9,737.0,88.0,2.5,5.9,3.803448276,41963,616159.2,465295.1,22.29,91.13,4,1,1.2246467991473532e-16,-1.0,0,0,0,0,0,0,0,0,0,0,0,0,1,0,0,0,0,0,0,0,0,0,0,0,0,0,0,0,0,0,0,0,0
8106,1977,7,32.6,25.8,646.0,90.0,3.2,6.1,3.968965517,41963,616159.2,465295.1,22.29,91.13,4,1,-0.4999999999999997,-0.8660254037844388,0,0,0,0,0,0,0,0,0,0,0,0,1,0,0,0,0,0,0,0,0,0,0,0,0,0,0,0,0,0,0,0,0
8107,1977,8,31.7,25.7,410.0,88.0,2.7,5.8,4.424137931,41963,616159.2,465295.1,22.29,91.13,4,1,-0.8660254037844385,-0.5000000000000004,0,0,0,0,0,0,0,0,0,0,0,0,1,0,0,0,0,0,0,0,0,0,0,0,0,0,0,0,0,0,0,0,0
8116,1978,5,34.4,25.0,700.0,80.0,2.1,2.2,6.251724138,41963,616159.2,465295.1,22.29,91.13,4,1,0.49999999999999994,-0.8660254037844387,0,0,0,0,0,0,0,0,0,0,0,0,1,0,0,0,0,0,0,0,0,0,0,0,0,0,0,0,0,0,0,0,0
8117,1978,6,32.8,25.9,949.0,84.0,3.6,5.4,3.803448276,41963,616159.2,465295.1,22.29,91.13,4,1,1.2246467991473532e-16,-1.0,0,0,0,0,0,0,0,0,0,0,0,0,1,0,0,0,0,0,0,0,0,0,0,0,0,0,0,0,0,0,0,0,0
8118,1978,7,31.4,25.5,530.0,86.0,2.4,5.9,3.968965517,41963,616159.2,465295.1,22.29,91.13,4,1,-0.4999999999999997,-0.8660254037844388,0,0,0,0,0,0,0,0,0,0,0,0,1,0,0,0,0,0,0,0,0,0,0,0,0,0,0,0,0,0,0,0,0
8119,1978,8,34.6,25.3,555.0,89.0,2.5,5.8,4.424137931,41963,616159.2,465295.1,22.29,91.13,4,1,-0.8660254037844385,-0.5000000000000004,0,0,0,0,0,0,0,0,0,0,0,0,1,0,0,0,0,0,0,0,0,0,0,0,0,0,0,0,0,0,0,0,0
8120,1978,9,33.3,25.2,507.0,86.0,0.9,5.1,4.965517241,41963,616159.2,465295.1,22.29,91.13,4,1,-1.0,-1.8369701987210297e-16,0,0,0,0,0,0,0,0,0,0,0,0,1,0,0,0,0,0,0,0,0,0,0,0,0,0,0,0,0,0,0,0,0
8129,1979,6,35.7,25.9,634.0,85.0,3.6,5.4,3.803448276,41963,616159.2,465295.1,22.29,91.13,4,1,1.2246467991473532e-16,-1.0,0,0,0,0,0,0,0,0,0,0,0,0,1,0,0,0,0,0,0,0,0,0,0,0,0,0,0,0,0,0,0,0,0
8130,1979,7,32.0,25.9,718.0,86.0,2.4,5.9,3.968965517,41963,616159.2,465295.1,22.29,91.13,4,1,-0.4999999999999997,-0.8660254037844388,0,0,0,0,0,0,0,0,0,0,0,0,1,0,0,0,0,0,0,0,0,0,0,0,0,0,0,0,0,0,0,0,0
8131,1979,8,34.6,25.4,1115.0,88.0,2.6,5.8,4.424137931,41963,616159.2,465295.1,22.29,91.13,4,1,-0.8660254037844385,-0.5000000000000004,0,0,0,0,0,0,0,0,0,0,0,0,1,0,0,0,0,0,0,0,0,0,0,0,0,0,0,0,0,0,0,0,0
8132,1979,9,34.6,25.5,580.0,86.0,0.9,5.1,4.965517241,41963,616159.2,465295.1,22.29,91.13,4,1,-1.0,-1.8369701987210297e-16,0,0,0,0,0,0,0,0,0,0,0,0,1,0,0,0,0,0,0,0,0,0,0,0,0,0,0,0,0,0,0,0,0
8142,1980,7,31.3,25.7,885.0,90.0,3.3,6.4,3.968965517,41963,616159.2,465295.1,22.29,91.13,4,1,-0.4999999999999997,-0.8660254037844388,0,0,0,0,0,0,0,0,0,0,0,0,1,0,0,0,0,0,0,0,0,0,0,0,0,0,0,0,0,0,0,0,0
8143,1980,8,32.8,25.7,724.0,88.0,2.2,5.6,4.424137931,41963,616159.2,465295.1,22.29,91.13,4,1,-0.8660254037844385,-0.5000000000000004,0,0,0,0,0,0,0,0,0,0,0,0,1,0,0,0,0,0,0,0,0,0,0,0,0,0,0,0,0,0,0,0,0
8145,1980,10,32.6,24.4,387.0,83.0,1.3,2.7,6.493103448,41963,616159.2,465295.1,22.29,91.13,4,1,-0.8660254037844386,0.5000000000000001,0,0,0,0,0,0,0,0,0,0,0,0,1,0,0,0,0,0,0,0,0,0,0,0,0,0,0,0,0,0,0,0,0
8153,1981,6,31.9,25.7,566.0,87.0,3.1,5.9,3.803448276,41963,616159.2,465295.1,22.29,91.13,4,1,1.2246467991473532e-16,-1.0,0,0,0,0,0,0,0,0,0,0,0,0,1,0,0,0,0,0,0,0,0,0,0,0,0,0,0,0,0,0,0,0,0
8154,1981,7,30.6,25.4,686.0,89.0,2.9,6.3,3.968965517,41963,616159.2,465295.1,22.29,91.13,4,1,-0.4999999999999997,-0.8660254037844388,0,0,0,0,0,0,0,0,0,0,0,0,1,0,0,0,0,0,0,0,0,0,0,0,0,0,0,0,0,0,0,0,0
8155,1981,8,31.1,25.5,570.0,88.0,2.4,6.0,4.424137931,41963,616159.2,465295.1,22.29,91.13,4,1,-0.8660254037844385,-0.5000000000000004,0,0,0,0,0,0,0,0,0,0,0,0,1,0,0,0,0,0,0,0,0,0,0,0,0,0,0,0,0,0,0,0,0
8156,1981,9,30.2,25.4,404.0,86.0,1.8,5.2,4.965517241,41963,616159.2,465295.1,22.29,91.13,4,1,-1.0,-1.8369701987210297e-16,0,0,0,0,0,0,0,0,0,0,0,0,1,0,0,0,0,0,0,0,0,0,0,0,0,0,0,0,0,0,0,0,0
8165,1982,6,35.1,25.5,581.0,88.0,1.9,6.0,3.803448276,41963,616159.2,465295.1,22.29,91.13,4,1,1.2246467991473532e-16,-1.0,0,0,0,0,0,0,0,0,0,0,0,0,1,0,0,0,0,0,0,0,0,0,0,0,0,0,0,0,0,0,0,0,0
8166,1982,7,32.1,25.9,604.0,88.0,2.0,5.3,3.968965517,41963,616159.2,465295.1,22.29,91.13,4,1,-0.4999999999999997,-0.8660254037844388,0,0,0,0,0,0,0,0,0,0,0,0,1,0,0,0,0,0,0,0,0,0,0,0,0,0,0,0,0,0,0,0,0
8167,1982,8,31.0,25.3,754.0,90.0,3.0,6.4,4.424137931,41963,616159.2,465295.1,22.29,91.13,4,1,-0.8660254037844385,-0.5000000000000004,0,0,0,0,0,0,0,0,0,0,0,0,1,0,0,0,0,0,0,0,0,0,0,0,0,0,0,0,0,0,0,0,0
8177,1983,6,34.0,25.4,504.0,85.0,3.2,5.6,3.803448276,41963,616159.2,465295.1,22.29,91.13,4,1,1.2246467991473532e-16,-1.0,0,0,0,0,0,0,0,0,0,0,0,0,1,0,0,0,0,0,0,0,0,0,0,0,0,0,0,0,0,0,0,0,0
8178,1983,7,30.4,25.4,686.0,89.0,2.9,6.3,3.968965517,41963,616159.2,465295.1,22.29,91.13,4,1,-0.4999999999999997,-0.8660254037844388,0,0,0,0,0,0,0,0,0,0,0,0,1,0,0,0,0,0,0,0,0,0,0,0,0,0,0,0,0,0,0,0,0
8179,1983,8,33.4,25.7,844.0,87.0,3.4,6.1,4.424137931,41963,616159.2,465295.1,22.29,91.13,4,1,-0.8660254037844385,-0.5000000000000004,0,0,0,0,0,0,0,0,0,0,0,0,1,0,0,0,0,0,0,0,0,0,0,0,0,0,0,0,0,0,0,0,0
8180,1983,9,33.2,25.4,494.0,86.0,2.1,5.6,4.965517241,41963,616159.2,465295.1,22.29,91.13,4,1,-1.0,-1.8369701987210297e-16,0,0,0,0,0,0,0,0,0,0,0,0,1,0,0,0,0,0,0,0,0,0,0,0,0,0,0,0,0,0,0,0,0
8181,1983,10,33.0,24.1,440.0,84.0,1.5,3.6,6.493103448,41963,616159.2,465295.1,22.29,91.13,4,1,-0.8660254037844386,0.5000000000000001,0,0,0,0,0,0,0,0,0,0,0,0,1,0,0,0,0,0,0,0,0,0,0,0,0,0,0,0,0,0,0,0,0
8189,1984,6,34.5,25.7,698.0,86.0,3.2,6.7,3.803448276,41963,616159.2,465295.1,22.29,91.13,4,1,1.2246467991473532e-16,-1.0,0,0,0,0,0,0,0,0,0,0,0,0,1,0,0,0,0,0,0,0,0,0,0,0,0,0,0,0,0,0,0,0,0
8190,1984,7,32.0,25.3,608.0,87.0,2.2,6.1,3.968965517,41963,616159.2,465295.1,22.29,91.13,4,1,-0.4999999999999997,-0.8660254037844388,0,0,0,0,0,0,0,0,0,0,0,0,1,0,0,0,0,0,0,0,0,0,0,0,0,0,0,0,0,0,0,0,0
8191,1984,8,33.4,25.1,546.0,88.0,2.2,6.4,4.424137931,41963,616159.2,465295.1,22.29,91.13,4,1,-0.8660254037844385,-0.5000000000000004,0,0,0,0,0,0,0,0,0,0,0,0,1,0,0,0,0,0,0,0,0,0,0,0,0,0,0,0,0,0,0,0,0
8192,1984,9,33.5,24.5,413.0,83.0,1.9,4.7,4.965517241,41963,616159.2,465295.1,22.29,91.13,4,1,-1.0,-1.8369701987210297e-16,0,0,0,0,0,0,0,0,0,0,0,0,1,0,0,0,0,0,0,0,0,0,0,0,0,0,0,0,0,0,0,0,0
8201,1985,6,33.0,25.0,703.0,86.0,2.8,6.7,2.2,41963,616159.2,465295.1,22.29,91.13,4,1,1.2246467991473532e-16,-1.0,0,0,0,0,0,0,0,0,0,0,0,0,1,0,0,0,0,0,0,0,0,0,0,0,0,0,0,0,0,0,0,0,0
8202,1985,7,32.0,23.5,699.0,88.0,3.6,6.7,3.9,41963,616159.2,465295.1,22.29,91.13,4,1,-0.4999999999999997,-0.8660254037844388,0,0,0,0,0,0,0,0,0,0,0,0,1,0,0,0,0,0,0,0,0,0,0,0,0,0,0,0,0,0,0,0,0
8203,1985,8,33.0,24.3,627.0,86.0,3.2,6.5,4.4,41963,616159.2,465295.1,22.29,91.13,4,1,-0.8660254037844385,-0.5000000000000004,0,0,0,0,0,0,0,0,0,0,0,0,1,0,0,0,0,0,0,0,0,0,0,0,0,0,0,0,0,0,0,0,0
8213,1986,6,35.2,26.0,564.0,87.0,3.2,6.3,3.8,41963,616159.2,465295.1,22.29,91.13,4,1,1.2246467991473532e-16,-1.0,0,0,0,0,0,0,0,0,0,0,0,0,1,0,0,0,0,0,0,0,0,0,0,0,0,0,0,0,0,0,0,0,0
8214,1986,7,33.2,25.2,625.0,90.0,2.1,6.8,3.9,41963,616159.2,465295.1,22.29,91.13,4,1,-0.4999999999999997,-0.8660254037844388,0,0,0,0,0,0,0,0,0,0,0,0,1,0,0,0,0,0,0,0,0,0,0,0,0,0,0,0,0,0,0,0,0
8216,1986,9,33.4,25.5,370.0,88.0,2.4,6.3,4.7,41963,616159.2,465295.1,22.29,91.13,4,1,-1.0,-1.8369701987210297e-16,0,0,0,0,0,0,0,0,0,0,0,0,1,0,0,0,0,0,0,0,0,0,0,0,0,0,0,0,0,0,0,0,0
8226,1987,7,32.2,25.8,1119.0,91.0,3.2,7.1,3.9,41963,616159.2,465295.1,22.29,91.13,4,1,-0.4999999999999997,-0.8660254037844388,0,0,0,0,0,0,0,0,0,0,0,0,1,0,0,0,0,0,0,0,0,0,0,0,0,0,0,0,0,0,0,0,0
8227,1987,8,33.3,25.5,699.0,89.0,2.7,6.6,4.4,41963,616159.2,465295.1,22.29,91.13,4,1,-0.8660254037844385,-0.5000000000000004,0,0,0,0,0,0,0,0,0,0,0,0,1,0,0,0,0,0,0,0,0,0,0,0,0,0,0,0,0,0,0,0,0
8228,1987,9,33.4,26.2,402.0,86.0,2.7,6.1,5.0,41963,616159.2,465295.1,22.29,91.13,4,1,-1.0,-1.8369701987210297e-16,0,0,0,0,0,0,0,0,0,0,0,0,1,0,0,0,0,0,0,0,0,0,0,0,0,0,0,0,0,0,0,0,0
8236,1988,5,33.8,25.6,474.0,83.0,5.2,5.3,5.5,41963,616159.2,465295.1,22.29,91.13,4,1,0.49999999999999994,-0.8660254037844387,0,0,0,0,0,0,0,0,0,0,0,0,1,0,0,0,0,0,0,0,0,0,0,0,0,0,0,0,0,0,0,0,0
8237,1988,6,34.0,25.6,850.0,87.0,4.2,6.0,3.8,41963,616159.2,465295.1,22.29,91.13,4,1,1.2246467991473532e-16,-1.0,0,0,0,0,0,0,0,0,0,0,0,0,1,0,0,0,0,0,0,0,0,0,0,0,0,0,0,0,0,0,0,0,0
8238,1988,7,33.0,25.6,747.0,89.0,4.0,6.5,3.8,41963,616159.2,465295.1,22.29,91.13,4,1,-0.4999999999999997,-0.8660254037844388,0,0,0,0,0,0,0,0,0,0,0,0,1,0,0,0,0,0,0,0,0,0,0,0,0,0,0,0,0,0,0,0,0
8239,1988,8,31.4,25.8,582.0,88.0,3.8,6.6,2.9,41963,616159.2,465295.1,22.29,91.13,4,1,-0.8660254037844385,-0.5000000000000004,0,0,0,0,0,0,0,0,0,0,0,0,1,0,0,0,0,0,0,0,0,0,0,0,0,0,0,0,0,0,0,0,0
8240,1988,9,35.3,25.7,502.0,86.0,2.6,5.6,5.9,41963,616159.2,465295.1,22.29,91.13,4,1,-1.0,-1.8369701987210297e-16,0,0,0,0,0,0,0,0,0,0,0,0,1,0,0,0,0,0,0,0,0,0,0,0,0,0,0,0,0,0,0,0,0
8249,1989,6,35.3,25.7,500.0,84.0,4.1,6.1,5.2,41963,616159.2,465295.1,22.29,91.13,4,1,1.2246467991473532e-16,-1.0,0,0,0,0,0,0,0,0,0,0,0,0,1,0,0,0,0,0,0,0,0,0,0,0,0,0,0,0,0,0,0,0,0
8250,1989,7,33.0,25.8,617.0,88.0,3.5,6.2,4.7,41963,616159.2,465295.1,22.29,91.13,4,1,-0.4999999999999997,-0.8660254037844388,0,0,0,0,0,0,0,0,0,0,0,0,1,0,0,0,0,0,0,0,0,0,0,0,0,0,0,0,0,0,0,0,0
8253,1989,10,33.4,25.0,438.0,87.0,2.4,5.5,4.6,41963,616159.2,465295.1,22.29,91.13,4,1,-0.8660254037844386,0.5000000000000001,0,0,0,0,0,0,0,0,0,0,0,0,1,0,0,0,0,0,0,0,0,0,0,0,0,0,0,0,0,0,0,0,0
8261,1990,6,33.1,26.5,466.0,88.0,3.3,5.9,3.8,41963,616159.2,465295.1,22.29,91.13,4,1,1.2246467991473532e-16,-1.0,0,0,0,0,0,0,0,0,0,0,0,0,1,0,0,0,0,0,0,0,0,0,0,0,0,0,0,0,0,0,0,0,0
8262,1990,7,31.8,25.5,723.0,91.0,2.8,6.3,3.9,41963,616159.2,465295.1,22.29,91.13,4,1,-0.4999999999999997,-0.8660254037844388,0,0,0,0,0,0,0,0,0,0,0,0,1,0,0,0,0,0,0,0,0,0,0,0,0,0,0,0,0,0,0,0,0
8263,1990,8,33.1,26.1,444.0,87.0,2.5,5.3,4.4,41963,616159.2,465295.1,22.29,91.13,4,1,-0.8660254037844385,-0.5000000000000004,0,0,0,0,0,0,0,0,0,0,0,0,1,0,0,0,0,0,0,0,0,0,0,0,0,0,0,0,0,0,0,0,0
8273,1991,6,32.4,25.8,781.0,91.0,3.2,6.5,2.9,41963,616159.2,465295.1,22.29,91.13,4,1,1.2246467991473532e-16,-1.0,0,0,0,0,0,0,0,0,0,0,0,0,1,0,0,0,0,0,0,0,0,0,0,0,0,0,0,0,0,0,0,0,0
8274,1991,7,32.4,26.2,581.0,91.0,4.0,6.2,4.2,41963,616159.2,465295.1,22.29,91.13,4,1,-0.4999999999999997,-0.8660254037844388,0,0,0,0,0,0,0,0,0,0,0,0,1,0,0,0,0,0,0,0,0,0,0,0,0,0,0,0,0,0,0,0,0
8275,1991,8,34.5,25.9,519.0,92.0,3.3,6.1,4.6,41963,616159.2,465295.1,22.29,91.13,4,1,-0.8660254037844385,-0.5000000000000004,0,0,0,0,0,0,0,0,0,0,0,0,1,0,0,0,0,0,0,0,0,0,0,0,0,0,0,0,0,0,0,0,0
8276,1991,9,32.4,25.9,444.0,91.0,1.9,5.7,3.9,41963,616159.2,465295.1,22.29,91.13,4,1,-1.0,-1.8369701987210297e-16,0,0,0,0,0,0,0,0,0,0,0,0,1,0,0,0,0,0,0,0,0,0,0,0,0,0,0,0,0,0,0,0,0
8277,1991,10,33.5,25.1,373.0,89.0,1.7,4.1,5.9,41963,616159.2,465295.1,22.29,91.13,4,1,-0.8660254037844386,0.5000000000000001,0,0,0,0,0,0,0,0,0,0,0,0,1,0,0,0,0,0,0,0,0,0,0,0,0,0,0,0,0,0,0,0,0
8286,1992,7,31.6,25.4,776.0,89.0,3.2,6.5,3.3,41963,616159.2,465295.1,22.29,91.13,4,1,-0.4999999999999997,-0.8660254037844388,0,0,0,0,0,0,0,0,0,0,0,0,1,0,0,0,0,0,0,0,0,0,0,0,0,0,0,0,0,0,0,0,0
8287,1992,8,32.8,25.8,501.0,88.0,2.3,5.5,4.1,41963,616159.2,465295.1,22.29,91.13,4,1,-0.8660254037844385,-0.5000000000000004,0,0,0,0,0,0,0,0,0,0,0,0,1,0,0,0,0,0,0,0,0,0,0,0,0,0,0,0,0,0,0,0,0
8288,1992,9,33.2,25.9,560.0,88.0,2.2,5.3,5.7,41963,616159.2,465295.1,22.29,91.13,4,1,-1.0,-1.8369701987210297e-16,0,0,0,0,0,0,0,0,0,0,0,0,1,0,0,0,0,0,0,0,0,0,0,0,0,0,0,0,0,0,0,0,0
8309,1994,6,33.6,25.1,644.0,90.0,1.9,6.0,2.9,41963,616159.2,465295.1,22.29,91.13,4,1,1.2246467991473532e-16,-1.0,0,0,0,0,0,0,0,0,0,0,0,0,1,0,0,0,0,0,0,0,0,0,0,0,0,0,0,0,0,0,0,0,0
8310,1994,7,32.2,24.7,555.0,92.0,2.7,6.1,3.8,41963,616159.2,465295.1,22.29,91.13,4,1,-0.4999999999999997,-0.8660254037844388,0,0,0,0,0,0,0,0,0,0,0,0,1,0,0,0,0,0,0,0,0,0,0,0,0,0,0,0,0,0,0,0,0
8311,1994,8,31.5,24.7,426.0,89.0,2.7,6.0,4.2,41963,616159.2,465295.1,22.29,91.13,4,1,-0.8660254037844385,-0.5000000000000004,0,0,0,0,0,0,0,0,0,0,0,0,1,0,0,0,0,0,0,0,0,0,0,0,0,0,0,0,0,0,0,0,0
8312,1994,9,30.2,24.2,404.0,84.0,1.5,4.4,5.0,41963,616159.2,465295.1,22.29,91.13,4,1,-1.0,-1.8369701987210297e-16,0,0,0,0,0,0,0,0,0,0,0,0,1,0,0,0,0,0,0,0,0,0,0,0,0,0,0,0,0,0,0,0,0
8321,1995,6,31.9,25.7,566.0,85.0,3.0,5.9,3.8,41963,616159.2,465295.1,22.29,91.13,4,1,1.2246467991473532e-16,-1.0,0,0,0,0,0,0,0,0,0,0,0,0,1,0,0,0,0,0,0,0,0,0,0,0,0,0,0,0,0,0,0,0,0
8322,1995,7,30.6,25.4,686.0,88.0,2.6,6.2,3.9,41963,616159.2,465295.1,22.29,91.13,4,1,-0.4999999999999997,-0.8660254037844388,0,0,0,0,0,0,0,0,0,0,0,0,1,0,0,0,0,0,0,0,0,0,0,0,0,0,0,0,0,0,0,0,0
8323,1995,8,31.1,25.5,570.0,86.0,1.8,4.7,4.4,41963,616159.2,465295.1,22.29,91.13,4,1,-0.8660254037844385,-0.5000000000000004,0,0,0,0,0,0,0,0,0,0,0,0,1,0,0,0,0,0,0,0,0,0,0,0,0,0,0,0,0,0,0,0,0
8324,1995,9,30.2,25.4,404.0,85.0,1.2,5.2,5.0,41963,616159.2,465295.1,22.29,91.13,4,1,-1.0,-1.8369701987210297e-16,0,0,0,0,0,0,0,0,0,0,0,0,1,0,0,0,0,0,0,0,0,0,0,0,0,0,0,0,0,0,0,0,0
8333,1996,6,31.9,25.5,566.0,85.0,2.2,5.4,3.8,41963,616159.2,465295.1,22.29,91.13,4,1,1.2246467991473532e-16,-1.0,0,0,0,0,0,0,0,0,0,0,0,0,1,0,0,0,0,0,0,0,0,0,0,0,0,0,0,0,0,0,0,0,0
8334,1996,7,30.6,25.4,686.0,87.0,1.8,6.1,3.9,41963,616159.2,465295.1,22.29,91.13,4,1,-0.4999999999999997,-0.8660254037844388,0,0,0,0,0,0,0,0,0,0,0,0,1,0,0,0,0,0,0,0,0,0,0,0,0,0,0,0,0,0,0,0,0
8335,1996,8,31.1,25.5,570.0,89.0,1.3,6.3,4.4,41963,616159.2,465295.1,22.29,91.13,4,1,-0.8660254037844385,-0.5000000000000004,0,0,0,0,0,0,0,0,0,0,0,0,1,0,0,0,0,0,0,0,0,0,0,0,0,0,0,0,0,0,0,0,0
8336,1996,9,30.2,24.2,404.0,86.0,0.9,5.1,5.0,41963,616159.2,465295.1,22.29,91.13,4,1,-1.0,-1.8369701987210297e-16,0,0,0,0,0,0,0,0,0,0,0,0,1,0,0,0,0,0,0,0,0,0,0,0,0,0,0,0,0,0,0,0,0
8345,1997,6,32.2,25.7,566.0,86.0,3.6,6.0,3.8,41963,616159.2,465295.1,22.29,91.13,4,1,1.2246467991473532e-16,-1.0,0,0,0,0,0,0,0,0,0,0,0,0,1,0,0,0,0,0,0,0,0,0,0,0,0,0,0,0,0,0,0,0,0
8346,1997,7,30.5,25.4,686.0,89.0,2.8,6.1,3.9,41963,616159.2,465295.1,22.29,91.13,4,1,-0.4999999999999997,-0.8660254037844388,0,0,0,0,0,0,0,0,0,0,0,0,1,0,0,0,0,0,0,0,0,0,0,0,0,0,0,0,0,0,0,0,0
8347,1997,8,31.0,25.5,570.0,87.0,1.6,5.2,4.4,41963,616159.2,465295.1,22.29,91.13,4,1,-0.8660254037844385,-0.5000000000000004,0,0,0,0,0,0,0,0,0,0,0,0,1,0,0,0,0,0,0,0,0,0,0,0,0,0,0,0,0,0,0,0,0
8348,1997,9,32.0,25.4,404.0,87.0,1.4,4.8,5.0,41963,616159.2,465295.1,22.29,91.13,4,1,-1.0,-1.8369701987210297e-16,0,0,0,0,0,0,0,0,0,0,0,0,1,0,0,0,0,0,0,0,0,0,0,0,0,0,0,0,0,0,0,0,0
8357,1998,6,31.9,25.5,566.0,83.0,3.3,4.9,3.8,41963,616159.2,465295.1,22.29,91.13,4,1,1.2246467991473532e-16,-1.0,0,0,0,0,0,0,0,0,0,0,0,0,1,0,0,0,0,0,0,0,0,0,0,0,0,0,0,0,0,0,0,0,0
8358,1998,7,30.6,25.4,686.0,88.0,3.6,6.6,3.9,41963,616159.2,465295.1,22.29,91.13,4,1,-0.4999999999999997,-0.8660254037844388,0,0,0,0,0,0,0,0,0,0,0,0,1,0,0,0,0,0,0,0,0,0,0,0,0,0,0,0,0,0,0,0,0
8359,1998,8,31.1,25.5,570.0,88.0,1.7,5.2,4.4,41963,616159.2,465295.1,22.29,91.13,4,1,-0.8660254037844385,-0.5000000000000004,0,0,0,0,0,0,0,0,0,0,0,0,1,0,0,0,0,0,0,0,0,0,0,0,0,0,0,0,0,0,0,0,0
8360,1998,9,30.2,24.2,404.0,84.0,1.5,5.4,5.0,41963,616159.2,465295.1,22.29,91.13,4,1,-1.0,-1.8369701987210297e-16,0,0,0,0,0,0,0,0,0,0,0,0,1,0,0,0,0,0,0,0,0,0,0,0,0,0,0,0,0,0,0,0,0
8369,1999,6,32.2,25.7,771.0,88.0,2.7,6.2,3.7,41963,616159.2,465295.1,22.29,91.13,4,1,1.2246467991473532e-16,-1.0,0,0,0,0,0,0,0,0,0,0,0,0,1,0,0,0,0,0,0,0,0,0,0,0,0,0,0,0,0,0,0,0,0
8370,1999,7,30.5,25.4,949.0,90.0,2.6,6.7,4.2,41963,616159.2,465295.1,22.29,91.13,4,1,-0.4999999999999997,-0.8660254037844388,0,0,0,0,0,0,0,0,0,0,0,0,1,0,0,0,0,0,0,0,0,0,0,0,0,0,0,0,0,0,0,0,0
8371,1999,8,31.0,25.5,736.0,91.0,1.9,6.4,3.1,41963,616159.2,465295.1,22.29,91.13,4,1,-0.8660254037844385,-0.5000000000000004,0,0,0,0,0,0,0,0,0,0,0,0,1,0,0,0,0,0,0,0,0,0,0,0,0,0,0,0,0,0,0,0,0
8372,1999,9,32.0,25.4,515.0,88.0,1.5,4.6,4.8,41963,616159.2,465295.1,22.29,91.13,4,1,-1.0,-1.8369701987210297e-16,0,0,0,0,0,0,0,0,0,0,0,0,1,0,0,0,0,0,0,0,0,0,0,0,0,0,0,0,0,0,0,0,0
8380,2000,5,37.4,24.0,686.0,85.0,2.1,5.1,4.7,41963,616159.2,465295.1,22.29,91.13,4,1,0.49999999999999994,-0.8660254037844387,0,0,0,0,0,0,0,0,0,0,0,0,1,0,0,0,0,0,0,0,0,0,0,0,0,0,0,0,0,0,0,0,0
8381,2000,6,34.0,25.4,715.0,88.0,3.1,5.9,3.2,41963,616159.2,465295.1,22.29,91.13,4,1,1.2246467991473532e-16,-1.0,0,0,0,0,0,0,0,0,0,0,0,0,1,0,0,0,0,0,0,0,0,0,0,0,0,0,0,0,0,0,0,0,0
8382,2000,7,34.0,25.6,694.0,90.0,3.2,6.3,4.2,41963,616159.2,465295.1,22.29,91.13,4,1,-0.4999999999999997,-0.8660254037844388,0,0,0,0,0,0,0,0,0,0,0,0,1,0,0,0,0,0,0,0,0,0,0,0,0,0,0,0,0,0,0,0,0
8383,2000,8,33.0,25.7,415.0,88.0,2.4,6.3,5.5,41963,616159.2,465295.1,22.29,91.13,4,1,-0.8660254037844385,-0.5000000000000004,0,0,0,0,0,0,0,0,0,0,0,0,1,0,0,0,0,0,0,0,0,0,0,0,0,0,0,0,0,0,0,0,0
8384,2000,9,34.5,24.6,422.0,87.0,1.8,5.4,4.9,41963,616159.2,465295.1,22.29,91.13,4,1,-1.0,-1.8369701987210297e-16,0,0,0,0,0,0,0,0,0,0,0,0,1,0,0,0,0,0,0,0,0,0,0,0,0,0,0,0,0,0,0,0,0
8392,2001,5,34.0,24.2,485.0,84.0,1.8,4.3,6.2,41963,616159.2,465295.1,22.29,91.13,4,1,0.49999999999999994,-0.8660254037844387,0,0,0,0,0,0,0,0,0,0,0,0,1,0,0,0,0,0,0,0,0,0,0,0,0,0,0,0,0,0,0,0,0
8393,2001,6,32.4,25.1,1013.0,91.0,2.9,6.7,3.1,41963,616159.2,465295.1,22.29,91.13,4,1,1.2246467991473532e-16,-1.0,0,0,0,0,0,0,0,0,0,0,0,0,1,0,0,0,0,0,0,0,0,0,0,0,0,0,0,0,0,0,0,0,0
8394,2001,7,31.2,25.3,789.0,89.0,3.3,6.4,4.5,41963,616159.2,465295.1,22.29,91.13,4,1,-0.4999999999999997,-0.8660254037844388,0,0,0,0,0,0,0,0,0,0,0,0,1,0,0,0,0,0,0,0,0,0,0,0,0,0,0,0,0,0,0,0,0
8395,2001,8,33.0,26.2,689.0,88.0,1.9,5.5,6.6,41963,616159.2,465295.1,22.29,91.13,4,1,-0.8660254037844385,-0.5000000000000004,0,0,0,0,0,0,0,0,0,0,0,0,1,0,0,0,0,0,0,0,0,0,0,0,0,0,0,0,0,0,0,0,0
8396,2001,9,33.6,25.4,597.0,86.0,1.1,4.9,5.7,41963,616159.2,465295.1,22.29,91.13,4,1,-1.0,-1.8369701987210297e-16,0,0,0,0,0,0,0,0,0,0,0,0,1,0,0,0,0,0,0,0,0,0,0,0,0,0,0,0,0,0,0,0,0
8397,2001,10,33.3,24.6,434.0,87.0,0.8,4.0,6.4,41963,616159.2,465295.1,22.29,91.13,4,1,-0.8660254037844386,0.5000000000000001,0,0,0,0,0,0,0,0,0,0,0,0,1,0,0,0,0,0,0,0,0,0,0,0,0,0,0,0,0,0,0,0,0
8404,2002,5,33.2,24.6,437.0,84.0,2.4,4.7,6.1,41963,616159.2,465295.1,22.29,91.13,4,1,0.49999999999999994,-0.8660254037844387,0,0,0,0,0,0,0,0,0,0,0,0,1,0,0,0,0,0,0,0,0,0,0,0,0,0,0,0,0,0,0,0,0
8405,2002,6,34.0,25.4,690.0,88.0,2.1,6.5,3.8,41963,616159.2,465295.1,22.29,91.13,4,1,1.2246467991473532e-16,-1.0,0,0,0,0,0,0,0,0,0,0,0,0,1,0,0,0,0,0,0,0,0,0,0,0,0,0,0,0,0,0,0,0,0
8406,2002,7,32.5,25.9,1019.0,90.0,1.5,7.4,2.6,41963,616159.2,465295.1,22.29,91.13,4,1,-0.4999999999999997,-0.8660254037844388,0,0,0,0,0,0,0,0,0,0,0,0,1,0,0,0,0,0,0,0,0,0,0,0,0,0,0,0,0,0,0,0,0
8407,2002,8,32.5,24.9,562.0,89.0,2.2,6.2,4.8,41963,616159.2,465295.1,22.29,91.13,4,1,-0.8660254037844385,-0.5000000000000004,0,0,0,0,0,0,0,0,0,0,0,0,1,0,0,0,0,0,0,0,0,0,0,0,0,0,0,0,0,0,0,0,0
8417,2003,6,34.5,25.0,1225.0,89.0,2.3,6.8,2.4,41963,616159.2,465295.1,22.29,91.13,4,1,1.2246467991473532e-16,-1.0,0,0,0,0,0,0,0,0,0,0,0,0,1,0,0,0,0,0,0,0,0,0,0,0,0,0,0,0,0,0,0,0,0
8418,2003,7,33.6,25.9,752.0,86.0,2.9,6.3,5.8,41963,616159.2,465295.1,22.29,91.13,4,1,-0.4999999999999997,-0.8660254037844388,0,0,0,0,0,0,0,0,0,0,0,0,1,0,0,0,0,0,0,0,0,0,0,0,0,0,0,0,0,0,0,0,0
8419,2003,8,33.5,25.8,583.0,87.0,1.5,5.9,5.8,41963,616159.2,465295.1,22.29,91.13,4,1,-0.8660254037844385,-0.5000000000000004,0,0,0,0,0,0,0,0,0,0,0,0,1,0,0,0,0,0,0,0,0,0,0,0,0,0,0,0,0,0,0,0,0
8420,2003,9,33.0,25.7,395.0,86.0,1.0,5.5,5.3,41963,616159.2,465295.1,22.29,91.13,4,1,-1.0,-1.8369701987210297e-16,0,0,0,0,0,0,0,0,0,0,0,0,1,0,0,0,0,0,0,0,0,0,0,0,0,0,0,0,0,0,0,0,0
8429,2004,6,34.5,25.1,828.0,89.0,1.6,6.2,2.3,41963,616159.2,465295.1,22.29,91.13,4,1,1.2246467991473532e-16,-1.0,0,0,0,0,0,0,0,0,0,0,0,0,1,0,0,0,0,0,0,0,0,0,0,0,0,0,0,0,0,0,0,0,0
8430,2004,7,32.7,25.5,839.0,90.0,2.3,6.4,3.8,41963,616159.2,465295.1,22.29,91.13,4,1,-0.4999999999999997,-0.8660254037844388,0,0,0,0,0,0,0,0,0,0,0,0,1,0,0,0,0,0,0,0,0,0,0,0,0,0,0,0,0,0,0,0,0
8431,2004,8,32.0,25.4,515.0,89.0,2.0,5.9,3.7,41963,616159.2,465295.1,22.29,91.13,4,1,-0.8660254037844385,-0.5000000000000004,0,0,0,0,0,0,0,0,0,0,0,0,1,0,0,0,0,0,0,0,0,0,0,0,0,0,0,0,0,0,0,0,0
8432,2004,9,33.5,24.9,1039.0,87.0,1.6,4.9,4.3,41963,616159.2,465295.1,22.29,91.13,4,1,-1.0,-1.8369701987210297e-16,0,0,0,0,0,0,0,0,0,0,0,0,1,0,0,0,0,0,0,0,0,0,0,0,0,0,0,0,0,0,0,0,0
8433,2004,10,36.6,23.5,420.0,83.0,0.8,2.7,7.0,41963,616159.2,465295.1,22.29,91.13,4,1,-0.8660254037844386,0.5000000000000001,0,0,0,0,0,0,0,0,0,0,0,0,1,0,0,0,0,0,0,0,0,0,0,0,0,0,0,0,0,0,0,0,0
8441,2005,6,35.0,26.9,420.0,85.0,2.7,5.7,4.3,41963,616159.2,465295.1,22.29,91.13,4,1,1.2246467991473532e-16,-1.0,0,0,0,0,0,0,0,0,0,0,0,0,1,0,0,0,0,0,0,0,0,0,0,0,0,0,0,0,0,0,0,0,0
8442,2005,7,32.5,25.8,872.0,89.0,3.0,5.5,4.7,41963,616159.2,465295.1,22.29,91.13,4,1,-0.4999999999999997,-0.8660254037844388,0,0,0,0,0,0,0,0,0,0,0,0,1,0,0,0,0,0,0,0,0,0,0,0,0,0,0,0,0,0,0,0,0
8443,2005,8,33.0,25.3,1311.0,91.0,2.3,6.4,2.8,41963,616159.2,465295.1,22.29,91.13,4,1,-0.8660254037844385,-0.5000000000000004,0,0,0,0,0,0,0,0,0,0,0,0,1,0,0,0,0,0,0,0,0,0,0,0,0,0,0,0,0,0,0,0,0
8445,2005,10,34.2,24.8,608.0,87.0,1.0,3.9,6.3,41963,616159.2,465295.1,22.29,91.13,4,1,-0.8660254037844386,0.5000000000000001,0,0,0,0,0,0,0,0,0,0,0,0,1,0,0,0,0,0,0,0,0,0,0,0,0,0,0,0,0,0,0,0,0
8452,2006,5,36.0,25.1,645.0,90.0,2.2,3.8,6.8,41963,616159.2,465295.1,22.29,91.13,4,1,0.49999999999999994,-0.8660254037844387,0,0,0,0,0,0,0,0,0,0,0,0,1,0,0,0,0,0,0,0,0,0,0,0,0,0,0,0,0,0,0,0,0
8453,2006,6,35.5,26.2,466.0,88.0,2.2,5.2,4.6,41963,616159.2,465295.1,22.29,91.13,4,1,1.2246467991473532e-16,-1.0,0,0,0,0,0,0,0,0,0,0,0,0,1,0,0,0,0,0,0,0,0,0,0,0,0,0,0,0,0,0,0,0,0
8454,2006,7,32.0,25.7,603.0,92.0,2.7,6.0,3.7,41963,616159.2,465295.1,22.29,91.13,4,1,-0.4999999999999997,-0.8660254037844388,0,0,0,0,0,0,0,0,0,0,0,0,1,0,0,0,0,0,0,0,0,0,0,0,0,0,0,0,0,0,0,0,0
8456,2006,9,33.7,25.5,698.0,87.0,2.4,4.7,6.1,41963,616159.2,465295.1,22.29,91.13,4,1,-1.0,-1.8369701987210297e-16,0,0,0,0,0,0,0,0,0,0,0,0,1,0,0,0,0,0,0,0,0,0,0,0,0,0,0,0,0,0,0,0,0
8465,2007,6,33.8,25.5,630.0,86.0,2.4,5.4,4.1,41963,616159.2,465295.1,22.29,91.13,4,1,1.2246467991473532e-16,-1.0,0,0,0,0,0,0,0,0,0,0,0,0,1,0,0,0,0,0,0,0,0,0,0,0,0,0,0,0,0,0,0,0,0
8466,2007,7,32.1,25.6,968.0,91.0,2.5,6.7,2.7,41963,616159.2,465295.1,22.29,91.13,4,1,-0.4999999999999997,-0.8660254037844388,0,0,0,0,0,0,0,0,0,0,0,0,1,0,0,0,0,0,0,0,0,0,0,0,0,0,0,0,0,0,0,0,0
8467,2007,8,33.8,26.0,494.0,86.0,1.6,6.4,4.9,41963,616159.2,465295.1,22.29,91.13,4,1,-0.8660254037844385,-0.5000000000000004,0,0,0,0,0,0,0,0,0,0,0,0,1,0,0,0,0,0,0,0,0,0,0,0,0,0,0,0,0,0,0,0,0
8468,2007,9,34.0,25.7,731.0,87.0,1.8,5.8,3.3,41963,616159.2,465295.1,22.29,91.13,4,1,-1.0,-1.8369701987210297e-16,0,0,0,0,0,0,0,0,0,0,0,0,1,0,0,0,0,0,0,0,0,0,0,0,0,0,0,0,0,0,0,0,0
8469,2007,10,33.8,23.9,413.0,86.0,0.9,3.8,5.8,41963,616159.2,465295.1,22.29,91.13,4,1,-0.8660254037844386,0.5000000000000001,0,0,0,0,0,0,0,0,0,0,0,0,1,0,0,0,0,0,0,0,0,0,0,0,0,0,0,0,0,0,0,0,0
8470,2007,11,32.0,21.0,191.0,85.0,0.9,2.4,7.5,41963,616159.2,465295.1,22.29,91.13,4,1,-0.5000000000000004,0.8660254037844384,0,0,0,0,0,0,0,0,0,0,0,0,1,0,0,0,0,0,0,0,0,0,0,0,0,0,0,0,0,0,0,0,0
8477,2008,6,33.0,25.7,696.0,89.0,2.0,6.4,3.2,41963,616159.2,465295.1,22.29,91.13,4,1,1.2246467991473532e-16,-1.0,0,0,0,0,0,0,0,0,0,0,0,0,1,0,0,0,0,0,0,0,0,0,0,0,0,0,0,0,0,0,0,0,0
8478,2008,7,31.5,25.4,1235.0,90.0,2.3,6.9,3.2,41963,616159.2,465295.1,22.29,91.13,4,1,-0.4999999999999997,-0.8660254037844388,0,0,0,0,0,0,0,0,0,0,0,0,1,0,0,0,0,0,0,0,0,0,0,0,0,0,0,0,0,0,0,0,0
8479,2008,8,33.2,25.8,512.0,88.0,1.9,6.3,4.0,41963,616159.2,465295.1,22.29,91.13,4,1,-0.8660254037844385,-0.5000000000000004,0,0,0,0,0,0,0,0,0,0,0,0,1,0,0,0,0,0,0,0,0,0,0,0,0,0,0,0,0,0,0,0,0
8480,2008,9,34.6,25.4,386.0,86.0,1.8,6.0,5.6,41963,616159.2,465295.1,22.29,91.13,4,1,-1.0,-1.8369701987210297e-16,0,0,0,0,0,0,0,0,0,0,0,0,1,0,0,0,0,0,0,0,0,0,0,0,0,0,0,0,0,0,0,0,0
8490,2009,7,32.5,26.0,856.0,89.0,4.2,6.9,3.4,41963,616159.2,465295.1,22.29,91.13,4,1,-0.4999999999999997,-0.8660254037844388,0,0,0,0,0,0,0,0,0,0,0,0,1,0,0,0,0,0,0,0,0,0,0,0,0,0,0,0,0,0,0,0,0
8491,2009,8,33.6,26.0,888.0,90.0,1.9,6.4,3.9,41963,616159.2,465295.1,22.29,91.13,4,1,-0.8660254037844385,-0.5000000000000004,0,0,0,0,0,0,0,0,0,0,0,0,1,0,0,0,0,0,0,0,0,0,0,0,0,0,0,0,0,0,0,0,0
8492,2009,9,34.6,26.0,386.0,89.0,2.8,5.2,4.8,41963,616159.2,465295.1,22.29,91.13,4,1,-1.0,-1.8369701987210297e-16,0,0,0,0,0,0,0,0,0,0,0,0,1,0,0,0,0,0,0,0,0,0,0,0,0,0,0,0,0,0,0,0,0
8501,2010,6,34.2,26.1,911.0,90.0,2.8,6.7,3.2,41963,616159.2,465295.1,22.29,91.13,4,1,1.2246467991473532e-16,-1.0,0,0,0,0,0,0,0,0,0,0,0,0,1,0,0,0,0,0,0,0,0,0,0,0,0,0,0,0,0,0,0,0,0
8502,2010,7,32.8,26.2,776.0,87.0,2.6,6.8,4.8,41963,616159.2,465295.1,22.29,91.13,4,1,-0.4999999999999997,-0.8660254037844388,0,0,0,0,0,0,0,0,0,0,0,0,1,0,0,0,0,0,0,0,0,0,0,0,0,0,0,0,0,0,0,0,0
8503,2010,8,34.5,26.1,371.0,87.0,1.7,6.0,5.9,41963,616159.2,465295.1,22.29,91.13,4,1,-0.8660254037844385,-0.5000000000000004,0,0,0,0,0,0,0,0,0,0,0,0,1,0,0,0,0,0,0,0,0,0,0,0,0,0,0,0,0,0,0,0,0
8504,2010,9,33.0,25.9,431.0,87.0,2.1,6.2,5.3,41963,616159.2,465295.1,22.29,91.13,4,1,-1.0,-1.8369701987210297e-16,0,0,0,0,0,0,0,0,0,0,0,0,1,0,0,0,0,0,0,0,0,0,0,0,0,0,0,0,0,0,0,0,0
8505,2010,10,35.2,25.4,482.0,85.0,2.2,4.8,7.3,41963,616159.2,465295.1,22.29,91.13,4,1,-0.8660254037844386,0.5000000000000001,0,0,0,0,0,0,0,0,0,0,0,0,1,0,0,0,0,0,0,0,0,0,0,0,0,0,0,0,0,0,0,0,0
8512,2011,5,34.4,25.2,529.0,85.0,2.5,5.5,5.9,41963,616159.2,465295.1,22.29,91.13,4,1,0.49999999999999994,-0.8660254037844387,0,0,0,0,0,0,0,0,0,0,0,0,1,0,0,0,0,0,0,0,0,0,0,0,0,0,0,0,0,0,0,0,0
8513,2011,6,34.0,26.1,635.0,89.0,3.2,6.2,3.7,41963,616159.2,465295.1,22.29,91.13,4,1,1.2246467991473532e-16,-1.0,0,0,0,0,0,0,0,0,0,0,0,0,1,0,0,0,0,0,0,0,0,0,0,0,0,0,0,0,0,0,0,0,0
8514,2011,7,33.6,25.9,715.0,88.0,2.2,6.1,4.8,41963,616159.2,465295.1,22.29,91.13,4,1,-0.4999999999999997,-0.8660254037844388,0,0,0,0,0,0,0,0,0,0,0,0,1,0,0,0,0,0,0,0,0,0,0,0,0,0,0,0,0,0,0,0,0
8515,2011,8,35.4,25.8,1018.0,90.0,2.3,6.8,3.8,41963,616159.2,465295.1,22.29,91.13,4,1,-0.8660254037844385,-0.5000000000000004,0,0,0,0,0,0,0,0,0,0,0,0,1,0,0,0,0,0,0,0,0,0,0,0,0,0,0,0,0,0,0,0,0
8516,2011,9,35.0,25.8,659.0,89.0,2.6,5.7,4.6,41963,616159.2,465295.1,22.29,91.13,4,1,-1.0,-1.8369701987210297e-16,0,0,0,0,0,0,0,0,0,0,0,0,1,0,0,0,0,0,0,0,0,0,0,0,0,0,0,0,0,0,0,0,0
8525,2012,6,34.5,26.7,538.0,88.0,2.8,6.5,2.7,41963,616159.2,465295.1,22.29,91.13,4,1,1.2246467991473532e-16,-1.0,0,0,0,0,0,0,0,0,0,0,0,0,1,0,0,0,0,0,0,0,0,0,0,0,0,0,0,0,0,0,0,0,0
8526,2012,7,32.5,26.0,738.0,89.0,2.7,6.7,3.0,41963,616159.2,465295.1,22.29,91.13,4,1,-0.4999999999999997,-0.8660254037844388,0,0,0,0,0,0,0,0,0,0,0,0,1,0,0,0,0,0,0,0,0,0,0,0,0,0,0,0,0,0,0,0,0
8527,2012,8,33.2,25.9,501.0,89.0,1.6,6.3,4.6,41963,616159.2,465295.1,22.29,91.13,4,1,-0.8660254037844385,-0.5000000000000004,0,0,0,0,0,0,0,0,0,0,0,0,1,0,0,0,0,0,0,0,0,0,0,0,0,0,0,0,0,0,0,0,0
8536,2013,5,33.4,24.7,842.0,87.0,4.3,6.5,2.8,41963,616159.2,465295.1,22.29,91.13,4,1,0.49999999999999994,-0.8660254037844387,0,0,0,0,0,0,0,0,0,0,0,0,1,0,0,0,0,0,0,0,0,0,0,0,0,0,0,0,0,0,0,0,0
8537,2013,6,35.7,26.1,592.0,86.0,2.6,5.8,5.8,41963,616159.2,465295.1,22.29,91.13,4,1,1.2246467991473532e-16,-1.0,0,0,0,0,0,0,0,0,0,0,0,0,1,0,0,0,0,0,0,0,0,0,0,0,0,0,0,0,0,0,0,0,0
8538,2013,7,32.4,25.7,544.0,88.0,3.2,6.3,4.5,41963,616159.2,465295.1,22.29,91.13,4,1,-0.4999999999999997,-0.8660254037844388,0,0,0,0,0,0,0,0,0,0,0,0,1,0,0,0,0,0,0,0,0,0,0,0,0,0,0,0,0,0,0,0,0
8539,2013,8,34.4,25.3,677.0,91.0,2.4,6.5,3.6,41963,616159.2,465295.1,22.29,91.13,4,1,-0.8660254037844385,-0.5000000000000004,0,0,0,0,0,0,0,0,0,0,0,0,1,0,0,0,0,0,0,0,0,0,0,0,0,0,0,0,0,0,0,0,0
8540,2013,9,36.0,25.5,435.0,89.0,1.6,5.7,4.6,41963,616159.2,465295.1,22.29,91.13,4,1,-1.0,-1.8369701987210297e-16,0,0,0,0,0,0,0,0,0,0,0,0,1,0,0,0,0,0,0,0,0,0,0,0,0,0,0,0,0,0,0,0,0
8573,1963,6,35.4,25.6,391.0,86.0,2.7,6.6,5.168965517,41907,402483.2,667640.8,24.12,89.04,14,1,1.2246467991473532e-16,-1.0,0,0,0,0,0,0,0,0,0,0,0,0,0,1,0,0,0,0,0,0,0,0,0,0,0,0,0,0,0,0,0,0,0
8585,1964,6,39.4,26.2,557.0,82.0,1.2,7.0,5.168965517,41907,402483.2,667640.8,24.12,89.04,14,1,1.2246467991473532e-16,-1.0,0,0,0,0,0,0,0,0,0,0,0,0,0,1,0,0,0,0,0,0,0,0,0,0,0,0,0,0,0,0,0,0,0
8586,1964,7,32.6,25.4,503.0,89.0,0.7,7.6,4.320689655,41907,402483.2,667640.8,24.12,89.04,14,1,-0.4999999999999997,-0.8660254037844388,0,0,0,0,0,0,0,0,0,0,0,0,0,1,0,0,0,0,0,0,0,0,0,0,0,0,0,0,0,0,0,0,0
8589,1964,10,33.4,24.6,425.0,87.0,0.5,6.5,7.065517241,41907,402483.2,667640.8,24.12,89.04,14,1,-0.8660254037844386,0.5000000000000001,0,0,0,0,0,0,0,0,0,0,0,0,0,1,0,0,0,0,0,0,0,0,0,0,0,0,0,0,0,0,0,0,0
8598,1965,7,33.9,25.7,454.0,87.0,2.0,6.5,4.320689655,41907,402483.2,667640.8,24.12,89.04,14,1,-0.4999999999999997,-0.8660254037844388,0,0,0,0,0,0,0,0,0,0,0,0,0,1,0,0,0,0,0,0,0,0,0,0,0,0,0,0,0,0,0,0,0
8647,1969,8,34.6,25.3,659.0,89.0,1.2,6.1,4.944827586,41907,402483.2,667640.8,24.12,89.04,14,1,-0.8660254037844385,-0.5000000000000004,0,0,0,0,0,0,0,0,0,0,0,0,0,1,0,0,0,0,0,0,0,0,0,0,0,0,0,0,0,0,0,0,0
8648,1969,9,34.4,25.6,447.0,86.0,1.4,5.5,5.220689655,41907,402483.2,667640.8,24.12,89.04,14,1,-1.0,-1.8369701987210297e-16,0,0,0,0,0,0,0,0,0,0,0,0,0,1,0,0,0,0,0,0,0,0,0,0,0,0,0,0,0,0,0,0,0
8671,1971,8,32.5,25.4,532.0,85.0,3.5,6.1,4.944827586,41907,402483.2,667640.8,24.12,89.04,14,1,-0.8660254037844385,-0.5000000000000004,0,0,0,0,0,0,0,0,0,0,0,0,0,1,0,0,0,0,0,0,0,0,0,0,0,0,0,0,0,0,0,0,0
8692,1973,5,36.3,23.9,470.0,81.0,4.7,5.6,7.251724138,41907,402483.2,667640.8,24.12,89.04,14,1,0.49999999999999994,-0.8660254037844387,0,0,0,0,0,0,0,0,0,0,0,0,0,1,0,0,0,0,0,0,0,0,0,0,0,0,0,0,0,0,0,0,0
8693,1973,6,37.8,24.9,531.0,84.0,3.8,6.4,5.168965517,41907,402483.2,667640.8,24.12,89.04,14,1,1.2246467991473532e-16,-1.0,0,0,0,0,0,0,0,0,0,0,0,0,0,1,0,0,0,0,0,0,0,0,0,0,0,0,0,0,0,0,0,0,0
8696,1973,9,35.5,25.6,563.0,86.0,3.7,6.6,5.220689655,41907,402483.2,667640.8,24.12,89.04,14,1,-1.0,-1.8369701987210297e-16,0,0,0,0,0,0,0,0,0,0,0,0,0,1,0,0,0,0,0,0,0,0,0,0,0,0,0,0,0,0,0,0,0
8706,1974,7,32.8,25.4,492.0,88.0,3.1,7.4,4.320689655,41907,402483.2,667640.8,24.12,89.04,14,1,-0.4999999999999997,-0.8660254037844388,0,0,0,0,0,0,0,0,0,0,0,0,0,1,0,0,0,0,0,0,0,0,0,0,0,0,0,0,0,0,0,0,0
8718,1975,7,35.2,25.2,624.0,87.0,3.5,7.0,4.320689655,41907,402483.2,667640.8,24.12,89.04,14,1,-0.4999999999999997,-0.8660254037844388,0,0,0,0,0,0,0,0,0,0,0,0,0,1,0,0,0,0,0,0,0,0,0,0,0,0,0,0,0,0,0,0,0
8729,1976,6,35.2,24.7,496.0,80.0,3.4,4.7,5.168965517,41907,402483.2,667640.8,24.12,89.04,14,1,1.2246467991473532e-16,-1.0,0,0,0,0,0,0,0,0,0,0,0,0,0,1,0,0,0,0,0,0,0,0,0,0,0,0,0,0,0,0,0,0,0
8730,1976,7,34.6,25.0,790.0,83.0,3.6,6.2,4.320689655,41907,402483.2,667640.8,24.12,89.04,14,1,-0.4999999999999997,-0.8660254037844388,0,0,0,0,0,0,0,0,0,0,0,0,0,1,0,0,0,0,0,0,0,0,0,0,0,0,0,0,0,0,0,0,0
8731,1976,8,33.5,24.8,499.0,84.0,4.3,5.3,4.944827586,41907,402483.2,667640.8,24.12,89.04,14,1,-0.8660254037844385,-0.5000000000000004,0,0,0,0,0,0,0,0,0,0,0,0,0,1,0,0,0,0,0,0,0,0,0,0,0,0,0,0,0,0,0,0,0
8741,1977,6,34.6,23.8,1167.0,85.0,2.8,6.5,5.168965517,41907,402483.2,667640.8,24.12,89.04,14,1,1.2246467991473532e-16,-1.0,0,0,0,0,0,0,0,0,0,0,0,0,0,1,0,0,0,0,0,0,0,0,0,0,0,0,0,0,0,0,0,0,0
8742,1977,7,37.8,25.9,518.0,84.0,2.8,6.2,4.320689655,41907,402483.2,667640.8,24.12,89.04,14,1,-0.4999999999999997,-0.8660254037844388,0,0,0,0,0,0,0,0,0,0,0,0,0,1,0,0,0,0,0,0,0,0,0,0,0,0,0,0,0,0,0,0,0
8766,1979,7,37.8,26.2,432.0,82.0,3.1,6.2,4.320689655,41907,402483.2,667640.8,24.12,89.04,14,1,-0.4999999999999997,-0.8660254037844388,0,0,0,0,0,0,0,0,0,0,0,0,0,1,0,0,0,0,0,0,0,0,0,0,0,0,0,0,0,0,0,0,0
8767,1979,8,33.9,25.8,463.0,83.0,2.8,6.2,4.944827586,41907,402483.2,667640.8,24.12,89.04,14,1,-0.8660254037844385,-0.5000000000000004,0,0,0,0,0,0,0,0,0,0,0,0,0,1,0,0,0,0,0,0,0,0,0,0,0,0,0,0,0,0,0,0,0
8790,1981,7,34.0,25.8,478.0,86.0,2.3,6.6,4.320689655,41907,402483.2,667640.8,24.12,89.04,14,1,-0.4999999999999997,-0.8660254037844388,0,0,0,0,0,0,0,0,0,0,0,0,0,1,0,0,0,0,0,0,0,0,0,0,0,0,0,0,0,0,0,0,0
8792,1981,9,34.0,25.8,423.0,84.0,1.4,5.4,5.220689655,41907,402483.2,667640.8,24.12,89.04,14,1,-1.0,-1.8369701987210297e-16,0,0,0,0,0,0,0,0,0,0,0,0,0,1,0,0,0,0,0,0,0,0,0,0,0,0,0,0,0,0,0,0,0
8825,1984,6,43.0,25.7,450.0,83.0,2.8,6.2,5.168965517,41907,402483.2,667640.8,24.12,89.04,14,1,1.2246467991473532e-16,-1.0,0,0,0,0,0,0,0,0,0,0,0,0,0,1,0,0,0,0,0,0,0,0,0,0,0,0,0,0,0,0,0,0,0
8852,1986,9,36.0,23.7,438.0,88.0,2.7,5.8,5.1,41907,402483.2,667640.8,24.12,89.04,14,1,-1.0,-1.8369701987210297e-16,0,0,0,0,0,0,0,0,0,0,0,0,0,1,0,0,0,0,0,0,0,0,0,0,0,0,0,0,0,0,0,0,0
8862,1987,7,34.7,25.5,413.0,89.0,2.4,6.5,3.6,41907,402483.2,667640.8,24.12,89.04,14,1,-0.4999999999999997,-0.8660254037844388,0,0,0,0,0,0,0,0,0,0,0,0,0,1,0,0,0,0,0,0,0,0,0,0,0,0,0,0,0,0,0,0,0
8863,1987,8,35.6,26.0,643.0,84.0,1.9,5.4,4.8,41907,402483.2,667640.8,24.12,89.04,14,1,-0.8660254037844385,-0.5000000000000004,0,0,0,0,0,0,0,0,0,0,0,0,0,1,0,0,0,0,0,0,0,0,0,0,0,0,0,0,0,0,0,0,0
8886,1989,7,34.5,25.0,605.0,88.0,2.0,6.1,3.8,41907,402483.2,667640.8,24.12,89.04,14,1,-0.4999999999999997,-0.8660254037844388,0,0,0,0,0,0,0,0,0,0,0,0,0,1,0,0,0,0,0,0,0,0,0,0,0,0,0,0,0,0,0,0,0
8898,1990,7,33.5,25.7,422.0,88.0,1.5,6.6,3.4,41907,402483.2,667640.8,24.12,89.04,14,1,-0.4999999999999997,-0.8660254037844388,0,0,0,0,0,0,0,0,0,0,0,0,0,1,0,0,0,0,0,0,0,0,0,0,0,0,0,0,0,0,0,0,0
8900,1990,9,35.5,25.4,481.0,87.0,1.2,6.0,4.8,41907,402483.2,667640.8,24.12,89.04,14,1,-1.0,-1.8369701987210297e-16,0,0,0,0,0,0,0,0,0,0,0,0,0,1,0,0,0,0,0,0,0,0,0,0,0,0,0,0,0,0,0,0,0
8912,1991,9,33.5,25.6,424.0,89.0,0.6,6.7,3.2,41907,402483.2,667640.8,24.12,89.04,14,1,-1.0,-1.8369701987210297e-16,0,0,0,0,0,0,0,0,0,0,0,0,0,1,0,0,0,0,0,0,0,0,0,0,0,0,0,0,0,0,0,0,0
8936,1993,9,35.0,25.3,357.0,88.0,1.5,5.8,4.5,41907,402483.2,667640.8,24.12,89.04,14,1,-1.0,-1.8369701987210297e-16,0,0,0,0,0,0,0,0,0,0,0,0,0,1,0,0,0,0,0,0,0,0,0,0,0,0,0,0,0,0,0,0,0
8960,1995,9,35.0,25.8,345.0,85.0,1.2,6.3,4.1,41907,402483.2,667640.8,24.12,89.04,14,1,-1.0,-1.8369701987210297e-16,0,0,0,0,0,0,0,0,0,0,0,0,0,1,0,0,0,0,0,0,0,0,0,0,0,0,0,0,0,0,0,0,0
8982,1997,7,34.8,25.8,486.0,89.0,1.4,6.4,4.5,41907,402483.2,667640.8,24.12,89.04,14,1,-0.4999999999999997,-0.8660254037844388,0,0,0,0,0,0,0,0,0,0,0,0,0,1,0,0,0,0,0,0,0,0,0,0,0,0,0,0,0,0,0,0,0
8984,1997,9,34.0,25.6,473.0,88.0,0.9,5.8,4.6,41907,402483.2,667640.8,24.12,89.04,14,1,-1.0,-1.8369701987210297e-16,0,0,0,0,0,0,0,0,0,0,0,0,0,1,0,0,0,0,0,0,0,0,0,0,0,0,0,0,0,0,0,0,0
8994,1998,7,35.0,26.4,413.0,89.0,1.3,6.7,3.3,41907,402483.2,667640.8,24.12,89.04,14,1,-0.4999999999999997,-0.8660254037844388,0,0,0,0,0,0,0,0,0,0,0,0,0,1,0,0,0,0,0,0,0,0,0,0,0,0,0,0,0,0,0,0,0
9006,1999,7,34.5,25.9,407.0,90.0,1.3,6.6,3.6,41907,402483.2,667640.8,24.12,89.04,14,1,-0.4999999999999997,-0.8660254037844388,0,0,0,0,0,0,0,0,0,0,0,0,0,1,0,0,0,0,0,0,0,0,0,0,0,0,0,0,0,0,0,0,0
9020,2000,9,35.0,25.4,551.0,89.0,0.6,5.4,4.4,41907,402483.2,667640.8,24.12,89.04,14,1,-1.0,-1.8369701987210297e-16,0,0,0,0,0,0,0,0,0,0,0,0,0,1,0,0,0,0,0,0,0,0,0,0,0,0,0,0,0,0,0,0,0
9029,2001,6,35.0,25.9,409.0,85.0,1.9,6.1,4.4,41907,402483.2,667640.8,24.12,89.04,14,1,1.2246467991473532e-16,-1.0,0,0,0,0,0,0,0,0,0,0,0,0,0,1,0,0,0,0,0,0,0,0,0,0,0,0,0,0,0,0,0,0,0
9066,2004,7,34.6,26.0,397.0,88.0,1.5,6.6,3.6,41907,402483.2,667640.8,24.12,89.04,14,1,-0.4999999999999997,-0.8660254037844388,0,0,0,0,0,0,0,0,0,0,0,0,0,1,0,0,0,0,0,0,0,0,0,0,0,0,0,0,0,0,0,0,0
9068,2004,9,34.7,25.4,541.0,88.0,1.7,6.3,3.8,41907,402483.2,667640.8,24.12,89.04,14,1,-1.0,-1.8369701987210297e-16,0,0,0,0,0,0,0,0,0,0,0,0,0,1,0,0,0,0,0,0,0,0,0,0,0,0,0,0,0,0,0,0,0
9078,2005,7,35.0,26.1,378.0,86.0,1.4,6.2,4.5,41907,402483.2,667640.8,24.12,89.04,14,1,-0.4999999999999997,-0.8660254037844388,0,0,0,0,0,0,0,0,0,0,0,0,0,1,0,0,0,0,0,0,0,0,0,0,0,0,0,0,0,0,0,0,0
9081,2005,10,33.8,23.4,664.0,86.0,0.8,4.8,5.1,41907,402483.2,667640.8,24.12,89.04,14,1,-0.8660254037844386,0.5000000000000001,0,0,0,0,0,0,0,0,0,0,0,0,0,1,0,0,0,0,0,0,0,0,0,0,0,0,0,0,0,0,0,0,0
9102,2007,7,36.5,25.9,516.0,87.0,1.3,6.7,3.7,41907,402483.2,667640.8,24.12,89.04,14,1,-0.4999999999999997,-0.8660254037844388,0,0,0,0,0,0,0,0,0,0,0,0,0,1,0,0,0,0,0,0,0,0,0,0,0,0,0,0,0,0,0,0,0
9128,2009,9,35.5,26.0,350.0,85.0,2.7,5.2,6.2,41907,402483.2,667640.8,24.12,89.04,14,1,-1.0,-1.8369701987210297e-16,0,0,0,0,0,0,0,0,0,0,0,0,0,1,0,0,0,0,0,0,0,0,0,0,0,0,0,0,0,0,0,0,0
9151,2011,8,35.5,26.1,645.0,87.0,2.0,6.3,3.8,41907,402483.2,667640.8,24.12,89.04,14,1,-0.8660254037844385,-0.5000000000000004,0,0,0,0,0,0,0,0,0,0,0,0,0,1,0,0,0,0,0,0,0,0,0,0,0,0,0,0,0,0,0,0,0
9187,1948,8,33.1,25.9,379.0,87.0,2.637037037,4.2,4.461702128,41936,420062.7,562498.8,23.17,89.22,7,1,-0.8660254037844385,-0.5000000000000004,0,0,0,0,0,0,0,0,0,0,0,0,0,0,1,0,0,0,0,0,0,0,0,0,0,0,0,0,0,0,0,0,0
9198,1949,7,35.0,25.7,343.0,87.0,2.955555556,5.1,3.972340426,41936,420062.7,562498.8,23.17,89.22,7,1,-0.4999999999999997,-0.8660254037844388,0,0,0,0,0,0,0,0,0,0,0,0,0,0,1,0,0,0,0,0,0,0,0,0,0,0,0,0,0,0,0,0,0
9209,1950,6,37.4,25.1,557.0,88.0,3.233333333,6.2,4.655319149,41936,420062.7,562498.8,23.17,89.22,7,1,1.2246467991473532e-16,-1.0,0,0,0,0,0,0,0,0,0,0,0,0,0,0,1,0,0,0,0,0,0,0,0,0,0,0,0,0,0,0,0,0,0
9247,1953,8,34.8,26.0,476.0,89.0,2.637037037,5.9,4.461702128,41936,420062.7,562498.8,23.17,89.22,7,1,-0.8660254037844385,-0.5000000000000004,0,0,0,0,0,0,0,0,0,0,0,0,0,0,1,0,0,0,0,0,0,0,0,0,0,0,0,0,0,0,0,0,0
9257,1954,6,35.7,25.3,606.0,90.0,3.233333333,5.9,4.655319149,41936,420062.7,562498.8,23.17,89.22,7,1,1.2246467991473532e-16,-1.0,0,0,0,0,0,0,0,0,0,0,0,0,0,0,1,0,0,0,0,0,0,0,0,0,0,0,0,0,0,0,0,0,0
9259,1954,8,34.4,26.0,427.0,90.0,2.637037037,6.6,4.461702128,41936,420062.7,562498.8,23.17,89.22,7,1,-0.8660254037844385,-0.5000000000000004,0,0,0,0,0,0,0,0,0,0,0,0,0,0,1,0,0,0,0,0,0,0,0,0,0,0,0,0,0,0,0,0,0
9281,1956,6,34.4,25.2,367.0,89.0,3.233333333,5.9,4.655319149,41936,420062.7,562498.8,23.17,89.22,7,1,1.2246467991473532e-16,-1.0,0,0,0,0,0,0,0,0,0,0,0,0,0,0,1,0,0,0,0,0,0,0,0,0,0,0,0,0,0,0,0,0,0
9294,1957,7,34.4,25.9,381.0,89.0,2.955555556,6.4,3.972340426,41936,420062.7,562498.8,23.17,89.22,7,1,-0.4999999999999997,-0.8660254037844388,0,0,0,0,0,0,0,0,0,0,0,0,0,0,1,0,0,0,0,0,0,0,0,0,0,0,0,0,0,0,0,0,0
9319,1959,8,33.3,25.7,478.0,91.0,2.637037037,6.3,4.461702128,41936,420062.7,562498.8,23.17,89.22,7,1,-0.8660254037844385,-0.5000000000000004,0,0,0,0,0,0,0,0,0,0,0,0,0,0,1,0,0,0,0,0,0,0,0,0,0,0,0,0,0,0,0,0,0
9321,1959,10,32.8,23.8,511.0,90.0,1.077777778,5.0,6.574468085,41936,420062.7,562498.8,23.17,89.22,7,1,-0.8660254037844386,0.5000000000000001,0,0,0,0,0,0,0,0,0,0,0,0,0,0,1,0,0,0,0,0,0,0,0,0,0,0,0,0,0,0,0,0,0
9330,1960,7,33.4,25.7,546.0,89.0,3.7,6.5,3.972340426,41936,420062.7,562498.8,23.17,89.22,7,1,-0.4999999999999997,-0.8660254037844388,0,0,0,0,0,0,0,0,0,0,0,0,0,0,1,0,0,0,0,0,0,0,0,0,0,0,0,0,0,0,0,0,0
9343,1961,8,34.4,26.3,418.0,86.0,0.9,6.0,4.461702128,41936,420062.7,562498.8,23.17,89.22,7,1,-0.8660254037844385,-0.5000000000000004,0,0,0,0,0,0,0,0,0,0,0,0,0,0,1,0,0,0,0,0,0,0,0,0,0,0,0,0,0,0,0,0,0
9378,1964,7,33.6,25.5,549.0,92.0,1.4,6.9,3.972340426,41936,420062.7,562498.8,23.17,89.22,7,1,-0.4999999999999997,-0.8660254037844388,0,0,0,0,0,0,0,0,0,0,0,0,0,0,1,0,0,0,0,0,0,0,0,0,0,0,0,0,0,0,0,0,0
9381,1964,10,34.0,24.5,440.0,88.0,0.8,5.1,6.574468085,41936,420062.7,562498.8,23.17,89.22,7,1,-0.8660254037844386,0.5000000000000001,0,0,0,0,0,0,0,0,0,0,0,0,0,0,1,0,0,0,0,0,0,0,0,0,0,0,0,0,0,0,0,0,0
9389,1965,6,37.6,26.1,574.0,83.0,1.4,5.8,4.655319149,41936,420062.7,562498.8,23.17,89.22,7,1,1.2246467991473532e-16,-1.0,0,0,0,0,0,0,0,0,0,0,0,0,0,0,1,0,0,0,0,0,0,0,0,0,0,0,0,0,0,0,0,0,0
9391,1965,8,33.6,25.6,406.0,89.0,1.1,6.2,4.461702128,41936,420062.7,562498.8,23.17,89.22,7,1,-0.8660254037844385,-0.5000000000000004,0,0,0,0,0,0,0,0,0,0,0,0,0,0,1,0,0,0,0,0,0,0,0,0,0,0,0,0,0,0,0,0,0
9425,1968,6,34.4,25.1,603.0,88.0,4.3,5.8,4.2,41936,420062.7,562498.8,23.17,89.22,7,1,1.2246467991473532e-16,-1.0,0,0,0,0,0,0,0,0,0,0,0,0,0,0,1,0,0,0,0,0,0,0,0,0,0,0,0,0,0,0,0,0,0
9426,1968,7,33.3,26.1,546.0,87.0,3.8,6.3,5.3,41936,420062.7,562498.8,23.17,89.22,7,1,-0.4999999999999997,-0.8660254037844388,0,0,0,0,0,0,0,0,0,0,0,0,0,0,1,0,0,0,0,0,0,0,0,0,0,0,0,0,0,0,0,0,0
9440,1969,9,34.6,25.3,428.0,85.0,2.6,5.6,6.3,41936,420062.7,562498.8,23.17,89.22,7,1,-1.0,-1.8369701987210297e-16,0,0,0,0,0,0,0,0,0,0,0,0,0,0,1,0,0,0,0,0,0,0,0,0,0,0,0,0,0,0,0,0,0
9450,1970,7,35.6,25.9,415.0,87.0,3.1,6.5,4.5,41936,420062.7,562498.8,23.17,89.22,7,1,-0.4999999999999997,-0.8660254037844388,0,0,0,0,0,0,0,0,0,0,0,0,0,0,1,0,0,0,0,0,0,0,0,0,0,0,0,0,0,0,0,0,0
9452,1970,9,34.2,25.6,490.0,86.0,2.7,6.2,5.4,41936,420062.7,562498.8,23.17,89.22,7,1,-1.0,-1.8369701987210297e-16,0,0,0,0,0,0,0,0,0,0,0,0,0,0,1,0,0,0,0,0,0,0,0,0,0,0,0,0,0,0,0,0,0
9461,1971,6,34.7,25.3,421.0,84.0,2.8,6.2,4.8,41936,420062.7,562498.8,23.17,89.22,7,1,1.2246467991473532e-16,-1.0,0,0,0,0,0,0,0,0,0,0,0,0,0,0,1,0,0,0,0,0,0,0,0,0,0,0,0,0,0,0,0,0,0
9462,1971,7,33.3,25.5,489.0,87.0,2.7,6.9,4.4,41936,420062.7,562498.8,23.17,89.22,7,1,-0.4999999999999997,-0.8660254037844388,0,0,0,0,0,0,0,0,0,0,0,0,0,0,1,0,0,0,0,0,0,0,0,0,0,0,0,0,0,0,0,0,0
9463,1971,8,32.4,24.9,500.0,87.0,2.5,7.1,3.1,41936,420062.7,562498.8,23.17,89.22,7,1,-0.8660254037844385,-0.5000000000000004,0,0,0,0,0,0,0,0,0,0,0,0,0,0,1,0,0,0,0,0,0,0,0,0,0,0,0,0,0,0,0,0,0
9475,1972,8,33.9,25.0,372.0,88.0,2.8,6.4,3.5,41936,420062.7,562498.8,23.17,89.22,7,1,-0.8660254037844385,-0.5000000000000004,0,0,0,0,0,0,0,0,0,0,0,0,0,0,1,0,0,0,0,0,0,0,0,0,0,0,0,0,0,0,0,0,0
9485,1973,6,35.3,25.2,361.0,85.0,2.2,5.7,4.3,41936,420062.7,562498.8,23.17,89.22,7,1,1.2246467991473532e-16,-1.0,0,0,0,0,0,0,0,0,0,0,0,0,0,0,1,0,0,0,0,0,0,0,0,0,0,0,0,0,0,0,0,0,0
9499,1974,8,34.5,25.6,436.0,87.0,2.8,6.1,4.3,41936,420062.7,562498.8,23.17,89.22,7,1,-0.8660254037844385,-0.5000000000000004,0,0,0,0,0,0,0,0,0,0,0,0,0,0,1,0,0,0,0,0,0,0,0,0,0,0,0,0,0,0,0,0,0
9510,1975,7,33.3,25.0,444.0,90.0,3.4,7.0,3.9,41936,420062.7,562498.8,23.17,89.22,7,1,-0.4999999999999997,-0.8660254037844388,0,0,0,0,0,0,0,0,0,0,0,0,0,0,1,0,0,0,0,0,0,0,0,0,0,0,0,0,0,0,0,0,0
9559,1979,8,35.5,26.1,394.0,85.0,3.2,6.4,4.4,41936,420062.7,562498.8,23.17,89.22,7,1,-0.8660254037844385,-0.5000000000000004,0,0,0,0,0,0,0,0,0,0,0,0,0,0,1,0,0,0,0,0,0,0,0,0,0,0,0,0,0,0,0,0,0
9560,1979,9,37.2,25.8,402.0,84.0,2.0,5.6,5.4,41936,420062.7,562498.8,23.17,89.22,7,1,-1.0,-1.8369701987210297e-16,0,0,0,0,0,0,0,0,0,0,0,0,0,0,1,0,0,0,0,0,0,0,0,0,0,0,0,0,0,0,0,0,0
9582,1981,7,35.0,25.8,377.0,89.0,2.6,6.7,2.8,41936,420062.7,562498.8,23.17,89.22,7,1,-0.4999999999999997,-0.8660254037844388,0,0,0,0,0,0,0,0,0,0,0,0,0,0,1,0,0,0,0,0,0,0,0,0,0,0,0,0,0,0,0,0,0
9607,1983,8,34.0,25.8,465.0,88.0,3.6,6.1,4.5,41936,420062.7,562498.8,23.17,89.22,7,1,-0.8660254037844385,-0.5000000000000004,0,0,0,0,0,0,0,0,0,0,0,0,0,0,1,0,0,0,0,0,0,0,0,0,0,0,0,0,0,0,0,0,0
9617,1984,6,37.7,25.4,822.0,88.0,4.4,6.7,3.3,41936,420062.7,562498.8,23.17,89.22,7,1,1.2246467991473532e-16,-1.0,0,0,0,0,0,0,0,0,0,0,0,0,0,0,1,0,0,0,0,0,0,0,0,0,0,0,0,0,0,0,0,0,0
9644,1986,9,35.8,24.6,606.0,89.0,2.9,6.0,3.9,41936,420062.7,562498.8,23.17,89.22,7,1,-1.0,-1.8369701987210297e-16,0,0,0,0,0,0,0,0,0,0,0,0,0,0,1,0,0,0,0,0,0,0,0,0,0,0,0,0,0,0,0,0,0
9655,1987,8,35.5,26.1,768.0,87.0,2.8,6.4,3.9,41936,420062.7,562498.8,23.17,89.22,7,1,-0.8660254037844385,-0.5000000000000004,0,0,0,0,0,0,0,0,0,0,0,0,0,0,1,0,0,0,0,0,0,0,0,0,0,0,0,0,0,0,0,0,0
9665,1988,6,37.5,25.8,543.0,85.0,4.2,6.4,3.9,41936,420062.7,562498.8,23.17,89.22,7,1,1.2246467991473532e-16,-1.0,0,0,0,0,0,0,0,0,0,0,0,0,0,0,1,0,0,0,0,0,0,0,0,0,0,0,0,0,0,0,0,0,0
9701,1991,6,36.0,25.8,407.0,86.0,2.5,6.3,4.0,41936,420062.7,562498.8,23.17,89.22,7,1,1.2246467991473532e-16,-1.0,0,0,0,0,0,0,0,0,0,0,0,0,0,0,1,0,0,0,0,0,0,0,0,0,0,0,0,0,0,0,0,0,0
9703,1991,8,36.0,26.1,543.0,87.0,2.2,6.3,4.6,41936,420062.7,562498.8,23.17,89.22,7,1,-0.8660254037844385,-0.5000000000000004,0,0,0,0,0,0,0,0,0,0,0,0,0,0,1,0,0,0,0,0,0,0,0,0,0,0,0,0,0,0,0,0,0
9725,1993,6,36.1,25.6,437.0,85.0,3.4,5.7,4.3,41936,420062.7,562498.8,23.17,89.22,7,1,1.2246467991473532e-16,-1.0,0,0,0,0,0,0,0,0,0,0,0,0,0,0,1,0,0,0,0,0,0,0,0,0,0,0,0,0,0,0,0,0,0
9728,1993,9,35.6,25.2,336.0,88.0,1.7,6.0,3.9,41936,420062.7,562498.8,23.17,89.22,7,1,-1.0,-1.8369701987210297e-16,0,0,0,0,0,0,0,0,0,0,0,0,0,0,1,0,0,0,0,0,0,0,0,0,0,0,0,0,0,0,0,0,0
9737,1994,6,36.9,26.2,365.0,85.0,2.7,6.3,3.9,41936,420062.7,562498.8,23.17,89.22,7,1,1.2246467991473532e-16,-1.0,0,0,0,0,0,0,0,0,0,0,0,0,0,0,1,0,0,0,0,0,0,0,0,0,0,0,0,0,0,0,0,0,0
9774,1997,7,35.4,26.2,406.0,89.0,1.8,6.2,3.6,41936,420062.7,562498.8,23.17,89.22,7,1,-0.4999999999999997,-0.8660254037844388,0,0,0,0,0,0,0,0,0,0,0,0,0,0,1,0,0,0,0,0,0,0,0,0,0,0,0,0,0,0,0,0,0
9786,1998,7,35.4,26.7,181.0,87.0,1.2,6.3,3.2,41936,420062.7,562498.8,23.17,89.22,7,1,-0.4999999999999997,-0.8660254037844388,0,0,0,0,0,0,0,0,0,0,0,0,0,0,1,0,0,0,0,0,0,0,0,0,0,0,0,0,0,0,0,0,0
9787,1998,8,35.0,26.5,209.0,88.0,0.9,6.0,3.7,41936,420062.7,562498.8,23.17,89.22,7,1,-0.8660254037844385,-0.5000000000000004,0,0,0,0,0,0,0,0,0,0,0,0,0,0,1,0,0,0,0,0,0,0,0,0,0,0,0,0,0,0,0,0,0
9788,1998,9,37.0,25.7,174.0,86.0,0.7,4.8,4.5,41936,420062.7,562498.8,23.17,89.22,7,1,-1.0,-1.8369701987210297e-16,0,0,0,0,0,0,0,0,0,0,0,0,0,0,1,0,0,0,0,0,0,0,0,0,0,0,0,0,0,0,0,0,0
9798,1999,7,35.0,25.8,356.0,89.0,2.6,6.5,4.6,41936,420062.7,562498.8,23.17,89.22,7,1,-0.4999999999999997,-0.8660254037844388,0,0,0,0,0,0,0,0,0,0,0,0,0,0,1,0,0,0,0,0,0,0,0,0,0,0,0,0,0,0,0,0,0
9801,1999,10,34.4,24.2,151.0,86.0,0.9,5.2,6.6,41936,420062.7,562498.8,23.17,89.22,7,1,-0.8660254037844386,0.5000000000000001,0,0,0,0,0,0,0,0,0,0,0,0,0,0,1,0,0,0,0,0,0,0,0,0,0,0,0,0,0,0,0,0,0
9810,2000,7,36.6,26.0,486.0,86.0,2.3,6.2,6.2,41936,420062.7,562498.8,23.17,89.22,7,1,-0.4999999999999997,-0.8660254037844388,0,0,0,0,0,0,0,0,0,0,0,0,0,0,1,0,0,0,0,0,0,0,0,0,0,0,0,0,0,0,0,0,0
9812,2000,9,35.2,25.2,467.0,87.0,1.4,5.7,6.1,41936,420062.7,562498.8,23.17,89.22,7,1,-1.0,-1.8369701987210297e-16,0,0,0,0,0,0,0,0,0,0,0,0,0,0,1,0,0,0,0,0,0,0,0,0,0,0,0,0,0,0,0,0,0
9821,2001,6,34.4,25.7,498.0,88.0,2.2,6.6,3.0,41936,420062.7,562498.8,23.17,89.22,7,1,1.2246467991473532e-16,-1.0,0,0,0,0,0,0,0,0,0,0,0,0,0,0,1,0,0,0,0,0,0,0,0,0,0,0,0,0,0,0,0,0,0
9833,2002,6,37.4,25.9,535.0,86.0,2.2,6.1,3.5,41936,420062.7,562498.8,23.17,89.22,7,1,1.2246467991473532e-16,-1.0,0,0,0,0,0,0,0,0,0,0,0,0,0,0,1,0,0,0,0,0,0,0,0,0,0,0,0,0,0,0,0,0,0
9834,2002,7,37.2,26.7,524.0,86.0,1.6,6.3,3.7,41936,420062.7,562498.8,23.17,89.22,7,1,-0.4999999999999997,-0.8660254037844388,0,0,0,0,0,0,0,0,0,0,0,0,0,0,1,0,0,0,0,0,0,0,0,0,0,0,0,0,0,0,0,0,0
9845,2003,6,39.6,25.9,404.0,84.0,2.7,6.3,4.1,41936,420062.7,562498.8,23.17,89.22,7,1,1.2246467991473532e-16,-1.0,0,0,0,0,0,0,0,0,0,0,0,0,0,0,1,0,0,0,0,0,0,0,0,0,0,0,0,0,0,0,0,0,0
9846,2003,7,35.8,26.2,427.0,85.0,2.4,6.2,4.7,41936,420062.7,562498.8,23.17,89.22,7,1,-0.4999999999999997,-0.8660254037844388,0,0,0,0,0,0,0,0,0,0,0,0,0,0,1,0,0,0,0,0,0,0,0,0,0,0,0,0,0,0,0,0,0
9849,2003,10,35.4,24.0,466.0,88.0,0.7,5.4,4.3,41936,420062.7,562498.8,23.17,89.22,7,1,-0.8660254037844386,0.5000000000000001,0,0,0,0,0,0,0,0,0,0,0,0,0,0,1,0,0,0,0,0,0,0,0,0,0,0,0,0,0,0,0,0,0
9858,2004,7,36.4,25.8,398.0,86.0,2.4,6.3,4.8,41936,420062.7,562498.8,23.17,89.22,7,1,-0.4999999999999997,-0.8660254037844388,0,0,0,0,0,0,0,0,0,0,0,0,0,0,1,0,0,0,0,0,0,0,0,0,0,0,0,0,0,0,0,0,0
9860,2004,9,35.0,25.3,917.0,88.0,1.7,6.1,3.7,41936,420062.7,562498.8,23.17,89.22,7,1,-1.0,-1.8369701987210297e-16,0,0,0,0,0,0,0,0,0,0,0,0,0,0,1,0,0,0,0,0,0,0,0,0,0,0,0,0,0,0,0,0,0
9870,2005,7,35.4,25.8,546.0,87.0,1.9,6.0,3.8,41936,420062.7,562498.8,23.17,89.22,7,1,-0.4999999999999997,-0.8660254037844388,0,0,0,0,0,0,0,0,0,0,0,0,0,0,1,0,0,0,0,0,0,0,0,0,0,0,0,0,0,0,0,0,0
9873,2005,10,35.6,23.5,412.0,88.0,0.8,4.6,4.1,41936,420062.7,562498.8,23.17,89.22,7,1,-0.8660254037844386,0.5000000000000001,0,0,0,0,0,0,0,0,0,0,0,0,0,0,1,0,0,0,0,0,0,0,0,0,0,0,0,0,0,0,0,0,0
9882,2006,7,35.6,26.2,455.0,88.0,2.4,5.9,4.0,41936,420062.7,562498.8,23.17,89.22,7,1,-0.4999999999999997,-0.8660254037844388,0,0,0,0,0,0,0,0,0,0,0,0,0,0,1,0,0,0,0,0,0,0,0,0,0,0,0,0,0,0,0,0,0
9884,2006,9,36.0,25.7,400.0,87.0,1.7,5.4,4.7,41936,420062.7,562498.8,23.17,89.22,7,1,-1.0,-1.8369701987210297e-16,0,0,0,0,0,0,0,0,0,0,0,0,0,0,1,0,0,0,0,0,0,0,0,0,0,0,0,0,0,0,0,0,0
9894,2007,7,36.2,26.1,735.0,88.0,2.1,6.0,3.0,41936,420062.7,562498.8,23.17,89.22,7,1,-0.4999999999999997,-0.8660254037844388,0,0,0,0,0,0,0,0,0,0,0,0,0,0,1,0,0,0,0,0,0,0,0,0,0,0,0,0,0,0,0,0,0
9898,2007,11,32.6,18.9,113.0,83.0,0.3,1.2,6.3,41936,420062.7,562498.8,23.17,89.22,7,1,-0.5000000000000004,0.8660254037844384,0,0,0,0,0,0,0,0,0,0,0,0,0,0,1,0,0,0,0,0,0,0,0,0,0,0,0,0,0,0,0,0,0
9906,2008,7,34.4,26.0,459.0,88.0,1.8,6.0,2.5,41936,420062.7,562498.8,23.17,89.22,7,1,-0.4999999999999997,-0.8660254037844388,0,0,0,0,0,0,0,0,0,0,0,0,0,0,1,0,0,0,0,0,0,0,0,0,0,0,0,0,0,0,0,0,0
9908,2008,9,35.8,25.4,415.0,87.0,1.5,4.9,4.3,41936,420062.7,562498.8,23.17,89.22,7,1,-1.0,-1.8369701987210297e-16,0,0,0,0,0,0,0,0,0,0,0,0,0,0,1,0,0,0,0,0,0,0,0,0,0,0,0,0,0,0,0,0,0
9918,2009,7,36.4,26.0,523.0,84.0,5.1,5.3,3.5,41936,420062.7,562498.8,23.17,89.22,7,1,-0.4999999999999997,-0.8660254037844388,0,0,0,0,0,0,0,0,0,0,0,0,0,0,1,0,0,0,0,0,0,0,0,0,0,0,0,0,0,0,0,0,0
9919,2009,8,36.0,25.7,435.0,87.0,5.3,5.3,2.9,41936,420062.7,562498.8,23.17,89.22,7,1,-0.8660254037844385,-0.5000000000000004,0,0,0,0,0,0,0,0,0,0,0,0,0,0,1,0,0,0,0,0,0,0,0,0,0,0,0,0,0,0,0,0,0
9977,1974,6,34.76153846,26.25641026,475.2820513,84.0,4.6,6.5,3.807692308,41984,522893.1,430006.8,21.98,90.22,3,1,1.2246467991473532e-16,-1.0,0,0,0,0,0,0,0,0,0,0,0,0,0,0,0,1,0,0,0,0,0,0,0,0,0,0,0,0,0,0,0,0,0
9978,1974,7,33.3974359,25.8974359,616.2307692,87.0,3.8,7.2,3.580769231,41984,522893.1,430006.8,21.98,90.22,3,1,-0.4999999999999997,-0.8660254037844388,0,0,0,0,0,0,0,0,0,0,0,0,0,0,0,1,0,0,0,0,0,0,0,0,0,0,0,0,0,0,0,0,0
9979,1974,8,33.46923077,25.92307692,467.2051282,87.0,3.3,6.6,4.111538462,41984,522893.1,430006.8,21.98,90.22,3,1,-0.8660254037844385,-0.5000000000000004,0,0,0,0,0,0,0,0,0,0,0,0,0,0,0,1,0,0,0,0,0,0,0,0,0,0,0,0,0,0,0,0,0
9990,1975,7,31.5,25.2,737.0,89.0,4.3,6.9,3.580769231,41984,522893.1,430006.8,21.98,90.22,3,1,-0.4999999999999997,-0.8660254037844388,0,0,0,0,0,0,0,0,0,0,0,0,0,0,0,1,0,0,0,0,0,0,0,0,0,0,0,0,0,0,0,0,0
10001,1976,6,33.9,25.4,413.0,84.0,5.2,6.5,3.807692308,41984,522893.1,430006.8,21.98,90.22,3,1,1.2246467991473532e-16,-1.0,0,0,0,0,0,0,0,0,0,0,0,0,0,0,0,1,0,0,0,0,0,0,0,0,0,0,0,0,0,0,0,0,0
10002,1976,7,37.8,25.3,849.0,91.0,4.8,6.8,3.580769231,41984,522893.1,430006.8,21.98,90.22,3,1,-0.4999999999999997,-0.8660254037844388,0,0,0,0,0,0,0,0,0,0,0,0,0,0,0,1,0,0,0,0,0,0,0,0,0,0,0,0,0,0,0,0,0
10013,1977,6,37.8,26.1,668.0,85.0,3.7,6.4,3.807692308,41984,522893.1,430006.8,21.98,90.22,3,1,1.2246467991473532e-16,-1.0,0,0,0,0,0,0,0,0,0,0,0,0,0,0,0,1,0,0,0,0,0,0,0,0,0,0,0,0,0,0,0,0,0
10015,1977,8,31.1,25.8,559.0,87.0,3.5,6.6,4.111538462,41984,522893.1,430006.8,21.98,90.22,3,1,-0.8660254037844385,-0.5000000000000004,0,0,0,0,0,0,0,0,0,0,0,0,0,0,0,1,0,0,0,0,0,0,0,0,0,0,0,0,0,0,0,0,0
10025,1978,6,32.7,26.6,435.0,87.0,5.1,6.3,3.807692308,41984,522893.1,430006.8,21.98,90.22,3,1,1.2246467991473532e-16,-1.0,0,0,0,0,0,0,0,0,0,0,0,0,0,0,0,1,0,0,0,0,0,0,0,0,0,0,0,0,0,0,0,0,0
10026,1978,7,37.8,25.4,661.0,87.0,4.6,6.4,3.580769231,41984,522893.1,430006.8,21.98,90.22,3,1,-0.4999999999999997,-0.8660254037844388,0,0,0,0,0,0,0,0,0,0,0,0,0,0,0,1,0,0,0,0,0,0,0,0,0,0,0,0,0,0,0,0,0
10027,1978,8,37.8,26.2,431.0,88.0,4.6,6.8,4.111538462,41984,522893.1,430006.8,21.98,90.22,3,1,-0.8660254037844385,-0.5000000000000004,0,0,0,0,0,0,0,0,0,0,0,0,0,0,0,1,0,0,0,0,0,0,0,0,0,0,0,0,0,0,0,0,0
10037,1979,6,35.6,26.1,832.0,85.0,4.3,5.9,3.807692308,41984,522893.1,430006.8,21.98,90.22,3,1,1.2246467991473532e-16,-1.0,0,0,0,0,0,0,0,0,0,0,0,0,0,0,0,1,0,0,0,0,0,0,0,0,0,0,0,0,0,0,0,0,0
10039,1979,8,37.8,25.3,740.0,87.0,4.0,6.7,4.111538462,41984,522893.1,430006.8,21.98,90.22,3,1,-0.8660254037844385,-0.5000000000000004,0,0,0,0,0,0,0,0,0,0,0,0,0,0,0,1,0,0,0,0,0,0,0,0,0,0,0,0,0,0,0,0,0
10040,1979,9,33.0,25.2,561.0,86.0,2.3,5.7,4.507692308,41984,522893.1,430006.8,21.98,90.22,3,1,-1.0,-1.8369701987210297e-16,0,0,0,0,0,0,0,0,0,0,0,0,0,0,0,1,0,0,0,0,0,0,0,0,0,0,0,0,0,0,0,0,0
10049,1980,6,32.5,26.0,502.0,83.0,3.2,6.1,3.807692308,41984,522893.1,430006.8,21.98,90.22,3,1,1.2246467991473532e-16,-1.0,0,0,0,0,0,0,0,0,0,0,0,0,0,0,0,1,0,0,0,0,0,0,0,0,0,0,0,0,0,0,0,0,0
10050,1980,7,31.6,25.9,560.0,88.0,2.9,6.6,3.580769231,41984,522893.1,430006.8,21.98,90.22,3,1,-0.4999999999999997,-0.8660254037844388,0,0,0,0,0,0,0,0,0,0,0,0,0,0,0,1,0,0,0,0,0,0,0,0,0,0,0,0,0,0,0,0,0
10051,1980,8,33.0,26.0,649.0,88.0,2.5,6.1,4.111538462,41984,522893.1,430006.8,21.98,90.22,3,1,-0.8660254037844385,-0.5000000000000004,0,0,0,0,0,0,0,0,0,0,0,0,0,0,0,1,0,0,0,0,0,0,0,0,0,0,0,0,0,0,0,0,0
10061,1981,6,36.0,24.0,490.0,84.0,1.7,6.3,3.807692308,41984,522893.1,430006.8,21.98,90.22,3,1,1.2246467991473532e-16,-1.0,0,0,0,0,0,0,0,0,0,0,0,0,0,0,0,1,0,0,0,0,0,0,0,0,0,0,0,0,0,0,0,0,0
10062,1981,7,31.6,25.4,505.0,89.0,1.5,6.8,3.580769231,41984,522893.1,430006.8,21.98,90.22,3,1,-0.4999999999999997,-0.8660254037844388,0,0,0,0,0,0,0,0,0,0,0,0,0,0,0,1,0,0,0,0,0,0,0,0,0,0,0,0,0,0,0,0,0
10063,1981,8,33.0,26.0,423.0,86.0,1.7,5.9,4.111538462,41984,522893.1,430006.8,21.98,90.22,3,1,-0.8660254037844385,-0.5000000000000004,0,0,0,0,0,0,0,0,0,0,0,0,0,0,0,1,0,0,0,0,0,0,0,0,0,0,0,0,0,0,0,0,0
10073,1982,6,34.6,25.2,684.0,85.0,3.5,6.4,3.807692308,41984,522893.1,430006.8,21.98,90.22,3,1,1.2246467991473532e-16,-1.0,0,0,0,0,0,0,0,0,0,0,0,0,0,0,0,1,0,0,0,0,0,0,0,0,0,0,0,0,0,0,0,0,0
10074,1982,7,33.5,26.6,486.0,84.0,3.4,6.2,3.580769231,41984,522893.1,430006.8,21.98,90.22,3,1,-0.4999999999999997,-0.8660254037844388,0,0,0,0,0,0,0,0,0,0,0,0,0,0,0,1,0,0,0,0,0,0,0,0,0,0,0,0,0,0,0,0,0
10075,1982,8,31.0,25.5,961.0,89.0,3.1,6.4,4.111538462,41984,522893.1,430006.8,21.98,90.22,3,1,-0.8660254037844385,-0.5000000000000004,0,0,0,0,0,0,0,0,0,0,0,0,0,0,0,1,0,0,0,0,0,0,0,0,0,0,0,0,0,0,0,0,0
10085,1983,6,34.0,26.4,474.0,85.0,2.5,6.3,3.807692308,41984,522893.1,430006.8,21.98,90.22,3,1,1.2246467991473532e-16,-1.0,0,0,0,0,0,0,0,0,0,0,0,0,0,0,0,1,0,0,0,0,0,0,0,0,0,0,0,0,0,0,0,0,0
10086,1983,7,31.3,25.6,580.0,88.0,3.1,6.5,3.580769231,41984,522893.1,430006.8,21.98,90.22,3,1,-0.4999999999999997,-0.8660254037844388,0,0,0,0,0,0,0,0,0,0,0,0,0,0,0,1,0,0,0,0,0,0,0,0,0,0,0,0,0,0,0,0,0
10087,1983,8,32.3,25.4,399.0,88.0,2.6,6.1,4.111538462,41984,522893.1,430006.8,21.98,90.22,3,1,-0.8660254037844385,-0.5000000000000004,0,0,0,0,0,0,0,0,0,0,0,0,0,0,0,1,0,0,0,0,0,0,0,0,0,0,0,0,0,0,0,0,0
10098,1984,7,32.0,25.6,383.0,87.0,3.3,6.5,3.580769231,41984,522893.1,430006.8,21.98,90.22,3,1,-0.4999999999999997,-0.8660254037844388,0,0,0,0,0,0,0,0,0,0,0,0,0,0,0,1,0,0,0,0,0,0,0,0,0,0,0,0,0,0,0,0,0
10122,1986,7,34.8,23.8,444.0,89.0,1.5,6.5,3.580769231,41984,522893.1,430006.8,21.98,90.22,3,1,-0.4999999999999997,-0.8660254037844388,0,0,0,0,0,0,0,0,0,0,0,0,0,0,0,1,0,0,0,0,0,0,0,0,0,0,0,0,0,0,0,0,0
10124,1986,9,34.0,24.8,436.0,90.0,1.3,6.1,4.507692308,41984,522893.1,430006.8,21.98,90.22,3,1,-1.0,-1.8369701987210297e-16,0,0,0,0,0,0,0,0,0,0,0,0,0,0,0,1,0,0,0,0,0,0,0,0,0,0,0,0,0,0,0,0,0
10133,1987,6,34.5,26.3,467.0,88.0,2.1,5.9,3.807692308,41984,522893.1,430006.8,21.98,90.22,3,1,1.2246467991473532e-16,-1.0,0,0,0,0,0,0,0,0,0,0,0,0,0,0,0,1,0,0,0,0,0,0,0,0,0,0,0,0,0,0,0,0,0
10134,1987,7,33.8,25.5,748.0,91.0,2.3,7.2,3.580769231,41984,522893.1,430006.8,21.98,90.22,3,1,-0.4999999999999997,-0.8660254037844388,0,0,0,0,0,0,0,0,0,0,0,0,0,0,0,1,0,0,0,0,0,0,0,0,0,0,0,0,0,0,0,0,0
10135,1987,8,34.5,25.8,798.0,88.0,1.5,6.1,4.111538462,41984,522893.1,430006.8,21.98,90.22,3,1,-0.8660254037844385,-0.5000000000000004,0,0,0,0,0,0,0,0,0,0,0,0,0,0,0,1,0,0,0,0,0,0,0,0,0,0,0,0,0,0,0,0,0
10146,1988,7,32.2,25.9,614.0,90.0,2.6,6.9,3.4,41984,522893.1,430006.8,21.98,90.22,3,1,-0.4999999999999997,-0.8660254037844388,0,0,0,0,0,0,0,0,0,0,0,0,0,0,0,1,0,0,0,0,0,0,0,0,0,0,0,0,0,0,0,0,0
10147,1988,8,32.0,26.2,603.0,88.0,1.8,7.0,2.9,41984,522893.1,430006.8,21.98,90.22,3,1,-0.8660254037844385,-0.5000000000000004,0,0,0,0,0,0,0,0,0,0,0,0,0,0,0,1,0,0,0,0,0,0,0,0,0,0,0,0,0,0,0,0,0
10158,1989,7,32.0,25.9,581.0,87.0,3.0,6.4,4.0,41984,522893.1,430006.8,21.98,90.22,3,1,-0.4999999999999997,-0.8660254037844388,0,0,0,0,0,0,0,0,0,0,0,0,0,0,0,1,0,0,0,0,0,0,0,0,0,0,0,0,0,0,0,0,0
10160,1989,9,32.5,25.7,445.0,88.0,1.3,5.8,4.0,41984,522893.1,430006.8,21.98,90.22,3,1,-1.0,-1.8369701987210297e-16,0,0,0,0,0,0,0,0,0,0,0,0,0,0,0,1,0,0,0,0,0,0,0,0,0,0,0,0,0,0,0,0,0
10161,1989,10,33.6,24.7,552.0,89.0,1.7,5.0,3.5,41984,522893.1,430006.8,21.98,90.22,3,1,-0.8660254037844386,0.5000000000000001,0,0,0,0,0,0,0,0,0,0,0,0,0,0,0,1,0,0,0,0,0,0,0,0,0,0,0,0,0,0,0,0,0
10170,1990,7,32.0,25.8,1049.0,89.0,2.2,6.8,1.8,41984,522893.1,430006.8,21.98,90.22,3,1,-0.4999999999999997,-0.8660254037844388,0,0,0,0,0,0,0,0,0,0,0,0,0,0,0,1,0,0,0,0,0,0,0,0,0,0,0,0,0,0,0,0,0
10172,1990,9,32.4,26.0,503.0,86.0,1.6,5.7,4.5,41984,522893.1,430006.8,21.98,90.22,3,1,-1.0,-1.8369701987210297e-16,0,0,0,0,0,0,0,0,0,0,0,0,0,0,0,1,0,0,0,0,0,0,0,0,0,0,0,0,0,0,0,0,0
10181,1991,6,33.6,26.1,817.0,87.0,3.2,6.6,2.9,41984,522893.1,430006.8,21.98,90.22,3,1,1.2246467991473532e-16,-1.0,0,0,0,0,0,0,0,0,0,0,0,0,0,0,0,1,0,0,0,0,0,0,0,0,0,0,0,0,0,0,0,0,0
10182,1991,7,32.8,26.5,569.0,85.0,4.5,6.3,3.5,41984,522893.1,430006.8,21.98,90.22,3,1,-0.4999999999999997,-0.8660254037844388,0,0,0,0,0,0,0,0,0,0,0,0,0,0,0,1,0,0,0,0,0,0,0,0,0,0,0,0,0,0,0,0,0
10183,1991,8,35.0,26.2,512.0,87.0,3.4,6.8,3.2,41984,522893.1,430006.8,21.98,90.22,3,1,-0.8660254037844385,-0.5000000000000004,0,0,0,0,0,0,0,0,0,0,0,0,0,0,0,1,0,0,0,0,0,0,0,0,0,0,0,0,0,0,0,0,0
10185,1991,10,33.5,24.7,566.0,86.0,0.9,4.0,4.8,41984,522893.1,430006.8,21.98,90.22,3,1,-0.8660254037844386,0.5000000000000001,0,0,0,0,0,0,0,0,0,0,0,0,0,0,0,1,0,0,0,0,0,0,0,0,0,0,0,0,0,0,0,0,0
10194,1992,7,32.0,25.8,480.0,87.0,3.1,6.8,2.9,41984,522893.1,430006.8,21.98,90.22,3,1,-0.4999999999999997,-0.8660254037844388,0,0,0,0,0,0,0,0,0,0,0,0,0,0,0,1,0,0,0,0,0,0,0,0,0,0,0,0,0,0,0,0,0
10196,1992,9,34.5,25.7,417.0,85.0,2.2,5.0,4.3,41984,522893.1,430006.8,21.98,90.22,3,1,-1.0,-1.8369701987210297e-16,0,0,0,0,0,0,0,0,0,0,0,0,0,0,0,1,0,0,0,0,0,0,0,0,0,0,0,0,0,0,0,0,0
10205,1993,6,33.2,25.5,635.0,86.0,4.8,6.2,4.0,41984,522893.1,430006.8,21.98,90.22,3,1,1.2246467991473532e-16,-1.0,0,0,0,0,0,0,0,0,0,0,0,0,0,0,0,1,0,0,0,0,0,0,0,0,0,0,0,0,0,0,0,0,0
10207,1993,8,31.9,25.8,493.0,88.0,3.3,6.2,3.6,41984,522893.1,430006.8,21.98,90.22,3,1,-0.8660254037844385,-0.5000000000000004,0,0,0,0,0,0,0,0,0,0,0,0,0,0,0,1,0,0,0,0,0,0,0,0,0,0,0,0,0,0,0,0,0
10217,1994,6,35.2,25.9,671.0,87.0,3.1,6.1,2.5,41984,522893.1,430006.8,21.98,90.22,3,1,1.2246467991473532e-16,-1.0,0,0,0,0,0,0,0,0,0,0,0,0,0,0,0,1,0,0,0,0,0,0,0,0,0,0,0,0,0,0,0,0,0
10218,1994,7,32.5,25.8,457.0,87.0,3.5,6.6,2.9,41984,522893.1,430006.8,21.98,90.22,3,1,-0.4999999999999997,-0.8660254037844388,0,0,0,0,0,0,0,0,0,0,0,0,0,0,0,1,0,0,0,0,0,0,0,0,0,0,0,0,0,0,0,0,0
10219,1994,8,32.0,25.8,494.0,87.0,3.8,6.2,3.8,41984,522893.1,430006.8,21.98,90.22,3,1,-0.8660254037844385,-0.5000000000000004,0,0,0,0,0,0,0,0,0,0,0,0,0,0,0,1,0,0,0,0,0,0,0,0,0,0,0,0,0,0,0,0,0
10228,1995,5,35.5,27.4,643.0,79.0,2.7,4.6,6.0,41984,522893.1,430006.8,21.98,90.22,3,1,0.49999999999999994,-0.8660254037844387,0,0,0,0,0,0,0,0,0,0,0,0,0,0,0,1,0,0,0,0,0,0,0,0,0,0,0,0,0,0,0,0,0
10229,1995,6,34.5,26.8,546.0,86.0,2.3,5.6,3.7,41984,522893.1,430006.8,21.98,90.22,3,1,1.2246467991473532e-16,-1.0,0,0,0,0,0,0,0,0,0,0,0,0,0,0,0,1,0,0,0,0,0,0,0,0,0,0,0,0,0,0,0,0,0
10230,1995,7,33.5,26.1,448.0,88.0,2.9,5.8,3.2,41984,522893.1,430006.8,21.98,90.22,3,1,-0.4999999999999997,-0.8660254037844388,0,0,0,0,0,0,0,0,0,0,0,0,0,0,0,1,0,0,0,0,0,0,0,0,0,0,0,0,0,0,0,0,0
10234,1995,11,32.0,21.1,508.0,82.0,1.6,3.1,5.7,41984,522893.1,430006.8,21.98,90.22,3,1,-0.5000000000000004,0.8660254037844384,0,0,0,0,0,0,0,0,0,0,0,0,0,0,0,1,0,0,0,0,0,0,0,0,0,0,0,0,0,0,0,0,0
10241,1996,6,34.3,25.9,621.0,86.0,3.3,5.0,4.7,41984,522893.1,430006.8,21.98,90.22,3,1,1.2246467991473532e-16,-1.0,0,0,0,0,0,0,0,0,0,0,0,0,0,0,0,1,0,0,0,0,0,0,0,0,0,0,0,0,0,0,0,0,0
10242,1996,7,32.6,26.3,684.0,88.0,3.3,5.8,4.0,41984,522893.1,430006.8,21.98,90.22,3,1,-0.4999999999999997,-0.8660254037844388,0,0,0,0,0,0,0,0,0,0,0,0,0,0,0,1,0,0,0,0,0,0,0,0,0,0,0,0,0,0,0,0,0
10243,1996,8,32.0,25.4,899.0,91.0,2.7,5.9,3.1,41984,522893.1,430006.8,21.98,90.22,3,1,-0.8660254037844385,-0.5000000000000004,0,0,0,0,0,0,0,0,0,0,0,0,0,0,0,1,0,0,0,0,0,0,0,0,0,0,0,0,0,0,0,0,0
10245,1996,10,34.3,24.3,401.0,84.0,1.0,3.0,6.7,41984,522893.1,430006.8,21.98,90.22,3,1,-0.8660254037844386,0.5000000000000001,0,0,0,0,0,0,0,0,0,0,0,0,0,0,0,1,0,0,0,0,0,0,0,0,0,0,0,0,0,0,0,0,0
10254,1997,7,32.8,26.1,920.0,90.0,2.4,6.3,2.1,41984,522893.1,430006.8,21.98,90.22,3,1,-0.4999999999999997,-0.8660254037844388,0,0,0,0,0,0,0,0,0,0,0,0,0,0,0,1,0,0,0,0,0,0,0,0,0,0,0,0,0,0,0,0,0
10256,1997,9,33.5,25.5,666.0,88.0,1.4,5.6,4.7,41984,522893.1,430006.8,21.98,90.22,3,1,-1.0,-1.8369701987210297e-16,0,0,0,0,0,0,0,0,0,0,0,0,0,0,0,1,0,0,0,0,0,0,0,0,0,0,0,0,0,0,0,0,0
10266,1998,7,32.6,26.3,946.0,89.0,3.0,6.7,3.2,41984,522893.1,430006.8,21.98,90.22,3,1,-0.4999999999999997,-0.8660254037844388,0,0,0,0,0,0,0,0,0,0,0,0,0,0,0,1,0,0,0,0,0,0,0,0,0,0,0,0,0,0,0,0,0
10267,1998,8,33.7,26.0,684.0,89.0,2.2,6.5,3.3,41984,522893.1,430006.8,21.98,90.22,3,1,-0.8660254037844385,-0.5000000000000004,0,0,0,0,0,0,0,0,0,0,0,0,0,0,0,1,0,0,0,0,0,0,0,0,0,0,0,0,0,0,0,0,0
10269,1998,10,35.7,25.4,411.0,87.0,0.7,3.6,6.1,41984,522893.1,430006.8,21.98,90.22,3,1,-0.8660254037844386,0.5000000000000001,0,0,0,0,0,0,0,0,0,0,0,0,0,0,0,1,0,0,0,0,0,0,0,0,0,0,0,0,0,0,0,0,0
10276,1999,5,35.0,25.6,458.0,84.0,2.9,4.9,5.3,41984,522893.1,430006.8,21.98,90.22,3,1,0.49999999999999994,-0.8660254037844387,0,0,0,0,0,0,0,0,0,0,0,0,0,0,0,1,0,0,0,0,0,0,0,0,0,0,0,0,0,0,0,0,0
10277,1999,6,36.2,26.1,734.0,87.0,2.6,5.8,4.2,41984,522893.1,430006.8,21.98,90.22,3,1,1.2246467991473532e-16,-1.0,0,0,0,0,0,0,0,0,0,0,0,0,0,0,0,1,0,0,0,0,0,0,0,0,0,0,0,0,0,0,0,0,0
10278,1999,7,32.2,25.9,768.0,90.0,2.6,6.4,3.7,41984,522893.1,430006.8,21.98,90.22,3,1,-0.4999999999999997,-0.8660254037844388,0,0,0,0,0,0,0,0,0,0,0,0,0,0,0,1,0,0,0,0,0,0,0,0,0,0,0,0,0,0,0,0,0
10279,1999,8,32.6,25.6,535.0,89.0,2.8,6.5,3.8,41984,522893.1,430006.8,21.98,90.22,3,1,-0.8660254037844385,-0.5000000000000004,0,0,0,0,0,0,0,0,0,0,0,0,0,0,0,1,0,0,0,0,0,0,0,0,0,0,0,0,0,0,0,0,0
10280,1999,9,34.2,25.3,520.0,90.0,1.9,5.9,4.8,41984,522893.1,430006.8,21.98,90.22,3,1,-1.0,-1.8369701987210297e-16,0,0,0,0,0,0,0,0,0,0,0,0,0,0,0,1,0,0,0,0,0,0,0,0,0,0,0,0,0,0,0,0,0
10288,2000,5,36.5,25.6,470.0,84.0,2.8,5.4,4.6,41984,522893.1,430006.8,21.98,90.22,3,1,0.49999999999999994,-0.8660254037844387,0,0,0,0,0,0,0,0,0,0,0,0,0,0,0,1,0,0,0,0,0,0,0,0,0,0,0,0,0,0,0,0,0
10289,2000,6,34.0,26.0,419.0,87.0,3.0,6.1,3.7,41984,522893.1,430006.8,21.98,90.22,3,1,1.2246467991473532e-16,-1.0,0,0,0,0,0,0,0,0,0,0,0,0,0,0,0,1,0,0,0,0,0,0,0,0,0,0,0,0,0,0,0,0,0
10290,2000,7,33.5,26.0,797.0,88.0,2.3,6.0,3.6,41984,522893.1,430006.8,21.98,90.22,3,1,-0.4999999999999997,-0.8660254037844388,0,0,0,0,0,0,0,0,0,0,0,0,0,0,0,1,0,0,0,0,0,0,0,0,0,0,0,0,0,0,0,0,0
10291,2000,8,33.4,26.1,411.0,87.0,2.7,6.2,5.0,41984,522893.1,430006.8,21.98,90.22,3,1,-0.8660254037844385,-0.5000000000000004,0,0,0,0,0,0,0,0,0,0,0,0,0,0,0,1,0,0,0,0,0,0,0,0,0,0,0,0,0,0,0,0,0
10301,2001,6,33.7,25.7,1014.0,91.0,2.1,7.1,2.2,41984,522893.1,430006.8,21.98,90.22,3,1,1.2246467991473532e-16,-1.0,0,0,0,0,0,0,0,0,0,0,0,0,0,0,0,1,0,0,0,0,0,0,0,0,0,0,0,0,0,0,0,0,0
10302,2001,7,31.8,25.9,621.0,90.0,2.5,6.6,3.7,41984,522893.1,430006.8,21.98,90.22,3,1,-0.4999999999999997,-0.8660254037844388,0,0,0,0,0,0,0,0,0,0,0,0,0,0,0,1,0,0,0,0,0,0,0,0,0,0,0,0,0,0,0,0,0
10304,2001,9,34.8,25.6,487.0,88.0,0.7,5.1,4.8,41984,522893.1,430006.8,21.98,90.22,3,1,-1.0,-1.8369701987210297e-16,0,0,0,0,0,0,0,0,0,0,0,0,0,0,0,1,0,0,0,0,0,0,0,0,0,0,0,0,0,0,0,0,0
10313,2002,6,34.5,26.4,571.0,87.0,1.6,6.1,4.3,41984,522893.1,430006.8,21.98,90.22,3,1,1.2246467991473532e-16,-1.0,0,0,0,0,0,0,0,0,0,0,0,0,0,0,0,1,0,0,0,0,0,0,0,0,0,0,0,0,0,0,0,0,0
10314,2002,7,35.0,26.7,509.0,89.0,1.3,7.1,2.1,41984,522893.1,430006.8,21.98,90.22,3,1,-0.4999999999999997,-0.8660254037844388,0,0,0,0,0,0,0,0,0,0,0,0,0,0,0,1,0,0,0,0,0,0,0,0,0,0,0,0,0,0,0,0,0
10315,2002,8,32.5,25.9,540.0,90.0,1.4,6.5,3.4,41984,522893.1,430006.8,21.98,90.22,3,1,-0.8660254037844385,-0.5000000000000004,0,0,0,0,0,0,0,0,0,0,0,0,0,0,0,1,0,0,0,0,0,0,0,0,0,0,0,0,0,0,0,0,0
10325,2003,6,35.5,26.0,703.0,89.0,2.1,6.9,2.1,41984,522893.1,430006.8,21.98,90.22,3,1,1.2246467991473532e-16,-1.0,0,0,0,0,0,0,0,0,0,0,0,0,0,0,0,1,0,0,0,0,0,0,0,0,0,0,0,0,0,0,0,0,0
10326,2003,7,33.0,26.5,404.0,87.0,2.1,5.8,5.4,41984,522893.1,430006.8,21.98,90.22,3,1,-0.4999999999999997,-0.8660254037844388,0,0,0,0,0,0,0,0,0,0,0,0,0,0,0,1,0,0,0,0,0,0,0,0,0,0,0,0,0,0,0,0,0
10337,2004,6,34.5,25.9,479.0,86.0,1.7,5.8,3.5,41984,522893.1,430006.8,21.98,90.22,3,1,1.2246467991473532e-16,-1.0,0,0,0,0,0,0,0,0,0,0,0,0,0,0,0,1,0,0,0,0,0,0,0,0,0,0,0,0,0,0,0,0,0
10339,2004,8,32.2,25.9,591.0,90.0,1.6,6.8,3.4,41984,522893.1,430006.8,21.98,90.22,3,1,-0.8660254037844385,-0.5000000000000004,0,0,0,0,0,0,0,0,0,0,0,0,0,0,0,1,0,0,0,0,0,0,0,0,0,0,0,0,0,0,0,0,0
10340,2004,9,34.5,25.5,672.0,89.0,1.1,5.7,3.8,41984,522893.1,430006.8,21.98,90.22,3,1,-1.0,-1.8369701987210297e-16,0,0,0,0,0,0,0,0,0,0,0,0,0,0,0,1,0,0,0,0,0,0,0,0,0,0,0,0,0,0,0,0,0
10349,2005,6,36.7,27.4,473.0,85.0,2.4,5.7,3.7,41984,522893.1,430006.8,21.98,90.22,3,1,1.2246467991473532e-16,-1.0,0,0,0,0,0,0,0,0,0,0,0,0,0,0,0,1,0,0,0,0,0,0,0,0,0,0,0,0,0,0,0,0,0
10350,2005,7,33.3,26.1,1000.0,89.0,2.4,6.0,5.1,41984,522893.1,430006.8,21.98,90.22,3,1,-0.4999999999999997,-0.8660254037844388,0,0,0,0,0,0,0,0,0,0,0,0,0,0,0,1,0,0,0,0,0,0,0,0,0,0,0,0,0,0,0,0,0
10351,2005,8,34.5,26.2,489.0,89.0,1.5,6.6,2.6,41984,522893.1,430006.8,21.98,90.22,3,1,-0.8660254037844385,-0.5000000000000004,0,0,0,0,0,0,0,0,0,0,0,0,0,0,0,1,0,0,0,0,0,0,0,0,0,0,0,0,0,0,0,0,0
10352,2005,9,34.5,25.8,475.0,89.0,1.6,5.7,3.5,41984,522893.1,430006.8,21.98,90.22,3,1,-1.0,-1.8369701987210297e-16,0,0,0,0,0,0,0,0,0,0,0,0,0,0,0,1,0,0,0,0,0,0,0,0,0,0,0,0,0,0,0,0,0
10353,2005,10,34.3,24.7,534.0,88.0,0.6,4.3,5.0,41984,522893.1,430006.8,21.98,90.22,3,1,-0.8660254037844386,0.5000000000000001,0,0,0,0,0,0,0,0,0,0,0,0,0,0,0,1,0,0,0,0,0,0,0,0,0,0,0,0,0,0,0,0,0
10360,2006,5,35.4,25.6,452.0,82.0,1.3,4.3,6.7,41984,522893.1,430006.8,21.98,90.22,3,1,0.49999999999999994,-0.8660254037844387,0,0,0,0,0,0,0,0,0,0,0,0,0,0,0,1,0,0,0,0,0,0,0,0,0,0,0,0,0,0,0,0,0
10362,2006,7,34.4,26.2,611.0,89.0,2.1,6.5,3.0,41984,522893.1,430006.8,21.98,90.22,3,1,-0.4999999999999997,-0.8660254037844388,0,0,0,0,0,0,0,0,0,0,0,0,0,0,0,1,0,0,0,0,0,0,0,0,0,0,0,0,0,0,0,0,0
10364,2006,9,34.5,25.7,699.0,88.0,1.6,5.3,5.4,41984,522893.1,430006.8,21.98,90.22,3,1,-1.0,-1.8369701987210297e-16,0,0,0,0,0,0,0,0,0,0,0,0,0,0,0,1,0,0,0,0,0,0,0,0,0,0,0,0,0,0,0,0,0
10374,2007,7,33.7,26.1,926.0,89.0,2.4,6.5,3.1,41984,522893.1,430006.8,21.98,90.22,3,1,-0.4999999999999997,-0.8660254037844388,0,0,0,0,0,0,0,0,0,0,0,0,0,0,0,1,0,0,0,0,0,0,0,0,0,0,0,0,0,0,0,0,0
10376,2007,9,33.0,26.0,557.0,89.0,2.3,6.4,3.4,41984,522893.1,430006.8,21.98,90.22,3,1,-1.0,-1.8369701987210297e-16,0,0,0,0,0,0,0,0,0,0,0,0,0,0,0,1,0,0,0,0,0,0,0,0,0,0,0,0,0,0,0,0,0
10377,2007,10,35.0,23.5,693.0,86.0,0.8,3.4,6.4,41984,522893.1,430006.8,21.98,90.22,3,1,-0.8660254037844386,0.5000000000000001,0,0,0,0,0,0,0,0,0,0,0,0,0,0,0,1,0,0,0,0,0,0,0,0,0,0,0,0,0,0,0,0,0
10385,2008,6,33.8,25.9,438.0,88.0,1.8,6.2,3.1,41984,522893.1,430006.8,21.98,90.22,3,1,1.2246467991473532e-16,-1.0,0,0,0,0,0,0,0,0,0,0,0,0,0,0,0,1,0,0,0,0,0,0,0,0,0,0,0,0,0,0,0,0,0
10386,2008,7,32.8,25.9,931.0,90.0,1.4,6.8,3.2,41984,522893.1,430006.8,21.98,90.22,3,1,-0.4999999999999997,-0.8660254037844388,0,0,0,0,0,0,0,0,0,0,0,0,0,0,0,1,0,0,0,0,0,0,0,0,0,0,0,0,0,0,0,0,0
10387,2008,8,32.6,26.3,459.0,87.0,1.5,5.8,4.7,41984,522893.1,430006.8,21.98,90.22,3,1,-0.8660254037844385,-0.5000000000000004,0,0,0,0,0,0,0,0,0,0,0,0,0,0,0,1,0,0,0,0,0,0,0,0,0,0,0,0,0,0,0,0,0
10388,2008,9,33.6,26.0,514.0,88.0,1.0,5.7,5.1,41984,522893.1,430006.8,21.98,90.22,3,1,-1.0,-1.8369701987210297e-16,0,0,0,0,0,0,0,0,0,0,0,0,0,0,0,1,0,0,0,0,0,0,0,0,0,0,0,0,0,0,0,0,0
10389,2008,10,33.8,24.2,467.0,85.0,0.4,3.2,6.8,41984,522893.1,430006.8,21.98,90.22,3,1,-0.8660254037844386,0.5000000000000001,0,0,0,0,0,0,0,0,0,0,0,0,0,0,0,1,0,0,0,0,0,0,0,0,0,0,0,0,0,0,0,0,0
10398,2009,7,33.5,26.1,758.0,89.0,3.1,6.6,3.4,41984,522893.1,430006.8,21.98,90.22,3,1,-0.4999999999999997,-0.8660254037844388,0,0,0,0,0,0,0,0,0,0,0,0,0,0,0,1,0,0,0,0,0,0,0,0,0,0,0,0,0,0,0,0,0
10399,2009,8,33.5,26.4,439.0,89.0,2.5,6.5,3.1,41984,522893.1,430006.8,21.98,90.22,3,1,-0.8660254037844385,-0.5000000000000004,0,0,0,0,0,0,0,0,0,0,0,0,0,0,0,1,0,0,0,0,0,0,0,0,0,0,0,0,0,0,0,0,0
10409,2010,6,34.5,27.0,681.0,87.0,4.3,6.2,3.8,41984,522893.1,430006.8,21.98,90.22,3,1,1.2246467991473532e-16,-1.0,0,0,0,0,0,0,0,0,0,0,0,0,0,0,0,1,0,0,0,0,0,0,0,0,0,0,0,0,0,0,0,0,0
10413,2010,10,36.6,25.3,604.0,86.0,2.1,4.0,6.2,41984,522893.1,430006.8,21.98,90.22,3,1,-0.8660254037844386,0.5000000000000001,0,0,0,0,0,0,0,0,0,0,0,0,0,0,0,1,0,0,0,0,0,0,0,0,0,0,0,0,0,0,0,0,0
10421,2011,6,35.2,26.3,542.0,88.0,5.4,6.5,3.8,41984,522893.1,430006.8,21.98,90.22,3,1,1.2246467991473532e-16,-1.0,0,0,0,0,0,0,0,0,0,0,0,0,0,0,0,1,0,0,0,0,0,0,0,0,0,0,0,0,0,0,0,0,0
10422,2011,7,34.5,26.0,802.0,86.0,4.2,6.1,4.8,41984,522893.1,430006.8,21.98,90.22,3,1,-0.4999999999999997,-0.8660254037844388,0,0,0,0,0,0,0,0,0,0,0,0,0,0,0,1,0,0,0,0,0,0,0,0,0,0,0,0,0,0,0,0,0
10423,2011,8,35.6,26.0,925.0,90.0,3.4,6.8,2.7,41984,522893.1,430006.8,21.98,90.22,3,1,-0.8660254037844385,-0.5000000000000004,0,0,0,0,0,0,0,0,0,0,0,0,0,0,0,1,0,0,0,0,0,0,0,0,0,0,0,0,0,0,0,0,0
10433,2012,6,36.7,27.6,415.0,84.0,5.3,6.1,4.0,41984,522893.1,430006.8,21.98,90.22,3,1,1.2246467991473532e-16,-1.0,0,0,0,0,0,0,0,0,0,0,0,0,0,0,0,1,0,0,0,0,0,0,0,0,0,0,0,0,0,0,0,0,0
10434,2012,7,33.4,26.1,639.0,89.0,4.3,6.8,3.3,41984,522893.1,430006.8,21.98,90.22,3,1,-0.4999999999999997,-0.8660254037844388,0,0,0,0,0,0,0,0,0,0,0,0,0,0,0,1,0,0,0,0,0,0,0,0,0,0,0,0,0,0,0,0,0
10436,2012,9,34.8,26.2,562.0,89.0,2.6,5.6,4.6,41984,522893.1,430006.8,21.98,90.22,3,1,-1.0,-1.8369701987210297e-16,0,0,0,0,0,0,0,0,0,0,0,0,0,0,0,1,0,0,0,0,0,0,0,0,0,0,0,0,0,0,0,0,0
10444,2013,5,36.2,25.0,727.0,85.0,6.6,6.7,3.3,41984,522893.1,430006.8,21.98,90.22,3,1,0.49999999999999994,-0.8660254037844387,0,0,0,0,0,0,0,0,0,0,0,0,0,0,0,1,0,0,0,0,0,0,0,0,0,0,0,0,0,0,0,0,0
10446,2013,7,33.5,26.2,640.0,87.0,4.7,5.9,5.5,41984,522893.1,430006.8,21.98,90.22,3,1,-0.4999999999999997,-0.8660254037844388,0,0,0,0,0,0,0,0,0,0,0,0,0,0,0,1,0,0,0,0,0,0,0,0,0,0,0,0,0,0,0,0,0
10447,2013,8,34.0,26.0,403.0,87.0,3.9,5.8,4.2,41984,522893.1,430006.8,21.98,90.22,3,1,-0.8660254037844385,-0.5000000000000004,0,0,0,0,0,0,0,0,0,0,0,0,0,0,0,1,0,0,0,0,0,0,0,0,0,0,0,0,0,0,0,0,0
10448,2013,9,35.0,25.8,536.0,88.0,2.6,5.4,4.6,41984,522893.1,430006.8,21.98,90.22,3,1,-1.0,-1.8369701987210297e-16,0,0,0,0,0,0,0,0,0,0,0,0,0,0,0,1,0,0,0,0,0,0,0,0,0,0,0,0,0,0,0,0,0
10449,2013,10,34.5,24.3,418.0,88.0,2.9,4.8,4.6,41984,522893.1,430006.8,21.98,90.22,3,1,-0.8660254037844386,0.5000000000000001,0,0,0,0,0,0,0,0,0,0,0,0,0,0,0,1,0,0,0,0,0,0,0,0,0,0,0,0,0,0,0,0,0
10494,1951,7,33.9,25.7,475.0,86.0,1.596296296,5.7,3.89,41947,456632.4,521635.7,22.8,89.58,4,1,-0.4999999999999997,-0.8660254037844388,0,0,0,0,0,0,0,0,0,0,0,0,0,0,0,0,1,0,0,0,0,0,0,0,0,0,0,0,0,0,0,0,0
10506,1952,7,34.1,25.6,496.0,88.0,1.596296296,6.5,3.89,41947,456632.4,521635.7,22.8,89.58,4,1,-0.4999999999999997,-0.8660254037844388,0,0,0,0,0,0,0,0,0,0,0,0,0,0,0,0,1,0,0,0,0,0,0,0,0,0,0,0,0,0,0,0,0
10517,1953,6,35.7,25.4,553.0,86.0,1.72037037,6.5,4.546666667,41947,456632.4,521635.7,22.8,89.58,4,1,1.2246467991473532e-16,-1.0,0,0,0,0,0,0,0,0,0,0,0,0,0,0,0,0,1,0,0,0,0,0,0,0,0,0,0,0,0,0,0,0,0
10518,1953,7,34.3,25.9,525.0,89.0,1.596296296,6.3,3.89,41947,456632.4,521635.7,22.8,89.58,4,1,-0.4999999999999997,-0.8660254037844388,0,0,0,0,0,0,0,0,0,0,0,0,0,0,0,0,1,0,0,0,0,0,0,0,0,0,0,0,0,0,0,0,0
10529,1954,6,36.2,25.9,555.0,89.0,1.72037037,6.2,4.546666667,41947,456632.4,521635.7,22.8,89.58,4,1,1.2246467991473532e-16,-1.0,0,0,0,0,0,0,0,0,0,0,0,0,0,0,0,0,1,0,0,0,0,0,0,0,0,0,0,0,0,0,0,0,0
10542,1955,7,33.6,25.5,550.0,89.0,1.596296296,7.6,3.89,41947,456632.4,521635.7,22.8,89.58,4,1,-0.4999999999999997,-0.8660254037844388,0,0,0,0,0,0,0,0,0,0,0,0,0,0,0,0,1,0,0,0,0,0,0,0,0,0,0,0,0,0,0,0,0
10554,1956,7,32.1,26.1,330.0,88.0,1.596296296,5.8,3.89,41947,456632.4,521635.7,22.8,89.58,4,1,-0.4999999999999997,-0.8660254037844388,0,0,0,0,0,0,0,0,0,0,0,0,0,0,0,0,1,0,0,0,0,0,0,0,0,0,0,0,0,0,0,0,0
10566,1957,7,35.2,26.1,414.0,90.0,1.596296296,6.8,3.89,41947,456632.4,521635.7,22.8,89.58,4,1,-0.4999999999999997,-0.8660254037844388,0,0,0,0,0,0,0,0,0,0,0,0,0,0,0,0,1,0,0,0,0,0,0,0,0,0,0,0,0,0,0,0,0
10590,1959,7,33.4,26.2,463.0,90.0,1.596296296,6.7,3.89,41947,456632.4,521635.7,22.8,89.58,4,1,-0.4999999999999997,-0.8660254037844388,0,0,0,0,0,0,0,0,0,0,0,0,0,0,0,0,1,0,0,0,0,0,0,0,0,0,0,0,0,0,0,0,0
10591,1959,8,32.8,25.9,402.0,88.0,1.583333333,6.4,4.363333333,41947,456632.4,521635.7,22.8,89.58,4,1,-0.8660254037844385,-0.5000000000000004,0,0,0,0,0,0,0,0,0,0,0,0,0,0,0,0,1,0,0,0,0,0,0,0,0,0,0,0,0,0,0,0,0
10592,1959,9,33.4,25.6,439.0,90.0,1.107407407,6.0,4.906666667,41947,456632.4,521635.7,22.8,89.58,4,1,-1.0,-1.8369701987210297e-16,0,0,0,0,0,0,0,0,0,0,0,0,0,0,0,0,1,0,0,0,0,0,0,0,0,0,0,0,0,0,0,0,0
10593,1959,10,33.2,24.3,532.0,87.0,0.661111111,3.9,6.9,41947,456632.4,521635.7,22.8,89.58,4,1,-0.8660254037844386,0.5000000000000001,0,0,0,0,0,0,0,0,0,0,0,0,0,0,0,0,1,0,0,0,0,0,0,0,0,0,0,0,0,0,0,0,0
10602,1960,7,32.6,25.9,605.0,91.0,1.4,5.9,3.89,41947,456632.4,521635.7,22.8,89.58,4,1,-0.4999999999999997,-0.8660254037844388,0,0,0,0,0,0,0,0,0,0,0,0,0,0,0,0,1,0,0,0,0,0,0,0,0,0,0,0,0,0,0,0,0
10613,1961,6,35.4,26.4,411.0,89.0,0.5,5.6,4.546666667,41947,456632.4,521635.7,22.8,89.58,4,1,1.2246467991473532e-16,-1.0,0,0,0,0,0,0,0,0,0,0,0,0,0,0,0,0,1,0,0,0,0,0,0,0,0,0,0,0,0,0,0,0,0
10615,1961,8,33.2,26.4,412.0,89.0,0.2,5.2,4.363333333,41947,456632.4,521635.7,22.8,89.58,4,1,-0.8660254037844385,-0.5000000000000004,0,0,0,0,0,0,0,0,0,0,0,0,0,0,0,0,1,0,0,0,0,0,0,0,0,0,0,0,0,0,0,0,0
10626,1962,7,32.0,26.0,362.0,89.0,1.6,5.8,3.89,41947,456632.4,521635.7,22.8,89.58,4,1,-0.4999999999999997,-0.8660254037844388,0,0,0,0,0,0,0,0,0,0,0,0,0,0,0,0,1,0,0,0,0,0,0,0,0,0,0,0,0,0,0,0,0
10637,1963,6,36.1,26.1,535.0,85.0,1.2,6.1,4.546666667,41947,456632.4,521635.7,22.8,89.58,4,1,1.2246467991473532e-16,-1.0,0,0,0,0,0,0,0,0,0,0,0,0,0,0,0,0,1,0,0,0,0,0,0,0,0,0,0,0,0,0,0,0,0
10650,1964,7,37.1,25.6,366.0,89.0,1.3,6.1,3.89,41947,456632.4,521635.7,22.8,89.58,4,1,-0.4999999999999997,-0.8660254037844388,0,0,0,0,0,0,0,0,0,0,0,0,0,0,0,0,1,0,0,0,0,0,0,0,0,0,0,0,0,0,0,0,0
10661,1965,6,37.4,26.1,407.0,84.0,2.2,5.5,4.546666667,41947,456632.4,521635.7,22.8,89.58,4,1,1.2246467991473532e-16,-1.0,0,0,0,0,0,0,0,0,0,0,0,0,0,0,0,0,1,0,0,0,0,0,0,0,0,0,0,0,0,0,0,0,0
10663,1965,8,34.2,25.1,457.0,92.0,1.5,6.3,4.363333333,41947,456632.4,521635.7,22.8,89.58,4,1,-0.8660254037844385,-0.5000000000000004,0,0,0,0,0,0,0,0,0,0,0,0,0,0,0,0,1,0,0,0,0,0,0,0,0,0,0,0,0,0,0,0,0
10673,1966,6,36.3,26.3,404.0,85.0,3.0,5.0,4.546666667,41947,456632.4,521635.7,22.8,89.58,4,1,1.2246467991473532e-16,-1.0,0,0,0,0,0,0,0,0,0,0,0,0,0,0,0,0,1,0,0,0,0,0,0,0,0,0,0,0,0,0,0,0,0
10686,1967,7,32.1,26.1,330.0,88.0,1.6,5.8,3.89,41947,456632.4,521635.7,22.8,89.58,4,1,-0.4999999999999997,-0.8660254037844388,0,0,0,0,0,0,0,0,0,0,0,0,0,0,0,0,1,0,0,0,0,0,0,0,0,0,0,0,0,0,0,0,0
10698,1968,7,34.6,26.4,424.0,91.0,0.6,5.8,3.89,41947,456632.4,521635.7,22.8,89.58,4,1,-0.4999999999999997,-0.8660254037844388,0,0,0,0,0,0,0,0,0,0,0,0,0,0,0,0,1,0,0,0,0,0,0,0,0,0,0,0,0,0,0,0,0
10699,1968,8,36.7,26.2,151.0,90.0,0.3,5.7,4.363333333,41947,456632.4,521635.7,22.8,89.58,4,1,-0.8660254037844385,-0.5000000000000004,0,0,0,0,0,0,0,0,0,0,0,0,0,0,0,0,1,0,0,0,0,0,0,0,0,0,0,0,0,0,0,0,0
10711,1969,8,35.7,25.7,507.0,92.0,0.6,5.0,4.363333333,41947,456632.4,521635.7,22.8,89.58,4,1,-0.8660254037844385,-0.5000000000000004,0,0,0,0,0,0,0,0,0,0,0,0,0,0,0,0,1,0,0,0,0,0,0,0,0,0,0,0,0,0,0,0,0
10712,1969,9,36.6,26.2,596.0,91.0,0.4,3.5,4.906666667,41947,456632.4,521635.7,22.8,89.58,4,1,-1.0,-1.8369701987210297e-16,0,0,0,0,0,0,0,0,0,0,0,0,0,0,0,0,1,0,0,0,0,0,0,0,0,0,0,0,0,0,0,0,0
10721,1970,6,36.7,26.5,548.0,85.0,0.3,3.9,4.546666667,41947,456632.4,521635.7,22.8,89.58,4,1,1.2246467991473532e-16,-1.0,0,0,0,0,0,0,0,0,0,0,0,0,0,0,0,0,1,0,0,0,0,0,0,0,0,0,0,0,0,0,0,0,0
10722,1970,7,36.1,26.4,634.0,88.0,0.2,4.8,3.89,41947,456632.4,521635.7,22.8,89.58,4,1,-0.4999999999999997,-0.8660254037844388,0,0,0,0,0,0,0,0,0,0,0,0,0,0,0,0,1,0,0,0,0,0,0,0,0,0,0,0,0,0,0,0,0
10745,1972,6,34.5,26.1,331.0,85.0,1.8,5.4,4.546666667,41947,456632.4,521635.7,22.8,89.58,4,1,1.2246467991473532e-16,-1.0,0,0,0,0,0,0,0,0,0,0,0,0,0,0,0,0,1,0,0,0,0,0,0,0,0,0,0,0,0,0,0,0,0
10756,1973,5,36.1,25.4,394.0,78.0,1.9,2.0,7.506666667,41947,456632.4,521635.7,22.8,89.58,4,1,0.49999999999999994,-0.8660254037844387,0,0,0,0,0,0,0,0,0,0,0,0,0,0,0,0,1,0,0,0,0,0,0,0,0,0,0,0,0,0,0,0,0
10770,1974,7,36.8,25.5,792.0,88.0,2.3,7.1,3.89,41947,456632.4,521635.7,22.8,89.58,4,1,-0.4999999999999997,-0.8660254037844388,0,0,0,0,0,0,0,0,0,0,0,0,0,0,0,0,1,0,0,0,0,0,0,0,0,0,0,0,0,0,0,0,0
10771,1974,8,34.4,26.4,442.0,84.0,3.9,7.0,4.363333333,41947,456632.4,521635.7,22.8,89.58,4,1,-0.8660254037844385,-0.5000000000000004,0,0,0,0,0,0,0,0,0,0,0,0,0,0,0,0,1,0,0,0,0,0,0,0,0,0,0,0,0,0,0,0,0
10772,1974,9,33.4,25.1,452.0,85.0,2.3,6.3,4.906666667,41947,456632.4,521635.7,22.8,89.58,4,1,-1.0,-1.8369701987210297e-16,0,0,0,0,0,0,0,0,0,0,0,0,0,0,0,0,1,0,0,0,0,0,0,0,0,0,0,0,0,0,0,0,0
10782,1975,7,32.1,26.1,330.0,88.0,1.6,5.8,3.89,41947,456632.4,521635.7,22.8,89.58,4,1,-0.4999999999999997,-0.8660254037844388,0,0,0,0,0,0,0,0,0,0,0,0,0,0,0,0,1,0,0,0,0,0,0,0,0,0,0,0,0,0,0,0,0
10795,1976,8,33.2,25.5,378.0,86.0,1.5,6.1,4.363333333,41947,456632.4,521635.7,22.8,89.58,4,1,-0.8660254037844385,-0.5000000000000004,0,0,0,0,0,0,0,0,0,0,0,0,0,0,0,0,1,0,0,0,0,0,0,0,0,0,0,0,0,0,0,0,0
10796,1976,9,33.8,25.7,363.0,84.0,1.3,5.3,4.906666667,41947,456632.4,521635.7,22.8,89.58,4,1,-1.0,-1.8369701987210297e-16,0,0,0,0,0,0,0,0,0,0,0,0,0,0,0,0,1,0,0,0,0,0,0,0,0,0,0,0,0,0,0,0,0
10805,1977,6,36.1,26.1,379.0,85.0,1.5,5.9,4.546666667,41947,456632.4,521635.7,22.8,89.58,4,1,1.2246467991473532e-16,-1.0,0,0,0,0,0,0,0,0,0,0,0,0,0,0,0,0,1,0,0,0,0,0,0,0,0,0,0,0,0,0,0,0,0
10817,1978,6,35.3,26.5,436.0,88.0,1.2,4.9,4.546666667,41947,456632.4,521635.7,22.8,89.58,4,1,1.2246467991473532e-16,-1.0,0,0,0,0,0,0,0,0,0,0,0,0,0,0,0,0,1,0,0,0,0,0,0,0,0,0,0,0,0,0,0,0,0
10818,1978,7,33.2,25.4,341.0,89.0,1.1,5.2,3.89,41947,456632.4,521635.7,22.8,89.58,4,1,-0.4999999999999997,-0.8660254037844388,0,0,0,0,0,0,0,0,0,0,0,0,0,0,0,0,1,0,0,0,0,0,0,0,0,0,0,0,0,0,0,0,0
10820,1978,9,34.4,25.7,453.0,87.0,0.8,5.5,4.906666667,41947,456632.4,521635.7,22.8,89.58,4,1,-1.0,-1.8369701987210297e-16,0,0,0,0,0,0,0,0,0,0,0,0,0,0,0,0,1,0,0,0,0,0,0,0,0,0,0,0,0,0,0,0,0
10830,1979,7,36.0,26.6,533.0,84.0,1.0,4.8,3.89,41947,456632.4,521635.7,22.8,89.58,4,1,-0.4999999999999997,-0.8660254037844388,0,0,0,0,0,0,0,0,0,0,0,0,0,0,0,0,1,0,0,0,0,0,0,0,0,0,0,0,0,0,0,0,0
10831,1979,8,35.6,26.6,433.0,85.0,1.1,5.5,4.363333333,41947,456632.4,521635.7,22.8,89.58,4,1,-0.8660254037844385,-0.5000000000000004,0,0,0,0,0,0,0,0,0,0,0,0,0,0,0,0,1,0,0,0,0,0,0,0,0,0,0,0,0,0,0,0,0
10841,1980,6,34.5,26.6,348.0,89.0,1.3,5.4,4.546666667,41947,456632.4,521635.7,22.8,89.58,4,1,1.2246467991473532e-16,-1.0,0,0,0,0,0,0,0,0,0,0,0,0,0,0,0,0,1,0,0,0,0,0,0,0,0,0,0,0,0,0,0,0,0
10843,1980,8,34.0,26.6,421.0,88.0,2.2,5.1,4.363333333,41947,456632.4,521635.7,22.8,89.58,4,1,-0.8660254037844385,-0.5000000000000004,0,0,0,0,0,0,0,0,0,0,0,0,0,0,0,0,1,0,0,0,0,0,0,0,0,0,0,0,0,0,0,0,0
10854,1981,7,33.3,26.0,425.0,90.0,2.5,6.1,3.89,41947,456632.4,521635.7,22.8,89.58,4,1,-0.4999999999999997,-0.8660254037844388,0,0,0,0,0,0,0,0,0,0,0,0,0,0,0,0,1,0,0,0,0,0,0,0,0,0,0,0,0,0,0,0,0
10876,1983,5,36.6,24.2,358.0,81.0,3.5,4.2,7.506666667,41947,456632.4,521635.7,22.8,89.58,4,1,0.49999999999999994,-0.8660254037844387,0,0,0,0,0,0,0,0,0,0,0,0,0,0,0,0,1,0,0,0,0,0,0,0,0,0,0,0,0,0,0,0,0
10878,1983,7,32.0,26.0,362.0,89.0,1.6,5.8,3.89,41947,456632.4,521635.7,22.8,89.58,4,1,-0.4999999999999997,-0.8660254037844388,0,0,0,0,0,0,0,0,0,0,0,0,0,0,0,0,1,0,0,0,0,0,0,0,0,0,0,0,0,0,0,0,0
10879,1983,8,32.8,26.3,448.0,89.0,4.4,5.8,4.363333333,41947,456632.4,521635.7,22.8,89.58,4,1,-0.8660254037844385,-0.5000000000000004,0,0,0,0,0,0,0,0,0,0,0,0,0,0,0,0,1,0,0,0,0,0,0,0,0,0,0,0,0,0,0,0,0
10889,1984,6,36.7,25.7,783.0,88.0,4.1,7.4,3.4,41947,456632.4,521635.7,22.8,89.58,4,1,1.2246467991473532e-16,-1.0,0,0,0,0,0,0,0,0,0,0,0,0,0,0,0,0,1,0,0,0,0,0,0,0,0,0,0,0,0,0,0,0,0
10891,1984,8,34.5,26.1,486.0,89.0,3.1,7.4,4.1,41947,456632.4,521635.7,22.8,89.58,4,1,-0.8660254037844385,-0.5000000000000004,0,0,0,0,0,0,0,0,0,0,0,0,0,0,0,0,1,0,0,0,0,0,0,0,0,0,0,0,0,0,0,0,0
10903,1985,8,34.4,26.4,344.0,87.0,3.3,6.7,4.5,41947,456632.4,521635.7,22.8,89.58,4,1,-0.8660254037844385,-0.5000000000000004,0,0,0,0,0,0,0,0,0,0,0,0,0,0,0,0,1,0,0,0,0,0,0,0,0,0,0,0,0,0,0,0,0
10914,1986,7,35.5,25.5,390.0,89.0,1.6,6.1,3.7,41947,456632.4,521635.7,22.8,89.58,4,1,-0.4999999999999997,-0.8660254037844388,0,0,0,0,0,0,0,0,0,0,0,0,0,0,0,0,1,0,0,0,0,0,0,0,0,0,0,0,0,0,0,0,0
10916,1986,9,35.9,25.0,643.0,89.0,1.8,6.3,4.5,41947,456632.4,521635.7,22.8,89.58,4,1,-1.0,-1.8369701987210297e-16,0,0,0,0,0,0,0,0,0,0,0,0,0,0,0,0,1,0,0,0,0,0,0,0,0,0,0,0,0,0,0,0,0
10926,1987,7,36.1,25.5,517.0,90.0,1.8,6.8,2.3,41947,456632.4,521635.7,22.8,89.58,4,1,-0.4999999999999997,-0.8660254037844388,0,0,0,0,0,0,0,0,0,0,0,0,0,0,0,0,1,0,0,0,0,0,0,0,0,0,0,0,0,0,0,0,0
10927,1987,8,35.7,25.7,498.0,87.0,1.6,6.4,4.9,41947,456632.4,521635.7,22.8,89.58,4,1,-0.8660254037844385,-0.5000000000000004,0,0,0,0,0,0,0,0,0,0,0,0,0,0,0,0,1,0,0,0,0,0,0,0,0,0,0,0,0,0,0,0,0
10937,1988,6,37.0,26.1,599.0,87.0,2.8,6.2,4.2,41947,456632.4,521635.7,22.8,89.58,4,1,1.2246467991473532e-16,-1.0,0,0,0,0,0,0,0,0,0,0,0,0,0,0,0,0,1,0,0,0,0,0,0,0,0,0,0,0,0,0,0,0,0
10939,1988,8,34.0,26.5,302.0,88.0,2.4,6.8,2.9,41947,456632.4,521635.7,22.8,89.58,4,1,-0.8660254037844385,-0.5000000000000004,0,0,0,0,0,0,0,0,0,0,0,0,0,0,0,0,1,0,0,0,0,0,0,0,0,0,0,0,0,0,0,0,0
10962,1990,7,35.0,26.0,436.0,89.0,1.2,6.5,3.2,41947,456632.4,521635.7,22.8,89.58,4,1,-0.4999999999999997,-0.8660254037844388,0,0,0,0,0,0,0,0,0,0,0,0,0,0,0,0,1,0,0,0,0,0,0,0,0,0,0,0,0,0,0,0,0
10973,1991,6,35.2,25.8,421.0,88.0,1.8,6.1,4.5,41947,456632.4,521635.7,22.8,89.58,4,1,1.2246467991473532e-16,-1.0,0,0,0,0,0,0,0,0,0,0,0,0,0,0,0,0,1,0,0,0,0,0,0,0,0,0,0,0,0,0,0,0,0
10976,1991,9,35.0,25.9,342.0,89.0,0.7,5.9,4.1,41947,456632.4,521635.7,22.8,89.58,4,1,-1.0,-1.8369701987210297e-16,0,0,0,0,0,0,0,0,0,0,0,0,0,0,0,0,1,0,0,0,0,0,0,0,0,0,0,0,0,0,0,0,0
10997,1993,6,35.2,25.8,638.0,86.0,2.7,5.9,4.6,41947,456632.4,521635.7,22.8,89.58,4,1,1.2246467991473532e-16,-1.0,0,0,0,0,0,0,0,0,0,0,0,0,0,0,0,0,1,0,0,0,0,0,0,0,0,0,0,0,0,0,0,0,0
11022,1995,7,35.0,26.2,407.0,87.0,1.7,5.7,3.2,41947,456632.4,521635.7,22.8,89.58,4,1,-0.4999999999999997,-0.8660254037844388,0,0,0,0,0,0,0,0,0,0,0,0,0,0,0,0,1,0,0,0,0,0,0,0,0,0,0,0,0,0,0,0,0
11023,1995,8,35.4,26.0,594.0,85.0,1.7,5.4,4.5,41947,456632.4,521635.7,22.8,89.58,4,1,-0.8660254037844385,-0.5000000000000004,0,0,0,0,0,0,0,0,0,0,0,0,0,0,0,0,1,0,0,0,0,0,0,0,0,0,0,0,0,0,0,0,0
11033,1996,6,36.4,25.2,453.0,85.0,1.5,5.4,5.1,41947,456632.4,521635.7,22.8,89.58,4,1,1.2246467991473532e-16,-1.0,0,0,0,0,0,0,0,0,0,0,0,0,0,0,0,0,1,0,0,0,0,0,0,0,0,0,0,0,0,0,0,0,0
11046,1997,7,34.8,25.9,456.0,87.0,1.5,5.9,3.5,41947,456632.4,521635.7,22.8,89.58,4,1,-0.4999999999999997,-0.8660254037844388,0,0,0,0,0,0,0,0,0,0,0,0,0,0,0,0,1,0,0,0,0,0,0,0,0,0,0,0,0,0,0,0,0
11048,1997,9,35.0,25.3,364.0,89.0,1.1,5.4,4.1,41947,456632.4,521635.7,22.8,89.58,4,1,-1.0,-1.8369701987210297e-16,0,0,0,0,0,0,0,0,0,0,0,0,0,0,0,0,1,0,0,0,0,0,0,0,0,0,0,0,0,0,0,0,0
11058,1998,7,34.8,26.6,343.0,87.0,1.5,6.5,3.4,41947,456632.4,521635.7,22.8,89.58,4,1,-0.4999999999999997,-0.8660254037844388,0,0,0,0,0,0,0,0,0,0,0,0,0,0,0,0,1,0,0,0,0,0,0,0,0,0,0,0,0,0,0,0,0
11060,1998,9,36.6,26.2,300.0,86.0,0.8,4.8,4.8,41947,456632.4,521635.7,22.8,89.58,4,1,-1.0,-1.8369701987210297e-16,0,0,0,0,0,0,0,0,0,0,0,0,0,0,0,0,1,0,0,0,0,0,0,0,0,0,0,0,0,0,0,0,0
11070,1999,7,34.7,25.8,420.0,89.0,1.2,6.3,3.9,41947,456632.4,521635.7,22.8,89.58,4,1,-0.4999999999999997,-0.8660254037844388,0,0,0,0,0,0,0,0,0,0,0,0,0,0,0,0,1,0,0,0,0,0,0,0,0,0,0,0,0,0,0,0,0
11072,1999,9,34.8,25.8,374.0,89.0,1.0,5.8,4.3,41947,456632.4,521635.7,22.8,89.58,4,1,-1.0,-1.8369701987210297e-16,0,0,0,0,0,0,0,0,0,0,0,0,0,0,0,0,1,0,0,0,0,0,0,0,0,0,0,0,0,0,0,0,0
11082,2000,7,36.4,25.4,405.0,89.0,1.0,5.6,4.9,41947,456632.4,521635.7,22.8,89.58,4,1,-0.4999999999999997,-0.8660254037844388,0,0,0,0,0,0,0,0,0,0,0,0,0,0,0,0,1,0,0,0,0,0,0,0,0,0,0,0,0,0,0,0,0
11093,2001,6,35.2,25.9,354.0,90.0,0.9,6.3,2.7,41947,456632.4,521635.7,22.8,89.58,4,1,1.2246467991473532e-16,-1.0,0,0,0,0,0,0,0,0,0,0,0,0,0,0,0,0,1,0,0,0,0,0,0,0,0,0,0,0,0,0,0,0,0
11105,2002,6,37.4,25.4,846.0,87.0,1.0,6.1,4.5,41947,456632.4,521635.7,22.8,89.58,4,1,1.2246467991473532e-16,-1.0,0,0,0,0,0,0,0,0,0,0,0,0,0,0,0,0,1,0,0,0,0,0,0,0,0,0,0,0,0,0,0,0,0
11107,2002,8,34.5,26.1,483.0,90.0,0.9,6.1,4.7,41947,456632.4,521635.7,22.8,89.58,4,1,-0.8660254037844385,-0.5000000000000004,0,0,0,0,0,0,0,0,0,0,0,0,0,0,0,0,1,0,0,0,0,0,0,0,0,0,0,0,0,0,0,0,0
11108,2002,9,36.0,25.9,429.0,88.0,0.7,5.0,5.3,41947,456632.4,521635.7,22.8,89.58,4,1,-1.0,-1.8369701987210297e-16,0,0,0,0,0,0,0,0,0,0,0,0,0,0,0,0,1,0,0,0,0,0,0,0,0,0,0,0,0,0,0,0,0
11129,2004,6,36.5,26.2,383.0,86.0,0.9,5.6,3.9,41947,456632.4,521635.7,22.8,89.58,4,1,1.2246467991473532e-16,-1.0,0,0,0,0,0,0,0,0,0,0,0,0,0,0,0,0,1,0,0,0,0,0,0,0,0,0,0,0,0,0,0,0,0
11132,2004,9,35.2,26.2,621.0,88.0,0.9,6.2,4.1,41947,456632.4,521635.7,22.8,89.58,4,1,-1.0,-1.8369701987210297e-16,0,0,0,0,0,0,0,0,0,0,0,0,0,0,0,0,1,0,0,0,0,0,0,0,0,0,0,0,0,0,0,0,0
11142,2005,7,34.2,26.3,435.0,87.0,1.3,6.6,4.4,41947,456632.4,521635.7,22.8,89.58,4,1,-0.4999999999999997,-0.8660254037844388,0,0,0,0,0,0,0,0,0,0,0,0,0,0,0,0,1,0,0,0,0,0,0,0,0,0,0,0,0,0,0,0,0
11144,2005,9,35.5,26.3,410.0,86.0,0.9,5.9,5.1,41947,456632.4,521635.7,22.8,89.58,4,1,-1.0,-1.8369701987210297e-16,0,0,0,0,0,0,0,0,0,0,0,0,0,0,0,0,1,0,0,0,0,0,0,0,0,0,0,0,0,0,0,0,0
11145,2005,10,34.5,24.7,420.0,88.0,0.5,5.1,5.0,41947,456632.4,521635.7,22.8,89.58,4,1,-0.8660254037844386,0.5000000000000001,0,0,0,0,0,0,0,0,0,0,0,0,0,0,0,0,1,0,0,0,0,0,0,0,0,0,0,0,0,0,0,0,0
11154,2006,7,35.1,26.4,522.0,87.0,1.1,6.1,3.6,41947,456632.4,521635.7,22.8,89.58,4,1,-0.4999999999999997,-0.8660254037844388,0,0,0,0,0,0,0,0,0,0,0,0,0,0,0,0,1,0,0,0,0,0,0,0,0,0,0,0,0,0,0,0,0
11156,2006,9,35.0,26.0,579.0,86.0,0.9,5.4,5.7,41947,456632.4,521635.7,22.8,89.58,4,1,-1.0,-1.8369701987210297e-16,0,0,0,0,0,0,0,0,0,0,0,0,0,0,0,0,1,0,0,0,0,0,0,0,0,0,0,0,0,0,0,0,0
11166,2007,7,34.6,26.3,591.0,88.0,1.0,6.8,5.0,41947,456632.4,521635.7,22.8,89.58,4,1,-0.4999999999999997,-0.8660254037844388,0,0,0,0,0,0,0,0,0,0,0,0,0,0,0,0,1,0,0,0,0,0,0,0,0,0,0,0,0,0,0,0,0
11168,2007,9,35.0,26.1,397.0,91.0,0.7,6.4,6.3,41947,456632.4,521635.7,22.8,89.58,4,1,-1.0,-1.8369701987210297e-16,0,0,0,0,0,0,0,0,0,0,0,0,0,0,0,0,1,0,0,0,0,0,0,0,0,0,0,0,0,0,0,0,0
11180,2008,9,34.6,26.2,379.0,86.0,0.4,5.8,5.1,41947,456632.4,521635.7,22.8,89.58,4,1,-1.0,-1.8369701987210297e-16,0,0,0,0,0,0,0,0,0,0,0,0,0,0,0,0,1,0,0,0,0,0,0,0,0,0,0,0,0,0,0,0,0
11191,2009,8,34.6,26.3,568.0,87.0,1.6,6.4,3.9,41947,456632.4,521635.7,22.8,89.58,4,1,-0.8660254037844385,-0.5000000000000004,0,0,0,0,0,0,0,0,0,0,0,0,0,0,0,0,1,0,0,0,0,0,0,0,0,0,0,0,0,0,0,0,0
11214,2011,7,35.5,26.5,387.0,84.0,1.6,5.7,5.1,41947,456632.4,521635.7,22.8,89.58,4,1,-0.4999999999999997,-0.8660254037844388,0,0,0,0,0,0,0,0,0,0,0,0,0,0,0,0,1,0,0,0,0,0,0,0,0,0,0,0,0,0,0,0,0
11215,2011,8,36.5,26.2,614.0,89.0,2.0,6.2,3.3,41947,456632.4,521635.7,22.8,89.58,4,1,-0.8660254037844385,-0.5000000000000004,0,0,0,0,0,0,0,0,0,0,0,0,0,0,0,0,1,0,0,0,0,0,0,0,0,0,0,0,0,0,0,0,0
11226,2012,7,34.8,26.7,391.0,90.0,2.3,6.8,3.5,41947,456632.4,521635.7,22.8,89.58,4,1,-0.4999999999999997,-0.8660254037844388,0,0,0,0,0,0,0,0,0,0,0,0,0,0,0,0,1,0,0,0,0,0,0,0,0,0,0,0,0,0,0,0,0
11236,2013,5,37.5,25.2,430.0,83.0,2.9,6.4,4.1,41947,456632.4,521635.7,22.8,89.58,4,1,0.49999999999999994,-0.8660254037844387,0,0,0,0,0,0,0,0,0,0,0,0,0,0,0,0,1,0,0,0,0,0,0,0,0,0,0,0,0,0,0,0,0
11237,2013,6,37.0,27.1,212.0,85.0,1.6,5.2,5.0,41947,456632.4,521635.7,22.8,89.58,4,1,1.2246467991473532e-16,-1.0,0,0,0,0,0,0,0,0,0,0,0,0,0,0,0,0,1,0,0,0,0,0,0,0,0,0,0,0,0,0,0,0,0
11239,2013,8,35.5,26.3,482.0,92.0,2.0,6.2,3.7,41947,456632.4,521635.7,22.8,89.58,4,1,-0.8660254037844385,-0.5000000000000004,0,0,0,0,0,0,0,0,0,0,0,0,0,0,0,0,1,0,0,0,0,0,0,0,0,0,0,0,0,0,0,0,0
11241,2013,10,35.2,24.4,260.0,87.0,1.5,5.3,4.3,41947,456632.4,521635.7,22.8,89.58,4,1,-0.8660254037844386,0.5000000000000001,0,0,0,0,0,0,0,0,0,0,0,0,0,0,0,0,1,0,0,0,0,0,0,0,0,0,0,0,0,0,0,0,0
11249,1977,6,33.95862069,25.69655172,668.0,86.22857143,4.0,5.95862069,4.486666667,41989,690250.3,414997.4,21.83,91.84,6,1,1.2246467991473532e-16,-1.0,0,0,0,0,0,0,0,0,0,0,0,0,0,0,0,0,0,1,0,0,0,0,0,0,0,0,0,0,0,0,0,0,0
11250,1977,7,32.89310345,25.48965517,536.0,88.4,5.5,6.434482759,4.016666667,41989,690250.3,414997.4,21.83,91.84,6,1,-0.4999999999999997,-0.8660254037844388,0,0,0,0,0,0,0,0,0,0,0,0,0,0,0,0,0,1,0,0,0,0,0,0,0,0,0,0,0,0,0,0,0
11251,1977,8,33.14137931,25.58965517,441.0,87.28571429,4.7,6.196551724,4.66,41989,690250.3,414997.4,21.83,91.84,6,1,-0.8660254037844385,-0.5000000000000004,0,0,0,0,0,0,0,0,0,0,0,0,0,0,0,0,0,1,0,0,0,0,0,0,0,0,0,0,0,0,0,0,0
11261,1978,6,33.95862069,25.69655172,579.0,86.22857143,2.9,5.95862069,4.486666667,41989,690250.3,414997.4,21.83,91.84,6,1,1.2246467991473532e-16,-1.0,0,0,0,0,0,0,0,0,0,0,0,0,0,0,0,0,0,1,0,0,0,0,0,0,0,0,0,0,0,0,0,0,0
11262,1978,7,32.89310345,25.48965517,697.0,88.4,2.9,6.434482759,4.016666667,41989,690250.3,414997.4,21.83,91.84,6,1,-0.4999999999999997,-0.8660254037844388,0,0,0,0,0,0,0,0,0,0,0,0,0,0,0,0,0,1,0,0,0,0,0,0,0,0,0,0,0,0,0,0,0
11263,1978,8,33.14137931,25.58965517,460.0,87.28571429,2.5,6.196551724,4.66,41989,690250.3,414997.4,21.83,91.84,6,1,-0.8660254037844385,-0.5000000000000004,0,0,0,0,0,0,0,0,0,0,0,0,0,0,0,0,0,1,0,0,0,0,0,0,0,0,0,0,0,0,0,0,0
11297,1981,6,33.95862069,25.69655172,579.0,86.0,2.9,5.95862069,4.486666667,41989,690250.3,414997.4,21.83,91.84,6,1,1.2246467991473532e-16,-1.0,0,0,0,0,0,0,0,0,0,0,0,0,0,0,0,0,0,1,0,0,0,0,0,0,0,0,0,0,0,0,0,0,0
11298,1981,7,32.89310345,25.48965517,697.0,89.0,2.9,6.434482759,4.016666667,41989,690250.3,414997.4,21.83,91.84,6,1,-0.4999999999999997,-0.8660254037844388,0,0,0,0,0,0,0,0,0,0,0,0,0,0,0,0,0,1,0,0,0,0,0,0,0,0,0,0,0,0,0,0,0
11299,1981,8,33.14137931,25.58965517,460.0,87.0,2.5,6.196551724,4.66,41989,690250.3,414997.4,21.83,91.84,6,1,-0.8660254037844385,-0.5000000000000004,0,0,0,0,0,0,0,0,0,0,0,0,0,0,0,0,0,1,0,0,0,0,0,0,0,0,0,0,0,0,0,0,0
11309,1982,6,33.95862069,25.69655172,579.0,86.0,2.9,5.95862069,4.486666667,41989,690250.3,414997.4,21.83,91.84,6,1,1.2246467991473532e-16,-1.0,0,0,0,0,0,0,0,0,0,0,0,0,0,0,0,0,0,1,0,0,0,0,0,0,0,0,0,0,0,0,0,0,0
11310,1982,7,32.89310345,25.48965517,697.0,89.0,2.9,6.434482759,4.016666667,41989,690250.3,414997.4,21.83,91.84,6,1,-0.4999999999999997,-0.8660254037844388,0,0,0,0,0,0,0,0,0,0,0,0,0,0,0,0,0,1,0,0,0,0,0,0,0,0,0,0,0,0,0,0,0
11311,1982,8,33.14137931,25.58965517,460.0,87.0,2.5,6.196551724,4.66,41989,690250.3,414997.4,21.83,91.84,6,1,-0.8660254037844385,-0.5000000000000004,0,0,0,0,0,0,0,0,0,0,0,0,0,0,0,0,0,1,0,0,0,0,0,0,0,0,0,0,0,0,0,0,0
11321,1983,6,33.95862069,25.69655172,579.0,86.0,2.9,5.95862069,4.486666667,41989,690250.3,414997.4,21.83,91.84,6,1,1.2246467991473532e-16,-1.0,0,0,0,0,0,0,0,0,0,0,0,0,0,0,0,0,0,1,0,0,0,0,0,0,0,0,0,0,0,0,0,0,0
11322,1983,7,32.89310345,25.48965517,697.0,89.0,2.9,6.434482759,4.016666667,41989,690250.3,414997.4,21.83,91.84,6,1,-0.4999999999999997,-0.8660254037844388,0,0,0,0,0,0,0,0,0,0,0,0,0,0,0,0,0,1,0,0,0,0,0,0,0,0,0,0,0,0,0,0,0
11323,1983,8,33.14137931,25.58965517,460.0,87.0,2.5,6.196551724,4.66,41989,690250.3,414997.4,21.83,91.84,6,1,-0.8660254037844385,-0.5000000000000004,0,0,0,0,0,0,0,0,0,0,0,0,0,0,0,0,0,1,0,0,0,0,0,0,0,0,0,0,0,0,0,0,0
11333,1984,6,33.95862069,25.69655172,579.0,86.0,2.9,5.95862069,4.9,41989,690250.3,414997.4,21.83,91.84,6,1,1.2246467991473532e-16,-1.0,0,0,0,0,0,0,0,0,0,0,0,0,0,0,0,0,0,1,0,0,0,0,0,0,0,0,0,0,0,0,0,0,0
11334,1984,7,32.89310345,25.48965517,697.0,89.0,2.9,6.434482759,5.3,41989,690250.3,414997.4,21.83,91.84,6,1,-0.4999999999999997,-0.8660254037844388,0,0,0,0,0,0,0,0,0,0,0,0,0,0,0,0,0,1,0,0,0,0,0,0,0,0,0,0,0,0,0,0,0
11335,1984,8,33.14137931,25.58965517,460.0,87.0,2.5,6.196551724,4.1,41989,690250.3,414997.4,21.83,91.84,6,1,-0.8660254037844385,-0.5000000000000004,0,0,0,0,0,0,0,0,0,0,0,0,0,0,0,0,0,1,0,0,0,0,0,0,0,0,0,0,0,0,0,0,0
11344,1985,5,32.5,24.6,594.0,82.0,3.2,4.2,7.4,41989,690250.3,414997.4,21.83,91.84,6,1,0.49999999999999994,-0.8660254037844387,0,0,0,0,0,0,0,0,0,0,0,0,0,0,0,0,0,1,0,0,0,0,0,0,0,0,0,0,0,0,0,0,0
11346,1985,7,31.0,24.1,846.0,89.0,3.5,6.7,3.7,41989,690250.3,414997.4,21.83,91.84,6,1,-0.4999999999999997,-0.8660254037844388,0,0,0,0,0,0,0,0,0,0,0,0,0,0,0,0,0,1,0,0,0,0,0,0,0,0,0,0,0,0,0,0,0
11347,1985,8,32.2,24.9,475.0,88.0,3.8,6.5,4.7,41989,690250.3,414997.4,21.83,91.84,6,1,-0.8660254037844385,-0.5000000000000004,0,0,0,0,0,0,0,0,0,0,0,0,0,0,0,0,0,1,0,0,0,0,0,0,0,0,0,0,0,0,0,0,0
11357,1986,6,33.7,26.1,625.0,86.0,3.2,6.5,4.4,41989,690250.3,414997.4,21.83,91.84,6,1,1.2246467991473532e-16,-1.0,0,0,0,0,0,0,0,0,0,0,0,0,0,0,0,0,0,1,0,0,0,0,0,0,0,0,0,0,0,0,0,0,0
11358,1986,7,32.0,25.3,630.0,87.0,2.9,6.5,3.7,41989,690250.3,414997.4,21.83,91.84,6,1,-0.4999999999999997,-0.8660254037844388,0,0,0,0,0,0,0,0,0,0,0,0,0,0,0,0,0,1,0,0,0,0,0,0,0,0,0,0,0,0,0,0,0
11369,1987,6,33.5,26.4,751.0,88.0,2.8,5.7,5.8,41989,690250.3,414997.4,21.83,91.84,6,1,1.2246467991473532e-16,-1.0,0,0,0,0,0,0,0,0,0,0,0,0,0,0,0,0,0,1,0,0,0,0,0,0,0,0,0,0,0,0,0,0,0
11370,1987,7,31.5,25.6,1247.0,91.0,3.1,7.1,2.4,41989,690250.3,414997.4,21.83,91.84,6,1,-0.4999999999999997,-0.8660254037844388,0,0,0,0,0,0,0,0,0,0,0,0,0,0,0,0,0,1,0,0,0,0,0,0,0,0,0,0,0,0,0,0,0
11371,1987,8,32.7,25.8,745.0,88.0,2.2,6.4,4.6,41989,690250.3,414997.4,21.83,91.84,6,1,-0.8660254037844385,-0.5000000000000004,0,0,0,0,0,0,0,0,0,0,0,0,0,0,0,0,0,1,0,0,0,0,0,0,0,0,0,0,0,0,0,0,0
11381,1988,6,32.6,25.4,709.0,87.0,2.7,6.5,3.5,41989,690250.3,414997.4,21.83,91.84,6,1,1.2246467991473532e-16,-1.0,0,0,0,0,0,0,0,0,0,0,0,0,0,0,0,0,0,1,0,0,0,0,0,0,0,0,0,0,0,0,0,0,0
11383,1988,8,31.6,25.6,441.0,88.0,2.2,6.4,3.8,41989,690250.3,414997.4,21.83,91.84,6,1,-0.8660254037844385,-0.5000000000000004,0,0,0,0,0,0,0,0,0,0,0,0,0,0,0,0,0,1,0,0,0,0,0,0,0,0,0,0,0,0,0,0,0
11384,1988,9,35.0,25.6,545.0,86.0,1.6,5.3,7.1,41989,690250.3,414997.4,21.83,91.84,6,1,-1.0,-1.8369701987210297e-16,0,0,0,0,0,0,0,0,0,0,0,0,0,0,0,0,0,1,0,0,0,0,0,0,0,0,0,0,0,0,0,0,0
11394,1989,7,33.2,25.7,555.0,88.0,2.5,6.2,4.3,41989,690250.3,414997.4,21.83,91.84,6,1,-0.4999999999999997,-0.8660254037844388,0,0,0,0,0,0,0,0,0,0,0,0,0,0,0,0,0,1,0,0,0,0,0,0,0,0,0,0,0,0,0,0,0
11396,1989,9,32.2,25.4,497.0,87.0,1.6,5.8,5.7,41989,690250.3,414997.4,21.83,91.84,6,1,-1.0,-1.8369701987210297e-16,0,0,0,0,0,0,0,0,0,0,0,0,0,0,0,0,0,1,0,0,0,0,0,0,0,0,0,0,0,0,0,0,0
11397,1989,10,32.8,24.3,496.0,89.0,1.3,5.8,4.5,41989,690250.3,414997.4,21.83,91.84,6,1,-0.8660254037844386,0.5000000000000001,0,0,0,0,0,0,0,0,0,0,0,0,0,0,0,0,0,1,0,0,0,0,0,0,0,0,0,0,0,0,0,0,0
11402,1990,3,31.0,20.1,400.0,82.0,1.7,3.6,7.6,41989,690250.3,414997.4,21.83,91.84,6,1,1.0,6.123233995736766e-17,0,0,0,0,0,0,0,0,0,0,0,0,0,0,0,0,0,1,0,0,0,0,0,0,0,0,0,0,0,0,0,0,0
11405,1990,6,33.0,25.9,996.0,89.0,3.4,6.4,4.2,41989,690250.3,414997.4,21.83,91.84,6,1,1.2246467991473532e-16,-1.0,0,0,0,0,0,0,0,0,0,0,0,0,0,0,0,0,0,1,0,0,0,0,0,0,0,0,0,0,0,0,0,0,0
11406,1990,7,31.2,25.1,1368.0,92.0,3.3,7.2,2.7,41989,690250.3,414997.4,21.83,91.84,6,1,-0.4999999999999997,-0.8660254037844388,0,0,0,0,0,0,0,0,0,0,0,0,0,0,0,0,0,1,0,0,0,0,0,0,0,0,0,0,0,0,0,0,0
11417,1991,6,32.5,25.2,948.0,88.0,3.2,6.8,2.7,41989,690250.3,414997.4,21.83,91.84,6,1,1.2246467991473532e-16,-1.0,0,0,0,0,0,0,0,0,0,0,0,0,0,0,0,0,0,1,0,0,0,0,0,0,0,0,0,0,0,0,0,0,0
11418,1991,7,33.5,25.8,664.0,89.0,4.1,6.7,4.1,41989,690250.3,414997.4,21.83,91.84,6,1,-0.4999999999999997,-0.8660254037844388,0,0,0,0,0,0,0,0,0,0,0,0,0,0,0,0,0,1,0,0,0,0,0,0,0,0,0,0,0,0,0,0,0
11419,1991,8,34.0,25.9,771.0,88.0,3.5,7.0,4.3,41989,690250.3,414997.4,21.83,91.84,6,1,-0.8660254037844385,-0.5000000000000004,0,0,0,0,0,0,0,0,0,0,0,0,0,0,0,0,0,1,0,0,0,0,0,0,0,0,0,0,0,0,0,0,0
11429,1992,6,35.0,26.1,1030.0,83.0,3.5,4.8,4.1,41989,690250.3,414997.4,21.83,91.84,6,1,1.2246467991473532e-16,-1.0,0,0,0,0,0,0,0,0,0,0,0,0,0,0,0,0,0,1,0,0,0,0,0,0,0,0,0,0,0,0,0,0,0
11430,1992,7,33.5,25.5,719.0,89.0,3.5,6.7,3.3,41989,690250.3,414997.4,21.83,91.84,6,1,-0.4999999999999997,-0.8660254037844388,0,0,0,0,0,0,0,0,0,0,0,0,0,0,0,0,0,1,0,0,0,0,0,0,0,0,0,0,0,0,0,0,0
11441,1993,6,33.2,25.0,830.0,89.0,2.1,5.7,3.8,41989,690250.3,414997.4,21.83,91.84,6,1,1.2246467991473532e-16,-1.0,0,0,0,0,0,0,0,0,0,0,0,0,0,0,0,0,0,1,0,0,0,0,0,0,0,0,0,0,0,0,0,0,0
11442,1993,7,33.5,25.3,478.0,88.0,2.4,5.3,4.7,41989,690250.3,414997.4,21.83,91.84,6,1,-0.4999999999999997,-0.8660254037844388,0,0,0,0,0,0,0,0,0,0,0,0,0,0,0,0,0,1,0,0,0,0,0,0,0,0,0,0,0,0,0,0,0
11443,1993,8,31.8,25.6,662.0,88.0,1.9,6.5,3.4,41989,690250.3,414997.4,21.83,91.84,6,1,-0.8660254037844385,-0.5000000000000004,0,0,0,0,0,0,0,0,0,0,0,0,0,0,0,0,0,1,0,0,0,0,0,0,0,0,0,0,0,0,0,0,0
11453,1994,6,34.5,25.5,618.0,85.0,3.0,6.4,3.8,41989,690250.3,414997.4,21.83,91.84,6,1,1.2246467991473532e-16,-1.0,0,0,0,0,0,0,0,0,0,0,0,0,0,0,0,0,0,1,0,0,0,0,0,0,0,0,0,0,0,0,0,0,0
11454,1994,7,32.5,25.1,746.0,88.0,2.9,6.1,3.9,41989,690250.3,414997.4,21.83,91.84,6,1,-0.4999999999999997,-0.8660254037844388,0,0,0,0,0,0,0,0,0,0,0,0,0,0,0,0,0,1,0,0,0,0,0,0,0,0,0,0,0,0,0,0,0
11464,1995,5,36.2,26.9,400.0,79.0,2.3,3.6,7.0,41989,690250.3,414997.4,21.83,91.84,6,1,0.49999999999999994,-0.8660254037844387,0,0,0,0,0,0,0,0,0,0,0,0,0,0,0,0,0,1,0,0,0,0,0,0,0,0,0,0,0,0,0,0,0
11465,1995,6,34.4,25.5,583.0,84.0,3.4,6.0,5.2,41989,690250.3,414997.4,21.83,91.84,6,1,1.2246467991473532e-16,-1.0,0,0,0,0,0,0,0,0,0,0,0,0,0,0,0,0,0,1,0,0,0,0,0,0,0,0,0,0,0,0,0,0,0
11466,1995,7,33.0,25.7,789.0,90.0,3.2,6.7,3.5,41989,690250.3,414997.4,21.83,91.84,6,1,-0.4999999999999997,-0.8660254037844388,0,0,0,0,0,0,0,0,0,0,0,0,0,0,0,0,0,1,0,0,0,0,0,0,0,0,0,0,0,0,0,0,0
11477,1996,6,35.2,23.9,682.0,85.0,2.7,4.9,4.7,41989,690250.3,414997.4,21.83,91.84,6,1,1.2246467991473532e-16,-1.0,0,0,0,0,0,0,0,0,0,0,0,0,0,0,0,0,0,1,0,0,0,0,0,0,0,0,0,0,0,0,0,0,0
11478,1996,7,33.0,24.3,731.0,87.0,1.8,5.3,3.6,41989,690250.3,414997.4,21.83,91.84,6,1,-0.4999999999999997,-0.8660254037844388,0,0,0,0,0,0,0,0,0,0,0,0,0,0,0,0,0,1,0,0,0,0,0,0,0,0,0,0,0,0,0,0,0
11479,1996,8,32.5,24.5,751.0,88.0,1.9,5.8,2.5,41989,690250.3,414997.4,21.83,91.84,6,1,-0.8660254037844385,-0.5000000000000004,0,0,0,0,0,0,0,0,0,0,0,0,0,0,0,0,0,1,0,0,0,0,0,0,0,0,0,0,0,0,0,0,0
11480,1996,9,37.3,25.0,662.0,85.0,1.1,4.5,5.5,41989,690250.3,414997.4,21.83,91.84,6,1,-1.0,-1.8369701987210297e-16,0,0,0,0,0,0,0,0,0,0,0,0,0,0,0,0,0,1,0,0,0,0,0,0,0,0,0,0,0,0,0,0,0
11481,1996,10,36.2,23.6,527.0,82.0,1.2,3.4,6.4,41989,690250.3,414997.4,21.83,91.84,6,1,-0.8660254037844386,0.5000000000000001,0,0,0,0,0,0,0,0,0,0,0,0,0,0,0,0,0,1,0,0,0,0,0,0,0,0,0,0,0,0,0,0,0
11489,1997,6,33.2,23.0,421.0,85.0,2.7,5.6,3.8,41989,690250.3,414997.4,21.83,91.84,6,1,1.2246467991473532e-16,-1.0,0,0,0,0,0,0,0,0,0,0,0,0,0,0,0,0,0,1,0,0,0,0,0,0,0,0,0,0,0,0,0,0,0
11490,1997,7,33.6,24.6,907.0,89.0,2.7,6.5,3.4,41989,690250.3,414997.4,21.83,91.84,6,1,-0.4999999999999997,-0.8660254037844388,0,0,0,0,0,0,0,0,0,0,0,0,0,0,0,0,0,1,0,0,0,0,0,0,0,0,0,0,0,0,0,0,0
11491,1997,8,35.4,25.4,467.0,87.0,2.1,5.6,4.7,41989,690250.3,414997.4,21.83,91.84,6,1,-0.8660254037844385,-0.5000000000000004,0,0,0,0,0,0,0,0,0,0,0,0,0,0,0,0,0,1,0,0,0,0,0,0,0,0,0,0,0,0,0,0,0
11492,1997,9,35.0,25.1,612.0,87.0,2.0,5.4,5.6,41989,690250.3,414997.4,21.83,91.84,6,1,-1.0,-1.8369701987210297e-16,0,0,0,0,0,0,0,0,0,0,0,0,0,0,0,0,0,1,0,0,0,0,0,0,0,0,0,0,0,0,0,0,0
11502,1998,7,34.5,25.9,1675.0,92.0,2.3,6.4,4.0,41989,690250.3,414997.4,21.83,91.84,6,1,-0.4999999999999997,-0.8660254037844388,0,0,0,0,0,0,0,0,0,0,0,0,0,0,0,0,0,1,0,0,0,0,0,0,0,0,0,0,0,0,0,0,0
11503,1998,8,35.4,25.9,1332.0,90.0,1.7,6.7,3.6,41989,690250.3,414997.4,21.83,91.84,6,1,-0.8660254037844385,-0.5000000000000004,0,0,0,0,0,0,0,0,0,0,0,0,0,0,0,0,0,1,0,0,0,0,0,0,0,0,0,0,0,0,0,0,0
11512,1999,5,35.3,25.7,410.0,87.0,2.7,4.7,5.3,41989,690250.3,414997.4,21.83,91.84,6,1,0.49999999999999994,-0.8660254037844387,0,0,0,0,0,0,0,0,0,0,0,0,0,0,0,0,0,1,0,0,0,0,0,0,0,0,0,0,0,0,0,0,0
11513,1999,6,33.6,25.9,648.0,87.0,2.9,5.9,4.4,41989,690250.3,414997.4,21.83,91.84,6,1,1.2246467991473532e-16,-1.0,0,0,0,0,0,0,0,0,0,0,0,0,0,0,0,0,0,1,0,0,0,0,0,0,0,0,0,0,0,0,0,0,0
11514,1999,7,32.4,25.7,602.0,87.0,2.6,6.3,3.8,41989,690250.3,414997.4,21.83,91.84,6,1,-0.4999999999999997,-0.8660254037844388,0,0,0,0,0,0,0,0,0,0,0,0,0,0,0,0,0,1,0,0,0,0,0,0,0,0,0,0,0,0,0,0,0
11515,1999,8,33.4,25.4,821.0,90.0,3.3,6.6,3.2,41989,690250.3,414997.4,21.83,91.84,6,1,-0.8660254037844385,-0.5000000000000004,0,0,0,0,0,0,0,0,0,0,0,0,0,0,0,0,0,1,0,0,0,0,0,0,0,0,0,0,0,0,0,0,0
11524,2000,5,33.6,24.5,446.0,86.0,1.8,4.8,5.2,41989,690250.3,414997.4,21.83,91.84,6,1,0.49999999999999994,-0.8660254037844387,0,0,0,0,0,0,0,0,0,0,0,0,0,0,0,0,0,1,0,0,0,0,0,0,0,0,0,0,0,0,0,0,0
11525,2000,6,33.8,25.4,691.0,90.0,2.2,6.1,3.2,41989,690250.3,414997.4,21.83,91.84,6,1,1.2246467991473532e-16,-1.0,0,0,0,0,0,0,0,0,0,0,0,0,0,0,0,0,0,1,0,0,0,0,0,0,0,0,0,0,0,0,0,0,0
11526,2000,7,33.6,25.3,792.0,89.0,2.2,6.0,4.0,41989,690250.3,414997.4,21.83,91.84,6,1,-0.4999999999999997,-0.8660254037844388,0,0,0,0,0,0,0,0,0,0,0,0,0,0,0,0,0,1,0,0,0,0,0,0,0,0,0,0,0,0,0,0,0
11527,2000,8,33.6,25.1,659.0,86.0,1.6,5.9,4.6,41989,690250.3,414997.4,21.83,91.84,6,1,-0.8660254037844385,-0.5000000000000004,0,0,0,0,0,0,0,0,0,0,0,0,0,0,0,0,0,1,0,0,0,0,0,0,0,0,0,0,0,0,0,0,0
11537,2001,6,32.8,24.9,773.0,90.0,2.0,6.2,2.6,41989,690250.3,414997.4,21.83,91.84,6,1,1.2246467991473532e-16,-1.0,0,0,0,0,0,0,0,0,0,0,0,0,0,0,0,0,0,1,0,0,0,0,0,0,0,0,0,0,0,0,0,0,0
11538,2001,7,32.4,25.2,413.0,89.0,1.5,6.1,3.4,41989,690250.3,414997.4,21.83,91.84,6,1,-0.4999999999999997,-0.8660254037844388,0,0,0,0,0,0,0,0,0,0,0,0,0,0,0,0,0,1,0,0,0,0,0,0,0,0,0,0,0,0,0,0,0
11548,2002,5,33.8,25.2,473.0,83.0,1.9,5.2,6.7,41989,690250.3,414997.4,21.83,91.84,6,1,0.49999999999999994,-0.8660254037844387,0,0,0,0,0,0,0,0,0,0,0,0,0,0,0,0,0,1,0,0,0,0,0,0,0,0,0,0,0,0,0,0,0
11549,2002,6,34.0,26.0,359.0,87.0,1.9,5.2,5.9,41989,690250.3,414997.4,21.83,91.84,6,1,1.2246467991473532e-16,-1.0,0,0,0,0,0,0,0,0,0,0,0,0,0,0,0,0,0,1,0,0,0,0,0,0,0,0,0,0,0,0,0,0,0
11550,2002,7,32.3,26.0,686.0,91.0,1.5,7.2,2.9,41989,690250.3,414997.4,21.83,91.84,6,1,-0.4999999999999997,-0.8660254037844388,0,0,0,0,0,0,0,0,0,0,0,0,0,0,0,0,0,1,0,0,0,0,0,0,0,0,0,0,0,0,0,0,0
11551,2002,8,32.6,25.7,392.0,88.0,1.5,5.9,6.2,41989,690250.3,414997.4,21.83,91.84,6,1,-0.8660254037844385,-0.5000000000000004,0,0,0,0,0,0,0,0,0,0,0,0,0,0,0,0,0,1,0,0,0,0,0,0,0,0,0,0,0,0,0,0,0
11561,2003,6,34.0,25.0,925.0,90.0,2.0,6.7,2.9,41989,690250.3,414997.4,21.83,91.84,6,1,1.2246467991473532e-16,-1.0,0,0,0,0,0,0,0,0,0,0,0,0,0,0,0,0,0,1,0,0,0,0,0,0,0,0,0,0,0,0,0,0,0
11564,2003,9,33.2,25.8,390.0,85.0,1.0,5.4,6.4,41989,690250.3,414997.4,21.83,91.84,6,1,-1.0,-1.8369701987210297e-16,0,0,0,0,0,0,0,0,0,0,0,0,0,0,0,0,0,1,0,0,0,0,0,0,0,0,0,0,0,0,0,0,0
11573,2004,6,34.5,26.0,539.0,83.0,1.4,5.9,4.4,41989,690250.3,414997.4,21.83,91.84,6,1,1.2246467991473532e-16,-1.0,0,0,0,0,0,0,0,0,0,0,0,0,0,0,0,0,0,1,0,0,0,0,0,0,0,0,0,0,0,0,0,0,0
11574,2004,7,32.5,25.7,559.0,86.0,1.7,6.6,4.0,41989,690250.3,414997.4,21.83,91.84,6,1,-0.4999999999999997,-0.8660254037844388,0,0,0,0,0,0,0,0,0,0,0,0,0,0,0,0,0,1,0,0,0,0,0,0,0,0,0,0,0,0,0,0,0
11575,2004,8,33.3,25.8,461.0,86.0,1.9,6.0,5.1,41989,690250.3,414997.4,21.83,91.84,6,1,-0.8660254037844385,-0.5000000000000004,0,0,0,0,0,0,0,0,0,0,0,0,0,0,0,0,0,1,0,0,0,0,0,0,0,0,0,0,0,0,0,0,0
11576,2004,9,32.9,25.5,528.0,85.0,1.1,5.7,5.5,41989,690250.3,414997.4,21.83,91.84,6,1,-1.0,-1.8369701987210297e-16,0,0,0,0,0,0,0,0,0,0,0,0,0,0,0,0,0,1,0,0,0,0,0,0,0,0,0,0,0,0,0,0,0
11585,2005,6,35.0,27.1,433.0,83.0,2.6,5.4,5.0,41989,690250.3,414997.4,21.83,91.84,6,1,1.2246467991473532e-16,-1.0,0,0,0,0,0,0,0,0,0,0,0,0,0,0,0,0,0,1,0,0,0,0,0,0,0,0,0,0,0,0,0,0,0
11586,2005,7,33.0,26.1,507.0,86.0,2.6,6.5,4.7,41989,690250.3,414997.4,21.83,91.84,6,1,-0.4999999999999997,-0.8660254037844388,0,0,0,0,0,0,0,0,0,0,0,0,0,0,0,0,0,1,0,0,0,0,0,0,0,0,0,0,0,0,0,0,0
11587,2005,8,33.2,25.9,853.0,89.0,2.2,7.2,2.7,41989,690250.3,414997.4,21.83,91.84,6,1,-0.8660254037844385,-0.5000000000000004,0,0,0,0,0,0,0,0,0,0,0,0,0,0,0,0,0,1,0,0,0,0,0,0,0,0,0,0,0,0,0,0,0
11596,2006,5,34.4,25.5,626.0,79.0,2.0,3.4,7.2,41989,690250.3,414997.4,21.83,91.84,6,1,0.49999999999999994,-0.8660254037844387,0,0,0,0,0,0,0,0,0,0,0,0,0,0,0,0,0,1,0,0,0,0,0,0,0,0,0,0,0,0,0,0,0
11597,2006,6,34.2,26.4,488.0,85.0,2.0,5.4,4.4,41989,690250.3,414997.4,21.83,91.84,6,1,1.2246467991473532e-16,-1.0,0,0,0,0,0,0,0,0,0,0,0,0,0,0,0,0,0,1,0,0,0,0,0,0,0,0,0,0,0,0,0,0,0
11598,2006,7,32.4,26.0,899.0,87.0,2.5,6.5,3.9,41989,690250.3,414997.4,21.83,91.84,6,1,-0.4999999999999997,-0.8660254037844388,0,0,0,0,0,0,0,0,0,0,0,0,0,0,0,0,0,1,0,0,0,0,0,0,0,0,0,0,0,0,0,0,0
11599,2006,8,32.3,25.2,344.0,84.0,2.4,7.2,5.2,41989,690250.3,414997.4,21.83,91.84,6,1,-0.8660254037844385,-0.5000000000000004,0,0,0,0,0,0,0,0,0,0,0,0,0,0,0,0,0,1,0,0,0,0,0,0,0,0,0,0,0,0,0,0,0
11600,2006,9,33.3,26.0,502.0,85.0,1.5,6.1,5.9,41989,690250.3,414997.4,21.83,91.84,6,1,-1.0,-1.8369701987210297e-16,0,0,0,0,0,0,0,0,0,0,0,0,0,0,0,0,0,1,0,0,0,0,0,0,0,0,0,0,0,0,0,0,0
11609,2007,6,34.7,26.5,483.0,83.0,2.1,5.8,5.8,41989,690250.3,414997.4,21.83,91.84,6,1,1.2246467991473532e-16,-1.0,0,0,0,0,0,0,0,0,0,0,0,0,0,0,0,0,0,1,0,0,0,0,0,0,0,0,0,0,0,0,0,0,0
11610,2007,7,34.0,25.6,709.0,88.0,2.0,6.8,3.6,41989,690250.3,414997.4,21.83,91.84,6,1,-0.4999999999999997,-0.8660254037844388,0,0,0,0,0,0,0,0,0,0,0,0,0,0,0,0,0,1,0,0,0,0,0,0,0,0,0,0,0,0,0,0,0
11611,2007,8,33.5,25.8,416.0,86.0,1.7,6.2,5.5,41989,690250.3,414997.4,21.83,91.84,6,1,-0.8660254037844385,-0.5000000000000004,0,0,0,0,0,0,0,0,0,0,0,0,0,0,0,0,0,1,0,0,0,0,0,0,0,0,0,0,0,0,0,0,0
11612,2007,9,32.6,25.7,481.0,87.0,1.2,6.4,4.0,41989,690250.3,414997.4,21.83,91.84,6,1,-1.0,-1.8369701987210297e-16,0,0,0,0,0,0,0,0,0,0,0,0,0,0,0,0,0,1,0,0,0,0,0,0,0,0,0,0,0,0,0,0,0
11621,2008,6,34.0,26.2,441.0,84.0,2.0,6.3,4.9,41989,690250.3,414997.4,21.83,91.84,6,1,1.2246467991473532e-16,-1.0,0,0,0,0,0,0,0,0,0,0,0,0,0,0,0,0,0,1,0,0,0,0,0,0,0,0,0,0,0,0,0,0,0
11622,2008,7,33.3,25.3,1256.0,88.0,2.1,6.6,3.8,41989,690250.3,414997.4,21.83,91.84,6,1,-0.4999999999999997,-0.8660254037844388,0,0,0,0,0,0,0,0,0,0,0,0,0,0,0,0,0,1,0,0,0,0,0,0,0,0,0,0,0,0,0,0,0
11623,2008,8,33.6,25.6,659.0,86.0,2.0,6.4,4.7,41989,690250.3,414997.4,21.83,91.84,6,1,-0.8660254037844385,-0.5000000000000004,0,0,0,0,0,0,0,0,0,0,0,0,0,0,0,0,0,1,0,0,0,0,0,0,0,0,0,0,0,0,0,0,0
11633,2009,6,34.0,26.3,410.0,81.0,2.0,5.7,5.3,41989,690250.3,414997.4,21.83,91.84,6,1,1.2246467991473532e-16,-1.0,0,0,0,0,0,0,0,0,0,0,0,0,0,0,0,0,0,1,0,0,0,0,0,0,0,0,0,0,0,0,0,0,0
11634,2009,7,33.0,25.8,1067.0,87.0,2.7,6.6,3.9,41989,690250.3,414997.4,21.83,91.84,6,1,-0.4999999999999997,-0.8660254037844388,0,0,0,0,0,0,0,0,0,0,0,0,0,0,0,0,0,1,0,0,0,0,0,0,0,0,0,0,0,0,0,0,0
11635,2009,8,33.0,25.8,448.0,86.0,2.3,6.7,3.7,41989,690250.3,414997.4,21.83,91.84,6,1,-0.8660254037844385,-0.5000000000000004,0,0,0,0,0,0,0,0,0,0,0,0,0,0,0,0,0,1,0,0,0,0,0,0,0,0,0,0,0,0,0,0,0
11644,2010,5,35.3,26.4,464.0,76.0,2.3,5.3,7.3,41989,690250.3,414997.4,21.83,91.84,6,1,0.49999999999999994,-0.8660254037844387,0,0,0,0,0,0,0,0,0,0,0,0,0,0,0,0,0,1,0,0,0,0,0,0,0,0,0,0,0,0,0,0,0
11645,2010,6,34.0,26.3,666.0,85.0,2.3,6.4,5.0,41989,690250.3,414997.4,21.83,91.84,6,1,1.2246467991473532e-16,-1.0,0,0,0,0,0,0,0,0,0,0,0,0,0,0,0,0,0,1,0,0,0,0,0,0,0,0,0,0,0,0,0,0,0
11646,2010,7,33.5,26.2,517.0,83.0,2.6,6.4,5.8,41989,690250.3,414997.4,21.83,91.84,6,1,-0.4999999999999997,-0.8660254037844388,0,0,0,0,0,0,0,0,0,0,0,0,0,0,0,0,0,1,0,0,0,0,0,0,0,0,0,0,0,0,0,0,0
11647,2010,8,33.7,26.2,466.0,83.0,1.8,6.6,6.2,41989,690250.3,414997.4,21.83,91.84,6,1,-0.8660254037844385,-0.5000000000000004,0,0,0,0,0,0,0,0,0,0,0,0,0,0,0,0,0,1,0,0,0,0,0,0,0,0,0,0,0,0,0,0,0
11649,2010,10,34.8,25.5,403.0,82.0,1.7,5.0,7.0,41989,690250.3,414997.4,21.83,91.84,6,1,-0.8660254037844386,0.5000000000000001,0,0,0,0,0,0,0,0,0,0,0,0,0,0,0,0,0,1,0,0,0,0,0,0,0,0,0,0,0,0,0,0,0
11657,2011,6,33.8,26.0,952.0,87.0,2.6,6.3,4.0,41989,690250.3,414997.4,21.83,91.84,6,1,1.2246467991473532e-16,-1.0,0,0,0,0,0,0,0,0,0,0,0,0,0,0,0,0,0,1,0,0,0,0,0,0,0,0,0,0,0,0,0,0,0
11658,2011,7,32.8,26.0,803.0,87.0,2.2,5.8,5.8,41989,690250.3,414997.4,21.83,91.84,6,1,-0.4999999999999997,-0.8660254037844388,0,0,0,0,0,0,0,0,0,0,0,0,0,0,0,0,0,1,0,0,0,0,0,0,0,0,0,0,0,0,0,0,0
11659,2011,8,33.8,25.7,856.0,88.0,2.4,6.6,4.3,41989,690250.3,414997.4,21.83,91.84,6,1,-0.8660254037844385,-0.5000000000000004,0,0,0,0,0,0,0,0,0,0,0,0,0,0,0,0,0,1,0,0,0,0,0,0,0,0,0,0,0,0,0,0,0
11660,2011,9,33.4,25.5,597.0,88.0,2.3,5.9,5.1,41989,690250.3,414997.4,21.83,91.84,6,1,-1.0,-1.8369701987210297e-16,0,0,0,0,0,0,0,0,0,0,0,0,0,0,0,0,0,1,0,0,0,0,0,0,0,0,0,0,0,0,0,0,0
11669,2012,6,34.6,25.8,1178.0,90.0,2.8,6.4,3.7,41989,690250.3,414997.4,21.83,91.84,6,1,1.2246467991473532e-16,-1.0,0,0,0,0,0,0,0,0,0,0,0,0,0,0,0,0,0,1,0,0,0,0,0,0,0,0,0,0,0,0,0,0,0
11670,2012,7,32.5,25.3,1688.0,93.0,2.7,7.4,2.7,41989,690250.3,414997.4,21.83,91.84,6,1,-0.4999999999999997,-0.8660254037844388,0,0,0,0,0,0,0,0,0,0,0,0,0,0,0,0,0,1,0,0,0,0,0,0,0,0,0,0,0,0,0,0,0
11671,2012,8,33.4,25.7,527.0,92.0,1.7,5.9,5.3,41989,690250.3,414997.4,21.83,91.84,6,1,-0.8660254037844385,-0.5000000000000004,0,0,0,0,0,0,0,0,0,0,0,0,0,0,0,0,0,1,0,0,0,0,0,0,0,0,0,0,0,0,0,0,0
11673,2012,10,34.4,24.4,554.0,83.0,1.6,2.9,7.9,41989,690250.3,414997.4,21.83,91.84,6,1,-0.8660254037844386,0.5000000000000001,0,0,0,0,0,0,0,0,0,0,0,0,0,0,0,0,0,1,0,0,0,0,0,0,0,0,0,0,0,0,0,0,0
11680,2013,5,34.5,24.6,1088.0,88.0,2.4,6.2,4.1,41989,690250.3,414997.4,21.83,91.84,6,1,0.49999999999999994,-0.8660254037844387,0,0,0,0,0,0,0,0,0,0,0,0,0,0,0,0,0,1,0,0,0,0,0,0,0,0,0,0,0,0,0,0,0
11681,2013,6,34.0,25.6,1058.0,90.0,1.8,6.2,5.8,41989,690250.3,414997.4,21.83,91.84,6,1,1.2246467991473532e-16,-1.0,0,0,0,0,0,0,0,0,0,0,0,0,0,0,0,0,0,1,0,0,0,0,0,0,0,0,0,0,0,0,0,0,0
11682,2013,7,33.6,25.1,818.0,89.0,2.2,6.4,5.2,41989,690250.3,414997.4,21.83,91.84,6,1,-0.4999999999999997,-0.8660254037844388,0,0,0,0,0,0,0,0,0,0,0,0,0,0,0,0,0,1,0,0,0,0,0,0,0,0,0,0,0,0,0,0,0
11683,2013,8,33.0,25.3,642.0,89.0,2.0,6.4,3.7,41989,690250.3,414997.4,21.83,91.84,6,1,-0.8660254037844385,-0.5000000000000004,0,0,0,0,0,0,0,0,0,0,0,0,0,0,0,0,0,1,0,0,0,0,0,0,0,0,0,0,0,0,0,0,0
11691,1977,4,34.2,22.3,443.0,82.0,2.9,4.8,7.161538462,41939,518762.7,561770.3,23.17,90.18,5,1,0.8660254037844387,-0.4999999999999998,0,0,0,0,0,0,0,0,0,0,0,0,0,0,0,0,0,0,1,0,0,0,0,0,0,0,0,0,0,0,0,0,0
11693,1977,6,34.0,24.8,528.0,88.0,1.6,5.9,3.838461538,41939,518762.7,561770.3,23.17,90.18,5,1,1.2246467991473532e-16,-1.0,0,0,0,0,0,0,0,0,0,0,0,0,0,0,0,0,0,0,1,0,0,0,0,0,0,0,0,0,0,0,0,0,0
11694,1977,7,34.0,25.6,436.0,89.0,2.0,6.2,3.661538462,41939,518762.7,561770.3,23.17,90.18,5,1,-0.4999999999999997,-0.8660254037844388,0,0,0,0,0,0,0,0,0,0,0,0,0,0,0,0,0,0,1,0,0,0,0,0,0,0,0,0,0,0,0,0,0
11706,1978,7,33.6,23.9,387.0,88.0,1.1,6.2,3.661538462,41939,518762.7,561770.3,23.17,90.18,5,1,-0.4999999999999997,-0.8660254037844388,0,0,0,0,0,0,0,0,0,0,0,0,0,0,0,0,0,0,1,0,0,0,0,0,0,0,0,0,0,0,0,0,0
11717,1979,6,34.1,25.7,377.0,84.0,1.2,5.7,3.838461538,41939,518762.7,561770.3,23.17,90.18,5,1,1.2246467991473532e-16,-1.0,0,0,0,0,0,0,0,0,0,0,0,0,0,0,0,0,0,0,1,0,0,0,0,0,0,0,0,0,0,0,0,0,0
11718,1979,7,32.3,25.8,350.0,86.0,1.2,6.1,3.661538462,41939,518762.7,561770.3,23.17,90.18,5,1,-0.4999999999999997,-0.8660254037844388,0,0,0,0,0,0,0,0,0,0,0,0,0,0,0,0,0,0,1,0,0,0,0,0,0,0,0,0,0,0,0,0,0
11730,1980,7,34.0,26.0,381.0,87.0,0.8,5.6,3.661538462,41939,518762.7,561770.3,23.17,90.18,5,1,-0.4999999999999997,-0.8660254037844388,0,0,0,0,0,0,0,0,0,0,0,0,0,0,0,0,0,0,1,0,0,0,0,0,0,0,0,0,0,0,0,0,0
11739,1981,4,35.0,21.9,340.0,72.0,0.8,4.9,7.161538462,41939,518762.7,561770.3,23.17,90.18,5,1,0.8660254037844387,-0.4999999999999998,0,0,0,0,0,0,0,0,0,0,0,0,0,0,0,0,0,0,1,0,0,0,0,0,0,0,0,0,0,0,0,0,0
11742,1981,7,33.5,25.1,434.0,86.0,0.6,6.2,3.661538462,41939,518762.7,561770.3,23.17,90.18,5,1,-0.4999999999999997,-0.8660254037844388,0,0,0,0,0,0,0,0,0,0,0,0,0,0,0,0,0,0,1,0,0,0,0,0,0,0,0,0,0,0,0,0,0
11753,1982,6,36.5,25.3,457.0,85.0,0.7,6.6,3.838461538,41939,518762.7,561770.3,23.17,90.18,5,1,1.2246467991473532e-16,-1.0,0,0,0,0,0,0,0,0,0,0,0,0,0,0,0,0,0,0,1,0,0,0,0,0,0,0,0,0,0,0,0,0,0
11756,1982,9,35.0,25.2,495.0,83.0,0.7,4.8,4.357692308,41939,518762.7,561770.3,23.17,90.18,5,1,-1.0,-1.8369701987210297e-16,0,0,0,0,0,0,0,0,0,0,0,0,0,0,0,0,0,0,1,0,0,0,0,0,0,0,0,0,0,0,0,0,0
11764,1983,5,37.2,22.6,387.0,77.0,0.4,2.5,5.953846154,41939,518762.7,561770.3,23.17,90.18,5,1,0.49999999999999994,-0.8660254037844387,0,0,0,0,0,0,0,0,0,0,0,0,0,0,0,0,0,0,1,0,0,0,0,0,0,0,0,0,0,0,0,0,0
11767,1983,8,33.5,24.7,378.0,86.0,0.4,5.0,3.942307692,41939,518762.7,561770.3,23.17,90.18,5,1,-0.8660254037844385,-0.5000000000000004,0,0,0,0,0,0,0,0,0,0,0,0,0,0,0,0,0,0,1,0,0,0,0,0,0,0,0,0,0,0,0,0,0
11777,1984,6,35.6,26.0,581.0,84.0,0.8,5.9,3.838461538,41939,518762.7,561770.3,23.17,90.18,5,1,1.2246467991473532e-16,-1.0,0,0,0,0,0,0,0,0,0,0,0,0,0,0,0,0,0,0,1,0,0,0,0,0,0,0,0,0,0,0,0,0,0
11779,1984,8,35.0,25.6,623.0,85.0,0.8,5.8,3.942307692,41939,518762.7,561770.3,23.17,90.18,5,1,-0.8660254037844385,-0.5000000000000004,0,0,0,0,0,0,0,0,0,0,0,0,0,0,0,0,0,0,1,0,0,0,0,0,0,0,0,0,0,0,0,0,0
11789,1985,6,36.4,25.6,799.0,82.0,1.0,5.4,3.838461538,41939,518762.7,561770.3,23.17,90.18,5,1,1.2246467991473532e-16,-1.0,0,0,0,0,0,0,0,0,0,0,0,0,0,0,0,0,0,0,1,0,0,0,0,0,0,0,0,0,0,0,0,0,0
11790,1985,7,34.5,25.3,376.0,83.0,1.2,6.0,3.661538462,41939,518762.7,561770.3,23.17,90.18,5,1,-0.4999999999999997,-0.8660254037844388,0,0,0,0,0,0,0,0,0,0,0,0,0,0,0,0,0,0,1,0,0,0,0,0,0,0,0,0,0,0,0,0,0
11791,1985,8,35.0,26.0,498.0,82.0,0.9,5.5,3.942307692,41939,518762.7,561770.3,23.17,90.18,5,1,-0.8660254037844385,-0.5000000000000004,0,0,0,0,0,0,0,0,0,0,0,0,0,0,0,0,0,0,1,0,0,0,0,0,0,0,0,0,0,0,0,0,0
11802,1986,7,35.0,25.4,531.0,84.0,0.5,6.5,3.661538462,41939,518762.7,561770.3,23.17,90.18,5,1,-0.4999999999999997,-0.8660254037844388,0,0,0,0,0,0,0,0,0,0,0,0,0,0,0,0,0,0,1,0,0,0,0,0,0,0,0,0,0,0,0,0,0
11803,1986,8,35.5,26.3,442.0,81.0,0.3,5.9,3.942307692,41939,518762.7,561770.3,23.17,90.18,5,1,-0.8660254037844385,-0.5000000000000004,0,0,0,0,0,0,0,0,0,0,0,0,0,0,0,0,0,0,1,0,0,0,0,0,0,0,0,0,0,0,0,0,0
11804,1986,9,35.2,25.1,635.0,84.0,0.5,6.0,4.357692308,41939,518762.7,561770.3,23.17,90.18,5,1,-1.0,-1.8369701987210297e-16,0,0,0,0,0,0,0,0,0,0,0,0,0,0,0,0,0,0,1,0,0,0,0,0,0,0,0,0,0,0,0,0,0
11824,1988,5,36.2,24.4,412.0,78.0,1.6,4.8,5.1,41939,518762.7,561770.3,23.17,90.18,5,1,0.49999999999999994,-0.8660254037844387,0,0,0,0,0,0,0,0,0,0,0,0,0,0,0,0,0,0,1,0,0,0,0,0,0,0,0,0,0,0,0,0,0
11825,1988,6,36.4,25.8,550.0,83.0,1.3,5.5,3.8,41939,518762.7,561770.3,23.17,90.18,5,1,1.2246467991473532e-16,-1.0,0,0,0,0,0,0,0,0,0,0,0,0,0,0,0,0,0,0,1,0,0,0,0,0,0,0,0,0,0,0,0,0,0
11850,1990,7,34.0,25.9,425.0,85.0,1.3,6.7,3.2,41939,518762.7,561770.3,23.17,90.18,5,1,-0.4999999999999997,-0.8660254037844388,0,0,0,0,0,0,0,0,0,0,0,0,0,0,0,0,0,0,1,0,0,0,0,0,0,0,0,0,0,0,0,0,0
11852,1990,9,35.0,25.7,393.0,81.0,1.5,6.1,4.2,41939,518762.7,561770.3,23.17,90.18,5,1,-1.0,-1.8369701987210297e-16,0,0,0,0,0,0,0,0,0,0,0,0,0,0,0,0,0,0,1,0,0,0,0,0,0,0,0,0,0,0,0,0,0
11861,1991,6,34.8,25.3,541.0,85.0,1.8,6.8,2.4,41939,518762.7,561770.3,23.17,90.18,5,1,1.2246467991473532e-16,-1.0,0,0,0,0,0,0,0,0,0,0,0,0,0,0,0,0,0,0,1,0,0,0,0,0,0,0,0,0,0,0,0,0,0
11863,1991,8,35.0,25.9,458.0,84.0,2.2,6.5,3.7,41939,518762.7,561770.3,23.17,90.18,5,1,-0.8660254037844385,-0.5000000000000004,0,0,0,0,0,0,0,0,0,0,0,0,0,0,0,0,0,0,1,0,0,0,0,0,0,0,0,0,0,0,0,0,0
11865,1991,10,35.1,24.0,346.0,81.0,0.8,4.4,4.5,41939,518762.7,561770.3,23.17,90.18,5,1,-0.8660254037844386,0.5000000000000001,0,0,0,0,0,0,0,0,0,0,0,0,0,0,0,0,0,0,1,0,0,0,0,0,0,0,0,0,0,0,0,0,0
11885,1993,6,34.8,25.2,370.0,82.0,1.8,6.4,3.8,41939,518762.7,561770.3,23.17,90.18,5,1,1.2246467991473532e-16,-1.0,0,0,0,0,0,0,0,0,0,0,0,0,0,0,0,0,0,0,1,0,0,0,0,0,0,0,0,0,0,0,0,0,0
11886,1993,7,34.7,25.8,405.0,85.0,1.9,6.8,2.8,41939,518762.7,561770.3,23.17,90.18,5,1,-0.4999999999999997,-0.8660254037844388,0,0,0,0,0,0,0,0,0,0,0,0,0,0,0,0,0,0,1,0,0,0,0,0,0,0,0,0,0,0,0,0,0
11888,1993,9,35.0,25.5,349.0,83.0,1.3,6.3,4.4,41939,518762.7,561770.3,23.17,90.18,5,1,-1.0,-1.8369701987210297e-16,0,0,0,0,0,0,0,0,0,0,0,0,0,0,0,0,0,0,1,0,0,0,0,0,0,0,0,0,0,0,0,0,0
11897,1994,6,35.1,26.0,399.0,84.0,1.9,6.6,2.6,41939,518762.7,561770.3,23.17,90.18,5,1,1.2246467991473532e-16,-1.0,0,0,0,0,0,0,0,0,0,0,0,0,0,0,0,0,0,0,1,0,0,0,0,0,0,0,0,0,0,0,0,0,0
11909,1995,6,35.5,26.5,601.0,84.0,1.0,5.9,2.4,41939,518762.7,561770.3,23.17,90.18,5,1,1.2246467991473532e-16,-1.0,0,0,0,0,0,0,0,0,0,0,0,0,0,0,0,0,0,0,1,0,0,0,0,0,0,0,0,0,0,0,0,0,0
11911,1995,8,34.5,26.4,508.0,84.0,1.3,6.0,4.0,41939,518762.7,561770.3,23.17,90.18,5,1,-0.8660254037844385,-0.5000000000000004,0,0,0,0,0,0,0,0,0,0,0,0,0,0,0,0,0,0,1,0,0,0,0,0,0,0,0,0,0,0,0,0,0
11921,1996,6,35.6,25.5,604.0,86.0,0.9,5.4,4.1,41939,518762.7,561770.3,23.17,90.18,5,1,1.2246467991473532e-16,-1.0,0,0,0,0,0,0,0,0,0,0,0,0,0,0,0,0,0,0,1,0,0,0,0,0,0,0,0,0,0,0,0,0,0
11935,1997,8,36.3,26.4,371.0,87.0,1.1,5.7,4.0,41939,518762.7,561770.3,23.17,90.18,5,1,-0.8660254037844385,-0.5000000000000004,0,0,0,0,0,0,0,0,0,0,0,0,0,0,0,0,0,0,1,0,0,0,0,0,0,0,0,0,0,0,0,0,0
11936,1997,9,34.5,25.6,438.0,88.0,0.7,5.4,4.2,41939,518762.7,561770.3,23.17,90.18,5,1,-1.0,-1.8369701987210297e-16,0,0,0,0,0,0,0,0,0,0,0,0,0,0,0,0,0,0,1,0,0,0,0,0,0,0,0,0,0,0,0,0,0
11946,1998,7,34.4,26.5,607.0,89.0,1.0,6.6,2.2,41939,518762.7,561770.3,23.17,90.18,5,1,-0.4999999999999997,-0.8660254037844388,0,0,0,0,0,0,0,0,0,0,0,0,0,0,0,0,0,0,1,0,0,0,0,0,0,0,0,0,0,0,0,0,0
11958,1999,7,34.8,25.9,592.0,88.0,0.9,6.4,2.9,41939,518762.7,561770.3,23.17,90.18,5,1,-0.4999999999999997,-0.8660254037844388,0,0,0,0,0,0,0,0,0,0,0,0,0,0,0,0,0,0,1,0,0,0,0,0,0,0,0,0,0,0,0,0,0
11980,2001,5,35.6,24.0,552.0,85.0,0.7,4.4,6.2,41939,518762.7,561770.3,23.17,90.18,5,1,0.49999999999999994,-0.8660254037844387,0,0,0,0,0,0,0,0,0,0,0,0,0,0,0,0,0,0,1,0,0,0,0,0,0,0,0,0,0,0,0,0,0
11981,2001,6,34.6,25.7,625.0,90.0,1.0,6.0,3.0,41939,518762.7,561770.3,23.17,90.18,5,1,1.2246467991473532e-16,-1.0,0,0,0,0,0,0,0,0,0,0,0,0,0,0,0,0,0,0,1,0,0,0,0,0,0,0,0,0,0,0,0,0,0
11982,2001,7,33.3,26.3,422.0,90.0,1.0,6.3,3.9,41939,518762.7,561770.3,23.17,90.18,5,1,-0.4999999999999997,-0.8660254037844388,0,0,0,0,0,0,0,0,0,0,0,0,0,0,0,0,0,0,1,0,0,0,0,0,0,0,0,0,0,0,0,0,0
11993,2002,6,35.0,25.7,528.0,87.0,1.0,5.1,3.5,41939,518762.7,561770.3,23.17,90.18,5,1,1.2246467991473532e-16,-1.0,0,0,0,0,0,0,0,0,0,0,0,0,0,0,0,0,0,0,1,0,0,0,0,0,0,0,0,0,0,0,0,0,0
11994,2002,7,36.0,26.0,553.0,89.0,0.8,6.3,3.1,41939,518762.7,561770.3,23.17,90.18,5,1,-0.4999999999999997,-0.8660254037844388,0,0,0,0,0,0,0,0,0,0,0,0,0,0,0,0,0,0,1,0,0,0,0,0,0,0,0,0,0,0,0,0,0
12005,2003,6,37.0,26.0,434.0,86.0,0.9,5.8,3.1,41939,518762.7,561770.3,23.17,90.18,5,1,1.2246467991473532e-16,-1.0,0,0,0,0,0,0,0,0,0,0,0,0,0,0,0,0,0,0,1,0,0,0,0,0,0,0,0,0,0,0,0,0,0
12017,2004,6,36.0,25.7,467.0,86.0,0.5,5.3,3.2,41939,518762.7,561770.3,23.17,90.18,5,1,1.2246467991473532e-16,-1.0,0,0,0,0,0,0,0,0,0,0,0,0,0,0,0,0,0,0,1,0,0,0,0,0,0,0,0,0,0,0,0,0,0
12020,2004,9,35.0,26.2,873.0,88.0,0.8,5.8,3.6,41939,518762.7,561770.3,23.17,90.18,5,1,-1.0,-1.8369701987210297e-16,0,0,0,0,0,0,0,0,0,0,0,0,0,0,0,0,0,0,1,0,0,0,0,0,0,0,0,0,0,0,0,0,0
12030,2005,7,34.0,26.2,556.0,88.0,0.2,6.0,4.3,41939,518762.7,561770.3,23.17,90.18,5,1,-0.4999999999999997,-0.8660254037844388,0,0,0,0,0,0,0,0,0,0,0,0,0,0,0,0,0,0,1,0,0,0,0,0,0,0,0,0,0,0,0,0,0
12031,2005,8,35.0,26.8,433.0,88.0,0.1,5.8,3.6,41939,518762.7,561770.3,23.17,90.18,5,1,-0.8660254037844385,-0.5000000000000004,0,0,0,0,0,0,0,0,0,0,0,0,0,0,0,0,0,0,1,0,0,0,0,0,0,0,0,0,0,0,0,0,0
12044,2006,9,35.3,26.1,453.0,87.0,0.5,5.1,5.5,41939,518762.7,561770.3,23.17,90.18,5,1,-1.0,-1.8369701987210297e-16,0,0,0,0,0,0,0,0,0,0,0,0,0,0,0,0,0,0,1,0,0,0,0,0,0,0,0,0,0,0,0,0,0
12054,2007,7,34.7,26.3,501.0,89.0,0.5,6.2,2.8,41939,518762.7,561770.3,23.17,90.18,5,1,-0.4999999999999997,-0.8660254037844388,0,0,0,0,0,0,0,0,0,0,0,0,0,0,0,0,0,0,1,0,0,0,0,0,0,0,0,0,0,0,0,0,0
12056,2007,9,34.6,26.0,291.0,86.0,0.4,5.8,3.9,41939,518762.7,561770.3,23.17,90.18,5,1,-1.0,-1.8369701987210297e-16,0,0,0,0,0,0,0,0,0,0,0,0,0,0,0,0,0,0,1,0,0,0,0,0,0,0,0,0,0,0,0,0,0
12066,2008,7,33.5,26.2,532.0,90.0,0.8,6.6,3.0,41939,518762.7,561770.3,23.17,90.18,5,1,-0.4999999999999997,-0.8660254037844388,0,0,0,0,0,0,0,0,0,0,0,0,0,0,0,0,0,0,1,0,0,0,0,0,0,0,0,0,0,0,0,0,0
12079,2009,8,35.3,26.2,424.0,88.0,0.7,6.5,4.6,41939,518762.7,561770.3,23.17,90.18,5,1,-0.8660254037844385,-0.5000000000000004,0,0,0,0,0,0,0,0,0,0,0,0,0,0,0,0,0,0,1,0,0,0,0,0,0,0,0,0,0,0,0,0,0
12101,2011,6,36.2,26.0,408.0,87.0,1.3,5.6,4.0,41939,518762.7,561770.3,23.17,90.18,5,1,1.2246467991473532e-16,-1.0,0,0,0,0,0,0,0,0,0,0,0,0,0,0,0,0,0,0,1,0,0,0,0,0,0,0,0,0,0,0,0,0,0
12103,2011,8,35.3,26.1,380.0,87.0,1.2,6.2,3.5,41939,518762.7,561770.3,23.17,90.18,5,1,-0.8660254037844385,-0.5000000000000004,0,0,0,0,0,0,0,0,0,0,0,0,0,0,0,0,0,0,1,0,0,0,0,0,0,0,0,0,0,0,0,0,0
12124,2013,5,37.3,24.1,751.0,86.0,0.9,6.0,3.6,41939,518762.7,561770.3,23.17,90.18,5,1,0.49999999999999994,-0.8660254037844387,0,0,0,0,0,0,0,0,0,0,0,0,0,0,0,0,0,0,1,0,0,0,0,0,0,0,0,0,0,0,0,0,0
12128,2013,9,35.5,25.9,365.0,87.0,0.1,4.9,4.4,41939,518762.7,561770.3,23.17,90.18,5,1,-1.0,-1.8369701987210297e-16,0,0,0,0,0,0,0,0,0,0,0,0,0,0,0,0,0,0,1,0,0,0,0,0,0,0,0,0,0,0,0,0,0
12137,1951,6,32.0,25.4,586.0,86.14516129,1.998148148,5.8,3.872413793,41953,610851.8,524433.6,22.83,91.08,6,1,1.2246467991473532e-16,-1.0,0,0,0,0,0,0,0,0,0,0,0,0,0,0,0,0,0,0,0,1,0,0,0,0,0,0,0,0,0,0,0,0,0
12138,1951,7,30.6,25.4,712.0,87.64516129,2.0,6.3,3.575862069,41953,610851.8,524433.6,22.83,91.08,6,1,-0.4999999999999997,-0.8660254037844388,0,0,0,0,0,0,0,0,0,0,0,0,0,0,0,0,0,0,0,1,0,0,0,0,0,0,0,0,0,0,0,0,0
12149,1952,6,34.8,25.7,798.0,86.0,1.998148148,6.2,3.872413793,41953,610851.8,524433.6,22.83,91.08,6,1,1.2246467991473532e-16,-1.0,0,0,0,0,0,0,0,0,0,0,0,0,0,0,0,0,0,0,0,1,0,0,0,0,0,0,0,0,0,0,0,0,0
12150,1952,7,32.3,25.5,740.0,88.0,2.0,6.6,3.575862069,41953,610851.8,524433.6,22.83,91.08,6,1,-0.4999999999999997,-0.8660254037844388,0,0,0,0,0,0,0,0,0,0,0,0,0,0,0,0,0,0,0,1,0,0,0,0,0,0,0,0,0,0,0,0,0
12151,1952,8,32.2,25.7,448.0,87.0,1.77962963,6.3,4.64137931,41953,610851.8,524433.6,22.83,91.08,6,1,-0.8660254037844385,-0.5000000000000004,0,0,0,0,0,0,0,0,0,0,0,0,0,0,0,0,0,0,0,1,0,0,0,0,0,0,0,0,0,0,0,0,0
12153,1952,10,32.9,24.2,399.0,87.0,0.814814815,3.6,6.631034483,41953,610851.8,524433.6,22.83,91.08,6,1,-0.8660254037844386,0.5000000000000001,0,0,0,0,0,0,0,0,0,0,0,0,0,0,0,0,0,0,0,1,0,0,0,0,0,0,0,0,0,0,0,0,0
12160,1953,5,33.3,24.6,480.0,82.0,1.703703704,5.0,6.513793103,41953,610851.8,524433.6,22.83,91.08,6,1,0.49999999999999994,-0.8660254037844387,0,0,0,0,0,0,0,0,0,0,0,0,0,0,0,0,0,0,0,1,0,0,0,0,0,0,0,0,0,0,0,0,0
12161,1953,6,33.3,25.0,692.0,84.0,1.998148148,6.3,3.872413793,41953,610851.8,524433.6,22.83,91.08,6,1,1.2246467991473532e-16,-1.0,0,0,0,0,0,0,0,0,0,0,0,0,0,0,0,0,0,0,0,1,0,0,0,0,0,0,0,0,0,0,0,0,0
12162,1953,7,34.0,25.1,845.0,89.0,2.0,6.7,3.575862069,41953,610851.8,524433.6,22.83,91.08,6,1,-0.4999999999999997,-0.8660254037844388,0,0,0,0,0,0,0,0,0,0,0,0,0,0,0,0,0,0,0,1,0,0,0,0,0,0,0,0,0,0,0,0,0
12164,1953,9,33.3,25.1,609.0,87.0,1.266666667,6.5,4.951724138,41953,610851.8,524433.6,22.83,91.08,6,1,-1.0,-1.8369701987210297e-16,0,0,0,0,0,0,0,0,0,0,0,0,0,0,0,0,0,0,0,1,0,0,0,0,0,0,0,0,0,0,0,0,0
12173,1954,6,31.5,25.2,1120.0,88.0,1.998148148,6.4,3.872413793,41953,610851.8,524433.6,22.83,91.08,6,1,1.2246467991473532e-16,-1.0,0,0,0,0,0,0,0,0,0,0,0,0,0,0,0,0,0,0,0,1,0,0,0,0,0,0,0,0,0,0,0,0,0
12175,1954,8,33.3,25.8,530.0,88.0,1.77962963,6.7,4.64137931,41953,610851.8,524433.6,22.83,91.08,6,1,-0.8660254037844385,-0.5000000000000004,0,0,0,0,0,0,0,0,0,0,0,0,0,0,0,0,0,0,0,1,0,0,0,0,0,0,0,0,0,0,0,0,0
12176,1954,9,34.2,25.7,412.0,85.0,1.266666667,4.8,4.951724138,41953,610851.8,524433.6,22.83,91.08,6,1,-1.0,-1.8369701987210297e-16,0,0,0,0,0,0,0,0,0,0,0,0,0,0,0,0,0,0,0,1,0,0,0,0,0,0,0,0,0,0,0,0,0
12185,1955,6,32.8,25.8,643.0,87.0,1.998148148,5.8,3.872413793,41953,610851.8,524433.6,22.83,91.08,6,1,1.2246467991473532e-16,-1.0,0,0,0,0,0,0,0,0,0,0,0,0,0,0,0,0,0,0,0,1,0,0,0,0,0,0,0,0,0,0,0,0,0
12186,1955,7,31.1,25.1,632.0,91.0,2.0,7.1,3.575862069,41953,610851.8,524433.6,22.83,91.08,6,1,-0.4999999999999997,-0.8660254037844388,0,0,0,0,0,0,0,0,0,0,0,0,0,0,0,0,0,0,0,1,0,0,0,0,0,0,0,0,0,0,0,0,0
12187,1955,8,32.2,25.0,726.0,89.0,1.77962963,6.5,4.64137931,41953,610851.8,524433.6,22.83,91.08,6,1,-0.8660254037844385,-0.5000000000000004,0,0,0,0,0,0,0,0,0,0,0,0,0,0,0,0,0,0,0,1,0,0,0,0,0,0,0,0,0,0,0,0,0
12196,1956,5,34.1,25.3,443.0,86.0,1.703703704,4.6,6.513793103,41953,610851.8,524433.6,22.83,91.08,6,1,0.49999999999999994,-0.8660254037844387,0,0,0,0,0,0,0,0,0,0,0,0,0,0,0,0,0,0,0,1,0,0,0,0,0,0,0,0,0,0,0,0,0
12197,1956,6,31.9,24.8,836.0,89.0,1.998148148,6.1,3.872413793,41953,610851.8,524433.6,22.83,91.08,6,1,1.2246467991473532e-16,-1.0,0,0,0,0,0,0,0,0,0,0,0,0,0,0,0,0,0,0,0,1,0,0,0,0,0,0,0,0,0,0,0,0,0
12198,1956,7,32.7,25.1,580.0,87.0,2.0,5.9,3.575862069,41953,610851.8,524433.6,22.83,91.08,6,1,-0.4999999999999997,-0.8660254037844388,0,0,0,0,0,0,0,0,0,0,0,0,0,0,0,0,0,0,0,1,0,0,0,0,0,0,0,0,0,0,0,0,0
12199,1956,8,32.2,25.5,845.0,88.0,1.77962963,6.4,4.64137931,41953,610851.8,524433.6,22.83,91.08,6,1,-0.8660254037844385,-0.5000000000000004,0,0,0,0,0,0,0,0,0,0,0,0,0,0,0,0,0,0,0,1,0,0,0,0,0,0,0,0,0,0,0,0,0
12209,1957,6,34.4,24.9,695.0,84.0,1.998148148,5.3,3.872413793,41953,610851.8,524433.6,22.83,91.08,6,1,1.2246467991473532e-16,-1.0,0,0,0,0,0,0,0,0,0,0,0,0,0,0,0,0,0,0,0,1,0,0,0,0,0,0,0,0,0,0,0,0,0
12210,1957,7,32.2,25.7,578.0,85.0,2.0,6.0,3.575862069,41953,610851.8,524433.6,22.83,91.08,6,1,-0.4999999999999997,-0.8660254037844388,0,0,0,0,0,0,0,0,0,0,0,0,0,0,0,0,0,0,0,1,0,0,0,0,0,0,0,0,0,0,0,0,0
12211,1957,8,35.2,25.5,492.0,86.0,1.77962963,6.2,4.64137931,41953,610851.8,524433.6,22.83,91.08,6,1,-0.8660254037844385,-0.5000000000000004,0,0,0,0,0,0,0,0,0,0,0,0,0,0,0,0,0,0,0,1,0,0,0,0,0,0,0,0,0,0,0,0,0
12221,1958,6,34.4,26.1,668.0,83.0,1.998148148,6.1,3.872413793,41953,610851.8,524433.6,22.83,91.08,6,1,1.2246467991473532e-16,-1.0,0,0,0,0,0,0,0,0,0,0,0,0,0,0,0,0,0,0,0,1,0,0,0,0,0,0,0,0,0,0,0,0,0
12222,1958,7,32.2,25.2,596.0,86.0,2.0,6.2,3.575862069,41953,610851.8,524433.6,22.83,91.08,6,1,-0.4999999999999997,-0.8660254037844388,0,0,0,0,0,0,0,0,0,0,0,0,0,0,0,0,0,0,0,1,0,0,0,0,0,0,0,0,0,0,0,0,0
12223,1958,8,33.1,25.5,590.0,86.0,1.77962963,6.2,4.64137931,41953,610851.8,524433.6,22.83,91.08,6,1,-0.8660254037844385,-0.5000000000000004,0,0,0,0,0,0,0,0,0,0,0,0,0,0,0,0,0,0,0,1,0,0,0,0,0,0,0,0,0,0,0,0,0
12232,1959,5,34.9,25.1,467.0,82.0,1.703703704,4.4,6.513793103,41953,610851.8,524433.6,22.83,91.08,6,1,0.49999999999999994,-0.8660254037844387,0,0,0,0,0,0,0,0,0,0,0,0,0,0,0,0,0,0,0,1,0,0,0,0,0,0,0,0,0,0,0,0,0
12233,1959,6,33.7,25.7,613.0,88.0,1.998148148,6.2,3.872413793,41953,610851.8,524433.6,22.83,91.08,6,1,1.2246467991473532e-16,-1.0,0,0,0,0,0,0,0,0,0,0,0,0,0,0,0,0,0,0,0,1,0,0,0,0,0,0,0,0,0,0,0,0,0
12234,1959,7,33.2,25.5,775.0,85.0,2.0,6.6,3.575862069,41953,610851.8,524433.6,22.83,91.08,6,1,-0.4999999999999997,-0.8660254037844388,0,0,0,0,0,0,0,0,0,0,0,0,0,0,0,0,0,0,0,1,0,0,0,0,0,0,0,0,0,0,0,0,0
12235,1959,8,32.4,25.3,502.0,87.0,1.77962963,5.7,4.64137931,41953,610851.8,524433.6,22.83,91.08,6,1,-0.8660254037844385,-0.5000000000000004,0,0,0,0,0,0,0,0,0,0,0,0,0,0,0,0,0,0,0,1,0,0,0,0,0,0,0,0,0,0,0,0,0
12236,1959,9,32.7,25.1,424.0,89.0,1.266666667,6.1,4.951724138,41953,610851.8,524433.6,22.83,91.08,6,1,-1.0,-1.8369701987210297e-16,0,0,0,0,0,0,0,0,0,0,0,0,0,0,0,0,0,0,0,1,0,0,0,0,0,0,0,0,0,0,0,0,0
12244,1960,5,35.6,25.6,511.0,80.0,2.7,4.1,6.513793103,41953,610851.8,524433.6,22.83,91.08,6,1,0.49999999999999994,-0.8660254037844387,0,0,0,0,0,0,0,0,0,0,0,0,0,0,0,0,0,0,0,1,0,0,0,0,0,0,0,0,0,0,0,0,0
12245,1960,6,33.7,25.6,517.0,85.0,1.7,5.0,3.872413793,41953,610851.8,524433.6,22.83,91.08,6,1,1.2246467991473532e-16,-1.0,0,0,0,0,0,0,0,0,0,0,0,0,0,0,0,0,0,0,0,1,0,0,0,0,0,0,0,0,0,0,0,0,0
12246,1960,7,33.3,24.9,845.0,91.0,4.0,6.9,3.575862069,41953,610851.8,524433.6,22.83,91.08,6,1,-0.4999999999999997,-0.8660254037844388,0,0,0,0,0,0,0,0,0,0,0,0,0,0,0,0,0,0,0,1,0,0,0,0,0,0,0,0,0,0,0,0,0
12247,1960,8,37.7,25.8,508.0,90.0,4.0,6.0,4.64137931,41953,610851.8,524433.6,22.83,91.08,6,1,-0.8660254037844385,-0.5000000000000004,0,0,0,0,0,0,0,0,0,0,0,0,0,0,0,0,0,0,0,1,0,0,0,0,0,0,0,0,0,0,0,0,0
12248,1960,9,33.6,25.5,541.0,89.0,1.2,6.0,4.951724138,41953,610851.8,524433.6,22.83,91.08,6,1,-1.0,-1.8369701987210297e-16,0,0,0,0,0,0,0,0,0,0,0,0,0,0,0,0,0,0,0,1,0,0,0,0,0,0,0,0,0,0,0,0,0
12257,1961,6,34.3,25.1,654.0,87.0,3.0,6.5,3.872413793,41953,610851.8,524433.6,22.83,91.08,6,1,1.2246467991473532e-16,-1.0,0,0,0,0,0,0,0,0,0,0,0,0,0,0,0,0,0,0,0,1,0,0,0,0,0,0,0,0,0,0,0,0,0
12258,1961,7,32.6,25.2,596.0,89.0,2.5,6.7,3.575862069,41953,610851.8,524433.6,22.83,91.08,6,1,-0.4999999999999997,-0.8660254037844388,0,0,0,0,0,0,0,0,0,0,0,0,0,0,0,0,0,0,0,1,0,0,0,0,0,0,0,0,0,0,0,0,0
12259,1961,8,33.8,25.3,648.0,89.0,2.5,6.7,4.64137931,41953,610851.8,524433.6,22.83,91.08,6,1,-0.8660254037844385,-0.5000000000000004,0,0,0,0,0,0,0,0,0,0,0,0,0,0,0,0,0,0,0,1,0,0,0,0,0,0,0,0,0,0,0,0,0
12260,1961,9,35.1,24.8,529.0,88.0,2.1,6.3,4.951724138,41953,610851.8,524433.6,22.83,91.08,6,1,-1.0,-1.8369701987210297e-16,0,0,0,0,0,0,0,0,0,0,0,0,0,0,0,0,0,0,0,1,0,0,0,0,0,0,0,0,0,0,0,0,0
12269,1962,6,34.2,25.4,428.0,87.0,2.6,6.9,3.872413793,41953,610851.8,524433.6,22.83,91.08,6,1,1.2246467991473532e-16,-1.0,0,0,0,0,0,0,0,0,0,0,0,0,0,0,0,0,0,0,0,1,0,0,0,0,0,0,0,0,0,0,0,0,0
12270,1962,7,34.4,25.7,848.0,86.0,2.6,6.4,3.575862069,41953,610851.8,524433.6,22.83,91.08,6,1,-0.4999999999999997,-0.8660254037844388,0,0,0,0,0,0,0,0,0,0,0,0,0,0,0,0,0,0,0,1,0,0,0,0,0,0,0,0,0,0,0,0,0
12271,1962,8,32.7,25.1,687.0,87.0,2.3,6.8,4.64137931,41953,610851.8,524433.6,22.83,91.08,6,1,-0.8660254037844385,-0.5000000000000004,0,0,0,0,0,0,0,0,0,0,0,0,0,0,0,0,0,0,0,1,0,0,0,0,0,0,0,0,0,0,0,0,0
12273,1962,10,32.2,23.7,420.0,84.0,1.3,3.5,6.631034483,41953,610851.8,524433.6,22.83,91.08,6,1,-0.8660254037844386,0.5000000000000001,0,0,0,0,0,0,0,0,0,0,0,0,0,0,0,0,0,0,0,1,0,0,0,0,0,0,0,0,0,0,0,0,0
12281,1963,6,34.4,25.8,520.0,89.0,1.7,6.6,3.872413793,41953,610851.8,524433.6,22.83,91.08,6,1,1.2246467991473532e-16,-1.0,0,0,0,0,0,0,0,0,0,0,0,0,0,0,0,0,0,0,0,1,0,0,0,0,0,0,0,0,0,0,0,0,0
12282,1963,7,31.5,25.5,583.0,89.0,2.0,6.6,3.575862069,41953,610851.8,524433.6,22.83,91.08,6,1,-0.4999999999999997,-0.8660254037844388,0,0,0,0,0,0,0,0,0,0,0,0,0,0,0,0,0,0,0,1,0,0,0,0,0,0,0,0,0,0,0,0,0
12283,1963,8,32.1,25.6,639.0,88.0,2.2,6.4,4.64137931,41953,610851.8,524433.6,22.83,91.08,6,1,-0.8660254037844385,-0.5000000000000004,0,0,0,0,0,0,0,0,0,0,0,0,0,0,0,0,0,0,0,1,0,0,0,0,0,0,0,0,0,0,0,0,0
12285,1963,10,33.2,24.2,454.0,85.0,1.3,3.7,6.631034483,41953,610851.8,524433.6,22.83,91.08,6,1,-0.8660254037844386,0.5000000000000001,0,0,0,0,0,0,0,0,0,0,0,0,0,0,0,0,0,0,0,1,0,0,0,0,0,0,0,0,0,0,0,0,0
12293,1964,6,33.3,25.3,485.0,88.0,2.1,6.2,3.872413793,41953,610851.8,524433.6,22.83,91.08,6,1,1.2246467991473532e-16,-1.0,0,0,0,0,0,0,0,0,0,0,0,0,0,0,0,0,0,0,0,1,0,0,0,0,0,0,0,0,0,0,0,0,0
12294,1964,7,31.9,24.9,882.0,89.0,1.5,6.6,3.575862069,41953,610851.8,524433.6,22.83,91.08,6,1,-0.4999999999999997,-0.8660254037844388,0,0,0,0,0,0,0,0,0,0,0,0,0,0,0,0,0,0,0,1,0,0,0,0,0,0,0,0,0,0,0,0,0
12295,1964,8,33.3,25.1,633.0,85.0,1.5,5.7,4.64137931,41953,610851.8,524433.6,22.83,91.08,6,1,-0.8660254037844385,-0.5000000000000004,0,0,0,0,0,0,0,0,0,0,0,0,0,0,0,0,0,0,0,1,0,0,0,0,0,0,0,0,0,0,0,0,0
12297,1964,10,32.7,24.7,414.0,88.0,0.7,4.4,6.631034483,41953,610851.8,524433.6,22.83,91.08,6,1,-0.8660254037844386,0.5000000000000001,0,0,0,0,0,0,0,0,0,0,0,0,0,0,0,0,0,0,0,1,0,0,0,0,0,0,0,0,0,0,0,0,0
12305,1965,6,34.9,25.1,408.0,88.0,1.9,6.4,3.872413793,41953,610851.8,524433.6,22.83,91.08,6,1,1.2246467991473532e-16,-1.0,0,0,0,0,0,0,0,0,0,0,0,0,0,0,0,0,0,0,0,1,0,0,0,0,0,0,0,0,0,0,0,0,0
12306,1965,7,32.2,25.0,742.0,87.0,1.7,6.0,3.575862069,41953,610851.8,524433.6,22.83,91.08,6,1,-0.4999999999999997,-0.8660254037844388,0,0,0,0,0,0,0,0,0,0,0,0,0,0,0,0,0,0,0,1,0,0,0,0,0,0,0,0,0,0,0,0,0
12307,1965,8,33.2,25.0,801.0,88.0,1.2,6.1,4.64137931,41953,610851.8,524433.6,22.83,91.08,6,1,-0.8660254037844385,-0.5000000000000004,0,0,0,0,0,0,0,0,0,0,0,0,0,0,0,0,0,0,0,1,0,0,0,0,0,0,0,0,0,0,0,0,0
12317,1966,6,33.5,25.5,580.0,86.0,2.4,7.1,3.872413793,41953,610851.8,524433.6,22.83,91.08,6,1,1.2246467991473532e-16,-1.0,0,0,0,0,0,0,0,0,0,0,0,0,0,0,0,0,0,0,0,1,0,0,0,0,0,0,0,0,0,0,0,0,0
12318,1966,7,33.1,25.4,516.0,87.0,1.1,6.5,3.575862069,41953,610851.8,524433.6,22.83,91.08,6,1,-0.4999999999999997,-0.8660254037844388,0,0,0,0,0,0,0,0,0,0,0,0,0,0,0,0,0,0,0,1,0,0,0,0,0,0,0,0,0,0,0,0,0
12319,1966,8,30.7,25.4,607.0,87.0,1.7,6.1,4.64137931,41953,610851.8,524433.6,22.83,91.08,6,1,-0.8660254037844385,-0.5000000000000004,0,0,0,0,0,0,0,0,0,0,0,0,0,0,0,0,0,0,0,1,0,0,0,0,0,0,0,0,0,0,0,0,0
12320,1966,9,33.2,25.0,764.0,85.0,1.1,5.3,4.951724138,41953,610851.8,524433.6,22.83,91.08,6,1,-1.0,-1.8369701987210297e-16,0,0,0,0,0,0,0,0,0,0,0,0,0,0,0,0,0,0,0,1,0,0,0,0,0,0,0,0,0,0,0,0,0
12330,1967,7,33.4,25.5,545.0,87.0,3.3,5.9,3.575862069,41953,610851.8,524433.6,22.83,91.08,6,1,-0.4999999999999997,-0.8660254037844388,0,0,0,0,0,0,0,0,0,0,0,0,0,0,0,0,0,0,0,1,0,0,0,0,0,0,0,0,0,0,0,0,0
12331,1967,8,33.3,25.0,487.0,86.0,3.0,6.5,4.64137931,41953,610851.8,524433.6,22.83,91.08,6,1,-0.8660254037844385,-0.5000000000000004,0,0,0,0,0,0,0,0,0,0,0,0,0,0,0,0,0,0,0,1,0,0,0,0,0,0,0,0,0,0,0,0,0
12332,1967,9,32.4,24.6,669.0,87.0,2.4,6.1,4.951724138,41953,610851.8,524433.6,22.83,91.08,6,1,-1.0,-1.8369701987210297e-16,0,0,0,0,0,0,0,0,0,0,0,0,0,0,0,0,0,0,0,1,0,0,0,0,0,0,0,0,0,0,0,0,0
12341,1968,6,31.6,24.1,1145.0,89.0,1.7,7.2,3.872413793,41953,610851.8,524433.6,22.83,91.08,6,1,1.2246467991473532e-16,-1.0,0,0,0,0,0,0,0,0,0,0,0,0,0,0,0,0,0,0,0,1,0,0,0,0,0,0,0,0,0,0,0,0,0
12342,1968,7,32.5,25.4,584.0,88.0,1.6,6.8,3.575862069,41953,610851.8,524433.6,22.83,91.08,6,1,-0.4999999999999997,-0.8660254037844388,0,0,0,0,0,0,0,0,0,0,0,0,0,0,0,0,0,0,0,1,0,0,0,0,0,0,0,0,0,0,0,0,0
12343,1968,8,32.2,25.3,737.0,87.0,1.0,6.6,4.64137931,41953,610851.8,524433.6,22.83,91.08,6,1,-0.8660254037844385,-0.5000000000000004,0,0,0,0,0,0,0,0,0,0,0,0,0,0,0,0,0,0,0,1,0,0,0,0,0,0,0,0,0,0,0,0,0
12353,1969,6,32.2,25.4,800.0,87.0,1.5,6.6,3.872413793,41953,610851.8,524433.6,22.83,91.08,6,1,1.2246467991473532e-16,-1.0,0,0,0,0,0,0,0,0,0,0,0,0,0,0,0,0,0,0,0,1,0,0,0,0,0,0,0,0,0,0,0,0,0
12354,1969,7,31.7,25.4,542.0,88.0,1.4,5.9,3.575862069,41953,610851.8,524433.6,22.83,91.08,6,1,-0.4999999999999997,-0.8660254037844388,0,0,0,0,0,0,0,0,0,0,0,0,0,0,0,0,0,0,0,1,0,0,0,0,0,0,0,0,0,0,0,0,0
12355,1969,8,32.2,24.8,974.0,89.0,1.3,6.8,4.64137931,41953,610851.8,524433.6,22.83,91.08,6,1,-0.8660254037844385,-0.5000000000000004,0,0,0,0,0,0,0,0,0,0,0,0,0,0,0,0,0,0,0,1,0,0,0,0,0,0,0,0,0,0,0,0,0
12365,1970,6,32.6,24.7,574.0,87.0,1.3,5.9,3.872413793,41953,610851.8,524433.6,22.83,91.08,6,1,1.2246467991473532e-16,-1.0,0,0,0,0,0,0,0,0,0,0,0,0,0,0,0,0,0,0,0,1,0,0,0,0,0,0,0,0,0,0,0,0,0
12366,1970,7,34.9,24.7,692.0,88.0,1.1,6.9,3.575862069,41953,610851.8,524433.6,22.83,91.08,6,1,-0.4999999999999997,-0.8660254037844388,0,0,0,0,0,0,0,0,0,0,0,0,0,0,0,0,0,0,0,1,0,0,0,0,0,0,0,0,0,0,0,0,0
12367,1970,8,33.8,25.0,696.0,87.0,1.0,6.1,4.64137931,41953,610851.8,524433.6,22.83,91.08,6,1,-0.8660254037844385,-0.5000000000000004,0,0,0,0,0,0,0,0,0,0,0,0,0,0,0,0,0,0,0,1,0,0,0,0,0,0,0,0,0,0,0,0,0
12368,1970,9,32.4,25.3,554.0,88.0,1.1,6.1,4.951724138,41953,610851.8,524433.6,22.83,91.08,6,1,-1.0,-1.8369701987210297e-16,0,0,0,0,0,0,0,0,0,0,0,0,0,0,0,0,0,0,0,1,0,0,0,0,0,0,0,0,0,0,0,0,0
12369,1970,10,33.3,24.1,569.0,86.0,0.8,3.7,6.631034483,41953,610851.8,524433.6,22.83,91.08,6,1,-0.8660254037844386,0.5000000000000001,0,0,0,0,0,0,0,0,0,0,0,0,0,0,0,0,0,0,0,1,0,0,0,0,0,0,0,0,0,0,0,0,0
12377,1971,6,32.1,25.0,644.0,86.0,1.3,6.8,3.872413793,41953,610851.8,524433.6,22.83,91.08,6,1,1.2246467991473532e-16,-1.0,0,0,0,0,0,0,0,0,0,0,0,0,0,0,0,0,0,0,0,1,0,0,0,0,0,0,0,0,0,0,0,0,0
12378,1971,7,32.2,24.7,888.0,87.0,1.1,7.1,3.575862069,41953,610851.8,524433.6,22.83,91.08,6,1,-0.4999999999999997,-0.8660254037844388,0,0,0,0,0,0,0,0,0,0,0,0,0,0,0,0,0,0,0,1,0,0,0,0,0,0,0,0,0,0,0,0,0
12379,1971,8,32.2,24.3,870.0,87.0,1.5,6.9,4.64137931,41953,610851.8,524433.6,22.83,91.08,6,1,-0.8660254037844385,-0.5000000000000004,0,0,0,0,0,0,0,0,0,0,0,0,0,0,0,0,0,0,0,1,0,0,0,0,0,0,0,0,0,0,0,0,0
12380,1971,9,33.8,25.5,425.0,85.0,1.0,5.3,4.951724138,41953,610851.8,524433.6,22.83,91.08,6,1,-1.0,-1.8369701987210297e-16,0,0,0,0,0,0,0,0,0,0,0,0,0,0,0,0,0,0,0,1,0,0,0,0,0,0,0,0,0,0,0,0,0
12389,1972,6,35.5,24.0,490.0,82.0,1.7,5.3,3.872413793,41953,610851.8,524433.6,22.83,91.08,6,1,1.2246467991473532e-16,-1.0,0,0,0,0,0,0,0,0,0,0,0,0,0,0,0,0,0,0,0,1,0,0,0,0,0,0,0,0,0,0,0,0,0
12390,1972,7,34.4,24.1,538.0,86.0,1.7,5.8,3.575862069,41953,610851.8,524433.6,22.83,91.08,6,1,-0.4999999999999997,-0.8660254037844388,0,0,0,0,0,0,0,0,0,0,0,0,0,0,0,0,0,0,0,1,0,0,0,0,0,0,0,0,0,0,0,0,0
12391,1972,8,32.2,23.5,722.0,87.0,1.1,6.7,4.64137931,41953,610851.8,524433.6,22.83,91.08,6,1,-0.8660254037844385,-0.5000000000000004,0,0,0,0,0,0,0,0,0,0,0,0,0,0,0,0,0,0,0,1,0,0,0,0,0,0,0,0,0,0,0,0,0
12400,1973,5,33.8,23.6,495.0,85.0,1.4,4.4,6.513793103,41953,610851.8,524433.6,22.83,91.08,6,1,0.49999999999999994,-0.8660254037844387,0,0,0,0,0,0,0,0,0,0,0,0,0,0,0,0,0,0,0,1,0,0,0,0,0,0,0,0,0,0,0,0,0
12401,1973,6,32.7,26.3,428.0,89.0,1.7,4.5,3.872413793,41953,610851.8,524433.6,22.83,91.08,6,1,1.2246467991473532e-16,-1.0,0,0,0,0,0,0,0,0,0,0,0,0,0,0,0,0,0,0,0,1,0,0,0,0,0,0,0,0,0,0,0,0,0
12402,1973,7,33.3,25.0,610.0,88.0,1.9,5.1,3.575862069,41953,610851.8,524433.6,22.83,91.08,6,1,-0.4999999999999997,-0.8660254037844388,0,0,0,0,0,0,0,0,0,0,0,0,0,0,0,0,0,0,0,1,0,0,0,0,0,0,0,0,0,0,0,0,0
12403,1973,8,31.6,24.6,608.0,89.0,1.6,5.5,4.64137931,41953,610851.8,524433.6,22.83,91.08,6,1,-0.8660254037844385,-0.5000000000000004,0,0,0,0,0,0,0,0,0,0,0,0,0,0,0,0,0,0,0,1,0,0,0,0,0,0,0,0,0,0,0,0,0
12413,1974,6,33.0,24.5,833.0,87.0,1.6,5.4,3.872413793,41953,610851.8,524433.6,22.83,91.08,6,1,1.2246467991473532e-16,-1.0,0,0,0,0,0,0,0,0,0,0,0,0,0,0,0,0,0,0,0,1,0,0,0,0,0,0,0,0,0,0,0,0,0
12414,1974,7,31.7,24.4,799.0,91.0,1.6,6.8,3.575862069,41953,610851.8,524433.6,22.83,91.08,6,1,-0.4999999999999997,-0.8660254037844388,0,0,0,0,0,0,0,0,0,0,0,0,0,0,0,0,0,0,0,1,0,0,0,0,0,0,0,0,0,0,0,0,0
12415,1974,8,32.8,25.3,404.0,87.0,2.1,5.7,4.64137931,41953,610851.8,524433.6,22.83,91.08,6,1,-0.8660254037844385,-0.5000000000000004,0,0,0,0,0,0,0,0,0,0,0,0,0,0,0,0,0,0,0,1,0,0,0,0,0,0,0,0,0,0,0,0,0
12425,1975,6,35.6,25.5,426.0,86.0,1.2,4.5,3.872413793,41953,610851.8,524433.6,22.83,91.08,6,1,1.2246467991473532e-16,-1.0,0,0,0,0,0,0,0,0,0,0,0,0,0,0,0,0,0,0,0,1,0,0,0,0,0,0,0,0,0,0,0,0,0
12426,1975,7,30.6,25.0,995.0,89.0,1.5,5.9,3.575862069,41953,610851.8,524433.6,22.83,91.08,6,1,-0.4999999999999997,-0.8660254037844388,0,0,0,0,0,0,0,0,0,0,0,0,0,0,0,0,0,0,0,1,0,0,0,0,0,0,0,0,0,0,0,0,0
12429,1975,10,33.3,25.0,599.0,84.0,0.5,2.7,6.631034483,41953,610851.8,524433.6,22.83,91.08,6,1,-0.8660254037844386,0.5000000000000001,0,0,0,0,0,0,0,0,0,0,0,0,0,0,0,0,0,0,0,1,0,0,0,0,0,0,0,0,0,0,0,0,0
12437,1976,6,32.0,25.4,426.0,86.0,1.8,5.8,3.872413793,41953,610851.8,524433.6,22.83,91.08,6,1,1.2246467991473532e-16,-1.0,0,0,0,0,0,0,0,0,0,0,0,0,0,0,0,0,0,0,0,1,0,0,0,0,0,0,0,0,0,0,0,0,0
12438,1976,7,30.6,25.4,995.0,87.0,1.8,6.3,3.575862069,41953,610851.8,524433.6,22.83,91.08,6,1,-0.4999999999999997,-0.8660254037844388,0,0,0,0,0,0,0,0,0,0,0,0,0,0,0,0,0,0,0,1,0,0,0,0,0,0,0,0,0,0,0,0,0
12439,1976,8,30.7,25.4,388.0,87.0,1.7,6.1,4.64137931,41953,610851.8,524433.6,22.83,91.08,6,1,-0.8660254037844385,-0.5000000000000004,0,0,0,0,0,0,0,0,0,0,0,0,0,0,0,0,0,0,0,1,0,0,0,0,0,0,0,0,0,0,0,0,0
12441,1976,10,31.4,24.3,599.0,83.0,0.6,3.1,6.631034483,41953,610851.8,524433.6,22.83,91.08,6,1,-0.8660254037844386,0.5000000000000001,0,0,0,0,0,0,0,0,0,0,0,0,0,0,0,0,0,0,0,1,0,0,0,0,0,0,0,0,0,0,0,0,0
12448,1977,5,32.8,24.9,408.0,80.0,1.5,4.2,6.513793103,41953,610851.8,524433.6,22.83,91.08,6,1,0.49999999999999994,-0.8660254037844387,0,0,0,0,0,0,0,0,0,0,0,0,0,0,0,0,0,0,0,1,0,0,0,0,0,0,0,0,0,0,0,0,0
12449,1977,6,32.0,25.4,592.0,86.0,1.8,5.8,3.872413793,41953,610851.8,524433.6,22.83,91.08,6,1,1.2246467991473532e-16,-1.0,0,0,0,0,0,0,0,0,0,0,0,0,0,0,0,0,0,0,0,1,0,0,0,0,0,0,0,0,0,0,0,0,0
12450,1977,7,30.6,25.4,712.0,87.0,1.8,6.3,3.575862069,41953,610851.8,524433.6,22.83,91.08,6,1,-0.4999999999999997,-0.8660254037844388,0,0,0,0,0,0,0,0,0,0,0,0,0,0,0,0,0,0,0,1,0,0,0,0,0,0,0,0,0,0,0,0,0
12451,1977,8,30.7,25.4,607.0,87.0,1.7,6.1,4.64137931,41953,610851.8,524433.6,22.83,91.08,6,1,-0.8660254037844385,-0.5000000000000004,0,0,0,0,0,0,0,0,0,0,0,0,0,0,0,0,0,0,0,1,0,0,0,0,0,0,0,0,0,0,0,0,0
12460,1978,5,35.0,23.8,408.0,80.0,2.4,6.0,6.513793103,41953,610851.8,524433.6,22.83,91.08,6,1,0.49999999999999994,-0.8660254037844387,0,0,0,0,0,0,0,0,0,0,0,0,0,0,0,0,0,0,0,1,0,0,0,0,0,0,0,0,0,0,0,0,0
12461,1978,6,31.8,23.9,592.0,86.0,2.0,6.1,3.872413793,41953,610851.8,524433.6,22.83,91.08,6,1,1.2246467991473532e-16,-1.0,0,0,0,0,0,0,0,0,0,0,0,0,0,0,0,0,0,0,0,1,0,0,0,0,0,0,0,0,0,0,0,0,0
12462,1978,7,30.6,25.4,712.0,87.0,1.8,6.3,3.575862069,41953,610851.8,524433.6,22.83,91.08,6,1,-0.4999999999999997,-0.8660254037844388,0,0,0,0,0,0,0,0,0,0,0,0,0,0,0,0,0,0,0,1,0,0,0,0,0,0,0,0,0,0,0,0,0
12463,1978,8,30.7,25.4,607.0,87.0,1.7,6.1,4.64137931,41953,610851.8,524433.6,22.83,91.08,6,1,-0.8660254037844385,-0.5000000000000004,0,0,0,0,0,0,0,0,0,0,0,0,0,0,0,0,0,0,0,1,0,0,0,0,0,0,0,0,0,0,0,0,0
12473,1979,6,36.0,26.1,540.0,84.0,1.7,6.2,3.872413793,41953,610851.8,524433.6,22.83,91.08,6,1,1.2246467991473532e-16,-1.0,0,0,0,0,0,0,0,0,0,0,0,0,0,0,0,0,0,0,0,1,0,0,0,0,0,0,0,0,0,0,0,0,0
12474,1979,7,36.0,25.9,639.0,83.0,2.8,6.9,3.575862069,41953,610851.8,524433.6,22.83,91.08,6,1,-0.4999999999999997,-0.8660254037844388,0,0,0,0,0,0,0,0,0,0,0,0,0,0,0,0,0,0,0,1,0,0,0,0,0,0,0,0,0,0,0,0,0
12475,1979,8,35.8,25.9,525.0,83.0,2.6,6.5,4.64137931,41953,610851.8,524433.6,22.83,91.08,6,1,-0.8660254037844385,-0.5000000000000004,0,0,0,0,0,0,0,0,0,0,0,0,0,0,0,0,0,0,0,1,0,0,0,0,0,0,0,0,0,0,0,0,0
12484,1980,5,35.0,24.1,554.0,81.0,2.1,4.8,6.513793103,41953,610851.8,524433.6,22.83,91.08,6,1,0.49999999999999994,-0.8660254037844387,0,0,0,0,0,0,0,0,0,0,0,0,0,0,0,0,0,0,0,1,0,0,0,0,0,0,0,0,0,0,0,0,0
12486,1980,7,31.9,25.2,784.0,88.0,2.1,6.2,3.575862069,41953,610851.8,524433.6,22.83,91.08,6,1,-0.4999999999999997,-0.8660254037844388,0,0,0,0,0,0,0,0,0,0,0,0,0,0,0,0,0,0,0,1,0,0,0,0,0,0,0,0,0,0,0,0,0
12487,1980,8,33.3,25.0,376.0,87.0,0.9,5.6,4.64137931,41953,610851.8,524433.6,22.83,91.08,6,1,-0.8660254037844385,-0.5000000000000004,0,0,0,0,0,0,0,0,0,0,0,0,0,0,0,0,0,0,0,1,0,0,0,0,0,0,0,0,0,0,0,0,0
12496,1981,5,35.0,24.6,488.0,82.0,1.2,4.5,6.513793103,41953,610851.8,524433.6,22.83,91.08,6,1,0.49999999999999994,-0.8660254037844387,0,0,0,0,0,0,0,0,0,0,0,0,0,0,0,0,0,0,0,1,0,0,0,0,0,0,0,0,0,0,0,0,0
12497,1981,6,32.0,25.4,529.0,86.0,1.8,1.0,3.872413793,41953,610851.8,524433.6,22.83,91.08,6,1,1.2246467991473532e-16,-1.0,0,0,0,0,0,0,0,0,0,0,0,0,0,0,0,0,0,0,0,1,0,0,0,0,0,0,0,0,0,0,0,0,0
12498,1981,7,31.1,25.6,1043.0,89.0,1.5,6.4,3.575862069,41953,610851.8,524433.6,22.83,91.08,6,1,-0.4999999999999997,-0.8660254037844388,0,0,0,0,0,0,0,0,0,0,0,0,0,0,0,0,0,0,0,1,0,0,0,0,0,0,0,0,0,0,0,0,0
12499,1981,8,32.2,25.5,717.0,85.0,1.5,5.4,4.64137931,41953,610851.8,524433.6,22.83,91.08,6,1,-0.8660254037844385,-0.5000000000000004,0,0,0,0,0,0,0,0,0,0,0,0,0,0,0,0,0,0,0,1,0,0,0,0,0,0,0,0,0,0,0,0,0
12509,1982,6,35.0,24.4,797.0,86.0,1.2,6.2,3.872413793,41953,610851.8,524433.6,22.83,91.08,6,1,1.2246467991473532e-16,-1.0,0,0,0,0,0,0,0,0,0,0,0,0,0,0,0,0,0,0,0,1,0,0,0,0,0,0,0,0,0,0,0,0,0
12510,1982,7,33.3,25.2,852.0,85.0,1.5,6.5,3.575862069,41953,610851.8,524433.6,22.83,91.08,6,1,-0.4999999999999997,-0.8660254037844388,0,0,0,0,0,0,0,0,0,0,0,0,0,0,0,0,0,0,0,1,0,0,0,0,0,0,0,0,0,0,0,0,0
12511,1982,8,32.2,24.2,1033.0,87.0,2.8,6.2,4.64137931,41953,610851.8,524433.6,22.83,91.08,6,1,-0.8660254037844385,-0.5000000000000004,0,0,0,0,0,0,0,0,0,0,0,0,0,0,0,0,0,0,0,1,0,0,0,0,0,0,0,0,0,0,0,0,0
12512,1982,9,32.0,25.4,435.0,82.0,1.6,5.0,4.951724138,41953,610851.8,524433.6,22.83,91.08,6,1,-1.0,-1.8369701987210297e-16,0,0,0,0,0,0,0,0,0,0,0,0,0,0,0,0,0,0,0,1,0,0,0,0,0,0,0,0,0,0,0,0,0
12520,1983,5,35.6,24.2,444.0,80.0,0.8,4.2,6.513793103,41953,610851.8,524433.6,22.83,91.08,6,1,0.49999999999999994,-0.8660254037844387,0,0,0,0,0,0,0,0,0,0,0,0,0,0,0,0,0,0,0,1,0,0,0,0,0,0,0,0,0,0,0,0,0
12521,1983,6,35.0,26.1,407.0,82.0,1.8,5.2,3.872413793,41953,610851.8,524433.6,22.83,91.08,6,1,1.2246467991473532e-16,-1.0,0,0,0,0,0,0,0,0,0,0,0,0,0,0,0,0,0,0,0,1,0,0,0,0,0,0,0,0,0,0,0,0,0
12522,1983,7,34.5,25.7,1512.0,84.0,1.4,6.0,3.575862069,41953,610851.8,524433.6,22.83,91.08,6,1,-0.4999999999999997,-0.8660254037844388,0,0,0,0,0,0,0,0,0,0,0,0,0,0,0,0,0,0,0,1,0,0,0,0,0,0,0,0,0,0,0,0,0
12523,1983,8,33.7,25.6,1302.0,83.0,1.9,5.5,4.64137931,41953,610851.8,524433.6,22.83,91.08,6,1,-0.8660254037844385,-0.5000000000000004,0,0,0,0,0,0,0,0,0,0,0,0,0,0,0,0,0,0,0,1,0,0,0,0,0,0,0,0,0,0,0,0,0
12532,1984,5,34.0,24.0,657.0,81.0,2.2,5.1,6.513793103,41953,610851.8,524433.6,22.83,91.08,6,1,0.49999999999999994,-0.8660254037844387,0,0,0,0,0,0,0,0,0,0,0,0,0,0,0,0,0,0,0,1,0,0,0,0,0,0,0,0,0,0,0,0,0
12533,1984,6,35.0,25.1,957.0,87.0,2.1,6.2,3.872413793,41953,610851.8,524433.6,22.83,91.08,6,1,1.2246467991473532e-16,-1.0,0,0,0,0,0,0,0,0,0,0,0,0,0,0,0,0,0,0,0,1,0,0,0,0,0,0,0,0,0,0,0,0,0
12534,1984,7,33.8,24.9,1390.0,87.0,1.9,5.9,3.575862069,41953,610851.8,524433.6,22.83,91.08,6,1,-0.4999999999999997,-0.8660254037844388,0,0,0,0,0,0,0,0,0,0,0,0,0,0,0,0,0,0,0,1,0,0,0,0,0,0,0,0,0,0,0,0,0
12535,1984,8,35.5,24.9,1223.0,89.0,1.7,5.9,4.64137931,41953,610851.8,524433.6,22.83,91.08,6,1,-0.8660254037844385,-0.5000000000000004,0,0,0,0,0,0,0,0,0,0,0,0,0,0,0,0,0,0,0,1,0,0,0,0,0,0,0,0,0,0,0,0,0
12536,1984,9,34.0,24.5,440.0,85.0,0.7,4.5,4.951724138,41953,610851.8,524433.6,22.83,91.08,6,1,-1.0,-1.8369701987210297e-16,0,0,0,0,0,0,0,0,0,0,0,0,0,0,0,0,0,0,0,1,0,0,0,0,0,0,0,0,0,0,0,0,0
12545,1985,6,33.8,25.4,525.0,87.0,1.5,6.0,3.8,41953,610851.8,524433.6,22.83,91.08,6,1,1.2246467991473532e-16,-1.0,0,0,0,0,0,0,0,0,0,0,0,0,0,0,0,0,0,0,0,1,0,0,0,0,0,0,0,0,0,0,0,0,0
12546,1985,7,33.5,24.3,548.0,89.0,1.9,6.1,3.4,41953,610851.8,524433.6,22.83,91.08,6,1,-0.4999999999999997,-0.8660254037844388,0,0,0,0,0,0,0,0,0,0,0,0,0,0,0,0,0,0,0,1,0,0,0,0,0,0,0,0,0,0,0,0,0
12547,1985,8,33.4,25.3,780.0,86.0,2.0,5.7,4.6,41953,610851.8,524433.6,22.83,91.08,6,1,-0.8660254037844385,-0.5000000000000004,0,0,0,0,0,0,0,0,0,0,0,0,0,0,0,0,0,0,0,1,0,0,0,0,0,0,0,0,0,0,0,0,0
12557,1986,6,35.5,25.6,615.0,86.0,1.8,5.5,4.9,41953,610851.8,524433.6,22.83,91.08,6,1,1.2246467991473532e-16,-1.0,0,0,0,0,0,0,0,0,0,0,0,0,0,0,0,0,0,0,0,1,0,0,0,0,0,0,0,0,0,0,0,0,0
12558,1986,7,33.5,25.3,635.0,89.0,1.9,6.0,3.4,41953,610851.8,524433.6,22.83,91.08,6,1,-0.4999999999999997,-0.8660254037844388,0,0,0,0,0,0,0,0,0,0,0,0,0,0,0,0,0,0,0,1,0,0,0,0,0,0,0,0,0,0,0,0,0
12560,1986,9,34.4,25.1,508.0,87.0,1.2,5.6,5.0,41953,610851.8,524433.6,22.83,91.08,6,1,-1.0,-1.8369701987210297e-16,0,0,0,0,0,0,0,0,0,0,0,0,0,0,0,0,0,0,0,1,0,0,0,0,0,0,0,0,0,0,0,0,0
12570,1987,7,32.5,25.4,1297.0,91.0,2.0,7.0,2.3,41953,610851.8,524433.6,22.83,91.08,6,1,-0.4999999999999997,-0.8660254037844388,0,0,0,0,0,0,0,0,0,0,0,0,0,0,0,0,0,0,0,1,0,0,0,0,0,0,0,0,0,0,0,0,0
12571,1987,8,33.5,25.4,816.0,88.0,1.6,6.2,3.9,41953,610851.8,524433.6,22.83,91.08,6,1,-0.8660254037844385,-0.5000000000000004,0,0,0,0,0,0,0,0,0,0,0,0,0,0,0,0,0,0,0,1,0,0,0,0,0,0,0,0,0,0,0,0,0
12572,1987,9,33.5,25.4,585.0,89.0,1.7,5.8,4.5,41953,610851.8,524433.6,22.83,91.08,6,1,-1.0,-1.8369701987210297e-16,0,0,0,0,0,0,0,0,0,0,0,0,0,0,0,0,0,0,0,1,0,0,0,0,0,0,0,0,0,0,0,0,0
12580,1988,5,34.5,24.8,402.0,83.0,1.9,4.8,6.4,41953,610851.8,524433.6,22.83,91.08,6,1,0.49999999999999994,-0.8660254037844387,0,0,0,0,0,0,0,0,0,0,0,0,0,0,0,0,0,0,0,1,0,0,0,0,0,0,0,0,0,0,0,0,0
12581,1988,6,35.0,25.7,564.0,87.0,1.8,5.6,3.8,41953,610851.8,524433.6,22.83,91.08,6,1,1.2246467991473532e-16,-1.0,0,0,0,0,0,0,0,0,0,0,0,0,0,0,0,0,0,0,0,1,0,0,0,0,0,0,0,0,0,0,0,0,0
12582,1988,7,34.2,25.5,519.0,87.0,1.6,6.0,3.4,41953,610851.8,524433.6,22.83,91.08,6,1,-0.4999999999999997,-0.8660254037844388,0,0,0,0,0,0,0,0,0,0,0,0,0,0,0,0,0,0,0,1,0,0,0,0,0,0,0,0,0,0,0,0,0
12583,1988,8,32.4,25.7,622.0,89.0,1.4,6.6,4.6,41953,610851.8,524433.6,22.83,91.08,6,1,-0.8660254037844385,-0.5000000000000004,0,0,0,0,0,0,0,0,0,0,0,0,0,0,0,0,0,0,0,1,0,0,0,0,0,0,0,0,0,0,0,0,0
12584,1988,9,35.5,25.4,475.0,84.0,0.7,5.2,5.8,41953,610851.8,524433.6,22.83,91.08,6,1,-1.0,-1.8369701987210297e-16,0,0,0,0,0,0,0,0,0,0,0,0,0,0,0,0,0,0,0,1,0,0,0,0,0,0,0,0,0,0,0,0,0
12594,1989,7,34.0,25.8,703.0,86.0,1.2,5.9,4.4,41953,610851.8,524433.6,22.83,91.08,6,1,-0.4999999999999997,-0.8660254037844388,0,0,0,0,0,0,0,0,0,0,0,0,0,0,0,0,0,0,0,1,0,0,0,0,0,0,0,0,0,0,0,0,0
12596,1989,9,33.0,25.9,547.0,87.0,0.8,5.5,4.2,41953,610851.8,524433.6,22.83,91.08,6,1,-1.0,-1.8369701987210297e-16,0,0,0,0,0,0,0,0,0,0,0,0,0,0,0,0,0,0,0,1,0,0,0,0,0,0,0,0,0,0,0,0,0
12597,1989,10,33.2,24.6,433.0,88.0,0.5,4.8,4.5,41953,610851.8,524433.6,22.83,91.08,6,1,-0.8660254037844386,0.5000000000000001,0,0,0,0,0,0,0,0,0,0,0,0,0,0,0,0,0,0,0,1,0,0,0,0,0,0,0,0,0,0,0,0,0
12604,1990,5,35.0,25.6,429.0,81.0,0.6,4.5,6.4,41953,610851.8,524433.6,22.83,91.08,6,1,0.49999999999999994,-0.8660254037844387,0,0,0,0,0,0,0,0,0,0,0,0,0,0,0,0,0,0,0,1,0,0,0,0,0,0,0,0,0,0,0,0,0
12605,1990,6,34.0,25.9,631.0,86.0,1.8,5.9,3.0,41953,610851.8,524433.6,22.83,91.08,6,1,1.2246467991473532e-16,-1.0,0,0,0,0,0,0,0,0,0,0,0,0,0,0,0,0,0,0,0,1,0,0,0,0,0,0,0,0,0,0,0,0,0
12606,1990,7,31.5,25.7,752.0,89.0,1.2,6.4,2.5,41953,610851.8,524433.6,22.83,91.08,6,1,-0.4999999999999997,-0.8660254037844388,0,0,0,0,0,0,0,0,0,0,0,0,0,0,0,0,0,0,0,1,0,0,0,0,0,0,0,0,0,0,0,0,0
12607,1990,8,34.0,26.1,521.0,85.0,0.9,5.1,6.2,41953,610851.8,524433.6,22.83,91.08,6,1,-0.8660254037844385,-0.5000000000000004,0,0,0,0,0,0,0,0,0,0,0,0,0,0,0,0,0,0,0,1,0,0,0,0,0,0,0,0,0,0,0,0,0
12617,1991,6,32.5,25.5,805.0,88.0,1.3,6.0,1.7,41953,610851.8,524433.6,22.83,91.08,6,1,1.2246467991473532e-16,-1.0,0,0,0,0,0,0,0,0,0,0,0,0,0,0,0,0,0,0,0,1,0,0,0,0,0,0,0,0,0,0,0,0,0
12618,1991,7,33.6,26.2,626.0,87.0,1.4,5.9,2.8,41953,610851.8,524433.6,22.83,91.08,6,1,-0.4999999999999997,-0.8660254037844388,0,0,0,0,0,0,0,0,0,0,0,0,0,0,0,0,0,0,0,1,0,0,0,0,0,0,0,0,0,0,0,0,0
12619,1991,8,35.6,26.1,508.0,87.0,1.5,5.9,4.7,41953,610851.8,524433.6,22.83,91.08,6,1,-0.8660254037844385,-0.5000000000000004,0,0,0,0,0,0,0,0,0,0,0,0,0,0,0,0,0,0,0,1,0,0,0,0,0,0,0,0,0,0,0,0,0
12620,1991,9,33.0,26.0,441.0,88.0,0.6,5.0,3.4,41953,610851.8,524433.6,22.83,91.08,6,1,-1.0,-1.8369701987210297e-16,0,0,0,0,0,0,0,0,0,0,0,0,0,0,0,0,0,0,0,1,0,0,0,0,0,0,0,0,0,0,0,0,0
12621,1991,10,34.1,25.0,428.0,85.0,0.6,3.6,5.3,41953,610851.8,524433.6,22.83,91.08,6,1,-0.8660254037844386,0.5000000000000001,0,0,0,0,0,0,0,0,0,0,0,0,0,0,0,0,0,0,0,1,0,0,0,0,0,0,0,0,0,0,0,0,0
12630,1992,7,33.4,25.8,515.0,87.0,1.5,5.9,2.2,41953,610851.8,524433.6,22.83,91.08,6,1,-0.4999999999999997,-0.8660254037844388,0,0,0,0,0,0,0,0,0,0,0,0,0,0,0,0,0,0,0,1,0,0,0,0,0,0,0,0,0,0,0,0,0
12631,1992,8,34.0,25.8,457.0,85.0,1.0,5.5,4.7,41953,610851.8,524433.6,22.83,91.08,6,1,-0.8660254037844385,-0.5000000000000004,0,0,0,0,0,0,0,0,0,0,0,0,0,0,0,0,0,0,0,1,0,0,0,0,0,0,0,0,0,0,0,0,0
12640,1993,5,34.0,24.3,481.0,83.0,1.5,5.1,5.2,41953,610851.8,524433.6,22.83,91.08,6,1,0.49999999999999994,-0.8660254037844387,0,0,0,0,0,0,0,0,0,0,0,0,0,0,0,0,0,0,0,1,0,0,0,0,0,0,0,0,0,0,0,0,0
12641,1993,6,33.0,25.9,557.0,87.0,2.2,6.1,2.7,41953,610851.8,524433.6,22.83,91.08,6,1,1.2246467991473532e-16,-1.0,0,0,0,0,0,0,0,0,0,0,0,0,0,0,0,0,0,0,0,1,0,0,0,0,0,0,0,0,0,0,0,0,0
12642,1993,7,32.4,25.7,502.0,87.0,2.1,6.5,3.1,41953,610851.8,524433.6,22.83,91.08,6,1,-0.4999999999999997,-0.8660254037844388,0,0,0,0,0,0,0,0,0,0,0,0,0,0,0,0,0,0,0,1,0,0,0,0,0,0,0,0,0,0,0,0,0
12643,1993,8,32.1,26.0,732.0,88.0,1.7,6.2,3.7,41953,610851.8,524433.6,22.83,91.08,6,1,-0.8660254037844385,-0.5000000000000004,0,0,0,0,0,0,0,0,0,0,0,0,0,0,0,0,0,0,0,1,0,0,0,0,0,0,0,0,0,0,0,0,0
12651,1994,4,36.4,23.7,430.0,74.0,1.4,3.1,7.5,41953,610851.8,524433.6,22.83,91.08,6,1,0.8660254037844387,-0.4999999999999998,0,0,0,0,0,0,0,0,0,0,0,0,0,0,0,0,0,0,0,1,0,0,0,0,0,0,0,0,0,0,0,0,0
12653,1994,6,34.0,26.3,980.0,86.0,3.0,6.1,3.3,41953,610851.8,524433.6,22.83,91.08,6,1,1.2246467991473532e-16,-1.0,0,0,0,0,0,0,0,0,0,0,0,0,0,0,0,0,0,0,0,1,0,0,0,0,0,0,0,0,0,0,0,0,0
12654,1994,7,32.5,26.1,397.0,85.0,2.7,6.3,4.7,41953,610851.8,524433.6,22.83,91.08,6,1,-0.4999999999999997,-0.8660254037844388,0,0,0,0,0,0,0,0,0,0,0,0,0,0,0,0,0,0,0,1,0,0,0,0,0,0,0,0,0,0,0,0,0
12655,1994,8,32.8,26.0,636.0,87.0,2.0,6.2,4.6,41953,610851.8,524433.6,22.83,91.08,6,1,-0.8660254037844385,-0.5000000000000004,0,0,0,0,0,0,0,0,0,0,0,0,0,0,0,0,0,0,0,1,0,0,0,0,0,0,0,0,0,0,0,0,0
12665,1995,6,35.2,26.2,467.0,86.0,2.1,5.9,3.4,41953,610851.8,524433.6,22.83,91.08,6,1,1.2246467991473532e-16,-1.0,0,0,0,0,0,0,0,0,0,0,0,0,0,0,0,0,0,0,0,1,0,0,0,0,0,0,0,0,0,0,0,0,0
12666,1995,7,32.0,26.0,737.0,87.0,2.0,6.5,3.6,41953,610851.8,524433.6,22.83,91.08,6,1,-0.4999999999999997,-0.8660254037844388,0,0,0,0,0,0,0,0,0,0,0,0,0,0,0,0,0,0,0,1,0,0,0,0,0,0,0,0,0,0,0,0,0
12667,1995,8,33.9,26.1,653.0,86.0,1.5,6.2,4.7,41953,610851.8,524433.6,22.83,91.08,6,1,-0.8660254037844385,-0.5000000000000004,0,0,0,0,0,0,0,0,0,0,0,0,0,0,0,0,0,0,0,1,0,0,0,0,0,0,0,0,0,0,0,0,0
12668,1995,9,34.1,26.3,495.0,86.0,1.3,5.9,4.3,41953,610851.8,524433.6,22.83,91.08,6,1,-1.0,-1.8369701987210297e-16,0,0,0,0,0,0,0,0,0,0,0,0,0,0,0,0,0,0,0,1,0,0,0,0,0,0,0,0,0,0,0,0,0
12677,1996,6,35.0,25.6,590.0,86.0,1.9,5.5,5.6,41953,610851.8,524433.6,22.83,91.08,6,1,1.2246467991473532e-16,-1.0,0,0,0,0,0,0,0,0,0,0,0,0,0,0,0,0,0,0,0,1,0,0,0,0,0,0,0,0,0,0,0,0,0
12678,1996,7,33.5,26.0,590.0,89.0,1.7,6.1,3.4,41953,610851.8,524433.6,22.83,91.08,6,1,-0.4999999999999997,-0.8660254037844388,0,0,0,0,0,0,0,0,0,0,0,0,0,0,0,0,0,0,0,1,0,0,0,0,0,0,0,0,0,0,0,0,0
12679,1996,8,33.1,25.7,566.0,91.0,1.3,6.3,3.0,41953,610851.8,524433.6,22.83,91.08,6,1,-0.8660254037844385,-0.5000000000000004,0,0,0,0,0,0,0,0,0,0,0,0,0,0,0,0,0,0,0,1,0,0,0,0,0,0,0,0,0,0,0,0,0
12681,1996,10,34.5,24.3,369.0,83.0,0.8,2.5,8.1,41953,610851.8,524433.6,22.83,91.08,6,1,-0.8660254037844386,0.5000000000000001,0,0,0,0,0,0,0,0,0,0,0,0,0,0,0,0,0,0,0,1,0,0,0,0,0,0,0,0,0,0,0,0,0
12690,1997,7,33.6,25.9,1022.0,89.0,1.6,6.8,3.6,41953,610851.8,524433.6,22.83,91.08,6,1,-0.4999999999999997,-0.8660254037844388,0,0,0,0,0,0,0,0,0,0,0,0,0,0,0,0,0,0,0,1,0,0,0,0,0,0,0,0,0,0,0,0,0
12691,1997,8,36.0,26.3,433.0,86.0,1.5,6.0,5.2,41953,610851.8,524433.6,22.83,91.08,6,1,-0.8660254037844385,-0.5000000000000004,0,0,0,0,0,0,0,0,0,0,0,0,0,0,0,0,0,0,0,1,0,0,0,0,0,0,0,0,0,0,0,0,0
12692,1997,9,34.4,25.8,375.0,86.0,1.0,5.8,5.2,41953,610851.8,524433.6,22.83,91.08,6,1,-1.0,-1.8369701987210297e-16,0,0,0,0,0,0,0,0,0,0,0,0,0,0,0,0,0,0,0,1,0,0,0,0,0,0,0,0,0,0,0,0,0
12702,1998,7,33.0,25.9,892.0,90.0,2.0,6.8,2.5,41953,610851.8,524433.6,22.83,91.08,6,1,-0.4999999999999997,-0.8660254037844388,0,0,0,0,0,0,0,0,0,0,0,0,0,0,0,0,0,0,0,1,0,0,0,0,0,0,0,0,0,0,0,0,0
12703,1998,8,34.4,26.0,897.0,90.0,1.3,6.6,2.8,41953,610851.8,524433.6,22.83,91.08,6,1,-0.8660254037844385,-0.5000000000000004,0,0,0,0,0,0,0,0,0,0,0,0,0,0,0,0,0,0,0,1,0,0,0,0,0,0,0,0,0,0,0,0,0
12704,1998,9,35.0,26.2,313.0,86.0,0.9,5.4,5.1,41953,610851.8,524433.6,22.83,91.08,6,1,-1.0,-1.8369701987210297e-16,0,0,0,0,0,0,0,0,0,0,0,0,0,0,0,0,0,0,0,1,0,0,0,0,0,0,0,0,0,0,0,0,0
12712,1999,5,36.4,25.0,427.0,84.0,1.7,4.8,5.7,41953,610851.8,524433.6,22.83,91.08,6,1,0.49999999999999994,-0.8660254037844387,0,0,0,0,0,0,0,0,0,0,0,0,0,0,0,0,0,0,0,1,0,0,0,0,0,0,0,0,0,0,0,0,0
12713,1999,6,35.0,25.6,645.0,87.0,1.8,6.0,3.5,41953,610851.8,524433.6,22.83,91.08,6,1,1.2246467991473532e-16,-1.0,0,0,0,0,0,0,0,0,0,0,0,0,0,0,0,0,0,0,0,1,0,0,0,0,0,0,0,0,0,0,0,0,0
12714,1999,7,34.8,25.6,690.0,88.0,1.7,6.6,3.4,41953,610851.8,524433.6,22.83,91.08,6,1,-0.4999999999999997,-0.8660254037844388,0,0,0,0,0,0,0,0,0,0,0,0,0,0,0,0,0,0,0,1,0,0,0,0,0,0,0,0,0,0,0,0,0
12715,1999,8,34.0,25.7,648.0,89.0,1.9,6.8,2.9,41953,610851.8,524433.6,22.83,91.08,6,1,-0.8660254037844385,-0.5000000000000004,0,0,0,0,0,0,0,0,0,0,0,0,0,0,0,0,0,0,0,1,0,0,0,0,0,0,0,0,0,0,0,0,0
12716,1999,9,33.5,25.6,631.0,88.0,1.3,6.2,4.6,41953,610851.8,524433.6,22.83,91.08,6,1,-1.0,-1.8369701987210297e-16,0,0,0,0,0,0,0,0,0,0,0,0,0,0,0,0,0,0,0,1,0,0,0,0,0,0,0,0,0,0,0,0,0
12724,2000,5,35.8,24.4,542.0,84.0,1.4,5.1,4.9,41953,610851.8,524433.6,22.83,91.08,6,1,0.49999999999999994,-0.8660254037844387,0,0,0,0,0,0,0,0,0,0,0,0,0,0,0,0,0,0,0,1,0,0,0,0,0,0,0,0,0,0,0,0,0
12725,2000,6,34.6,25.7,568.0,86.0,1.9,6.2,4.1,41953,610851.8,524433.6,22.83,91.08,6,1,1.2246467991473532e-16,-1.0,0,0,0,0,0,0,0,0,0,0,0,0,0,0,0,0,0,0,0,1,0,0,0,0,0,0,0,0,0,0,0,0,0
12726,2000,7,35.5,25.9,629.0,87.0,2.0,5.9,4.9,41953,610851.8,524433.6,22.83,91.08,6,1,-0.4999999999999997,-0.8660254037844388,0,0,0,0,0,0,0,0,0,0,0,0,0,0,0,0,0,0,0,1,0,0,0,0,0,0,0,0,0,0,0,0,0
12736,2001,5,35.6,24.6,523.0,83.0,1.0,4.1,6.7,41953,610851.8,524433.6,22.83,91.08,6,1,0.49999999999999994,-0.8660254037844387,0,0,0,0,0,0,0,0,0,0,0,0,0,0,0,0,0,0,0,1,0,0,0,0,0,0,0,0,0,0,0,0,0
12737,2001,6,33.6,25.4,881.0,89.0,2.3,6.6,3.4,41953,610851.8,524433.6,22.83,91.08,6,1,1.2246467991473532e-16,-1.0,0,0,0,0,0,0,0,0,0,0,0,0,0,0,0,0,0,0,0,1,0,0,0,0,0,0,0,0,0,0,0,0,0
12738,2001,7,33.4,26.0,548.0,87.0,1.9,6.3,5.0,41953,610851.8,524433.6,22.83,91.08,6,1,-0.4999999999999997,-0.8660254037844388,0,0,0,0,0,0,0,0,0,0,0,0,0,0,0,0,0,0,0,1,0,0,0,0,0,0,0,0,0,0,0,0,0
12739,2001,8,34.6,26.2,465.0,85.0,1.1,5.9,6.6,41953,610851.8,524433.6,22.83,91.08,6,1,-0.8660254037844385,-0.5000000000000004,0,0,0,0,0,0,0,0,0,0,0,0,0,0,0,0,0,0,0,1,0,0,0,0,0,0,0,0,0,0,0,0,0
12740,2001,9,35.0,25.8,424.0,86.0,0.4,5.2,5.8,41953,610851.8,524433.6,22.83,91.08,6,1,-1.0,-1.8369701987210297e-16,0,0,0,0,0,0,0,0,0,0,0,0,0,0,0,0,0,0,0,1,0,0,0,0,0,0,0,0,0,0,0,0,0
12748,2002,5,35.0,24.2,594.0,84.0,1.5,4.7,5.7,41953,610851.8,524433.6,22.83,91.08,6,1,0.49999999999999994,-0.8660254037844387,0,0,0,0,0,0,0,0,0,0,0,0,0,0,0,0,0,0,0,1,0,0,0,0,0,0,0,0,0,0,0,0,0
12749,2002,6,35.4,25.2,685.0,88.0,1.4,5.8,3.6,41953,610851.8,524433.6,22.83,91.08,6,1,1.2246467991473532e-16,-1.0,0,0,0,0,0,0,0,0,0,0,0,0,0,0,0,0,0,0,0,1,0,0,0,0,0,0,0,0,0,0,0,0,0
12750,2002,7,33.4,25.7,726.0,90.0,1.3,7.0,1.8,41953,610851.8,524433.6,22.83,91.08,6,1,-0.4999999999999997,-0.8660254037844388,0,0,0,0,0,0,0,0,0,0,0,0,0,0,0,0,0,0,0,1,0,0,0,0,0,0,0,0,0,0,0,0,0
12751,2002,8,35.0,25.8,476.0,87.0,1.3,5.9,4.7,41953,610851.8,524433.6,22.83,91.08,6,1,-0.8660254037844385,-0.5000000000000004,0,0,0,0,0,0,0,0,0,0,0,0,0,0,0,0,0,0,0,1,0,0,0,0,0,0,0,0,0,0,0,0,0
12761,2003,6,36.6,25.4,927.0,89.0,1.9,6.1,2.9,41953,610851.8,524433.6,22.83,91.08,6,1,1.2246467991473532e-16,-1.0,0,0,0,0,0,0,0,0,0,0,0,0,0,0,0,0,0,0,0,1,0,0,0,0,0,0,0,0,0,0,0,0,0
12762,2003,7,34.5,26.4,468.0,86.0,1.9,5.4,5.1,41953,610851.8,524433.6,22.83,91.08,6,1,-0.4999999999999997,-0.8660254037844388,0,0,0,0,0,0,0,0,0,0,0,0,0,0,0,0,0,0,0,1,0,0,0,0,0,0,0,0,0,0,0,0,0
12763,2003,8,34.8,26.4,455.0,86.0,1.5,5.3,6.6,41953,610851.8,524433.6,22.83,91.08,6,1,-0.8660254037844385,-0.5000000000000004,0,0,0,0,0,0,0,0,0,0,0,0,0,0,0,0,0,0,0,1,0,0,0,0,0,0,0,0,0,0,0,0,0
12765,2003,10,34.6,25.7,499.0,84.0,0.5,3.6,6.4,41953,610851.8,524433.6,22.83,91.08,6,1,-0.8660254037844386,0.5000000000000001,0,0,0,0,0,0,0,0,0,0,0,0,0,0,0,0,0,0,0,1,0,0,0,0,0,0,0,0,0,0,0,0,0
12773,2004,6,35.7,25.2,643.0,87.0,0.9,6.1,3.8,41953,610851.8,524433.6,22.83,91.08,6,1,1.2246467991473532e-16,-1.0,0,0,0,0,0,0,0,0,0,0,0,0,0,0,0,0,0,0,0,1,0,0,0,0,0,0,0,0,0,0,0,0,0
12774,2004,7,33.7,25.8,552.0,88.0,1.5,5.4,3.9,41953,610851.8,524433.6,22.83,91.08,6,1,-0.4999999999999997,-0.8660254037844388,0,0,0,0,0,0,0,0,0,0,0,0,0,0,0,0,0,0,0,1,0,0,0,0,0,0,0,0,0,0,0,0,0
12775,2004,8,34.1,25.9,511.0,87.0,1.7,5.3,5.8,41953,610851.8,524433.6,22.83,91.08,6,1,-0.8660254037844385,-0.5000000000000004,0,0,0,0,0,0,0,0,0,0,0,0,0,0,0,0,0,0,0,1,0,0,0,0,0,0,0,0,0,0,0,0,0
12776,2004,9,34.4,25.2,1008.0,89.0,1.0,5.2,3.7,41953,610851.8,524433.6,22.83,91.08,6,1,-1.0,-1.8369701987210297e-16,0,0,0,0,0,0,0,0,0,0,0,0,0,0,0,0,0,0,0,1,0,0,0,0,0,0,0,0,0,0,0,0,0
12785,2005,6,37.6,26.9,463.0,85.0,1.5,6.0,4.8,41953,610851.8,524433.6,22.83,91.08,6,1,1.2246467991473532e-16,-1.0,0,0,0,0,0,0,0,0,0,0,0,0,0,0,0,0,0,0,0,1,0,0,0,0,0,0,0,0,0,0,0,0,0
12786,2005,7,33.8,26.1,724.0,88.0,2.0,6.4,4.4,41953,610851.8,524433.6,22.83,91.08,6,1,-0.4999999999999997,-0.8660254037844388,0,0,0,0,0,0,0,0,0,0,0,0,0,0,0,0,0,0,0,1,0,0,0,0,0,0,0,0,0,0,0,0,0
12787,2005,8,35.0,25.8,626.0,91.0,1.3,5.9,3.0,41953,610851.8,524433.6,22.83,91.08,6,1,-0.8660254037844385,-0.5000000000000004,0,0,0,0,0,0,0,0,0,0,0,0,0,0,0,0,0,0,0,1,0,0,0,0,0,0,0,0,0,0,0,0,0
12796,2006,5,37.0,25.0,507.0,82.0,1.2,4.3,6.6,41953,610851.8,524433.6,22.83,91.08,6,1,0.49999999999999994,-0.8660254037844387,0,0,0,0,0,0,0,0,0,0,0,0,0,0,0,0,0,0,0,1,0,0,0,0,0,0,0,0,0,0,0,0,0
12797,2006,6,36.5,26.5,435.0,86.0,1.4,6.0,3.9,41953,610851.8,524433.6,22.83,91.08,6,1,1.2246467991473532e-16,-1.0,0,0,0,0,0,0,0,0,0,0,0,0,0,0,0,0,0,0,0,1,0,0,0,0,0,0,0,0,0,0,0,0,0
12798,2006,7,34.5,26.2,479.0,88.0,1.7,6.4,3.7,41953,610851.8,524433.6,22.83,91.08,6,1,-0.4999999999999997,-0.8660254037844388,0,0,0,0,0,0,0,0,0,0,0,0,0,0,0,0,0,0,0,1,0,0,0,0,0,0,0,0,0,0,0,0,0
12800,2006,9,35.5,25.6,633.0,87.0,1.2,4.8,5.2,41953,610851.8,524433.6,22.83,91.08,6,1,-1.0,-1.8369701987210297e-16,0,0,0,0,0,0,0,0,0,0,0,0,0,0,0,0,0,0,0,1,0,0,0,0,0,0,0,0,0,0,0,0,0
12808,2007,5,38.0,25.4,376.0,81.0,1.4,3.6,6.6,41953,610851.8,524433.6,22.83,91.08,6,1,0.49999999999999994,-0.8660254037844387,0,0,0,0,0,0,0,0,0,0,0,0,0,0,0,0,0,0,0,1,0,0,0,0,0,0,0,0,0,0,0,0,0
12809,2007,6,37.0,25.1,483.0,86.0,1.9,5.6,4.1,41953,610851.8,524433.6,22.83,91.08,6,1,1.2246467991473532e-16,-1.0,0,0,0,0,0,0,0,0,0,0,0,0,0,0,0,0,0,0,0,1,0,0,0,0,0,0,0,0,0,0,0,0,0
12810,2007,7,35.0,25.3,762.0,90.0,1.5,6.9,2.9,41953,610851.8,524433.6,22.83,91.08,6,1,-0.4999999999999997,-0.8660254037844388,0,0,0,0,0,0,0,0,0,0,0,0,0,0,0,0,0,0,0,1,0,0,0,0,0,0,0,0,0,0,0,0,0
12812,2007,9,35.0,25.5,759.0,87.0,0.8,6.3,3.5,41953,610851.8,524433.6,22.83,91.08,6,1,-1.0,-1.8369701987210297e-16,0,0,0,0,0,0,0,0,0,0,0,0,0,0,0,0,0,0,0,1,0,0,0,0,0,0,0,0,0,0,0,0,0
12813,2007,10,35.5,23.5,451.0,84.0,0.7,3.7,5.7,41953,610851.8,524433.6,22.83,91.08,6,1,-0.8660254037844386,0.5000000000000001,0,0,0,0,0,0,0,0,0,0,0,0,0,0,0,0,0,0,0,1,0,0,0,0,0,0,0,0,0,0,0,0,0
12821,2008,6,35.0,25.4,516.0,88.0,1.5,6.1,3.9,41953,610851.8,524433.6,22.83,91.08,6,1,1.2246467991473532e-16,-1.0,0,0,0,0,0,0,0,0,0,0,0,0,0,0,0,0,0,0,0,1,0,0,0,0,0,0,0,0,0,0,0,0,0
12822,2008,7,34.2,25.3,980.0,90.0,1.1,6.8,3.4,41953,610851.8,524433.6,22.83,91.08,6,1,-0.4999999999999997,-0.8660254037844388,0,0,0,0,0,0,0,0,0,0,0,0,0,0,0,0,0,0,0,1,0,0,0,0,0,0,0,0,0,0,0,0,0
12823,2008,8,34.4,25.4,504.0,87.0,1.2,5.9,4.2,41953,610851.8,524433.6,22.83,91.08,6,1,-0.8660254037844385,-0.5000000000000004,0,0,0,0,0,0,0,0,0,0,0,0,0,0,0,0,0,0,0,1,0,0,0,0,0,0,0,0,0,0,0,0,0
12825,2008,10,34.4,24.2,426.0,85.0,0.4,3.1,6.5,41953,610851.8,524433.6,22.83,91.08,6,1,-0.8660254037844386,0.5000000000000001,0,0,0,0,0,0,0,0,0,0,0,0,0,0,0,0,0,0,0,1,0,0,0,0,0,0,0,0,0,0,0,0,0
12834,2009,7,35.2,26.2,864.0,88.0,4.8,6.6,4.7,41953,610851.8,524433.6,22.83,91.08,6,1,-0.4999999999999997,-0.8660254037844388,0,0,0,0,0,0,0,0,0,0,0,0,0,0,0,0,0,0,0,1,0,0,0,0,0,0,0,0,0,0,0,0,0
12835,2009,8,35.0,26.3,471.0,87.0,2.6,6.5,4.2,41953,610851.8,524433.6,22.83,91.08,6,1,-0.8660254037844385,-0.5000000000000004,0,0,0,0,0,0,0,0,0,0,0,0,0,0,0,0,0,0,0,1,0,0,0,0,0,0,0,0,0,0,0,0,0
12845,2010,6,35.5,26.2,933.0,89.0,4.5,7.0,2.5,41953,610851.8,524433.6,22.83,91.08,6,1,1.2246467991473532e-16,-1.0,0,0,0,0,0,0,0,0,0,0,0,0,0,0,0,0,0,0,0,1,0,0,0,0,0,0,0,0,0,0,0,0,0
12846,2010,7,35.2,26.7,409.0,87.0,3.6,6.6,4.1,41953,610851.8,524433.6,22.83,91.08,6,1,-0.4999999999999997,-0.8660254037844388,0,0,0,0,0,0,0,0,0,0,0,0,0,0,0,0,0,0,0,1,0,0,0,0,0,0,0,0,0,0,0,0,0
12847,2010,8,35.0,26.4,500.0,86.0,2.8,6.7,5.7,41953,610851.8,524433.6,22.83,91.08,6,1,-0.8660254037844385,-0.5000000000000004,0,0,0,0,0,0,0,0,0,0,0,0,0,0,0,0,0,0,0,1,0,0,0,0,0,0,0,0,0,0,0,0,0
12849,2010,10,36.4,25.8,521.0,84.0,2.5,3.9,6.8,41953,610851.8,524433.6,22.83,91.08,6,1,-0.8660254037844386,0.5000000000000001,0,0,0,0,0,0,0,0,0,0,0,0,0,0,0,0,0,0,0,1,0,0,0,0,0,0,0,0,0,0,0,0,0
12857,2011,6,36.0,26.1,794.0,88.0,4.3,6.8,3.3,41953,610851.8,524433.6,22.83,91.08,6,1,1.2246467991473532e-16,-1.0,0,0,0,0,0,0,0,0,0,0,0,0,0,0,0,0,0,0,0,1,0,0,0,0,0,0,0,0,0,0,0,0,0
12858,2011,7,35.0,26.5,791.0,88.0,3.5,6.5,4.1,41953,610851.8,524433.6,22.83,91.08,6,1,-0.4999999999999997,-0.8660254037844388,0,0,0,0,0,0,0,0,0,0,0,0,0,0,0,0,0,0,0,1,0,0,0,0,0,0,0,0,0,0,0,0,0
12859,2011,8,35.4,26.1,691.0,89.0,3.6,6.6,3.8,41953,610851.8,524433.6,22.83,91.08,6,1,-0.8660254037844385,-0.5000000000000004,0,0,0,0,0,0,0,0,0,0,0,0,0,0,0,0,0,0,0,1,0,0,0,0,0,0,0,0,0,0,0,0,0
12860,2011,9,36.0,26.1,392.0,87.0,3.5,6.1,4.4,41953,610851.8,524433.6,22.83,91.08,6,1,-1.0,-1.8369701987210297e-16,0,0,0,0,0,0,0,0,0,0,0,0,0,0,0,0,0,0,0,1,0,0,0,0,0,0,0,0,0,0,0,0,0
12869,2012,6,36.0,26.7,483.0,86.0,2.9,6.2,3.7,41953,610851.8,524433.6,22.83,91.08,6,1,1.2246467991473532e-16,-1.0,0,0,0,0,0,0,0,0,0,0,0,0,0,0,0,0,0,0,0,1,0,0,0,0,0,0,0,0,0,0,0,0,0
12870,2012,7,34.8,26.4,431.0,88.0,2.2,7.0,2.7,41953,610851.8,524433.6,22.83,91.08,6,1,-0.4999999999999997,-0.8660254037844388,0,0,0,0,0,0,0,0,0,0,0,0,0,0,0,0,0,0,0,1,0,0,0,0,0,0,0,0,0,0,0,0,0
12871,2012,8,34.5,26.3,442.0,86.0,2.0,6.5,4.2,41953,610851.8,524433.6,22.83,91.08,6,1,-0.8660254037844385,-0.5000000000000004,0,0,0,0,0,0,0,0,0,0,0,0,0,0,0,0,0,0,0,1,0,0,0,0,0,0,0,0,0,0,0,0,0
12880,2013,5,35.0,24.7,671.0,86.0,5.6,7.0,2.7,41953,610851.8,524433.6,22.83,91.08,6,1,0.49999999999999994,-0.8660254037844387,0,0,0,0,0,0,0,0,0,0,0,0,0,0,0,0,0,0,0,1,0,0,0,0,0,0,0,0,0,0,0,0,0
12881,2013,6,36.6,26.9,658.0,82.0,3.9,6.1,5.6,41953,610851.8,524433.6,22.83,91.08,6,1,1.2246467991473532e-16,-1.0,0,0,0,0,0,0,0,0,0,0,0,0,0,0,0,0,0,0,0,1,0,0,0,0,0,0,0,0,0,0,0,0,0
12882,2013,7,35.0,26.5,482.0,86.0,5.3,6.7,4.3,41953,610851.8,524433.6,22.83,91.08,6,1,-0.4999999999999997,-0.8660254037844388,0,0,0,0,0,0,0,0,0,0,0,0,0,0,0,0,0,0,0,1,0,0,0,0,0,0,0,0,0,0,0,0,0
12883,2013,8,34.0,26.2,583.0,87.0,4.4,7.0,3.3,41953,610851.8,524433.6,22.83,91.08,6,1,-0.8660254037844385,-0.5000000000000004,0,0,0,0,0,0,0,0,0,0,0,0,0,0,0,0,0,0,0,1,0,0,0,0,0,0,0,0,0,0,0,0,0
12893,1989,6,35.2,26.5,341.7391304,84.0,2.5,5.591304348,4.223076923,41958,452007.3,499110.5,22.43,89.66,4,1,1.2246467991473532e-16,-1.0,0,0,0,0,0,0,0,0,0,0,0,0,0,0,0,0,0,0,0,0,1,0,0,0,0,0,0,0,0,0,0,0,0
12894,1989,7,35.0,26.3,381.2173913,86.0,2.3,5.934782609,3.992307692,41958,452007.3,499110.5,22.43,89.66,4,1,-0.4999999999999997,-0.8660254037844388,0,0,0,0,0,0,0,0,0,0,0,0,0,0,0,0,0,0,0,0,1,0,0,0,0,0,0,0,0,0,0,0,0
12895,1989,8,33.5,26.3,334.5652174,87.0,2.2,5.695652174,4.369230769,41958,452007.3,499110.5,22.43,89.66,4,1,-0.8660254037844385,-0.5000000000000004,0,0,0,0,0,0,0,0,0,0,0,0,0,0,0,0,0,0,0,0,1,0,0,0,0,0,0,0,0,0,0,0,0
12905,1990,6,35.3,26.8,341.7391304,87.0,1.8,5.591304348,4.223076923,41958,452007.3,499110.5,22.43,89.66,4,1,1.2246467991473532e-16,-1.0,0,0,0,0,0,0,0,0,0,0,0,0,0,0,0,0,0,0,0,0,1,0,0,0,0,0,0,0,0,0,0,0,0
12906,1990,7,34.0,25.7,381.2173913,90.0,1.1,5.934782609,3.992307692,41958,452007.3,499110.5,22.43,89.66,4,1,-0.4999999999999997,-0.8660254037844388,0,0,0,0,0,0,0,0,0,0,0,0,0,0,0,0,0,0,0,0,1,0,0,0,0,0,0,0,0,0,0,0,0
12907,1990,8,34.2,26.2,334.5652174,88.0,1.4,5.695652174,4.369230769,41958,452007.3,499110.5,22.43,89.66,4,1,-0.8660254037844385,-0.5000000000000004,0,0,0,0,0,0,0,0,0,0,0,0,0,0,0,0,0,0,0,0,1,0,0,0,0,0,0,0,0,0,0,0,0
12908,1990,9,33.6,26.1,334.1304348,93.0,1.2,5.213043478,4.746153846,41958,452007.3,499110.5,22.43,89.66,4,1,-1.0,-1.8369701987210297e-16,0,0,0,0,0,0,0,0,0,0,0,0,0,0,0,0,0,0,0,0,1,0,0,0,0,0,0,0,0,0,0,0,0
12917,1991,6,35.5,26.1,419.0,89.0,1.6,6.4,4.223076923,41958,452007.3,499110.5,22.43,89.66,4,1,1.2246467991473532e-16,-1.0,0,0,0,0,0,0,0,0,0,0,0,0,0,0,0,0,0,0,0,0,1,0,0,0,0,0,0,0,0,0,0,0,0
12918,1991,7,34.0,26.4,395.0,88.0,1.7,6.2,3.992307692,41958,452007.3,499110.5,22.43,89.66,4,1,-0.4999999999999997,-0.8660254037844388,0,0,0,0,0,0,0,0,0,0,0,0,0,0,0,0,0,0,0,0,1,0,0,0,0,0,0,0,0,0,0,0,0
12920,1991,9,35.0,25.7,323.0,91.0,0.8,5.8,4.746153846,41958,452007.3,499110.5,22.43,89.66,4,1,-1.0,-1.8369701987210297e-16,0,0,0,0,0,0,0,0,0,0,0,0,0,0,0,0,0,0,0,0,1,0,0,0,0,0,0,0,0,0,0,0,0
12930,1992,7,35.1,25.9,350.0,90.0,1.8,6.3,3.992307692,41958,452007.3,499110.5,22.43,89.66,4,1,-0.4999999999999997,-0.8660254037844388,0,0,0,0,0,0,0,0,0,0,0,0,0,0,0,0,0,0,0,0,1,0,0,0,0,0,0,0,0,0,0,0,0
12941,1993,6,35.0,26.1,424.0,88.0,3.0,6.0,4.223076923,41958,452007.3,499110.5,22.43,89.66,4,1,1.2246467991473532e-16,-1.0,0,0,0,0,0,0,0,0,0,0,0,0,0,0,0,0,0,0,0,0,1,0,0,0,0,0,0,0,0,0,0,0,0
12943,1993,8,34.1,26.4,379.0,90.0,2.3,6.1,4.369230769,41958,452007.3,499110.5,22.43,89.66,4,1,-0.8660254037844385,-0.5000000000000004,0,0,0,0,0,0,0,0,0,0,0,0,0,0,0,0,0,0,0,0,1,0,0,0,0,0,0,0,0,0,0,0,0
12953,1994,6,36.3,26.7,344.0,88.0,2.2,5.8,4.223076923,41958,452007.3,499110.5,22.43,89.66,4,1,1.2246467991473532e-16,-1.0,0,0,0,0,0,0,0,0,0,0,0,0,0,0,0,0,0,0,0,0,1,0,0,0,0,0,0,0,0,0,0,0,0
12955,1994,8,33.3,26.2,380.0,89.0,2.5,5.9,4.369230769,41958,452007.3,499110.5,22.43,89.66,4,1,-0.8660254037844385,-0.5000000000000004,0,0,0,0,0,0,0,0,0,0,0,0,0,0,0,0,0,0,0,0,1,0,0,0,0,0,0,0,0,0,0,0,0
12965,1995,6,35.3,27.1,304.0,89.0,2.2,5.6,4.223076923,41958,452007.3,499110.5,22.43,89.66,4,1,1.2246467991473532e-16,-1.0,0,0,0,0,0,0,0,0,0,0,0,0,0,0,0,0,0,0,0,0,1,0,0,0,0,0,0,0,0,0,0,0,0
12968,1995,9,34.2,26.1,302.0,89.0,1.8,5.6,4.746153846,41958,452007.3,499110.5,22.43,89.66,4,1,-1.0,-1.8369701987210297e-16,0,0,0,0,0,0,0,0,0,0,0,0,0,0,0,0,0,0,0,0,1,0,0,0,0,0,0,0,0,0,0,0,0
12977,1996,6,35.0,25.8,453.0,86.0,2.1,5.2,4.223076923,41958,452007.3,499110.5,22.43,89.66,4,1,1.2246467991473532e-16,-1.0,0,0,0,0,0,0,0,0,0,0,0,0,0,0,0,0,0,0,0,0,1,0,0,0,0,0,0,0,0,0,0,0,0
12978,1996,7,34.5,26.4,386.0,88.0,2.1,5.6,3.992307692,41958,452007.3,499110.5,22.43,89.66,4,1,-0.4999999999999997,-0.8660254037844388,0,0,0,0,0,0,0,0,0,0,0,0,0,0,0,0,0,0,0,0,1,0,0,0,0,0,0,0,0,0,0,0,0
12979,1996,8,33.2,25.9,357.0,90.0,2.0,5.8,4.369230769,41958,452007.3,499110.5,22.43,89.66,4,1,-0.8660254037844385,-0.5000000000000004,0,0,0,0,0,0,0,0,0,0,0,0,0,0,0,0,0,0,0,0,1,0,0,0,0,0,0,0,0,0,0,0,0
12990,1997,7,35.2,26.0,478.0,90.0,1.9,5.8,3.992307692,41958,452007.3,499110.5,22.43,89.66,4,1,-0.4999999999999997,-0.8660254037844388,0,0,0,0,0,0,0,0,0,0,0,0,0,0,0,0,0,0,0,0,1,0,0,0,0,0,0,0,0,0,0,0,0
12991,1997,8,36.0,26.4,355.0,88.0,2.3,5.3,4.369230769,41958,452007.3,499110.5,22.43,89.66,4,1,-0.8660254037844385,-0.5000000000000004,0,0,0,0,0,0,0,0,0,0,0,0,0,0,0,0,0,0,0,0,1,0,0,0,0,0,0,0,0,0,0,0,0
12992,1997,9,33.0,25.5,591.0,90.0,1.6,5.4,4.746153846,41958,452007.3,499110.5,22.43,89.66,4,1,-1.0,-1.8369701987210297e-16,0,0,0,0,0,0,0,0,0,0,0,0,0,0,0,0,0,0,0,0,1,0,0,0,0,0,0,0,0,0,0,0,0
13003,1998,8,34.6,26.5,443.0,89.0,1.9,5.9,4.369230769,41958,452007.3,499110.5,22.43,89.66,4,1,-0.8660254037844385,-0.5000000000000004,0,0,0,0,0,0,0,0,0,0,0,0,0,0,0,0,0,0,0,0,1,0,0,0,0,0,0,0,0,0,0,0,0
13004,1998,9,35.5,26.1,553.0,89.0,1.5,4.9,4.746153846,41958,452007.3,499110.5,22.43,89.66,4,1,-1.0,-1.8369701987210297e-16,0,0,0,0,0,0,0,0,0,0,0,0,0,0,0,0,0,0,0,0,1,0,0,0,0,0,0,0,0,0,0,0,0
13014,1999,7,35.4,26.0,435.0,89.0,1.8,6.0,3.992307692,41958,452007.3,499110.5,22.43,89.66,4,1,-0.4999999999999997,-0.8660254037844388,0,0,0,0,0,0,0,0,0,0,0,0,0,0,0,0,0,0,0,0,1,0,0,0,0,0,0,0,0,0,0,0,0
13015,1999,8,34.0,26.1,442.0,89.0,1.8,5.9,4.369230769,41958,452007.3,499110.5,22.43,89.66,4,1,-0.8660254037844385,-0.5000000000000004,0,0,0,0,0,0,0,0,0,0,0,0,0,0,0,0,0,0,0,0,1,0,0,0,0,0,0,0,0,0,0,0,0
13016,1999,9,33.5,25.8,479.0,90.0,1.7,5.6,4.746153846,41958,452007.3,499110.5,22.43,89.66,4,1,-1.0,-1.8369701987210297e-16,0,0,0,0,0,0,0,0,0,0,0,0,0,0,0,0,0,0,0,0,1,0,0,0,0,0,0,0,0,0,0,0,0
13017,1999,10,33.5,24.9,321.0,88.0,1.2,4.7,6.723076923,41958,452007.3,499110.5,22.43,89.66,4,1,-0.8660254037844386,0.5000000000000001,0,0,0,0,0,0,0,0,0,0,0,0,0,0,0,0,0,0,0,0,1,0,0,0,0,0,0,0,0,0,0,0,0
13026,2000,7,35.5,26.1,356.0,88.0,1.8,5.6,3.992307692,41958,452007.3,499110.5,22.43,89.66,4,1,-0.4999999999999997,-0.8660254037844388,0,0,0,0,0,0,0,0,0,0,0,0,0,0,0,0,0,0,0,0,1,0,0,0,0,0,0,0,0,0,0,0,0
13028,2000,9,34.5,25.7,327.0,88.0,1.3,4.7,4.746153846,41958,452007.3,499110.5,22.43,89.66,4,1,-1.0,-1.8369701987210297e-16,0,0,0,0,0,0,0,0,0,0,0,0,0,0,0,0,0,0,0,0,1,0,0,0,0,0,0,0,0,0,0,0,0
13037,2001,6,35.2,26.0,539.0,92.0,2.1,5.7,2.5,41958,452007.3,499110.5,22.43,89.66,4,1,1.2246467991473532e-16,-1.0,0,0,0,0,0,0,0,0,0,0,0,0,0,0,0,0,0,0,0,0,1,0,0,0,0,0,0,0,0,0,0,0,0
13038,2001,7,33.6,26.3,445.0,89.0,2.1,5.8,3.7,41958,452007.3,499110.5,22.43,89.66,4,1,-0.4999999999999997,-0.8660254037844388,0,0,0,0,0,0,0,0,0,0,0,0,0,0,0,0,0,0,0,0,1,0,0,0,0,0,0,0,0,0,0,0,0
13049,2002,6,37.6,26.0,983.0,88.0,1.7,5.9,4.5,41958,452007.3,499110.5,22.43,89.66,4,1,1.2246467991473532e-16,-1.0,0,0,0,0,0,0,0,0,0,0,0,0,0,0,0,0,0,0,0,0,1,0,0,0,0,0,0,0,0,0,0,0,0
13050,2002,7,36.5,26.9,389.0,86.0,1.4,6.1,3.0,41958,452007.3,499110.5,22.43,89.66,4,1,-0.4999999999999997,-0.8660254037844388,0,0,0,0,0,0,0,0,0,0,0,0,0,0,0,0,0,0,0,0,1,0,0,0,0,0,0,0,0,0,0,0,0
13051,2002,8,34.3,26.1,441.0,89.0,1.5,5.2,3.9,41958,452007.3,499110.5,22.43,89.66,4,1,-0.8660254037844385,-0.5000000000000004,0,0,0,0,0,0,0,0,0,0,0,0,0,0,0,0,0,0,0,0,1,0,0,0,0,0,0,0,0,0,0,0,0
13052,2002,9,35.5,25.7,492.0,90.0,1.3,5.0,5.2,41958,452007.3,499110.5,22.43,89.66,4,1,-1.0,-1.8369701987210297e-16,0,0,0,0,0,0,0,0,0,0,0,0,0,0,0,0,0,0,0,0,1,0,0,0,0,0,0,0,0,0,0,0,0
13061,2003,6,36.8,26.4,351.0,86.0,2.1,5.8,3.2,41958,452007.3,499110.5,22.43,89.66,4,1,1.2246467991473532e-16,-1.0,0,0,0,0,0,0,0,0,0,0,0,0,0,0,0,0,0,0,0,0,1,0,0,0,0,0,0,0,0,0,0,0,0
13075,2004,8,34.8,26.2,336.0,90.0,1.4,5.8,4.1,41958,452007.3,499110.5,22.43,89.66,4,1,-0.8660254037844385,-0.5000000000000004,0,0,0,0,0,0,0,0,0,0,0,0,0,0,0,0,0,0,0,0,1,0,0,0,0,0,0,0,0,0,0,0,0
13076,2004,9,35.6,26.0,506.0,90.0,1.4,5.8,4.2,41958,452007.3,499110.5,22.43,89.66,4,1,-1.0,-1.8369701987210297e-16,0,0,0,0,0,0,0,0,0,0,0,0,0,0,0,0,0,0,0,0,1,0,0,0,0,0,0,0,0,0,0,0,0
13086,2005,7,35.6,26.1,633.0,91.0,1.3,5.7,4.3,41958,452007.3,499110.5,22.43,89.66,4,1,-0.4999999999999997,-0.8660254037844388,0,0,0,0,0,0,0,0,0,0,0,0,0,0,0,0,0,0,0,0,1,0,0,0,0,0,0,0,0,0,0,0,0
13088,2005,9,35.0,26.1,391.0,90.0,0.8,4.8,5.0,41958,452007.3,499110.5,22.43,89.66,4,1,-1.0,-1.8369701987210297e-16,0,0,0,0,0,0,0,0,0,0,0,0,0,0,0,0,0,0,0,0,1,0,0,0,0,0,0,0,0,0,0,0,0
13089,2005,10,35.5,24.8,390.0,90.0,0.4,4.5,6.6,41958,452007.3,499110.5,22.43,89.66,4,1,-0.8660254037844386,0.5000000000000001,0,0,0,0,0,0,0,0,0,0,0,0,0,0,0,0,0,0,0,0,1,0,0,0,0,0,0,0,0,0,0,0,0
13098,2006,7,34.0,26.1,462.0,92.0,1.0,5.7,3.6,41958,452007.3,499110.5,22.43,89.66,4,1,-0.4999999999999997,-0.8660254037844388,0,0,0,0,0,0,0,0,0,0,0,0,0,0,0,0,0,0,0,0,1,0,0,0,0,0,0,0,0,0,0,0,0
13099,2006,8,35.0,26.1,318.0,92.0,1.7,5.7,4.0,41958,452007.3,499110.5,22.43,89.66,4,1,-0.8660254037844385,-0.5000000000000004,0,0,0,0,0,0,0,0,0,0,0,0,0,0,0,0,0,0,0,0,1,0,0,0,0,0,0,0,0,0,0,0,0
13100,2006,9,35.0,25.9,390.0,89.0,0.9,4.6,5.1,41958,452007.3,499110.5,22.43,89.66,4,1,-1.0,-1.8369701987210297e-16,0,0,0,0,0,0,0,0,0,0,0,0,0,0,0,0,0,0,0,0,1,0,0,0,0,0,0,0,0,0,0,0,0
13110,2007,7,34.8,26.2,580.0,90.0,1.1,6.1,2.8,41958,452007.3,499110.5,22.43,89.66,4,1,-0.4999999999999997,-0.8660254037844388,0,0,0,0,0,0,0,0,0,0,0,0,0,0,0,0,0,0,0,0,1,0,0,0,0,0,0,0,0,0,0,0,0
13112,2007,9,34.4,26.1,355.0,90.0,1.4,5.9,3.5,41958,452007.3,499110.5,22.43,89.66,4,1,-1.0,-1.8369701987210297e-16,0,0,0,0,0,0,0,0,0,0,0,0,0,0,0,0,0,0,0,0,1,0,0,0,0,0,0,0,0,0,0,0,0
13122,2008,7,33.6,25.9,474.0,90.0,1.3,6.8,3.1,41958,452007.3,499110.5,22.43,89.66,4,1,-0.4999999999999997,-0.8660254037844388,0,0,0,0,0,0,0,0,0,0,0,0,0,0,0,0,0,0,0,0,1,0,0,0,0,0,0,0,0,0,0,0,0
13124,2008,9,35.4,26.0,299.0,87.0,1.1,5.7,5.3,41958,452007.3,499110.5,22.43,89.66,4,1,-1.0,-1.8369701987210297e-16,0,0,0,0,0,0,0,0,0,0,0,0,0,0,0,0,0,0,0,0,1,0,0,0,0,0,0,0,0,0,0,0,0
13134,2009,7,35.0,26.3,424.0,92.0,3.1,6.8,3.4,41958,452007.3,499110.5,22.43,89.66,4,1,-0.4999999999999997,-0.8660254037844388,0,0,0,0,0,0,0,0,0,0,0,0,0,0,0,0,0,0,0,0,1,0,0,0,0,0,0,0,0,0,0,0,0
13135,2009,8,34.5,26.3,478.0,91.0,2.9,6.0,3.5,41958,452007.3,499110.5,22.43,89.66,4,1,-0.8660254037844385,-0.5000000000000004,0,0,0,0,0,0,0,0,0,0,0,0,0,0,0,0,0,0,0,0,1,0,0,0,0,0,0,0,0,0,0,0,0
13136,2009,9,35.0,26.2,316.0,89.0,3.1,5.7,4.7,41958,452007.3,499110.5,22.43,89.66,4,1,-1.0,-1.8369701987210297e-16,0,0,0,0,0,0,0,0,0,0,0,0,0,0,0,0,0,0,0,0,1,0,0,0,0,0,0,0,0,0,0,0,0
13149,2010,10,36.5,24.9,324.0,85.0,1.8,4.1,6.2,41958,452007.3,499110.5,22.43,89.66,4,1,-0.8660254037844386,0.5000000000000001,0,0,0,0,0,0,0,0,0,0,0,0,0,0,0,0,0,0,0,0,1,0,0,0,0,0,0,0,0,0,0,0,0
13157,2011,6,37.0,26.6,504.0,87.0,3.6,6.1,5.1,41958,452007.3,499110.5,22.43,89.66,4,1,1.2246467991473532e-16,-1.0,0,0,0,0,0,0,0,0,0,0,0,0,0,0,0,0,0,0,0,0,1,0,0,0,0,0,0,0,0,0,0,0,0
13159,2011,8,36.0,26.0,639.0,89.0,2.7,6.2,3.5,41958,452007.3,499110.5,22.43,89.66,4,1,-0.8660254037844385,-0.5000000000000004,0,0,0,0,0,0,0,0,0,0,0,0,0,0,0,0,0,0,0,0,1,0,0,0,0,0,0,0,0,0,0,0,0
13160,2011,9,35.2,25.9,421.0,91.0,2.7,5.6,4.0,41958,452007.3,499110.5,22.43,89.66,4,1,-1.0,-1.8369701987210297e-16,0,0,0,0,0,0,0,0,0,0,0,0,0,0,0,0,0,0,0,0,1,0,0,0,0,0,0,0,0,0,0,0,0
13171,2012,8,35.0,26.5,449.0,88.0,2.4,5.8,4.4,41958,452007.3,499110.5,22.43,89.66,4,1,-0.8660254037844385,-0.5000000000000004,0,0,0,0,0,0,0,0,0,0,0,0,0,0,0,0,0,0,0,0,1,0,0,0,0,0,0,0,0,0,0,0,0
13172,2012,9,35.4,26.4,420.0,89.0,1.9,5.4,4.6,41958,452007.3,499110.5,22.43,89.66,4,1,-1.0,-1.8369701987210297e-16,0,0,0,0,0,0,0,0,0,0,0,0,0,0,0,0,0,0,0,0,1,0,0,0,0,0,0,0,0,0,0,0,0
13180,2013,5,39.0,25.3,359.0,84.0,3.7,6.1,4.4,41958,452007.3,499110.5,22.43,89.66,4,1,0.49999999999999994,-0.8660254037844387,0,0,0,0,0,0,0,0,0,0,0,0,0,0,0,0,0,0,0,0,1,0,0,0,0,0,0,0,0,0,0,0,0
13182,2013,7,34.2,26.7,401.0,87.0,2.9,5.8,4.7,41958,452007.3,499110.5,22.43,89.66,4,1,-0.4999999999999997,-0.8660254037844388,0,0,0,0,0,0,0,0,0,0,0,0,0,0,0,0,0,0,0,0,1,0,0,0,0,0,0,0,0,0,0,0,0
13192,1948,5,34.3,23.6,537.0,81.0,1.692592593,6.3,6.122857143,41886,540975.3,737535.8,24.75,90.41,19,1,0.49999999999999994,-0.8660254037844387,0,0,0,0,0,0,0,0,0,0,0,0,0,0,0,0,0,0,0,0,0,1,0,0,0,0,0,0,0,0,0,0,0
13194,1948,7,34.7,25.8,513.0,84.0,1.544444444,7.5,3.691428571,41886,540975.3,737535.8,24.75,90.41,19,1,-0.4999999999999997,-0.8660254037844388,0,0,0,0,0,0,0,0,0,0,0,0,0,0,0,0,0,0,0,0,0,1,0,0,0,0,0,0,0,0,0,0,0
13196,1948,9,34.3,25.5,432.0,87.0,1.114814815,6.7,4.231428571,41886,540975.3,737535.8,24.75,90.41,19,1,-1.0,-1.8369701987210297e-16,0,0,0,0,0,0,0,0,0,0,0,0,0,0,0,0,0,0,0,0,0,1,0,0,0,0,0,0,0,0,0,0,0
13206,1949,7,31.8,25.8,398.0,86.0,1.544444444,6.5,3.691428571,41886,540975.3,737535.8,24.75,90.41,19,1,-0.4999999999999997,-0.8660254037844388,0,0,0,0,0,0,0,0,0,0,0,0,0,0,0,0,0,0,0,0,0,1,0,0,0,0,0,0,0,0,0,0,0
13217,1950,6,35.4,25.3,502.0,86.0,1.7,6.8,4.02,41886,540975.3,737535.8,24.75,90.41,19,1,1.2246467991473532e-16,-1.0,0,0,0,0,0,0,0,0,0,0,0,0,0,0,0,0,0,0,0,0,0,1,0,0,0,0,0,0,0,0,0,0,0
13219,1950,8,35.4,24.6,498.0,90.0,1.411111111,7.9,4.377142857,41886,540975.3,737535.8,24.75,90.41,19,1,-0.8660254037844385,-0.5000000000000004,0,0,0,0,0,0,0,0,0,0,0,0,0,0,0,0,0,0,0,0,0,1,0,0,0,0,0,0,0,0,0,0,0
13229,1951,6,36.0,25.4,401.0,88.0,1.7,6.2,4.02,41886,540975.3,737535.8,24.75,90.41,19,1,1.2246467991473532e-16,-1.0,0,0,0,0,0,0,0,0,0,0,0,0,0,0,0,0,0,0,0,0,0,1,0,0,0,0,0,0,0,0,0,0,0
13244,1952,9,32.8,26.1,468.0,88.0,1.114814815,7.0,4.231428571,41886,540975.3,737535.8,24.75,90.41,19,1,-1.0,-1.8369701987210297e-16,0,0,0,0,0,0,0,0,0,0,0,0,0,0,0,0,0,0,0,0,0,1,0,0,0,0,0,0,0,0,0,0,0
13253,1953,6,35.7,25.7,473.0,89.0,1.7,7.6,4.02,41886,540975.3,737535.8,24.75,90.41,19,1,1.2246467991473532e-16,-1.0,0,0,0,0,0,0,0,0,0,0,0,0,0,0,0,0,0,0,0,0,0,1,0,0,0,0,0,0,0,0,0,0,0
13254,1953,7,36.0,26.2,407.0,89.0,1.544444444,7.3,3.691428571,41886,540975.3,737535.8,24.75,90.41,19,1,-0.4999999999999997,-0.8660254037844388,0,0,0,0,0,0,0,0,0,0,0,0,0,0,0,0,0,0,0,0,0,1,0,0,0,0,0,0,0,0,0,0,0
13256,1953,9,36.0,25.4,788.0,89.0,1.114814815,6.0,4.231428571,41886,540975.3,737535.8,24.75,90.41,19,1,-1.0,-1.8369701987210297e-16,0,0,0,0,0,0,0,0,0,0,0,0,0,0,0,0,0,0,0,0,0,1,0,0,0,0,0,0,0,0,0,0,0
13277,1955,6,34.3,24.7,583.0,86.0,1.7,6.5,4.02,41886,540975.3,737535.8,24.75,90.41,19,1,1.2246467991473532e-16,-1.0,0,0,0,0,0,0,0,0,0,0,0,0,0,0,0,0,0,0,0,0,0,1,0,0,0,0,0,0,0,0,0,0,0
13278,1955,7,32.7,25.6,536.0,88.0,1.544444444,7.2,3.691428571,41886,540975.3,737535.8,24.75,90.41,19,1,-0.4999999999999997,-0.8660254037844388,0,0,0,0,0,0,0,0,0,0,0,0,0,0,0,0,0,0,0,0,0,1,0,0,0,0,0,0,0,0,0,0,0
13279,1955,8,33.2,25.6,702.0,90.0,1.411111111,6.5,4.377142857,41886,540975.3,737535.8,24.75,90.41,19,1,-0.8660254037844385,-0.5000000000000004,0,0,0,0,0,0,0,0,0,0,0,0,0,0,0,0,0,0,0,0,0,1,0,0,0,0,0,0,0,0,0,0,0
13288,1956,5,34.9,24.7,471.0,85.0,1.692592593,6.4,6.122857143,41886,540975.3,737535.8,24.75,90.41,19,1,0.49999999999999994,-0.8660254037844387,0,0,0,0,0,0,0,0,0,0,0,0,0,0,0,0,0,0,0,0,0,1,0,0,0,0,0,0,0,0,0,0,0
13289,1956,6,33.2,25.0,602.0,89.0,1.7,7.1,4.02,41886,540975.3,737535.8,24.75,90.41,19,1,1.2246467991473532e-16,-1.0,0,0,0,0,0,0,0,0,0,0,0,0,0,0,0,0,0,0,0,0,0,1,0,0,0,0,0,0,0,0,0,0,0
13290,1956,7,34.3,25.3,433.0,86.0,1.544444444,6.9,3.691428571,41886,540975.3,737535.8,24.75,90.41,19,1,-0.4999999999999997,-0.8660254037844388,0,0,0,0,0,0,0,0,0,0,0,0,0,0,0,0,0,0,0,0,0,1,0,0,0,0,0,0,0,0,0,0,0
13291,1956,8,34.2,25.3,727.0,86.0,1.411111111,7.2,4.377142857,41886,540975.3,737535.8,24.75,90.41,19,1,-0.8660254037844385,-0.5000000000000004,0,0,0,0,0,0,0,0,0,0,0,0,0,0,0,0,0,0,0,0,0,1,0,0,0,0,0,0,0,0,0,0,0
13301,1957,6,34.9,24.2,579.0,87.0,1.7,6.6,4.02,41886,540975.3,737535.8,24.75,90.41,19,1,1.2246467991473532e-16,-1.0,0,0,0,0,0,0,0,0,0,0,0,0,0,0,0,0,0,0,0,0,0,1,0,0,0,0,0,0,0,0,0,0,0
13313,1958,6,35.9,25.5,432.0,87.0,1.7,5.7,4.02,41886,540975.3,737535.8,24.75,90.41,19,1,1.2246467991473532e-16,-1.0,0,0,0,0,0,0,0,0,0,0,0,0,0,0,0,0,0,0,0,0,0,1,0,0,0,0,0,0,0,0,0,0,0
13315,1958,8,33.5,25.6,523.0,88.0,1.411111111,7.1,4.377142857,41886,540975.3,737535.8,24.75,90.41,19,1,-0.8660254037844385,-0.5000000000000004,0,0,0,0,0,0,0,0,0,0,0,0,0,0,0,0,0,0,0,0,0,1,0,0,0,0,0,0,0,0,0,0,0
13325,1959,6,35.3,25.2,505.0,87.0,1.7,6.3,4.02,41886,540975.3,737535.8,24.75,90.41,19,1,1.2246467991473532e-16,-1.0,0,0,0,0,0,0,0,0,0,0,0,0,0,0,0,0,0,0,0,0,0,1,0,0,0,0,0,0,0,0,0,0,0
13327,1959,8,36.8,25.7,931.0,86.0,1.411111111,6.1,4.377142857,41886,540975.3,737535.8,24.75,90.41,19,1,-0.8660254037844385,-0.5000000000000004,0,0,0,0,0,0,0,0,0,0,0,0,0,0,0,0,0,0,0,0,0,1,0,0,0,0,0,0,0,0,0,0,0
13329,1959,10,37.2,22.7,626.0,86.0,0.7,4.4,6.52,41886,540975.3,737535.8,24.75,90.41,19,1,-0.8660254037844386,0.5000000000000001,0,0,0,0,0,0,0,0,0,0,0,0,0,0,0,0,0,0,0,0,0,1,0,0,0,0,0,0,0,0,0,0,0
13338,1960,7,33.3,25.4,384.0,88.0,0.9,6.6,3.691428571,41886,540975.3,737535.8,24.75,90.41,19,1,-0.4999999999999997,-0.8660254037844388,0,0,0,0,0,0,0,0,0,0,0,0,0,0,0,0,0,0,0,0,0,1,0,0,0,0,0,0,0,0,0,0,0
13340,1960,9,34.7,25.6,579.0,88.0,0.6,5.7,4.231428571,41886,540975.3,737535.8,24.75,90.41,19,1,-1.0,-1.8369701987210297e-16,0,0,0,0,0,0,0,0,0,0,0,0,0,0,0,0,0,0,0,0,0,1,0,0,0,0,0,0,0,0,0,0,0
13349,1961,6,36.9,24.9,456.0,87.0,0.6,5.7,4.02,41886,540975.3,737535.8,24.75,90.41,19,1,1.2246467991473532e-16,-1.0,0,0,0,0,0,0,0,0,0,0,0,0,0,0,0,0,0,0,0,0,0,1,0,0,0,0,0,0,0,0,0,0,0
13361,1962,6,35.6,25.1,461.0,86.0,0.6,6.3,4.02,41886,540975.3,737535.8,24.75,90.41,19,1,1.2246467991473532e-16,-1.0,0,0,0,0,0,0,0,0,0,0,0,0,0,0,0,0,0,0,0,0,0,1,0,0,0,0,0,0,0,0,0,0,0
13373,1963,6,35.4,24.8,518.0,88.0,0.5,6.3,4.02,41886,540975.3,737535.8,24.75,90.41,19,1,1.2246467991473532e-16,-1.0,0,0,0,0,0,0,0,0,0,0,0,0,0,0,0,0,0,0,0,0,0,1,0,0,0,0,0,0,0,0,0,0,0
13374,1963,7,33.8,25.9,410.0,91.0,0.5,6.8,3.691428571,41886,540975.3,737535.8,24.75,90.41,19,1,-0.4999999999999997,-0.8660254037844388,0,0,0,0,0,0,0,0,0,0,0,0,0,0,0,0,0,0,0,0,0,1,0,0,0,0,0,0,0,0,0,0,0
13385,1964,6,35.0,24.7,598.0,89.0,0.5,6.6,4.02,41886,540975.3,737535.8,24.75,90.41,19,1,1.2246467991473532e-16,-1.0,0,0,0,0,0,0,0,0,0,0,0,0,0,0,0,0,0,0,0,0,0,1,0,0,0,0,0,0,0,0,0,0,0
13386,1964,7,34.0,25.3,488.0,90.0,0.1,6.6,3.691428571,41886,540975.3,737535.8,24.75,90.41,19,1,-0.4999999999999997,-0.8660254037844388,0,0,0,0,0,0,0,0,0,0,0,0,0,0,0,0,0,0,0,0,0,1,0,0,0,0,0,0,0,0,0,0,0
13388,1964,9,35.0,25.7,448.0,88.0,0.1,5.6,4.231428571,41886,540975.3,737535.8,24.75,90.41,19,1,-1.0,-1.8369701987210297e-16,0,0,0,0,0,0,0,0,0,0,0,0,0,0,0,0,0,0,0,0,0,1,0,0,0,0,0,0,0,0,0,0,0
13397,1965,6,35.0,24.8,409.0,88.0,0.9,6.5,4.02,41886,540975.3,737535.8,24.75,90.41,19,1,1.2246467991473532e-16,-1.0,0,0,0,0,0,0,0,0,0,0,0,0,0,0,0,0,0,0,0,0,0,1,0,0,0,0,0,0,0,0,0,0,0
13398,1965,7,33.3,25.4,558.0,87.0,0.6,6.2,3.691428571,41886,540975.3,737535.8,24.75,90.41,19,1,-0.4999999999999997,-0.8660254037844388,0,0,0,0,0,0,0,0,0,0,0,0,0,0,0,0,0,0,0,0,0,1,0,0,0,0,0,0,0,0,0,0,0
13399,1965,8,33.9,24.8,669.0,89.0,0.3,6.9,4.377142857,41886,540975.3,737535.8,24.75,90.41,19,1,-0.8660254037844385,-0.5000000000000004,0,0,0,0,0,0,0,0,0,0,0,0,0,0,0,0,0,0,0,0,0,1,0,0,0,0,0,0,0,0,0,0,0
13411,1966,8,32.2,25.7,472.0,89.0,0.3,6.5,4.377142857,41886,540975.3,737535.8,24.75,90.41,19,1,-0.8660254037844385,-0.5000000000000004,0,0,0,0,0,0,0,0,0,0,0,0,0,0,0,0,0,0,0,0,0,1,0,0,0,0,0,0,0,0,0,0,0
13422,1967,7,35.0,25.9,451.0,85.0,0.3,6.0,3.691428571,41886,540975.3,737535.8,24.75,90.41,19,1,-0.4999999999999997,-0.8660254037844388,0,0,0,0,0,0,0,0,0,0,0,0,0,0,0,0,0,0,0,0,0,1,0,0,0,0,0,0,0,0,0,0,0
13433,1968,6,33.3,24.9,464.0,85.0,0.8,5.3,4.02,41886,540975.3,737535.8,24.75,90.41,19,1,1.2246467991473532e-16,-1.0,0,0,0,0,0,0,0,0,0,0,0,0,0,0,0,0,0,0,0,0,0,1,0,0,0,0,0,0,0,0,0,0,0
13434,1968,7,32.8,25.9,618.0,87.0,0.4,6.0,3.691428571,41886,540975.3,737535.8,24.75,90.41,19,1,-0.4999999999999997,-0.8660254037844388,0,0,0,0,0,0,0,0,0,0,0,0,0,0,0,0,0,0,0,0,0,1,0,0,0,0,0,0,0,0,0,0,0
13445,1969,6,31.9,24.8,430.0,86.0,1.7,6.2,4.02,41886,540975.3,737535.8,24.75,90.41,19,1,1.2246467991473532e-16,-1.0,0,0,0,0,0,0,0,0,0,0,0,0,0,0,0,0,0,0,0,0,0,1,0,0,0,0,0,0,0,0,0,0,0
13447,1969,8,33.9,25.2,634.0,87.0,0.5,5.9,4.377142857,41886,540975.3,737535.8,24.75,90.41,19,1,-0.8660254037844385,-0.5000000000000004,0,0,0,0,0,0,0,0,0,0,0,0,0,0,0,0,0,0,0,0,0,1,0,0,0,0,0,0,0,0,0,0,0
13457,1970,6,33.9,25.1,570.0,84.0,0.2,6.0,4.02,41886,540975.3,737535.8,24.75,90.41,19,1,1.2246467991473532e-16,-1.0,0,0,0,0,0,0,0,0,0,0,0,0,0,0,0,0,0,0,0,0,0,1,0,0,0,0,0,0,0,0,0,0,0
13470,1971,7,31.8,25.8,398.0,86.0,1.5,6.5,3.691428571,41886,540975.3,737535.8,24.75,90.41,19,1,-0.4999999999999997,-0.8660254037844388,0,0,0,0,0,0,0,0,0,0,0,0,0,0,0,0,0,0,0,0,0,1,0,0,0,0,0,0,0,0,0,0,0
13472,1971,9,35.6,26.1,439.0,85.0,0.6,5.3,4.231428571,41886,540975.3,737535.8,24.75,90.41,19,1,-1.0,-1.8369701987210297e-16,0,0,0,0,0,0,0,0,0,0,0,0,0,0,0,0,0,0,0,0,0,1,0,0,0,0,0,0,0,0,0,0,0
13481,1972,6,35.6,24.9,625.0,85.0,0.6,6.2,4.02,41886,540975.3,737535.8,24.75,90.41,19,1,1.2246467991473532e-16,-1.0,0,0,0,0,0,0,0,0,0,0,0,0,0,0,0,0,0,0,0,0,0,1,0,0,0,0,0,0,0,0,0,0,0
13482,1972,7,36.7,25.8,418.0,86.0,0.8,6.5,3.691428571,41886,540975.3,737535.8,24.75,90.41,19,1,-0.4999999999999997,-0.8660254037844388,0,0,0,0,0,0,0,0,0,0,0,0,0,0,0,0,0,0,0,0,0,1,0,0,0,0,0,0,0,0,0,0,0
13506,1974,7,36.7,24.4,554.0,86.0,0.3,6.9,3.691428571,41886,540975.3,737535.8,24.75,90.41,19,1,-0.4999999999999997,-0.8660254037844388,0,0,0,0,0,0,0,0,0,0,0,0,0,0,0,0,0,0,0,0,0,1,0,0,0,0,0,0,0,0,0,0,0
13529,1976,6,33.9,24.5,419.0,85.0,0.0,5.8,4.02,41886,540975.3,737535.8,24.75,90.41,19,1,1.2246467991473532e-16,-1.0,0,0,0,0,0,0,0,0,0,0,0,0,0,0,0,0,0,0,0,0,0,1,0,0,0,0,0,0,0,0,0,0,0
13530,1976,7,33.9,24.6,648.0,86.0,0.1,5.1,3.691428571,41886,540975.3,737535.8,24.75,90.41,19,1,-0.4999999999999997,-0.8660254037844388,0,0,0,0,0,0,0,0,0,0,0,0,0,0,0,0,0,0,0,0,0,1,0,0,0,0,0,0,0,0,0,0,0
13531,1976,8,32.8,25.5,571.0,85.0,0.2,5.8,4.377142857,41886,540975.3,737535.8,24.75,90.41,19,1,-0.8660254037844385,-0.5000000000000004,0,0,0,0,0,0,0,0,0,0,0,0,0,0,0,0,0,0,0,0,0,1,0,0,0,0,0,0,0,0,0,0,0
13540,1977,5,32.8,23.6,729.0,80.0,3.8,5.1,6.122857143,41886,540975.3,737535.8,24.75,90.41,19,1,0.49999999999999994,-0.8660254037844387,0,0,0,0,0,0,0,0,0,0,0,0,0,0,0,0,0,0,0,0,0,1,0,0,0,0,0,0,0,0,0,0,0
13541,1977,6,32.2,25.3,794.0,89.0,3.9,6.3,4.02,41886,540975.3,737535.8,24.75,90.41,19,1,1.2246467991473532e-16,-1.0,0,0,0,0,0,0,0,0,0,0,0,0,0,0,0,0,0,0,0,0,0,1,0,0,0,0,0,0,0,0,0,0,0
13552,1978,5,36.0,23.2,405.0,85.0,3.1,5.2,6.122857143,41886,540975.3,737535.8,24.75,90.41,19,1,0.49999999999999994,-0.8660254037844387,0,0,0,0,0,0,0,0,0,0,0,0,0,0,0,0,0,0,0,0,0,1,0,0,0,0,0,0,0,0,0,0,0
13553,1978,6,33.0,25.2,509.0,88.0,2.5,6.4,4.02,41886,540975.3,737535.8,24.75,90.41,19,1,1.2246467991473532e-16,-1.0,0,0,0,0,0,0,0,0,0,0,0,0,0,0,0,0,0,0,0,0,0,1,0,0,0,0,0,0,0,0,0,0,0
13554,1978,7,33.8,26.1,475.0,86.0,2.0,6.3,3.691428571,41886,540975.3,737535.8,24.75,90.41,19,1,-0.4999999999999997,-0.8660254037844388,0,0,0,0,0,0,0,0,0,0,0,0,0,0,0,0,0,0,0,0,0,1,0,0,0,0,0,0,0,0,0,0,0
13576,1980,5,34.4,23.5,723.0,77.0,3.2,5.5,6.3,41886,540975.3,737535.8,24.75,90.41,19,1,0.49999999999999994,-0.8660254037844387,0,0,0,0,0,0,0,0,0,0,0,0,0,0,0,0,0,0,0,0,0,1,0,0,0,0,0,0,0,0,0,0,0
13579,1980,8,34.4,26.2,464.0,81.0,2.6,6.5,5.0,41886,540975.3,737535.8,24.75,90.41,19,1,-0.8660254037844385,-0.5000000000000004,0,0,0,0,0,0,0,0,0,0,0,0,0,0,0,0,0,0,0,0,0,1,0,0,0,0,0,0,0,0,0,0,0
13590,1981,7,33.8,26.0,683.0,84.0,2.6,7.0,3.4,41886,540975.3,737535.8,24.75,90.41,19,1,-0.4999999999999997,-0.8660254037844388,0,0,0,0,0,0,0,0,0,0,0,0,0,0,0,0,0,0,0,0,0,1,0,0,0,0,0,0,0,0,0,0,0
13601,1982,6,36.0,25.6,689.0,84.0,2.1,6.9,4.1,41886,540975.3,737535.8,24.75,90.41,19,1,1.2246467991473532e-16,-1.0,0,0,0,0,0,0,0,0,0,0,0,0,0,0,0,0,0,0,0,0,0,1,0,0,0,0,0,0,0,0,0,0,0
13602,1982,7,34.5,26.0,582.0,84.0,2.2,6.9,3.5,41886,540975.3,737535.8,24.75,90.41,19,1,-0.4999999999999997,-0.8660254037844388,0,0,0,0,0,0,0,0,0,0,0,0,0,0,0,0,0,0,0,0,0,1,0,0,0,0,0,0,0,0,0,0,0
13612,1983,5,36.7,23.3,512.0,79.0,1.7,4.8,6.2,41886,540975.3,737535.8,24.75,90.41,19,1,0.49999999999999994,-0.8660254037844387,0,0,0,0,0,0,0,0,0,0,0,0,0,0,0,0,0,0,0,0,0,1,0,0,0,0,0,0,0,0,0,0,0
13615,1983,8,34.3,25.9,865.0,85.0,2.4,6.3,4.4,41886,540975.3,737535.8,24.75,90.41,19,1,-0.8660254037844385,-0.5000000000000004,0,0,0,0,0,0,0,0,0,0,0,0,0,0,0,0,0,0,0,0,0,1,0,0,0,0,0,0,0,0,0,0,0
13617,1983,10,34.2,23.9,453.0,81.0,1.0,4.1,6.0,41886,540975.3,737535.8,24.75,90.41,19,1,-0.8660254037844386,0.5000000000000001,0,0,0,0,0,0,0,0,0,0,0,0,0,0,0,0,0,0,0,0,0,1,0,0,0,0,0,0,0,0,0,0,0
13624,1984,5,34.0,23.4,476.0,85.0,2.6,6.2,3.9,41886,540975.3,737535.8,24.75,90.41,19,1,0.49999999999999994,-0.8660254037844387,0,0,0,0,0,0,0,0,0,0,0,0,0,0,0,0,0,0,0,0,0,1,0,0,0,0,0,0,0,0,0,0,0
13625,1984,6,36.0,25.7,512.0,85.0,2.5,6.4,3.5,41886,540975.3,737535.8,24.75,90.41,19,1,1.2246467991473532e-16,-1.0,0,0,0,0,0,0,0,0,0,0,0,0,0,0,0,0,0,0,0,0,0,1,0,0,0,0,0,0,0,0,0,0,0
13626,1984,7,33.5,25.6,689.0,86.0,2.1,6.6,2.3,41886,540975.3,737535.8,24.75,90.41,19,1,-0.4999999999999997,-0.8660254037844388,0,0,0,0,0,0,0,0,0,0,0,0,0,0,0,0,0,0,0,0,0,1,0,0,0,0,0,0,0,0,0,0,0
13628,1984,9,33.5,24.7,468.0,86.0,1.5,5.6,3.5,41886,540975.3,737535.8,24.75,90.41,19,1,-1.0,-1.8369701987210297e-16,0,0,0,0,0,0,0,0,0,0,0,0,0,0,0,0,0,0,0,0,0,1,0,0,0,0,0,0,0,0,0,0,0
13650,1986,7,33.4,26.0,673.0,85.0,2.9,7.1,3.5,41886,540975.3,737535.8,24.75,90.41,19,1,-0.4999999999999997,-0.8660254037844388,0,0,0,0,0,0,0,0,0,0,0,0,0,0,0,0,0,0,0,0,0,1,0,0,0,0,0,0,0,0,0,0,0
13652,1986,9,34.3,25.0,647.0,83.0,2.5,6.5,3.5,41886,540975.3,737535.8,24.75,90.41,19,1,-1.0,-1.8369701987210297e-16,0,0,0,0,0,0,0,0,0,0,0,0,0,0,0,0,0,0,0,0,0,1,0,0,0,0,0,0,0,0,0,0,0
13653,1986,10,32.3,22.6,583.0,81.0,1.6,4.2,5.8,41886,540975.3,737535.8,24.75,90.41,19,1,-0.8660254037844386,0.5000000000000001,0,0,0,0,0,0,0,0,0,0,0,0,0,0,0,0,0,0,0,0,0,1,0,0,0,0,0,0,0,0,0,0,0
13661,1987,6,35.2,26.3,406.0,85.0,2.3,6.3,3.6,41886,540975.3,737535.8,24.75,90.41,19,1,1.2246467991473532e-16,-1.0,0,0,0,0,0,0,0,0,0,0,0,0,0,0,0,0,0,0,0,0,0,1,0,0,0,0,0,0,0,0,0,0,0
13662,1987,7,33.3,26.3,410.0,88.0,2.7,6.8,3.0,41886,540975.3,737535.8,24.75,90.41,19,1,-0.4999999999999997,-0.8660254037844388,0,0,0,0,0,0,0,0,0,0,0,0,0,0,0,0,0,0,0,0,0,1,0,0,0,0,0,0,0,0,0,0,0
13663,1987,8,34.6,26.3,479.0,86.0,2.2,6.1,3.6,41886,540975.3,737535.8,24.75,90.41,19,1,-0.8660254037844385,-0.5000000000000004,0,0,0,0,0,0,0,0,0,0,0,0,0,0,0,0,0,0,0,0,0,1,0,0,0,0,0,0,0,0,0,0,0
13672,1988,5,34.2,23.6,734.0,85.0,2.7,6.0,4.3,41886,540975.3,737535.8,24.75,90.41,19,1,0.49999999999999994,-0.8660254037844387,0,0,0,0,0,0,0,0,0,0,0,0,0,0,0,0,0,0,0,0,0,1,0,0,0,0,0,0,0,0,0,0,0
13673,1988,6,35.6,26.1,587.0,85.0,2.9,5.9,3.9,41886,540975.3,737535.8,24.75,90.41,19,1,1.2246467991473532e-16,-1.0,0,0,0,0,0,0,0,0,0,0,0,0,0,0,0,0,0,0,0,0,0,1,0,0,0,0,0,0,0,0,0,0,0
13674,1988,7,34.7,26.6,586.0,87.0,2.2,6.5,3.9,41886,540975.3,737535.8,24.75,90.41,19,1,-0.4999999999999997,-0.8660254037844388,0,0,0,0,0,0,0,0,0,0,0,0,0,0,0,0,0,0,0,0,0,1,0,0,0,0,0,0,0,0,0,0,0
13675,1988,8,34.1,26.3,411.0,88.0,2.1,6.7,2.5,41886,540975.3,737535.8,24.75,90.41,19,1,-0.8660254037844385,-0.5000000000000004,0,0,0,0,0,0,0,0,0,0,0,0,0,0,0,0,0,0,0,0,0,1,0,0,0,0,0,0,0,0,0,0,0
13676,1988,9,35.3,26.2,309.0,85.0,1.5,5.2,4.5,41886,540975.3,737535.8,24.75,90.41,19,1,-1.0,-1.8369701987210297e-16,0,0,0,0,0,0,0,0,0,0,0,0,0,0,0,0,0,0,0,0,0,1,0,0,0,0,0,0,0,0,0,0,0
13686,1989,7,34.5,26.0,812.0,87.0,1.3,6.4,3.3,41886,540975.3,737535.8,24.75,90.41,19,1,-0.4999999999999997,-0.8660254037844388,0,0,0,0,0,0,0,0,0,0,0,0,0,0,0,0,0,0,0,0,0,1,0,0,0,0,0,0,0,0,0,0,0
13688,1989,9,34.0,25.5,406.0,89.0,1.2,5.8,2.9,41886,540975.3,737535.8,24.75,90.41,19,1,-1.0,-1.8369701987210297e-16,0,0,0,0,0,0,0,0,0,0,0,0,0,0,0,0,0,0,0,0,0,1,0,0,0,0,0,0,0,0,0,0,0
13697,1990,6,34.8,25.5,529.0,88.0,1.4,6.1,3.5,41886,540975.3,737535.8,24.75,90.41,19,1,1.2246467991473532e-16,-1.0,0,0,0,0,0,0,0,0,0,0,0,0,0,0,0,0,0,0,0,0,0,1,0,0,0,0,0,0,0,0,0,0,0
13698,1990,7,33.2,25.3,477.0,89.0,1.5,6.4,3.0,41886,540975.3,737535.8,24.75,90.41,19,1,-0.4999999999999997,-0.8660254037844388,0,0,0,0,0,0,0,0,0,0,0,0,0,0,0,0,0,0,0,0,0,1,0,0,0,0,0,0,0,0,0,0,0
13708,1991,5,33.0,20.4,679.0,87.0,2.5,6.6,2.2,41886,540975.3,737535.8,24.75,90.41,19,1,0.49999999999999994,-0.8660254037844387,0,0,0,0,0,0,0,0,0,0,0,0,0,0,0,0,0,0,0,0,0,1,0,0,0,0,0,0,0,0,0,0,0
13709,1991,6,34.0,23.8,603.0,88.0,1.4,6.4,2.3,41886,540975.3,737535.8,24.75,90.41,19,1,1.2246467991473532e-16,-1.0,0,0,0,0,0,0,0,0,0,0,0,0,0,0,0,0,0,0,0,0,0,1,0,0,0,0,0,0,0,0,0,0,0
13712,1991,9,32.6,22.9,735.0,92.0,0.8,6.3,1.5,41886,540975.3,737535.8,24.75,90.41,19,1,-1.0,-1.8369701987210297e-16,0,0,0,0,0,0,0,0,0,0,0,0,0,0,0,0,0,0,0,0,0,1,0,0,0,0,0,0,0,0,0,0,0
13733,1993,6,34.2,24.9,848.0,86.0,2.5,6.5,4.2,41886,540975.3,737535.8,24.75,90.41,19,1,1.2246467991473532e-16,-1.0,0,0,0,0,0,0,0,0,0,0,0,0,0,0,0,0,0,0,0,0,0,1,0,0,0,0,0,0,0,0,0,0,0
13734,1993,7,33.9,26.1,512.0,85.0,2.2,6.2,3.9,41886,540975.3,737535.8,24.75,90.41,19,1,-0.4999999999999997,-0.8660254037844388,0,0,0,0,0,0,0,0,0,0,0,0,0,0,0,0,0,0,0,0,0,1,0,0,0,0,0,0,0,0,0,0,0
13735,1993,8,32.9,26.4,490.0,86.0,2.4,6.4,3.6,41886,540975.3,737535.8,24.75,90.41,19,1,-0.8660254037844385,-0.5000000000000004,0,0,0,0,0,0,0,0,0,0,0,0,0,0,0,0,0,0,0,0,0,1,0,0,0,0,0,0,0,0,0,0,0
13736,1993,9,35.4,25.2,525.0,85.0,1.5,5.2,4.4,41886,540975.3,737535.8,24.75,90.41,19,1,-1.0,-1.8369701987210297e-16,0,0,0,0,0,0,0,0,0,0,0,0,0,0,0,0,0,0,0,0,0,1,0,0,0,0,0,0,0,0,0,0,0
13757,1995,6,35.5,26.0,565.0,85.0,2.0,6.2,3.1,41886,540975.3,737535.8,24.75,90.41,19,1,1.2246467991473532e-16,-1.0,0,0,0,0,0,0,0,0,0,0,0,0,0,0,0,0,0,0,0,0,0,1,0,0,0,0,0,0,0,0,0,0,0
13758,1995,7,33.0,25.8,637.0,86.0,2.3,6.5,3.1,41886,540975.3,737535.8,24.75,90.41,19,1,-0.4999999999999997,-0.8660254037844388,0,0,0,0,0,0,0,0,0,0,0,0,0,0,0,0,0,0,0,0,0,1,0,0,0,0,0,0,0,0,0,0,0
13759,1995,8,34.4,26.1,528.0,85.0,1.6,6.2,3.5,41886,540975.3,737535.8,24.75,90.41,19,1,-0.8660254037844385,-0.5000000000000004,0,0,0,0,0,0,0,0,0,0,0,0,0,0,0,0,0,0,0,0,0,1,0,0,0,0,0,0,0,0,0,0,0
13782,1997,7,33.7,26.1,523.0,88.0,2.3,6.3,3.5,41886,540975.3,737535.8,24.75,90.41,19,1,-0.4999999999999997,-0.8660254037844388,0,0,0,0,0,0,0,0,0,0,0,0,0,0,0,0,0,0,0,0,0,1,0,0,0,0,0,0,0,0,0,0,0
13783,1997,8,35.5,26.4,417.0,86.0,1.8,6.1,4.8,41886,540975.3,737535.8,24.75,90.41,19,1,-0.8660254037844385,-0.5000000000000004,0,0,0,0,0,0,0,0,0,0,0,0,0,0,0,0,0,0,0,0,0,1,0,0,0,0,0,0,0,0,0,0,0
13784,1997,9,33.3,24.8,485.0,87.0,1.5,5.8,4.6,41886,540975.3,737535.8,24.75,90.41,19,1,-1.0,-1.8369701987210297e-16,0,0,0,0,0,0,0,0,0,0,0,0,0,0,0,0,0,0,0,0,0,1,0,0,0,0,0,0,0,0,0,0,0
13794,1998,7,33.4,26.2,745.0,90.0,1.8,6.9,2.1,41886,540975.3,737535.8,24.75,90.41,19,1,-0.4999999999999997,-0.8660254037844388,0,0,0,0,0,0,0,0,0,0,0,0,0,0,0,0,0,0,0,0,0,1,0,0,0,0,0,0,0,0,0,0,0
13795,1998,8,34.6,26.2,517.0,90.0,1.5,6.7,2.4,41886,540975.3,737535.8,24.75,90.41,19,1,-0.8660254037844385,-0.5000000000000004,0,0,0,0,0,0,0,0,0,0,0,0,0,0,0,0,0,0,0,0,0,1,0,0,0,0,0,0,0,0,0,0,0
13806,1999,7,36.0,26.1,401.0,88.0,1.7,6.4,3.3,41886,540975.3,737535.8,24.75,90.41,19,1,-0.4999999999999997,-0.8660254037844388,0,0,0,0,0,0,0,0,0,0,0,0,0,0,0,0,0,0,0,0,0,1,0,0,0,0,0,0,0,0,0,0,0
13809,1999,10,34.0,24.0,513.0,87.0,1.0,4.4,4.8,41886,540975.3,737535.8,24.75,90.41,19,1,-0.8660254037844386,0.5000000000000001,0,0,0,0,0,0,0,0,0,0,0,0,0,0,0,0,0,0,0,0,0,1,0,0,0,0,0,0,0,0,0,0,0
13816,2000,5,37.6,24.0,461.0,86.0,1.8,5.2,4.8,41886,540975.3,737535.8,24.75,90.41,19,1,0.49999999999999994,-0.8660254037844387,0,0,0,0,0,0,0,0,0,0,0,0,0,0,0,0,0,0,0,0,0,1,0,0,0,0,0,0,0,0,0,0,0
13817,2000,6,36.6,25.9,468.0,87.0,2.0,6.3,3.6,41886,540975.3,737535.8,24.75,90.41,19,1,1.2246467991473532e-16,-1.0,0,0,0,0,0,0,0,0,0,0,0,0,0,0,0,0,0,0,0,0,0,1,0,0,0,0,0,0,0,0,0,0,0
13829,2001,6,34.0,25.7,408.0,87.0,2.1,6.5,4.5,41886,540975.3,737535.8,24.75,90.41,19,1,1.2246467991473532e-16,-1.0,0,0,0,0,0,0,0,0,0,0,0,0,0,0,0,0,0,0,0,0,0,1,0,0,0,0,0,0,0,0,0,0,0
13841,2002,6,33.0,25.5,578.0,87.0,1.4,6.4,3.0,41886,540975.3,737535.8,24.75,90.41,19,1,1.2246467991473532e-16,-1.0,0,0,0,0,0,0,0,0,0,0,0,0,0,0,0,0,0,0,0,0,0,1,0,0,0,0,0,0,0,0,0,0,0
13842,2002,7,32.6,25.8,443.0,91.0,1.3,7.2,1.5,41886,540975.3,737535.8,24.75,90.41,19,1,-0.4999999999999997,-0.8660254037844388,0,0,0,0,0,0,0,0,0,0,0,0,0,0,0,0,0,0,0,0,0,1,0,0,0,0,0,0,0,0,0,0,0
13853,2003,6,36.0,25.6,420.0,86.0,2.0,6.4,3.7,41886,540975.3,737535.8,24.75,90.41,19,1,1.2246467991473532e-16,-1.0,0,0,0,0,0,0,0,0,0,0,0,0,0,0,0,0,0,0,0,0,0,1,0,0,0,0,0,0,0,0,0,0,0
13866,2004,7,34.5,25.7,753.0,87.0,1.4,6.5,3.9,41886,540975.3,737535.8,24.75,90.41,19,1,-0.4999999999999997,-0.8660254037844388,0,0,0,0,0,0,0,0,0,0,0,0,0,0,0,0,0,0,0,0,0,1,0,0,0,0,0,0,0,0,0,0,0
13868,2004,9,32.8,25.3,950.0,91.0,1.4,6.4,2.2,41886,540975.3,737535.8,24.75,90.41,19,1,-1.0,-1.8369701987210297e-16,0,0,0,0,0,0,0,0,0,0,0,0,0,0,0,0,0,0,0,0,0,1,0,0,0,0,0,0,0,0,0,0,0
13869,2004,10,34.0,22.4,487.0,87.0,0.6,3.2,6.6,41886,540975.3,737535.8,24.75,90.41,19,1,-0.8660254037844386,0.5000000000000001,0,0,0,0,0,0,0,0,0,0,0,0,0,0,0,0,0,0,0,0,0,1,0,0,0,0,0,0,0,0,0,0,0
13876,2005,5,35.5,22.5,495.0,83.0,2.0,5.0,6.2,41886,540975.3,737535.8,24.75,90.41,19,1,0.49999999999999994,-0.8660254037844387,0,0,0,0,0,0,0,0,0,0,0,0,0,0,0,0,0,0,0,0,0,1,0,0,0,0,0,0,0,0,0,0,0
13878,2005,7,33.8,26.2,405.0,87.0,1.4,6.3,4.5,41886,540975.3,737535.8,24.75,90.41,19,1,-0.4999999999999997,-0.8660254037844388,0,0,0,0,0,0,0,0,0,0,0,0,0,0,0,0,0,0,0,0,0,1,0,0,0,0,0,0,0,0,0,0,0
13879,2005,8,34.5,26.3,514.0,88.0,1.4,6.9,3.4,41886,540975.3,737535.8,24.75,90.41,19,1,-0.8660254037844385,-0.5000000000000004,0,0,0,0,0,0,0,0,0,0,0,0,0,0,0,0,0,0,0,0,0,1,0,0,0,0,0,0,0,0,0,0,0
13892,2006,9,34.6,25.8,420.0,89.0,1.1,5.5,4.4,41886,540975.3,737535.8,24.75,90.41,19,1,-1.0,-1.8369701987210297e-16,0,0,0,0,0,0,0,0,0,0,0,0,0,0,0,0,0,0,0,0,0,1,0,0,0,0,0,0,0,0,0,0,0
13901,2007,6,35.2,25.3,849.0,88.0,1.3,6.4,3.6,41886,540975.3,737535.8,24.75,90.41,19,1,1.2246467991473532e-16,-1.0,0,0,0,0,0,0,0,0,0,0,0,0,0,0,0,0,0,0,0,0,0,1,0,0,0,0,0,0,0,0,0,0,0
13902,2007,7,34.6,26.2,726.0,90.0,1.5,6.7,2.9,41886,540975.3,737535.8,24.75,90.41,19,1,-0.4999999999999997,-0.8660254037844388,0,0,0,0,0,0,0,0,0,0,0,0,0,0,0,0,0,0,0,0,0,1,0,0,0,0,0,0,0,0,0,0,0
13913,2008,6,35.8,25.6,675.0,87.0,1.3,6.5,3.3,41886,540975.3,737535.8,24.75,90.41,19,1,1.2246467991473532e-16,-1.0,0,0,0,0,0,0,0,0,0,0,0,0,0,0,0,0,0,0,0,0,0,1,0,0,0,0,0,0,0,0,0,0,0
13914,2008,7,33.2,26.3,473.0,89.0,1.2,6.8,3.3,41886,540975.3,737535.8,24.75,90.41,19,1,-0.4999999999999997,-0.8660254037844388,0,0,0,0,0,0,0,0,0,0,0,0,0,0,0,0,0,0,0,0,0,1,0,0,0,0,0,0,0,0,0,0,0
13924,2009,5,37.0,24.1,411.0,81.0,1.0,4.6,5.8,41886,540975.3,737535.8,24.75,90.41,19,1,0.49999999999999994,-0.8660254037844387,0,0,0,0,0,0,0,0,0,0,0,0,0,0,0,0,0,0,0,0,0,1,0,0,0,0,0,0,0,0,0,0,0
13926,2009,7,35.1,26.6,431.0,84.0,1.1,6.3,5.0,41886,540975.3,737535.8,24.75,90.41,19,1,-0.4999999999999997,-0.8660254037844388,0,0,0,0,0,0,0,0,0,0,0,0,0,0,0,0,0,0,0,0,0,1,0,0,0,0,0,0,0,0,0,0,0
13938,2010,7,35.6,27.0,458.0,86.0,2.0,6.3,4.3,41886,540975.3,737535.8,24.75,90.41,19,1,-0.4999999999999997,-0.8660254037844388,0,0,0,0,0,0,0,0,0,0,0,0,0,0,0,0,0,0,0,0,0,1,0,0,0,0,0,0,0,0,0,0,0
13949,2011,6,35.2,25.9,449.0,85.0,2.3,6.2,3.9,41886,540975.3,737535.8,24.75,90.41,19,1,1.2246467991473532e-16,-1.0,0,0,0,0,0,0,0,0,0,0,0,0,0,0,0,0,0,0,0,0,0,1,0,0,0,0,0,0,0,0,0,0,0
13951,2011,8,35.5,26.3,741.0,87.0,1.8,6.8,3.8,41886,540975.3,737535.8,24.75,90.41,19,1,-0.8660254037844385,-0.5000000000000004,0,0,0,0,0,0,0,0,0,0,0,0,0,0,0,0,0,0,0,0,0,1,0,0,0,0,0,0,0,0,0,0,0
13962,2012,7,34.6,26.5,409.0,87.0,2.3,7.1,3.8,41886,540975.3,737535.8,24.75,90.41,19,1,-0.4999999999999997,-0.8660254037844388,0,0,0,0,0,0,0,0,0,0,0,0,0,0,0,0,0,0,0,0,0,1,0,0,0,0,0,0,0,0,0,0,0
13985,1973,6,33.3,25.9,467.2051282,87.82051282,2.1,5.9,3.14137931,41960,534986.1,472575.7,22.36,90.34,3,1,1.2246467991473532e-16,-1.0,0,0,0,0,0,0,0,0,0,0,0,0,0,0,0,0,0,0,0,0,0,0,1,0,0,0,0,0,0,0,0,0,0
13986,1973,7,31.4,25.8,534.5641026,89.87179487,2.0,6.4,3.075862069,41960,534986.1,472575.7,22.36,90.34,3,1,-0.4999999999999997,-0.8660254037844388,0,0,0,0,0,0,0,0,0,0,0,0,0,0,0,0,0,0,0,0,0,0,1,0,0,0,0,0,0,0,0,0,0
13987,1973,8,31.7,26.1,448.7948718,88.82051282,2.7,6.9,3.672413793,41960,534986.1,472575.7,22.36,90.34,3,1,-0.8660254037844385,-0.5000000000000004,0,0,0,0,0,0,0,0,0,0,0,0,0,0,0,0,0,0,0,0,0,0,1,0,0,0,0,0,0,0,0,0,0
13997,1974,6,33.3,25.9,467.2051282,87.82051282,2.1,5.9,3.14137931,41960,534986.1,472575.7,22.36,90.34,3,1,1.2246467991473532e-16,-1.0,0,0,0,0,0,0,0,0,0,0,0,0,0,0,0,0,0,0,0,0,0,0,1,0,0,0,0,0,0,0,0,0,0
13998,1974,7,31.4,25.8,534.5641026,89.87179487,2.0,6.4,3.075862069,41960,534986.1,472575.7,22.36,90.34,3,1,-0.4999999999999997,-0.8660254037844388,0,0,0,0,0,0,0,0,0,0,0,0,0,0,0,0,0,0,0,0,0,0,1,0,0,0,0,0,0,0,0,0,0
13999,1974,8,31.4,25.9,448.7948718,88.82051282,1.9,6.2,3.672413793,41960,534986.1,472575.7,22.36,90.34,3,1,-0.8660254037844385,-0.5000000000000004,0,0,0,0,0,0,0,0,0,0,0,0,0,0,0,0,0,0,0,0,0,0,1,0,0,0,0,0,0,0,0,0,0
14010,1975,7,31.8,24.5,479.0,88.0,1.8,6.2,3.075862069,41960,534986.1,472575.7,22.36,90.34,3,1,-0.4999999999999997,-0.8660254037844388,0,0,0,0,0,0,0,0,0,0,0,0,0,0,0,0,0,0,0,0,0,0,1,0,0,0,0,0,0,0,0,0,0
14012,1975,9,32.5,24.7,539.0,86.0,2.5,5.7,4.051724138,41960,534986.1,472575.7,22.36,90.34,3,1,-1.0,-1.8369701987210297e-16,0,0,0,0,0,0,0,0,0,0,0,0,0,0,0,0,0,0,0,0,0,0,1,0,0,0,0,0,0,0,0,0,0
14021,1976,6,33.3,26.0,467.0,87.0,2.1,5.9,3.14137931,41960,534986.1,472575.7,22.36,90.34,3,1,1.2246467991473532e-16,-1.0,0,0,0,0,0,0,0,0,0,0,0,0,0,0,0,0,0,0,0,0,0,0,1,0,0,0,0,0,0,0,0,0,0
14022,1976,7,31.4,25.9,498.0,89.0,2.0,6.4,3.075862069,41960,534986.1,472575.7,22.36,90.34,3,1,-0.4999999999999997,-0.8660254037844388,0,0,0,0,0,0,0,0,0,0,0,0,0,0,0,0,0,0,0,0,0,0,1,0,0,0,0,0,0,0,0,0,0
14023,1976,8,31.4,26.0,447.0,88.0,1.9,6.2,3.672413793,41960,534986.1,472575.7,22.36,90.34,3,1,-0.8660254037844385,-0.5000000000000004,0,0,0,0,0,0,0,0,0,0,0,0,0,0,0,0,0,0,0,0,0,0,1,0,0,0,0,0,0,0,0,0,0
14032,1977,5,36.3,24.6,469.0,82.0,3.3,6.6,5.982758621,41960,534986.1,472575.7,22.36,90.34,3,1,0.49999999999999994,-0.8660254037844387,0,0,0,0,0,0,0,0,0,0,0,0,0,0,0,0,0,0,0,0,0,0,1,0,0,0,0,0,0,0,0,0,0
14033,1977,6,35.0,24.4,859.0,87.0,2.6,7.6,3.14137931,41960,534986.1,472575.7,22.36,90.34,3,1,1.2246467991473532e-16,-1.0,0,0,0,0,0,0,0,0,0,0,0,0,0,0,0,0,0,0,0,0,0,0,1,0,0,0,0,0,0,0,0,0,0
14034,1977,7,33.0,25.4,762.0,89.0,2.9,7.0,3.075862069,41960,534986.1,472575.7,22.36,90.34,3,1,-0.4999999999999997,-0.8660254037844388,0,0,0,0,0,0,0,0,0,0,0,0,0,0,0,0,0,0,0,0,0,0,1,0,0,0,0,0,0,0,0,0,0
14035,1977,8,32.5,25.1,476.0,88.0,2.5,6.9,3.672413793,41960,534986.1,472575.7,22.36,90.34,3,1,-0.8660254037844385,-0.5000000000000004,0,0,0,0,0,0,0,0,0,0,0,0,0,0,0,0,0,0,0,0,0,0,1,0,0,0,0,0,0,0,0,0,0
14044,1978,5,35.3,24.4,673.0,75.0,2.8,6.5,5.982758621,41960,534986.1,472575.7,22.36,90.34,3,1,0.49999999999999994,-0.8660254037844387,0,0,0,0,0,0,0,0,0,0,0,0,0,0,0,0,0,0,0,0,0,0,1,0,0,0,0,0,0,0,0,0,0
14045,1978,6,36.2,25.1,580.0,81.0,2.6,7.0,3.14137931,41960,534986.1,472575.7,22.36,90.34,3,1,1.2246467991473532e-16,-1.0,0,0,0,0,0,0,0,0,0,0,0,0,0,0,0,0,0,0,0,0,0,0,1,0,0,0,0,0,0,0,0,0,0
14046,1978,7,32.6,25.6,452.0,82.0,2.4,6.5,3.075862069,41960,534986.1,472575.7,22.36,90.34,3,1,-0.4999999999999997,-0.8660254037844388,0,0,0,0,0,0,0,0,0,0,0,0,0,0,0,0,0,0,0,0,0,0,1,0,0,0,0,0,0,0,0,0,0
14047,1978,8,34.5,25.4,644.0,83.0,2.6,6.5,3.672413793,41960,534986.1,472575.7,22.36,90.34,3,1,-0.8660254037844385,-0.5000000000000004,0,0,0,0,0,0,0,0,0,0,0,0,0,0,0,0,0,0,0,0,0,0,1,0,0,0,0,0,0,0,0,0,0
14048,1978,9,32.8,24.8,448.0,85.0,0.9,6.9,4.051724138,41960,534986.1,472575.7,22.36,90.34,3,1,-1.0,-1.8369701987210297e-16,0,0,0,0,0,0,0,0,0,0,0,0,0,0,0,0,0,0,0,0,0,0,1,0,0,0,0,0,0,0,0,0,0
14057,1979,6,37.5,25.7,395.0,87.0,1.9,5.9,3.14137931,41960,534986.1,472575.7,22.36,90.34,3,1,1.2246467991473532e-16,-1.0,0,0,0,0,0,0,0,0,0,0,0,0,0,0,0,0,0,0,0,0,0,0,1,0,0,0,0,0,0,0,0,0,0
14059,1979,8,35.5,25.7,682.0,88.0,1.7,6.2,3.672413793,41960,534986.1,472575.7,22.36,90.34,3,1,-0.8660254037844385,-0.5000000000000004,0,0,0,0,0,0,0,0,0,0,0,0,0,0,0,0,0,0,0,0,0,0,1,0,0,0,0,0,0,0,0,0,0
14060,1979,9,33.2,25.2,480.0,87.0,1.1,5.4,4.051724138,41960,534986.1,472575.7,22.36,90.34,3,1,-1.0,-1.8369701987210297e-16,0,0,0,0,0,0,0,0,0,0,0,0,0,0,0,0,0,0,0,0,0,0,1,0,0,0,0,0,0,0,0,0,0
14069,1980,6,33.3,26.0,467.0,87.0,2.1,5.9,3.14137931,41960,534986.1,472575.7,22.36,90.34,3,1,1.2246467991473532e-16,-1.0,0,0,0,0,0,0,0,0,0,0,0,0,0,0,0,0,0,0,0,0,0,0,1,0,0,0,0,0,0,0,0,0,0
14070,1980,7,31.4,25.9,498.0,89.0,2.0,6.4,3.075862069,41960,534986.1,472575.7,22.36,90.34,3,1,-0.4999999999999997,-0.8660254037844388,0,0,0,0,0,0,0,0,0,0,0,0,0,0,0,0,0,0,0,0,0,0,1,0,0,0,0,0,0,0,0,0,0
14071,1980,8,31.7,26.0,447.0,88.0,1.9,6.2,3.672413793,41960,534986.1,472575.7,22.36,90.34,3,1,-0.8660254037844385,-0.5000000000000004,0,0,0,0,0,0,0,0,0,0,0,0,0,0,0,0,0,0,0,0,0,0,1,0,0,0,0,0,0,0,0,0,0
14082,1981,7,31.9,25.1,546.0,90.0,3.1,6.7,3.075862069,41960,534986.1,472575.7,22.36,90.34,3,1,-0.4999999999999997,-0.8660254037844388,0,0,0,0,0,0,0,0,0,0,0,0,0,0,0,0,0,0,0,0,0,0,1,0,0,0,0,0,0,0,0,0,0
14093,1982,6,35.2,25.9,443.0,86.0,2.6,6.3,3.14137931,41960,534986.1,472575.7,22.36,90.34,3,1,1.2246467991473532e-16,-1.0,0,0,0,0,0,0,0,0,0,0,0,0,0,0,0,0,0,0,0,0,0,0,1,0,0,0,0,0,0,0,0,0,0
14094,1982,7,34.7,26.5,455.0,84.0,2.9,6.2,3.075862069,41960,534986.1,472575.7,22.36,90.34,3,1,-0.4999999999999997,-0.8660254037844388,0,0,0,0,0,0,0,0,0,0,0,0,0,0,0,0,0,0,0,0,0,0,1,0,0,0,0,0,0,0,0,0,0
14095,1982,8,31.1,26.0,593.0,87.0,3.3,6.4,3.672413793,41960,534986.1,472575.7,22.36,90.34,3,1,-0.8660254037844385,-0.5000000000000004,0,0,0,0,0,0,0,0,0,0,0,0,0,0,0,0,0,0,0,0,0,0,1,0,0,0,0,0,0,0,0,0,0
14096,1982,9,33.7,26.1,472.0,81.0,2.2,4.8,4.051724138,41960,534986.1,472575.7,22.36,90.34,3,1,-1.0,-1.8369701987210297e-16,0,0,0,0,0,0,0,0,0,0,0,0,0,0,0,0,0,0,0,0,0,0,1,0,0,0,0,0,0,0,0,0,0
14104,1983,5,35.6,24.8,500.0,79.0,2.8,4.7,5.982758621,41960,534986.1,472575.7,22.36,90.34,3,1,0.49999999999999994,-0.8660254037844387,0,0,0,0,0,0,0,0,0,0,0,0,0,0,0,0,0,0,0,0,0,0,1,0,0,0,0,0,0,0,0,0,0
14105,1983,6,34.5,26.1,662.0,85.0,2.9,5.9,3.14137931,41960,534986.1,472575.7,22.36,90.34,3,1,1.2246467991473532e-16,-1.0,0,0,0,0,0,0,0,0,0,0,0,0,0,0,0,0,0,0,0,0,0,0,1,0,0,0,0,0,0,0,0,0,0
14106,1983,7,34.4,25.8,549.0,88.0,2.6,6.2,3.075862069,41960,534986.1,472575.7,22.36,90.34,3,1,-0.4999999999999997,-0.8660254037844388,0,0,0,0,0,0,0,0,0,0,0,0,0,0,0,0,0,0,0,0,0,0,1,0,0,0,0,0,0,0,0,0,0
14107,1983,8,32.6,25.5,563.0,85.0,2.8,6.1,3.672413793,41960,534986.1,472575.7,22.36,90.34,3,1,-0.8660254037844385,-0.5000000000000004,0,0,0,0,0,0,0,0,0,0,0,0,0,0,0,0,0,0,0,0,0,0,1,0,0,0,0,0,0,0,0,0,0
14108,1983,9,33.2,26.3,445.0,84.0,2.8,5.4,4.051724138,41960,534986.1,472575.7,22.36,90.34,3,1,-1.0,-1.8369701987210297e-16,0,0,0,0,0,0,0,0,0,0,0,0,0,0,0,0,0,0,0,0,0,0,1,0,0,0,0,0,0,0,0,0,0
14117,1984,6,35.6,25.4,669.0,88.0,3.7,6.4,3.14137931,41960,534986.1,472575.7,22.36,90.34,3,1,1.2246467991473532e-16,-1.0,0,0,0,0,0,0,0,0,0,0,0,0,0,0,0,0,0,0,0,0,0,0,1,0,0,0,0,0,0,0,0,0,0
14118,1984,7,32.1,25.8,407.0,88.0,3.5,6.0,3.075862069,41960,534986.1,472575.7,22.36,90.34,3,1,-0.4999999999999997,-0.8660254037844388,0,0,0,0,0,0,0,0,0,0,0,0,0,0,0,0,0,0,0,0,0,0,1,0,0,0,0,0,0,0,0,0,0
14119,1984,8,33.6,25.8,632.0,89.0,2.5,5.8,3.672413793,41960,534986.1,472575.7,22.36,90.34,3,1,-0.8660254037844385,-0.5000000000000004,0,0,0,0,0,0,0,0,0,0,0,0,0,0,0,0,0,0,0,0,0,0,1,0,0,0,0,0,0,0,0,0,0
14128,1985,5,34.6,24.5,425.0,87.0,2.7,4.5,5.4,41960,534986.1,472575.7,22.36,90.34,3,1,0.49999999999999994,-0.8660254037844387,0,0,0,0,0,0,0,0,0,0,0,0,0,0,0,0,0,0,0,0,0,0,1,0,0,0,0,0,0,0,0,0,0
14131,1985,8,34.2,26.3,311.0,87.0,2.3,6.2,3.4,41960,534986.1,472575.7,22.36,90.34,3,1,-0.8660254037844385,-0.5000000000000004,0,0,0,0,0,0,0,0,0,0,0,0,0,0,0,0,0,0,0,0,0,0,1,0,0,0,0,0,0,0,0,0,0
14164,1988,5,34.6,25.6,436.0,86.0,3.6,5.1,4.5,41960,534986.1,472575.7,22.36,90.34,3,1,0.49999999999999994,-0.8660254037844387,0,0,0,0,0,0,0,0,0,0,0,0,0,0,0,0,0,0,0,0,0,0,1,0,0,0,0,0,0,0,0,0,0
14165,1988,6,34.7,26.0,558.0,89.0,2.4,6.2,1.2,41960,534986.1,472575.7,22.36,90.34,3,1,1.2246467991473532e-16,-1.0,0,0,0,0,0,0,0,0,0,0,0,0,0,0,0,0,0,0,0,0,0,0,1,0,0,0,0,0,0,0,0,0,0
14166,1988,7,33.7,25.9,678.0,92.0,2.3,6.6,2.3,41960,534986.1,472575.7,22.36,90.34,3,1,-0.4999999999999997,-0.8660254037844388,0,0,0,0,0,0,0,0,0,0,0,0,0,0,0,0,0,0,0,0,0,0,1,0,0,0,0,0,0,0,0,0,0
14167,1988,8,32.2,26.4,420.0,92.0,2.1,6.7,1.9,41960,534986.1,472575.7,22.36,90.34,3,1,-0.8660254037844385,-0.5000000000000004,0,0,0,0,0,0,0,0,0,0,0,0,0,0,0,0,0,0,0,0,0,0,1,0,0,0,0,0,0,0,0,0,0
14178,1989,7,32.5,26.2,360.0,87.0,2.5,5.9,3.7,41960,534986.1,472575.7,22.36,90.34,3,1,-0.4999999999999997,-0.8660254037844388,0,0,0,0,0,0,0,0,0,0,0,0,0,0,0,0,0,0,0,0,0,0,1,0,0,0,0,0,0,0,0,0,0
14180,1989,9,33.5,26.0,362.0,88.0,1.4,5.5,2.9,41960,534986.1,472575.7,22.36,90.34,3,1,-1.0,-1.8369701987210297e-16,0,0,0,0,0,0,0,0,0,0,0,0,0,0,0,0,0,0,0,0,0,0,1,0,0,0,0,0,0,0,0,0,0
14190,1990,7,32.0,25.6,602.0,91.0,1.5,6.4,1.9,41960,534986.1,472575.7,22.36,90.34,3,1,-0.4999999999999997,-0.8660254037844388,0,0,0,0,0,0,0,0,0,0,0,0,0,0,0,0,0,0,0,0,0,0,1,0,0,0,0,0,0,0,0,0,0
14192,1990,9,33.0,25.6,531.0,88.0,1.2,5.8,3.3,41960,534986.1,472575.7,22.36,90.34,3,1,-1.0,-1.8369701987210297e-16,0,0,0,0,0,0,0,0,0,0,0,0,0,0,0,0,0,0,0,0,0,0,1,0,0,0,0,0,0,0,0,0,0
14201,1991,6,33.5,25.8,680.0,88.0,1.5,5.8,2.8,41960,534986.1,472575.7,22.36,90.34,3,1,1.2246467991473532e-16,-1.0,0,0,0,0,0,0,0,0,0,0,0,0,0,0,0,0,0,0,0,0,0,0,1,0,0,0,0,0,0,0,0,0,0
14202,1991,7,32.5,26.1,472.0,87.0,2.3,5.9,3.0,41960,534986.1,472575.7,22.36,90.34,3,1,-0.4999999999999997,-0.8660254037844388,0,0,0,0,0,0,0,0,0,0,0,0,0,0,0,0,0,0,0,0,0,0,1,0,0,0,0,0,0,0,0,0,0
14203,1991,8,35.0,25.9,439.0,88.0,1.6,6.3,2.9,41960,534986.1,472575.7,22.36,90.34,3,1,-0.8660254037844385,-0.5000000000000004,0,0,0,0,0,0,0,0,0,0,0,0,0,0,0,0,0,0,0,0,0,0,1,0,0,0,0,0,0,0,0,0,0
14204,1991,9,33.2,25.9,409.0,89.0,1.1,5.4,3.4,41960,534986.1,472575.7,22.36,90.34,3,1,-1.0,-1.8369701987210297e-16,0,0,0,0,0,0,0,0,0,0,0,0,0,0,0,0,0,0,0,0,0,0,1,0,0,0,0,0,0,0,0,0,0
14212,1992,5,35.1,24.5,585.0,82.0,1.5,4.0,6.3,41960,534986.1,472575.7,22.36,90.34,3,1,0.49999999999999994,-0.8660254037844387,0,0,0,0,0,0,0,0,0,0,0,0,0,0,0,0,0,0,0,0,0,0,1,0,0,0,0,0,0,0,0,0,0
14214,1992,7,33.0,26.0,713.0,89.0,1.4,6.3,2.3,41960,534986.1,472575.7,22.36,90.34,3,1,-0.4999999999999997,-0.8660254037844388,0,0,0,0,0,0,0,0,0,0,0,0,0,0,0,0,0,0,0,0,0,0,1,0,0,0,0,0,0,0,0,0,0
14215,1992,8,34.3,26.1,599.0,86.0,1.3,5.6,4.1,41960,534986.1,472575.7,22.36,90.34,3,1,-0.8660254037844385,-0.5000000000000004,0,0,0,0,0,0,0,0,0,0,0,0,0,0,0,0,0,0,0,0,0,0,1,0,0,0,0,0,0,0,0,0,0
14225,1993,6,33.5,25.9,563.0,87.0,2.2,6.1,3.0,41960,534986.1,472575.7,22.36,90.34,3,1,1.2246467991473532e-16,-1.0,0,0,0,0,0,0,0,0,0,0,0,0,0,0,0,0,0,0,0,0,0,0,1,0,0,0,0,0,0,0,0,0,0
14226,1993,7,32.5,26.5,572.0,90.0,1.6,6.0,3.2,41960,534986.1,472575.7,22.36,90.34,3,1,-0.4999999999999997,-0.8660254037844388,0,0,0,0,0,0,0,0,0,0,0,0,0,0,0,0,0,0,0,0,0,0,1,0,0,0,0,0,0,0,0,0,0
14227,1993,8,33.0,26.2,786.0,91.0,1.1,6.0,3.0,41960,534986.1,472575.7,22.36,90.34,3,1,-0.8660254037844385,-0.5000000000000004,0,0,0,0,0,0,0,0,0,0,0,0,0,0,0,0,0,0,0,0,0,0,1,0,0,0,0,0,0,0,0,0,0
14237,1994,6,35.8,26.3,706.0,89.0,1.1,6.3,2.2,41960,534986.1,472575.7,22.36,90.34,3,1,1.2246467991473532e-16,-1.0,0,0,0,0,0,0,0,0,0,0,0,0,0,0,0,0,0,0,0,0,0,0,1,0,0,0,0,0,0,0,0,0,0
14238,1994,7,33.6,26.0,400.0,90.0,1.4,6.6,2.5,41960,534986.1,472575.7,22.36,90.34,3,1,-0.4999999999999997,-0.8660254037844388,0,0,0,0,0,0,0,0,0,0,0,0,0,0,0,0,0,0,0,0,0,0,1,0,0,0,0,0,0,0,0,0,0
14239,1994,8,32.5,25.8,701.0,91.0,1.6,6.8,3.0,41960,534986.1,472575.7,22.36,90.34,3,1,-0.8660254037844385,-0.5000000000000004,0,0,0,0,0,0,0,0,0,0,0,0,0,0,0,0,0,0,0,0,0,0,1,0,0,0,0,0,0,0,0,0,0
14249,1995,6,34.0,26.3,767.0,88.0,1.7,6.2,2.9,41960,534986.1,472575.7,22.36,90.34,3,1,1.2246467991473532e-16,-1.0,0,0,0,0,0,0,0,0,0,0,0,0,0,0,0,0,0,0,0,0,0,0,1,0,0,0,0,0,0,0,0,0,0
14250,1995,7,33.6,25.9,735.0,89.0,1.3,6.8,2.7,41960,534986.1,472575.7,22.36,90.34,3,1,-0.4999999999999997,-0.8660254037844388,0,0,0,0,0,0,0,0,0,0,0,0,0,0,0,0,0,0,0,0,0,0,1,0,0,0,0,0,0,0,0,0,0
14251,1995,8,34.4,26.1,626.0,87.0,1.2,6.2,4.2,41960,534986.1,472575.7,22.36,90.34,3,1,-0.8660254037844385,-0.5000000000000004,0,0,0,0,0,0,0,0,0,0,0,0,0,0,0,0,0,0,0,0,0,0,1,0,0,0,0,0,0,0,0,0,0
14261,1996,6,35.0,25.5,739.0,89.0,2.2,3.2,1.6,41960,534986.1,472575.7,22.36,90.34,3,1,1.2246467991473532e-16,-1.0,0,0,0,0,0,0,0,0,0,0,0,0,0,0,0,0,0,0,0,0,0,0,1,0,0,0,0,0,0,0,0,0,0
14262,1996,7,33.2,26.0,448.0,91.0,1.5,6.5,2.3,41960,534986.1,472575.7,22.36,90.34,3,1,-0.4999999999999997,-0.8660254037844388,0,0,0,0,0,0,0,0,0,0,0,0,0,0,0,0,0,0,0,0,0,0,1,0,0,0,0,0,0,0,0,0,0
14263,1996,8,32.8,25.5,585.0,92.0,1.2,6.4,4.2,41960,534986.1,472575.7,22.36,90.34,3,1,-0.8660254037844385,-0.5000000000000004,0,0,0,0,0,0,0,0,0,0,0,0,0,0,0,0,0,0,0,0,0,0,1,0,0,0,0,0,0,0,0,0,0
14274,1997,7,34.0,26.0,594.0,92.0,1.2,6.9,2.1,41960,534986.1,472575.7,22.36,90.34,3,1,-0.4999999999999997,-0.8660254037844388,0,0,0,0,0,0,0,0,0,0,0,0,0,0,0,0,0,0,0,0,0,0,1,0,0,0,0,0,0,0,0,0,0
14275,1997,8,34.7,26.0,479.0,88.0,1.6,6.2,3.5,41960,534986.1,472575.7,22.36,90.34,3,1,-0.8660254037844385,-0.5000000000000004,0,0,0,0,0,0,0,0,0,0,0,0,0,0,0,0,0,0,0,0,0,0,1,0,0,0,0,0,0,0,0,0,0
14276,1997,9,34.2,25.7,487.0,89.0,1.1,5.7,3.5,41960,534986.1,472575.7,22.36,90.34,3,1,-1.0,-1.8369701987210297e-16,0,0,0,0,0,0,0,0,0,0,0,0,0,0,0,0,0,0,0,0,0,0,1,0,0,0,0,0,0,0,0,0,0
14286,1998,7,33.8,26.1,804.0,91.0,1.7,6.8,2.0,41960,534986.1,472575.7,22.36,90.34,3,1,-0.4999999999999997,-0.8660254037844388,0,0,0,0,0,0,0,0,0,0,0,0,0,0,0,0,0,0,0,0,0,0,1,0,0,0,0,0,0,0,0,0,0
14287,1998,8,34.6,26.1,618.0,90.0,1.0,6.4,2.4,41960,534986.1,472575.7,22.36,90.34,3,1,-0.8660254037844385,-0.5000000000000004,0,0,0,0,0,0,0,0,0,0,0,0,0,0,0,0,0,0,0,0,0,0,1,0,0,0,0,0,0,0,0,0,0
14297,1999,6,36.5,25.9,479.0,89.0,1.6,6.1,2.7,41960,534986.1,472575.7,22.36,90.34,3,1,1.2246467991473532e-16,-1.0,0,0,0,0,0,0,0,0,0,0,0,0,0,0,0,0,0,0,0,0,0,0,1,0,0,0,0,0,0,0,0,0,0
14298,1999,7,34.7,25.8,749.0,91.0,1.3,6.7,3.2,41960,534986.1,472575.7,22.36,90.34,3,1,-0.4999999999999997,-0.8660254037844388,0,0,0,0,0,0,0,0,0,0,0,0,0,0,0,0,0,0,0,0,0,0,1,0,0,0,0,0,0,0,0,0,0
14299,1999,8,34.2,25.8,588.0,91.0,0.9,6.7,2.1,41960,534986.1,472575.7,22.36,90.34,3,1,-0.8660254037844385,-0.5000000000000004,0,0,0,0,0,0,0,0,0,0,0,0,0,0,0,0,0,0,0,0,0,0,1,0,0,0,0,0,0,0,0,0,0
14300,1999,9,34.2,25.6,417.0,90.0,1.0,6.0,3.1,41960,534986.1,472575.7,22.36,90.34,3,1,-1.0,-1.8369701987210297e-16,0,0,0,0,0,0,0,0,0,0,0,0,0,0,0,0,0,0,0,0,0,0,1,0,0,0,0,0,0,0,0,0,0
14310,2000,7,35.4,26.0,497.0,90.0,1.6,6.3,3.5,41960,534986.1,472575.7,22.36,90.34,3,1,-0.4999999999999997,-0.8660254037844388,0,0,0,0,0,0,0,0,0,0,0,0,0,0,0,0,0,0,0,0,0,0,1,0,0,0,0,0,0,0,0,0,0
14321,2001,6,34.0,25.6,1084.0,93.0,1.6,7.1,1.8,41960,534986.1,472575.7,22.36,90.34,3,1,1.2246467991473532e-16,-1.0,0,0,0,0,0,0,0,0,0,0,0,0,0,0,0,0,0,0,0,0,0,0,1,0,0,0,0,0,0,0,0,0,0
14322,2001,7,33.5,26.1,534.0,90.0,2.2,6.6,3.2,41960,534986.1,472575.7,22.36,90.34,3,1,-0.4999999999999997,-0.8660254037844388,0,0,0,0,0,0,0,0,0,0,0,0,0,0,0,0,0,0,0,0,0,0,1,0,0,0,0,0,0,0,0,0,0
14325,2001,10,35.0,24.7,386.0,89.0,0.7,4.4,5.7,41960,534986.1,472575.7,22.36,90.34,3,1,-0.8660254037844386,0.5000000000000001,0,0,0,0,0,0,0,0,0,0,0,0,0,0,0,0,0,0,0,0,0,0,1,0,0,0,0,0,0,0,0,0,0
14333,2002,6,36.4,25.8,809.0,91.0,1.2,6.3,3.1,41960,534986.1,472575.7,22.36,90.34,3,1,1.2246467991473532e-16,-1.0,0,0,0,0,0,0,0,0,0,0,0,0,0,0,0,0,0,0,0,0,0,0,1,0,0,0,0,0,0,0,0,0,0
14334,2002,7,35.5,26.1,560.0,93.0,1.1,7.1,2.1,41960,534986.1,472575.7,22.36,90.34,3,1,-0.4999999999999997,-0.8660254037844388,0,0,0,0,0,0,0,0,0,0,0,0,0,0,0,0,0,0,0,0,0,0,1,0,0,0,0,0,0,0,0,0,0
14335,2002,8,34.0,25.8,458.0,93.0,1.0,6.2,3.3,41960,534986.1,472575.7,22.36,90.34,3,1,-0.8660254037844385,-0.5000000000000004,0,0,0,0,0,0,0,0,0,0,0,0,0,0,0,0,0,0,0,0,0,0,1,0,0,0,0,0,0,0,0,0,0
14336,2002,9,35.0,25.5,481.0,90.0,0.8,5.1,4.6,41960,534986.1,472575.7,22.36,90.34,3,1,-1.0,-1.8369701987210297e-16,0,0,0,0,0,0,0,0,0,0,0,0,0,0,0,0,0,0,0,0,0,0,1,0,0,0,0,0,0,0,0,0,0
14345,2003,6,36.4,25.3,1023.0,93.0,1.3,7.0,1.9,41960,534986.1,472575.7,22.36,90.34,3,1,1.2246467991473532e-16,-1.0,0,0,0,0,0,0,0,0,0,0,0,0,0,0,0,0,0,0,0,0,0,0,1,0,0,0,0,0,0,0,0,0,0
14346,2003,7,33.5,26.2,461.0,91.0,1.1,6.0,4.4,41960,534986.1,472575.7,22.36,90.34,3,1,-0.4999999999999997,-0.8660254037844388,0,0,0,0,0,0,0,0,0,0,0,0,0,0,0,0,0,0,0,0,0,0,1,0,0,0,0,0,0,0,0,0,0
14349,2003,10,34.8,24.8,387.0,89.0,0.5,4.3,5.3,41960,534986.1,472575.7,22.36,90.34,3,1,-0.8660254037844386,0.5000000000000001,0,0,0,0,0,0,0,0,0,0,0,0,0,0,0,0,0,0,0,0,0,0,1,0,0,0,0,0,0,0,0,0,0
14358,2004,7,34.5,25.8,544.0,90.0,1.1,6.3,3.2,41960,534986.1,472575.7,22.36,90.34,3,1,-0.4999999999999997,-0.8660254037844388,0,0,0,0,0,0,0,0,0,0,0,0,0,0,0,0,0,0,0,0,0,0,1,0,0,0,0,0,0,0,0,0,0
14359,2004,8,33.8,26.0,448.0,91.0,0.8,6.2,4.2,41960,534986.1,472575.7,22.36,90.34,3,1,-0.8660254037844385,-0.5000000000000004,0,0,0,0,0,0,0,0,0,0,0,0,0,0,0,0,0,0,0,0,0,0,1,0,0,0,0,0,0,0,0,0,0
14360,2004,9,35.2,25.7,756.0,91.0,1.0,5.7,4.1,41960,534986.1,472575.7,22.36,90.34,3,1,-1.0,-1.8369701987210297e-16,0,0,0,0,0,0,0,0,0,0,0,0,0,0,0,0,0,0,0,0,0,0,1,0,0,0,0,0,0,0,0,0,0
14370,2005,7,34.2,25.8,923.0,90.0,0.9,6.2,4.5,41960,534986.1,472575.7,22.36,90.34,3,1,-0.4999999999999997,-0.8660254037844388,0,0,0,0,0,0,0,0,0,0,0,0,0,0,0,0,0,0,0,0,0,0,1,0,0,0,0,0,0,0,0,0,0
14373,2005,10,34.6,24.6,573.0,90.0,0.4,4.7,5.5,41960,534986.1,472575.7,22.36,90.34,3,1,-0.8660254037844386,0.5000000000000001,0,0,0,0,0,0,0,0,0,0,0,0,0,0,0,0,0,0,0,0,0,0,1,0,0,0,0,0,0,0,0,0,0
14381,2006,6,36.2,26.7,533.0,89.0,0.9,6.0,3.6,41960,534986.1,472575.7,22.36,90.34,3,1,1.2246467991473532e-16,-1.0,0,0,0,0,0,0,0,0,0,0,0,0,0,0,0,0,0,0,0,0,0,0,1,0,0,0,0,0,0,0,0,0,0
14383,2006,8,33.5,25.9,406.0,90.0,1.4,6.3,4.1,41960,534986.1,472575.7,22.36,90.34,3,1,-0.8660254037844385,-0.5000000000000004,0,0,0,0,0,0,0,0,0,0,0,0,0,0,0,0,0,0,0,0,0,0,1,0,0,0,0,0,0,0,0,0,0
14384,2006,9,34.4,25.9,620.0,90.0,0.9,5.6,5.7,41960,534986.1,472575.7,22.36,90.34,3,1,-1.0,-1.8369701987210297e-16,0,0,0,0,0,0,0,0,0,0,0,0,0,0,0,0,0,0,0,0,0,0,1,0,0,0,0,0,0,0,0,0,0
14393,2007,6,35.4,26.2,426.0,90.0,1.1,6.1,3.9,41960,534986.1,472575.7,22.36,90.34,3,1,1.2246467991473532e-16,-1.0,0,0,0,0,0,0,0,0,0,0,0,0,0,0,0,0,0,0,0,0,0,0,1,0,0,0,0,0,0,0,0,0,0
14394,2007,7,33.5,25.9,815.0,94.0,1.2,6.7,2.3,41960,534986.1,472575.7,22.36,90.34,3,1,-0.4999999999999997,-0.8660254037844388,0,0,0,0,0,0,0,0,0,0,0,0,0,0,0,0,0,0,0,0,0,0,1,0,0,0,0,0,0,0,0,0,0
14396,2007,9,35.0,25.7,639.0,93.0,1.0,5.9,3.1,41960,534986.1,472575.7,22.36,90.34,3,1,-1.0,-1.8369701987210297e-16,0,0,0,0,0,0,0,0,0,0,0,0,0,0,0,0,0,0,0,0,0,0,1,0,0,0,0,0,0,0,0,0,0
14406,2008,7,33.0,25.8,1016.0,92.0,0.8,6.7,2.9,41960,534986.1,472575.7,22.36,90.34,3,1,-0.4999999999999997,-0.8660254037844388,0,0,0,0,0,0,0,0,0,0,0,0,0,0,0,0,0,0,0,0,0,0,1,0,0,0,0,0,0,0,0,0,0
14408,2008,9,34.4,25.9,387.0,90.0,0.6,5.2,5.0,41960,534986.1,472575.7,22.36,90.34,3,1,-1.0,-1.8369701987210297e-16,0,0,0,0,0,0,0,0,0,0,0,0,0,0,0,0,0,0,0,0,0,0,1,0,0,0,0,0,0,0,0,0,0
14409,2008,10,34.5,23.9,408.0,87.0,0.5,3.1,6.9,41960,534986.1,472575.7,22.36,90.34,3,1,-0.8660254037844386,0.5000000000000001,0,0,0,0,0,0,0,0,0,0,0,0,0,0,0,0,0,0,0,0,0,0,1,0,0,0,0,0,0,0,0,0,0
14418,2009,7,35.0,26.1,695.0,92.0,2.2,6.5,4.1,41960,534986.1,472575.7,22.36,90.34,3,1,-0.4999999999999997,-0.8660254037844388,0,0,0,0,0,0,0,0,0,0,0,0,0,0,0,0,0,0,0,0,0,0,1,0,0,0,0,0,0,0,0,0,0
14419,2009,8,35.0,26.2,705.0,91.0,1.9,6.3,4.0,41960,534986.1,472575.7,22.36,90.34,3,1,-0.8660254037844385,-0.5000000000000004,0,0,0,0,0,0,0,0,0,0,0,0,0,0,0,0,0,0,0,0,0,0,1,0,0,0,0,0,0,0,0,0,0
14429,2010,6,35.4,26.6,513.0,93.0,2.0,6.1,3.1,41960,534986.1,472575.7,22.36,90.34,3,1,1.2246467991473532e-16,-1.0,0,0,0,0,0,0,0,0,0,0,0,0,0,0,0,0,0,0,0,0,0,0,1,0,0,0,0,0,0,0,0,0,0
14430,2010,7,34.5,26.6,418.0,95.0,1.8,5.9,3.7,41960,534986.1,472575.7,22.36,90.34,3,1,-0.4999999999999997,-0.8660254037844388,0,0,0,0,0,0,0,0,0,0,0,0,0,0,0,0,0,0,0,0,0,0,1,0,0,0,0,0,0,0,0,0,0
14433,2010,10,35.7,25.1,548.0,92.0,1.7,4.0,7.0,41960,534986.1,472575.7,22.36,90.34,3,1,-0.8660254037844386,0.5000000000000001,0,0,0,0,0,0,0,0,0,0,0,0,0,0,0,0,0,0,0,0,0,0,1,0,0,0,0,0,0,0,0,0,0
14441,2011,6,36.0,26.2,680.0,90.0,2.4,6.1,3.4,41960,534986.1,472575.7,22.36,90.34,3,1,1.2246467991473532e-16,-1.0,0,0,0,0,0,0,0,0,0,0,0,0,0,0,0,0,0,0,0,0,0,0,1,0,0,0,0,0,0,0,0,0,0
14443,2011,8,35.2,25.8,655.0,92.0,1.9,6.3,3.3,41960,534986.1,472575.7,22.36,90.34,3,1,-0.8660254037844385,-0.5000000000000004,0,0,0,0,0,0,0,0,0,0,0,0,0,0,0,0,0,0,0,0,0,0,1,0,0,0,0,0,0,0,0,0,0
14444,2011,9,35.7,25.7,406.0,92.0,1.8,5.4,4.3,41960,534986.1,472575.7,22.36,90.34,3,1,-1.0,-1.8369701987210297e-16,0,0,0,0,0,0,0,0,0,0,0,0,0,0,0,0,0,0,0,0,0,0,1,0,0,0,0,0,0,0,0,0,0
14454,2012,7,33.6,26.4,392.0,91.0,1.8,6.3,4.8,41960,534986.1,472575.7,22.36,90.34,3,1,-0.4999999999999997,-0.8660254037844388,0,0,0,0,0,0,0,0,0,0,0,0,0,0,0,0,0,0,0,0,0,0,1,0,0,0,0,0,0,0,0,0,0
14455,2012,8,34.6,26.2,439.0,90.0,1.8,6.6,3.5,41960,534986.1,472575.7,22.36,90.34,3,1,-0.8660254037844385,-0.5000000000000004,0,0,0,0,0,0,0,0,0,0,0,0,0,0,0,0,0,0,0,0,0,0,1,0,0,0,0,0,0,0,0,0,0
14464,2013,5,38.0,25.0,637.0,88.0,4.0,6.8,3.8,41960,534986.1,472575.7,22.36,90.34,3,1,0.49999999999999994,-0.8660254037844387,0,0,0,0,0,0,0,0,0,0,0,0,0,0,0,0,0,0,0,0,0,0,1,0,0,0,0,0,0,0,0,0,0
14466,2013,7,33.6,26.2,552.0,90.0,2.3,6.2,4.8,41960,534986.1,472575.7,22.36,90.34,3,1,-0.4999999999999997,-0.8660254037844388,0,0,0,0,0,0,0,0,0,0,0,0,0,0,0,0,0,0,0,0,0,0,1,0,0,0,0,0,0,0,0,0,0
14467,2013,8,34.6,26.1,411.0,90.0,2.0,6.2,3.6,41960,534986.1,472575.7,22.36,90.34,3,1,-0.8660254037844385,-0.5000000000000004,0,0,0,0,0,0,0,0,0,0,0,0,0,0,0,0,0,0,0,0,0,0,1,0,0,0,0,0,0,0,0,0,0
14468,2013,9,35.6,25.8,412.0,91.0,1.7,5.7,4.5,41960,534986.1,472575.7,22.36,90.34,3,1,-1.0,-1.8369701987210297e-16,0,0,0,0,0,0,0,0,0,0,0,0,0,0,0,0,0,0,0,0,0,0,1,0,0,0,0,0,0,0,0,0,0
14477,1964,6,36.9,26.5,415.0,82.0,1.3,5.3,5.394285714,41895,353944.9,693386.6,24.35,88.56,20,1,1.2246467991473532e-16,-1.0,0,0,0,0,0,0,0,0,0,0,0,0,0,0,0,0,0,0,0,0,0,0,0,1,0,0,0,0,0,0,0,0,0
14478,1964,7,32.9,25.8,346.0,89.0,1.0,6.2,4.38,41895,353944.9,693386.6,24.35,88.56,20,1,-0.4999999999999997,-0.8660254037844388,0,0,0,0,0,0,0,0,0,0,0,0,0,0,0,0,0,0,0,0,0,0,0,1,0,0,0,0,0,0,0,0,0
14489,1965,6,37.2,25.7,325.0,81.0,0.9,4.8,5.394285714,41895,353944.9,693386.6,24.35,88.56,20,1,1.2246467991473532e-16,-1.0,0,0,0,0,0,0,0,0,0,0,0,0,0,0,0,0,0,0,0,0,0,0,0,1,0,0,0,0,0,0,0,0,0
14490,1965,7,35.0,25.7,404.0,87.0,1.3,5.6,4.38,41895,353944.9,693386.6,24.35,88.56,20,1,-0.4999999999999997,-0.8660254037844388,0,0,0,0,0,0,0,0,0,0,0,0,0,0,0,0,0,0,0,0,0,0,0,1,0,0,0,0,0,0,0,0,0
14502,1966,7,35.7,26.2,511.0,85.0,1.2,5.8,4.38,41895,353944.9,693386.6,24.35,88.56,20,1,-0.4999999999999997,-0.8660254037844388,0,0,0,0,0,0,0,0,0,0,0,0,0,0,0,0,0,0,0,0,0,0,0,1,0,0,0,0,0,0,0,0,0
14503,1966,8,34.7,26.1,380.0,87.0,1.0,6.8,5.111428571,41895,353944.9,693386.6,24.35,88.56,20,1,-0.8660254037844385,-0.5000000000000004,0,0,0,0,0,0,0,0,0,0,0,0,0,0,0,0,0,0,0,0,0,0,0,1,0,0,0,0,0,0,0,0,0
14514,1967,7,34.4,26.3,305.0,86.0,1.3,6.6,4.38,41895,353944.9,693386.6,24.35,88.56,20,1,-0.4999999999999997,-0.8660254037844388,0,0,0,0,0,0,0,0,0,0,0,0,0,0,0,0,0,0,0,0,0,0,0,1,0,0,0,0,0,0,0,0,0
14525,1968,6,36.5,25.0,450.0,84.0,2.1,6.8,5.394285714,41895,353944.9,693386.6,24.35,88.56,20,1,1.2246467991473532e-16,-1.0,0,0,0,0,0,0,0,0,0,0,0,0,0,0,0,0,0,0,0,0,0,0,0,1,0,0,0,0,0,0,0,0,0
14526,1968,7,33.4,26.2,439.0,88.0,1.2,6.6,4.38,41895,353944.9,693386.6,24.35,88.56,20,1,-0.4999999999999997,-0.8660254037844388,0,0,0,0,0,0,0,0,0,0,0,0,0,0,0,0,0,0,0,0,0,0,0,1,0,0,0,0,0,0,0,0,0
14527,1968,8,34.4,26.3,270.0,87.0,1.3,5.8,5.111428571,41895,353944.9,693386.6,24.35,88.56,20,1,-0.8660254037844385,-0.5000000000000004,0,0,0,0,0,0,0,0,0,0,0,0,0,0,0,0,0,0,0,0,0,0,0,1,0,0,0,0,0,0,0,0,0
14538,1969,7,32.7,26.0,417.0,85.0,1.4,6.1,4.38,41895,353944.9,693386.6,24.35,88.56,20,1,-0.4999999999999997,-0.8660254037844388,0,0,0,0,0,0,0,0,0,0,0,0,0,0,0,0,0,0,0,0,0,0,0,1,0,0,0,0,0,0,0,0,0
14539,1969,8,32.8,26.1,591.0,86.0,1.3,5.8,5.111428571,41895,353944.9,693386.6,24.35,88.56,20,1,-0.8660254037844385,-0.5000000000000004,0,0,0,0,0,0,0,0,0,0,0,0,0,0,0,0,0,0,0,0,0,0,0,1,0,0,0,0,0,0,0,0,0
14540,1969,9,32.6,25.7,627.0,84.0,1.1,5.2,5.542857143,41895,353944.9,693386.6,24.35,88.56,20,1,-1.0,-1.8369701987210297e-16,0,0,0,0,0,0,0,0,0,0,0,0,0,0,0,0,0,0,0,0,0,0,0,1,0,0,0,0,0,0,0,0,0
14549,1970,6,35.6,25.8,372.0,84.0,1.0,7.0,5.394285714,41895,353944.9,693386.6,24.35,88.56,20,1,1.2246467991473532e-16,-1.0,0,0,0,0,0,0,0,0,0,0,0,0,0,0,0,0,0,0,0,0,0,0,0,1,0,0,0,0,0,0,0,0,0
14550,1970,7,32.7,26.0,446.0,86.0,1.1,7.2,4.38,41895,353944.9,693386.6,24.35,88.56,20,1,-0.4999999999999997,-0.8660254037844388,0,0,0,0,0,0,0,0,0,0,0,0,0,0,0,0,0,0,0,0,0,0,0,1,0,0,0,0,0,0,0,0,0
14553,1970,10,32.7,23.2,228.0,84.0,0.9,4.3,7.325714286,41895,353944.9,693386.6,24.35,88.56,20,1,-0.8660254037844386,0.5000000000000001,0,0,0,0,0,0,0,0,0,0,0,0,0,0,0,0,0,0,0,0,0,0,0,1,0,0,0,0,0,0,0,0,0
14561,1971,6,34.9,25.6,277.0,82.0,1.6,6.6,5.394285714,41895,353944.9,693386.6,24.35,88.56,20,1,1.2246467991473532e-16,-1.0,0,0,0,0,0,0,0,0,0,0,0,0,0,0,0,0,0,0,0,0,0,0,0,1,0,0,0,0,0,0,0,0,0
14562,1971,7,34.7,25.9,452.0,87.0,1.1,6.2,4.38,41895,353944.9,693386.6,24.35,88.56,20,1,-0.4999999999999997,-0.8660254037844388,0,0,0,0,0,0,0,0,0,0,0,0,0,0,0,0,0,0,0,0,0,0,0,1,0,0,0,0,0,0,0,0,0
14563,1971,8,35.6,24.9,452.0,86.0,1.3,6.6,5.111428571,41895,353944.9,693386.6,24.35,88.56,20,1,-0.8660254037844385,-0.5000000000000004,0,0,0,0,0,0,0,0,0,0,0,0,0,0,0,0,0,0,0,0,0,0,0,1,0,0,0,0,0,0,0,0,0
14575,1972,8,34.2,25.6,275.0,86.0,1.1,5.8,5.111428571,41895,353944.9,693386.6,24.35,88.56,20,1,-0.8660254037844385,-0.5000000000000004,0,0,0,0,0,0,0,0,0,0,0,0,0,0,0,0,0,0,0,0,0,0,0,1,0,0,0,0,0,0,0,0,0
14585,1973,6,36.7,25.4,491.0,87.0,1.0,6.5,5.394285714,41895,353944.9,693386.6,24.35,88.56,20,1,1.2246467991473532e-16,-1.0,0,0,0,0,0,0,0,0,0,0,0,0,0,0,0,0,0,0,0,0,0,0,0,1,0,0,0,0,0,0,0,0,0
14586,1973,7,34.7,26.2,271.0,84.0,1.4,5.5,4.38,41895,353944.9,693386.6,24.35,88.56,20,1,-0.4999999999999997,-0.8660254037844388,0,0,0,0,0,0,0,0,0,0,0,0,0,0,0,0,0,0,0,0,0,0,0,1,0,0,0,0,0,0,0,0,0
14588,1973,9,33.6,25.8,586.0,88.0,1.1,5.7,5.542857143,41895,353944.9,693386.6,24.35,88.56,20,1,-1.0,-1.8369701987210297e-16,0,0,0,0,0,0,0,0,0,0,0,0,0,0,0,0,0,0,0,0,0,0,0,1,0,0,0,0,0,0,0,0,0
14598,1974,7,34.0,25.4,513.0,88.0,0.4,6.4,4.38,41895,353944.9,693386.6,24.35,88.56,20,1,-0.4999999999999997,-0.8660254037844388,0,0,0,0,0,0,0,0,0,0,0,0,0,0,0,0,0,0,0,0,0,0,0,1,0,0,0,0,0,0,0,0,0
14599,1974,8,34.3,26.4,452.0,83.0,0.8,4.9,5.111428571,41895,353944.9,693386.6,24.35,88.56,20,1,-0.8660254037844385,-0.5000000000000004,0,0,0,0,0,0,0,0,0,0,0,0,0,0,0,0,0,0,0,0,0,0,0,1,0,0,0,0,0,0,0,0,0
14610,1975,7,34.6,25.6,381.0,87.0,0.8,6.0,4.38,41895,353944.9,693386.6,24.35,88.56,20,1,-0.4999999999999997,-0.8660254037844388,0,0,0,0,0,0,0,0,0,0,0,0,0,0,0,0,0,0,0,0,0,0,0,1,0,0,0,0,0,0,0,0,0
14612,1975,9,34.0,25.8,197.0,85.0,0.9,5.1,5.542857143,41895,353944.9,693386.6,24.35,88.56,20,1,-1.0,-1.8369701987210297e-16,0,0,0,0,0,0,0,0,0,0,0,0,0,0,0,0,0,0,0,0,0,0,0,1,0,0,0,0,0,0,0,0,0
14623,1976,8,33.6,25.9,389.0,86.0,0.7,5.2,5.111428571,41895,353944.9,693386.6,24.35,88.56,20,1,-0.8660254037844385,-0.5000000000000004,0,0,0,0,0,0,0,0,0,0,0,0,0,0,0,0,0,0,0,0,0,0,0,1,0,0,0,0,0,0,0,0,0
14624,1976,9,33.9,25.8,257.0,84.0,0.5,3.9,5.542857143,41895,353944.9,693386.6,24.35,88.56,20,1,-1.0,-1.8369701987210297e-16,0,0,0,0,0,0,0,0,0,0,0,0,0,0,0,0,0,0,0,0,0,0,0,1,0,0,0,0,0,0,0,0,0
14633,1977,6,36.5,24.2,543.0,90.0,1.3,6.2,5.394285714,41895,353944.9,693386.6,24.35,88.56,20,1,1.2246467991473532e-16,-1.0,0,0,0,0,0,0,0,0,0,0,0,0,0,0,0,0,0,0,0,0,0,0,0,1,0,0,0,0,0,0,0,0,0
14634,1977,7,34.5,26.7,399.0,88.0,1.7,6.3,4.38,41895,353944.9,693386.6,24.35,88.56,20,1,-0.4999999999999997,-0.8660254037844388,0,0,0,0,0,0,0,0,0,0,0,0,0,0,0,0,0,0,0,0,0,0,0,1,0,0,0,0,0,0,0,0,0
14637,1977,10,34.7,23.1,162.0,81.0,0.9,2.8,7.325714286,41895,353944.9,693386.6,24.35,88.56,20,1,-0.8660254037844386,0.5000000000000001,0,0,0,0,0,0,0,0,0,0,0,0,0,0,0,0,0,0,0,0,0,0,0,1,0,0,0,0,0,0,0,0,0
14645,1978,6,35.0,25.1,492.0,88.0,1.9,5.4,5.394285714,41895,353944.9,693386.6,24.35,88.56,20,1,1.2246467991473532e-16,-1.0,0,0,0,0,0,0,0,0,0,0,0,0,0,0,0,0,0,0,0,0,0,0,0,1,0,0,0,0,0,0,0,0,0
14647,1978,8,33.0,25.8,149.0,87.0,1.8,5.5,5.111428571,41895,353944.9,693386.6,24.35,88.56,20,1,-0.8660254037844385,-0.5000000000000004,0,0,0,0,0,0,0,0,0,0,0,0,0,0,0,0,0,0,0,0,0,0,0,1,0,0,0,0,0,0,0,0,0
14648,1978,9,33.5,25.6,545.0,85.0,1.7,5.6,5.542857143,41895,353944.9,693386.6,24.35,88.56,20,1,-1.0,-1.8369701987210297e-16,0,0,0,0,0,0,0,0,0,0,0,0,0,0,0,0,0,0,0,0,0,0,0,1,0,0,0,0,0,0,0,0,0
14658,1979,7,35.8,26.0,492.0,88.0,2.2,6.2,4.6,41895,353944.9,693386.6,24.35,88.56,20,1,-0.4999999999999997,-0.8660254037844388,0,0,0,0,0,0,0,0,0,0,0,0,0,0,0,0,0,0,0,0,0,0,0,1,0,0,0,0,0,0,0,0,0
14659,1979,8,35.0,26.3,275.0,85.0,2.2,5.2,5.1,41895,353944.9,693386.6,24.35,88.56,20,1,-0.8660254037844385,-0.5000000000000004,0,0,0,0,0,0,0,0,0,0,0,0,0,0,0,0,0,0,0,0,0,0,0,1,0,0,0,0,0,0,0,0,0
14660,1979,9,35.7,25.6,379.0,84.0,1.6,4.6,6.5,41895,353944.9,693386.6,24.35,88.56,20,1,-1.0,-1.8369701987210297e-16,0,0,0,0,0,0,0,0,0,0,0,0,0,0,0,0,0,0,0,0,0,0,0,1,0,0,0,0,0,0,0,0,0
14661,1979,10,34.1,23.6,188.0,80.0,0.9,2.0,8.8,41895,353944.9,693386.6,24.35,88.56,20,1,-0.8660254037844386,0.5000000000000001,0,0,0,0,0,0,0,0,0,0,0,0,0,0,0,0,0,0,0,0,0,0,0,1,0,0,0,0,0,0,0,0,0
14669,1980,6,35.0,25.9,349.0,86.0,2.2,4.8,5.5,41895,353944.9,693386.6,24.35,88.56,20,1,1.2246467991473532e-16,-1.0,0,0,0,0,0,0,0,0,0,0,0,0,0,0,0,0,0,0,0,0,0,0,0,1,0,0,0,0,0,0,0,0,0
14671,1980,8,35.5,26.5,316.0,86.0,1.8,5.6,5.1,41895,353944.9,693386.6,24.35,88.56,20,1,-0.8660254037844385,-0.5000000000000004,0,0,0,0,0,0,0,0,0,0,0,0,0,0,0,0,0,0,0,0,0,0,0,1,0,0,0,0,0,0,0,0,0
14682,1981,7,36.2,26.4,574.0,89.0,1.7,6.2,4.3,41895,353944.9,693386.6,24.35,88.56,20,1,-0.4999999999999997,-0.8660254037844388,0,0,0,0,0,0,0,0,0,0,0,0,0,0,0,0,0,0,0,0,0,0,0,1,0,0,0,0,0,0,0,0,0
14683,1981,8,34.1,25.9,340.0,85.0,2.1,5.4,6.8,41895,353944.9,693386.6,24.35,88.56,20,1,-0.8660254037844385,-0.5000000000000004,0,0,0,0,0,0,0,0,0,0,0,0,0,0,0,0,0,0,0,0,0,0,0,1,0,0,0,0,0,0,0,0,0
14684,1981,9,33.7,26.2,398.0,84.0,1.6,5.2,5.8,41895,353944.9,693386.6,24.35,88.56,20,1,-1.0,-1.8369701987210297e-16,0,0,0,0,0,0,0,0,0,0,0,0,0,0,0,0,0,0,0,0,0,0,0,1,0,0,0,0,0,0,0,0,0
14693,1982,6,37.5,25.6,260.0,83.0,2.1,5.3,4.7,41895,353944.9,693386.6,24.35,88.56,20,1,1.2246467991473532e-16,-1.0,0,0,0,0,0,0,0,0,0,0,0,0,0,0,0,0,0,0,0,0,0,0,0,1,0,0,0,0,0,0,0,0,0
14695,1982,8,33.8,25.9,217.0,87.0,2.5,5.8,4.6,41895,353944.9,693386.6,24.35,88.56,20,1,-0.8660254037844385,-0.5000000000000004,0,0,0,0,0,0,0,0,0,0,0,0,0,0,0,0,0,0,0,0,0,0,0,1,0,0,0,0,0,0,0,0,0
14706,1983,7,36.2,26.5,366.0,84.0,4.7,4.9,5.3,41895,353944.9,693386.6,24.35,88.56,20,1,-0.4999999999999997,-0.8660254037844388,0,0,0,0,0,0,0,0,0,0,0,0,0,0,0,0,0,0,0,0,0,0,0,1,0,0,0,0,0,0,0,0,0
14707,1983,8,34.1,25.9,505.0,87.0,2.6,5.2,6.0,41895,353944.9,693386.6,24.35,88.56,20,1,-0.8660254037844385,-0.5000000000000004,0,0,0,0,0,0,0,0,0,0,0,0,0,0,0,0,0,0,0,0,0,0,0,1,0,0,0,0,0,0,0,0,0
14709,1983,10,33.9,23.7,358.0,83.0,1.2,3.6,6.2,41895,353944.9,693386.6,24.35,88.56,20,1,-0.8660254037844386,0.5000000000000001,0,0,0,0,0,0,0,0,0,0,0,0,0,0,0,0,0,0,0,0,0,0,0,1,0,0,0,0,0,0,0,0,0
14717,1984,6,38.1,25.8,325.0,87.0,3.6,5.9,3.9,41895,353944.9,693386.6,24.35,88.56,20,1,1.2246467991473532e-16,-1.0,0,0,0,0,0,0,0,0,0,0,0,0,0,0,0,0,0,0,0,0,0,0,0,1,0,0,0,0,0,0,0,0,0
14718,1984,7,33.6,25.5,294.0,88.0,3.0,6.2,3.7,41895,353944.9,693386.6,24.35,88.56,20,1,-0.4999999999999997,-0.8660254037844388,0,0,0,0,0,0,0,0,0,0,0,0,0,0,0,0,0,0,0,0,0,0,0,1,0,0,0,0,0,0,0,0,0
14719,1984,8,35.1,25.7,321.0,88.0,2.7,6.2,4.7,41895,353944.9,693386.6,24.35,88.56,20,1,-0.8660254037844385,-0.5000000000000004,0,0,0,0,0,0,0,0,0,0,0,0,0,0,0,0,0,0,0,0,0,0,0,1,0,0,0,0,0,0,0,0,0
14720,1984,9,33.8,24.9,297.0,84.0,2.1,4.5,6.3,41895,353944.9,693386.6,24.35,88.56,20,1,-1.0,-1.8369701987210297e-16,0,0,0,0,0,0,0,0,0,0,0,0,0,0,0,0,0,0,0,0,0,0,0,1,0,0,0,0,0,0,0,0,0
14721,1984,10,34.1,23.6,202.0,82.0,1.6,2.7,7.7,41895,353944.9,693386.6,24.35,88.56,20,1,-0.8660254037844386,0.5000000000000001,0,0,0,0,0,0,0,0,0,0,0,0,0,0,0,0,0,0,0,0,0,0,0,1,0,0,0,0,0,0,0,0,0
14729,1985,6,37.3,25.7,232.0,85.0,2.5,5.5,4.8,41895,353944.9,693386.6,24.35,88.56,20,1,1.2246467991473532e-16,-1.0,0,0,0,0,0,0,0,0,0,0,0,0,0,0,0,0,0,0,0,0,0,0,0,1,0,0,0,0,0,0,0,0,0
14730,1985,7,33.6,25.3,274.0,89.0,2.7,6.2,3.2,41895,353944.9,693386.6,24.35,88.56,20,1,-0.4999999999999997,-0.8660254037844388,0,0,0,0,0,0,0,0,0,0,0,0,0,0,0,0,0,0,0,0,0,0,0,1,0,0,0,0,0,0,0,0,0
14732,1985,9,34.0,25.4,233.0,87.0,1.8,5.6,5.2,41895,353944.9,693386.6,24.35,88.56,20,1,-1.0,-1.8369701987210297e-16,0,0,0,0,0,0,0,0,0,0,0,0,0,0,0,0,0,0,0,0,0,0,0,1,0,0,0,0,0,0,0,0,0
14742,1986,7,34.0,25.8,262.0,87.0,2.9,6.3,4.2,41895,353944.9,693386.6,24.35,88.56,20,1,-0.4999999999999997,-0.8660254037844388,0,0,0,0,0,0,0,0,0,0,0,0,0,0,0,0,0,0,0,0,0,0,0,1,0,0,0,0,0,0,0,0,0
14744,1986,9,35.2,24.9,406.0,87.0,2.4,5.9,5.5,41895,353944.9,693386.6,24.35,88.56,20,1,-1.0,-1.8369701987210297e-16,0,0,0,0,0,0,0,0,0,0,0,0,0,0,0,0,0,0,0,0,0,0,0,1,0,0,0,0,0,0,0,0,0
14745,1986,10,32.1,21.9,190.0,84.0,1.6,3.2,7.6,41895,353944.9,693386.6,24.35,88.56,20,1,-0.8660254037844386,0.5000000000000001,0,0,0,0,0,0,0,0,0,0,0,0,0,0,0,0,0,0,0,0,0,0,0,1,0,0,0,0,0,0,0,0,0
14754,1987,7,34.2,25.7,488.0,90.0,2.2,6.6,2.6,41895,353944.9,693386.6,24.35,88.56,20,1,-0.4999999999999997,-0.8660254037844388,0,0,0,0,0,0,0,0,0,0,0,0,0,0,0,0,0,0,0,0,0,0,0,1,0,0,0,0,0,0,0,0,0
14755,1987,8,38.0,25.7,400.0,88.0,2.2,6.0,4.4,41895,353944.9,693386.6,24.35,88.56,20,1,-0.8660254037844385,-0.5000000000000004,0,0,0,0,0,0,0,0,0,0,0,0,0,0,0,0,0,0,0,0,0,0,0,1,0,0,0,0,0,0,0,0,0
14756,1987,9,34.5,26.1,193.0,87.0,1.7,5.6,4.4,41895,353944.9,693386.6,24.35,88.56,20,1,-1.0,-1.8369701987210297e-16,0,0,0,0,0,0,0,0,0,0,0,0,0,0,0,0,0,0,0,0,0,0,0,1,0,0,0,0,0,0,0,0,0
14765,1988,6,38.3,25.2,407.0,86.0,2.6,5.9,4.7,41895,353944.9,693386.6,24.35,88.56,20,1,1.2246467991473532e-16,-1.0,0,0,0,0,0,0,0,0,0,0,0,0,0,0,0,0,0,0,0,0,0,0,0,1,0,0,0,0,0,0,0,0,0
14766,1988,7,34.0,25.9,301.0,88.0,2.1,6.2,4.2,41895,353944.9,693386.6,24.35,88.56,20,1,-0.4999999999999997,-0.8660254037844388,0,0,0,0,0,0,0,0,0,0,0,0,0,0,0,0,0,0,0,0,0,0,0,1,0,0,0,0,0,0,0,0,0
14767,1988,8,34.2,25.9,359.0,87.0,1.9,6.4,3.7,41895,353944.9,693386.6,24.35,88.56,20,1,-0.8660254037844385,-0.5000000000000004,0,0,0,0,0,0,0,0,0,0,0,0,0,0,0,0,0,0,0,0,0,0,0,1,0,0,0,0,0,0,0,0,0
14776,1989,5,43.7,24.9,224.0,73.0,2.6,3.9,6.4,41895,353944.9,693386.6,24.35,88.56,20,1,0.49999999999999994,-0.8660254037844387,0,0,0,0,0,0,0,0,0,0,0,0,0,0,0,0,0,0,0,0,0,0,0,1,0,0,0,0,0,0,0,0,0
14778,1989,7,36.0,25.2,357.0,89.0,1.7,6.4,4.2,41895,353944.9,693386.6,24.35,88.56,20,1,-0.4999999999999997,-0.8660254037844388,0,0,0,0,0,0,0,0,0,0,0,0,0,0,0,0,0,0,0,0,0,0,0,1,0,0,0,0,0,0,0,0,0
14780,1989,9,35.2,25.2,332.0,88.0,1.8,5.7,5.0,41895,353944.9,693386.6,24.35,88.56,20,1,-1.0,-1.8369701987210297e-16,0,0,0,0,0,0,0,0,0,0,0,0,0,0,0,0,0,0,0,0,0,0,0,1,0,0,0,0,0,0,0,0,0
14788,1990,5,36.2,23.4,301.0,82.0,1.8,4.4,7.1,41895,353944.9,693386.6,24.35,88.56,20,1,0.49999999999999994,-0.8660254037844387,0,0,0,0,0,0,0,0,0,0,0,0,0,0,0,0,0,0,0,0,0,0,0,1,0,0,0,0,0,0,0,0,0
14790,1990,7,33.7,25.4,462.0,89.0,1.7,6.8,3.3,41895,353944.9,693386.6,24.35,88.56,20,1,-0.4999999999999997,-0.8660254037844388,0,0,0,0,0,0,0,0,0,0,0,0,0,0,0,0,0,0,0,0,0,0,0,1,0,0,0,0,0,0,0,0,0
14791,1990,8,36.4,25.4,238.0,85.0,1.6,5.4,5.8,41895,353944.9,693386.6,24.35,88.56,20,1,-0.8660254037844385,-0.5000000000000004,0,0,0,0,0,0,0,0,0,0,0,0,0,0,0,0,0,0,0,0,0,0,0,1,0,0,0,0,0,0,0,0,0
14792,1990,9,35.9,24.8,180.0,87.0,1.7,6.1,5.1,41895,353944.9,693386.6,24.35,88.56,20,1,-1.0,-1.8369701987210297e-16,0,0,0,0,0,0,0,0,0,0,0,0,0,0,0,0,0,0,0,0,0,0,0,1,0,0,0,0,0,0,0,0,0
14801,1991,6,35.2,25.5,211.0,86.0,1.8,6.0,5.1,41895,353944.9,693386.6,24.35,88.56,20,1,1.2246467991473532e-16,-1.0,0,0,0,0,0,0,0,0,0,0,0,0,0,0,0,0,0,0,0,0,0,0,0,1,0,0,0,0,0,0,0,0,0
14802,1991,7,35.3,25.7,286.0,88.0,2.3,6.2,5.0,41895,353944.9,693386.6,24.35,88.56,20,1,-0.4999999999999997,-0.8660254037844388,0,0,0,0,0,0,0,0,0,0,0,0,0,0,0,0,0,0,0,0,0,0,0,1,0,0,0,0,0,0,0,0,0
14804,1991,9,35.3,24.9,511.0,90.0,1.2,6.6,4.1,41895,353944.9,693386.6,24.35,88.56,20,1,-1.0,-1.8369701987210297e-16,0,0,0,0,0,0,0,0,0,0,0,0,0,0,0,0,0,0,0,0,0,0,0,1,0,0,0,0,0,0,0,0,0
14814,1992,7,36.5,25.3,244.0,87.0,1.7,6.2,4.0,41895,353944.9,693386.6,24.35,88.56,20,1,-0.4999999999999997,-0.8660254037844388,0,0,0,0,0,0,0,0,0,0,0,0,0,0,0,0,0,0,0,0,0,0,0,1,0,0,0,0,0,0,0,0,0
14815,1992,8,36.0,25.7,185.0,86.0,1.5,5.5,6.1,41895,353944.9,693386.6,24.35,88.56,20,1,-0.8660254037844385,-0.5000000000000004,0,0,0,0,0,0,0,0,0,0,0,0,0,0,0,0,0,0,0,0,0,0,0,1,0,0,0,0,0,0,0,0,0
14816,1992,9,35.3,25.2,124.0,83.0,1.3,4.1,6.3,41895,353944.9,693386.6,24.35,88.56,20,1,-1.0,-1.8369701987210297e-16,0,0,0,0,0,0,0,0,0,0,0,0,0,0,0,0,0,0,0,0,0,0,0,1,0,0,0,0,0,0,0,0,0
14825,1993,6,37.6,25.2,455.0,84.0,2.1,5.8,5.4,41895,353944.9,693386.6,24.35,88.56,20,1,1.2246467991473532e-16,-1.0,0,0,0,0,0,0,0,0,0,0,0,0,0,0,0,0,0,0,0,0,0,0,0,1,0,0,0,0,0,0,0,0,0
14826,1993,7,34.6,26.0,241.0,87.0,1.7,6.0,3.8,41895,353944.9,693386.6,24.35,88.56,20,1,-0.4999999999999997,-0.8660254037844388,0,0,0,0,0,0,0,0,0,0,0,0,0,0,0,0,0,0,0,0,0,0,0,1,0,0,0,0,0,0,0,0,0
14828,1993,9,34.9,25.5,357.0,89.0,1.3,5.6,4.6,41895,353944.9,693386.6,24.35,88.56,20,1,-1.0,-1.8369701987210297e-16,0,0,0,0,0,0,0,0,0,0,0,0,0,0,0,0,0,0,0,0,0,0,0,1,0,0,0,0,0,0,0,0,0
14829,1993,10,34.5,23.5,159.0,85.0,0.7,3.1,7.1,41895,353944.9,693386.6,24.35,88.56,20,1,-0.8660254037844386,0.5000000000000001,0,0,0,0,0,0,0,0,0,0,0,0,0,0,0,0,0,0,0,0,0,0,0,1,0,0,0,0,0,0,0,0,0
14837,1994,6,38.4,26.0,237.0,85.0,1.5,5.8,4.9,41895,353944.9,693386.6,24.35,88.56,20,1,1.2246467991473532e-16,-1.0,0,0,0,0,0,0,0,0,0,0,0,0,0,0,0,0,0,0,0,0,0,0,0,1,0,0,0,0,0,0,0,0,0
14839,1994,8,35.0,26.2,206.0,84.0,1.4,5.6,5.2,41895,353944.9,693386.6,24.35,88.56,20,1,-0.8660254037844385,-0.5000000000000004,0,0,0,0,0,0,0,0,0,0,0,0,0,0,0,0,0,0,0,0,0,0,0,1,0,0,0,0,0,0,0,0,0
14840,1994,9,34.6,24.8,171.0,79.0,0.9,4.4,5.8,41895,353944.9,693386.6,24.35,88.56,20,1,-1.0,-1.8369701987210297e-16,0,0,0,0,0,0,0,0,0,0,0,0,0,0,0,0,0,0,0,0,0,0,0,1,0,0,0,0,0,0,0,0,0
14849,1995,6,38.6,26.5,291.0,84.0,1.3,6.0,3.9,41895,353944.9,693386.6,24.35,88.56,20,1,1.2246467991473532e-16,-1.0,0,0,0,0,0,0,0,0,0,0,0,0,0,0,0,0,0,0,0,0,0,0,0,1,0,0,0,0,0,0,0,0,0
14850,1995,7,34.2,26.1,287.0,88.0,1.4,6.4,3.5,41895,353944.9,693386.6,24.35,88.56,20,1,-0.4999999999999997,-0.8660254037844388,0,0,0,0,0,0,0,0,0,0,0,0,0,0,0,0,0,0,0,0,0,0,0,1,0,0,0,0,0,0,0,0,0
14851,1995,8,35.5,26.1,270.0,86.0,1.0,5.9,3.5,41895,353944.9,693386.6,24.35,88.56,20,1,-0.8660254037844385,-0.5000000000000004,0,0,0,0,0,0,0,0,0,0,0,0,0,0,0,0,0,0,0,0,0,0,0,1,0,0,0,0,0,0,0,0,0
14852,1995,9,34.5,25.8,370.0,86.0,1.2,5.8,3.8,41895,353944.9,693386.6,24.35,88.56,20,1,-1.0,-1.8369701987210297e-16,0,0,0,0,0,0,0,0,0,0,0,0,0,0,0,0,0,0,0,0,0,0,0,1,0,0,0,0,0,0,0,0,0
14861,1996,6,36.5,25.1,284.0,85.0,1.3,5.4,5.7,41895,353944.9,693386.6,24.35,88.56,20,1,1.2246467991473532e-16,-1.0,0,0,0,0,0,0,0,0,0,0,0,0,0,0,0,0,0,0,0,0,0,0,0,1,0,0,0,0,0,0,0,0,0
14863,1996,8,35.2,26.0,270.0,88.0,1.0,6.3,4.8,41895,353944.9,693386.6,24.35,88.56,20,1,-0.8660254037844385,-0.5000000000000004,0,0,0,0,0,0,0,0,0,0,0,0,0,0,0,0,0,0,0,0,0,0,0,1,0,0,0,0,0,0,0,0,0
14864,1996,9,35.7,26.1,298.0,86.0,0.7,4.6,6.6,41895,353944.9,693386.6,24.35,88.56,20,1,-1.0,-1.8369701987210297e-16,0,0,0,0,0,0,0,0,0,0,0,0,0,0,0,0,0,0,0,0,0,0,0,1,0,0,0,0,0,0,0,0,0
14874,1997,7,34.8,26.0,763.0,89.0,1.3,6.2,5.3,41895,353944.9,693386.6,24.35,88.56,20,1,-0.4999999999999997,-0.8660254037844388,0,0,0,0,0,0,0,0,0,0,0,0,0,0,0,0,0,0,0,0,0,0,0,1,0,0,0,0,0,0,0,0,0
14875,1997,8,35.8,26.4,468.0,88.0,1.2,6.1,4.9,41895,353944.9,693386.6,24.35,88.56,20,1,-0.8660254037844385,-0.5000000000000004,0,0,0,0,0,0,0,0,0,0,0,0,0,0,0,0,0,0,0,0,0,0,0,1,0,0,0,0,0,0,0,0,0
14876,1997,9,34.2,25.2,348.0,88.0,0.7,5.8,5.3,41895,353944.9,693386.6,24.35,88.56,20,1,-1.0,-1.8369701987210297e-16,0,0,0,0,0,0,0,0,0,0,0,0,0,0,0,0,0,0,0,0,0,0,0,1,0,0,0,0,0,0,0,0,0
14886,1998,7,35.5,26.5,404.0,90.0,1.4,6.6,4.0,41895,353944.9,693386.6,24.35,88.56,20,1,-0.4999999999999997,-0.8660254037844388,0,0,0,0,0,0,0,0,0,0,0,0,0,0,0,0,0,0,0,0,0,0,0,1,0,0,0,0,0,0,0,0,0
14887,1998,8,35.0,26.8,268.0,89.0,1.2,6.7,4.3,41895,353944.9,693386.6,24.35,88.56,20,1,-0.8660254037844385,-0.5000000000000004,0,0,0,0,0,0,0,0,0,0,0,0,0,0,0,0,0,0,0,0,0,0,0,1,0,0,0,0,0,0,0,0,0
14888,1998,9,36.0,26.2,310.0,88.0,1.0,5.0,6.0,41895,353944.9,693386.6,24.35,88.56,20,1,-1.0,-1.8369701987210297e-16,0,0,0,0,0,0,0,0,0,0,0,0,0,0,0,0,0,0,0,0,0,0,0,1,0,0,0,0,0,0,0,0,0
14897,1999,6,39.7,26.3,348.0,84.0,1.3,5.6,5.2,41895,353944.9,693386.6,24.35,88.56,20,1,1.2246467991473532e-16,-1.0,0,0,0,0,0,0,0,0,0,0,0,0,0,0,0,0,0,0,0,0,0,0,0,1,0,0,0,0,0,0,0,0,0
14898,1999,7,34.9,25.9,349.0,90.0,1.1,6.6,4.2,41895,353944.9,693386.6,24.35,88.56,20,1,-0.4999999999999997,-0.8660254037844388,0,0,0,0,0,0,0,0,0,0,0,0,0,0,0,0,0,0,0,0,0,0,0,1,0,0,0,0,0,0,0,0,0
14899,1999,8,35.0,26.0,354.0,90.0,1.0,6.6,4.2,41895,353944.9,693386.6,24.35,88.56,20,1,-0.8660254037844385,-0.5000000000000004,0,0,0,0,0,0,0,0,0,0,0,0,0,0,0,0,0,0,0,0,0,0,0,1,0,0,0,0,0,0,0,0,0
14900,1999,9,34.2,25.6,502.0,90.0,1.2,5.8,5.0,41895,353944.9,693386.6,24.35,88.56,20,1,-1.0,-1.8369701987210297e-16,0,0,0,0,0,0,0,0,0,0,0,0,0,0,0,0,0,0,0,0,0,0,0,1,0,0,0,0,0,0,0,0,0
14901,1999,10,33.1,24.3,155.0,87.0,0.7,4.0,7.0,41895,353944.9,693386.6,24.35,88.56,20,1,-0.8660254037844386,0.5000000000000001,0,0,0,0,0,0,0,0,0,0,0,0,0,0,0,0,0,0,0,0,0,0,0,1,0,0,0,0,0,0,0,0,0
14909,2000,6,36.3,25.9,222.0,85.0,1.3,5.6,5.3,41895,353944.9,693386.6,24.35,88.56,20,1,1.2246467991473532e-16,-1.0,0,0,0,0,0,0,0,0,0,0,0,0,0,0,0,0,0,0,0,0,0,0,0,1,0,0,0,0,0,0,0,0,0
14911,2000,8,35.3,26.4,192.0,87.0,0.8,5.9,5.2,41895,353944.9,693386.6,24.35,88.56,20,1,-0.8660254037844385,-0.5000000000000004,0,0,0,0,0,0,0,0,0,0,0,0,0,0,0,0,0,0,0,0,0,0,0,1,0,0,0,0,0,0,0,0,0
14912,2000,9,34.6,25.3,644.0,90.0,0.9,5.4,5.9,41895,353944.9,693386.6,24.35,88.56,20,1,-1.0,-1.8369701987210297e-16,0,0,0,0,0,0,0,0,0,0,0,0,0,0,0,0,0,0,0,0,0,0,0,1,0,0,0,0,0,0,0,0,0
14913,2000,10,34.8,24.0,85.0,85.0,0.5,3.3,7.7,41895,353944.9,693386.6,24.35,88.56,20,1,-0.8660254037844386,0.5000000000000001,0,0,0,0,0,0,0,0,0,0,0,0,0,0,0,0,0,0,0,0,0,0,0,1,0,0,0,0,0,0,0,0,0
14921,2001,6,35.2,25.6,324.0,87.0,1.8,6.2,5.4,41895,353944.9,693386.6,24.35,88.56,20,1,1.2246467991473532e-16,-1.0,0,0,0,0,0,0,0,0,0,0,0,0,0,0,0,0,0,0,0,0,0,0,0,1,0,0,0,0,0,0,0,0,0
14922,2001,7,34.5,26.4,338.0,87.0,1.6,6.0,5.9,41895,353944.9,693386.6,24.35,88.56,20,1,-0.4999999999999997,-0.8660254037844388,0,0,0,0,0,0,0,0,0,0,0,0,0,0,0,0,0,0,0,0,0,0,0,1,0,0,0,0,0,0,0,0,0
14923,2001,8,35.0,26.6,210.0,86.0,1.1,5.7,6.5,41895,353944.9,693386.6,24.35,88.56,20,1,-0.8660254037844385,-0.5000000000000004,0,0,0,0,0,0,0,0,0,0,0,0,0,0,0,0,0,0,0,0,0,0,0,1,0,0,0,0,0,0,0,0,0
14925,2001,10,34.0,24.0,184.0,87.0,0.7,4.2,7.1,41895,353944.9,693386.6,24.35,88.56,20,1,-0.8660254037844386,0.5000000000000001,0,0,0,0,0,0,0,0,0,0,0,0,0,0,0,0,0,0,0,0,0,0,0,1,0,0,0,0,0,0,0,0,0
14934,2002,7,37.2,26.6,316.0,88.0,1.2,6.5,3.6,41895,353944.9,693386.6,24.35,88.56,20,1,-0.4999999999999997,-0.8660254037844388,0,0,0,0,0,0,0,0,0,0,0,0,0,0,0,0,0,0,0,0,0,0,0,1,0,0,0,0,0,0,0,0,0
14935,2002,8,35.3,26.2,238.0,87.0,1.3,5.8,5.5,41895,353944.9,693386.6,24.35,88.56,20,1,-0.8660254037844385,-0.5000000000000004,0,0,0,0,0,0,0,0,0,0,0,0,0,0,0,0,0,0,0,0,0,0,0,1,0,0,0,0,0,0,0,0,0
14936,2002,9,35.3,25.6,281.0,86.0,1.1,5.1,6.9,41895,353944.9,693386.6,24.35,88.56,20,1,-1.0,-1.8369701987210297e-16,0,0,0,0,0,0,0,0,0,0,0,0,0,0,0,0,0,0,0,0,0,0,0,1,0,0,0,0,0,0,0,0,0
14945,2003,6,38.6,25.8,280.0,83.0,1.3,5.5,4.8,41895,353944.9,693386.6,24.35,88.56,20,1,1.2246467991473532e-16,-1.0,0,0,0,0,0,0,0,0,0,0,0,0,0,0,0,0,0,0,0,0,0,0,0,1,0,0,0,0,0,0,0,0,0
14946,2003,7,34.8,26.6,230.0,86.0,1.4,5.8,4.9,41895,353944.9,693386.6,24.35,88.56,20,1,-0.4999999999999997,-0.8660254037844388,0,0,0,0,0,0,0,0,0,0,0,0,0,0,0,0,0,0,0,0,0,0,0,1,0,0,0,0,0,0,0,0,0
14948,2003,9,34.6,26.1,262.0,87.0,1.0,5.5,5.7,41895,353944.9,693386.6,24.35,88.56,20,1,-1.0,-1.8369701987210297e-16,0,0,0,0,0,0,0,0,0,0,0,0,0,0,0,0,0,0,0,0,0,0,0,1,0,0,0,0,0,0,0,0,0
14949,2003,10,34.4,24.0,292.0,88.0,0.7,5.0,5.0,41895,353944.9,693386.6,24.35,88.56,20,1,-0.8660254037844386,0.5000000000000001,0,0,0,0,0,0,0,0,0,0,0,0,0,0,0,0,0,0,0,0,0,0,0,1,0,0,0,0,0,0,0,0,0
14957,2004,6,36.6,25.4,507.0,84.0,1.3,5.9,4.4,41895,353944.9,693386.6,24.35,88.56,20,1,1.2246467991473532e-16,-1.0,0,0,0,0,0,0,0,0,0,0,0,0,0,0,0,0,0,0,0,0,0,0,0,1,0,0,0,0,0,0,0,0,0
14958,2004,7,35.8,25.9,339.0,87.0,1.3,6.4,3.8,41895,353944.9,693386.6,24.35,88.56,20,1,-0.4999999999999997,-0.8660254037844388,0,0,0,0,0,0,0,0,0,0,0,0,0,0,0,0,0,0,0,0,0,0,0,1,0,0,0,0,0,0,0,0,0
14959,2004,8,35.0,26.3,275.0,86.0,1.4,5.6,6.4,41895,353944.9,693386.6,24.35,88.56,20,1,-0.8660254037844385,-0.5000000000000004,0,0,0,0,0,0,0,0,0,0,0,0,0,0,0,0,0,0,0,0,0,0,0,1,0,0,0,0,0,0,0,0,0
14960,2004,9,34.6,25.5,349.0,88.0,1.7,6.3,3.5,41895,353944.9,693386.6,24.35,88.56,20,1,-1.0,-1.8369701987210297e-16,0,0,0,0,0,0,0,0,0,0,0,0,0,0,0,0,0,0,0,0,0,0,0,1,0,0,0,0,0,0,0,0,0
14970,2005,7,34.3,26.1,492.0,87.0,1.2,6.3,4.2,41895,353944.9,693386.6,24.35,88.56,20,1,-0.4999999999999997,-0.8660254037844388,0,0,0,0,0,0,0,0,0,0,0,0,0,0,0,0,0,0,0,0,0,0,0,1,0,0,0,0,0,0,0,0,0
14971,2005,8,36.0,26.7,161.0,87.0,0.9,6.3,4.1,41895,353944.9,693386.6,24.35,88.56,20,1,-0.8660254037844385,-0.5000000000000004,0,0,0,0,0,0,0,0,0,0,0,0,0,0,0,0,0,0,0,0,0,0,0,1,0,0,0,0,0,0,0,0,0
14973,2005,10,33.6,23.2,275.0,87.0,0.7,4.5,5.1,41895,353944.9,693386.6,24.35,88.56,20,1,-0.8660254037844386,0.5000000000000001,0,0,0,0,0,0,0,0,0,0,0,0,0,0,0,0,0,0,0,0,0,0,0,1,0,0,0,0,0,0,0,0,0
14983,2006,8,35.8,26.0,247.0,86.0,1.2,5.7,5.7,41895,353944.9,693386.6,24.35,88.56,20,1,-0.8660254037844385,-0.5000000000000004,0,0,0,0,0,0,0,0,0,0,0,0,0,0,0,0,0,0,0,0,0,0,0,1,0,0,0,0,0,0,0,0,0
14984,2006,9,35.5,25.5,302.0,87.0,1.1,5.6,5.6,41895,353944.9,693386.6,24.35,88.56,20,1,-1.0,-1.8369701987210297e-16,0,0,0,0,0,0,0,0,0,0,0,0,0,0,0,0,0,0,0,0,0,0,0,1,0,0,0,0,0,0,0,0,0
14993,2007,6,39.8,25.6,313.0,84.0,1.2,5.9,4.9,41895,353944.9,693386.6,24.35,88.56,20,1,1.2246467991473532e-16,-1.0,0,0,0,0,0,0,0,0,0,0,0,0,0,0,0,0,0,0,0,0,0,0,0,1,0,0,0,0,0,0,0,0,0
14994,2007,7,36.7,26.0,724.0,88.0,1.0,6.6,4.1,41895,353944.9,693386.6,24.35,88.56,20,1,-0.4999999999999997,-0.8660254037844388,0,0,0,0,0,0,0,0,0,0,0,0,0,0,0,0,0,0,0,0,0,0,0,1,0,0,0,0,0,0,0,0,0
14995,2007,8,36.8,26.7,236.0,86.0,0.8,5.3,5.6,41895,353944.9,693386.6,24.35,88.56,20,1,-0.8660254037844385,-0.5000000000000004,0,0,0,0,0,0,0,0,0,0,0,0,0,0,0,0,0,0,0,0,0,0,0,1,0,0,0,0,0,0,0,0,0
14996,2007,9,35.6,26.1,309.0,87.0,0.8,5.8,5.5,41895,353944.9,693386.6,24.35,88.56,20,1,-1.0,-1.8369701987210297e-16,0,0,0,0,0,0,0,0,0,0,0,0,0,0,0,0,0,0,0,0,0,0,0,1,0,0,0,0,0,0,0,0,0
14997,2007,10,35.5,23.3,76.0,84.0,0.4,3.3,6.8,41895,353944.9,693386.6,24.35,88.56,20,1,-0.8660254037844386,0.5000000000000001,0,0,0,0,0,0,0,0,0,0,0,0,0,0,0,0,0,0,0,0,0,0,0,1,0,0,0,0,0,0,0,0,0
15006,2008,7,34.5,26.0,373.0,89.0,1.0,6.4,3.9,41895,353944.9,693386.6,24.35,88.56,20,1,-0.4999999999999997,-0.8660254037844388,0,0,0,0,0,0,0,0,0,0,0,0,0,0,0,0,0,0,0,0,0,0,0,1,0,0,0,0,0,0,0,0,0
15007,2008,8,35.4,26.4,245.0,86.0,1.1,6.0,5.3,41895,353944.9,693386.6,24.35,88.56,20,1,-0.8660254037844385,-0.5000000000000004,0,0,0,0,0,0,0,0,0,0,0,0,0,0,0,0,0,0,0,0,0,0,0,1,0,0,0,0,0,0,0,0,0
15008,2008,9,35.3,25.8,129.0,86.0,0.8,5.3,6.0,41895,353944.9,693386.6,24.35,88.56,20,1,-1.0,-1.8369701987210297e-16,0,0,0,0,0,0,0,0,0,0,0,0,0,0,0,0,0,0,0,0,0,0,0,1,0,0,0,0,0,0,0,0,0
15019,2009,8,35.5,26.4,240.0,87.0,1.9,6.4,3.9,41895,353944.9,693386.6,24.35,88.56,20,1,-0.8660254037844385,-0.5000000000000004,0,0,0,0,0,0,0,0,0,0,0,0,0,0,0,0,0,0,0,0,0,0,0,1,0,0,0,0,0,0,0,0,0
15020,2009,9,35.7,25.9,282.0,85.0,2.0,4.8,6.3,41895,353944.9,693386.6,24.35,88.56,20,1,-1.0,-1.8369701987210297e-16,0,0,0,0,0,0,0,0,0,0,0,0,0,0,0,0,0,0,0,0,0,0,0,1,0,0,0,0,0,0,0,0,0
15029,2010,6,38.3,26.1,211.0,82.0,2.1,6.0,4.3,41895,353944.9,693386.6,24.35,88.56,20,1,1.2246467991473532e-16,-1.0,0,0,0,0,0,0,0,0,0,0,0,0,0,0,0,0,0,0,0,0,0,0,0,1,0,0,0,0,0,0,0,0,0
15032,2010,9,36.0,25.8,101.0,86.0,2.1,4.8,5.8,41895,353944.9,693386.6,24.35,88.56,20,1,-1.0,-1.8369701987210297e-16,0,0,0,0,0,0,0,0,0,0,0,0,0,0,0,0,0,0,0,0,0,0,0,1,0,0,0,0,0,0,0,0,0
15033,2010,10,35.8,23.4,127.0,86.0,2.2,3.4,6.9,41895,353944.9,693386.6,24.35,88.56,20,1,-0.8660254037844386,0.5000000000000001,0,0,0,0,0,0,0,0,0,0,0,0,0,0,0,0,0,0,0,0,0,0,0,1,0,0,0,0,0,0,0,0,0
15041,2011,6,37.5,25.8,341.0,85.0,2.5,5.3,5.1,41895,353944.9,693386.6,24.35,88.56,20,1,1.2246467991473532e-16,-1.0,0,0,0,0,0,0,0,0,0,0,0,0,0,0,0,0,0,0,0,0,0,0,0,1,0,0,0,0,0,0,0,0,0
15043,2011,8,36.0,26.2,454.0,88.0,2.1,5.9,3.8,41895,353944.9,693386.6,24.35,88.56,20,1,-0.8660254037844385,-0.5000000000000004,0,0,0,0,0,0,0,0,0,0,0,0,0,0,0,0,0,0,0,0,0,0,0,1,0,0,0,0,0,0,0,0,0
15044,2011,9,36.6,25.9,203.0,86.0,2.0,5.0,5.8,41895,353944.9,693386.6,24.35,88.56,20,1,-1.0,-1.8369701987210297e-16,0,0,0,0,0,0,0,0,0,0,0,0,0,0,0,0,0,0,0,0,0,0,0,1,0,0,0,0,0,0,0,0,0
15054,2012,7,35.6,26.4,314.0,87.0,2.1,6.3,4.2,41895,353944.9,693386.6,24.35,88.56,20,1,-0.4999999999999997,-0.8660254037844388,0,0,0,0,0,0,0,0,0,0,0,0,0,0,0,0,0,0,0,0,0,0,0,1,0,0,0,0,0,0,0,0,0
15056,2012,9,36.4,26.1,178.0,87.0,1.9,5.6,5.1,41895,353944.9,693386.6,24.35,88.56,20,1,-1.0,-1.8369701987210297e-16,0,0,0,0,0,0,0,0,0,0,0,0,0,0,0,0,0,0,0,0,0,0,0,1,0,0,0,0,0,0,0,0,0
15057,2012,10,36.0,21.9,102.0,81.0,1.6,2.3,7.7,41895,353944.9,693386.6,24.35,88.56,20,1,-0.8660254037844386,0.5000000000000001,0,0,0,0,0,0,0,0,0,0,0,0,0,0,0,0,0,0,0,0,0,0,0,1,0,0,0,0,0,0,0,0,0
15067,2013,8,36.6,26.3,254.0,87.0,2.3,6.0,4.2,41895,353944.9,693386.6,24.35,88.56,20,1,-0.8660254037844385,-0.5000000000000004,0,0,0,0,0,0,0,0,0,0,0,0,0,0,0,0,0,0,0,0,0,0,0,1,0,0,0,0,0,0,0,0,0
15068,2013,9,37.9,26.3,238.0,84.0,1.6,5.1,6.2,41895,353944.9,693386.6,24.35,88.56,20,1,-1.0,-1.8369701987210297e-16,0,0,0,0,0,0,0,0,0,0,0,0,0,0,0,0,0,0,0,0,0,0,0,1,0,0,0,0,0,0,0,0,0
15069,2013,10,34.8,23.4,204.0,87.0,2.4,4.3,5.2,41895,353944.9,693386.6,24.35,88.56,20,1,-0.8660254037844386,0.5000000000000001,0,0,0,0,0,0,0,0,0,0,0,0,0,0,0,0,0,0,0,0,0,0,0,1,0,0,0,0,0,0,0,0,0
15103,1959,8,33.0,24.5,412.0,90.0,1.351851852,6.3,4.744444444,41966,725903.3,508021.9,22.67,92.2,63,1,-0.8660254037844385,-0.5000000000000004,0,0,0,0,0,0,0,0,0,0,0,0,0,0,0,0,0,0,0,0,0,0,0,0,1,0,0,0,0,0,0,0,0
15113,1960,6,37.7,25.1,419.0,86.0,1.1,5.1,4.381481481,41966,725903.3,508021.9,22.67,92.2,63,1,1.2246467991473532e-16,-1.0,0,0,0,0,0,0,0,0,0,0,0,0,0,0,0,0,0,0,0,0,0,0,0,0,1,0,0,0,0,0,0,0,0
15114,1960,7,34.8,24.6,730.0,90.0,1.2,6.1,3.748148148,41966,725903.3,508021.9,22.67,92.2,63,1,-0.4999999999999997,-0.8660254037844388,0,0,0,0,0,0,0,0,0,0,0,0,0,0,0,0,0,0,0,0,0,0,0,0,1,0,0,0,0,0,0,0,0
15125,1961,6,35.2,24.5,1081.0,88.0,1.6,5.9,4.381481481,41966,725903.3,508021.9,22.67,92.2,63,1,1.2246467991473532e-16,-1.0,0,0,0,0,0,0,0,0,0,0,0,0,0,0,0,0,0,0,0,0,0,0,0,0,1,0,0,0,0,0,0,0,0
15126,1961,7,34.3,25.0,857.0,87.0,3.0,5.9,3.748148148,41966,725903.3,508021.9,22.67,92.2,63,1,-0.4999999999999997,-0.8660254037844388,0,0,0,0,0,0,0,0,0,0,0,0,0,0,0,0,0,0,0,0,0,0,0,0,1,0,0,0,0,0,0,0,0
15127,1961,8,34.1,25.2,660.0,88.0,2.7,6.0,4.744444444,41966,725903.3,508021.9,22.67,92.2,63,1,-0.8660254037844385,-0.5000000000000004,0,0,0,0,0,0,0,0,0,0,0,0,0,0,0,0,0,0,0,0,0,0,0,0,1,0,0,0,0,0,0,0,0
15137,1962,6,35.8,25.0,542.0,86.0,2.2,6.3,4.381481481,41966,725903.3,508021.9,22.67,92.2,63,1,1.2246467991473532e-16,-1.0,0,0,0,0,0,0,0,0,0,0,0,0,0,0,0,0,0,0,0,0,0,0,0,0,1,0,0,0,0,0,0,0,0
15139,1962,8,34.1,25.1,530.0,87.0,2.2,6.3,4.744444444,41966,725903.3,508021.9,22.67,92.2,63,1,-0.8660254037844385,-0.5000000000000004,0,0,0,0,0,0,0,0,0,0,0,0,0,0,0,0,0,0,0,0,0,0,0,0,1,0,0,0,0,0,0,0,0
15140,1962,9,35.1,25.5,472.0,82.0,1.4,5.7,5.3,41966,725903.3,508021.9,22.67,92.2,63,1,-1.0,-1.8369701987210297e-16,0,0,0,0,0,0,0,0,0,0,0,0,0,0,0,0,0,0,0,0,0,0,0,0,1,0,0,0,0,0,0,0,0
15149,1963,6,35.9,25.3,773.0,87.0,2.3,6.3,4.381481481,41966,725903.3,508021.9,22.67,92.2,63,1,1.2246467991473532e-16,-1.0,0,0,0,0,0,0,0,0,0,0,0,0,0,0,0,0,0,0,0,0,0,0,0,0,1,0,0,0,0,0,0,0,0
15150,1963,7,33.8,25.1,950.0,89.0,2.6,6.1,3.748148148,41966,725903.3,508021.9,22.67,92.2,63,1,-0.4999999999999997,-0.8660254037844388,0,0,0,0,0,0,0,0,0,0,0,0,0,0,0,0,0,0,0,0,0,0,0,0,1,0,0,0,0,0,0,0,0
15162,1964,7,33.9,25.1,412.0,85.0,3.2,5.7,3.748148148,41966,725903.3,508021.9,22.67,92.2,63,1,-0.4999999999999997,-0.8660254037844388,0,0,0,0,0,0,0,0,0,0,0,0,0,0,0,0,0,0,0,0,0,0,0,0,1,0,0,0,0,0,0,0,0
15163,1964,8,31.9,24.9,412.0,85.0,1.4,5.9,4.744444444,41966,725903.3,508021.9,22.67,92.2,63,1,-0.8660254037844385,-0.5000000000000004,0,0,0,0,0,0,0,0,0,0,0,0,0,0,0,0,0,0,0,0,0,0,0,0,1,0,0,0,0,0,0,0,0
15165,1964,10,32.3,23.9,412.0,83.0,0.9,4.0,6.596296296,41966,725903.3,508021.9,22.67,92.2,63,1,-0.8660254037844386,0.5000000000000001,0,0,0,0,0,0,0,0,0,0,0,0,0,0,0,0,0,0,0,0,0,0,0,0,1,0,0,0,0,0,0,0,0
15173,1965,6,35.8,25.1,681.0,86.0,2.1,5.6,4.381481481,41966,725903.3,508021.9,22.67,92.2,63,1,1.2246467991473532e-16,-1.0,0,0,0,0,0,0,0,0,0,0,0,0,0,0,0,0,0,0,0,0,0,0,0,0,1,0,0,0,0,0,0,0,0
15174,1965,7,34.4,25.0,549.0,87.0,2.3,5.5,3.748148148,41966,725903.3,508021.9,22.67,92.2,63,1,-0.4999999999999997,-0.8660254037844388,0,0,0,0,0,0,0,0,0,0,0,0,0,0,0,0,0,0,0,0,0,0,0,0,1,0,0,0,0,0,0,0,0
15175,1965,8,35.0,24.8,402.0,88.0,2.0,5.9,4.744444444,41966,725903.3,508021.9,22.67,92.2,63,1,-0.8660254037844385,-0.5000000000000004,0,0,0,0,0,0,0,0,0,0,0,0,0,0,0,0,0,0,0,0,0,0,0,0,1,0,0,0,0,0,0,0,0
15185,1966,6,36.7,25.3,536.0,87.0,3.1,6.2,4.381481481,41966,725903.3,508021.9,22.67,92.2,63,1,1.2246467991473532e-16,-1.0,0,0,0,0,0,0,0,0,0,0,0,0,0,0,0,0,0,0,0,0,0,0,0,0,1,0,0,0,0,0,0,0,0
15186,1966,7,35.0,25.7,503.0,85.0,1.9,5.6,3.748148148,41966,725903.3,508021.9,22.67,92.2,63,1,-0.4999999999999997,-0.8660254037844388,0,0,0,0,0,0,0,0,0,0,0,0,0,0,0,0,0,0,0,0,0,0,0,0,1,0,0,0,0,0,0,0,0
15198,1967,7,35.8,25.6,673.0,84.0,1.6,6.0,3.748148148,41966,725903.3,508021.9,22.67,92.2,63,1,-0.4999999999999997,-0.8660254037844388,0,0,0,0,0,0,0,0,0,0,0,0,0,0,0,0,0,0,0,0,0,0,0,0,1,0,0,0,0,0,0,0,0
15209,1968,6,34.9,24.5,635.0,88.0,1.6,5.7,4.381481481,41966,725903.3,508021.9,22.67,92.2,63,1,1.2246467991473532e-16,-1.0,0,0,0,0,0,0,0,0,0,0,0,0,0,0,0,0,0,0,0,0,0,0,0,0,1,0,0,0,0,0,0,0,0
15210,1968,7,35.7,25.2,1124.0,88.0,1.6,6.0,3.748148148,41966,725903.3,508021.9,22.67,92.2,63,1,-0.4999999999999997,-0.8660254037844388,0,0,0,0,0,0,0,0,0,0,0,0,0,0,0,0,0,0,0,0,0,0,0,0,1,0,0,0,0,0,0,0,0
15220,1969,5,37.2,25.3,657.0,85.0,2.5,5.7,6.322222222,41966,725903.3,508021.9,22.67,92.2,63,1,0.49999999999999994,-0.8660254037844387,0,0,0,0,0,0,0,0,0,0,0,0,0,0,0,0,0,0,0,0,0,0,0,0,1,0,0,0,0,0,0,0,0
15223,1969,8,34.3,24.7,740.0,89.0,2.2,5.8,4.744444444,41966,725903.3,508021.9,22.67,92.2,63,1,-0.8660254037844385,-0.5000000000000004,0,0,0,0,0,0,0,0,0,0,0,0,0,0,0,0,0,0,0,0,0,0,0,0,1,0,0,0,0,0,0,0,0
15234,1970,7,35.0,24.9,1276.0,90.0,1.9,5.9,3.748148148,41966,725903.3,508021.9,22.67,92.2,63,1,-0.4999999999999997,-0.8660254037844388,0,0,0,0,0,0,0,0,0,0,0,0,0,0,0,0,0,0,0,0,0,0,0,0,1,0,0,0,0,0,0,0,0
15245,1971,6,35.0,24.9,693.0,88.0,2.4,6.3,4.381481481,41966,725903.3,508021.9,22.67,92.2,63,1,1.2246467991473532e-16,-1.0,0,0,0,0,0,0,0,0,0,0,0,0,0,0,0,0,0,0,0,0,0,0,0,0,1,0,0,0,0,0,0,0,0
15247,1971,8,32.9,24.4,507.0,92.0,2.0,6.2,4.744444444,41966,725903.3,508021.9,22.67,92.2,63,1,-0.8660254037844385,-0.5000000000000004,0,0,0,0,0,0,0,0,0,0,0,0,0,0,0,0,0,0,0,0,0,0,0,0,1,0,0,0,0,0,0,0,0
15257,1972,6,36.1,25.7,450.0,82.0,1.8,5.2,4.381481481,41966,725903.3,508021.9,22.67,92.2,63,1,1.2246467991473532e-16,-1.0,0,0,0,0,0,0,0,0,0,0,0,0,0,0,0,0,0,0,0,0,0,0,0,0,1,0,0,0,0,0,0,0,0
15269,1973,6,34.2,25.2,453.0,86.0,1.6,5.4,4.381481481,41966,725903.3,508021.9,22.67,92.2,63,1,1.2246467991473532e-16,-1.0,0,0,0,0,0,0,0,0,0,0,0,0,0,0,0,0,0,0,0,0,0,0,0,0,1,0,0,0,0,0,0,0,0
15270,1973,7,34.2,25.6,608.0,83.0,1.9,5.4,3.748148148,41966,725903.3,508021.9,22.67,92.2,63,1,-0.4999999999999997,-0.8660254037844388,0,0,0,0,0,0,0,0,0,0,0,0,0,0,0,0,0,0,0,0,0,0,0,0,1,0,0,0,0,0,0,0,0
15271,1973,8,32.7,24.9,481.0,86.0,1.4,5.1,4.744444444,41966,725903.3,508021.9,22.67,92.2,63,1,-0.8660254037844385,-0.5000000000000004,0,0,0,0,0,0,0,0,0,0,0,0,0,0,0,0,0,0,0,0,0,0,0,0,1,0,0,0,0,0,0,0,0
15281,1974,6,35.1,24.9,441.0,84.0,2.0,5.7,4.381481481,41966,725903.3,508021.9,22.67,92.2,63,1,1.2246467991473532e-16,-1.0,0,0,0,0,0,0,0,0,0,0,0,0,0,0,0,0,0,0,0,0,0,0,0,0,1,0,0,0,0,0,0,0,0
15282,1974,7,31.2,24.2,489.0,85.0,1.8,6.1,3.748148148,41966,725903.3,508021.9,22.67,92.2,63,1,-0.4999999999999997,-0.8660254037844388,0,0,0,0,0,0,0,0,0,0,0,0,0,0,0,0,0,0,0,0,0,0,0,0,1,0,0,0,0,0,0,0,0
15284,1974,9,34.8,24.7,401.0,84.0,1.2,5.1,5.3,41966,725903.3,508021.9,22.67,92.2,63,1,-1.0,-1.8369701987210297e-16,0,0,0,0,0,0,0,0,0,0,0,0,0,0,0,0,0,0,0,0,0,0,0,0,1,0,0,0,0,0,0,0,0
15293,1975,6,35.1,25.7,508.0,84.0,1.7,5.1,4.381481481,41966,725903.3,508021.9,22.67,92.2,63,1,1.2246467991473532e-16,-1.0,0,0,0,0,0,0,0,0,0,0,0,0,0,0,0,0,0,0,0,0,0,0,0,0,1,0,0,0,0,0,0,0,0
15294,1975,7,32.0,24.8,649.0,87.0,2.1,5.7,3.748148148,41966,725903.3,508021.9,22.67,92.2,63,1,-0.4999999999999997,-0.8660254037844388,0,0,0,0,0,0,0,0,0,0,0,0,0,0,0,0,0,0,0,0,0,0,0,0,1,0,0,0,0,0,0,0,0
15305,1976,6,33.9,23.3,874.0,88.0,2.2,5.5,4.381481481,41966,725903.3,508021.9,22.67,92.2,63,1,1.2246467991473532e-16,-1.0,0,0,0,0,0,0,0,0,0,0,0,0,0,0,0,0,0,0,0,0,0,0,0,0,1,0,0,0,0,0,0,0,0
15306,1976,7,32.9,24.4,783.0,89.0,2.2,5.8,3.748148148,41966,725903.3,508021.9,22.67,92.2,63,1,-0.4999999999999997,-0.8660254037844388,0,0,0,0,0,0,0,0,0,0,0,0,0,0,0,0,0,0,0,0,0,0,0,0,1,0,0,0,0,0,0,0,0
15308,1976,9,34.1,25.3,389.0,82.0,1.6,4.5,5.3,41966,725903.3,508021.9,22.67,92.2,63,1,-1.0,-1.8369701987210297e-16,0,0,0,0,0,0,0,0,0,0,0,0,0,0,0,0,0,0,0,0,0,0,0,0,1,0,0,0,0,0,0,0,0
15315,1977,4,36.2,22.6,465.0,80.0,3.4,4.3,7.9,41966,725903.3,508021.9,22.67,92.2,63,1,0.8660254037844387,-0.4999999999999998,0,0,0,0,0,0,0,0,0,0,0,0,0,0,0,0,0,0,0,0,0,0,0,0,1,0,0,0,0,0,0,0,0
15317,1977,6,34.8,24.8,502.0,85.0,2.6,5.6,4.381481481,41966,725903.3,508021.9,22.67,92.2,63,1,1.2246467991473532e-16,-1.0,0,0,0,0,0,0,0,0,0,0,0,0,0,0,0,0,0,0,0,0,0,0,0,0,1,0,0,0,0,0,0,0,0
15318,1977,7,32.5,24.8,520.0,87.0,2.4,5.9,3.748148148,41966,725903.3,508021.9,22.67,92.2,63,1,-0.4999999999999997,-0.8660254037844388,0,0,0,0,0,0,0,0,0,0,0,0,0,0,0,0,0,0,0,0,0,0,0,0,1,0,0,0,0,0,0,0,0
15319,1977,8,33.4,24.9,492.0,85.0,2.2,5.9,4.744444444,41966,725903.3,508021.9,22.67,92.2,63,1,-0.8660254037844385,-0.5000000000000004,0,0,0,0,0,0,0,0,0,0,0,0,0,0,0,0,0,0,0,0,0,0,0,0,1,0,0,0,0,0,0,0,0
15329,1978,6,34.0,24.9,713.0,86.0,2.2,5.6,4.381481481,41966,725903.3,508021.9,22.67,92.2,63,1,1.2246467991473532e-16,-1.0,0,0,0,0,0,0,0,0,0,0,0,0,0,0,0,0,0,0,0,0,0,0,0,0,1,0,0,0,0,0,0,0,0
15332,1978,9,33.9,24.8,441.0,86.0,1.8,5.9,5.3,41966,725903.3,508021.9,22.67,92.2,63,1,-1.0,-1.8369701987210297e-16,0,0,0,0,0,0,0,0,0,0,0,0,0,0,0,0,0,0,0,0,0,0,0,0,1,0,0,0,0,0,0,0,0
15341,1979,6,37.5,25.6,519.0,82.0,1.8,5.4,4.381481481,41966,725903.3,508021.9,22.67,92.2,63,1,1.2246467991473532e-16,-1.0,0,0,0,0,0,0,0,0,0,0,0,0,0,0,0,0,0,0,0,0,0,0,0,0,1,0,0,0,0,0,0,0,0
15342,1979,7,33.7,25.4,710.0,85.0,1.2,5.6,3.748148148,41966,725903.3,508021.9,22.67,92.2,63,1,-0.4999999999999997,-0.8660254037844388,0,0,0,0,0,0,0,0,0,0,0,0,0,0,0,0,0,0,0,0,0,0,0,0,1,0,0,0,0,0,0,0,0
15343,1979,8,35.3,25.1,605.0,88.0,1.5,6.1,4.744444444,41966,725903.3,508021.9,22.67,92.2,63,1,-0.8660254037844385,-0.5000000000000004,0,0,0,0,0,0,0,0,0,0,0,0,0,0,0,0,0,0,0,0,0,0,0,0,1,0,0,0,0,0,0,0,0
15352,1980,5,36.2,23.4,628.0,77.0,1.8,4.4,6.322222222,41966,725903.3,508021.9,22.67,92.2,63,1,0.49999999999999994,-0.8660254037844387,0,0,0,0,0,0,0,0,0,0,0,0,0,0,0,0,0,0,0,0,0,0,0,0,1,0,0,0,0,0,0,0,0
15353,1980,6,35.0,25.3,435.0,84.0,2.0,4.7,4.381481481,41966,725903.3,508021.9,22.67,92.2,63,1,1.2246467991473532e-16,-1.0,0,0,0,0,0,0,0,0,0,0,0,0,0,0,0,0,0,0,0,0,0,0,0,0,1,0,0,0,0,0,0,0,0
15354,1980,7,35.0,25.8,997.0,82.0,3.0,5.5,3.748148148,41966,725903.3,508021.9,22.67,92.2,63,1,-0.4999999999999997,-0.8660254037844388,0,0,0,0,0,0,0,0,0,0,0,0,0,0,0,0,0,0,0,0,0,0,0,0,1,0,0,0,0,0,0,0,0
15355,1980,8,34.3,25.2,448.0,83.0,2.7,5.6,4.744444444,41966,725903.3,508021.9,22.67,92.2,63,1,-0.8660254037844385,-0.5000000000000004,0,0,0,0,0,0,0,0,0,0,0,0,0,0,0,0,0,0,0,0,0,0,0,0,1,0,0,0,0,0,0,0,0
15367,1981,8,33.2,25.5,447.0,85.0,2.1,6.0,4.744444444,41966,725903.3,508021.9,22.67,92.2,63,1,-0.8660254037844385,-0.5000000000000004,0,0,0,0,0,0,0,0,0,0,0,0,0,0,0,0,0,0,0,0,0,0,0,0,1,0,0,0,0,0,0,0,0
15377,1982,6,36.5,25.1,439.0,86.0,2.4,6.5,4.381481481,41966,725903.3,508021.9,22.67,92.2,63,1,1.2246467991473532e-16,-1.0,0,0,0,0,0,0,0,0,0,0,0,0,0,0,0,0,0,0,0,0,0,0,0,0,1,0,0,0,0,0,0,0,0
15379,1982,8,32.5,25.4,421.0,87.0,2.3,6.2,4.744444444,41966,725903.3,508021.9,22.67,92.2,63,1,-0.8660254037844385,-0.5000000000000004,0,0,0,0,0,0,0,0,0,0,0,0,0,0,0,0,0,0,0,0,0,0,0,0,1,0,0,0,0,0,0,0,0
15388,1983,5,35.5,24.2,430.0,77.0,1.2,4.5,6.322222222,41966,725903.3,508021.9,22.67,92.2,63,1,0.49999999999999994,-0.8660254037844387,0,0,0,0,0,0,0,0,0,0,0,0,0,0,0,0,0,0,0,0,0,0,0,0,1,0,0,0,0,0,0,0,0
15390,1983,7,34.5,25.8,490.0,84.0,1.9,6.1,3.748148148,41966,725903.3,508021.9,22.67,92.2,63,1,-0.4999999999999997,-0.8660254037844388,0,0,0,0,0,0,0,0,0,0,0,0,0,0,0,0,0,0,0,0,0,0,0,0,1,0,0,0,0,0,0,0,0
15391,1983,8,34.0,24.8,453.0,83.0,2.2,6.1,4.744444444,41966,725903.3,508021.9,22.67,92.2,63,1,-0.8660254037844385,-0.5000000000000004,0,0,0,0,0,0,0,0,0,0,0,0,0,0,0,0,0,0,0,0,0,0,0,0,1,0,0,0,0,0,0,0,0
15400,1984,5,35.0,21.5,625.0,78.0,2.0,4.9,6.322222222,41966,725903.3,508021.9,22.67,92.2,63,1,0.49999999999999994,-0.8660254037844387,0,0,0,0,0,0,0,0,0,0,0,0,0,0,0,0,0,0,0,0,0,0,0,0,1,0,0,0,0,0,0,0,0
15401,1984,6,35.0,22.3,451.0,84.0,1.5,6.6,4.381481481,41966,725903.3,508021.9,22.67,92.2,63,1,1.2246467991473532e-16,-1.0,0,0,0,0,0,0,0,0,0,0,0,0,0,0,0,0,0,0,0,0,0,0,0,0,1,0,0,0,0,0,0,0,0
15413,1985,6,34.5,24.1,413.0,85.0,1.5,6.2,4.381481481,41966,725903.3,508021.9,22.67,92.2,63,1,1.2246467991473532e-16,-1.0,0,0,0,0,0,0,0,0,0,0,0,0,0,0,0,0,0,0,0,0,0,0,0,0,1,0,0,0,0,0,0,0,0
15414,1985,7,34.2,24.5,512.0,85.0,1.2,6.4,3.748148148,41966,725903.3,508021.9,22.67,92.2,63,1,-0.4999999999999997,-0.8660254037844388,0,0,0,0,0,0,0,0,0,0,0,0,0,0,0,0,0,0,0,0,0,0,0,0,1,0,0,0,0,0,0,0,0
15415,1985,8,34.2,24.3,422.0,85.0,1.0,6.2,4.744444444,41966,725903.3,508021.9,22.67,92.2,63,1,-0.8660254037844385,-0.5000000000000004,0,0,0,0,0,0,0,0,0,0,0,0,0,0,0,0,0,0,0,0,0,0,0,0,1,0,0,0,0,0,0,0,0
15426,1986,7,33.5,23.9,782.0,86.0,0.9,6.4,3.748148148,41966,725903.3,508021.9,22.67,92.2,63,1,-0.4999999999999997,-0.8660254037844388,0,0,0,0,0,0,0,0,0,0,0,0,0,0,0,0,0,0,0,0,0,0,0,0,1,0,0,0,0,0,0,0,0
15427,1986,8,35.2,24.8,469.0,84.0,0.8,6.1,4.744444444,41966,725903.3,508021.9,22.67,92.2,63,1,-0.8660254037844385,-0.5000000000000004,0,0,0,0,0,0,0,0,0,0,0,0,0,0,0,0,0,0,0,0,0,0,0,0,1,0,0,0,0,0,0,0,0
15438,1987,7,35.0,24.9,630.0,88.0,1.2,6.6,2.0,41966,725903.3,508021.9,22.67,92.2,63,1,-0.4999999999999997,-0.8660254037844388,0,0,0,0,0,0,0,0,0,0,0,0,0,0,0,0,0,0,0,0,0,0,0,0,1,0,0,0,0,0,0,0,0
15439,1987,8,33.5,24.9,816.0,87.0,0.8,5.8,5.4,41966,725903.3,508021.9,22.67,92.2,63,1,-0.8660254037844385,-0.5000000000000004,0,0,0,0,0,0,0,0,0,0,0,0,0,0,0,0,0,0,0,0,0,0,0,0,1,0,0,0,0,0,0,0,0
15449,1988,6,35.2,24.9,760.0,85.0,0.9,5.3,3.7,41966,725903.3,508021.9,22.67,92.2,63,1,1.2246467991473532e-16,-1.0,0,0,0,0,0,0,0,0,0,0,0,0,0,0,0,0,0,0,0,0,0,0,0,0,1,0,0,0,0,0,0,0,0
15450,1988,7,33.8,25.0,679.0,86.0,1.1,6.1,3.5,41966,725903.3,508021.9,22.67,92.2,63,1,-0.4999999999999997,-0.8660254037844388,0,0,0,0,0,0,0,0,0,0,0,0,0,0,0,0,0,0,0,0,0,0,0,0,1,0,0,0,0,0,0,0,0
15451,1988,8,33.5,25.1,567.0,86.0,0.7,5.9,2.7,41966,725903.3,508021.9,22.67,92.2,63,1,-0.8660254037844385,-0.5000000000000004,0,0,0,0,0,0,0,0,0,0,0,0,0,0,0,0,0,0,0,0,0,0,0,0,1,0,0,0,0,0,0,0,0
15462,1989,7,34.4,24.8,821.0,87.0,1.1,6.2,2.9,41966,725903.3,508021.9,22.67,92.2,63,1,-0.4999999999999997,-0.8660254037844388,0,0,0,0,0,0,0,0,0,0,0,0,0,0,0,0,0,0,0,0,0,0,0,0,1,0,0,0,0,0,0,0,0
15464,1989,9,33.2,24.6,413.0,84.0,0.6,4.9,4.3,41966,725903.3,508021.9,22.67,92.2,63,1,-1.0,-1.8369701987210297e-16,0,0,0,0,0,0,0,0,0,0,0,0,0,0,0,0,0,0,0,0,0,0,0,0,1,0,0,0,0,0,0,0,0
15465,1989,10,33.5,23.6,563.0,87.0,0.5,4.9,4.1,41966,725903.3,508021.9,22.67,92.2,63,1,-0.8660254037844386,0.5000000000000001,0,0,0,0,0,0,0,0,0,0,0,0,0,0,0,0,0,0,0,0,0,0,0,0,1,0,0,0,0,0,0,0,0
15474,1990,7,33.5,24.4,645.0,87.0,1.2,6.4,2.3,41966,725903.3,508021.9,22.67,92.2,63,1,-0.4999999999999997,-0.8660254037844388,0,0,0,0,0,0,0,0,0,0,0,0,0,0,0,0,0,0,0,0,0,0,0,0,1,0,0,0,0,0,0,0,0
15484,1991,5,34.4,22.6,526.0,79.0,1.6,5.2,5.1,41966,725903.3,508021.9,22.67,92.2,63,1,0.49999999999999994,-0.8660254037844387,0,0,0,0,0,0,0,0,0,0,0,0,0,0,0,0,0,0,0,0,0,0,0,0,1,0,0,0,0,0,0,0,0
15485,1991,6,34.5,24.9,615.0,85.0,1.0,6.2,3.0,41966,725903.3,508021.9,22.67,92.2,63,1,1.2246467991473532e-16,-1.0,0,0,0,0,0,0,0,0,0,0,0,0,0,0,0,0,0,0,0,0,0,0,0,0,1,0,0,0,0,0,0,0,0
15486,1991,7,35.0,25.0,462.0,85.0,1.1,6.1,3.4,41966,725903.3,508021.9,22.67,92.2,63,1,-0.4999999999999997,-0.8660254037844388,0,0,0,0,0,0,0,0,0,0,0,0,0,0,0,0,0,0,0,0,0,0,0,0,1,0,0,0,0,0,0,0,0
15487,1991,8,37.3,24.8,606.0,85.0,0.8,5.9,4.2,41966,725903.3,508021.9,22.67,92.2,63,1,-0.8660254037844385,-0.5000000000000004,0,0,0,0,0,0,0,0,0,0,0,0,0,0,0,0,0,0,0,0,0,0,0,0,1,0,0,0,0,0,0,0,0
15497,1992,6,36.9,25.1,428.0,82.0,0.8,4.7,6.0,41966,725903.3,508021.9,22.67,92.2,63,1,1.2246467991473532e-16,-1.0,0,0,0,0,0,0,0,0,0,0,0,0,0,0,0,0,0,0,0,0,0,0,0,0,1,0,0,0,0,0,0,0,0
15508,1993,5,35.6,22.2,475.0,80.0,1.1,4.8,5.9,41966,725903.3,508021.9,22.67,92.2,63,1,0.49999999999999994,-0.8660254037844387,0,0,0,0,0,0,0,0,0,0,0,0,0,0,0,0,0,0,0,0,0,0,0,0,1,0,0,0,0,0,0,0,0
15509,1993,6,34.0,24.3,784.0,84.0,1.2,6.0,4.2,41966,725903.3,508021.9,22.67,92.2,63,1,1.2246467991473532e-16,-1.0,0,0,0,0,0,0,0,0,0,0,0,0,0,0,0,0,0,0,0,0,0,0,0,0,1,0,0,0,0,0,0,0,0
15510,1993,7,34.8,23.2,980.0,84.0,1.2,6.2,4.1,41966,725903.3,508021.9,22.67,92.2,63,1,-0.4999999999999997,-0.8660254037844388,0,0,0,0,0,0,0,0,0,0,0,0,0,0,0,0,0,0,0,0,0,0,0,0,1,0,0,0,0,0,0,0,0
15511,1993,8,34.0,22.8,727.0,86.0,1.0,5.9,4.1,41966,725903.3,508021.9,22.67,92.2,63,1,-0.8660254037844385,-0.5000000000000004,0,0,0,0,0,0,0,0,0,0,0,0,0,0,0,0,0,0,0,0,0,0,0,0,1,0,0,0,0,0,0,0,0
15522,1994,7,34.2,24.7,457.0,81.0,0.8,6.1,4.3,41966,725903.3,508021.9,22.67,92.2,63,1,-0.4999999999999997,-0.8660254037844388,0,0,0,0,0,0,0,0,0,0,0,0,0,0,0,0,0,0,0,0,0,0,0,0,1,0,0,0,0,0,0,0,0
15523,1994,8,34.6,24.6,366.0,82.0,0.6,6.3,5.0,41966,725903.3,508021.9,22.67,92.2,63,1,-0.8660254037844385,-0.5000000000000004,0,0,0,0,0,0,0,0,0,0,0,0,0,0,0,0,0,0,0,0,0,0,0,0,1,0,0,0,0,0,0,0,0
15532,1995,5,40.5,25.9,490.0,73.0,1.8,4.7,6.9,41966,725903.3,508021.9,22.67,92.2,63,1,0.49999999999999994,-0.8660254037844387,0,0,0,0,0,0,0,0,0,0,0,0,0,0,0,0,0,0,0,0,0,0,0,0,1,0,0,0,0,0,0,0,0
15534,1995,7,34.2,24.7,607.0,82.0,0.9,6.3,4.0,41966,725903.3,508021.9,22.67,92.2,63,1,-0.4999999999999997,-0.8660254037844388,0,0,0,0,0,0,0,0,0,0,0,0,0,0,0,0,0,0,0,0,0,0,0,0,1,0,0,0,0,0,0,0,0
15545,1996,6,35.2,24.3,454.0,84.0,1.3,5.6,5.9,41966,725903.3,508021.9,22.67,92.2,63,1,1.2246467991473532e-16,-1.0,0,0,0,0,0,0,0,0,0,0,0,0,0,0,0,0,0,0,0,0,0,0,0,0,1,0,0,0,0,0,0,0,0
15546,1996,7,34.7,24.9,509.0,86.0,1.0,6.5,4.0,41966,725903.3,508021.9,22.67,92.2,63,1,-0.4999999999999997,-0.8660254037844388,0,0,0,0,0,0,0,0,0,0,0,0,0,0,0,0,0,0,0,0,0,0,0,0,1,0,0,0,0,0,0,0,0
15547,1996,8,33.8,24.5,430.0,88.0,0.8,6.8,2.9,41966,725903.3,508021.9,22.67,92.2,63,1,-0.8660254037844385,-0.5000000000000004,0,0,0,0,0,0,0,0,0,0,0,0,0,0,0,0,0,0,0,0,0,0,0,0,1,0,0,0,0,0,0,0,0
15548,1996,9,35.6,24.6,379.0,86.0,0.4,5.9,5.5,41966,725903.3,508021.9,22.67,92.2,63,1,-1.0,-1.8369701987210297e-16,0,0,0,0,0,0,0,0,0,0,0,0,0,0,0,0,0,0,0,0,0,0,0,0,1,0,0,0,0,0,0,0,0
15557,1997,6,34.7,23.7,508.0,84.0,1.0,6.0,4.4,41966,725903.3,508021.9,22.67,92.2,63,1,1.2246467991473532e-16,-1.0,0,0,0,0,0,0,0,0,0,0,0,0,0,0,0,0,0,0,0,0,0,0,0,0,1,0,0,0,0,0,0,0,0
15558,1997,7,34.3,24.9,657.0,88.0,1.1,6.5,3.3,41966,725903.3,508021.9,22.67,92.2,63,1,-0.4999999999999997,-0.8660254037844388,0,0,0,0,0,0,0,0,0,0,0,0,0,0,0,0,0,0,0,0,0,0,0,0,1,0,0,0,0,0,0,0,0
15559,1997,8,35.6,25.1,481.0,85.0,0.8,5.9,4.9,41966,725903.3,508021.9,22.67,92.2,63,1,-0.8660254037844385,-0.5000000000000004,0,0,0,0,0,0,0,0,0,0,0,0,0,0,0,0,0,0,0,0,0,0,0,0,1,0,0,0,0,0,0,0,0
15560,1997,9,34.4,24.1,443.0,87.0,0.8,5.6,4.7,41966,725903.3,508021.9,22.67,92.2,63,1,-1.0,-1.8369701987210297e-16,0,0,0,0,0,0,0,0,0,0,0,0,0,0,0,0,0,0,0,0,0,0,0,0,1,0,0,0,0,0,0,0,0
15568,1998,5,37.4,24.1,658.0,81.0,0.9,4.9,6.1,41966,725903.3,508021.9,22.67,92.2,63,1,0.49999999999999994,-0.8660254037844387,0,0,0,0,0,0,0,0,0,0,0,0,0,0,0,0,0,0,0,0,0,0,0,0,1,0,0,0,0,0,0,0,0
15570,1998,7,34.2,25.2,691.0,89.0,1.2,6.8,2.8,41966,725903.3,508021.9,22.67,92.2,63,1,-0.4999999999999997,-0.8660254037844388,0,0,0,0,0,0,0,0,0,0,0,0,0,0,0,0,0,0,0,0,0,0,0,0,1,0,0,0,0,0,0,0,0
15571,1998,8,34.4,25.1,485.0,88.0,0.9,6.6,3.5,41966,725903.3,508021.9,22.67,92.2,63,1,-0.8660254037844385,-0.5000000000000004,0,0,0,0,0,0,0,0,0,0,0,0,0,0,0,0,0,0,0,0,0,0,0,0,1,0,0,0,0,0,0,0,0
15581,1999,6,36.0,24.7,840.0,88.0,1.5,6.6,3.8,41966,725903.3,508021.9,22.67,92.2,63,1,1.2246467991473532e-16,-1.0,0,0,0,0,0,0,0,0,0,0,0,0,0,0,0,0,0,0,0,0,0,0,0,0,1,0,0,0,0,0,0,0,0
15582,1999,7,35.0,24.9,590.0,88.0,1.2,6.8,3.7,41966,725903.3,508021.9,22.67,92.2,63,1,-0.4999999999999997,-0.8660254037844388,0,0,0,0,0,0,0,0,0,0,0,0,0,0,0,0,0,0,0,0,0,0,0,0,1,0,0,0,0,0,0,0,0
15583,1999,8,34.4,24.7,474.0,88.0,1.1,6.8,2.6,41966,725903.3,508021.9,22.67,92.2,63,1,-0.8660254037844385,-0.5000000000000004,0,0,0,0,0,0,0,0,0,0,0,0,0,0,0,0,0,0,0,0,0,0,0,0,1,0,0,0,0,0,0,0,0
15592,2000,5,37.2,23.3,498.0,84.0,1.2,5.5,4.4,41966,725903.3,508021.9,22.67,92.2,63,1,0.49999999999999994,-0.8660254037844387,0,0,0,0,0,0,0,0,0,0,0,0,0,0,0,0,0,0,0,0,0,0,0,0,1,0,0,0,0,0,0,0,0
15593,2000,6,35.5,24.7,565.0,87.0,1.0,6.0,4.6,41966,725903.3,508021.9,22.67,92.2,63,1,1.2246467991473532e-16,-1.0,0,0,0,0,0,0,0,0,0,0,0,0,0,0,0,0,0,0,0,0,0,0,0,0,1,0,0,0,0,0,0,0,0
15595,2000,8,35.2,24.6,534.0,87.0,0.7,6.0,5.0,41966,725903.3,508021.9,22.67,92.2,63,1,-0.8660254037844385,-0.5000000000000004,0,0,0,0,0,0,0,0,0,0,0,0,0,0,0,0,0,0,0,0,0,0,0,0,1,0,0,0,0,0,0,0,0
15605,2001,6,34.7,24.7,569.0,85.0,1.1,6.1,3.8,41966,725903.3,508021.9,22.67,92.2,63,1,1.2246467991473532e-16,-1.0,0,0,0,0,0,0,0,0,0,0,0,0,0,0,0,0,0,0,0,0,0,0,0,0,1,0,0,0,0,0,0,0,0
15606,2001,7,35.2,24.9,346.0,84.0,1.2,5.8,4.3,41966,725903.3,508021.9,22.67,92.2,63,1,-0.4999999999999997,-0.8660254037844388,0,0,0,0,0,0,0,0,0,0,0,0,0,0,0,0,0,0,0,0,0,0,0,0,1,0,0,0,0,0,0,0,0
15616,2002,5,35.8,23.1,548.0,83.0,0.9,4.9,5.8,41966,725903.3,508021.9,22.67,92.2,63,1,0.49999999999999994,-0.8660254037844387,0,0,0,0,0,0,0,0,0,0,0,0,0,0,0,0,0,0,0,0,0,0,0,0,1,0,0,0,0,0,0,0,0
15618,2002,7,34.6,25.2,852.0,88.0,0.6,6.3,2.6,41966,725903.3,508021.9,22.67,92.2,63,1,-0.4999999999999997,-0.8660254037844388,0,0,0,0,0,0,0,0,0,0,0,0,0,0,0,0,0,0,0,0,0,0,0,0,1,0,0,0,0,0,0,0,0
15619,2002,8,34.6,24.7,472.0,86.0,0.5,6.0,4.4,41966,725903.3,508021.9,22.67,92.2,63,1,-0.8660254037844385,-0.5000000000000004,0,0,0,0,0,0,0,0,0,0,0,0,0,0,0,0,0,0,0,0,0,0,0,0,1,0,0,0,0,0,0,0,0
15620,2002,9,35.4,24.6,353.0,85.0,0.4,4.4,6.6,41966,725903.3,508021.9,22.67,92.2,63,1,-1.0,-1.8369701987210297e-16,0,0,0,0,0,0,0,0,0,0,0,0,0,0,0,0,0,0,0,0,0,0,0,0,1,0,0,0,0,0,0,0,0
15629,2003,6,37.2,24.4,1086.0,87.0,0.8,6.1,2.6,41966,725903.3,508021.9,22.67,92.2,63,1,1.2246467991473532e-16,-1.0,0,0,0,0,0,0,0,0,0,0,0,0,0,0,0,0,0,0,0,0,0,0,0,0,1,0,0,0,0,0,0,0,0
15632,2003,9,35.0,24.9,370.0,85.0,0.4,4.9,5.6,41966,725903.3,508021.9,22.67,92.2,63,1,-1.0,-1.8369701987210297e-16,0,0,0,0,0,0,0,0,0,0,0,0,0,0,0,0,0,0,0,0,0,0,0,0,1,0,0,0,0,0,0,0,0
15641,2004,6,36.2,25.0,841.0,84.0,0.8,6.0,4.0,41966,725903.3,508021.9,22.67,92.2,63,1,1.2246467991473532e-16,-1.0,0,0,0,0,0,0,0,0,0,0,0,0,0,0,0,0,0,0,0,0,0,0,0,0,1,0,0,0,0,0,0,0,0
15642,2004,7,34.5,24.6,1076.0,87.0,1.1,6.2,3.8,41966,725903.3,508021.9,22.67,92.2,63,1,-0.4999999999999997,-0.8660254037844388,0,0,0,0,0,0,0,0,0,0,0,0,0,0,0,0,0,0,0,0,0,0,0,0,1,0,0,0,0,0,0,0,0
15644,2004,9,34.4,24.3,491.0,87.0,0.5,5.5,4.5,41966,725903.3,508021.9,22.67,92.2,63,1,-1.0,-1.8369701987210297e-16,0,0,0,0,0,0,0,0,0,0,0,0,0,0,0,0,0,0,0,0,0,0,0,0,1,0,0,0,0,0,0,0,0
15655,2005,8,34.7,25.1,644.0,88.0,1.0,6.8,2.9,41966,725903.3,508021.9,22.67,92.2,63,1,-0.8660254037844385,-0.5000000000000004,0,0,0,0,0,0,0,0,0,0,0,0,0,0,0,0,0,0,0,0,0,0,0,0,1,0,0,0,0,0,0,0,0
15664,2006,5,36.8,23.7,701.0,79.0,0.9,4.8,6.5,41966,725903.3,508021.9,22.67,92.2,63,1,0.49999999999999994,-0.8660254037844387,0,0,0,0,0,0,0,0,0,0,0,0,0,0,0,0,0,0,0,0,0,0,0,0,1,0,0,0,0,0,0,0,0
15666,2006,7,35.2,25.3,476.0,83.0,0.3,6.0,3.8,41966,725903.3,508021.9,22.67,92.2,63,1,-0.4999999999999997,-0.8660254037844388,0,0,0,0,0,0,0,0,0,0,0,0,0,0,0,0,0,0,0,0,0,0,0,0,1,0,0,0,0,0,0,0,0
15667,2006,8,35.2,24.9,370.0,83.0,0.1,5.5,6.5,41966,725903.3,508021.9,22.67,92.2,63,1,-0.8660254037844385,-0.5000000000000004,0,0,0,0,0,0,0,0,0,0,0,0,0,0,0,0,0,0,0,0,0,0,0,0,1,0,0,0,0,0,0,0,0
15677,2007,6,36.2,24.8,591.0,86.0,0.8,6.1,5.1,41966,725903.3,508021.9,22.67,92.2,63,1,1.2246467991473532e-16,-1.0,0,0,0,0,0,0,0,0,0,0,0,0,0,0,0,0,0,0,0,0,0,0,0,0,1,0,0,0,0,0,0,0,0
15678,2007,7,35.0,24.9,712.0,88.0,1.1,6.8,3.1,41966,725903.3,508021.9,22.67,92.2,63,1,-0.4999999999999997,-0.8660254037844388,0,0,0,0,0,0,0,0,0,0,0,0,0,0,0,0,0,0,0,0,0,0,0,0,1,0,0,0,0,0,0,0,0
15680,2007,9,34.7,24.7,535.0,87.0,0.6,6.5,4.4,41966,725903.3,508021.9,22.67,92.2,63,1,-1.0,-1.8369701987210297e-16,0,0,0,0,0,0,0,0,0,0,0,0,0,0,0,0,0,0,0,0,0,0,0,0,1,0,0,0,0,0,0,0,0
15690,2008,7,34.3,24.7,433.0,86.0,0.8,6.0,4.4,41966,725903.3,508021.9,22.67,92.2,63,1,-0.4999999999999997,-0.8660254037844388,0,0,0,0,0,0,0,0,0,0,0,0,0,0,0,0,0,0,0,0,0,0,0,0,1,0,0,0,0,0,0,0,0
15691,2008,8,34.0,24.6,400.0,86.0,0.6,6.1,4.5,41966,725903.3,508021.9,22.67,92.2,63,1,-0.8660254037844385,-0.5000000000000004,0,0,0,0,0,0,0,0,0,0,0,0,0,0,0,0,0,0,0,0,0,0,0,0,1,0,0,0,0,0,0,0,0
15702,2009,7,34.8,24.9,639.0,85.0,3.0,5.6,4.7,41966,725903.3,508021.9,22.67,92.2,63,1,-0.4999999999999997,-0.8660254037844388,0,0,0,0,0,0,0,0,0,0,0,0,0,0,0,0,0,0,0,0,0,0,0,0,1,0,0,0,0,0,0,0,0
15703,2009,8,34.2,25.1,472.0,87.0,2.2,6.1,3.9,41966,725903.3,508021.9,22.67,92.2,63,1,-0.8660254037844385,-0.5000000000000004,0,0,0,0,0,0,0,0,0,0,0,0,0,0,0,0,0,0,0,0,0,0,0,0,1,0,0,0,0,0,0,0,0
15712,2010,5,37.0,24.5,424.0,80.0,2.6,4.5,6.3,41966,725903.3,508021.9,22.67,92.2,63,1,0.49999999999999994,-0.8660254037844387,0,0,0,0,0,0,0,0,0,0,0,0,0,0,0,0,0,0,0,0,0,0,0,0,1,0,0,0,0,0,0,0,0
15713,2010,6,34.4,24.9,653.0,86.0,2.2,5.7,4.1,41966,725903.3,508021.9,22.67,92.2,63,1,1.2246467991473532e-16,-1.0,0,0,0,0,0,0,0,0,0,0,0,0,0,0,0,0,0,0,0,0,0,0,0,0,1,0,0,0,0,0,0,0,0
15715,2010,8,35.4,25.3,496.0,84.0,2.0,5.7,5.5,41966,725903.3,508021.9,22.67,92.2,63,1,-0.8660254037844385,-0.5000000000000004,0,0,0,0,0,0,0,0,0,0,0,0,0,0,0,0,0,0,0,0,0,0,0,0,1,0,0,0,0,0,0,0,0
15725,2011,6,36.2,24.7,516.0,84.0,2.2,5.7,4.1,41966,725903.3,508021.9,22.67,92.2,63,1,1.2246467991473532e-16,-1.0,0,0,0,0,0,0,0,0,0,0,0,0,0,0,0,0,0,0,0,0,0,0,0,0,1,0,0,0,0,0,0,0,0
15726,2011,7,34.8,24.5,463.0,86.0,1.8,5.6,5.0,41966,725903.3,508021.9,22.67,92.2,63,1,-0.4999999999999997,-0.8660254037844388,0,0,0,0,0,0,0,0,0,0,0,0,0,0,0,0,0,0,0,0,0,0,0,0,1,0,0,0,0,0,0,0,0
15727,2011,8,35.0,24.3,566.0,87.0,1.7,6.2,4.2,41966,725903.3,508021.9,22.67,92.2,63,1,-0.8660254037844385,-0.5000000000000004,0,0,0,0,0,0,0,0,0,0,0,0,0,0,0,0,0,0,0,0,0,0,0,0,1,0,0,0,0,0,0,0,0
15728,2011,9,36.0,24.0,420.0,85.0,1.6,5.1,5.7,41966,725903.3,508021.9,22.67,92.2,63,1,-1.0,-1.8369701987210297e-16,0,0,0,0,0,0,0,0,0,0,0,0,0,0,0,0,0,0,0,0,0,0,0,0,1,0,0,0,0,0,0,0,0
15737,2012,6,35.3,25.0,834.0,85.0,2.0,5.8,4.0,41966,725903.3,508021.9,22.67,92.2,63,1,1.2246467991473532e-16,-1.0,0,0,0,0,0,0,0,0,0,0,0,0,0,0,0,0,0,0,0,0,0,0,0,0,1,0,0,0,0,0,0,0,0
15738,2012,7,35.2,24.7,489.0,86.0,2.4,6.2,3.2,41966,725903.3,508021.9,22.67,92.2,63,1,-0.4999999999999997,-0.8660254037844388,0,0,0,0,0,0,0,0,0,0,0,0,0,0,0,0,0,0,0,0,0,0,0,0,1,0,0,0,0,0,0,0,0
15748,2013,5,35.5,23.7,435.0,80.0,2.1,5.9,3.8,41966,725903.3,508021.9,22.67,92.2,63,1,0.49999999999999994,-0.8660254037844387,0,0,0,0,0,0,0,0,0,0,0,0,0,0,0,0,0,0,0,0,0,0,0,0,1,0,0,0,0,0,0,0,0
15752,2013,9,35.4,24.4,476.0,84.0,1.0,5.5,5.6,41966,725903.3,508021.9,22.67,92.2,63,1,-1.0,-1.8369701987210297e-16,0,0,0,0,0,0,0,0,0,0,0,0,0,0,0,0,0,0,0,0,0,0,0,0,1,0,0,0,0,0,0,0,0
15753,2013,10,34.5,23.1,198.0,87.0,1.2,4.8,5.9,41966,725903.3,508021.9,22.67,92.2,63,1,-0.8660254037844386,0.5000000000000001,0,0,0,0,0,0,0,0,0,0,0,0,0,0,0,0,0,0,0,0,0,0,0,0,1,0,0,0,0,0,0,0,0
15761,1954,6,35.63157895,24.94210526,944.0,85.0,1.542592593,6.5,4.894285714,41859,426172.9,844822.3,25.72,89.26,34,1,1.2246467991473532e-16,-1.0,0,0,0,0,0,0,0,0,0,0,0,0,0,0,0,0,0,0,0,0,0,0,0,0,0,1,0,0,0,0,0,0,0
15762,1954,7,34.69298246,25.8754386,602.0,86.07272727,1.474074074,6.2,4.348571429,41859,426172.9,844822.3,25.72,89.26,34,1,-0.4999999999999997,-0.8660254037844388,0,0,0,0,0,0,0,0,0,0,0,0,0,0,0,0,0,0,0,0,0,0,0,0,0,1,0,0,0,0,0,0,0
15773,1955,6,35.63157895,24.94210526,566.0,85.0,1.542592593,5.3,4.894285714,41859,426172.9,844822.3,25.72,89.26,34,1,1.2246467991473532e-16,-1.0,0,0,0,0,0,0,0,0,0,0,0,0,0,0,0,0,0,0,0,0,0,0,0,0,0,1,0,0,0,0,0,0,0
15774,1955,7,34.69298246,25.8754386,892.0,86.07272727,1.474074074,6.2,4.348571429,41859,426172.9,844822.3,25.72,89.26,34,1,-0.4999999999999997,-0.8660254037844388,0,0,0,0,0,0,0,0,0,0,0,0,0,0,0,0,0,0,0,0,0,0,0,0,0,1,0,0,0,0,0,0,0
15775,1955,8,35.03859649,26.26140351,562.0,85.27272727,1.383333333,5.8,5.145714286,41859,426172.9,844822.3,25.72,89.26,34,1,-0.8660254037844385,-0.5000000000000004,0,0,0,0,0,0,0,0,0,0,0,0,0,0,0,0,0,0,0,0,0,0,0,0,0,1,0,0,0,0,0,0,0
15785,1956,6,35.63157895,24.94210526,769.0,85.0,1.542592593,6.4,4.894285714,41859,426172.9,844822.3,25.72,89.26,34,1,1.2246467991473532e-16,-1.0,0,0,0,0,0,0,0,0,0,0,0,0,0,0,0,0,0,0,0,0,0,0,0,0,0,1,0,0,0,0,0,0,0
15786,1956,7,34.69298246,25.8754386,488.0,86.07272727,1.474074074,5.1,4.348571429,41859,426172.9,844822.3,25.72,89.26,34,1,-0.4999999999999997,-0.8660254037844388,0,0,0,0,0,0,0,0,0,0,0,0,0,0,0,0,0,0,0,0,0,0,0,0,0,1,0,0,0,0,0,0,0
15787,1956,8,35.03859649,26.26140351,501.0,85.27272727,1.383333333,6.2,5.145714286,41859,426172.9,844822.3,25.72,89.26,34,1,-0.8660254037844385,-0.5000000000000004,0,0,0,0,0,0,0,0,0,0,0,0,0,0,0,0,0,0,0,0,0,0,0,0,0,1,0,0,0,0,0,0,0
15797,1957,6,35.0,24.0,439.0,85.0,1.542592593,5.5,4.894285714,41859,426172.9,844822.3,25.72,89.26,34,1,1.2246467991473532e-16,-1.0,0,0,0,0,0,0,0,0,0,0,0,0,0,0,0,0,0,0,0,0,0,0,0,0,0,1,0,0,0,0,0,0,0
15810,1958,7,32.2,25.8,412.0,86.07272727,1.474074074,5.9,4.348571429,41859,426172.9,844822.3,25.72,89.26,34,1,-0.4999999999999997,-0.8660254037844388,0,0,0,0,0,0,0,0,0,0,0,0,0,0,0,0,0,0,0,0,0,0,0,0,0,1,0,0,0,0,0,0,0
15821,1959,6,34.4,24.9,583.0,87.0,1.542592593,6.0,4.894285714,41859,426172.9,844822.3,25.72,89.26,34,1,1.2246467991473532e-16,-1.0,0,0,0,0,0,0,0,0,0,0,0,0,0,0,0,0,0,0,0,0,0,0,0,0,0,1,0,0,0,0,0,0,0
15834,1960,7,33.9,25.9,471.0,88.0,1.4,5.8,4.348571429,41859,426172.9,844822.3,25.72,89.26,34,1,-0.4999999999999997,-0.8660254037844388,0,0,0,0,0,0,0,0,0,0,0,0,0,0,0,0,0,0,0,0,0,0,0,0,0,1,0,0,0,0,0,0,0
15836,1960,9,34.4,25.7,488.0,89.0,1.0,5.3,5.2,41859,426172.9,844822.3,25.72,89.26,34,1,-1.0,-1.8369701987210297e-16,0,0,0,0,0,0,0,0,0,0,0,0,0,0,0,0,0,0,0,0,0,0,0,0,0,1,0,0,0,0,0,0,0
15845,1961,6,36.8,25.2,440.0,86.0,1.3,5.7,4.894285714,41859,426172.9,844822.3,25.72,89.26,34,1,1.2246467991473532e-16,-1.0,0,0,0,0,0,0,0,0,0,0,0,0,0,0,0,0,0,0,0,0,0,0,0,0,0,1,0,0,0,0,0,0,0
15857,1962,6,35.0,25.1,464.0,87.0,1.2,5.7,4.894285714,41859,426172.9,844822.3,25.72,89.26,34,1,1.2246467991473532e-16,-1.0,0,0,0,0,0,0,0,0,0,0,0,0,0,0,0,0,0,0,0,0,0,0,0,0,0,1,0,0,0,0,0,0,0
15859,1962,8,33.9,25.8,572.0,88.0,1.4,5.8,5.145714286,41859,426172.9,844822.3,25.72,89.26,34,1,-0.8660254037844385,-0.5000000000000004,0,0,0,0,0,0,0,0,0,0,0,0,0,0,0,0,0,0,0,0,0,0,0,0,0,1,0,0,0,0,0,0,0
15870,1963,7,33.3,26.1,566.0,89.0,1.1,5.5,4.348571429,41859,426172.9,844822.3,25.72,89.26,34,1,-0.4999999999999997,-0.8660254037844388,0,0,0,0,0,0,0,0,0,0,0,0,0,0,0,0,0,0,0,0,0,0,0,0,0,1,0,0,0,0,0,0,0
15881,1964,6,36.6,24.8,554.0,86.0,1.7,5.4,4.894285714,41859,426172.9,844822.3,25.72,89.26,34,1,1.2246467991473532e-16,-1.0,0,0,0,0,0,0,0,0,0,0,0,0,0,0,0,0,0,0,0,0,0,0,0,0,0,1,0,0,0,0,0,0,0
15882,1964,7,34.5,25.5,477.0,89.0,1.5,5.6,4.348571429,41859,426172.9,844822.3,25.72,89.26,34,1,-0.4999999999999997,-0.8660254037844388,0,0,0,0,0,0,0,0,0,0,0,0,0,0,0,0,0,0,0,0,0,0,0,0,0,1,0,0,0,0,0,0,0
15895,1965,8,34.3,25.9,553.0,87.0,1.5,5.0,5.145714286,41859,426172.9,844822.3,25.72,89.26,34,1,-0.8660254037844385,-0.5000000000000004,0,0,0,0,0,0,0,0,0,0,0,0,0,0,0,0,0,0,0,0,0,0,0,0,0,1,0,0,0,0,0,0,0
15918,1967,7,35.7,25.8,474.0,84.0,1.5,4.6,4.348571429,41859,426172.9,844822.3,25.72,89.26,34,1,-0.4999999999999997,-0.8660254037844388,0,0,0,0,0,0,0,0,0,0,0,0,0,0,0,0,0,0,0,0,0,0,0,0,0,1,0,0,0,0,0,0,0
15930,1968,7,32.2,25.8,459.0,86.0,1.4,5.9,4.348571429,41859,426172.9,844822.3,25.72,89.26,34,1,-0.4999999999999997,-0.8660254037844388,0,0,0,0,0,0,0,0,0,0,0,0,0,0,0,0,0,0,0,0,0,0,0,0,0,1,0,0,0,0,0,0,0
15942,1969,7,37.7,26.2,636.0,85.0,0.7,5.4,4.348571429,41859,426172.9,844822.3,25.72,89.26,34,1,-0.4999999999999997,-0.8660254037844388,0,0,0,0,0,0,0,0,0,0,0,0,0,0,0,0,0,0,0,0,0,0,0,0,0,1,0,0,0,0,0,0,0
15953,1970,6,36.7,23.9,527.0,85.0,1.2,5.4,4.894285714,41859,426172.9,844822.3,25.72,89.26,34,1,1.2246467991473532e-16,-1.0,0,0,0,0,0,0,0,0,0,0,0,0,0,0,0,0,0,0,0,0,0,0,0,0,0,1,0,0,0,0,0,0,0
15954,1970,7,34.3,24.7,503.0,87.0,0.9,5.3,4.348571429,41859,426172.9,844822.3,25.72,89.26,34,1,-0.4999999999999997,-0.8660254037844388,0,0,0,0,0,0,0,0,0,0,0,0,0,0,0,0,0,0,0,0,0,0,0,0,0,1,0,0,0,0,0,0,0
15967,1971,8,34.4,25.7,438.0,85.0,1.5,5.4,5.145714286,41859,426172.9,844822.3,25.72,89.26,34,1,-0.8660254037844385,-0.5000000000000004,0,0,0,0,0,0,0,0,0,0,0,0,0,0,0,0,0,0,0,0,0,0,0,0,0,1,0,0,0,0,0,0,0
15989,1973,6,33.0,24.9,744.0,85.0,0.8,4.9,4.894285714,41859,426172.9,844822.3,25.72,89.26,34,1,1.2246467991473532e-16,-1.0,0,0,0,0,0,0,0,0,0,0,0,0,0,0,0,0,0,0,0,0,0,0,0,0,0,1,0,0,0,0,0,0,0
15992,1973,9,32.2,25.2,531.0,86.0,1.0,4.6,5.2,41859,426172.9,844822.3,25.72,89.26,34,1,-1.0,-1.8369701987210297e-16,0,0,0,0,0,0,0,0,0,0,0,0,0,0,0,0,0,0,0,0,0,0,0,0,0,1,0,0,0,0,0,0,0
16002,1974,7,32.3,25.8,459.0,86.0,1.4,5.9,4.348571429,41859,426172.9,844822.3,25.72,89.26,34,1,-0.4999999999999997,-0.8660254037844388,0,0,0,0,0,0,0,0,0,0,0,0,0,0,0,0,0,0,0,0,0,0,0,0,0,1,0,0,0,0,0,0,0
16012,1975,5,32.8,22.9,445.0,85.0,0.8,4.1,6.634285714,41859,426172.9,844822.3,25.72,89.26,34,1,0.49999999999999994,-0.8660254037844387,0,0,0,0,0,0,0,0,0,0,0,0,0,0,0,0,0,0,0,0,0,0,0,0,0,1,0,0,0,0,0,0,0
16014,1975,7,32.3,25.8,468.0,88.0,0.7,5.6,4.348571429,41859,426172.9,844822.3,25.72,89.26,34,1,-0.4999999999999997,-0.8660254037844388,0,0,0,0,0,0,0,0,0,0,0,0,0,0,0,0,0,0,0,0,0,0,0,0,0,1,0,0,0,0,0,0,0
16026,1976,7,32.3,25.8,500.0,91.0,0.8,4.8,4.348571429,41859,426172.9,844822.3,25.72,89.26,34,1,-0.4999999999999997,-0.8660254037844388,0,0,0,0,0,0,0,0,0,0,0,0,0,0,0,0,0,0,0,0,0,0,0,0,0,1,0,0,0,0,0,0,0
16037,1977,6,33.0,24.9,550.0,85.0,0.7,5.8,4.894285714,41859,426172.9,844822.3,25.72,89.26,34,1,1.2246467991473532e-16,-1.0,0,0,0,0,0,0,0,0,0,0,0,0,0,0,0,0,0,0,0,0,0,0,0,0,0,1,0,0,0,0,0,0,0
16050,1978,7,33.9,26.1,530.0,85.0,0.6,5.7,4.348571429,41859,426172.9,844822.3,25.72,89.26,34,1,-0.4999999999999997,-0.8660254037844388,0,0,0,0,0,0,0,0,0,0,0,0,0,0,0,0,0,0,0,0,0,0,0,0,0,1,0,0,0,0,0,0,0
16052,1978,9,34.0,25.2,511.0,85.0,0.6,5.6,5.2,41859,426172.9,844822.3,25.72,89.26,34,1,-1.0,-1.8369701987210297e-16,0,0,0,0,0,0,0,0,0,0,0,0,0,0,0,0,0,0,0,0,0,0,0,0,0,1,0,0,0,0,0,0,0
16062,1979,7,34.5,25.0,677.0,86.0,1.4,6.0,4.2,41859,426172.9,844822.3,25.72,89.26,34,1,-0.4999999999999997,-0.8660254037844388,0,0,0,0,0,0,0,0,0,0,0,0,0,0,0,0,0,0,0,0,0,0,0,0,0,1,0,0,0,0,0,0,0
16063,1979,8,35.5,26.0,510.0,81.0,1.4,5.6,4.8,41859,426172.9,844822.3,25.72,89.26,34,1,-0.8660254037844385,-0.5000000000000004,0,0,0,0,0,0,0,0,0,0,0,0,0,0,0,0,0,0,0,0,0,0,0,0,0,1,0,0,0,0,0,0,0
16073,1980,6,34.3,25.9,426.0,84.0,1.2,5.5,6.1,41859,426172.9,844822.3,25.72,89.26,34,1,1.2246467991473532e-16,-1.0,0,0,0,0,0,0,0,0,0,0,0,0,0,0,0,0,0,0,0,0,0,0,0,0,0,1,0,0,0,0,0,0,0
16075,1980,8,34.3,26.3,579.0,85.0,1.2,5.9,5.1,41859,426172.9,844822.3,25.72,89.26,34,1,-0.8660254037844385,-0.5000000000000004,0,0,0,0,0,0,0,0,0,0,0,0,0,0,0,0,0,0,0,0,0,0,0,0,0,1,0,0,0,0,0,0,0
16084,1981,5,33.5,22.4,432.0,80.0,0.9,4.3,8.1,41859,426172.9,844822.3,25.72,89.26,34,1,0.49999999999999994,-0.8660254037844387,0,0,0,0,0,0,0,0,0,0,0,0,0,0,0,0,0,0,0,0,0,0,0,0,0,1,0,0,0,0,0,0,0
16086,1981,7,34.0,26.3,459.0,86.0,1.4,5.9,4.2,41859,426172.9,844822.3,25.72,89.26,34,1,-0.4999999999999997,-0.8660254037844388,0,0,0,0,0,0,0,0,0,0,0,0,0,0,0,0,0,0,0,0,0,0,0,0,0,1,0,0,0,0,0,0,0
16097,1982,6,33.8,25.4,649.0,84.0,1.4,6.2,4.0,41859,426172.9,844822.3,25.72,89.26,34,1,1.2246467991473532e-16,-1.0,0,0,0,0,0,0,0,0,0,0,0,0,0,0,0,0,0,0,0,0,0,0,0,0,0,1,0,0,0,0,0,0,0
16098,1982,7,38.0,26.2,473.0,84.0,1.4,6.2,4.4,41859,426172.9,844822.3,25.72,89.26,34,1,-0.4999999999999997,-0.8660254037844388,0,0,0,0,0,0,0,0,0,0,0,0,0,0,0,0,0,0,0,0,0,0,0,0,0,1,0,0,0,0,0,0,0
16100,1982,9,35.7,25.8,455.0,85.0,0.7,4.8,5.9,41859,426172.9,844822.3,25.72,89.26,34,1,-1.0,-1.8369701987210297e-16,0,0,0,0,0,0,0,0,0,0,0,0,0,0,0,0,0,0,0,0,0,0,0,0,0,1,0,0,0,0,0,0,0
16110,1983,7,34.7,26.2,636.0,85.0,0.9,5.9,4.8,41859,426172.9,844822.3,25.72,89.26,34,1,-0.4999999999999997,-0.8660254037844388,0,0,0,0,0,0,0,0,0,0,0,0,0,0,0,0,0,0,0,0,0,0,0,0,0,1,0,0,0,0,0,0,0
16121,1984,6,36.0,25.6,989.0,85.0,2.1,5.6,5.5,41859,426172.9,844822.3,25.72,89.26,34,1,1.2246467991473532e-16,-1.0,0,0,0,0,0,0,0,0,0,0,0,0,0,0,0,0,0,0,0,0,0,0,0,0,0,1,0,0,0,0,0,0,0
16122,1984,7,33.6,25.3,812.0,88.0,1.8,6.5,3.1,41859,426172.9,844822.3,25.72,89.26,34,1,-0.4999999999999997,-0.8660254037844388,0,0,0,0,0,0,0,0,0,0,0,0,0,0,0,0,0,0,0,0,0,0,0,0,0,1,0,0,0,0,0,0,0
16124,1984,9,33.8,24.2,684.0,89.0,1.2,5.3,4.6,41859,426172.9,844822.3,25.72,89.26,34,1,-1.0,-1.8369701987210297e-16,0,0,0,0,0,0,0,0,0,0,0,0,0,0,0,0,0,0,0,0,0,0,0,0,0,1,0,0,0,0,0,0,0
16133,1985,6,35.3,25.2,569.0,85.0,1.5,5.8,5.2,41859,426172.9,844822.3,25.72,89.26,34,1,1.2246467991473532e-16,-1.0,0,0,0,0,0,0,0,0,0,0,0,0,0,0,0,0,0,0,0,0,0,0,0,0,0,1,0,0,0,0,0,0,0
16134,1985,7,34.4,25.2,770.0,89.0,1.5,6.6,3.8,41859,426172.9,844822.3,25.72,89.26,34,1,-0.4999999999999997,-0.8660254037844388,0,0,0,0,0,0,0,0,0,0,0,0,0,0,0,0,0,0,0,0,0,0,0,0,0,1,0,0,0,0,0,0,0
16146,1986,7,34.2,25.3,497.0,86.0,1.7,6.6,4.2,41859,426172.9,844822.3,25.72,89.26,34,1,-0.4999999999999997,-0.8660254037844388,0,0,0,0,0,0,0,0,0,0,0,0,0,0,0,0,0,0,0,0,0,0,0,0,0,1,0,0,0,0,0,0,0
16148,1986,9,34.0,23.7,521.0,89.0,1.6,6.2,3.5,41859,426172.9,844822.3,25.72,89.26,34,1,-1.0,-1.8369701987210297e-16,0,0,0,0,0,0,0,0,0,0,0,0,0,0,0,0,0,0,0,0,0,0,0,0,0,1,0,0,0,0,0,0,0
16157,1987,6,37.6,25.6,485.0,88.0,1.7,6.0,4.8,41859,426172.9,844822.3,25.72,89.26,34,1,1.2246467991473532e-16,-1.0,0,0,0,0,0,0,0,0,0,0,0,0,0,0,0,0,0,0,0,0,0,0,0,0,0,1,0,0,0,0,0,0,0
16158,1987,7,33.3,25.9,1344.0,91.0,2.1,6.9,2.7,41859,426172.9,844822.3,25.72,89.26,34,1,-0.4999999999999997,-0.8660254037844388,0,0,0,0,0,0,0,0,0,0,0,0,0,0,0,0,0,0,0,0,0,0,0,0,0,1,0,0,0,0,0,0,0
16171,1988,8,34.8,26.2,633.0,89.0,1.9,6.6,3.0,41859,426172.9,844822.3,25.72,89.26,34,1,-0.8660254037844385,-0.5000000000000004,0,0,0,0,0,0,0,0,0,0,0,0,0,0,0,0,0,0,0,0,0,0,0,0,0,1,0,0,0,0,0,0,0
16172,1988,9,35.4,25.4,496.0,87.0,1.6,5.3,4.9,41859,426172.9,844822.3,25.72,89.26,34,1,-1.0,-1.8369701987210297e-16,0,0,0,0,0,0,0,0,0,0,0,0,0,0,0,0,0,0,0,0,0,0,0,0,0,1,0,0,0,0,0,0,0
16182,1989,7,35.2,25.8,719.0,88.0,2.2,6.5,3.5,41859,426172.9,844822.3,25.72,89.26,34,1,-0.4999999999999997,-0.8660254037844388,0,0,0,0,0,0,0,0,0,0,0,0,0,0,0,0,0,0,0,0,0,0,0,0,0,1,0,0,0,0,0,0,0
16184,1989,9,34.8,25.1,414.0,90.0,1.6,5.9,3.5,41859,426172.9,844822.3,25.72,89.26,34,1,-1.0,-1.8369701987210297e-16,0,0,0,0,0,0,0,0,0,0,0,0,0,0,0,0,0,0,0,0,0,0,0,0,0,1,0,0,0,0,0,0,0
16196,1990,9,35.8,25.2,439.0,88.0,1.5,5.9,5.4,41859,426172.9,844822.3,25.72,89.26,34,1,-1.0,-1.8369701987210297e-16,0,0,0,0,0,0,0,0,0,0,0,0,0,0,0,0,0,0,0,0,0,0,0,0,0,1,0,0,0,0,0,0,0
16205,1991,6,34.7,25.2,483.0,87.0,1.8,6.7,3.4,41859,426172.9,844822.3,25.72,89.26,34,1,1.2246467991473532e-16,-1.0,0,0,0,0,0,0,0,0,0,0,0,0,0,0,0,0,0,0,0,0,0,0,0,0,0,1,0,0,0,0,0,0,0
16208,1991,9,33.8,25.3,810.0,90.0,1.7,6.4,5.2,41859,426172.9,844822.3,25.72,89.26,34,1,-1.0,-1.8369701987210297e-16,0,0,0,0,0,0,0,0,0,0,0,0,0,0,0,0,0,0,0,0,0,0,0,0,0,1,0,0,0,0,0,0,0
16220,1992,9,35.1,25.3,552.0,89.0,1.2,4.9,6.6,41859,426172.9,844822.3,25.72,89.26,34,1,-1.0,-1.8369701987210297e-16,0,0,0,0,0,0,0,0,0,0,0,0,0,0,0,0,0,0,0,0,0,0,0,0,0,1,0,0,0,0,0,0,0
16229,1993,6,34.6,24.6,633.0,88.0,1.8,5.9,5.1,41859,426172.9,844822.3,25.72,89.26,34,1,1.2246467991473532e-16,-1.0,0,0,0,0,0,0,0,0,0,0,0,0,0,0,0,0,0,0,0,0,0,0,0,0,0,1,0,0,0,0,0,0,0
16230,1993,7,34.8,26.0,499.0,85.0,1.6,6.1,5.5,41859,426172.9,844822.3,25.72,89.26,34,1,-0.4999999999999997,-0.8660254037844388,0,0,0,0,0,0,0,0,0,0,0,0,0,0,0,0,0,0,0,0,0,0,0,0,0,1,0,0,0,0,0,0,0
16231,1993,8,35.6,26.1,573.0,88.0,1.4,6.5,4.3,41859,426172.9,844822.3,25.72,89.26,34,1,-0.8660254037844385,-0.5000000000000004,0,0,0,0,0,0,0,0,0,0,0,0,0,0,0,0,0,0,0,0,0,0,0,0,0,1,0,0,0,0,0,0,0
16254,1995,7,33.6,25.7,759.0,88.0,1.6,6.7,4.1,41859,426172.9,844822.3,25.72,89.26,34,1,-0.4999999999999997,-0.8660254037844388,0,0,0,0,0,0,0,0,0,0,0,0,0,0,0,0,0,0,0,0,0,0,0,0,0,1,0,0,0,0,0,0,0
16256,1995,9,34.6,25.3,804.0,86.0,1.6,6.1,5.0,41859,426172.9,844822.3,25.72,89.26,34,1,-1.0,-1.8369701987210297e-16,0,0,0,0,0,0,0,0,0,0,0,0,0,0,0,0,0,0,0,0,0,0,0,0,0,1,0,0,0,0,0,0,0
16266,1996,7,35.0,26.0,479.0,88.0,1.5,6.8,3.9,41859,426172.9,844822.3,25.72,89.26,34,1,-0.4999999999999997,-0.8660254037844388,0,0,0,0,0,0,0,0,0,0,0,0,0,0,0,0,0,0,0,0,0,0,0,0,0,1,0,0,0,0,0,0,0
16278,1997,7,35.4,26.1,523.0,87.0,1.2,6.3,4.8,41859,426172.9,844822.3,25.72,89.26,34,1,-0.4999999999999997,-0.8660254037844388,0,0,0,0,0,0,0,0,0,0,0,0,0,0,0,0,0,0,0,0,0,0,0,0,0,1,0,0,0,0,0,0,0
16290,1998,7,34.7,26.3,473.0,90.0,1.4,6.9,3.0,41859,426172.9,844822.3,25.72,89.26,34,1,-0.4999999999999997,-0.8660254037844388,0,0,0,0,0,0,0,0,0,0,0,0,0,0,0,0,0,0,0,0,0,0,0,0,0,1,0,0,0,0,0,0,0
16291,1998,8,33.8,26.3,458.0,90.0,1.0,6.7,3.6,41859,426172.9,844822.3,25.72,89.26,34,1,-0.8660254037844385,-0.5000000000000004,0,0,0,0,0,0,0,0,0,0,0,0,0,0,0,0,0,0,0,0,0,0,0,0,0,1,0,0,0,0,0,0,0
16302,1999,7,35.5,26.2,436.0,88.0,1.4,6.6,4.3,41859,426172.9,844822.3,25.72,89.26,34,1,-0.4999999999999997,-0.8660254037844388,0,0,0,0,0,0,0,0,0,0,0,0,0,0,0,0,0,0,0,0,0,0,0,0,0,1,0,0,0,0,0,0,0
16303,1999,8,35.0,25.7,829.0,89.0,1.3,6.5,4.1,41859,426172.9,844822.3,25.72,89.26,34,1,-0.8660254037844385,-0.5000000000000004,0,0,0,0,0,0,0,0,0,0,0,0,0,0,0,0,0,0,0,0,0,0,0,0,0,1,0,0,0,0,0,0,0
16313,2000,6,36.4,25.6,438.0,85.0,1.6,6.1,5.0,41859,426172.9,844822.3,25.72,89.26,34,1,1.2246467991473532e-16,-1.0,0,0,0,0,0,0,0,0,0,0,0,0,0,0,0,0,0,0,0,0,0,0,0,0,0,1,0,0,0,0,0,0,0
16325,2001,6,35.6,25.4,481.0,84.0,1.6,5.6,6.2,41859,426172.9,844822.3,25.72,89.26,34,1,1.2246467991473532e-16,-1.0,0,0,0,0,0,0,0,0,0,0,0,0,0,0,0,0,0,0,0,0,0,0,0,0,0,1,0,0,0,0,0,0,0
16328,2001,9,34.8,25.7,550.0,87.0,0.9,5.6,4.0,41859,426172.9,844822.3,25.72,89.26,34,1,-1.0,-1.8369701987210297e-16,0,0,0,0,0,0,0,0,0,0,0,0,0,0,0,0,0,0,0,0,0,0,0,0,0,1,0,0,0,0,0,0,0
16337,2002,6,34.0,24.9,685.0,88.0,1.7,6.5,3.8,41859,426172.9,844822.3,25.72,89.26,34,1,1.2246467991473532e-16,-1.0,0,0,0,0,0,0,0,0,0,0,0,0,0,0,0,0,0,0,0,0,0,0,0,0,0,1,0,0,0,0,0,0,0
16338,2002,7,35.2,25.8,582.0,89.0,1.1,7.2,1.7,41859,426172.9,844822.3,25.72,89.26,34,1,-0.4999999999999997,-0.8660254037844388,0,0,0,0,0,0,0,0,0,0,0,0,0,0,0,0,0,0,0,0,0,0,0,0,0,1,0,0,0,0,0,0,0
16349,2003,6,36.3,24.9,573.0,87.0,1.5,6.6,3.5,41859,426172.9,844822.3,25.72,89.26,34,1,1.2246467991473532e-16,-1.0,0,0,0,0,0,0,0,0,0,0,0,0,0,0,0,0,0,0,0,0,0,0,0,0,0,1,0,0,0,0,0,0,0
16350,2003,7,36.9,26.2,633.0,85.0,1.5,6.2,5.1,41859,426172.9,844822.3,25.72,89.26,34,1,-0.4999999999999997,-0.8660254037844388,0,0,0,0,0,0,0,0,0,0,0,0,0,0,0,0,0,0,0,0,0,0,0,0,0,1,0,0,0,0,0,0,0
16362,2004,7,34.0,25.4,653.0,88.0,1.4,6.7,3.6,41859,426172.9,844822.3,25.72,89.26,34,1,-0.4999999999999997,-0.8660254037844388,0,0,0,0,0,0,0,0,0,0,0,0,0,0,0,0,0,0,0,0,0,0,0,0,0,1,0,0,0,0,0,0,0
16364,2004,9,34.4,25.1,464.0,88.0,1.2,6.4,3.8,41859,426172.9,844822.3,25.72,89.26,34,1,-1.0,-1.8369701987210297e-16,0,0,0,0,0,0,0,0,0,0,0,0,0,0,0,0,0,0,0,0,0,0,0,0,0,1,0,0,0,0,0,0,0
16365,2004,10,33.7,22.0,484.0,85.0,1.0,3.6,7.5,41859,426172.9,844822.3,25.72,89.26,34,1,-0.8660254037844386,0.5000000000000001,0,0,0,0,0,0,0,0,0,0,0,0,0,0,0,0,0,0,0,0,0,0,0,0,0,1,0,0,0,0,0,0,0
16373,2005,6,36.0,24.6,428.0,85.0,1.4,5.9,4.5,41859,426172.9,844822.3,25.72,89.26,34,1,1.2246467991473532e-16,-1.0,0,0,0,0,0,0,0,0,0,0,0,0,0,0,0,0,0,0,0,0,0,0,0,0,0,1,0,0,0,0,0,0,0
16374,2005,7,35.0,25.8,671.0,86.0,1.3,6.4,4.5,41859,426172.9,844822.3,25.72,89.26,34,1,-0.4999999999999997,-0.8660254037844388,0,0,0,0,0,0,0,0,0,0,0,0,0,0,0,0,0,0,0,0,0,0,0,0,0,1,0,0,0,0,0,0,0
16377,2005,10,32.5,22.6,581.0,87.0,1.2,4.7,5.5,41859,426172.9,844822.3,25.72,89.26,34,1,-0.8660254037844386,0.5000000000000001,0,0,0,0,0,0,0,0,0,0,0,0,0,0,0,0,0,0,0,0,0,0,0,0,0,1,0,0,0,0,0,0,0
16397,2007,6,36.5,25.3,568.0,85.0,1.0,6.3,4.1,41859,426172.9,844822.3,25.72,89.26,34,1,1.2246467991473532e-16,-1.0,0,0,0,0,0,0,0,0,0,0,0,0,0,0,0,0,0,0,0,0,0,0,0,0,0,1,0,0,0,0,0,0,0
16398,2007,7,34.5,25.9,558.0,87.0,1.0,7.0,3.5,41859,426172.9,844822.3,25.72,89.26,34,1,-0.4999999999999997,-0.8660254037844388,0,0,0,0,0,0,0,0,0,0,0,0,0,0,0,0,0,0,0,0,0,0,0,0,0,1,0,0,0,0,0,0,0
16409,2008,6,34.6,25.2,444.0,86.0,1.4,6.7,4.2,41859,426172.9,844822.3,25.72,89.26,34,1,1.2246467991473532e-16,-1.0,0,0,0,0,0,0,0,0,0,0,0,0,0,0,0,0,0,0,0,0,0,0,0,0,0,1,0,0,0,0,0,0,0
16423,2009,8,34.1,26.1,832.0,89.0,2.6,6.8,3.4,41859,426172.9,844822.3,25.72,89.26,34,1,-0.8660254037844385,-0.5000000000000004,0,0,0,0,0,0,0,0,0,0,0,0,0,0,0,0,0,0,0,0,0,0,0,0,0,1,0,0,0,0,0,0,0
16433,2010,6,35.2,24.6,650.0,87.0,2.5,6.9,2.8,41859,426172.9,844822.3,25.72,89.26,34,1,1.2246467991473532e-16,-1.0,0,0,0,0,0,0,0,0,0,0,0,0,0,0,0,0,0,0,0,0,0,0,0,0,0,1,0,0,0,0,0,0,0
16447,2011,8,36.3,26.1,542.0,85.0,2.0,6.3,5.1,41859,426172.9,844822.3,25.72,89.26,34,1,-0.8660254037844385,-0.5000000000000004,0,0,0,0,0,0,0,0,0,0,0,0,0,0,0,0,0,0,0,0,0,0,0,0,0,1,0,0,0,0,0,0,0
16458,2012,7,34.2,26.3,445.0,84.0,2.3,7.1,4.4,41859,426172.9,844822.3,25.72,89.26,34,1,-0.4999999999999997,-0.8660254037844388,0,0,0,0,0,0,0,0,0,0,0,0,0,0,0,0,0,0,0,0,0,0,0,0,0,1,0,0,0,0,0,0,0
16460,2012,9,36.1,25.8,405.0,84.0,1.9,6.4,5.1,41859,426172.9,844822.3,25.72,89.26,34,1,-1.0,-1.8369701987210297e-16,0,0,0,0,0,0,0,0,0,0,0,0,0,0,0,0,0,0,0,0,0,0,0,0,0,1,0,0,0,0,0,0,0
16470,2013,7,34.5,26.8,296.0,81.0,2.2,6.9,5.1,41859,426172.9,844822.3,25.72,89.26,34,1,-0.4999999999999997,-0.8660254037844388,0,0,0,0,0,0,0,0,0,0,0,0,0,0,0,0,0,0,0,0,0,0,0,0,0,1,0,0,0,0,0,0,0
16472,2013,9,35.5,26.1,229.0,82.0,2.1,5.0,6.4,41859,426172.9,844822.3,25.72,89.26,34,1,-1.0,-1.8369701987210297e-16,0,0,0,0,0,0,0,0,0,0,0,0,0,0,0,0,0,0,0,0,0,0,0,0,0,1,0,0,0,0,0,0,0
16481,1966,6,33.0,21.2,591.0,88.08695652,5.2,5.545652174,4.666666667,41964,650012.1,488627.9,22.5,91.46,6,1,1.2246467991473532e-16,-1.0,0,0,0,0,0,0,0,0,0,0,0,0,0,0,0,0,0,0,0,0,0,0,0,0,0,0,1,0,0,0,0,0,0
16482,1966,7,32.5,22.8,709.0,89.82608696,3.1,5.910869565,4.022222222,41964,650012.1,488627.9,22.5,91.46,6,1,-0.4999999999999997,-0.8660254037844388,0,0,0,0,0,0,0,0,0,0,0,0,0,0,0,0,0,0,0,0,0,0,0,0,0,0,1,0,0,0,0,0,0
16483,1966,8,31.5,24.5,790.0,88.7173913,2.7,5.667391304,4.962962963,41964,650012.1,488627.9,22.5,91.46,6,1,-0.8660254037844385,-0.5000000000000004,0,0,0,0,0,0,0,0,0,0,0,0,0,0,0,0,0,0,0,0,0,0,0,0,0,0,1,0,0,0,0,0,0
16484,1966,9,33.8,25.2,771.0,87.06521739,1.6,4.845652174,5.325925926,41964,650012.1,488627.9,22.5,91.46,6,1,-1.0,-1.8369701987210297e-16,0,0,0,0,0,0,0,0,0,0,0,0,0,0,0,0,0,0,0,0,0,0,0,0,0,0,1,0,0,0,0,0,0
16494,1967,7,32.1,25.0,509.0,92.0,2.5,3.4,4.022222222,41964,650012.1,488627.9,22.5,91.46,6,1,-0.4999999999999997,-0.8660254037844388,0,0,0,0,0,0,0,0,0,0,0,0,0,0,0,0,0,0,0,0,0,0,0,0,0,0,1,0,0,0,0,0,0
16495,1967,8,31.6,24.5,629.0,91.0,2.3,3.2,4.962962963,41964,650012.1,488627.9,22.5,91.46,6,1,-0.8660254037844385,-0.5000000000000004,0,0,0,0,0,0,0,0,0,0,0,0,0,0,0,0,0,0,0,0,0,0,0,0,0,0,1,0,0,0,0,0,0
16496,1967,9,31.6,23.9,872.0,93.0,2.2,3.5,5.325925926,41964,650012.1,488627.9,22.5,91.46,6,1,-1.0,-1.8369701987210297e-16,0,0,0,0,0,0,0,0,0,0,0,0,0,0,0,0,0,0,0,0,0,0,0,0,0,0,1,0,0,0,0,0,0
16505,1968,6,32.1,24.6,1024.0,91.0,2.6,4.8,4.666666667,41964,650012.1,488627.9,22.5,91.46,6,1,1.2246467991473532e-16,-1.0,0,0,0,0,0,0,0,0,0,0,0,0,0,0,0,0,0,0,0,0,0,0,0,0,0,0,1,0,0,0,0,0,0
16506,1968,7,32.6,26.3,998.0,89.0,1.9,4.0,4.022222222,41964,650012.1,488627.9,22.5,91.46,6,1,-0.4999999999999997,-0.8660254037844388,0,0,0,0,0,0,0,0,0,0,0,0,0,0,0,0,0,0,0,0,0,0,0,0,0,0,1,0,0,0,0,0,0
16507,1968,8,33.1,25.8,504.0,89.0,1.7,3.7,4.962962963,41964,650012.1,488627.9,22.5,91.46,6,1,-0.8660254037844385,-0.5000000000000004,0,0,0,0,0,0,0,0,0,0,0,0,0,0,0,0,0,0,0,0,0,0,0,0,0,0,1,0,0,0,0,0,0
16517,1969,6,32.5,26.0,428.0,84.0,1.3,5.4,4.666666667,41964,650012.1,488627.9,22.5,91.46,6,1,1.2246467991473532e-16,-1.0,0,0,0,0,0,0,0,0,0,0,0,0,0,0,0,0,0,0,0,0,0,0,0,0,0,0,1,0,0,0,0,0,0
16518,1969,7,32.6,25.7,944.0,88.0,1.4,5.5,4.022222222,41964,650012.1,488627.9,22.5,91.46,6,1,-0.4999999999999997,-0.8660254037844388,0,0,0,0,0,0,0,0,0,0,0,0,0,0,0,0,0,0,0,0,0,0,0,0,0,0,1,0,0,0,0,0,0
16519,1969,8,31.6,25.2,978.0,90.0,2.5,5.7,4.962962963,41964,650012.1,488627.9,22.5,91.46,6,1,-0.8660254037844385,-0.5000000000000004,0,0,0,0,0,0,0,0,0,0,0,0,0,0,0,0,0,0,0,0,0,0,0,0,0,0,1,0,0,0,0,0,0
16530,1970,7,34.1,26.3,812.0,92.0,3.1,4.5,4.022222222,41964,650012.1,488627.9,22.5,91.46,6,1,-0.4999999999999997,-0.8660254037844388,0,0,0,0,0,0,0,0,0,0,0,0,0,0,0,0,0,0,0,0,0,0,0,0,0,0,1,0,0,0,0,0,0
16531,1970,8,34.3,26.1,597.0,90.0,2.7,4.0,4.962962963,41964,650012.1,488627.9,22.5,91.46,6,1,-0.8660254037844385,-0.5000000000000004,0,0,0,0,0,0,0,0,0,0,0,0,0,0,0,0,0,0,0,0,0,0,0,0,0,0,1,0,0,0,0,0,0
16533,1970,10,33.9,24.7,428.0,86.0,1.7,2.5,6.885185185,41964,650012.1,488627.9,22.5,91.46,6,1,-0.8660254037844386,0.5000000000000001,0,0,0,0,0,0,0,0,0,0,0,0,0,0,0,0,0,0,0,0,0,0,0,0,0,0,1,0,0,0,0,0,0
16541,1971,6,32.6,26.2,922.0,90.0,3.7,5.1,4.666666667,41964,650012.1,488627.9,22.5,91.46,6,1,1.2246467991473532e-16,-1.0,0,0,0,0,0,0,0,0,0,0,0,0,0,0,0,0,0,0,0,0,0,0,0,0,0,0,1,0,0,0,0,0,0
16542,1971,7,32.1,25.8,780.0,92.0,4.0,5.6,4.022222222,41964,650012.1,488627.9,22.5,91.46,6,1,-0.4999999999999997,-0.8660254037844388,0,0,0,0,0,0,0,0,0,0,0,0,0,0,0,0,0,0,0,0,0,0,0,0,0,0,1,0,0,0,0,0,0
16543,1971,8,31.3,25.2,1113.0,92.0,2.9,5.9,4.962962963,41964,650012.1,488627.9,22.5,91.46,6,1,-0.8660254037844385,-0.5000000000000004,0,0,0,0,0,0,0,0,0,0,0,0,0,0,0,0,0,0,0,0,0,0,0,0,0,0,1,0,0,0,0,0,0
16553,1972,6,33.8,27.7,1055.0,87.0,3.9,4.3,4.666666667,41964,650012.1,488627.9,22.5,91.46,6,1,1.2246467991473532e-16,-1.0,0,0,0,0,0,0,0,0,0,0,0,0,0,0,0,0,0,0,0,0,0,0,0,0,0,0,1,0,0,0,0,0,0
16554,1972,7,33.7,26.5,624.0,81.0,4.3,5.0,4.022222222,41964,650012.1,488627.9,22.5,91.46,6,1,-0.4999999999999997,-0.8660254037844388,0,0,0,0,0,0,0,0,0,0,0,0,0,0,0,0,0,0,0,0,0,0,0,0,0,0,1,0,0,0,0,0,0
16555,1972,8,32.6,26.0,1029.0,85.0,4.2,5.7,4.962962963,41964,650012.1,488627.9,22.5,91.46,6,1,-0.8660254037844385,-0.5000000000000004,0,0,0,0,0,0,0,0,0,0,0,0,0,0,0,0,0,0,0,0,0,0,0,0,0,0,1,0,0,0,0,0,0
16564,1973,5,32.9,26.8,620.0,82.0,3.8,4.2,6.425925926,41964,650012.1,488627.9,22.5,91.46,6,1,0.49999999999999994,-0.8660254037844387,0,0,0,0,0,0,0,0,0,0,0,0,0,0,0,0,0,0,0,0,0,0,0,0,0,0,1,0,0,0,0,0,0
16565,1973,6,33.2,27.1,580.0,85.0,2.0,4.8,4.666666667,41964,650012.1,488627.9,22.5,91.46,6,1,1.2246467991473532e-16,-1.0,0,0,0,0,0,0,0,0,0,0,0,0,0,0,0,0,0,0,0,0,0,0,0,0,0,0,1,0,0,0,0,0,0
16566,1973,7,33.2,26.6,717.0,87.0,4.4,5.0,4.022222222,41964,650012.1,488627.9,22.5,91.46,6,1,-0.4999999999999997,-0.8660254037844388,0,0,0,0,0,0,0,0,0,0,0,0,0,0,0,0,0,0,0,0,0,0,0,0,0,0,1,0,0,0,0,0,0
16567,1973,8,31.9,26.0,854.0,86.0,2.6,4.6,4.962962963,41964,650012.1,488627.9,22.5,91.46,6,1,-0.8660254037844385,-0.5000000000000004,0,0,0,0,0,0,0,0,0,0,0,0,0,0,0,0,0,0,0,0,0,0,0,0,0,0,1,0,0,0,0,0,0
16568,1973,9,32.9,25.7,634.0,87.0,2.2,4.7,5.325925926,41964,650012.1,488627.9,22.5,91.46,6,1,-1.0,-1.8369701987210297e-16,0,0,0,0,0,0,0,0,0,0,0,0,0,0,0,0,0,0,0,0,0,0,0,0,0,0,1,0,0,0,0,0,0
16577,1974,6,32.9,25.0,783.0,89.0,2.5,5.9,4.666666667,41964,650012.1,488627.9,22.5,91.46,6,1,1.2246467991473532e-16,-1.0,0,0,0,0,0,0,0,0,0,0,0,0,0,0,0,0,0,0,0,0,0,0,0,0,0,0,1,0,0,0,0,0,0
16578,1974,7,30.6,24.8,1314.0,93.0,2.3,6.7,4.022222222,41964,650012.1,488627.9,22.5,91.46,6,1,-0.4999999999999997,-0.8660254037844388,0,0,0,0,0,0,0,0,0,0,0,0,0,0,0,0,0,0,0,0,0,0,0,0,0,0,1,0,0,0,0,0,0
16579,1974,8,32.9,25.5,533.0,88.0,3.5,6.2,4.962962963,41964,650012.1,488627.9,22.5,91.46,6,1,-0.8660254037844385,-0.5000000000000004,0,0,0,0,0,0,0,0,0,0,0,0,0,0,0,0,0,0,0,0,0,0,0,0,0,0,1,0,0,0,0,0,0
16589,1975,6,31.8,25.6,651.0,88.0,2.6,5.5,4.666666667,41964,650012.1,488627.9,22.5,91.46,6,1,1.2246467991473532e-16,-1.0,0,0,0,0,0,0,0,0,0,0,0,0,0,0,0,0,0,0,0,0,0,0,0,0,0,0,1,0,0,0,0,0,0
16590,1975,7,30.5,25.4,832.0,90.0,2.6,5.8,4.022222222,41964,650012.1,488627.9,22.5,91.46,6,1,-0.4999999999999997,-0.8660254037844388,0,0,0,0,0,0,0,0,0,0,0,0,0,0,0,0,0,0,0,0,0,0,0,0,0,0,1,0,0,0,0,0,0
16591,1975,8,30.7,25.5,673.0,89.0,2.4,5.5,4.962962963,41964,650012.1,488627.9,22.5,91.46,6,1,-0.8660254037844385,-0.5000000000000004,0,0,0,0,0,0,0,0,0,0,0,0,0,0,0,0,0,0,0,0,0,0,0,0,0,0,1,0,0,0,0,0,0
16601,1976,6,32.1,24.5,866.0,88.0,2.1,5.7,4.666666667,41964,650012.1,488627.9,22.5,91.46,6,1,1.2246467991473532e-16,-1.0,0,0,0,0,0,0,0,0,0,0,0,0,0,0,0,0,0,0,0,0,0,0,0,0,0,0,1,0,0,0,0,0,0
16602,1976,7,31.8,24.9,1064.0,90.0,2.2,6.2,4.022222222,41964,650012.1,488627.9,22.5,91.46,6,1,-0.4999999999999997,-0.8660254037844388,0,0,0,0,0,0,0,0,0,0,0,0,0,0,0,0,0,0,0,0,0,0,0,0,0,0,1,0,0,0,0,0,0
16603,1976,8,32.1,24.5,974.0,89.0,2.1,5.3,4.962962963,41964,650012.1,488627.9,22.5,91.46,6,1,-0.8660254037844385,-0.5000000000000004,0,0,0,0,0,0,0,0,0,0,0,0,0,0,0,0,0,0,0,0,0,0,0,0,0,0,1,0,0,0,0,0,0
16604,1976,9,33.1,24.7,466.0,87.0,1.9,4.0,5.325925926,41964,650012.1,488627.9,22.5,91.46,6,1,-1.0,-1.8369701987210297e-16,0,0,0,0,0,0,0,0,0,0,0,0,0,0,0,0,0,0,0,0,0,0,0,0,0,0,1,0,0,0,0,0,0
16611,1977,4,32.4,23.0,507.0,87.0,3.1,4.7,8.051851852,41964,650012.1,488627.9,22.5,91.46,6,1,0.8660254037844387,-0.4999999999999998,0,0,0,0,0,0,0,0,0,0,0,0,0,0,0,0,0,0,0,0,0,0,0,0,0,0,1,0,0,0,0,0,0
16613,1977,6,35.2,24.7,1065.0,91.0,2.9,5.9,4.666666667,41964,650012.1,488627.9,22.5,91.46,6,1,1.2246467991473532e-16,-1.0,0,0,0,0,0,0,0,0,0,0,0,0,0,0,0,0,0,0,0,0,0,0,0,0,0,0,1,0,0,0,0,0,0
16614,1977,7,32.8,25.7,1093.0,92.0,2.4,6.3,4.022222222,41964,650012.1,488627.9,22.5,91.46,6,1,-0.4999999999999997,-0.8660254037844388,0,0,0,0,0,0,0,0,0,0,0,0,0,0,0,0,0,0,0,0,0,0,0,0,0,0,1,0,0,0,0,0,0
16615,1977,8,30.7,25.4,727.0,89.0,2.4,6.1,4.962962963,41964,650012.1,488627.9,22.5,91.46,6,1,-0.8660254037844385,-0.5000000000000004,0,0,0,0,0,0,0,0,0,0,0,0,0,0,0,0,0,0,0,0,0,0,0,0,0,0,1,0,0,0,0,0,0
16624,1978,5,32.1,24.8,527.0,85.0,2.3,5.7,6.425925926,41964,650012.1,488627.9,22.5,91.46,6,1,0.49999999999999994,-0.8660254037844387,0,0,0,0,0,0,0,0,0,0,0,0,0,0,0,0,0,0,0,0,0,0,0,0,0,0,1,0,0,0,0,0,0
16625,1978,6,33.9,25.0,425.0,88.0,2.2,5.8,4.666666667,41964,650012.1,488627.9,22.5,91.46,6,1,1.2246467991473532e-16,-1.0,0,0,0,0,0,0,0,0,0,0,0,0,0,0,0,0,0,0,0,0,0,0,0,0,0,0,1,0,0,0,0,0,0
16627,1978,8,31.6,25.7,711.0,87.0,2.3,5.7,4.962962963,41964,650012.1,488627.9,22.5,91.46,6,1,-0.8660254037844385,-0.5000000000000004,0,0,0,0,0,0,0,0,0,0,0,0,0,0,0,0,0,0,0,0,0,0,0,0,0,0,1,0,0,0,0,0,0
16628,1978,9,33.0,25.2,479.0,89.0,1.2,5.2,5.325925926,41964,650012.1,488627.9,22.5,91.46,6,1,-1.0,-1.8369701987210297e-16,0,0,0,0,0,0,0,0,0,0,0,0,0,0,0,0,0,0,0,0,0,0,0,0,0,0,1,0,0,0,0,0,0
16637,1979,6,35.0,24.6,700.0,88.0,2.9,5.2,4.666666667,41964,650012.1,488627.9,22.5,91.46,6,1,1.2246467991473532e-16,-1.0,0,0,0,0,0,0,0,0,0,0,0,0,0,0,0,0,0,0,0,0,0,0,0,0,0,0,1,0,0,0,0,0,0
16638,1979,7,33.0,23.4,670.0,90.0,2.0,5.4,4.022222222,41964,650012.1,488627.9,22.5,91.46,6,1,-0.4999999999999997,-0.8660254037844388,0,0,0,0,0,0,0,0,0,0,0,0,0,0,0,0,0,0,0,0,0,0,0,0,0,0,1,0,0,0,0,0,0
16639,1979,8,35.0,23.5,618.0,89.0,2.3,5.8,4.962962963,41964,650012.1,488627.9,22.5,91.46,6,1,-0.8660254037844385,-0.5000000000000004,0,0,0,0,0,0,0,0,0,0,0,0,0,0,0,0,0,0,0,0,0,0,0,0,0,0,1,0,0,0,0,0,0
16648,1980,5,34.0,24.2,784.0,85.0,1.8,4.1,6.425925926,41964,650012.1,488627.9,22.5,91.46,6,1,0.49999999999999994,-0.8660254037844387,0,0,0,0,0,0,0,0,0,0,0,0,0,0,0,0,0,0,0,0,0,0,0,0,0,0,1,0,0,0,0,0,0
16650,1980,7,32.0,25.5,1555.0,89.0,2.7,5.9,4.022222222,41964,650012.1,488627.9,22.5,91.46,6,1,-0.4999999999999997,-0.8660254037844388,0,0,0,0,0,0,0,0,0,0,0,0,0,0,0,0,0,0,0,0,0,0,0,0,0,0,1,0,0,0,0,0,0
16651,1980,8,33.0,25.2,682.0,89.0,1.9,5.4,4.962962963,41964,650012.1,488627.9,22.5,91.46,6,1,-0.8660254037844385,-0.5000000000000004,0,0,0,0,0,0,0,0,0,0,0,0,0,0,0,0,0,0,0,0,0,0,0,0,0,0,1,0,0,0,0,0,0
16659,1981,4,32.0,23.1,474.0,87.0,1.4,4.0,8.051851852,41964,650012.1,488627.9,22.5,91.46,6,1,0.8660254037844387,-0.4999999999999998,0,0,0,0,0,0,0,0,0,0,0,0,0,0,0,0,0,0,0,0,0,0,0,0,0,0,1,0,0,0,0,0,0
16662,1981,7,31.5,25.3,917.0,93.0,2.8,6.1,4.022222222,41964,650012.1,488627.9,22.5,91.46,6,1,-0.4999999999999997,-0.8660254037844388,0,0,0,0,0,0,0,0,0,0,0,0,0,0,0,0,0,0,0,0,0,0,0,0,0,0,1,0,0,0,0,0,0
16663,1981,8,33.0,26.0,662.0,88.0,2.2,5.3,4.962962963,41964,650012.1,488627.9,22.5,91.46,6,1,-0.8660254037844385,-0.5000000000000004,0,0,0,0,0,0,0,0,0,0,0,0,0,0,0,0,0,0,0,0,0,0,0,0,0,0,1,0,0,0,0,0,0
16664,1981,9,35.6,25.5,537.0,87.0,1.3,4.9,5.325925926,41964,650012.1,488627.9,22.5,91.46,6,1,-1.0,-1.8369701987210297e-16,0,0,0,0,0,0,0,0,0,0,0,0,0,0,0,0,0,0,0,0,0,0,0,0,0,0,1,0,0,0,0,0,0
16673,1982,6,35.0,25.3,946.0,90.0,2.3,6.2,4.666666667,41964,650012.1,488627.9,22.5,91.46,6,1,1.2246467991473532e-16,-1.0,0,0,0,0,0,0,0,0,0,0,0,0,0,0,0,0,0,0,0,0,0,0,0,0,0,0,1,0,0,0,0,0,0
16674,1982,7,32.0,26.0,478.0,88.0,3.2,5.5,4.022222222,41964,650012.1,488627.9,22.5,91.46,6,1,-0.4999999999999997,-0.8660254037844388,0,0,0,0,0,0,0,0,0,0,0,0,0,0,0,0,0,0,0,0,0,0,0,0,0,0,1,0,0,0,0,0,0
16675,1982,8,32.5,25.1,1155.0,89.0,2.8,6.1,4.962962963,41964,650012.1,488627.9,22.5,91.46,6,1,-0.8660254037844385,-0.5000000000000004,0,0,0,0,0,0,0,0,0,0,0,0,0,0,0,0,0,0,0,0,0,0,0,0,0,0,1,0,0,0,0,0,0
16686,1983,7,33.0,25.3,1077.0,90.0,1.8,5.9,4.022222222,41964,650012.1,488627.9,22.5,91.46,6,1,-0.4999999999999997,-0.8660254037844388,0,0,0,0,0,0,0,0,0,0,0,0,0,0,0,0,0,0,0,0,0,0,0,0,0,0,1,0,0,0,0,0,0
16687,1983,8,32.5,25.8,844.0,89.0,2.1,5.9,4.962962963,41964,650012.1,488627.9,22.5,91.46,6,1,-0.8660254037844385,-0.5000000000000004,0,0,0,0,0,0,0,0,0,0,0,0,0,0,0,0,0,0,0,0,0,0,0,0,0,0,1,0,0,0,0,0,0
16689,1983,10,33.5,24.7,529.0,87.0,0.8,3.6,6.885185185,41964,650012.1,488627.9,22.5,91.46,6,1,-0.8660254037844386,0.5000000000000001,0,0,0,0,0,0,0,0,0,0,0,0,0,0,0,0,0,0,0,0,0,0,0,0,0,0,1,0,0,0,0,0,0
16697,1984,6,32.5,25.0,747.0,90.0,4.5,6.2,4.666666667,41964,650012.1,488627.9,22.5,91.46,6,1,1.2246467991473532e-16,-1.0,0,0,0,0,0,0,0,0,0,0,0,0,0,0,0,0,0,0,0,0,0,0,0,0,0,0,1,0,0,0,0,0,0
16698,1984,7,32.5,24.9,852.0,92.0,2.4,5.8,4.022222222,41964,650012.1,488627.9,22.5,91.46,6,1,-0.4999999999999997,-0.8660254037844388,0,0,0,0,0,0,0,0,0,0,0,0,0,0,0,0,0,0,0,0,0,0,0,0,0,0,1,0,0,0,0,0,0
16709,1985,6,32.8,25.9,790.0,91.0,2.4,6.1,4.666666667,41964,650012.1,488627.9,22.5,91.46,6,1,1.2246467991473532e-16,-1.0,0,0,0,0,0,0,0,0,0,0,0,0,0,0,0,0,0,0,0,0,0,0,0,0,0,0,1,0,0,0,0,0,0
16710,1985,7,32.0,24.9,916.0,93.0,2.2,6.2,4.022222222,41964,650012.1,488627.9,22.5,91.46,6,1,-0.4999999999999997,-0.8660254037844388,0,0,0,0,0,0,0,0,0,0,0,0,0,0,0,0,0,0,0,0,0,0,0,0,0,0,1,0,0,0,0,0,0
16711,1985,8,32.0,25.6,799.0,90.0,2.8,6.0,4.962962963,41964,650012.1,488627.9,22.5,91.46,6,1,-0.8660254037844385,-0.5000000000000004,0,0,0,0,0,0,0,0,0,0,0,0,0,0,0,0,0,0,0,0,0,0,0,0,0,0,1,0,0,0,0,0,0
16721,1986,6,33.0,26.2,599.0,89.0,2.4,5.4,4.666666667,41964,650012.1,488627.9,22.5,91.46,6,1,1.2246467991473532e-16,-1.0,0,0,0,0,0,0,0,0,0,0,0,0,0,0,0,0,0,0,0,0,0,0,0,0,0,0,1,0,0,0,0,0,0
16722,1986,7,32.4,25.7,785.0,91.0,2.3,6.0,4.022222222,41964,650012.1,488627.9,22.5,91.46,6,1,-0.4999999999999997,-0.8660254037844388,0,0,0,0,0,0,0,0,0,0,0,0,0,0,0,0,0,0,0,0,0,0,0,0,0,0,1,0,0,0,0,0,0
16723,1986,8,33.5,26.2,441.0,87.0,1.3,5.7,4.962962963,41964,650012.1,488627.9,22.5,91.46,6,1,-0.8660254037844385,-0.5000000000000004,0,0,0,0,0,0,0,0,0,0,0,0,0,0,0,0,0,0,0,0,0,0,0,0,0,0,1,0,0,0,0,0,0
16724,1986,9,33.0,25.8,535.0,89.0,1.3,6.0,5.325925926,41964,650012.1,488627.9,22.5,91.46,6,1,-1.0,-1.8369701987210297e-16,0,0,0,0,0,0,0,0,0,0,0,0,0,0,0,0,0,0,0,0,0,0,0,0,0,0,1,0,0,0,0,0,0
16733,1987,6,32.5,26.6,566.0,88.0,3.0,5.3,5.1,41964,650012.1,488627.9,22.5,91.46,6,1,1.2246467991473532e-16,-1.0,0,0,0,0,0,0,0,0,0,0,0,0,0,0,0,0,0,0,0,0,0,0,0,0,0,0,1,0,0,0,0,0,0
16734,1987,7,30.8,25.6,1141.0,94.0,3.4,6.9,2.7,41964,650012.1,488627.9,22.5,91.46,6,1,-0.4999999999999997,-0.8660254037844388,0,0,0,0,0,0,0,0,0,0,0,0,0,0,0,0,0,0,0,0,0,0,0,0,0,0,1,0,0,0,0,0,0
16735,1987,8,33.5,25.4,664.0,91.0,2.3,6.0,5.0,41964,650012.1,488627.9,22.5,91.46,6,1,-0.8660254037844385,-0.5000000000000004,0,0,0,0,0,0,0,0,0,0,0,0,0,0,0,0,0,0,0,0,0,0,0,0,0,0,1,0,0,0,0,0,0
16736,1987,9,35.2,25.6,621.0,90.0,2.2,5.6,5.9,41964,650012.1,488627.9,22.5,91.46,6,1,-1.0,-1.8369701987210297e-16,0,0,0,0,0,0,0,0,0,0,0,0,0,0,0,0,0,0,0,0,0,0,0,0,0,0,1,0,0,0,0,0,0
16745,1988,6,33.5,25.2,799.0,90.0,2.0,5.7,5.1,41964,650012.1,488627.9,22.5,91.46,6,1,1.2246467991473532e-16,-1.0,0,0,0,0,0,0,0,0,0,0,0,0,0,0,0,0,0,0,0,0,0,0,0,0,0,0,1,0,0,0,0,0,0
16746,1988,7,32.8,25.4,782.0,91.0,2.2,6.2,4.1,41964,650012.1,488627.9,22.5,91.46,6,1,-0.4999999999999997,-0.8660254037844388,0,0,0,0,0,0,0,0,0,0,0,0,0,0,0,0,0,0,0,0,0,0,0,0,0,0,1,0,0,0,0,0,0
16747,1988,8,31.5,25.6,682.0,91.0,2.3,6.4,3.5,41964,650012.1,488627.9,22.5,91.46,6,1,-0.8660254037844385,-0.5000000000000004,0,0,0,0,0,0,0,0,0,0,0,0,0,0,0,0,0,0,0,0,0,0,0,0,0,0,1,0,0,0,0,0,0
16748,1988,9,34.0,25.7,619.0,88.0,1.1,4.9,6.0,41964,650012.1,488627.9,22.5,91.46,6,1,-1.0,-1.8369701987210297e-16,0,0,0,0,0,0,0,0,0,0,0,0,0,0,0,0,0,0,0,0,0,0,0,0,0,0,1,0,0,0,0,0,0
16757,1989,6,34.8,25.6,625.0,86.0,3.4,5.7,6.5,41964,650012.1,488627.9,22.5,91.46,6,1,1.2246467991473532e-16,-1.0,0,0,0,0,0,0,0,0,0,0,0,0,0,0,0,0,0,0,0,0,0,0,0,0,0,0,1,0,0,0,0,0,0
16758,1989,7,33.5,25.6,450.0,88.0,2.7,6.1,4.8,41964,650012.1,488627.9,22.5,91.46,6,1,-0.4999999999999997,-0.8660254037844388,0,0,0,0,0,0,0,0,0,0,0,0,0,0,0,0,0,0,0,0,0,0,0,0,0,0,1,0,0,0,0,0,0
16760,1989,9,33.8,25.6,572.0,88.0,1.5,5.0,5.3,41964,650012.1,488627.9,22.5,91.46,6,1,-1.0,-1.8369701987210297e-16,0,0,0,0,0,0,0,0,0,0,0,0,0,0,0,0,0,0,0,0,0,0,0,0,0,0,1,0,0,0,0,0,0
16761,1989,10,32.8,24.5,674.0,88.0,1.0,5.0,7.1,41964,650012.1,488627.9,22.5,91.46,6,1,-0.8660254037844386,0.5000000000000001,0,0,0,0,0,0,0,0,0,0,0,0,0,0,0,0,0,0,0,0,0,0,0,0,0,0,1,0,0,0,0,0,0
16769,1990,6,32.1,25.6,561.0,87.0,2.0,6.0,4.6,41964,650012.1,488627.9,22.5,91.46,6,1,1.2246467991473532e-16,-1.0,0,0,0,0,0,0,0,0,0,0,0,0,0,0,0,0,0,0,0,0,0,0,0,0,0,0,1,0,0,0,0,0,0
16770,1990,7,31.0,24.9,1007.0,91.0,2.8,6.6,2.9,41964,650012.1,488627.9,22.5,91.46,6,1,-0.4999999999999997,-0.8660254037844388,0,0,0,0,0,0,0,0,0,0,0,0,0,0,0,0,0,0,0,0,0,0,0,0,0,0,1,0,0,0,0,0,0
16772,1990,9,32.1,25.3,412.0,86.0,1.3,5.0,5.5,41964,650012.1,488627.9,22.5,91.46,6,1,-1.0,-1.8369701987210297e-16,0,0,0,0,0,0,0,0,0,0,0,0,0,0,0,0,0,0,0,0,0,0,0,0,0,0,1,0,0,0,0,0,0
16773,1990,10,33.0,23.2,462.0,82.0,1.9,3.5,7.1,41964,650012.1,488627.9,22.5,91.46,6,1,-0.8660254037844386,0.5000000000000001,0,0,0,0,0,0,0,0,0,0,0,0,0,0,0,0,0,0,0,0,0,0,0,0,0,0,1,0,0,0,0,0,0
16781,1991,6,32.1,25.5,861.0,88.0,2.7,5.9,4.7,41964,650012.1,488627.9,22.5,91.46,6,1,1.2246467991473532e-16,-1.0,0,0,0,0,0,0,0,0,0,0,0,0,0,0,0,0,0,0,0,0,0,0,0,0,0,0,1,0,0,0,0,0,0
16782,1991,7,32.1,26.1,701.0,90.0,3.5,6.3,4.5,41964,650012.1,488627.9,22.5,91.46,6,1,-0.4999999999999997,-0.8660254037844388,0,0,0,0,0,0,0,0,0,0,0,0,0,0,0,0,0,0,0,0,0,0,0,0,0,0,1,0,0,0,0,0,0
16783,1991,8,35.9,26.1,431.0,89.0,3.8,5.6,5.6,41964,650012.1,488627.9,22.5,91.46,6,1,-0.8660254037844385,-0.5000000000000004,0,0,0,0,0,0,0,0,0,0,0,0,0,0,0,0,0,0,0,0,0,0,0,0,0,0,1,0,0,0,0,0,0
16784,1991,9,32.6,25.9,553.0,87.0,1.7,5.3,4.1,41964,650012.1,488627.9,22.5,91.46,6,1,-1.0,-1.8369701987210297e-16,0,0,0,0,0,0,0,0,0,0,0,0,0,0,0,0,0,0,0,0,0,0,0,0,0,0,1,0,0,0,0,0,0
16793,1992,6,34.6,26.8,473.0,86.0,2.3,4.4,6.1,41964,650012.1,488627.9,22.5,91.46,6,1,1.2246467991473532e-16,-1.0,0,0,0,0,0,0,0,0,0,0,0,0,0,0,0,0,0,0,0,0,0,0,0,0,0,0,1,0,0,0,0,0,0
16794,1992,7,32.1,25.9,490.0,90.0,2.7,6.0,3.6,41964,650012.1,488627.9,22.5,91.46,6,1,-0.4999999999999997,-0.8660254037844388,0,0,0,0,0,0,0,0,0,0,0,0,0,0,0,0,0,0,0,0,0,0,0,0,0,0,1,0,0,0,0,0,0
16795,1992,8,33.1,26.0,681.0,88.0,2.3,5.4,6.5,41964,650012.1,488627.9,22.5,91.46,6,1,-0.8660254037844385,-0.5000000000000004,0,0,0,0,0,0,0,0,0,0,0,0,0,0,0,0,0,0,0,0,0,0,0,0,0,0,1,0,0,0,0,0,0
16796,1992,9,33.6,26.1,584.0,87.0,2.0,4.8,5.6,41964,650012.1,488627.9,22.5,91.46,6,1,-1.0,-1.8369701987210297e-16,0,0,0,0,0,0,0,0,0,0,0,0,0,0,0,0,0,0,0,0,0,0,0,0,0,0,1,0,0,0,0,0,0
16804,1993,5,32.6,24.8,463.0,85.0,2.6,4.3,6.2,41964,650012.1,488627.9,22.5,91.46,6,1,0.49999999999999994,-0.8660254037844387,0,0,0,0,0,0,0,0,0,0,0,0,0,0,0,0,0,0,0,0,0,0,0,0,0,0,1,0,0,0,0,0,0
16805,1993,6,32.1,26.0,618.0,90.0,4.0,5.7,3.6,41964,650012.1,488627.9,22.5,91.46,6,1,1.2246467991473532e-16,-1.0,0,0,0,0,0,0,0,0,0,0,0,0,0,0,0,0,0,0,0,0,0,0,0,0,0,0,1,0,0,0,0,0,0
16806,1993,7,32.1,26.1,604.0,90.0,3.2,6.0,4.3,41964,650012.1,488627.9,22.5,91.46,6,1,-0.4999999999999997,-0.8660254037844388,0,0,0,0,0,0,0,0,0,0,0,0,0,0,0,0,0,0,0,0,0,0,0,0,0,0,1,0,0,0,0,0,0
16807,1993,8,31.6,26.2,661.0,90.0,3.2,6.1,4.2,41964,650012.1,488627.9,22.5,91.46,6,1,-0.8660254037844385,-0.5000000000000004,0,0,0,0,0,0,0,0,0,0,0,0,0,0,0,0,0,0,0,0,0,0,0,0,0,0,1,0,0,0,0,0,0
16817,1994,6,32.9,26.4,833.0,90.0,3.0,5.9,2.7,41964,650012.1,488627.9,22.5,91.46,6,1,1.2246467991473532e-16,-1.0,0,0,0,0,0,0,0,0,0,0,0,0,0,0,0,0,0,0,0,0,0,0,0,0,0,0,1,0,0,0,0,0,0
16818,1994,7,32.5,26.1,405.0,89.0,2.7,5.9,4.5,41964,650012.1,488627.9,22.5,91.46,6,1,-0.4999999999999997,-0.8660254037844388,0,0,0,0,0,0,0,0,0,0,0,0,0,0,0,0,0,0,0,0,0,0,0,0,0,0,1,0,0,0,0,0,0
16819,1994,8,32.1,25.9,487.0,88.0,2.3,5.7,4.1,41964,650012.1,488627.9,22.5,91.46,6,1,-0.8660254037844385,-0.5000000000000004,0,0,0,0,0,0,0,0,0,0,0,0,0,0,0,0,0,0,0,0,0,0,0,0,0,0,1,0,0,0,0,0,0
16820,1994,9,33.6,25.8,428.0,84.0,1.5,4.0,6.7,41964,650012.1,488627.9,22.5,91.46,6,1,-1.0,-1.8369701987210297e-16,0,0,0,0,0,0,0,0,0,0,0,0,0,0,0,0,0,0,0,0,0,0,0,0,0,0,1,0,0,0,0,0,0
16830,1995,7,32.1,26.5,620.0,91.0,3.2,5.8,4.8,41964,650012.1,488627.9,22.5,91.46,6,1,-0.4999999999999997,-0.8660254037844388,0,0,0,0,0,0,0,0,0,0,0,0,0,0,0,0,0,0,0,0,0,0,0,0,0,0,1,0,0,0,0,0,0
16841,1996,6,33.6,26.3,451.0,87.0,2.8,2.9,6.9,41964,650012.1,488627.9,22.5,91.46,6,1,1.2246467991473532e-16,-1.0,0,0,0,0,0,0,0,0,0,0,0,0,0,0,0,0,0,0,0,0,0,0,0,0,0,0,1,0,0,0,0,0,0
16842,1996,7,32.6,26.7,430.0,91.0,2.8,3.2,4.7,41964,650012.1,488627.9,22.5,91.46,6,1,-0.4999999999999997,-0.8660254037844388,0,0,0,0,0,0,0,0,0,0,0,0,0,0,0,0,0,0,0,0,0,0,0,0,0,0,1,0,0,0,0,0,0
16843,1996,8,32.0,25.6,1087.0,91.0,2.2,3.2,3.6,41964,650012.1,488627.9,22.5,91.46,6,1,-0.8660254037844385,-0.5000000000000004,0,0,0,0,0,0,0,0,0,0,0,0,0,0,0,0,0,0,0,0,0,0,0,0,0,0,1,0,0,0,0,0,0
16844,1996,9,35.7,26.4,406.0,88.0,1.1,2.8,5.6,41964,650012.1,488627.9,22.5,91.46,6,1,-1.0,-1.8369701987210297e-16,0,0,0,0,0,0,0,0,0,0,0,0,0,0,0,0,0,0,0,0,0,0,0,0,0,0,1,0,0,0,0,0,0
16845,1996,10,34.6,24.4,447.0,85.0,1.3,1.5,6.9,41964,650012.1,488627.9,22.5,91.46,6,1,-0.8660254037844386,0.5000000000000001,0,0,0,0,0,0,0,0,0,0,0,0,0,0,0,0,0,0,0,0,0,0,0,0,0,0,1,0,0,0,0,0,0
16854,1997,7,32.7,24.1,983.0,92.0,2.3,6.6,3.3,41964,650012.1,488627.9,22.5,91.46,6,1,-0.4999999999999997,-0.8660254037844388,0,0,0,0,0,0,0,0,0,0,0,0,0,0,0,0,0,0,0,0,0,0,0,0,0,0,1,0,0,0,0,0,0
16855,1997,8,35.1,25.6,666.0,88.0,1.7,5.9,5.8,41964,650012.1,488627.9,22.5,91.46,6,1,-0.8660254037844385,-0.5000000000000004,0,0,0,0,0,0,0,0,0,0,0,0,0,0,0,0,0,0,0,0,0,0,0,0,0,0,1,0,0,0,0,0,0
16864,1998,5,35.6,24.1,466.0,86.0,1.6,4.7,5.8,41964,650012.1,488627.9,22.5,91.46,6,1,0.49999999999999994,-0.8660254037844387,0,0,0,0,0,0,0,0,0,0,0,0,0,0,0,0,0,0,0,0,0,0,0,0,0,0,1,0,0,0,0,0,0
16866,1998,7,32.6,24.4,975.0,93.0,1.7,6.7,2.7,41964,650012.1,488627.9,22.5,91.46,6,1,-0.4999999999999997,-0.8660254037844388,0,0,0,0,0,0,0,0,0,0,0,0,0,0,0,0,0,0,0,0,0,0,0,0,0,0,1,0,0,0,0,0,0
16867,1998,8,32.6,25.5,1296.0,93.0,1.0,6.7,2.9,41964,650012.1,488627.9,22.5,91.46,6,1,-0.8660254037844385,-0.5000000000000004,0,0,0,0,0,0,0,0,0,0,0,0,0,0,0,0,0,0,0,0,0,0,0,0,0,0,1,0,0,0,0,0,0
16876,1999,5,36.1,25.1,582.0,87.0,1.5,5.3,5.7,41964,650012.1,488627.9,22.5,91.46,6,1,0.49999999999999994,-0.8660254037844387,0,0,0,0,0,0,0,0,0,0,0,0,0,0,0,0,0,0,0,0,0,0,0,0,0,0,1,0,0,0,0,0,0
16877,1999,6,39.3,25.9,768.0,92.0,1.5,6.5,4.3,41964,650012.1,488627.9,22.5,91.46,6,1,1.2246467991473532e-16,-1.0,0,0,0,0,0,0,0,0,0,0,0,0,0,0,0,0,0,0,0,0,0,0,0,0,0,0,1,0,0,0,0,0,0
16878,1999,7,33.6,25.5,964.0,93.0,1.4,6.9,4.3,41964,650012.1,488627.9,22.5,91.46,6,1,-0.4999999999999997,-0.8660254037844388,0,0,0,0,0,0,0,0,0,0,0,0,0,0,0,0,0,0,0,0,0,0,0,0,0,0,1,0,0,0,0,0,0
16879,1999,8,32.3,25.6,956.0,92.0,1.4,7.0,3.7,41964,650012.1,488627.9,22.5,91.46,6,1,-0.8660254037844385,-0.5000000000000004,0,0,0,0,0,0,0,0,0,0,0,0,0,0,0,0,0,0,0,0,0,0,0,0,0,0,1,0,0,0,0,0,0
16888,2000,5,35.8,24.2,804.0,88.0,1.9,5.6,5.3,41964,650012.1,488627.9,22.5,91.46,6,1,0.49999999999999994,-0.8660254037844387,0,0,0,0,0,0,0,0,0,0,0,0,0,0,0,0,0,0,0,0,0,0,0,0,0,0,1,0,0,0,0,0,0
16889,2000,6,33.9,25.7,626.0,91.0,2.4,6.4,4.8,41964,650012.1,488627.9,22.5,91.46,6,1,1.2246467991473532e-16,-1.0,0,0,0,0,0,0,0,0,0,0,0,0,0,0,0,0,0,0,0,0,0,0,0,0,0,0,1,0,0,0,0,0,0
16890,2000,7,35.3,25.9,1215.0,91.0,2.3,6.6,5.3,41964,650012.1,488627.9,22.5,91.46,6,1,-0.4999999999999997,-0.8660254037844388,0,0,0,0,0,0,0,0,0,0,0,0,0,0,0,0,0,0,0,0,0,0,0,0,0,0,1,0,0,0,0,0,0
16891,2000,8,31.4,25.4,489.0,88.0,1.6,5.7,4.5,41964,650012.1,488627.9,22.5,91.46,6,1,-0.8660254037844385,-0.5000000000000004,0,0,0,0,0,0,0,0,0,0,0,0,0,0,0,0,0,0,0,0,0,0,0,0,0,0,1,0,0,0,0,0,0
16900,2001,5,36.2,25.2,925.0,86.0,1.0,4.6,5.7,41964,650012.1,488627.9,22.5,91.46,6,1,0.49999999999999994,-0.8660254037844387,0,0,0,0,0,0,0,0,0,0,0,0,0,0,0,0,0,0,0,0,0,0,0,0,0,0,1,0,0,0,0,0,0
16901,2001,6,35.0,25.0,1784.0,91.0,1.8,6.6,3.6,41964,650012.1,488627.9,22.5,91.46,6,1,1.2246467991473532e-16,-1.0,0,0,0,0,0,0,0,0,0,0,0,0,0,0,0,0,0,0,0,0,0,0,0,0,0,0,1,0,0,0,0,0,0
16902,2001,7,36.0,24.8,817.0,88.0,1.8,6.4,5.3,41964,650012.1,488627.9,22.5,91.46,6,1,-0.4999999999999997,-0.8660254037844388,0,0,0,0,0,0,0,0,0,0,0,0,0,0,0,0,0,0,0,0,0,0,0,0,0,0,1,0,0,0,0,0,0
16903,2001,8,36.5,23.2,535.0,86.0,1.2,6.5,8.0,41964,650012.1,488627.9,22.5,91.46,6,1,-0.8660254037844385,-0.5000000000000004,0,0,0,0,0,0,0,0,0,0,0,0,0,0,0,0,0,0,0,0,0,0,0,0,0,0,1,0,0,0,0,0,0
16905,2001,10,35.4,23.1,482.0,88.0,0.7,6.1,6.8,41964,650012.1,488627.9,22.5,91.46,6,1,-0.8660254037844386,0.5000000000000001,0,0,0,0,0,0,0,0,0,0,0,0,0,0,0,0,0,0,0,0,0,0,0,0,0,0,1,0,0,0,0,0,0
16912,2002,5,32.1,25.5,835.0,88.0,1.2,6.3,4.9,41964,650012.1,488627.9,22.5,91.46,6,1,0.49999999999999994,-0.8660254037844387,0,0,0,0,0,0,0,0,0,0,0,0,0,0,0,0,0,0,0,0,0,0,0,0,0,0,1,0,0,0,0,0,0
16913,2002,6,31.8,25.6,717.0,89.0,1.0,7.1,2.5,41964,650012.1,488627.9,22.5,91.46,6,1,1.2246467991473532e-16,-1.0,0,0,0,0,0,0,0,0,0,0,0,0,0,0,0,0,0,0,0,0,0,0,0,0,0,0,1,0,0,0,0,0,0
16914,2002,7,30.5,25.4,1698.0,90.0,1.1,7.0,2.1,41964,650012.1,488627.9,22.5,91.46,6,1,-0.4999999999999997,-0.8660254037844388,0,0,0,0,0,0,0,0,0,0,0,0,0,0,0,0,0,0,0,0,0,0,0,0,0,0,1,0,0,0,0,0,0
16915,2002,8,30.7,25.5,673.0,89.0,2.4,5.5,5.0,41964,650012.1,488627.9,22.5,91.46,6,1,-0.8660254037844385,-0.5000000000000004,0,0,0,0,0,0,0,0,0,0,0,0,0,0,0,0,0,0,0,0,0,0,0,0,0,0,1,0,0,0,0,0,0
16925,2003,6,33.69787234,25.64042553,647.0212766,88.08695652,2.514893617,5.545652174,4.3,41964,650012.1,488627.9,22.5,91.46,6,1,1.2246467991473532e-16,-1.0,0,0,0,0,0,0,0,0,0,0,0,0,0,0,0,0,0,0,0,0,0,0,0,0,0,0,1,0,0,0,0,0,0
16926,2003,7,32.68297872,25.38510638,866.8085106,89.82608696,2.482978723,5.910869565,4.1,41964,650012.1,488627.9,22.5,91.46,6,1,-0.4999999999999997,-0.8660254037844388,0,0,0,0,0,0,0,0,0,0,0,0,0,0,0,0,0,0,0,0,0,0,0,0,0,0,1,0,0,0,0,0,0
16927,2003,8,32.88297872,25.41914894,690.2340426,88.7173913,2.240425532,5.667391304,4.9,41964,650012.1,488627.9,22.5,91.46,6,1,-0.8660254037844385,-0.5000000000000004,0,0,0,0,0,0,0,0,0,0,0,0,0,0,0,0,0,0,0,0,0,0,0,0,0,0,1,0,0,0,0,0,0
16928,2003,9,33.89148936,25.44468085,452.5319149,87.06521739,1.5,4.845652174,5.2,41964,650012.1,488627.9,22.5,91.46,6,1,-1.0,-1.8369701987210297e-16,0,0,0,0,0,0,0,0,0,0,0,0,0,0,0,0,0,0,0,0,0,0,0,0,0,0,1,0,0,0,0,0,0
16938,2004,7,31.4,25.0,1353.0,87.0,0.4,5.6,4.2,41964,650012.1,488627.9,22.5,91.46,6,1,-0.4999999999999997,-0.8660254037844388,0,0,0,0,0,0,0,0,0,0,0,0,0,0,0,0,0,0,0,0,0,0,0,0,0,0,1,0,0,0,0,0,0
16940,2004,9,33.1,24.7,1826.0,85.0,1.1,2.3,5.6,41964,650012.1,488627.9,22.5,91.46,6,1,-1.0,-1.8369701987210297e-16,0,0,0,0,0,0,0,0,0,0,0,0,0,0,0,0,0,0,0,0,0,0,0,0,0,0,1,0,0,0,0,0,0
16941,2004,10,33.3,24.0,671.0,82.0,0.7,0.1,7.3,41964,650012.1,488627.9,22.5,91.46,6,1,-0.8660254037844386,0.5000000000000001,0,0,0,0,0,0,0,0,0,0,0,0,0,0,0,0,0,0,0,0,0,0,0,0,0,0,1,0,0,0,0,0,0
16949,2005,6,35.1,26.5,444.0,85.0,2.8,5.7,5.2,41964,650012.1,488627.9,22.5,91.46,6,1,1.2246467991473532e-16,-1.0,0,0,0,0,0,0,0,0,0,0,0,0,0,0,0,0,0,0,0,0,0,0,0,0,0,0,1,0,0,0,0,0,0
16950,2005,7,32.9,25.2,554.0,88.0,2.7,6.3,5.2,41964,650012.1,488627.9,22.5,91.46,6,1,-0.4999999999999997,-0.8660254037844388,0,0,0,0,0,0,0,0,0,0,0,0,0,0,0,0,0,0,0,0,0,0,0,0,0,0,1,0,0,0,0,0,0
16951,2005,8,32.7,24.9,782.0,90.0,2.2,7.1,3.2,41964,650012.1,488627.9,22.5,91.46,6,1,-0.8660254037844385,-0.5000000000000004,0,0,0,0,0,0,0,0,0,0,0,0,0,0,0,0,0,0,0,0,0,0,0,0,0,0,1,0,0,0,0,0,0
16952,2005,9,34.8,25.1,258.0,87.0,1.0,5.9,5.7,41964,650012.1,488627.9,22.5,91.46,6,1,-1.0,-1.8369701987210297e-16,0,0,0,0,0,0,0,0,0,0,0,0,0,0,0,0,0,0,0,0,0,0,0,0,0,0,1,0,0,0,0,0,0
16953,2005,10,35.8,24.7,462.0,87.0,1.0,4.4,6.5,41964,650012.1,488627.9,22.5,91.46,6,1,-0.8660254037844386,0.5000000000000001,0,0,0,0,0,0,0,0,0,0,0,0,0,0,0,0,0,0,0,0,0,0,0,0,0,0,1,0,0,0,0,0,0
16960,2006,5,37.2,24.7,873.0,83.0,2.3,4.7,6.4,41964,650012.1,488627.9,22.5,91.46,6,1,0.49999999999999994,-0.8660254037844387,0,0,0,0,0,0,0,0,0,0,0,0,0,0,0,0,0,0,0,0,0,0,0,0,0,0,1,0,0,0,0,0,0
16961,2006,6,34.5,25.1,507.0,87.0,2.4,6.3,4.8,41964,650012.1,488627.9,22.5,91.46,6,1,1.2246467991473532e-16,-1.0,0,0,0,0,0,0,0,0,0,0,0,0,0,0,0,0,0,0,0,0,0,0,0,0,0,0,1,0,0,0,0,0,0
16962,2006,7,34.3,23.9,650.0,89.0,2.0,6.4,4.4,41964,650012.1,488627.9,22.5,91.46,6,1,-0.4999999999999997,-0.8660254037844388,0,0,0,0,0,0,0,0,0,0,0,0,0,0,0,0,0,0,0,0,0,0,0,0,0,0,1,0,0,0,0,0,0
16964,2006,9,34.6,25.0,776.0,87.0,1.5,6.0,5.5,41964,650012.1,488627.9,22.5,91.46,6,1,-1.0,-1.8369701987210297e-16,0,0,0,0,0,0,0,0,0,0,0,0,0,0,0,0,0,0,0,0,0,0,0,0,0,0,1,0,0,0,0,0,0
16973,2007,6,35.1,25.4,806.0,87.0,1.4,5.6,5.1,41964,650012.1,488627.9,22.5,91.46,6,1,1.2246467991473532e-16,-1.0,0,0,0,0,0,0,0,0,0,0,0,0,0,0,0,0,0,0,0,0,0,0,0,0,0,0,1,0,0,0,0,0,0
16974,2007,7,33.3,25.3,827.0,90.0,1.4,6.6,3.5,41964,650012.1,488627.9,22.5,91.46,6,1,-0.4999999999999997,-0.8660254037844388,0,0,0,0,0,0,0,0,0,0,0,0,0,0,0,0,0,0,0,0,0,0,0,0,0,0,1,0,0,0,0,0,0
16975,2007,8,34.6,25.3,509.0,88.0,1.0,5.9,5.1,41964,650012.1,488627.9,22.5,91.46,6,1,-0.8660254037844385,-0.5000000000000004,0,0,0,0,0,0,0,0,0,0,0,0,0,0,0,0,0,0,0,0,0,0,0,0,0,0,1,0,0,0,0,0,0
16976,2007,9,34.2,25.0,631.0,89.0,1.1,6.4,4.1,41964,650012.1,488627.9,22.5,91.46,6,1,-1.0,-1.8369701987210297e-16,0,0,0,0,0,0,0,0,0,0,0,0,0,0,0,0,0,0,0,0,0,0,0,0,0,0,1,0,0,0,0,0,0
16977,2007,10,34.6,23.3,653.0,86.0,0.7,4.1,6.0,41964,650012.1,488627.9,22.5,91.46,6,1,-0.8660254037844386,0.5000000000000001,0,0,0,0,0,0,0,0,0,0,0,0,0,0,0,0,0,0,0,0,0,0,0,0,0,0,1,0,0,0,0,0,0
16985,2008,6,34.6,24.7,494.0,88.0,2.2,6.3,3.5,41964,650012.1,488627.9,22.5,91.46,6,1,1.2246467991473532e-16,-1.0,0,0,0,0,0,0,0,0,0,0,0,0,0,0,0,0,0,0,0,0,0,0,0,0,0,0,1,0,0,0,0,0,0
16986,2008,7,33.7,24.0,1414.0,91.0,2.2,6.7,3.6,41964,650012.1,488627.9,22.5,91.46,6,1,-0.4999999999999997,-0.8660254037844388,0,0,0,0,0,0,0,0,0,0,0,0,0,0,0,0,0,0,0,0,0,0,0,0,0,0,1,0,0,0,0,0,0
16987,2008,8,33.7,24.4,849.0,88.0,2.1,6.5,4.7,41964,650012.1,488627.9,22.5,91.46,6,1,-0.8660254037844385,-0.5000000000000004,0,0,0,0,0,0,0,0,0,0,0,0,0,0,0,0,0,0,0,0,0,0,0,0,0,0,1,0,0,0,0,0,0
16988,2008,9,35.2,24.6,486.0,86.0,1.4,5.6,5.7,41964,650012.1,488627.9,22.5,91.46,6,1,-1.0,-1.8369701987210297e-16,0,0,0,0,0,0,0,0,0,0,0,0,0,0,0,0,0,0,0,0,0,0,0,0,0,0,1,0,0,0,0,0,0
16996,2009,5,35.0,25.1,420.0,81.0,3.0,4.5,7.3,41964,650012.1,488627.9,22.5,91.46,6,1,0.49999999999999994,-0.8660254037844387,0,0,0,0,0,0,0,0,0,0,0,0,0,0,0,0,0,0,0,0,0,0,0,0,0,0,1,0,0,0,0,0,0
16998,2009,7,33.7,25.5,1320.0,90.0,3.3,6.5,3.4,41964,650012.1,488627.9,22.5,91.46,6,1,-0.4999999999999997,-0.8660254037844388,0,0,0,0,0,0,0,0,0,0,0,0,0,0,0,0,0,0,0,0,0,0,0,0,0,0,1,0,0,0,0,0,0
16999,2009,8,33.8,25.5,722.0,89.0,2.2,6.4,4.5,41964,650012.1,488627.9,22.5,91.46,6,1,-0.8660254037844385,-0.5000000000000004,0,0,0,0,0,0,0,0,0,0,0,0,0,0,0,0,0,0,0,0,0,0,0,0,0,0,1,0,0,0,0,0,0
17009,2010,6,33.8,25.6,949.0,86.0,2.4,6.4,3.7,41964,650012.1,488627.9,22.5,91.46,6,1,1.2246467991473532e-16,-1.0,0,0,0,0,0,0,0,0,0,0,0,0,0,0,0,0,0,0,0,0,0,0,0,0,0,0,1,0,0,0,0,0,0
17010,2010,7,33.6,26.0,759.0,84.0,2.3,6.0,5.3,41964,650012.1,488627.9,22.5,91.46,6,1,-0.4999999999999997,-0.8660254037844388,0,0,0,0,0,0,0,0,0,0,0,0,0,0,0,0,0,0,0,0,0,0,0,0,0,0,1,0,0,0,0,0,0
17011,2010,8,34.8,25.8,793.0,84.0,1.7,6.0,5.2,41964,650012.1,488627.9,22.5,91.46,6,1,-0.8660254037844385,-0.5000000000000004,0,0,0,0,0,0,0,0,0,0,0,0,0,0,0,0,0,0,0,0,0,0,0,0,0,0,1,0,0,0,0,0,0
17021,2011,6,34.9,25.9,661.0,88.0,2.2,5.8,4.6,41964,650012.1,488627.9,22.5,91.46,6,1,1.2246467991473532e-16,-1.0,0,0,0,0,0,0,0,0,0,0,0,0,0,0,0,0,0,0,0,0,0,0,0,0,0,0,1,0,0,0,0,0,0
17022,2011,7,33.9,25.7,734.0,86.0,2.1,5.9,3.6,41964,650012.1,488627.9,22.5,91.46,6,1,-0.4999999999999997,-0.8660254037844388,0,0,0,0,0,0,0,0,0,0,0,0,0,0,0,0,0,0,0,0,0,0,0,0,0,0,1,0,0,0,0,0,0
17023,2011,8,35.2,25.4,1124.0,89.0,2.1,6.1,5.0,41964,650012.1,488627.9,22.5,91.46,6,1,-0.8660254037844385,-0.5000000000000004,0,0,0,0,0,0,0,0,0,0,0,0,0,0,0,0,0,0,0,0,0,0,0,0,0,0,1,0,0,0,0,0,0
17024,2011,9,35.2,25.6,823.0,88.0,1.9,5.3,7.3,41964,650012.1,488627.9,22.5,91.46,6,1,-1.0,-1.8369701987210297e-16,0,0,0,0,0,0,0,0,0,0,0,0,0,0,0,0,0,0,0,0,0,0,0,0,0,0,1,0,0,0,0,0,0
17033,2012,6,35.2,26.0,753.0,87.0,2.6,6.1,3.0,41964,650012.1,488627.9,22.5,91.46,6,1,1.2246467991473532e-16,-1.0,0,0,0,0,0,0,0,0,0,0,0,0,0,0,0,0,0,0,0,0,0,0,0,0,0,0,1,0,0,0,0,0,0
17034,2012,7,33.9,25.6,1399.0,89.0,2.7,6.4,2.5,41964,650012.1,488627.9,22.5,91.46,6,1,-0.4999999999999997,-0.8660254037844388,0,0,0,0,0,0,0,0,0,0,0,0,0,0,0,0,0,0,0,0,0,0,0,0,0,0,1,0,0,0,0,0,0
17035,2012,8,34.2,25.7,889.0,87.0,2.1,5.9,5.4,41964,650012.1,488627.9,22.5,91.46,6,1,-0.8660254037844385,-0.5000000000000004,0,0,0,0,0,0,0,0,0,0,0,0,0,0,0,0,0,0,0,0,0,0,0,0,0,0,1,0,0,0,0,0,0
17044,2013,5,33.5,24.6,570.0,86.0,2.7,5.7,3.0,41964,650012.1,488627.9,22.5,91.46,6,1,0.49999999999999994,-0.8660254037844387,0,0,0,0,0,0,0,0,0,0,0,0,0,0,0,0,0,0,0,0,0,0,0,0,0,0,1,0,0,0,0,0,0
17045,2013,6,36.1,26.2,560.0,84.0,2.0,5.4,6.3,41964,650012.1,488627.9,22.5,91.46,6,1,1.2246467991473532e-16,-1.0,0,0,0,0,0,0,0,0,0,0,0,0,0,0,0,0,0,0,0,0,0,0,0,0,0,0,1,0,0,0,0,0,0
17046,2013,7,33.9,25.9,441.0,86.0,2.1,5.6,4.9,41964,650012.1,488627.9,22.5,91.46,6,1,-0.4999999999999997,-0.8660254037844388,0,0,0,0,0,0,0,0,0,0,0,0,0,0,0,0,0,0,0,0,0,0,0,0,0,0,1,0,0,0,0,0,0
17047,2013,8,33.3,25.5,746.0,88.0,1.7,6.1,3.3,41964,650012.1,488627.9,22.5,91.46,6,1,-0.8660254037844385,-0.5000000000000004,0,0,0,0,0,0,0,0,0,0,0,0,0,0,0,0,0,0,0,0,0,0,0,0,0,0,1,0,0,0,0,0,0
17048,2013,9,35.6,25.5,573.0,88.0,1.3,5.3,4.1,41964,650012.1,488627.9,22.5,91.46,6,1,-1.0,-1.8369701987210297e-16,0,0,0,0,0,0,0,0,0,0,0,0,0,0,0,0,0,0,0,0,0,0,0,0,0,0,1,0,0,0,0,0,0
17058,1948,7,34.0,25.9,363.0,89.0,1.514814815,7.0,3.93,41946,404211.7,508367.2,22.68,89.07,6,1,-0.4999999999999997,-0.8660254037844388,0,0,0,0,0,0,0,0,0,0,0,0,0,0,0,0,0,0,0,0,0,0,0,0,0,0,0,1,0,0,0,0,0
17059,1948,8,33.2,26.0,384.0,89.0,1.364814815,7.1,4.373333333,41946,404211.7,508367.2,22.68,89.07,6,1,-0.8660254037844385,-0.5000000000000004,0,0,0,0,0,0,0,0,0,0,0,0,0,0,0,0,0,0,0,0,0,0,0,0,0,0,0,1,0,0,0,0,0
17061,1948,10,33.2,23.7,308.0,83.0,0.864814815,4.6,6.62,41946,404211.7,508367.2,22.68,89.07,6,1,-0.8660254037844386,0.5000000000000001,0,0,0,0,0,0,0,0,0,0,0,0,0,0,0,0,0,0,0,0,0,0,0,0,0,0,0,1,0,0,0,0,0
17068,1949,5,37.0,25.4,368.0,82.0,1.925925926,5.2,7.856666667,41946,404211.7,508367.2,22.68,89.07,6,1,0.49999999999999994,-0.8660254037844387,0,0,0,0,0,0,0,0,0,0,0,0,0,0,0,0,0,0,0,0,0,0,0,0,0,0,0,1,0,0,0,0,0
17069,1949,6,36.9,25.2,384.0,88.0,1.701851852,5.6,4.386666667,41946,404211.7,508367.2,22.68,89.07,6,1,1.2246467991473532e-16,-1.0,0,0,0,0,0,0,0,0,0,0,0,0,0,0,0,0,0,0,0,0,0,0,0,0,0,0,0,1,0,0,0,0,0
17071,1949,8,33.5,25.5,419.0,89.0,1.364814815,6.5,4.373333333,41946,404211.7,508367.2,22.68,89.07,6,1,-0.8660254037844385,-0.5000000000000004,0,0,0,0,0,0,0,0,0,0,0,0,0,0,0,0,0,0,0,0,0,0,0,0,0,0,0,1,0,0,0,0,0
17081,1950,6,37.2,25.6,599.0,89.0,1.701851852,6.6,4.386666667,41946,404211.7,508367.2,22.68,89.07,6,1,1.2246467991473532e-16,-1.0,0,0,0,0,0,0,0,0,0,0,0,0,0,0,0,0,0,0,0,0,0,0,0,0,0,0,0,1,0,0,0,0,0
17083,1950,8,32.9,25.6,311.0,91.0,1.364814815,6.8,4.373333333,41946,404211.7,508367.2,22.68,89.07,6,1,-0.8660254037844385,-0.5000000000000004,0,0,0,0,0,0,0,0,0,0,0,0,0,0,0,0,0,0,0,0,0,0,0,0,0,0,0,1,0,0,0,0,0
17094,1951,7,34.5,25.6,316.0,87.0,1.514814815,7.1,3.93,41946,404211.7,508367.2,22.68,89.07,6,1,-0.4999999999999997,-0.8660254037844388,0,0,0,0,0,0,0,0,0,0,0,0,0,0,0,0,0,0,0,0,0,0,0,0,0,0,0,1,0,0,0,0,0
17106,1952,7,33.8,25.8,522.0,90.0,1.514814815,7.2,3.93,41946,404211.7,508367.2,22.68,89.07,6,1,-0.4999999999999997,-0.8660254037844388,0,0,0,0,0,0,0,0,0,0,0,0,0,0,0,0,0,0,0,0,0,0,0,0,0,0,0,1,0,0,0,0,0
17117,1953,6,36.7,25.6,505.0,86.0,1.701851852,6.9,4.386666667,41946,404211.7,508367.2,22.68,89.07,6,1,1.2246467991473532e-16,-1.0,0,0,0,0,0,0,0,0,0,0,0,0,0,0,0,0,0,0,0,0,0,0,0,0,0,0,0,1,0,0,0,0,0
17118,1953,7,34.1,26.1,368.0,88.0,1.514814815,6.8,3.93,41946,404211.7,508367.2,22.68,89.07,6,1,-0.4999999999999997,-0.8660254037844388,0,0,0,0,0,0,0,0,0,0,0,0,0,0,0,0,0,0,0,0,0,0,0,0,0,0,0,1,0,0,0,0,0
17120,1953,9,33.7,25.7,346.0,87.0,1.140740741,6.8,4.913333333,41946,404211.7,508367.2,22.68,89.07,6,1,-1.0,-1.8369701987210297e-16,0,0,0,0,0,0,0,0,0,0,0,0,0,0,0,0,0,0,0,0,0,0,0,0,0,0,0,1,0,0,0,0,0
17130,1954,7,33.8,26.2,391.0,85.0,1.514814815,6.7,3.93,41946,404211.7,508367.2,22.68,89.07,6,1,-0.4999999999999997,-0.8660254037844388,0,0,0,0,0,0,0,0,0,0,0,0,0,0,0,0,0,0,0,0,0,0,0,0,0,0,0,1,0,0,0,0,0
17142,1955,7,32.5,25.9,334.0,86.0,1.514814815,5.9,3.93,41946,404211.7,508367.2,22.68,89.07,6,1,-0.4999999999999997,-0.8660254037844388,0,0,0,0,0,0,0,0,0,0,0,0,0,0,0,0,0,0,0,0,0,0,0,0,0,0,0,1,0,0,0,0,0
17153,1956,6,32.6,25.0,490.0,87.0,1.701851852,3.6,4.386666667,41946,404211.7,508367.2,22.68,89.07,6,1,1.2246467991473532e-16,-1.0,0,0,0,0,0,0,0,0,0,0,0,0,0,0,0,0,0,0,0,0,0,0,0,0,0,0,0,1,0,0,0,0,0
17178,1958,7,34.7,26.1,320.0,89.0,1.514814815,1.9,3.93,41946,404211.7,508367.2,22.68,89.07,6,1,-0.4999999999999997,-0.8660254037844388,0,0,0,0,0,0,0,0,0,0,0,0,0,0,0,0,0,0,0,0,0,0,0,0,0,0,0,1,0,0,0,0,0
17190,1959,7,34.5,26.1,407.0,88.0,1.514814815,2.5,3.93,41946,404211.7,508367.2,22.68,89.07,6,1,-0.4999999999999997,-0.8660254037844388,0,0,0,0,0,0,0,0,0,0,0,0,0,0,0,0,0,0,0,0,0,0,0,0,0,0,0,1,0,0,0,0,0
17191,1959,8,33.4,25.9,430.0,88.0,1.364814815,2.0,4.373333333,41946,404211.7,508367.2,22.68,89.07,6,1,-0.8660254037844385,-0.5000000000000004,0,0,0,0,0,0,0,0,0,0,0,0,0,0,0,0,0,0,0,0,0,0,0,0,0,0,0,1,0,0,0,0,0
17192,1959,9,33.6,25.6,399.0,90.0,1.140740741,2.3,4.913333333,41946,404211.7,508367.2,22.68,89.07,6,1,-1.0,-1.8369701987210297e-16,0,0,0,0,0,0,0,0,0,0,0,0,0,0,0,0,0,0,0,0,0,0,0,0,0,0,0,1,0,0,0,0,0
17193,1959,10,32.7,24.1,373.0,88.0,0.864814815,2.5,6.62,41946,404211.7,508367.2,22.68,89.07,6,1,-0.8660254037844386,0.5000000000000001,0,0,0,0,0,0,0,0,0,0,0,0,0,0,0,0,0,0,0,0,0,0,0,0,0,0,0,1,0,0,0,0,0
17200,1960,5,37.7,26.5,481.0,75.0,1.0,4.0,7.856666667,41946,404211.7,508367.2,22.68,89.07,6,1,0.49999999999999994,-0.8660254037844387,0,0,0,0,0,0,0,0,0,0,0,0,0,0,0,0,0,0,0,0,0,0,0,0,0,0,0,1,0,0,0,0,0
17202,1960,7,33.4,25.8,670.0,87.0,0.7,6.8,3.93,41946,404211.7,508367.2,22.68,89.07,6,1,-0.4999999999999997,-0.8660254037844388,0,0,0,0,0,0,0,0,0,0,0,0,0,0,0,0,0,0,0,0,0,0,0,0,0,0,0,1,0,0,0,0,0
17203,1960,8,36.0,26.5,383.0,89.0,0.3,6.8,4.373333333,41946,404211.7,508367.2,22.68,89.07,6,1,-0.8660254037844385,-0.5000000000000004,0,0,0,0,0,0,0,0,0,0,0,0,0,0,0,0,0,0,0,0,0,0,0,0,0,0,0,1,0,0,0,0,0
17213,1961,6,36.0,26.1,393.0,85.0,0.3,6.7,4.386666667,41946,404211.7,508367.2,22.68,89.07,6,1,1.2246467991473532e-16,-1.0,0,0,0,0,0,0,0,0,0,0,0,0,0,0,0,0,0,0,0,0,0,0,0,0,0,0,0,1,0,0,0,0,0
17225,1962,6,37.4,25.7,330.0,87.0,0.4,6.6,4.386666667,41946,404211.7,508367.2,22.68,89.07,6,1,1.2246467991473532e-16,-1.0,0,0,0,0,0,0,0,0,0,0,0,0,0,0,0,0,0,0,0,0,0,0,0,0,0,0,0,1,0,0,0,0,0
17227,1962,8,33.4,25.8,327.0,88.0,0.2,6.2,4.373333333,41946,404211.7,508367.2,22.68,89.07,6,1,-0.8660254037844385,-0.5000000000000004,0,0,0,0,0,0,0,0,0,0,0,0,0,0,0,0,0,0,0,0,0,0,0,0,0,0,0,1,0,0,0,0,0
17237,1963,6,37.3,25.9,506.0,84.0,0.8,6.2,4.386666667,41946,404211.7,508367.2,22.68,89.07,6,1,1.2246467991473532e-16,-1.0,0,0,0,0,0,0,0,0,0,0,0,0,0,0,0,0,0,0,0,0,0,0,0,0,0,0,0,1,0,0,0,0,0
17238,1963,7,36.3,26.3,394.0,87.0,0.5,6.6,3.93,41946,404211.7,508367.2,22.68,89.07,6,1,-0.4999999999999997,-0.8660254037844388,0,0,0,0,0,0,0,0,0,0,0,0,0,0,0,0,0,0,0,0,0,0,0,0,0,0,0,1,0,0,0,0,0
17240,1963,9,35.5,25.8,433.0,87.0,0.4,6.6,4.913333333,41946,404211.7,508367.2,22.68,89.07,6,1,-1.0,-1.8369701987210297e-16,0,0,0,0,0,0,0,0,0,0,0,0,0,0,0,0,0,0,0,0,0,0,0,0,0,0,0,1,0,0,0,0,0
17241,1963,10,36.7,24.3,378.0,84.0,0.2,5.1,6.62,41946,404211.7,508367.2,22.68,89.07,6,1,-0.8660254037844386,0.5000000000000001,0,0,0,0,0,0,0,0,0,0,0,0,0,0,0,0,0,0,0,0,0,0,0,0,0,0,0,1,0,0,0,0,0
17250,1964,7,33.2,25.4,337.0,87.0,0.8,6.3,3.93,41946,404211.7,508367.2,22.68,89.07,6,1,-0.4999999999999997,-0.8660254037844388,0,0,0,0,0,0,0,0,0,0,0,0,0,0,0,0,0,0,0,0,0,0,0,0,0,0,0,1,0,0,0,0,0
17261,1965,6,37.1,25.8,506.0,82.0,2.1,7.3,4.386666667,41946,404211.7,508367.2,22.68,89.07,6,1,1.2246467991473532e-16,-1.0,0,0,0,0,0,0,0,0,0,0,0,0,0,0,0,0,0,0,0,0,0,0,0,0,0,0,0,1,0,0,0,0,0
17263,1965,8,34.1,25.2,531.0,87.0,1.3,7.3,4.373333333,41946,404211.7,508367.2,22.68,89.07,6,1,-0.8660254037844385,-0.5000000000000004,0,0,0,0,0,0,0,0,0,0,0,0,0,0,0,0,0,0,0,0,0,0,0,0,0,0,0,1,0,0,0,0,0
17264,1965,9,34.1,25.6,422.0,88.0,1.1,5.9,4.913333333,41946,404211.7,508367.2,22.68,89.07,6,1,-1.0,-1.8369701987210297e-16,0,0,0,0,0,0,0,0,0,0,0,0,0,0,0,0,0,0,0,0,0,0,0,0,0,0,0,1,0,0,0,0,0
17286,1967,7,32.5,25.9,334.0,86.0,1.6,5.9,3.93,41946,404211.7,508367.2,22.68,89.07,6,1,-0.4999999999999997,-0.8660254037844388,0,0,0,0,0,0,0,0,0,0,0,0,0,0,0,0,0,0,0,0,0,0,0,0,0,0,0,1,0,0,0,0,0
17298,1968,7,32.5,25.9,334.0,86.0,1.6,0.0,3.93,41946,404211.7,508367.2,22.68,89.07,6,1,-0.4999999999999997,-0.8660254037844388,0,0,0,0,0,0,0,0,0,0,0,0,0,0,0,0,0,0,0,0,0,0,0,0,0,0,0,1,0,0,0,0,0
17311,1969,8,34.4,25.1,578.0,93.0,0.6,6.2,4.373333333,41946,404211.7,508367.2,22.68,89.07,6,1,-0.8660254037844385,-0.5000000000000004,0,0,0,0,0,0,0,0,0,0,0,0,0,0,0,0,0,0,0,0,0,0,0,0,0,0,0,1,0,0,0,0,0
17312,1969,9,35.0,25.5,550.0,90.0,0.6,5.1,4.913333333,41946,404211.7,508367.2,22.68,89.07,6,1,-1.0,-1.8369701987210297e-16,0,0,0,0,0,0,0,0,0,0,0,0,0,0,0,0,0,0,0,0,0,0,0,0,0,0,0,1,0,0,0,0,0
17322,1970,7,34.4,24.1,356.0,91.0,1.2,5.1,3.93,41946,404211.7,508367.2,22.68,89.07,6,1,-0.4999999999999997,-0.8660254037844388,0,0,0,0,0,0,0,0,0,0,0,0,0,0,0,0,0,0,0,0,0,0,0,0,0,0,0,1,0,0,0,0,0
17324,1970,9,33.9,25.7,377.0,89.0,1.2,5.3,4.913333333,41946,404211.7,508367.2,22.68,89.07,6,1,-1.0,-1.8369701987210297e-16,0,0,0,0,0,0,0,0,0,0,0,0,0,0,0,0,0,0,0,0,0,0,0,0,0,0,0,1,0,0,0,0,0
17333,1971,6,35.0,25.4,401.0,82.0,2.2,5.4,4.386666667,41946,404211.7,508367.2,22.68,89.07,6,1,1.2246467991473532e-16,-1.0,0,0,0,0,0,0,0,0,0,0,0,0,0,0,0,0,0,0,0,0,0,0,0,0,0,0,0,1,0,0,0,0,0
17334,1971,7,34.4,25.5,598.0,86.0,1.7,5.9,3.93,41946,404211.7,508367.2,22.68,89.07,6,1,-0.4999999999999997,-0.8660254037844388,0,0,0,0,0,0,0,0,0,0,0,0,0,0,0,0,0,0,0,0,0,0,0,0,0,0,0,1,0,0,0,0,0
17346,1972,7,32.5,25.9,320.0,86.0,1.6,5.7,3.93,41946,404211.7,508367.2,22.68,89.07,6,1,-0.4999999999999997,-0.8660254037844388,0,0,0,0,0,0,0,0,0,0,0,0,0,0,0,0,0,0,0,0,0,0,0,0,0,0,0,1,0,0,0,0,0
17359,1973,8,33.5,25.6,320.0,85.0,0.9,5.8,4.373333333,41946,404211.7,508367.2,22.68,89.07,6,1,-0.8660254037844385,-0.5000000000000004,0,0,0,0,0,0,0,0,0,0,0,0,0,0,0,0,0,0,0,0,0,0,0,0,0,0,0,1,0,0,0,0,0
17370,1974,7,33.5,25.3,528.0,87.0,1.1,6.7,3.93,41946,404211.7,508367.2,22.68,89.07,6,1,-0.4999999999999997,-0.8660254037844388,0,0,0,0,0,0,0,0,0,0,0,0,0,0,0,0,0,0,0,0,0,0,0,0,0,0,0,1,0,0,0,0,0
17372,1974,9,35.1,24.8,348.0,85.0,0.6,5.4,4.913333333,41946,404211.7,508367.2,22.68,89.07,6,1,-1.0,-1.8369701987210297e-16,0,0,0,0,0,0,0,0,0,0,0,0,0,0,0,0,0,0,0,0,0,0,0,0,0,0,0,1,0,0,0,0,0
17382,1975,7,33.4,25.3,692.0,86.0,1.0,6.4,3.93,41946,404211.7,508367.2,22.68,89.07,6,1,-0.4999999999999997,-0.8660254037844388,0,0,0,0,0,0,0,0,0,0,0,0,0,0,0,0,0,0,0,0,0,0,0,0,0,0,0,1,0,0,0,0,0
17394,1976,7,33.9,25.6,418.0,85.0,1.1,5.3,3.93,41946,404211.7,508367.2,22.68,89.07,6,1,-0.4999999999999997,-0.8660254037844388,0,0,0,0,0,0,0,0,0,0,0,0,0,0,0,0,0,0,0,0,0,0,0,0,0,0,0,1,0,0,0,0,0
17405,1977,6,36.3,25.7,485.0,85.0,1.0,5.8,4.386666667,41946,404211.7,508367.2,22.68,89.07,6,1,1.2246467991473532e-16,-1.0,0,0,0,0,0,0,0,0,0,0,0,0,0,0,0,0,0,0,0,0,0,0,0,0,0,0,0,1,0,0,0,0,0
17406,1977,7,35.5,26.1,621.0,87.0,1.0,6.0,3.93,41946,404211.7,508367.2,22.68,89.07,6,1,-0.4999999999999997,-0.8660254037844388,0,0,0,0,0,0,0,0,0,0,0,0,0,0,0,0,0,0,0,0,0,0,0,0,0,0,0,1,0,0,0,0,0
17420,1978,9,34.9,26.0,728.0,86.0,0.9,5.9,4.913333333,41946,404211.7,508367.2,22.68,89.07,6,1,-1.0,-1.8369701987210297e-16,0,0,0,0,0,0,0,0,0,0,0,0,0,0,0,0,0,0,0,0,0,0,0,0,0,0,0,1,0,0,0,0,0
17431,1979,8,34.4,26.5,319.0,84.0,1.2,6.0,4.373333333,41946,404211.7,508367.2,22.68,89.07,6,1,-0.8660254037844385,-0.5000000000000004,0,0,0,0,0,0,0,0,0,0,0,0,0,0,0,0,0,0,0,0,0,0,0,0,0,0,0,1,0,0,0,0,0
17454,1981,7,33.0,26.2,570.0,87.0,2.1,6.7,3.93,41946,404211.7,508367.2,22.68,89.07,6,1,-0.4999999999999997,-0.8660254037844388,0,0,0,0,0,0,0,0,0,0,0,0,0,0,0,0,0,0,0,0,0,0,0,0,0,0,0,1,0,0,0,0,0
17467,1982,8,39.4,25.8,387.0,86.0,2.7,6.4,4.373333333,41946,404211.7,508367.2,22.68,89.07,6,1,-0.8660254037844385,-0.5000000000000004,0,0,0,0,0,0,0,0,0,0,0,0,0,0,0,0,0,0,0,0,0,0,0,0,0,0,0,1,0,0,0,0,0
17479,1983,8,32.9,25.7,423.0,87.0,3.4,6.1,4.373333333,41946,404211.7,508367.2,22.68,89.07,6,1,-0.8660254037844385,-0.5000000000000004,0,0,0,0,0,0,0,0,0,0,0,0,0,0,0,0,0,0,0,0,0,0,0,0,0,0,0,1,0,0,0,0,0
17489,1984,6,39.0,25.7,656.0,84.0,5.0,6.9,3.5,41946,404211.7,508367.2,22.68,89.07,6,1,1.2246467991473532e-16,-1.0,0,0,0,0,0,0,0,0,0,0,0,0,0,0,0,0,0,0,0,0,0,0,0,0,0,0,0,1,0,0,0,0,0
17491,1984,8,35.4,25.8,351.0,85.0,4.1,6.6,3.7,41946,404211.7,508367.2,22.68,89.07,6,1,-0.8660254037844385,-0.5000000000000004,0,0,0,0,0,0,0,0,0,0,0,0,0,0,0,0,0,0,0,0,0,0,0,0,0,0,0,1,0,0,0,0,0
17516,1986,9,36.3,25.4,485.0,85.0,2.7,5.8,4.5,41946,404211.7,508367.2,22.68,89.07,6,1,-1.0,-1.8369701987210297e-16,0,0,0,0,0,0,0,0,0,0,0,0,0,0,0,0,0,0,0,0,0,0,0,0,0,0,0,1,0,0,0,0,0
17527,1987,8,37.0,26.2,475.0,83.0,3.2,6.1,4.3,41946,404211.7,508367.2,22.68,89.07,6,1,-0.8660254037844385,-0.5000000000000004,0,0,0,0,0,0,0,0,0,0,0,0,0,0,0,0,0,0,0,0,0,0,0,0,0,0,0,1,0,0,0,0,0
17537,1988,6,38.0,26.2,688.0,81.0,2.6,6.1,4.1,41946,404211.7,508367.2,22.68,89.07,6,1,1.2246467991473532e-16,-1.0,0,0,0,0,0,0,0,0,0,0,0,0,0,0,0,0,0,0,0,0,0,0,0,0,0,0,0,1,0,0,0,0,0
17562,1990,7,33.9,26.2,458.0,87.0,2.0,6.2,3.2,41946,404211.7,508367.2,22.68,89.07,6,1,-0.4999999999999997,-0.8660254037844388,0,0,0,0,0,0,0,0,0,0,0,0,0,0,0,0,0,0,0,0,0,0,0,0,0,0,0,1,0,0,0,0,0
17573,1991,6,36.3,26.2,518.0,85.0,2.4,6.1,2.1,41946,404211.7,508367.2,22.68,89.07,6,1,1.2246467991473532e-16,-1.0,0,0,0,0,0,0,0,0,0,0,0,0,0,0,0,0,0,0,0,0,0,0,0,0,0,0,0,1,0,0,0,0,0
17586,1992,7,35.4,25.8,407.0,85.0,1.8,6.1,3.0,41946,404211.7,508367.2,22.68,89.07,6,1,-0.4999999999999997,-0.8660254037844388,0,0,0,0,0,0,0,0,0,0,0,0,0,0,0,0,0,0,0,0,0,0,0,0,0,0,0,1,0,0,0,0,0
17600,1993,9,35.5,25.5,430.0,88.0,1.1,5.6,4.1,41946,404211.7,508367.2,22.68,89.07,6,1,-1.0,-1.8369701987210297e-16,0,0,0,0,0,0,0,0,0,0,0,0,0,0,0,0,0,0,0,0,0,0,0,0,0,0,0,1,0,0,0,0,0
17610,1994,7,35.0,26.4,426.0,84.0,1.2,6.0,3.8,41946,404211.7,508367.2,22.68,89.07,6,1,-0.4999999999999997,-0.8660254037844388,0,0,0,0,0,0,0,0,0,0,0,0,0,0,0,0,0,0,0,0,0,0,0,0,0,0,0,1,0,0,0,0,0
17622,1995,7,35.0,26.0,434.0,86.0,1.1,6.0,3.5,41946,404211.7,508367.2,22.68,89.07,6,1,-0.4999999999999997,-0.8660254037844388,0,0,0,0,0,0,0,0,0,0,0,0,0,0,0,0,0,0,0,0,0,0,0,0,0,0,0,1,0,0,0,0,0
17624,1995,9,35.0,25.4,336.0,86.0,0.8,5.4,4.2,41946,404211.7,508367.2,22.68,89.07,6,1,-1.0,-1.8369701987210297e-16,0,0,0,0,0,0,0,0,0,0,0,0,0,0,0,0,0,0,0,0,0,0,0,0,0,0,0,1,0,0,0,0,0
17646,1997,7,35.6,26.0,447.0,88.0,1.1,6.6,3.9,41946,404211.7,508367.2,22.68,89.07,6,1,-0.4999999999999997,-0.8660254037844388,0,0,0,0,0,0,0,0,0,0,0,0,0,0,0,0,0,0,0,0,0,0,0,0,0,0,0,1,0,0,0,0,0
17647,1997,8,35.8,26.0,422.0,88.0,1.1,6.2,4.4,41946,404211.7,508367.2,22.68,89.07,6,1,-0.8660254037844385,-0.5000000000000004,0,0,0,0,0,0,0,0,0,0,0,0,0,0,0,0,0,0,0,0,0,0,0,0,0,0,0,1,0,0,0,0,0
17672,1999,9,34.4,24.2,361.0,88.0,0.6,5.9,3.8,41946,404211.7,508367.2,22.68,89.07,6,1,-1.0,-1.8369701987210297e-16,0,0,0,0,0,0,0,0,0,0,0,0,0,0,0,0,0,0,0,0,0,0,0,0,0,0,0,1,0,0,0,0,0
17682,2000,7,36.0,26.1,403.0,84.0,0.8,5.9,4.7,41946,404211.7,508367.2,22.68,89.07,6,1,-0.4999999999999997,-0.8660254037844388,0,0,0,0,0,0,0,0,0,0,0,0,0,0,0,0,0,0,0,0,0,0,0,0,0,0,0,1,0,0,0,0,0
17684,2000,9,34.9,25.5,486.0,86.0,0.6,4.7,5.6,41946,404211.7,508367.2,22.68,89.07,6,1,-1.0,-1.8369701987210297e-16,0,0,0,0,0,0,0,0,0,0,0,0,0,0,0,0,0,0,0,0,0,0,0,0,0,0,0,1,0,0,0,0,0
17693,2001,6,34.7,26.0,411.0,87.0,0.8,6.0,3.0,41946,404211.7,508367.2,22.68,89.07,6,1,1.2246467991473532e-16,-1.0,0,0,0,0,0,0,0,0,0,0,0,0,0,0,0,0,0,0,0,0,0,0,0,0,0,0,0,1,0,0,0,0,0
17705,2002,6,36.5,26.2,536.0,85.0,0.8,5.5,5.2,41946,404211.7,508367.2,22.68,89.07,6,1,1.2246467991473532e-16,-1.0,0,0,0,0,0,0,0,0,0,0,0,0,0,0,0,0,0,0,0,0,0,0,0,0,0,0,0,1,0,0,0,0,0
17706,2002,7,37.1,27.2,434.0,83.0,0.7,6.0,3.4,41946,404211.7,508367.2,22.68,89.07,6,1,-0.4999999999999997,-0.8660254037844388,0,0,0,0,0,0,0,0,0,0,0,0,0,0,0,0,0,0,0,0,0,0,0,0,0,0,0,1,0,0,0,0,0
17721,2003,10,34.4,24.9,420.0,88.0,0.2,4.3,4.6,41946,404211.7,508367.2,22.68,89.07,6,1,-0.8660254037844386,0.5000000000000001,0,0,0,0,0,0,0,0,0,0,0,0,0,0,0,0,0,0,0,0,0,0,0,0,0,0,0,1,0,0,0,0,0
17729,2004,6,36.4,26.1,382.0,83.0,0.4,4.8,4.4,41946,404211.7,508367.2,22.68,89.07,6,1,1.2246467991473532e-16,-1.0,0,0,0,0,0,0,0,0,0,0,0,0,0,0,0,0,0,0,0,0,0,0,0,0,0,0,0,1,0,0,0,0,0
17731,2004,8,34.0,26.5,435.0,87.0,0.3,5.2,4.4,41946,404211.7,508367.2,22.68,89.07,6,1,-0.8660254037844385,-0.5000000000000004,0,0,0,0,0,0,0,0,0,0,0,0,0,0,0,0,0,0,0,0,0,0,0,0,0,0,0,1,0,0,0,0,0
17732,2004,9,34.6,26.0,398.0,86.0,0.7,5.3,4.1,41946,404211.7,508367.2,22.68,89.07,6,1,-1.0,-1.8369701987210297e-16,0,0,0,0,0,0,0,0,0,0,0,0,0,0,0,0,0,0,0,0,0,0,0,0,0,0,0,1,0,0,0,0,0
17742,2005,7,34.4,26.4,497.0,86.0,0.8,5.8,4.7,41946,404211.7,508367.2,22.68,89.07,6,1,-0.4999999999999997,-0.8660254037844388,0,0,0,0,0,0,0,0,0,0,0,0,0,0,0,0,0,0,0,0,0,0,0,0,0,0,0,1,0,0,0,0,0
17745,2005,10,34.0,24.2,484.0,88.0,0.3,4.7,4.9,41946,404211.7,508367.2,22.68,89.07,6,1,-0.8660254037844386,0.5000000000000001,0,0,0,0,0,0,0,0,0,0,0,0,0,0,0,0,0,0,0,0,0,0,0,0,0,0,0,1,0,0,0,0,0
17754,2006,7,34.2,26.2,548.0,88.0,0.6,6.4,3.7,41946,404211.7,508367.2,22.68,89.07,6,1,-0.4999999999999997,-0.8660254037844388,0,0,0,0,0,0,0,0,0,0,0,0,0,0,0,0,0,0,0,0,0,0,0,0,0,0,0,1,0,0,0,0,0
17756,2006,9,34.5,26.2,403.0,86.0,0.4,5.7,5.8,41946,404211.7,508367.2,22.68,89.07,6,1,-1.0,-1.8369701987210297e-16,0,0,0,0,0,0,0,0,0,0,0,0,0,0,0,0,0,0,0,0,0,0,0,0,0,0,0,1,0,0,0,0,0
17766,2007,7,34.6,26.5,466.0,87.0,0.9,6.3,3.5,41946,404211.7,508367.2,22.68,89.07,6,1,-0.4999999999999997,-0.8660254037844388,0,0,0,0,0,0,0,0,0,0,0,0,0,0,0,0,0,0,0,0,0,0,0,0,0,0,0,1,0,0,0,0,0
17768,2007,9,35.5,26.0,459.0,87.0,0.7,5.9,4.2,41946,404211.7,508367.2,22.68,89.07,6,1,-1.0,-1.8369701987210297e-16,0,0,0,0,0,0,0,0,0,0,0,0,0,0,0,0,0,0,0,0,0,0,0,0,0,0,0,1,0,0,0,0,0
17791,2009,8,35.5,25.5,512.0,87.0,1.2,6.0,3.2,41946,404211.7,508367.2,22.68,89.07,6,1,-0.8660254037844385,-0.5000000000000004,0,0,0,0,0,0,0,0,0,0,0,0,0,0,0,0,0,0,0,0,0,0,0,0,0,0,0,1,0,0,0,0,0
17813,2011,6,37.0,26.8,450.0,83.0,1.8,5.7,4.0,41946,404211.7,508367.2,22.68,89.07,6,1,1.2246467991473532e-16,-1.0,0,0,0,0,0,0,0,0,0,0,0,0,0,0,0,0,0,0,0,0,0,0,0,0,0,0,0,1,0,0,0,0,0
17814,2011,7,35.0,26.7,428.0,83.0,1.6,5.1,5.3,41946,404211.7,508367.2,22.68,89.07,6,1,-0.4999999999999997,-0.8660254037844388,0,0,0,0,0,0,0,0,0,0,0,0,0,0,0,0,0,0,0,0,0,0,0,0,0,0,0,1,0,0,0,0,0
17815,2011,8,35.5,26.4,638.0,87.0,1.7,5.8,3.6,41946,404211.7,508367.2,22.68,89.07,6,1,-0.8660254037844385,-0.5000000000000004,0,0,0,0,0,0,0,0,0,0,0,0,0,0,0,0,0,0,0,0,0,0,0,0,0,0,0,1,0,0,0,0,0
17836,2013,5,37.2,25.4,310.0,81.0,2.8,5.5,5.1,41946,404211.7,508367.2,22.68,89.07,6,1,0.49999999999999994,-0.8660254037844387,0,0,0,0,0,0,0,0,0,0,0,0,0,0,0,0,0,0,0,0,0,0,0,0,0,0,0,1,0,0,0,0,0
17849,1977,6,34.4,24.8,770.0,84.86111111,3.4,6.1,4.7,41965,668856.2,504500.3,22.64,91.64,4,1,1.2246467991473532e-16,-1.0,0,0,0,0,0,0,0,0,0,0,0,0,0,0,0,0,0,0,0,0,0,0,0,0,0,0,0,0,1,0,0,0,0
17850,1977,7,32.3,25.1,995.0,87.02777778,3.5,6.6,3.7,41965,668856.2,504500.3,22.64,91.64,4,1,-0.4999999999999997,-0.8660254037844388,0,0,0,0,0,0,0,0,0,0,0,0,0,0,0,0,0,0,0,0,0,0,0,0,0,0,0,0,1,0,0,0,0
17851,1977,8,32.3,25.3,495.0,85.97222222,2.9,6.3,4.5,41965,668856.2,504500.3,22.64,91.64,4,1,-0.8660254037844385,-0.5000000000000004,0,0,0,0,0,0,0,0,0,0,0,0,0,0,0,0,0,0,0,0,0,0,0,0,0,0,0,0,1,0,0,0,0
17860,1978,5,34.5,23.4,755.0,78.0,3.0,5.7,5.5,41965,668856.2,504500.3,22.64,91.64,4,1,0.49999999999999994,-0.8660254037844387,0,0,0,0,0,0,0,0,0,0,0,0,0,0,0,0,0,0,0,0,0,0,0,0,0,0,0,0,1,0,0,0,0
17861,1978,6,33.0,24.5,807.0,81.0,2.8,5.9,3.6,41965,668856.2,504500.3,22.64,91.64,4,1,1.2246467991473532e-16,-1.0,0,0,0,0,0,0,0,0,0,0,0,0,0,0,0,0,0,0,0,0,0,0,0,0,0,0,0,0,1,0,0,0,0
17862,1978,7,33.0,24.9,848.0,84.0,3.0,6.2,3.2,41965,668856.2,504500.3,22.64,91.64,4,1,-0.4999999999999997,-0.8660254037844388,0,0,0,0,0,0,0,0,0,0,0,0,0,0,0,0,0,0,0,0,0,0,0,0,0,0,0,0,1,0,0,0,0
17863,1978,8,33.3,25.6,553.0,81.0,2.8,5.8,3.8,41965,668856.2,504500.3,22.64,91.64,4,1,-0.8660254037844385,-0.5000000000000004,0,0,0,0,0,0,0,0,0,0,0,0,0,0,0,0,0,0,0,0,0,0,0,0,0,0,0,0,1,0,0,0,0
17864,1978,9,33.0,24.5,645.0,83.0,2.2,6.1,4.6,41965,668856.2,504500.3,22.64,91.64,4,1,-1.0,-1.8369701987210297e-16,0,0,0,0,0,0,0,0,0,0,0,0,0,0,0,0,0,0,0,0,0,0,0,0,0,0,0,0,1,0,0,0,0
17897,1981,6,33.5,24.7,534.0,81.0,1.6,5.5,3.6,41965,668856.2,504500.3,22.64,91.64,4,1,1.2246467991473532e-16,-1.0,0,0,0,0,0,0,0,0,0,0,0,0,0,0,0,0,0,0,0,0,0,0,0,0,0,0,0,0,1,0,0,0,0
17899,1981,8,32.5,25.5,444.0,81.0,1.7,5.0,4.7,41965,668856.2,504500.3,22.64,91.64,4,1,-0.8660254037844385,-0.5000000000000004,0,0,0,0,0,0,0,0,0,0,0,0,0,0,0,0,0,0,0,0,0,0,0,0,0,0,0,0,1,0,0,0,0
17909,1982,6,35.5,25.6,486.0,86.0,1.5,5.4,2.1,41965,668856.2,504500.3,22.64,91.64,4,1,1.2246467991473532e-16,-1.0,0,0,0,0,0,0,0,0,0,0,0,0,0,0,0,0,0,0,0,0,0,0,0,0,0,0,0,0,1,0,0,0,0
17910,1982,7,32.0,25.3,524.0,87.0,1.6,6.0,3.2,41965,668856.2,504500.3,22.64,91.64,4,1,-0.4999999999999997,-0.8660254037844388,0,0,0,0,0,0,0,0,0,0,0,0,0,0,0,0,0,0,0,0,0,0,0,0,0,0,0,0,1,0,0,0,0
17911,1982,8,32.5,24.7,686.0,88.0,1.5,5.6,3.9,41965,668856.2,504500.3,22.64,91.64,4,1,-0.8660254037844385,-0.5000000000000004,0,0,0,0,0,0,0,0,0,0,0,0,0,0,0,0,0,0,0,0,0,0,0,0,0,0,0,0,1,0,0,0,0
17922,1983,7,32.5,25.3,552.0,85.0,1.7,4.6,3.9,41965,668856.2,504500.3,22.64,91.64,4,1,-0.4999999999999997,-0.8660254037844388,0,0,0,0,0,0,0,0,0,0,0,0,0,0,0,0,0,0,0,0,0,0,0,0,0,0,0,0,1,0,0,0,0
17923,1983,8,32.5,25.1,570.0,84.0,2.3,5.5,3.7,41965,668856.2,504500.3,22.64,91.64,4,1,-0.8660254037844385,-0.5000000000000004,0,0,0,0,0,0,0,0,0,0,0,0,0,0,0,0,0,0,0,0,0,0,0,0,0,0,0,0,1,0,0,0,0
17925,1983,10,34.0,23.1,672.0,82.0,0.9,3.8,5.3,41965,668856.2,504500.3,22.64,91.64,4,1,-0.8660254037844386,0.5000000000000001,0,0,0,0,0,0,0,0,0,0,0,0,0,0,0,0,0,0,0,0,0,0,0,0,0,0,0,0,1,0,0,0,0
17932,1984,5,33.5,24.5,485.0,80.0,3.3,5.2,5.3,41965,668856.2,504500.3,22.64,91.64,4,1,0.49999999999999994,-0.8660254037844387,0,0,0,0,0,0,0,0,0,0,0,0,0,0,0,0,0,0,0,0,0,0,0,0,0,0,0,0,1,0,0,0,0
17933,1984,6,33.5,25.6,548.0,83.0,3.0,6.7,3.1,41965,668856.2,504500.3,22.64,91.64,4,1,1.2246467991473532e-16,-1.0,0,0,0,0,0,0,0,0,0,0,0,0,0,0,0,0,0,0,0,0,0,0,0,0,0,0,0,0,1,0,0,0,0
17934,1984,7,32.2,25.0,821.0,85.0,2.9,6.5,3.2,41965,668856.2,504500.3,22.64,91.64,4,1,-0.4999999999999997,-0.8660254037844388,0,0,0,0,0,0,0,0,0,0,0,0,0,0,0,0,0,0,0,0,0,0,0,0,0,0,0,0,1,0,0,0,0
17935,1984,8,33.0,25.0,752.0,84.0,2.5,6.5,3.3,41965,668856.2,504500.3,22.64,91.64,4,1,-0.8660254037844385,-0.5000000000000004,0,0,0,0,0,0,0,0,0,0,0,0,0,0,0,0,0,0,0,0,0,0,0,0,0,0,0,0,1,0,0,0,0
17936,1984,9,33.7,24.7,561.0,80.0,1.8,4.9,4.6,41965,668856.2,504500.3,22.64,91.64,4,1,-1.0,-1.8369701987210297e-16,0,0,0,0,0,0,0,0,0,0,0,0,0,0,0,0,0,0,0,0,0,0,0,0,0,0,0,0,1,0,0,0,0
17945,1985,6,34.0,25.7,441.0,82.0,2.7,6.7,2.1,41965,668856.2,504500.3,22.64,91.64,4,1,1.2246467991473532e-16,-1.0,0,0,0,0,0,0,0,0,0,0,0,0,0,0,0,0,0,0,0,0,0,0,0,0,0,0,0,0,1,0,0,0,0
17946,1985,7,33.0,24.7,765.0,83.0,2.8,6.3,2.9,41965,668856.2,504500.3,22.64,91.64,4,1,-0.4999999999999997,-0.8660254037844388,0,0,0,0,0,0,0,0,0,0,0,0,0,0,0,0,0,0,0,0,0,0,0,0,0,0,0,0,1,0,0,0,0
17947,1985,8,33.5,25.4,442.0,81.0,2.7,6.1,3.8,41965,668856.2,504500.3,22.64,91.64,4,1,-0.8660254037844385,-0.5000000000000004,0,0,0,0,0,0,0,0,0,0,0,0,0,0,0,0,0,0,0,0,0,0,0,0,0,0,0,0,1,0,0,0,0
17957,1986,6,34.1,26.0,629.0,81.0,3.1,5.8,3.6,41965,668856.2,504500.3,22.64,91.64,4,1,1.2246467991473532e-16,-1.0,0,0,0,0,0,0,0,0,0,0,0,0,0,0,0,0,0,0,0,0,0,0,0,0,0,0,0,0,1,0,0,0,0
17958,1986,7,34.0,25.4,759.0,84.0,3.0,5.9,3.2,41965,668856.2,504500.3,22.64,91.64,4,1,-0.4999999999999997,-0.8660254037844388,0,0,0,0,0,0,0,0,0,0,0,0,0,0,0,0,0,0,0,0,0,0,0,0,0,0,0,0,1,0,0,0,0
17969,1987,6,34.0,25.9,690.0,83.0,2.5,6.0,3.5,41965,668856.2,504500.3,22.64,91.64,4,1,1.2246467991473532e-16,-1.0,0,0,0,0,0,0,0,0,0,0,0,0,0,0,0,0,0,0,0,0,0,0,0,0,0,0,0,0,1,0,0,0,0
17970,1987,7,33.0,25.4,1225.0,89.0,2.2,7.1,1.9,41965,668856.2,504500.3,22.64,91.64,4,1,-0.4999999999999997,-0.8660254037844388,0,0,0,0,0,0,0,0,0,0,0,0,0,0,0,0,0,0,0,0,0,0,0,0,0,0,0,0,1,0,0,0,0
17971,1987,8,34.5,25.5,656.0,85.0,2.4,6.6,3.3,41965,668856.2,504500.3,22.64,91.64,4,1,-0.8660254037844385,-0.5000000000000004,0,0,0,0,0,0,0,0,0,0,0,0,0,0,0,0,0,0,0,0,0,0,0,0,0,0,0,0,1,0,0,0,0
17972,1987,9,33.5,25.4,694.0,82.0,1.5,5.3,5.1,41965,668856.2,504500.3,22.64,91.64,4,1,-1.0,-1.8369701987210297e-16,0,0,0,0,0,0,0,0,0,0,0,0,0,0,0,0,0,0,0,0,0,0,0,0,0,0,0,0,1,0,0,0,0
17981,1988,6,34.2,25.4,578.0,83.0,1.7,5.9,2.3,41965,668856.2,504500.3,22.64,91.64,4,1,1.2246467991473532e-16,-1.0,0,0,0,0,0,0,0,0,0,0,0,0,0,0,0,0,0,0,0,0,0,0,0,0,0,0,0,0,1,0,0,0,0
17982,1988,7,34.5,25.6,791.0,85.0,2.0,6.3,2.8,41965,668856.2,504500.3,22.64,91.64,4,1,-0.4999999999999997,-0.8660254037844388,0,0,0,0,0,0,0,0,0,0,0,0,0,0,0,0,0,0,0,0,0,0,0,0,0,0,0,0,1,0,0,0,0
17983,1988,8,33.0,25.5,783.0,85.0,1.8,6.5,2.0,41965,668856.2,504500.3,22.64,91.64,4,1,-0.8660254037844385,-0.5000000000000004,0,0,0,0,0,0,0,0,0,0,0,0,0,0,0,0,0,0,0,0,0,0,0,0,0,0,0,0,1,0,0,0,0
17984,1988,9,35.3,25.2,440.0,82.0,0.7,5.4,4.8,41965,668856.2,504500.3,22.64,91.64,4,1,-1.0,-1.8369701987210297e-16,0,0,0,0,0,0,0,0,0,0,0,0,0,0,0,0,0,0,0,0,0,0,0,0,0,0,0,0,1,0,0,0,0
17994,1989,7,34.2,25.4,640.0,84.0,1.3,6.5,3.6,41965,668856.2,504500.3,22.64,91.64,4,1,-0.4999999999999997,-0.8660254037844388,0,0,0,0,0,0,0,0,0,0,0,0,0,0,0,0,0,0,0,0,0,0,0,0,0,0,0,0,1,0,0,0,0
17997,1989,10,34.3,23.8,826.0,83.0,0.7,5.3,4.0,41965,668856.2,504500.3,22.64,91.64,4,1,-0.8660254037844386,0.5000000000000001,0,0,0,0,0,0,0,0,0,0,0,0,0,0,0,0,0,0,0,0,0,0,0,0,0,0,0,0,1,0,0,0,0
18005,1990,6,34.5,25.4,607.0,83.0,2.5,6.3,3.4,41965,668856.2,504500.3,22.64,91.64,4,1,1.2246467991473532e-16,-1.0,0,0,0,0,0,0,0,0,0,0,0,0,0,0,0,0,0,0,0,0,0,0,0,0,0,0,0,0,1,0,0,0,0
18006,1990,7,32.4,25.0,994.0,89.0,1.8,6.9,2.6,41965,668856.2,504500.3,22.64,91.64,4,1,-0.4999999999999997,-0.8660254037844388,0,0,0,0,0,0,0,0,0,0,0,0,0,0,0,0,0,0,0,0,0,0,0,0,0,0,0,0,1,0,0,0,0
18009,1990,10,34.0,22.7,435.0,81.0,0.6,3.5,4.9,41965,668856.2,504500.3,22.64,91.64,4,1,-0.8660254037844386,0.5000000000000001,0,0,0,0,0,0,0,0,0,0,0,0,0,0,0,0,0,0,0,0,0,0,0,0,0,0,0,0,1,0,0,0,0
18017,1991,6,33.4,25.4,766.0,85.0,2.0,6.4,3.1,41965,668856.2,504500.3,22.64,91.64,4,1,1.2246467991473532e-16,-1.0,0,0,0,0,0,0,0,0,0,0,0,0,0,0,0,0,0,0,0,0,0,0,0,0,0,0,0,0,1,0,0,0,0
18018,1991,7,34.0,25.5,685.0,85.0,1.7,6.3,3.3,41965,668856.2,504500.3,22.64,91.64,4,1,-0.4999999999999997,-0.8660254037844388,0,0,0,0,0,0,0,0,0,0,0,0,0,0,0,0,0,0,0,0,0,0,0,0,0,0,0,0,1,0,0,0,0
18020,1991,9,34.2,25.0,615.0,85.0,1.1,6.2,3.2,41965,668856.2,504500.3,22.64,91.64,4,1,-1.0,-1.8369701987210297e-16,0,0,0,0,0,0,0,0,0,0,0,0,0,0,0,0,0,0,0,0,0,0,0,0,0,0,0,0,1,0,0,0,0
18029,1992,6,35.0,25.8,506.0,83.0,1.4,4.9,4.3,41965,668856.2,504500.3,22.64,91.64,4,1,1.2246467991473532e-16,-1.0,0,0,0,0,0,0,0,0,0,0,0,0,0,0,0,0,0,0,0,0,0,0,0,0,0,0,0,0,1,0,0,0,0
18033,1992,10,34.5,23.6,480.0,83.0,0.5,3.8,5.4,41965,668856.2,504500.3,22.64,91.64,4,1,-0.8660254037844386,0.5000000000000001,0,0,0,0,0,0,0,0,0,0,0,0,0,0,0,0,0,0,0,0,0,0,0,0,0,0,0,0,1,0,0,0,0
18040,1993,5,34.5,23.7,743.0,82.0,1.6,4.7,5.0,41965,668856.2,504500.3,22.64,91.64,4,1,0.49999999999999994,-0.8660254037844387,0,0,0,0,0,0,0,0,0,0,0,0,0,0,0,0,0,0,0,0,0,0,0,0,0,0,0,0,1,0,0,0,0
18041,1993,6,32.7,25.4,654.0,86.0,2.0,5.8,3.7,41965,668856.2,504500.3,22.64,91.64,4,1,1.2246467991473532e-16,-1.0,0,0,0,0,0,0,0,0,0,0,0,0,0,0,0,0,0,0,0,0,0,0,0,0,0,0,0,0,1,0,0,0,0
18042,1993,7,33.0,25.5,560.0,86.0,1.9,6.0,3.4,41965,668856.2,504500.3,22.64,91.64,4,1,-0.4999999999999997,-0.8660254037844388,0,0,0,0,0,0,0,0,0,0,0,0,0,0,0,0,0,0,0,0,0,0,0,0,0,0,0,0,1,0,0,0,0
18043,1993,8,32.0,25.4,737.0,88.0,1.3,6.2,3.3,41965,668856.2,504500.3,22.64,91.64,4,1,-0.8660254037844385,-0.5000000000000004,0,0,0,0,0,0,0,0,0,0,0,0,0,0,0,0,0,0,0,0,0,0,0,0,0,0,0,0,1,0,0,0,0
18053,1994,6,34.2,25.7,504.0,85.0,1.5,6.1,2.7,41965,668856.2,504500.3,22.64,91.64,4,1,1.2246467991473532e-16,-1.0,0,0,0,0,0,0,0,0,0,0,0,0,0,0,0,0,0,0,0,0,0,0,0,0,0,0,0,0,1,0,0,0,0
18055,1994,8,33.4,25.3,533.0,85.0,1.1,6.3,3.6,41965,668856.2,504500.3,22.64,91.64,4,1,-0.8660254037844385,-0.5000000000000004,0,0,0,0,0,0,0,0,0,0,0,0,0,0,0,0,0,0,0,0,0,0,0,0,0,0,0,0,1,0,0,0,0
18065,1995,6,35.0,25.9,493.0,85.0,1.4,6.0,4.0,41965,668856.2,504500.3,22.64,91.64,4,1,1.2246467991473532e-16,-1.0,0,0,0,0,0,0,0,0,0,0,0,0,0,0,0,0,0,0,0,0,0,0,0,0,0,0,0,0,1,0,0,0,0
18066,1995,7,32.8,25.6,444.0,87.0,1.0,6.2,3.4,41965,668856.2,504500.3,22.64,91.64,4,1,-0.4999999999999997,-0.8660254037844388,0,0,0,0,0,0,0,0,0,0,0,0,0,0,0,0,0,0,0,0,0,0,0,0,0,0,0,0,1,0,0,0,0
18077,1996,6,34.5,25.8,505.0,84.0,0.9,5.1,4.7,41965,668856.2,504500.3,22.64,91.64,4,1,1.2246467991473532e-16,-1.0,0,0,0,0,0,0,0,0,0,0,0,0,0,0,0,0,0,0,0,0,0,0,0,0,0,0,0,0,1,0,0,0,0
18079,1996,8,32.8,25.1,663.0,90.0,0.3,6.1,1.6,41965,668856.2,504500.3,22.64,91.64,4,1,-0.8660254037844385,-0.5000000000000004,0,0,0,0,0,0,0,0,0,0,0,0,0,0,0,0,0,0,0,0,0,0,0,0,0,0,0,0,1,0,0,0,0
18089,1997,6,34.2,24.8,860.0,86.0,1.4,6.1,4.1,41965,668856.2,504500.3,22.64,91.64,4,1,1.2246467991473532e-16,-1.0,0,0,0,0,0,0,0,0,0,0,0,0,0,0,0,0,0,0,0,0,0,0,0,0,0,0,0,0,1,0,0,0,0
18090,1997,7,33.8,25.1,1138.0,91.0,0.8,6.7,2.9,41965,668856.2,504500.3,22.64,91.64,4,1,-0.4999999999999997,-0.8660254037844388,0,0,0,0,0,0,0,0,0,0,0,0,0,0,0,0,0,0,0,0,0,0,0,0,0,0,0,0,1,0,0,0,0
18100,1998,5,37.2,24.8,457.0,84.0,1.6,5.0,5.0,41965,668856.2,504500.3,22.64,91.64,4,1,0.49999999999999994,-0.8660254037844387,0,0,0,0,0,0,0,0,0,0,0,0,0,0,0,0,0,0,0,0,0,0,0,0,0,0,0,0,1,0,0,0,0
18102,1998,7,34.0,25.4,1138.0,92.0,1.7,6.7,2.1,41965,668856.2,504500.3,22.64,91.64,4,1,-0.4999999999999997,-0.8660254037844388,0,0,0,0,0,0,0,0,0,0,0,0,0,0,0,0,0,0,0,0,0,0,0,0,0,0,0,0,1,0,0,0,0
18103,1998,8,35.0,25.3,1192.0,92.0,1.4,6.7,2.7,41965,668856.2,504500.3,22.64,91.64,4,1,-0.8660254037844385,-0.5000000000000004,0,0,0,0,0,0,0,0,0,0,0,0,0,0,0,0,0,0,0,0,0,0,0,0,0,0,0,0,1,0,0,0,0
18104,1998,9,38.6,25.3,532.0,87.0,1.0,5.1,4.3,41965,668856.2,504500.3,22.64,91.64,4,1,-1.0,-1.8369701987210297e-16,0,0,0,0,0,0,0,0,0,0,0,0,0,0,0,0,0,0,0,0,0,0,0,0,0,0,0,0,1,0,0,0,0
18113,1999,6,36.2,25.3,902.0,89.0,2.1,6.1,3.5,41965,668856.2,504500.3,22.64,91.64,4,1,1.2246467991473532e-16,-1.0,0,0,0,0,0,0,0,0,0,0,0,0,0,0,0,0,0,0,0,0,0,0,0,0,0,0,0,0,1,0,0,0,0
18114,1999,7,35.2,25.1,905.0,90.0,1.5,6.5,3.4,41965,668856.2,504500.3,22.64,91.64,4,1,-0.4999999999999997,-0.8660254037844388,0,0,0,0,0,0,0,0,0,0,0,0,0,0,0,0,0,0,0,0,0,0,0,0,0,0,0,0,1,0,0,0,0
18115,1999,8,34.4,25.2,581.0,90.0,1.6,6.6,2.1,41965,668856.2,504500.3,22.64,91.64,4,1,-0.8660254037844385,-0.5000000000000004,0,0,0,0,0,0,0,0,0,0,0,0,0,0,0,0,0,0,0,0,0,0,0,0,0,0,0,0,1,0,0,0,0
18124,2000,5,36.7,23.8,902.0,84.0,1.6,5.3,4.0,41965,668856.2,504500.3,22.64,91.64,4,1,0.49999999999999994,-0.8660254037844387,0,0,0,0,0,0,0,0,0,0,0,0,0,0,0,0,0,0,0,0,0,0,0,0,0,0,0,0,1,0,0,0,0
18125,2000,6,36.2,25.2,494.0,87.0,1.4,5.7,3.9,41965,668856.2,504500.3,22.64,91.64,4,1,1.2246467991473532e-16,-1.0,0,0,0,0,0,0,0,0,0,0,0,0,0,0,0,0,0,0,0,0,0,0,0,0,0,0,0,0,1,0,0,0,0
18126,2000,7,35.7,25.2,713.0,89.0,1.5,5.7,3.7,41965,668856.2,504500.3,22.64,91.64,4,1,-0.4999999999999997,-0.8660254037844388,0,0,0,0,0,0,0,0,0,0,0,0,0,0,0,0,0,0,0,0,0,0,0,0,0,0,0,0,1,0,0,0,0
18127,2000,8,35.7,24.9,671.0,89.0,1.4,6.1,4.3,41965,668856.2,504500.3,22.64,91.64,4,1,-0.8660254037844385,-0.5000000000000004,0,0,0,0,0,0,0,0,0,0,0,0,0,0,0,0,0,0,0,0,0,0,0,0,0,0,0,0,1,0,0,0,0
18137,2001,6,33.9,25.0,741.0,88.0,1.8,6.5,2.8,41965,668856.2,504500.3,22.64,91.64,4,1,1.2246467991473532e-16,-1.0,0,0,0,0,0,0,0,0,0,0,0,0,0,0,0,0,0,0,0,0,0,0,0,0,0,0,0,0,1,0,0,0,0
18139,2001,8,35.3,25.4,583.0,86.0,1.5,5.7,5.8,41965,668856.2,504500.3,22.64,91.64,4,1,-0.8660254037844385,-0.5000000000000004,0,0,0,0,0,0,0,0,0,0,0,0,0,0,0,0,0,0,0,0,0,0,0,0,0,0,0,0,1,0,0,0,0
18149,2002,6,34.7,25.2,527.0,87.0,1.0,5.2,4.0,41965,668856.2,504500.3,22.64,91.64,4,1,1.2246467991473532e-16,-1.0,0,0,0,0,0,0,0,0,0,0,0,0,0,0,0,0,0,0,0,0,0,0,0,0,0,0,0,0,1,0,0,0,0
18150,2002,7,33.3,25.5,644.0,91.0,1.0,6.9,1.6,41965,668856.2,504500.3,22.64,91.64,4,1,-0.4999999999999997,-0.8660254037844388,0,0,0,0,0,0,0,0,0,0,0,0,0,0,0,0,0,0,0,0,0,0,0,0,0,0,0,0,1,0,0,0,0
18151,2002,8,34.7,25.3,490.0,88.0,1.0,5.9,3.3,41965,668856.2,504500.3,22.64,91.64,4,1,-0.8660254037844385,-0.5000000000000004,0,0,0,0,0,0,0,0,0,0,0,0,0,0,0,0,0,0,0,0,0,0,0,0,0,0,0,0,1,0,0,0,0
18161,2003,6,35.9,25.0,1025.0,88.0,1.5,6.1,2.3,41965,668856.2,504500.3,22.64,91.64,4,1,1.2246467991473532e-16,-1.0,0,0,0,0,0,0,0,0,0,0,0,0,0,0,0,0,0,0,0,0,0,0,0,0,0,0,0,0,1,0,0,0,0
18162,2003,7,36.3,25.8,508.0,86.0,1.3,5.3,5.2,41965,668856.2,504500.3,22.64,91.64,4,1,-0.4999999999999997,-0.8660254037844388,0,0,0,0,0,0,0,0,0,0,0,0,0,0,0,0,0,0,0,0,0,0,0,0,0,0,0,0,1,0,0,0,0
18173,2004,6,35.5,25.1,638.0,87.0,1.6,5.8,3.7,41965,668856.2,504500.3,22.64,91.64,4,1,1.2246467991473532e-16,-1.0,0,0,0,0,0,0,0,0,0,0,0,0,0,0,0,0,0,0,0,0,0,0,0,0,0,0,0,0,1,0,0,0,0
18174,2004,7,33.1,25.4,706.0,89.0,2.3,6.2,3.4,41965,668856.2,504500.3,22.64,91.64,4,1,-0.4999999999999997,-0.8660254037844388,0,0,0,0,0,0,0,0,0,0,0,0,0,0,0,0,0,0,0,0,0,0,0,0,0,0,0,0,1,0,0,0,0
18175,2004,8,34.2,25.5,534.0,87.0,2.6,5.7,5.2,41965,668856.2,504500.3,22.64,91.64,4,1,-0.8660254037844385,-0.5000000000000004,0,0,0,0,0,0,0,0,0,0,0,0,0,0,0,0,0,0,0,0,0,0,0,0,0,0,0,0,1,0,0,0,0
18176,2004,9,34.7,24.9,719.0,88.0,1.7,5.9,3.9,41965,668856.2,504500.3,22.64,91.64,4,1,-1.0,-1.8369701987210297e-16,0,0,0,0,0,0,0,0,0,0,0,0,0,0,0,0,0,0,0,0,0,0,0,0,0,0,0,0,1,0,0,0,0
18186,2005,7,33.8,25.5,541.0,87.0,2.1,5.5,5.4,41965,668856.2,504500.3,22.64,91.64,4,1,-0.4999999999999997,-0.8660254037844388,0,0,0,0,0,0,0,0,0,0,0,0,0,0,0,0,0,0,0,0,0,0,0,0,0,0,0,0,1,0,0,0,0
18187,2005,8,35.0,25.3,1081.0,91.0,2.0,6.7,3.1,41965,668856.2,504500.3,22.64,91.64,4,1,-0.8660254037844385,-0.5000000000000004,0,0,0,0,0,0,0,0,0,0,0,0,0,0,0,0,0,0,0,0,0,0,0,0,0,0,0,0,1,0,0,0,0
18196,2006,5,37.5,24.5,569.0,83.0,1.5,4.6,6.9,41965,668856.2,504500.3,22.64,91.64,4,1,0.49999999999999994,-0.8660254037844387,0,0,0,0,0,0,0,0,0,0,0,0,0,0,0,0,0,0,0,0,0,0,0,0,0,0,0,0,1,0,0,0,0
18200,2006,9,35.7,25.0,457.0,87.0,1.2,5.1,4.8,41965,668856.2,504500.3,22.64,91.64,4,1,-1.0,-1.8369701987210297e-16,0,0,0,0,0,0,0,0,0,0,0,0,0,0,0,0,0,0,0,0,0,0,0,0,0,0,0,0,1,0,0,0,0
18209,2007,6,36.5,25.2,706.0,87.0,1.5,5.6,5.0,41965,668856.2,504500.3,22.64,91.64,4,1,1.2246467991473532e-16,-1.0,0,0,0,0,0,0,0,0,0,0,0,0,0,0,0,0,0,0,0,0,0,0,0,0,0,0,0,0,1,0,0,0,0
18210,2007,7,34.8,25.3,842.0,91.0,2.1,6.4,3.2,41965,668856.2,504500.3,22.64,91.64,4,1,-0.4999999999999997,-0.8660254037844388,0,0,0,0,0,0,0,0,0,0,0,0,0,0,0,0,0,0,0,0,0,0,0,0,0,0,0,0,1,0,0,0,0
18211,2007,8,35.7,25.4,488.0,88.0,1.1,5.7,5.8,41965,668856.2,504500.3,22.64,91.64,4,1,-0.8660254037844385,-0.5000000000000004,0,0,0,0,0,0,0,0,0,0,0,0,0,0,0,0,0,0,0,0,0,0,0,0,0,0,0,0,1,0,0,0,0
18212,2007,9,35.0,25.4,625.0,89.0,1.1,5.7,4.8,41965,668856.2,504500.3,22.64,91.64,4,1,-1.0,-1.8369701987210297e-16,0,0,0,0,0,0,0,0,0,0,0,0,0,0,0,0,0,0,0,0,0,0,0,0,0,0,0,0,1,0,0,0,0
18213,2007,10,36.6,23.3,709.0,88.0,0.6,3.8,6.0,41965,668856.2,504500.3,22.64,91.64,4,1,-0.8660254037844386,0.5000000000000001,0,0,0,0,0,0,0,0,0,0,0,0,0,0,0,0,0,0,0,0,0,0,0,0,0,0,0,0,1,0,0,0,0
18222,2008,7,33.7,25.1,994.0,90.0,1.9,6.3,4.5,41965,668856.2,504500.3,22.64,91.64,4,1,-0.4999999999999997,-0.8660254037844388,0,0,0,0,0,0,0,0,0,0,0,0,0,0,0,0,0,0,0,0,0,0,0,0,0,0,0,0,1,0,0,0,0
18223,2008,8,34.4,25.3,687.0,89.0,1.4,6.0,5.2,41965,668856.2,504500.3,22.64,91.64,4,1,-0.8660254037844385,-0.5000000000000004,0,0,0,0,0,0,0,0,0,0,0,0,0,0,0,0,0,0,0,0,0,0,0,0,0,0,0,0,1,0,0,0,0
18234,2009,7,34.4,25.9,916.0,89.0,3.5,5.5,4.8,41965,668856.2,504500.3,22.64,91.64,4,1,-0.4999999999999997,-0.8660254037844388,0,0,0,0,0,0,0,0,0,0,0,0,0,0,0,0,0,0,0,0,0,0,0,0,0,0,0,0,1,0,0,0,0
18235,2009,8,34.5,25.4,803.0,89.0,2.3,5.8,4.4,41965,668856.2,504500.3,22.64,91.64,4,1,-0.8660254037844385,-0.5000000000000004,0,0,0,0,0,0,0,0,0,0,0,0,0,0,0,0,0,0,0,0,0,0,0,0,0,0,0,0,1,0,0,0,0
18245,2010,6,34.9,25.4,876.0,89.0,3.3,5.5,4.1,41965,668856.2,504500.3,22.64,91.64,4,1,1.2246467991473532e-16,-1.0,0,0,0,0,0,0,0,0,0,0,0,0,0,0,0,0,0,0,0,0,0,0,0,0,0,0,0,0,1,0,0,0,0
18247,2010,8,34.9,25.6,473.0,88.0,2.0,5.7,5.1,41965,668856.2,504500.3,22.64,91.64,4,1,-0.8660254037844385,-0.5000000000000004,0,0,0,0,0,0,0,0,0,0,0,0,0,0,0,0,0,0,0,0,0,0,0,0,0,0,0,0,1,0,0,0,0
18248,2010,9,34.2,25.4,421.0,88.0,2.2,4.6,5.5,41965,668856.2,504500.3,22.64,91.64,4,1,-1.0,-1.8369701987210297e-16,0,0,0,0,0,0,0,0,0,0,0,0,0,0,0,0,0,0,0,0,0,0,0,0,0,0,0,0,1,0,0,0,0
18257,2011,6,35.5,25.7,502.0,87.0,2.5,5.9,3.9,41965,668856.2,504500.3,22.64,91.64,4,1,1.2246467991473532e-16,-1.0,0,0,0,0,0,0,0,0,0,0,0,0,0,0,0,0,0,0,0,0,0,0,0,0,0,0,0,0,1,0,0,0,0
18258,2011,7,35.2,25.4,818.0,87.0,2.3,5.6,5.3,41965,668856.2,504500.3,22.64,91.64,4,1,-0.4999999999999997,-0.8660254037844388,0,0,0,0,0,0,0,0,0,0,0,0,0,0,0,0,0,0,0,0,0,0,0,0,0,0,0,0,1,0,0,0,0
18259,2011,8,34.9,25.2,1136.0,89.0,2.5,6.3,4.3,41965,668856.2,504500.3,22.64,91.64,4,1,-0.8660254037844385,-0.5000000000000004,0,0,0,0,0,0,0,0,0,0,0,0,0,0,0,0,0,0,0,0,0,0,0,0,0,0,0,0,1,0,0,0,0
18260,2011,9,35.8,25.3,524.0,88.0,2.3,4.8,5.5,41965,668856.2,504500.3,22.64,91.64,4,1,-1.0,-1.8369701987210297e-16,0,0,0,0,0,0,0,0,0,0,0,0,0,0,0,0,0,0,0,0,0,0,0,0,0,0,0,0,1,0,0,0,0
18269,2012,6,36.4,25.5,954.0,87.0,3.1,5.4,4.6,41965,668856.2,504500.3,22.64,91.64,4,1,1.2246467991473532e-16,-1.0,0,0,0,0,0,0,0,0,0,0,0,0,0,0,0,0,0,0,0,0,0,0,0,0,0,0,0,0,1,0,0,0,0
18270,2012,7,34.6,25.3,1274.0,89.0,2.9,5.8,3.8,41965,668856.2,504500.3,22.64,91.64,4,1,-0.4999999999999997,-0.8660254037844388,0,0,0,0,0,0,0,0,0,0,0,0,0,0,0,0,0,0,0,0,0,0,0,0,0,0,0,0,1,0,0,0,0
18271,2012,8,35.0,25.3,567.0,86.0,2.6,5.3,6.3,41965,668856.2,504500.3,22.64,91.64,4,1,-0.8660254037844385,-0.5000000000000004,0,0,0,0,0,0,0,0,0,0,0,0,0,0,0,0,0,0,0,0,0,0,0,0,0,0,0,0,1,0,0,0,0
18280,2013,5,33.9,24.4,470.0,86.0,2.7,5.1,3.5,41965,668856.2,504500.3,22.64,91.64,4,1,0.49999999999999994,-0.8660254037844387,0,0,0,0,0,0,0,0,0,0,0,0,0,0,0,0,0,0,0,0,0,0,0,0,0,0,0,0,1,0,0,0,0
18281,2013,6,35.9,25.9,569.0,86.0,1.6,4.7,6.2,41965,668856.2,504500.3,22.64,91.64,4,1,1.2246467991473532e-16,-1.0,0,0,0,0,0,0,0,0,0,0,0,0,0,0,0,0,0,0,0,0,0,0,0,0,0,0,0,0,1,0,0,0,0
18284,2013,9,36.1,25.1,496.0,87.0,2.3,5.4,5.4,41965,668856.2,504500.3,22.64,91.64,4,1,-1.0,-1.8369701987210297e-16,0,0,0,0,0,0,0,0,0,0,0,0,0,0,0,0,0,0,0,0,0,0,0,0,0,0,0,0,1,0,0,0,0
18305,1949,6,34.5,24.4,639.0,91.0,0.914814815,7.0,4.346428571,41915,675761.6,687095.9,24.29,91.73,23,1,1.2246467991473532e-16,-1.0,0,0,0,0,0,0,0,0,0,0,0,0,0,0,0,0,0,0,0,0,0,0,0,0,0,0,0,0,0,1,0,0,0
18353,1953,6,34.9,23.9,650.0,89.0,0.914814815,6.3,4.346428571,41915,675761.6,687095.9,24.29,91.73,23,1,1.2246467991473532e-16,-1.0,0,0,0,0,0,0,0,0,0,0,0,0,0,0,0,0,0,0,0,0,0,0,0,0,0,0,0,0,0,1,0,0,0
18365,1954,6,33.4,24.2,653.0,89.0,0.914814815,6.6,4.346428571,41915,675761.6,687095.9,24.29,91.73,23,1,1.2246467991473532e-16,-1.0,0,0,0,0,0,0,0,0,0,0,0,0,0,0,0,0,0,0,0,0,0,0,0,0,0,0,0,0,0,1,0,0,0
18389,1956,6,35.6,24.2,769.0,87.0,0.914814815,6.4,4.346428571,41915,675761.6,687095.9,24.29,91.73,23,1,1.2246467991473532e-16,-1.0,0,0,0,0,0,0,0,0,0,0,0,0,0,0,0,0,0,0,0,0,0,0,0,0,0,0,0,0,0,1,0,0,0
18401,1957,6,34.4,23.6,611.0,86.0,0.914814815,5.7,4.346428571,41915,675761.6,687095.9,24.29,91.73,23,1,1.2246467991473532e-16,-1.0,0,0,0,0,0,0,0,0,0,0,0,0,0,0,0,0,0,0,0,0,0,0,0,0,0,0,0,0,0,1,0,0,0
18461,1962,6,34.5,24.5,678.0,85.0,0.8,5.0,4.346428571,41915,675761.6,687095.9,24.29,91.73,23,1,1.2246467991473532e-16,-1.0,0,0,0,0,0,0,0,0,0,0,0,0,0,0,0,0,0,0,0,0,0,0,0,0,0,0,0,0,0,1,0,0,0
18497,1965,6,36.1,24.3,845.0,86.0,0.8,4.3,4.346428571,41915,675761.6,687095.9,24.29,91.73,23,1,1.2246467991473532e-16,-1.0,0,0,0,0,0,0,0,0,0,0,0,0,0,0,0,0,0,0,0,0,0,0,0,0,0,0,0,0,0,1,0,0,0
18509,1966,6,37.7,24.3,684.0,86.0,1.5,6.9,4.346428571,41915,675761.6,687095.9,24.29,91.73,23,1,1.2246467991473532e-16,-1.0,0,0,0,0,0,0,0,0,0,0,0,0,0,0,0,0,0,0,0,0,0,0,0,0,0,0,0,0,0,1,0,0,0
18535,1968,8,33.8,24.6,544.0,88.0,0.1,6.7,4.939285714,41915,675761.6,687095.9,24.29,91.73,23,1,-0.8660254037844385,-0.5000000000000004,0,0,0,0,0,0,0,0,0,0,0,0,0,0,0,0,0,0,0,0,0,0,0,0,0,0,0,0,0,1,0,0,0
18558,1970,7,34.1,25.0,657.0,89.0,1.4,6.1,4.325,41915,675761.6,687095.9,24.29,91.73,23,1,-0.4999999999999997,-0.8660254037844388,0,0,0,0,0,0,0,0,0,0,0,0,0,0,0,0,0,0,0,0,0,0,0,0,0,0,0,0,0,1,0,0,0
18592,1973,5,35.5,22.4,574.0,85.0,0.4,4.3,6.178571429,41915,675761.6,687095.9,24.29,91.73,23,1,0.49999999999999994,-0.8660254037844387,0,0,0,0,0,0,0,0,0,0,0,0,0,0,0,0,0,0,0,0,0,0,0,0,0,0,0,0,0,1,0,0,0
18605,1974,6,34.9,24.2,677.0,85.0,1.1,4.8,4.346428571,41915,675761.6,687095.9,24.29,91.73,23,1,1.2246467991473532e-16,-1.0,0,0,0,0,0,0,0,0,0,0,0,0,0,0,0,0,0,0,0,0,0,0,0,0,0,0,0,0,0,1,0,0,0
18629,1976,6,33.8,23.6,1285.0,85.0,0.1,4.8,4.346428571,41915,675761.6,687095.9,24.29,91.73,23,1,1.2246467991473532e-16,-1.0,0,0,0,0,0,0,0,0,0,0,0,0,0,0,0,0,0,0,0,0,0,0,0,0,0,0,0,0,0,1,0,0,0
18639,1977,4,33.5,19.9,695.0,85.0,0.9,3.5,7.571428571,41915,675761.6,687095.9,24.29,91.73,23,1,0.8660254037844387,-0.4999999999999998,0,0,0,0,0,0,0,0,0,0,0,0,0,0,0,0,0,0,0,0,0,0,0,0,0,0,0,0,0,1,0,0,0
18652,1978,5,36.7,22.4,651.0,79.0,0.8,3.9,6.178571429,41915,675761.6,687095.9,24.29,91.73,23,1,0.49999999999999994,-0.8660254037844387,0,0,0,0,0,0,0,0,0,0,0,0,0,0,0,0,0,0,0,0,0,0,0,0,0,0,0,0,0,1,0,0,0
18653,1978,6,33.9,24.3,686.0,85.0,0.7,4.4,4.346428571,41915,675761.6,687095.9,24.29,91.73,23,1,1.2246467991473532e-16,-1.0,0,0,0,0,0,0,0,0,0,0,0,0,0,0,0,0,0,0,0,0,0,0,0,0,0,0,0,0,0,1,0,0,0
18676,1980,5,33.4,22.9,631.0,79.0,0.8,2.2,6.178571429,41915,675761.6,687095.9,24.29,91.73,23,1,0.49999999999999994,-0.8660254037844387,0,0,0,0,0,0,0,0,0,0,0,0,0,0,0,0,0,0,0,0,0,0,0,0,0,0,0,0,0,1,0,0,0
18712,1983,5,36.0,21.9,605.0,79.0,0.8,2.0,6.178571429,41915,675761.6,687095.9,24.29,91.73,23,1,0.49999999999999994,-0.8660254037844387,0,0,0,0,0,0,0,0,0,0,0,0,0,0,0,0,0,0,0,0,0,0,0,0,0,0,0,0,0,1,0,0,0
18724,1984,5,36.0,22.9,734.0,80.0,0.8,0.0,6.178571429,41915,675761.6,687095.9,24.29,91.73,23,1,0.49999999999999994,-0.8660254037844387,0,0,0,0,0,0,0,0,0,0,0,0,0,0,0,0,0,0,0,0,0,0,0,0,0,0,0,0,0,1,0,0,0
18772,1988,5,33.9,22.9,628.0,81.0,1.4,6.1,4.7,41915,675761.6,687095.9,24.29,91.73,23,1,0.49999999999999994,-0.8660254037844387,0,0,0,0,0,0,0,0,0,0,0,0,0,0,0,0,0,0,0,0,0,0,0,0,0,0,0,0,0,1,0,0,0
18773,1988,6,35.0,25.0,435.0,79.0,1.1,5.8,5.8,41915,675761.6,687095.9,24.29,91.73,23,1,1.2246467991473532e-16,-1.0,0,0,0,0,0,0,0,0,0,0,0,0,0,0,0,0,0,0,0,0,0,0,0,0,0,0,0,0,0,1,0,0,0
18808,1991,5,33.4,21.6,831.0,86.0,1.3,6.6,2.1,41915,675761.6,687095.9,24.29,91.73,23,1,0.49999999999999994,-0.8660254037844387,0,0,0,0,0,0,0,0,0,0,0,0,0,0,0,0,0,0,0,0,0,0,0,0,0,0,0,0,0,1,0,0,0
18833,1993,6,34.6,23.8,748.0,86.0,0.5,5.6,3.9,41915,675761.6,687095.9,24.29,91.73,23,1,1.2246467991473532e-16,-1.0,0,0,0,0,0,0,0,0,0,0,0,0,0,0,0,0,0,0,0,0,0,0,0,0,0,0,0,0,0,1,0,0,0
18845,1994,6,35.2,24.9,216.0,82.0,0.4,5.3,4.3,41915,675761.6,687095.9,24.29,91.73,23,1,1.2246467991473532e-16,-1.0,0,0,0,0,0,0,0,0,0,0,0,0,0,0,0,0,0,0,0,0,0,0,0,0,0,0,0,0,0,1,0,0,0
18893,1998,6,35.6,25.3,247.0,84.0,0.7,5.7,4.5,41915,675761.6,687095.9,24.29,91.73,23,1,1.2246467991473532e-16,-1.0,0,0,0,0,0,0,0,0,0,0,0,0,0,0,0,0,0,0,0,0,0,0,0,0,0,0,0,0,0,1,0,0,0
18894,1998,7,34.4,25.2,508.0,87.0,1.2,6.6,3.2,41915,675761.6,687095.9,24.29,91.73,23,1,-0.4999999999999997,-0.8660254037844388,0,0,0,0,0,0,0,0,0,0,0,0,0,0,0,0,0,0,0,0,0,0,0,0,0,0,0,0,0,1,0,0,0
18916,2000,5,36.5,22.6,803.0,85.0,0.7,5.8,5.2,41915,675761.6,687095.9,24.29,91.73,23,1,0.49999999999999994,-0.8660254037844387,0,0,0,0,0,0,0,0,0,0,0,0,0,0,0,0,0,0,0,0,0,0,0,0,0,0,0,0,0,1,0,0,0
18929,2001,6,35.8,24.5,747.0,88.0,0.8,6.9,4.6,41915,675761.6,687095.9,24.29,91.73,23,1,1.2246467991473532e-16,-1.0,0,0,0,0,0,0,0,0,0,0,0,0,0,0,0,0,0,0,0,0,0,0,0,0,0,0,0,0,0,1,0,0,0
18953,2003,6,35.8,24.6,640.0,85.0,1.1,6.3,3.1,41915,675761.6,687095.9,24.29,91.73,23,1,1.2246467991473532e-16,-1.0,0,0,0,0,0,0,0,0,0,0,0,0,0,0,0,0,0,0,0,0,0,0,0,0,0,0,0,0,0,1,0,0,0
18963,2004,4,33.5,21.0,657.0,79.0,1.4,4.9,6.0,41915,675761.6,687095.9,24.29,91.73,23,1,0.8660254037844387,-0.4999999999999998,0,0,0,0,0,0,0,0,0,0,0,0,0,0,0,0,0,0,0,0,0,0,0,0,0,0,0,0,0,1,0,0,0
18966,2004,7,34.6,24.6,889.0,86.0,0.9,6.7,3.6,41915,675761.6,687095.9,24.29,91.73,23,1,-0.4999999999999997,-0.8660254037844388,0,0,0,0,0,0,0,0,0,0,0,0,0,0,0,0,0,0,0,0,0,0,0,0,0,0,0,0,0,1,0,0,0
18976,2005,5,35.2,21.4,615.0,82.0,1.3,4.6,6.7,41915,675761.6,687095.9,24.29,91.73,23,1,0.49999999999999994,-0.8660254037844387,0,0,0,0,0,0,0,0,0,0,0,0,0,0,0,0,0,0,0,0,0,0,0,0,0,0,0,0,0,1,0,0,0
19001,2007,6,35.5,24.6,622.0,86.0,1.2,6.6,3.4,41915,675761.6,687095.9,24.29,91.73,23,1,1.2246467991473532e-16,-1.0,0,0,0,0,0,0,0,0,0,0,0,0,0,0,0,0,0,0,0,0,0,0,0,0,0,0,0,0,0,1,0,0,0
19024,2009,5,35.4,23.1,713.0,80.0,3.0,4.7,6.7,41915,675761.6,687095.9,24.29,91.73,23,1,0.49999999999999994,-0.8660254037844387,0,0,0,0,0,0,0,0,0,0,0,0,0,0,0,0,0,0,0,0,0,0,0,0,0,0,0,0,0,1,0,0,0
19072,2013,5,34.6,22.6,783.0,83.0,3.2,6.3,4.2,41915,675761.6,687095.9,24.29,91.73,23,1,0.49999999999999994,-0.8660254037844387,0,0,0,0,0,0,0,0,0,0,0,0,0,0,0,0,0,0,0,0,0,0,0,0,0,0,0,0,0,1,0,0,0
19084,1956,5,35.0,23.4,907.0,81.33333333,1.668518519,6.7,6.025,41891,694533.2,752277.9,24.88,91.93,35,1,0.49999999999999994,-0.8660254037844387,0,0,0,0,0,0,0,0,0,0,0,0,0,0,0,0,0,0,0,0,0,0,0,0,0,0,0,0,0,0,1,0,0
19085,1956,6,32.8,24.9,977.0,87.14035088,1.566666667,7.2,3.644230769,41891,694533.2,752277.9,24.88,91.93,35,1,1.2246467991473532e-16,-1.0,0,0,0,0,0,0,0,0,0,0,0,0,0,0,0,0,0,0,0,0,0,0,0,0,0,0,0,0,0,0,1,0,0
19086,1956,7,35.0,24.6,872.0,87.24561404,1.512962963,7.1,3.719230769,41891,694533.2,752277.9,24.88,91.93,35,1,-0.4999999999999997,-0.8660254037844388,0,0,0,0,0,0,0,0,0,0,0,0,0,0,0,0,0,0,0,0,0,0,0,0,0,0,0,0,0,0,1,0,0
19087,1956,8,34.4,25.1,605.0,86.54385965,1.390740741,7.0,4.473076923,41891,694533.2,752277.9,24.88,91.93,35,1,-0.8660254037844385,-0.5000000000000004,0,0,0,0,0,0,0,0,0,0,0,0,0,0,0,0,0,0,0,0,0,0,0,0,0,0,0,0,0,0,1,0,0
19096,1957,5,34.9,22.4,893.0,87.0,1.668518519,5.8,6.025,41891,694533.2,752277.9,24.88,91.93,35,1,0.49999999999999994,-0.8660254037844387,0,0,0,0,0,0,0,0,0,0,0,0,0,0,0,0,0,0,0,0,0,0,0,0,0,0,0,0,0,0,1,0,0
19097,1957,6,33.6,24.4,625.0,90.0,1.566666667,6.6,3.644230769,41891,694533.2,752277.9,24.88,91.93,35,1,1.2246467991473532e-16,-1.0,0,0,0,0,0,0,0,0,0,0,0,0,0,0,0,0,0,0,0,0,0,0,0,0,0,0,0,0,0,0,1,0,0
19098,1957,7,33.9,25.5,447.0,88.0,1.512962963,6.9,3.719230769,41891,694533.2,752277.9,24.88,91.93,35,1,-0.4999999999999997,-0.8660254037844388,0,0,0,0,0,0,0,0,0,0,0,0,0,0,0,0,0,0,0,0,0,0,0,0,0,0,0,0,0,0,1,0,0
19099,1957,8,36.2,25.0,524.0,86.0,1.390740741,6.3,4.473076923,41891,694533.2,752277.9,24.88,91.93,35,1,-0.8660254037844385,-0.5000000000000004,0,0,0,0,0,0,0,0,0,0,0,0,0,0,0,0,0,0,0,0,0,0,0,0,0,0,0,0,0,0,1,0,0
19108,1958,5,34.5,23.0,667.0,84.0,1.668518519,5.3,6.025,41891,694533.2,752277.9,24.88,91.93,35,1,0.49999999999999994,-0.8660254037844387,0,0,0,0,0,0,0,0,0,0,0,0,0,0,0,0,0,0,0,0,0,0,0,0,0,0,0,0,0,0,1,0,0
19109,1958,6,35.2,24.9,512.0,86.0,1.566666667,6.0,3.644230769,41891,694533.2,752277.9,24.88,91.93,35,1,1.2246467991473532e-16,-1.0,0,0,0,0,0,0,0,0,0,0,0,0,0,0,0,0,0,0,0,0,0,0,0,0,0,0,0,0,0,0,1,0,0
19111,1958,8,34.4,25.0,640.0,90.0,1.390740741,6.8,4.473076923,41891,694533.2,752277.9,24.88,91.93,35,1,-0.8660254037844385,-0.5000000000000004,0,0,0,0,0,0,0,0,0,0,0,0,0,0,0,0,0,0,0,0,0,0,0,0,0,0,0,0,0,0,1,0,0
19112,1958,9,34.8,25.0,453.0,87.0,1.175925926,5.5,4.711538462,41891,694533.2,752277.9,24.88,91.93,35,1,-1.0,-1.8369701987210297e-16,0,0,0,0,0,0,0,0,0,0,0,0,0,0,0,0,0,0,0,0,0,0,0,0,0,0,0,0,0,0,1,0,0
19120,1959,5,34.1,22.3,800.0,85.0,1.668518519,6.0,6.025,41891,694533.2,752277.9,24.88,91.93,35,1,0.49999999999999994,-0.8660254037844387,0,0,0,0,0,0,0,0,0,0,0,0,0,0,0,0,0,0,0,0,0,0,0,0,0,0,0,0,0,0,1,0,0
19121,1959,6,35.1,24.6,1106.0,90.0,1.566666667,6.5,3.644230769,41891,694533.2,752277.9,24.88,91.93,35,1,1.2246467991473532e-16,-1.0,0,0,0,0,0,0,0,0,0,0,0,0,0,0,0,0,0,0,0,0,0,0,0,0,0,0,0,0,0,0,1,0,0
19123,1959,8,34.3,25.4,600.0,87.0,1.390740741,6.1,4.473076923,41891,694533.2,752277.9,24.88,91.93,35,1,-0.8660254037844385,-0.5000000000000004,0,0,0,0,0,0,0,0,0,0,0,0,0,0,0,0,0,0,0,0,0,0,0,0,0,0,0,0,0,0,1,0,0
19124,1959,9,34.2,24.6,710.0,87.0,1.175925926,6.1,4.711538462,41891,694533.2,752277.9,24.88,91.93,35,1,-1.0,-1.8369701987210297e-16,0,0,0,0,0,0,0,0,0,0,0,0,0,0,0,0,0,0,0,0,0,0,0,0,0,0,0,0,0,0,1,0,0
19133,1960,6,35.1,24.9,483.0,87.0,0.4,5.9,3.644230769,41891,694533.2,752277.9,24.88,91.93,35,1,1.2246467991473532e-16,-1.0,0,0,0,0,0,0,0,0,0,0,0,0,0,0,0,0,0,0,0,0,0,0,0,0,0,0,0,0,0,0,1,0,0
19134,1960,7,34.4,24.8,1118.0,87.0,0.6,7.5,3.719230769,41891,694533.2,752277.9,24.88,91.93,35,1,-0.4999999999999997,-0.8660254037844388,0,0,0,0,0,0,0,0,0,0,0,0,0,0,0,0,0,0,0,0,0,0,0,0,0,0,0,0,0,0,1,0,0
19136,1960,9,34.9,24.8,552.0,86.0,0.5,6.2,4.711538462,41891,694533.2,752277.9,24.88,91.93,35,1,-1.0,-1.8369701987210297e-16,0,0,0,0,0,0,0,0,0,0,0,0,0,0,0,0,0,0,0,0,0,0,0,0,0,0,0,0,0,0,1,0,0
19144,1961,5,36.9,23.3,605.0,81.0,1.7,4.9,6.025,41891,694533.2,752277.9,24.88,91.93,35,1,0.49999999999999994,-0.8660254037844387,0,0,0,0,0,0,0,0,0,0,0,0,0,0,0,0,0,0,0,0,0,0,0,0,0,0,0,0,0,0,1,0,0
19145,1961,6,35.8,24.6,922.0,87.0,1.5,6.7,3.644230769,41891,694533.2,752277.9,24.88,91.93,35,1,1.2246467991473532e-16,-1.0,0,0,0,0,0,0,0,0,0,0,0,0,0,0,0,0,0,0,0,0,0,0,0,0,0,0,0,0,0,0,1,0,0
19147,1961,8,35.1,25.4,509.0,86.0,1.3,6.6,4.473076923,41891,694533.2,752277.9,24.88,91.93,35,1,-0.8660254037844385,-0.5000000000000004,0,0,0,0,0,0,0,0,0,0,0,0,0,0,0,0,0,0,0,0,0,0,0,0,0,0,0,0,0,0,1,0,0
19157,1962,6,34.7,24.8,918.0,89.0,0.7,7.7,3.7,41891,694533.2,752277.9,24.88,91.93,35,1,1.2246467991473532e-16,-1.0,0,0,0,0,0,0,0,0,0,0,0,0,0,0,0,0,0,0,0,0,0,0,0,0,0,0,0,0,0,0,1,0,0
19159,1962,8,33.9,24.7,822.0,89.0,0.6,7.6,3.4,41891,694533.2,752277.9,24.88,91.93,35,1,-0.8660254037844385,-0.5000000000000004,0,0,0,0,0,0,0,0,0,0,0,0,0,0,0,0,0,0,0,0,0,0,0,0,0,0,0,0,0,0,1,0,0
19169,1963,6,35.8,24.6,810.0,89.0,1.8,6.8,3.9,41891,694533.2,752277.9,24.88,91.93,35,1,1.2246467991473532e-16,-1.0,0,0,0,0,0,0,0,0,0,0,0,0,0,0,0,0,0,0,0,0,0,0,0,0,0,0,0,0,0,0,1,0,0
19170,1963,7,35.6,25.4,681.0,89.0,1.4,7.1,4.1,41891,694533.2,752277.9,24.88,91.93,35,1,-0.4999999999999997,-0.8660254037844388,0,0,0,0,0,0,0,0,0,0,0,0,0,0,0,0,0,0,0,0,0,0,0,0,0,0,0,0,0,0,1,0,0
19171,1963,8,33.4,25.3,557.0,88.0,1.3,6.8,4.5,41891,694533.2,752277.9,24.88,91.93,35,1,-0.8660254037844385,-0.5000000000000004,0,0,0,0,0,0,0,0,0,0,0,0,0,0,0,0,0,0,0,0,0,0,0,0,0,0,0,0,0,0,1,0,0
19172,1963,9,34.4,25.0,512.0,85.0,1.2,6.1,6.7,41891,694533.2,752277.9,24.88,91.93,35,1,-1.0,-1.8369701987210297e-16,0,0,0,0,0,0,0,0,0,0,0,0,0,0,0,0,0,0,0,0,0,0,0,0,0,0,0,0,0,0,1,0,0
19179,1964,4,33.6,21.0,526.0,80.0,2.2,6.1,7.1,41891,694533.2,752277.9,24.88,91.93,35,1,0.8660254037844387,-0.4999999999999998,0,0,0,0,0,0,0,0,0,0,0,0,0,0,0,0,0,0,0,0,0,0,0,0,0,0,0,0,0,0,1,0,0
19181,1964,6,32.5,24.2,1294.0,90.0,1.6,7.4,3.3,41891,694533.2,752277.9,24.88,91.93,35,1,1.2246467991473532e-16,-1.0,0,0,0,0,0,0,0,0,0,0,0,0,0,0,0,0,0,0,0,0,0,0,0,0,0,0,0,0,0,0,1,0,0
19182,1964,7,34.4,24.8,1116.0,89.0,1.8,7.5,3.0,41891,694533.2,752277.9,24.88,91.93,35,1,-0.4999999999999997,-0.8660254037844388,0,0,0,0,0,0,0,0,0,0,0,0,0,0,0,0,0,0,0,0,0,0,0,0,0,0,0,0,0,0,1,0,0
19183,1964,8,34.8,25.4,538.0,86.0,1.5,6.8,5.7,41891,694533.2,752277.9,24.88,91.93,35,1,-0.8660254037844385,-0.5000000000000004,0,0,0,0,0,0,0,0,0,0,0,0,0,0,0,0,0,0,0,0,0,0,0,0,0,0,0,0,0,0,1,0,0
19184,1964,9,34.2,24.7,582.0,88.0,1.1,6.4,4.8,41891,694533.2,752277.9,24.88,91.93,35,1,-1.0,-1.8369701987210297e-16,0,0,0,0,0,0,0,0,0,0,0,0,0,0,0,0,0,0,0,0,0,0,0,0,0,0,0,0,0,0,1,0,0
19193,1965,6,34.2,24.4,916.0,89.0,2.0,7.0,2.5,41891,694533.2,752277.9,24.88,91.93,35,1,1.2246467991473532e-16,-1.0,0,0,0,0,0,0,0,0,0,0,0,0,0,0,0,0,0,0,0,0,0,0,0,0,0,0,0,0,0,0,1,0,0
19194,1965,7,33.8,24.9,508.0,88.0,1.7,6.8,3.2,41891,694533.2,752277.9,24.88,91.93,35,1,-0.4999999999999997,-0.8660254037844388,0,0,0,0,0,0,0,0,0,0,0,0,0,0,0,0,0,0,0,0,0,0,0,0,0,0,0,0,0,0,1,0,0
19195,1965,8,33.7,24.3,666.0,90.0,1.8,7.2,3.2,41891,694533.2,752277.9,24.88,91.93,35,1,-0.8660254037844385,-0.5000000000000004,0,0,0,0,0,0,0,0,0,0,0,0,0,0,0,0,0,0,0,0,0,0,0,0,0,0,0,0,0,0,1,0,0
19196,1965,9,34.4,24.6,550.0,88.0,1.0,6.3,4.2,41891,694533.2,752277.9,24.88,91.93,35,1,-1.0,-1.8369701987210297e-16,0,0,0,0,0,0,0,0,0,0,0,0,0,0,0,0,0,0,0,0,0,0,0,0,0,0,0,0,0,0,1,0,0
19204,1966,5,32.1,22.7,551.0,81.0,1.5,5.7,6.2,41891,694533.2,752277.9,24.88,91.93,35,1,0.49999999999999994,-0.8660254037844387,0,0,0,0,0,0,0,0,0,0,0,0,0,0,0,0,0,0,0,0,0,0,0,0,0,0,0,0,0,0,1,0,0
19206,1966,7,31.6,25.0,1075.0,87.0,1.6,7.1,4.2,41891,694533.2,752277.9,24.88,91.93,35,1,-0.4999999999999997,-0.8660254037844388,0,0,0,0,0,0,0,0,0,0,0,0,0,0,0,0,0,0,0,0,0,0,0,0,0,0,0,0,0,0,1,0,0
19207,1966,8,32.1,25.1,958.0,86.0,1.7,7.2,3.2,41891,694533.2,752277.9,24.88,91.93,35,1,-0.8660254037844385,-0.5000000000000004,0,0,0,0,0,0,0,0,0,0,0,0,0,0,0,0,0,0,0,0,0,0,0,0,0,0,0,0,0,0,1,0,0
19208,1966,9,32.1,24.5,537.0,86.0,1.3,5.7,5.0,41891,694533.2,752277.9,24.88,91.93,35,1,-1.0,-1.8369701987210297e-16,0,0,0,0,0,0,0,0,0,0,0,0,0,0,0,0,0,0,0,0,0,0,0,0,0,0,0,0,0,0,1,0,0
19217,1967,6,34.1,24.0,1019.0,88.0,2.2,6.8,4.7,41891,694533.2,752277.9,24.88,91.93,35,1,1.2246467991473532e-16,-1.0,0,0,0,0,0,0,0,0,0,0,0,0,0,0,0,0,0,0,0,0,0,0,0,0,0,0,0,0,0,0,1,0,0
19218,1967,7,34.6,25.3,618.0,86.0,1.9,6.9,4.6,41891,694533.2,752277.9,24.88,91.93,35,1,-0.4999999999999997,-0.8660254037844388,0,0,0,0,0,0,0,0,0,0,0,0,0,0,0,0,0,0,0,0,0,0,0,0,0,0,0,0,0,0,1,0,0
19219,1967,8,34.6,25.2,399.0,84.0,1.8,6.6,5.9,41891,694533.2,752277.9,24.88,91.93,35,1,-0.8660254037844385,-0.5000000000000004,0,0,0,0,0,0,0,0,0,0,0,0,0,0,0,0,0,0,0,0,0,0,0,0,0,0,0,0,0,0,1,0,0
19220,1967,9,33.8,24.5,573.0,88.0,1.6,6.6,4.1,41891,694533.2,752277.9,24.88,91.93,35,1,-1.0,-1.8369701987210297e-16,0,0,0,0,0,0,0,0,0,0,0,0,0,0,0,0,0,0,0,0,0,0,0,0,0,0,0,0,0,0,1,0,0
19228,1968,5,36.1,22.1,660.0,83.0,0.6,6.9,5.4,41891,694533.2,752277.9,24.88,91.93,35,1,0.49999999999999994,-0.8660254037844387,0,0,0,0,0,0,0,0,0,0,0,0,0,0,0,0,0,0,0,0,0,0,0,0,0,0,0,0,0,0,1,0,0
19229,1968,6,36.1,24.4,815.0,88.0,0.9,7.3,3.1,41891,694533.2,752277.9,24.88,91.93,35,1,1.2246467991473532e-16,-1.0,0,0,0,0,0,0,0,0,0,0,0,0,0,0,0,0,0,0,0,0,0,0,0,0,0,0,0,0,0,0,1,0,0
19230,1968,7,34.1,25.0,812.0,89.0,1.1,7.2,3.2,41891,694533.2,752277.9,24.88,91.93,35,1,-0.4999999999999997,-0.8660254037844388,0,0,0,0,0,0,0,0,0,0,0,0,0,0,0,0,0,0,0,0,0,0,0,0,0,0,0,0,0,0,1,0,0
19231,1968,8,33.5,24.7,826.0,88.0,0.8,7.0,4.6,41891,694533.2,752277.9,24.88,91.93,35,1,-0.8660254037844385,-0.5000000000000004,0,0,0,0,0,0,0,0,0,0,0,0,0,0,0,0,0,0,0,0,0,0,0,0,0,0,0,0,0,0,1,0,0
19232,1968,9,34.0,24.3,630.0,90.0,0.5,6.1,4.2,41891,694533.2,752277.9,24.88,91.93,35,1,-1.0,-1.8369701987210297e-16,0,0,0,0,0,0,0,0,0,0,0,0,0,0,0,0,0,0,0,0,0,0,0,0,0,0,0,0,0,0,1,0,0
19240,1969,5,35.6,23.3,459.0,78.0,1.2,4.7,8.2,41891,694533.2,752277.9,24.88,91.93,35,1,0.49999999999999994,-0.8660254037844387,0,0,0,0,0,0,0,0,0,0,0,0,0,0,0,0,0,0,0,0,0,0,0,0,0,0,0,0,0,0,1,0,0
19241,1969,6,33.9,24.1,704.0,89.0,1.4,7.6,3.8,41891,694533.2,752277.9,24.88,91.93,35,1,1.2246467991473532e-16,-1.0,0,0,0,0,0,0,0,0,0,0,0,0,0,0,0,0,0,0,0,0,0,0,0,0,0,0,0,0,0,0,1,0,0
19242,1969,7,34.7,25.2,738.0,87.0,1.2,7.0,5.0,41891,694533.2,752277.9,24.88,91.93,35,1,-0.4999999999999997,-0.8660254037844388,0,0,0,0,0,0,0,0,0,0,0,0,0,0,0,0,0,0,0,0,0,0,0,0,0,0,0,0,0,0,1,0,0
19243,1969,8,33.9,24.5,964.0,90.0,1.3,7.4,3.7,41891,694533.2,752277.9,24.88,91.93,35,1,-0.8660254037844385,-0.5000000000000004,0,0,0,0,0,0,0,0,0,0,0,0,0,0,0,0,0,0,0,0,0,0,0,0,0,0,0,0,0,0,1,0,0
19252,1970,5,34.4,23.1,851.0,81.0,1.6,5.0,7.7,41891,694533.2,752277.9,24.88,91.93,35,1,0.49999999999999994,-0.8660254037844387,0,0,0,0,0,0,0,0,0,0,0,0,0,0,0,0,0,0,0,0,0,0,0,0,0,0,0,0,0,0,1,0,0
19253,1970,6,35.0,24.7,955.0,88.0,1.7,7.0,4.6,41891,694533.2,752277.9,24.88,91.93,35,1,1.2246467991473532e-16,-1.0,0,0,0,0,0,0,0,0,0,0,0,0,0,0,0,0,0,0,0,0,0,0,0,0,0,0,0,0,0,0,1,0,0
19254,1970,7,35.0,24.6,1076.0,90.0,1.5,7.1,3.1,41891,694533.2,752277.9,24.88,91.93,35,1,-0.4999999999999997,-0.8660254037844388,0,0,0,0,0,0,0,0,0,0,0,0,0,0,0,0,0,0,0,0,0,0,0,0,0,0,0,0,0,0,1,0,0
19255,1970,8,34.4,25.2,662.0,87.0,1.0,6.6,5.3,41891,694533.2,752277.9,24.88,91.93,35,1,-0.8660254037844385,-0.5000000000000004,0,0,0,0,0,0,0,0,0,0,0,0,0,0,0,0,0,0,0,0,0,0,0,0,0,0,0,0,0,0,1,0,0
19256,1970,9,33.9,24.7,622.0,88.0,1.0,6.1,5.1,41891,694533.2,752277.9,24.88,91.93,35,1,-1.0,-1.8369701987210297e-16,0,0,0,0,0,0,0,0,0,0,0,0,0,0,0,0,0,0,0,0,0,0,0,0,0,0,0,0,0,0,1,0,0
19257,1970,10,33.9,22.1,608.0,86.0,1.4,4.4,6.6,41891,694533.2,752277.9,24.88,91.93,35,1,-0.8660254037844386,0.5000000000000001,0,0,0,0,0,0,0,0,0,0,0,0,0,0,0,0,0,0,0,0,0,0,0,0,0,0,0,0,0,0,1,0,0
19265,1971,6,33.9,24.7,731.0,87.0,1.5,7.3,2.5,41891,694533.2,752277.9,24.88,91.93,35,1,1.2246467991473532e-16,-1.0,0,0,0,0,0,0,0,0,0,0,0,0,0,0,0,0,0,0,0,0,0,0,0,0,0,0,0,0,0,0,1,0,0
19266,1971,7,34.5,24.5,510.0,87.0,1.6,7.1,3.3,41891,694533.2,752277.9,24.88,91.93,35,1,-0.4999999999999997,-0.8660254037844388,0,0,0,0,0,0,0,0,0,0,0,0,0,0,0,0,0,0,0,0,0,0,0,0,0,0,0,0,0,0,1,0,0
19267,1971,8,33.3,24.3,571.0,86.0,1.3,7.2,3.5,41891,694533.2,752277.9,24.88,91.93,35,1,-0.8660254037844385,-0.5000000000000004,0,0,0,0,0,0,0,0,0,0,0,0,0,0,0,0,0,0,0,0,0,0,0,0,0,0,0,0,0,0,1,0,0
19275,1972,4,34.0,19.7,445.0,78.0,2.1,5.5,7.2,41891,694533.2,752277.9,24.88,91.93,35,1,0.8660254037844387,-0.4999999999999998,0,0,0,0,0,0,0,0,0,0,0,0,0,0,0,0,0,0,0,0,0,0,0,0,0,0,0,0,0,0,1,0,0
19277,1972,6,34.7,23.7,829.0,88.0,1.3,6.4,4.2,41891,694533.2,752277.9,24.88,91.93,35,1,1.2246467991473532e-16,-1.0,0,0,0,0,0,0,0,0,0,0,0,0,0,0,0,0,0,0,0,0,0,0,0,0,0,0,0,0,0,0,1,0,0
19278,1972,7,36.7,25.1,826.0,86.0,1.1,7.0,4.9,41891,694533.2,752277.9,24.88,91.93,35,1,-0.4999999999999997,-0.8660254037844388,0,0,0,0,0,0,0,0,0,0,0,0,0,0,0,0,0,0,0,0,0,0,0,0,0,0,0,0,0,0,1,0,0
19279,1972,8,33.9,24.6,479.0,86.0,0.9,6.8,5.7,41891,694533.2,752277.9,24.88,91.93,35,1,-0.8660254037844385,-0.5000000000000004,0,0,0,0,0,0,0,0,0,0,0,0,0,0,0,0,0,0,0,0,0,0,0,0,0,0,0,0,0,0,1,0,0
19288,1973,5,32.1,22.7,551.0,81.0,1.5,5.7,5.8,41891,694533.2,752277.9,24.88,91.93,35,1,0.49999999999999994,-0.8660254037844387,0,0,0,0,0,0,0,0,0,0,0,0,0,0,0,0,0,0,0,0,0,0,0,0,0,0,0,0,0,0,1,0,0
19289,1973,6,31.5,24.4,788.0,87.0,1.3,6.8,2.2,41891,694533.2,752277.9,24.88,91.93,35,1,1.2246467991473532e-16,-1.0,0,0,0,0,0,0,0,0,0,0,0,0,0,0,0,0,0,0,0,0,0,0,0,0,0,0,0,0,0,0,1,0,0
19290,1973,7,31.6,25.0,778.0,87.0,1.3,7.1,6.1,41891,694533.2,752277.9,24.88,91.93,35,1,-0.4999999999999997,-0.8660254037844388,0,0,0,0,0,0,0,0,0,0,0,0,0,0,0,0,0,0,0,0,0,0,0,0,0,0,0,0,0,0,1,0,0
19291,1973,8,32.1,25.1,603.0,86.0,1.1,6.8,6.8,41891,694533.2,752277.9,24.88,91.93,35,1,-0.8660254037844385,-0.5000000000000004,0,0,0,0,0,0,0,0,0,0,0,0,0,0,0,0,0,0,0,0,0,0,0,0,0,0,0,0,0,0,1,0,0
19292,1973,9,32.1,24.4,495.0,86.0,0.9,6.1,5.2,41891,694533.2,752277.9,24.88,91.93,35,1,-1.0,-1.8369701987210297e-16,0,0,0,0,0,0,0,0,0,0,0,0,0,0,0,0,0,0,0,0,0,0,0,0,0,0,0,0,0,0,1,0,0
19300,1974,5,35.0,22.8,505.0,82.0,1.0,6.0,6.7,41891,694533.2,752277.9,24.88,91.93,35,1,0.49999999999999994,-0.8660254037844387,0,0,0,0,0,0,0,0,0,0,0,0,0,0,0,0,0,0,0,0,0,0,0,0,0,0,0,0,0,0,1,0,0
19301,1974,6,34.4,24.0,1014.0,88.0,0.8,7.0,4.8,41891,694533.2,752277.9,24.88,91.93,35,1,1.2246467991473532e-16,-1.0,0,0,0,0,0,0,0,0,0,0,0,0,0,0,0,0,0,0,0,0,0,0,0,0,0,0,0,0,0,0,1,0,0
19302,1974,7,32.5,24.4,1128.0,91.0,0.8,7.7,2.1,41891,694533.2,752277.9,24.88,91.93,35,1,-0.4999999999999997,-0.8660254037844388,0,0,0,0,0,0,0,0,0,0,0,0,0,0,0,0,0,0,0,0,0,0,0,0,0,0,0,0,0,0,1,0,0
19303,1974,8,34.2,25.1,854.0,87.0,0.7,6.9,4.4,41891,694533.2,752277.9,24.88,91.93,35,1,-0.8660254037844385,-0.5000000000000004,0,0,0,0,0,0,0,0,0,0,0,0,0,0,0,0,0,0,0,0,0,0,0,0,0,0,0,0,0,0,1,0,0
19304,1974,9,33.9,23.8,714.0,87.0,0.4,6.1,5.6,41891,694533.2,752277.9,24.88,91.93,35,1,-1.0,-1.8369701987210297e-16,0,0,0,0,0,0,0,0,0,0,0,0,0,0,0,0,0,0,0,0,0,0,0,0,0,0,0,0,0,0,1,0,0
19312,1975,5,34.7,22.5,567.0,81.0,0.7,5.5,6.8,41891,694533.2,752277.9,24.88,91.93,35,1,0.49999999999999994,-0.8660254037844387,0,0,0,0,0,0,0,0,0,0,0,0,0,0,0,0,0,0,0,0,0,0,0,0,0,0,0,0,0,0,1,0,0
19313,1975,6,31.5,24.4,788.0,87.0,1.3,6.8,5.9,41891,694533.2,752277.9,24.88,91.93,35,1,1.2246467991473532e-16,-1.0,0,0,0,0,0,0,0,0,0,0,0,0,0,0,0,0,0,0,0,0,0,0,0,0,0,0,0,0,0,0,1,0,0
19314,1975,7,32.8,24.4,1061.0,87.0,0.4,7.4,2.9,41891,694533.2,752277.9,24.88,91.93,35,1,-0.4999999999999997,-0.8660254037844388,0,0,0,0,0,0,0,0,0,0,0,0,0,0,0,0,0,0,0,0,0,0,0,0,0,0,0,0,0,0,1,0,0
19315,1975,8,33.9,24.9,737.0,86.0,0.4,6.6,5.8,41891,694533.2,752277.9,24.88,91.93,35,1,-0.8660254037844385,-0.5000000000000004,0,0,0,0,0,0,0,0,0,0,0,0,0,0,0,0,0,0,0,0,0,0,0,0,0,0,0,0,0,0,1,0,0
19316,1975,9,33.3,24.4,466.0,86.0,0.3,6.4,4.6,41891,694533.2,752277.9,24.88,91.93,35,1,-1.0,-1.8369701987210297e-16,0,0,0,0,0,0,0,0,0,0,0,0,0,0,0,0,0,0,0,0,0,0,0,0,0,0,0,0,0,0,1,0,0
19325,1976,6,32.5,23.7,1155.0,90.0,0.7,6.8,3.5,41891,694533.2,752277.9,24.88,91.93,35,1,1.2246467991473532e-16,-1.0,0,0,0,0,0,0,0,0,0,0,0,0,0,0,0,0,0,0,0,0,0,0,0,0,0,0,0,0,0,0,1,0,0
19326,1976,7,34.1,24.7,1096.0,87.0,0.3,6.7,4.8,41891,694533.2,752277.9,24.88,91.93,35,1,-0.4999999999999997,-0.8660254037844388,0,0,0,0,0,0,0,0,0,0,0,0,0,0,0,0,0,0,0,0,0,0,0,0,0,0,0,0,0,0,1,0,0
19327,1976,8,33.6,24.5,880.0,89.0,0.5,6.6,4.1,41891,694533.2,752277.9,24.88,91.93,35,1,-0.8660254037844385,-0.5000000000000004,0,0,0,0,0,0,0,0,0,0,0,0,0,0,0,0,0,0,0,0,0,0,0,0,0,0,0,0,0,0,1,0,0
19335,1977,4,32.1,19.9,759.0,84.0,1.4,6.6,4.0,41891,694533.2,752277.9,24.88,91.93,35,1,0.8660254037844387,-0.4999999999999998,0,0,0,0,0,0,0,0,0,0,0,0,0,0,0,0,0,0,0,0,0,0,0,0,0,0,0,0,0,0,1,0,0
19337,1977,6,33.4,23.6,787.0,89.0,0.8,7.1,3.2,41891,694533.2,752277.9,24.88,91.93,35,1,1.2246467991473532e-16,-1.0,0,0,0,0,0,0,0,0,0,0,0,0,0,0,0,0,0,0,0,0,0,0,0,0,0,0,0,0,0,0,1,0,0
19338,1977,7,33.6,25.4,516.0,87.0,0.7,7.0,4.1,41891,694533.2,752277.9,24.88,91.93,35,1,-0.4999999999999997,-0.8660254037844388,0,0,0,0,0,0,0,0,0,0,0,0,0,0,0,0,0,0,0,0,0,0,0,0,0,0,0,0,0,0,1,0,0
19339,1977,8,35.0,25.0,743.0,86.0,0.9,6.4,5.4,41891,694533.2,752277.9,24.88,91.93,35,1,-0.8660254037844385,-0.5000000000000004,0,0,0,0,0,0,0,0,0,0,0,0,0,0,0,0,0,0,0,0,0,0,0,0,0,0,0,0,0,0,1,0,0
19348,1978,5,36.1,22.2,791.0,84.0,1.4,6.8,5.0,41891,694533.2,752277.9,24.88,91.93,35,1,0.49999999999999994,-0.8660254037844387,0,0,0,0,0,0,0,0,0,0,0,0,0,0,0,0,0,0,0,0,0,0,0,0,0,0,0,0,0,0,1,0,0
19349,1978,6,33.1,24.3,870.0,89.0,0.7,7.1,3.1,41891,694533.2,752277.9,24.88,91.93,35,1,1.2246467991473532e-16,-1.0,0,0,0,0,0,0,0,0,0,0,0,0,0,0,0,0,0,0,0,0,0,0,0,0,0,0,0,0,0,0,1,0,0
19350,1978,7,33.9,24.8,722.0,86.0,0.8,7.0,3.7,41891,694533.2,752277.9,24.88,91.93,35,1,-0.4999999999999997,-0.8660254037844388,0,0,0,0,0,0,0,0,0,0,0,0,0,0,0,0,0,0,0,0,0,0,0,0,0,0,0,0,0,0,1,0,0
19361,1979,6,36.4,24.9,929.0,85.0,2.9,6.0,4.6,41891,694533.2,752277.9,24.88,91.93,35,1,1.2246467991473532e-16,-1.0,0,0,0,0,0,0,0,0,0,0,0,0,0,0,0,0,0,0,0,0,0,0,0,0,0,0,0,0,0,0,1,0,0
19362,1979,7,35.8,24.9,1322.0,90.0,2.7,7.1,3.6,41891,694533.2,752277.9,24.88,91.93,35,1,-0.4999999999999997,-0.8660254037844388,0,0,0,0,0,0,0,0,0,0,0,0,0,0,0,0,0,0,0,0,0,0,0,0,0,0,0,0,0,0,1,0,0
19364,1979,9,34.2,24.0,587.0,88.0,0.6,5.5,4.7,41891,694533.2,752277.9,24.88,91.93,35,1,-1.0,-1.8369701987210297e-16,0,0,0,0,0,0,0,0,0,0,0,0,0,0,0,0,0,0,0,0,0,0,0,0,0,0,0,0,0,0,1,0,0
19371,1980,4,35.8,21.4,519.0,74.0,1.3,5.2,7.5,41891,694533.2,752277.9,24.88,91.93,35,1,0.8660254037844387,-0.4999999999999998,0,0,0,0,0,0,0,0,0,0,0,0,0,0,0,0,0,0,0,0,0,0,0,0,0,0,0,0,0,0,1,0,0
19372,1980,5,32.9,21.5,758.0,83.0,1.3,5.8,6.3,41891,694533.2,752277.9,24.88,91.93,35,1,0.49999999999999994,-0.8660254037844387,0,0,0,0,0,0,0,0,0,0,0,0,0,0,0,0,0,0,0,0,0,0,0,0,0,0,0,0,0,0,1,0,0
19373,1980,6,34.6,25.2,457.0,85.0,1.0,6.8,5.2,41891,694533.2,752277.9,24.88,91.93,35,1,1.2246467991473532e-16,-1.0,0,0,0,0,0,0,0,0,0,0,0,0,0,0,0,0,0,0,0,0,0,0,0,0,0,0,0,0,0,0,1,0,0
19377,1980,10,32.6,21.9,489.0,83.0,0.9,3.4,7.3,41891,694533.2,752277.9,24.88,91.93,35,1,-0.8660254037844386,0.5000000000000001,0,0,0,0,0,0,0,0,0,0,0,0,0,0,0,0,0,0,0,0,0,0,0,0,0,0,0,0,0,0,1,0,0
19384,1981,5,34.4,22.4,1000.0,82.0,1.1,5.6,6.3,41891,694533.2,752277.9,24.88,91.93,35,1,0.49999999999999994,-0.8660254037844387,0,0,0,0,0,0,0,0,0,0,0,0,0,0,0,0,0,0,0,0,0,0,0,0,0,0,0,0,0,0,1,0,0
19386,1981,7,34.4,24.8,1113.0,89.0,1.0,7.1,3.7,41891,694533.2,752277.9,24.88,91.93,35,1,-0.4999999999999997,-0.8660254037844388,0,0,0,0,0,0,0,0,0,0,0,0,0,0,0,0,0,0,0,0,0,0,0,0,0,0,0,0,0,0,1,0,0
19387,1981,8,35.8,25.3,747.0,87.0,1.0,6.6,5.5,41891,694533.2,752277.9,24.88,91.93,35,1,-0.8660254037844385,-0.5000000000000004,0,0,0,0,0,0,0,0,0,0,0,0,0,0,0,0,0,0,0,0,0,0,0,0,0,0,0,0,0,0,1,0,0
19388,1981,9,35.5,24.7,464.0,85.0,0.8,5.9,5.4,41891,694533.2,752277.9,24.88,91.93,35,1,-1.0,-1.8369701987210297e-16,0,0,0,0,0,0,0,0,0,0,0,0,0,0,0,0,0,0,0,0,0,0,0,0,0,0,0,0,0,0,1,0,0
19395,1982,4,35.0,20.5,732.0,80.0,1.8,5.6,6.4,41891,694533.2,752277.9,24.88,91.93,35,1,0.8660254037844387,-0.4999999999999998,0,0,0,0,0,0,0,0,0,0,0,0,0,0,0,0,0,0,0,0,0,0,0,0,0,0,0,0,0,0,1,0,0
19396,1982,5,36.7,23.1,509.0,79.0,1.1,3.9,8.2,41891,694533.2,752277.9,24.88,91.93,35,1,0.49999999999999994,-0.8660254037844387,0,0,0,0,0,0,0,0,0,0,0,0,0,0,0,0,0,0,0,0,0,0,0,0,0,0,0,0,0,0,1,0,0
19397,1982,6,35.4,24.8,870.0,88.0,1.1,6.8,3.5,41891,694533.2,752277.9,24.88,91.93,35,1,1.2246467991473532e-16,-1.0,0,0,0,0,0,0,0,0,0,0,0,0,0,0,0,0,0,0,0,0,0,0,0,0,0,0,0,0,0,0,1,0,0
19398,1982,7,34.4,24.9,807.0,88.0,1.1,6.9,3.5,41891,694533.2,752277.9,24.88,91.93,35,1,-0.4999999999999997,-0.8660254037844388,0,0,0,0,0,0,0,0,0,0,0,0,0,0,0,0,0,0,0,0,0,0,0,0,0,0,0,0,0,0,1,0,0
19399,1982,8,34.9,25.4,661.0,85.0,1.3,6.5,6.2,41891,694533.2,752277.9,24.88,91.93,35,1,-0.8660254037844385,-0.5000000000000004,0,0,0,0,0,0,0,0,0,0,0,0,0,0,0,0,0,0,0,0,0,0,0,0,0,0,0,0,0,0,1,0,0
19400,1982,9,35.8,24.5,513.0,88.0,0.9,5.9,3.9,41891,694533.2,752277.9,24.88,91.93,35,1,-1.0,-1.8369701987210297e-16,0,0,0,0,0,0,0,0,0,0,0,0,0,0,0,0,0,0,0,0,0,0,0,0,0,0,0,0,0,0,1,0,0
19408,1983,5,34.8,22.6,580.0,82.0,1.0,5.0,6.1,41891,694533.2,752277.9,24.88,91.93,35,1,0.49999999999999994,-0.8660254037844387,0,0,0,0,0,0,0,0,0,0,0,0,0,0,0,0,0,0,0,0,0,0,0,0,0,0,0,0,0,0,1,0,0
19409,1983,6,34.5,24.5,667.0,86.0,0.8,6.2,4.7,41891,694533.2,752277.9,24.88,91.93,35,1,1.2246467991473532e-16,-1.0,0,0,0,0,0,0,0,0,0,0,0,0,0,0,0,0,0,0,0,0,0,0,0,0,0,0,0,0,0,0,1,0,0
19410,1983,7,34.4,25.6,952.0,88.0,0.8,6.7,4.1,41891,694533.2,752277.9,24.88,91.93,35,1,-0.4999999999999997,-0.8660254037844388,0,0,0,0,0,0,0,0,0,0,0,0,0,0,0,0,0,0,0,0,0,0,0,0,0,0,0,0,0,0,1,0,0
19411,1983,8,35.5,25.1,858.0,87.0,0.8,6.9,4.5,41891,694533.2,752277.9,24.88,91.93,35,1,-0.8660254037844385,-0.5000000000000004,0,0,0,0,0,0,0,0,0,0,0,0,0,0,0,0,0,0,0,0,0,0,0,0,0,0,0,0,0,0,1,0,0
19412,1983,9,34.4,24.9,536.0,87.0,0.5,6.7,4.7,41891,694533.2,752277.9,24.88,91.93,35,1,-1.0,-1.8369701987210297e-16,0,0,0,0,0,0,0,0,0,0,0,0,0,0,0,0,0,0,0,0,0,0,0,0,0,0,0,0,0,0,1,0,0
19420,1984,5,34.4,22.2,900.0,86.0,1.3,6.8,3.7,41891,694533.2,752277.9,24.88,91.93,35,1,0.49999999999999994,-0.8660254037844387,0,0,0,0,0,0,0,0,0,0,0,0,0,0,0,0,0,0,0,0,0,0,0,0,0,0,0,0,0,0,1,0,0
19421,1984,6,36.7,25.2,596.0,83.0,1.2,6.7,4.3,41891,694533.2,752277.9,24.88,91.93,35,1,1.2246467991473532e-16,-1.0,0,0,0,0,0,0,0,0,0,0,0,0,0,0,0,0,0,0,0,0,0,0,0,0,0,0,0,0,0,0,1,0,0
19422,1984,7,35.0,24.6,820.0,87.0,1.2,7.2,2.8,41891,694533.2,752277.9,24.88,91.93,35,1,-0.4999999999999997,-0.8660254037844388,0,0,0,0,0,0,0,0,0,0,0,0,0,0,0,0,0,0,0,0,0,0,0,0,0,0,0,0,0,0,1,0,0
19424,1984,9,34.6,23.4,801.0,87.0,1.0,5.5,4.7,41891,694533.2,752277.9,24.88,91.93,35,1,-1.0,-1.8369701987210297e-16,0,0,0,0,0,0,0,0,0,0,0,0,0,0,0,0,0,0,0,0,0,0,0,0,0,0,0,0,0,0,1,0,0
19431,1985,4,34.2,21.2,541.0,81.0,1.7,5.3,6.9,41891,694533.2,752277.9,24.88,91.93,35,1,0.8660254037844387,-0.4999999999999998,0,0,0,0,0,0,0,0,0,0,0,0,0,0,0,0,0,0,0,0,0,0,0,0,0,0,0,0,0,0,1,0,0
19433,1985,6,34.4,24.1,1083.0,88.0,1.2,6.9,4.0,41891,694533.2,752277.9,24.88,91.93,35,1,1.2246467991473532e-16,-1.0,0,0,0,0,0,0,0,0,0,0,0,0,0,0,0,0,0,0,0,0,0,0,0,0,0,0,0,0,0,0,1,0,0
19434,1985,7,34.4,24.3,670.0,87.0,1.2,7.2,3.5,41891,694533.2,752277.9,24.88,91.93,35,1,-0.4999999999999997,-0.8660254037844388,0,0,0,0,0,0,0,0,0,0,0,0,0,0,0,0,0,0,0,0,0,0,0,0,0,0,0,0,0,0,1,0,0
19436,1985,9,35.0,24.0,596.0,87.0,0.8,6.1,4.6,41891,694533.2,752277.9,24.88,91.93,35,1,-1.0,-1.8369701987210297e-16,0,0,0,0,0,0,0,0,0,0,0,0,0,0,0,0,0,0,0,0,0,0,0,0,0,0,0,0,0,0,1,0,0
19446,1986,7,34.4,23.4,646.0,88.0,1.3,7.1,3.1,41891,694533.2,752277.9,24.88,91.93,35,1,-0.4999999999999997,-0.8660254037844388,0,0,0,0,0,0,0,0,0,0,0,0,0,0,0,0,0,0,0,0,0,0,0,0,0,0,0,0,0,0,1,0,0
19447,1986,8,36.7,23.3,586.0,87.0,1.3,6.5,4.2,41891,694533.2,752277.9,24.88,91.93,35,1,-0.8660254037844385,-0.5000000000000004,0,0,0,0,0,0,0,0,0,0,0,0,0,0,0,0,0,0,0,0,0,0,0,0,0,0,0,0,0,0,1,0,0
19448,1986,9,33.9,22.5,494.0,88.0,1.2,6.9,2.6,41891,694533.2,752277.9,24.88,91.93,35,1,-1.0,-1.8369701987210297e-16,0,0,0,0,0,0,0,0,0,0,0,0,0,0,0,0,0,0,0,0,0,0,0,0,0,0,0,0,0,0,1,0,0
19449,1986,10,32.3,20.1,454.0,84.0,1.1,3.8,6.6,41891,694533.2,752277.9,24.88,91.93,35,1,-0.8660254037844386,0.5000000000000001,0,0,0,0,0,0,0,0,0,0,0,0,0,0,0,0,0,0,0,0,0,0,0,0,0,0,0,0,0,0,1,0,0
19457,1987,6,34.4,24.6,1057.0,89.0,1.6,6.8,2.5,41891,694533.2,752277.9,24.88,91.93,35,1,1.2246467991473532e-16,-1.0,0,0,0,0,0,0,0,0,0,0,0,0,0,0,0,0,0,0,0,0,0,0,0,0,0,0,0,0,0,0,1,0,0
19458,1987,7,34.7,24.9,1038.0,91.0,1.8,7.4,2.7,41891,694533.2,752277.9,24.88,91.93,35,1,-0.4999999999999997,-0.8660254037844388,0,0,0,0,0,0,0,0,0,0,0,0,0,0,0,0,0,0,0,0,0,0,0,0,0,0,0,0,0,0,1,0,0
19459,1987,8,35.0,25.1,638.0,89.0,1.6,6.9,3.4,41891,694533.2,752277.9,24.88,91.93,35,1,-0.8660254037844385,-0.5000000000000004,0,0,0,0,0,0,0,0,0,0,0,0,0,0,0,0,0,0,0,0,0,0,0,0,0,0,0,0,0,0,1,0,0
19460,1987,9,34.0,24.5,922.0,89.0,1.4,6.7,3.7,41891,694533.2,752277.9,24.88,91.93,35,1,-1.0,-1.8369701987210297e-16,0,0,0,0,0,0,0,0,0,0,0,0,0,0,0,0,0,0,0,0,0,0,0,0,0,0,0,0,0,0,1,0,0
19468,1988,5,33.9,22.3,1110.0,87.0,1.7,6.7,3.6,41891,694533.2,752277.9,24.88,91.93,35,1,0.49999999999999994,-0.8660254037844387,0,0,0,0,0,0,0,0,0,0,0,0,0,0,0,0,0,0,0,0,0,0,0,0,0,0,0,0,0,0,1,0,0
19469,1988,6,36.7,24.3,959.0,85.0,1.8,6.2,5.1,41891,694533.2,752277.9,24.88,91.93,35,1,1.2246467991473532e-16,-1.0,0,0,0,0,0,0,0,0,0,0,0,0,0,0,0,0,0,0,0,0,0,0,0,0,0,0,0,0,0,0,1,0,0
19470,1988,7,35.0,24.7,738.0,88.0,1.8,7.1,2.7,41891,694533.2,752277.9,24.88,91.93,35,1,-0.4999999999999997,-0.8660254037844388,0,0,0,0,0,0,0,0,0,0,0,0,0,0,0,0,0,0,0,0,0,0,0,0,0,0,0,0,0,0,1,0,0
19471,1988,8,35.2,24.7,1157.0,92.0,1.4,7.7,1.9,41891,694533.2,752277.9,24.88,91.93,35,1,-0.8660254037844385,-0.5000000000000004,0,0,0,0,0,0,0,0,0,0,0,0,0,0,0,0,0,0,0,0,0,0,0,0,0,0,0,0,0,0,1,0,0
19472,1988,9,35.3,24.3,772.0,86.0,1.3,6.4,4.8,41891,694533.2,752277.9,24.88,91.93,35,1,-1.0,-1.8369701987210297e-16,0,0,0,0,0,0,0,0,0,0,0,0,0,0,0,0,0,0,0,0,0,0,0,0,0,0,0,0,0,0,1,0,0
19480,1989,5,35.6,24.1,543.0,80.0,1.2,5.2,6.8,41891,694533.2,752277.9,24.88,91.93,35,1,0.49999999999999994,-0.8660254037844387,0,0,0,0,0,0,0,0,0,0,0,0,0,0,0,0,0,0,0,0,0,0,0,0,0,0,0,0,0,0,1,0,0
19481,1989,6,35.6,24.4,970.0,86.0,1.4,6.4,3.5,41891,694533.2,752277.9,24.88,91.93,35,1,1.2246467991473532e-16,-1.0,0,0,0,0,0,0,0,0,0,0,0,0,0,0,0,0,0,0,0,0,0,0,0,0,0,0,0,0,0,0,1,0,0
19482,1989,7,35.3,25.0,1342.0,88.0,1.3,6.9,3.1,41891,694533.2,752277.9,24.88,91.93,35,1,-0.4999999999999997,-0.8660254037844388,0,0,0,0,0,0,0,0,0,0,0,0,0,0,0,0,0,0,0,0,0,0,0,0,0,0,0,0,0,0,1,0,0
19483,1989,8,34.6,25.2,665.0,85.0,0.9,6.4,5.1,41891,694533.2,752277.9,24.88,91.93,35,1,-0.8660254037844385,-0.5000000000000004,0,0,0,0,0,0,0,0,0,0,0,0,0,0,0,0,0,0,0,0,0,0,0,0,0,0,0,0,0,0,1,0,0
19484,1989,9,35.0,24.2,1081.0,89.0,0.8,6.4,3.7,41891,694533.2,752277.9,24.88,91.93,35,1,-1.0,-1.8369701987210297e-16,0,0,0,0,0,0,0,0,0,0,0,0,0,0,0,0,0,0,0,0,0,0,0,0,0,0,0,0,0,0,1,0,0
19485,1989,10,34.4,23.0,524.0,86.0,1.1,4.7,5.5,41891,694533.2,752277.9,24.88,91.93,35,1,-0.8660254037844386,0.5000000000000001,0,0,0,0,0,0,0,0,0,0,0,0,0,0,0,0,0,0,0,0,0,0,0,0,0,0,0,0,0,0,1,0,0
19491,1990,4,32.8,19.6,510.0,80.0,2.6,6.0,4.3,41891,694533.2,752277.9,24.88,91.93,35,1,0.8660254037844387,-0.4999999999999998,0,0,0,0,0,0,0,0,0,0,0,0,0,0,0,0,0,0,0,0,0,0,0,0,0,0,0,0,0,0,1,0,0
19492,1990,5,35.3,23.5,546.0,80.0,1.2,5.4,6.0,41891,694533.2,752277.9,24.88,91.93,35,1,0.49999999999999994,-0.8660254037844387,0,0,0,0,0,0,0,0,0,0,0,0,0,0,0,0,0,0,0,0,0,0,0,0,0,0,0,0,0,0,1,0,0
19493,1990,6,36.3,24.9,595.0,87.0,1.1,7.0,3.0,41891,694533.2,752277.9,24.88,91.93,35,1,1.2246467991473532e-16,-1.0,0,0,0,0,0,0,0,0,0,0,0,0,0,0,0,0,0,0,0,0,0,0,0,0,0,0,0,0,0,0,1,0,0
19494,1990,7,35.0,25.3,784.0,87.0,1.2,7.1,3.3,41891,694533.2,752277.9,24.88,91.93,35,1,-0.4999999999999997,-0.8660254037844388,0,0,0,0,0,0,0,0,0,0,0,0,0,0,0,0,0,0,0,0,0,0,0,0,0,0,0,0,0,0,1,0,0
19495,1990,8,35.5,25.2,547.0,86.0,1.0,6.1,4.5,41891,694533.2,752277.9,24.88,91.93,35,1,-0.8660254037844385,-0.5000000000000004,0,0,0,0,0,0,0,0,0,0,0,0,0,0,0,0,0,0,0,0,0,0,0,0,0,0,0,0,0,0,1,0,0
19496,1990,9,34.6,24.3,1023.0,90.0,1.0,6.7,3.5,41891,694533.2,752277.9,24.88,91.93,35,1,-1.0,-1.8369701987210297e-16,0,0,0,0,0,0,0,0,0,0,0,0,0,0,0,0,0,0,0,0,0,0,0,0,0,0,0,0,0,0,1,0,0
19504,1991,5,32.8,20.7,1071.0,88.0,2.1,7.4,1.8,41891,694533.2,752277.9,24.88,91.93,35,1,0.49999999999999994,-0.8660254037844387,0,0,0,0,0,0,0,0,0,0,0,0,0,0,0,0,0,0,0,0,0,0,0,0,0,0,0,0,0,0,1,0,0
19505,1991,6,33.8,23.5,1203.0,89.0,1.3,7.4,1.9,41891,694533.2,752277.9,24.88,91.93,35,1,1.2246467991473532e-16,-1.0,0,0,0,0,0,0,0,0,0,0,0,0,0,0,0,0,0,0,0,0,0,0,0,0,0,0,0,0,0,0,1,0,0
19507,1991,8,37.4,24.7,437.0,85.0,1.3,7.0,4.1,41891,694533.2,752277.9,24.88,91.93,35,1,-0.8660254037844385,-0.5000000000000004,0,0,0,0,0,0,0,0,0,0,0,0,0,0,0,0,0,0,0,0,0,0,0,0,0,0,0,0,0,0,1,0,0
19508,1991,9,33.6,23.7,781.0,90.0,0.9,6.5,2.4,41891,694533.2,752277.9,24.88,91.93,35,1,-1.0,-1.8369701987210297e-16,0,0,0,0,0,0,0,0,0,0,0,0,0,0,0,0,0,0,0,0,0,0,0,0,0,0,0,0,0,0,1,0,0
19516,1992,5,34.3,21.0,544.0,81.0,1.6,5.6,5.5,41891,694533.2,752277.9,24.88,91.93,35,1,0.49999999999999994,-0.8660254037844387,0,0,0,0,0,0,0,0,0,0,0,0,0,0,0,0,0,0,0,0,0,0,0,0,0,0,0,0,0,0,1,0,0
19517,1992,6,36.1,23.1,666.0,84.0,1.2,6.1,4.7,41891,694533.2,752277.9,24.88,91.93,35,1,1.2246467991473532e-16,-1.0,0,0,0,0,0,0,0,0,0,0,0,0,0,0,0,0,0,0,0,0,0,0,0,0,0,0,0,0,0,0,1,0,0
19518,1992,7,35.4,24.1,901.0,88.0,1.4,7.1,2.7,41891,694533.2,752277.9,24.88,91.93,35,1,-0.4999999999999997,-0.8660254037844388,0,0,0,0,0,0,0,0,0,0,0,0,0,0,0,0,0,0,0,0,0,0,0,0,0,0,0,0,0,0,1,0,0
19520,1992,9,35.5,22.3,459.0,86.0,1.1,5.9,4.6,41891,694533.2,752277.9,24.88,91.93,35,1,-1.0,-1.8369701987210297e-16,0,0,0,0,0,0,0,0,0,0,0,0,0,0,0,0,0,0,0,0,0,0,0,0,0,0,0,0,0,0,1,0,0
19528,1993,5,35.4,21.9,577.0,84.0,1.6,6.3,4.4,41891,694533.2,752277.9,24.88,91.93,35,1,0.49999999999999994,-0.8660254037844387,0,0,0,0,0,0,0,0,0,0,0,0,0,0,0,0,0,0,0,0,0,0,0,0,0,0,0,0,0,0,1,0,0
19529,1993,6,35.1,23.8,1066.0,88.0,1.7,7.1,3.6,41891,694533.2,752277.9,24.88,91.93,35,1,1.2246467991473532e-16,-1.0,0,0,0,0,0,0,0,0,0,0,0,0,0,0,0,0,0,0,0,0,0,0,0,0,0,0,0,0,0,0,1,0,0
19530,1993,7,35.2,25.1,1172.0,88.0,1.4,7.0,4.1,41891,694533.2,752277.9,24.88,91.93,35,1,-0.4999999999999997,-0.8660254037844388,0,0,0,0,0,0,0,0,0,0,0,0,0,0,0,0,0,0,0,0,0,0,0,0,0,0,0,0,0,0,1,0,0
19531,1993,8,34.5,25.5,586.0,87.0,1.4,7.2,3.1,41891,694533.2,752277.9,24.88,91.93,35,1,-0.8660254037844385,-0.5000000000000004,0,0,0,0,0,0,0,0,0,0,0,0,0,0,0,0,0,0,0,0,0,0,0,0,0,0,0,0,0,0,1,0,0
19532,1993,9,35.6,24.6,752.0,86.0,1.0,6.6,4.6,41891,694533.2,752277.9,24.88,91.93,35,1,-1.0,-1.8369701987210297e-16,0,0,0,0,0,0,0,0,0,0,0,0,0,0,0,0,0,0,0,0,0,0,0,0,0,0,0,0,0,0,1,0,0
19538,1994,3,32.0,18.2,515.0,74.0,1.8,4.5,5.9,41891,694533.2,752277.9,24.88,91.93,35,1,1.0,6.123233995736766e-17,0,0,0,0,0,0,0,0,0,0,0,0,0,0,0,0,0,0,0,0,0,0,0,0,0,0,0,0,0,0,1,0,0
19541,1994,6,34.2,24.8,584.0,85.0,1.5,7.1,3.5,41891,694533.2,752277.9,24.88,91.93,35,1,1.2246467991473532e-16,-1.0,0,0,0,0,0,0,0,0,0,0,0,0,0,0,0,0,0,0,0,0,0,0,0,0,0,0,0,0,0,0,1,0,0
19542,1994,7,36.2,25.3,757.0,82.0,1.5,6.8,5.6,41891,694533.2,752277.9,24.88,91.93,35,1,-0.4999999999999997,-0.8660254037844388,0,0,0,0,0,0,0,0,0,0,0,0,0,0,0,0,0,0,0,0,0,0,0,0,0,0,0,0,0,0,1,0,0
19543,1994,8,36.0,25.9,573.0,83.0,1.1,6.9,4.9,41891,694533.2,752277.9,24.88,91.93,35,1,-0.8660254037844385,-0.5000000000000004,0,0,0,0,0,0,0,0,0,0,0,0,0,0,0,0,0,0,0,0,0,0,0,0,0,0,0,0,0,0,1,0,0
19553,1995,6,37.0,25.1,909.0,87.0,1.2,7.1,3.2,41891,694533.2,752277.9,24.88,91.93,35,1,1.2246467991473532e-16,-1.0,0,0,0,0,0,0,0,0,0,0,0,0,0,0,0,0,0,0,0,0,0,0,0,0,0,0,0,0,0,0,1,0,0
19554,1995,7,36.0,25.3,712.0,86.0,1.2,7.4,3.5,41891,694533.2,752277.9,24.88,91.93,35,1,-0.4999999999999997,-0.8660254037844388,0,0,0,0,0,0,0,0,0,0,0,0,0,0,0,0,0,0,0,0,0,0,0,0,0,0,0,0,0,0,1,0,0
19555,1995,8,34.4,25.3,709.0,86.0,1.0,6.9,4.4,41891,694533.2,752277.9,24.88,91.93,35,1,-0.8660254037844385,-0.5000000000000004,0,0,0,0,0,0,0,0,0,0,0,0,0,0,0,0,0,0,0,0,0,0,0,0,0,0,0,0,0,0,1,0,0
19556,1995,9,35.5,25.3,423.0,84.0,0.9,6.6,4.1,41891,694533.2,752277.9,24.88,91.93,35,1,-1.0,-1.8369701987210297e-16,0,0,0,0,0,0,0,0,0,0,0,0,0,0,0,0,0,0,0,0,0,0,0,0,0,0,0,0,0,0,1,0,0
19564,1996,5,35.2,22.8,759.0,84.0,1.4,6.3,4.7,41891,694533.2,752277.9,24.88,91.93,35,1,0.49999999999999994,-0.8660254037844387,0,0,0,0,0,0,0,0,0,0,0,0,0,0,0,0,0,0,0,0,0,0,0,0,0,0,0,0,0,0,1,0,0
19565,1996,6,37.0,24.3,518.0,86.0,1.2,6.3,4.0,41891,694533.2,752277.9,24.88,91.93,35,1,1.2246467991473532e-16,-1.0,0,0,0,0,0,0,0,0,0,0,0,0,0,0,0,0,0,0,0,0,0,0,0,0,0,0,0,0,0,0,1,0,0
19566,1996,7,36.7,25.1,745.0,91.0,1.0,7.5,2.3,41891,694533.2,752277.9,24.88,91.93,35,1,-0.4999999999999997,-0.8660254037844388,0,0,0,0,0,0,0,0,0,0,0,0,0,0,0,0,0,0,0,0,0,0,0,0,0,0,0,0,0,0,1,0,0
19567,1996,8,36.2,25.1,744.0,89.0,0.9,7.1,3.6,41891,694533.2,752277.9,24.88,91.93,35,1,-0.8660254037844385,-0.5000000000000004,0,0,0,0,0,0,0,0,0,0,0,0,0,0,0,0,0,0,0,0,0,0,0,0,0,0,0,0,0,0,1,0,0
19577,1997,6,36.7,23.8,796.0,88.0,1.4,7.1,3.1,41891,694533.2,752277.9,24.88,91.93,35,1,1.2246467991473532e-16,-1.0,0,0,0,0,0,0,0,0,0,0,0,0,0,0,0,0,0,0,0,0,0,0,0,0,0,0,0,0,0,0,1,0,0
19578,1997,7,36.0,25.4,681.0,89.0,1.1,7.2,3.5,41891,694533.2,752277.9,24.88,91.93,35,1,-0.4999999999999997,-0.8660254037844388,0,0,0,0,0,0,0,0,0,0,0,0,0,0,0,0,0,0,0,0,0,0,0,0,0,0,0,0,0,0,1,0,0
19579,1997,8,36.6,25.5,486.0,86.0,1.1,6.7,4.3,41891,694533.2,752277.9,24.88,91.93,35,1,-0.8660254037844385,-0.5000000000000004,0,0,0,0,0,0,0,0,0,0,0,0,0,0,0,0,0,0,0,0,0,0,0,0,0,0,0,0,0,0,1,0,0
19580,1997,9,34.5,23.8,946.0,90.0,1.1,6.6,3.3,41891,694533.2,752277.9,24.88,91.93,35,1,-1.0,-1.8369701987210297e-16,0,0,0,0,0,0,0,0,0,0,0,0,0,0,0,0,0,0,0,0,0,0,0,0,0,0,0,0,0,0,1,0,0
19587,1998,4,34.3,21.4,548.0,79.0,1.4,5.0,6.3,41891,694533.2,752277.9,24.88,91.93,35,1,0.8660254037844387,-0.4999999999999998,0,0,0,0,0,0,0,0,0,0,0,0,0,0,0,0,0,0,0,0,0,0,0,0,0,0,0,0,0,0,1,0,0
19589,1998,6,34.6,24.8,858.0,89.0,1.5,7.2,3.0,41891,694533.2,752277.9,24.88,91.93,35,1,1.2246467991473532e-16,-1.0,0,0,0,0,0,0,0,0,0,0,0,0,0,0,0,0,0,0,0,0,0,0,0,0,0,0,0,0,0,0,1,0,0
19590,1998,7,34.5,25.0,1245.0,93.0,1.4,7.6,1.8,41891,694533.2,752277.9,24.88,91.93,35,1,-0.4999999999999997,-0.8660254037844388,0,0,0,0,0,0,0,0,0,0,0,0,0,0,0,0,0,0,0,0,0,0,0,0,0,0,0,0,0,0,1,0,0
19591,1998,8,34.1,25.4,665.0,91.0,1.1,7.4,2.7,41891,694533.2,752277.9,24.88,91.93,35,1,-0.8660254037844385,-0.5000000000000004,0,0,0,0,0,0,0,0,0,0,0,0,0,0,0,0,0,0,0,0,0,0,0,0,0,0,0,0,0,0,1,0,0
19600,1999,5,34.7,23.3,731.0,84.0,1.5,6.0,4.9,41891,694533.2,752277.9,24.88,91.93,35,1,0.49999999999999994,-0.8660254037844387,0,0,0,0,0,0,0,0,0,0,0,0,0,0,0,0,0,0,0,0,0,0,0,0,0,0,0,0,0,0,1,0,0
19601,1999,6,36.7,25.2,472.0,86.0,1.3,6.8,4.1,41891,694533.2,752277.9,24.88,91.93,35,1,1.2246467991473532e-16,-1.0,0,0,0,0,0,0,0,0,0,0,0,0,0,0,0,0,0,0,0,0,0,0,0,0,0,0,0,0,0,0,1,0,0
19602,1999,7,37.4,25.4,775.0,88.0,1.3,7.3,2.8,41891,694533.2,752277.9,24.88,91.93,35,1,-0.4999999999999997,-0.8660254037844388,0,0,0,0,0,0,0,0,0,0,0,0,0,0,0,0,0,0,0,0,0,0,0,0,0,0,0,0,0,0,1,0,0
19603,1999,8,36.0,25.4,503.0,87.0,1.2,7.2,3.4,41891,694533.2,752277.9,24.88,91.93,35,1,-0.8660254037844385,-0.5000000000000004,0,0,0,0,0,0,0,0,0,0,0,0,0,0,0,0,0,0,0,0,0,0,0,0,0,0,0,0,0,0,1,0,0
19611,2000,4,33.7,20.8,654.0,81.0,2.1,5.2,5.8,41891,694533.2,752277.9,24.88,91.93,35,1,0.8660254037844387,-0.4999999999999998,0,0,0,0,0,0,0,0,0,0,0,0,0,0,0,0,0,0,0,0,0,0,0,0,0,0,0,0,0,0,1,0,0
19612,2000,5,36.7,23.4,661.0,85.0,1.7,6.2,4.5,41891,694533.2,752277.9,24.88,91.93,35,1,0.49999999999999994,-0.8660254037844387,0,0,0,0,0,0,0,0,0,0,0,0,0,0,0,0,0,0,0,0,0,0,0,0,0,0,0,0,0,0,1,0,0
19613,2000,6,35.5,24.8,794.0,89.0,1.7,7.0,3.4,41891,694533.2,752277.9,24.88,91.93,35,1,1.2246467991473532e-16,-1.0,0,0,0,0,0,0,0,0,0,0,0,0,0,0,0,0,0,0,0,0,0,0,0,0,0,0,0,0,0,0,1,0,0
19615,2000,8,35.5,24.8,981.0,89.0,1.5,6.8,3.3,41891,694533.2,752277.9,24.88,91.93,35,1,-0.8660254037844385,-0.5000000000000004,0,0,0,0,0,0,0,0,0,0,0,0,0,0,0,0,0,0,0,0,0,0,0,0,0,0,0,0,0,0,1,0,0
19616,2000,9,34.5,24.5,733.0,88.0,1.2,6.7,2.9,41891,694533.2,752277.9,24.88,91.93,35,1,-1.0,-1.8369701987210297e-16,0,0,0,0,0,0,0,0,0,0,0,0,0,0,0,0,0,0,0,0,0,0,0,0,0,0,0,0,0,0,1,0,0
19625,2001,6,35.7,25.2,729.0,89.0,1.5,7.1,3.3,41891,694533.2,752277.9,24.88,91.93,35,1,1.2246467991473532e-16,-1.0,0,0,0,0,0,0,0,0,0,0,0,0,0,0,0,0,0,0,0,0,0,0,0,0,0,0,0,0,0,0,1,0,0
19626,2001,7,36.0,25.6,612.0,88.0,1.6,7.1,3.9,41891,694533.2,752277.9,24.88,91.93,35,1,-0.4999999999999997,-0.8660254037844388,0,0,0,0,0,0,0,0,0,0,0,0,0,0,0,0,0,0,0,0,0,0,0,0,0,0,0,0,0,0,1,0,0
19627,2001,8,35.7,25.7,606.0,87.0,1.5,6.8,5.4,41891,694533.2,752277.9,24.88,91.93,35,1,-0.8660254037844385,-0.5000000000000004,0,0,0,0,0,0,0,0,0,0,0,0,0,0,0,0,0,0,0,0,0,0,0,0,0,0,0,0,0,0,1,0,0
19636,2002,5,36.2,22.7,548.0,83.0,2.3,5.8,5.5,41891,694533.2,752277.9,24.88,91.93,35,1,0.49999999999999994,-0.8660254037844387,0,0,0,0,0,0,0,0,0,0,0,0,0,0,0,0,0,0,0,0,0,0,0,0,0,0,0,0,0,0,1,0,0
19637,2002,6,34.9,24.8,701.0,92.0,1.5,7.3,2.2,41891,694533.2,752277.9,24.88,91.93,35,1,1.2246467991473532e-16,-1.0,0,0,0,0,0,0,0,0,0,0,0,0,0,0,0,0,0,0,0,0,0,0,0,0,0,0,0,0,0,0,1,0,0
19638,2002,7,33.7,25.3,841.0,92.0,1.4,7.6,1.7,41891,694533.2,752277.9,24.88,91.93,35,1,-0.4999999999999997,-0.8660254037844388,0,0,0,0,0,0,0,0,0,0,0,0,0,0,0,0,0,0,0,0,0,0,0,0,0,0,0,0,0,0,1,0,0
19639,2002,8,35.0,25.4,481.0,89.0,1.5,7.1,4.1,41891,694533.2,752277.9,24.88,91.93,35,1,-0.8660254037844385,-0.5000000000000004,0,0,0,0,0,0,0,0,0,0,0,0,0,0,0,0,0,0,0,0,0,0,0,0,0,0,0,0,0,0,1,0,0
19649,2003,6,35.5,24.7,1038.0,88.0,1.9,7.2,2.9,41891,694533.2,752277.9,24.88,91.93,35,1,1.2246467991473532e-16,-1.0,0,0,0,0,0,0,0,0,0,0,0,0,0,0,0,0,0,0,0,0,0,0,0,0,0,0,0,0,0,0,1,0,0
19650,2003,7,37.0,25.9,497.0,85.0,1.8,6.9,3.7,41891,694533.2,752277.9,24.88,91.93,35,1,-0.4999999999999997,-0.8660254037844388,0,0,0,0,0,0,0,0,0,0,0,0,0,0,0,0,0,0,0,0,0,0,0,0,0,0,0,0,0,0,1,0,0
19652,2003,9,36.0,25.1,499.0,87.0,1.4,6.2,3.8,41891,694533.2,752277.9,24.88,91.93,35,1,-1.0,-1.8369701987210297e-16,0,0,0,0,0,0,0,0,0,0,0,0,0,0,0,0,0,0,0,0,0,0,0,0,0,0,0,0,0,0,1,0,0
19659,2004,4,34.0,21.1,622.0,81.0,2.2,5.4,4.8,41891,694533.2,752277.9,24.88,91.93,35,1,0.8660254037844387,-0.4999999999999998,0,0,0,0,0,0,0,0,0,0,0,0,0,0,0,0,0,0,0,0,0,0,0,0,0,0,0,0,0,0,1,0,0
19661,2004,6,35.4,25.0,553.0,84.0,1.8,6.5,3.1,41891,694533.2,752277.9,24.88,91.93,35,1,1.2246467991473532e-16,-1.0,0,0,0,0,0,0,0,0,0,0,0,0,0,0,0,0,0,0,0,0,0,0,0,0,0,0,0,0,0,0,1,0,0
19662,2004,7,35.7,24.8,1394.0,88.0,1.9,6.9,3.7,41891,694533.2,752277.9,24.88,91.93,35,1,-0.4999999999999997,-0.8660254037844388,0,0,0,0,0,0,0,0,0,0,0,0,0,0,0,0,0,0,0,0,0,0,0,0,0,0,0,0,0,0,1,0,0
19663,2004,8,35.8,25.9,545.0,83.0,1.7,6.6,6.4,41891,694533.2,752277.9,24.88,91.93,35,1,-0.8660254037844385,-0.5000000000000004,0,0,0,0,0,0,0,0,0,0,0,0,0,0,0,0,0,0,0,0,0,0,0,0,0,0,0,0,0,0,1,0,0
19664,2004,9,34.1,24.8,478.0,88.0,1.6,6.8,2.7,41891,694533.2,752277.9,24.88,91.93,35,1,-1.0,-1.8369701987210297e-16,0,0,0,0,0,0,0,0,0,0,0,0,0,0,0,0,0,0,0,0,0,0,0,0,0,0,0,0,0,0,1,0,0
19672,2005,5,35.0,21.6,895.0,82.0,2.2,5.7,5.2,41891,694533.2,752277.9,24.88,91.93,35,1,0.49999999999999994,-0.8660254037844387,0,0,0,0,0,0,0,0,0,0,0,0,0,0,0,0,0,0,0,0,0,0,0,0,0,0,0,0,0,0,1,0,0
19674,2005,7,36.4,25.3,978.0,86.0,1.7,7.0,4.6,41891,694533.2,752277.9,24.88,91.93,35,1,-0.4999999999999997,-0.8660254037844388,0,0,0,0,0,0,0,0,0,0,0,0,0,0,0,0,0,0,0,0,0,0,0,0,0,0,0,0,0,0,1,0,0
19675,2005,8,35.4,25.9,626.0,88.0,1.8,7.4,3.0,41891,694533.2,752277.9,24.88,91.93,35,1,-0.8660254037844385,-0.5000000000000004,0,0,0,0,0,0,0,0,0,0,0,0,0,0,0,0,0,0,0,0,0,0,0,0,0,0,0,0,0,0,1,0,0
19684,2006,5,38.0,23.5,572.0,78.0,1.7,4.9,6.1,41891,694533.2,752277.9,24.88,91.93,35,1,0.49999999999999994,-0.8660254037844387,0,0,0,0,0,0,0,0,0,0,0,0,0,0,0,0,0,0,0,0,0,0,0,0,0,0,0,0,0,0,1,0,0
19685,2006,6,35.8,24.5,1288.0,87.0,1.6,6.6,3.5,41891,694533.2,752277.9,24.88,91.93,35,1,1.2246467991473532e-16,-1.0,0,0,0,0,0,0,0,0,0,0,0,0,0,0,0,0,0,0,0,0,0,0,0,0,0,0,0,0,0,0,1,0,0
19686,2006,7,37.2,26.3,436.0,83.0,1.7,7.0,4.5,41891,694533.2,752277.9,24.88,91.93,35,1,-0.4999999999999997,-0.8660254037844388,0,0,0,0,0,0,0,0,0,0,0,0,0,0,0,0,0,0,0,0,0,0,0,0,0,0,0,0,0,0,1,0,0
19696,2007,5,37.0,24.1,669.0,80.0,1.7,5.4,6.6,41891,694533.2,752277.9,24.88,91.93,35,1,0.49999999999999994,-0.8660254037844387,0,0,0,0,0,0,0,0,0,0,0,0,0,0,0,0,0,0,0,0,0,0,0,0,0,0,0,0,0,0,1,0,0
19697,2007,6,35.0,24.9,869.0,87.0,1.7,6.8,3.2,41891,694533.2,752277.9,24.88,91.93,35,1,1.2246467991473532e-16,-1.0,0,0,0,0,0,0,0,0,0,0,0,0,0,0,0,0,0,0,0,0,0,0,0,0,0,0,0,0,0,0,1,0,0
19698,2007,7,36.8,25.6,786.0,88.0,2.0,7.3,3.1,41891,694533.2,752277.9,24.88,91.93,35,1,-0.4999999999999997,-0.8660254037844388,0,0,0,0,0,0,0,0,0,0,0,0,0,0,0,0,0,0,0,0,0,0,0,0,0,0,0,0,0,0,1,0,0
19699,2007,8,36.4,25.8,578.0,85.0,1.4,6.1,5.0,41891,694533.2,752277.9,24.88,91.93,35,1,-0.8660254037844385,-0.5000000000000004,0,0,0,0,0,0,0,0,0,0,0,0,0,0,0,0,0,0,0,0,0,0,0,0,0,0,0,0,0,0,1,0,0
19700,2007,9,36.0,25.4,594.0,84.0,1.5,6.1,3.8,41891,694533.2,752277.9,24.88,91.93,35,1,-1.0,-1.8369701987210297e-16,0,0,0,0,0,0,0,0,0,0,0,0,0,0,0,0,0,0,0,0,0,0,0,0,0,0,0,0,0,0,1,0,0
19708,2008,5,36.2,23.5,501.0,78.0,1.7,5.2,6.4,41891,694533.2,752277.9,24.88,91.93,35,1,0.49999999999999994,-0.8660254037844387,0,0,0,0,0,0,0,0,0,0,0,0,0,0,0,0,0,0,0,0,0,0,0,0,0,0,0,0,0,0,1,0,0
19709,2008,6,36.2,24.8,648.0,86.0,1.6,7.2,3.4,41891,694533.2,752277.9,24.88,91.93,35,1,1.2246467991473532e-16,-1.0,0,0,0,0,0,0,0,0,0,0,0,0,0,0,0,0,0,0,0,0,0,0,0,0,0,0,0,0,0,0,1,0,0
19710,2008,7,35.9,25.5,604.0,88.0,1.7,7.4,3.3,41891,694533.2,752277.9,24.88,91.93,35,1,-0.4999999999999997,-0.8660254037844388,0,0,0,0,0,0,0,0,0,0,0,0,0,0,0,0,0,0,0,0,0,0,0,0,0,0,0,0,0,0,1,0,0
19711,2008,8,36.8,25.2,761.0,89.0,1.4,7.1,3.0,41891,694533.2,752277.9,24.88,91.93,35,1,-0.8660254037844385,-0.5000000000000004,0,0,0,0,0,0,0,0,0,0,0,0,0,0,0,0,0,0,0,0,0,0,0,0,0,0,0,0,0,0,1,0,0
19720,2009,5,36.4,23.2,576.0,78.0,3.5,5.6,6.9,41891,694533.2,752277.9,24.88,91.93,35,1,0.49999999999999994,-0.8660254037844387,0,0,0,0,0,0,0,0,0,0,0,0,0,0,0,0,0,0,0,0,0,0,0,0,0,0,0,0,0,0,1,0,0
19721,2009,6,35.2,24.9,469.0,85.0,3.6,6.7,4.6,41891,694533.2,752277.9,24.88,91.93,35,1,1.2246467991473532e-16,-1.0,0,0,0,0,0,0,0,0,0,0,0,0,0,0,0,0,0,0,0,0,0,0,0,0,0,0,0,0,0,0,1,0,0
19722,2009,7,36.8,26.1,599.0,83.0,3.7,6.7,5.3,41891,694533.2,752277.9,24.88,91.93,35,1,-0.4999999999999997,-0.8660254037844388,0,0,0,0,0,0,0,0,0,0,0,0,0,0,0,0,0,0,0,0,0,0,0,0,0,0,0,0,0,0,1,0,0
19723,2009,8,34.9,25.6,674.0,87.0,4.0,7.1,3.5,41891,694533.2,752277.9,24.88,91.93,35,1,-0.8660254037844385,-0.5000000000000004,0,0,0,0,0,0,0,0,0,0,0,0,0,0,0,0,0,0,0,0,0,0,0,0,0,0,0,0,0,0,1,0,0
19731,2010,4,35.0,21.6,804.0,80.0,3.5,6.0,5.5,41891,694533.2,752277.9,24.88,91.93,35,1,0.8660254037844387,-0.4999999999999998,0,0,0,0,0,0,0,0,0,0,0,0,0,0,0,0,0,0,0,0,0,0,0,0,0,0,0,0,0,0,1,0,0
19732,2010,5,35.0,23.2,728.0,82.0,2.8,6.4,5.3,41891,694533.2,752277.9,24.88,91.93,35,1,0.49999999999999994,-0.8660254037844387,0,0,0,0,0,0,0,0,0,0,0,0,0,0,0,0,0,0,0,0,0,0,0,0,0,0,0,0,0,0,1,0,0
19733,2010,6,34.9,24.5,946.0,89.0,3.1,7.5,2.2,41891,694533.2,752277.9,24.88,91.93,35,1,1.2246467991473532e-16,-1.0,0,0,0,0,0,0,0,0,0,0,0,0,0,0,0,0,0,0,0,0,0,0,0,0,0,0,0,0,0,0,1,0,0
19734,2010,7,35.7,25.9,528.0,85.0,2.8,7.1,3.5,41891,694533.2,752277.9,24.88,91.93,35,1,-0.4999999999999997,-0.8660254037844388,0,0,0,0,0,0,0,0,0,0,0,0,0,0,0,0,0,0,0,0,0,0,0,0,0,0,0,0,0,0,1,0,0
19735,2010,8,35.9,25.8,767.0,87.0,3.5,6.9,3.9,41891,694533.2,752277.9,24.88,91.93,35,1,-0.8660254037844385,-0.5000000000000004,0,0,0,0,0,0,0,0,0,0,0,0,0,0,0,0,0,0,0,0,0,0,0,0,0,0,0,0,0,0,1,0,0
19736,2010,9,35.5,25.0,732.0,87.0,2.9,6.5,4.3,41891,694533.2,752277.9,24.88,91.93,35,1,-1.0,-1.8369701987210297e-16,0,0,0,0,0,0,0,0,0,0,0,0,0,0,0,0,0,0,0,0,0,0,0,0,0,0,0,0,0,0,1,0,0
19745,2011,6,36.0,25.3,578.0,85.0,3.1,6.7,3.8,41891,694533.2,752277.9,24.88,91.93,35,1,1.2246467991473532e-16,-1.0,0,0,0,0,0,0,0,0,0,0,0,0,0,0,0,0,0,0,0,0,0,0,0,0,0,0,0,0,0,0,1,0,0
19746,2011,7,35.5,25.7,673.0,86.0,3.6,6.9,3.8,41891,694533.2,752277.9,24.88,91.93,35,1,-0.4999999999999997,-0.8660254037844388,0,0,0,0,0,0,0,0,0,0,0,0,0,0,0,0,0,0,0,0,0,0,0,0,0,0,0,0,0,0,1,0,0
19747,2011,8,37.0,25.6,722.0,85.0,3.2,7.0,4.5,41891,694533.2,752277.9,24.88,91.93,35,1,-0.8660254037844385,-0.5000000000000004,0,0,0,0,0,0,0,0,0,0,0,0,0,0,0,0,0,0,0,0,0,0,0,0,0,0,0,0,0,0,1,0,0
19748,2011,9,37.8,25.5,490.0,83.0,2.9,6.1,5.7,41891,694533.2,752277.9,24.88,91.93,35,1,-1.0,-1.8369701987210297e-16,0,0,0,0,0,0,0,0,0,0,0,0,0,0,0,0,0,0,0,0,0,0,0,0,0,0,0,0,0,0,1,0,0
19755,2012,4,38.0,20.6,659.0,78.0,3.2,5.6,5.6,41891,694533.2,752277.9,24.88,91.93,35,1,0.8660254037844387,-0.4999999999999998,0,0,0,0,0,0,0,0,0,0,0,0,0,0,0,0,0,0,0,0,0,0,0,0,0,0,0,0,0,0,1,0,0
19757,2012,6,35.2,24.6,1185.0,88.0,3.7,7.2,2.5,41891,694533.2,752277.9,24.88,91.93,35,1,1.2246467991473532e-16,-1.0,0,0,0,0,0,0,0,0,0,0,0,0,0,0,0,0,0,0,0,0,0,0,0,0,0,0,0,0,0,0,1,0,0
19758,2012,7,35.8,26.0,700.0,85.0,3.8,7.4,4.4,41891,694533.2,752277.9,24.88,91.93,35,1,-0.4999999999999997,-0.8660254037844388,0,0,0,0,0,0,0,0,0,0,0,0,0,0,0,0,0,0,0,0,0,0,0,0,0,0,0,0,0,0,1,0,0
19759,2012,8,36.4,25.7,738.0,85.0,3.6,7.0,4.8,41891,694533.2,752277.9,24.88,91.93,35,1,-0.8660254037844385,-0.5000000000000004,0,0,0,0,0,0,0,0,0,0,0,0,0,0,0,0,0,0,0,0,0,0,0,0,0,0,0,0,0,0,1,0,0
19761,2012,10,34.3,22.8,502.0,81.0,2.4,3.9,6.2,41891,694533.2,752277.9,24.88,91.93,35,1,-0.8660254037844386,0.5000000000000001,0,0,0,0,0,0,0,0,0,0,0,0,0,0,0,0,0,0,0,0,0,0,0,0,0,0,0,0,0,0,1,0,0
19768,2013,5,36.4,22.7,959.0,84.0,3.3,7.1,4.2,41891,694533.2,752277.9,24.88,91.93,35,1,0.49999999999999994,-0.8660254037844387,0,0,0,0,0,0,0,0,0,0,0,0,0,0,0,0,0,0,0,0,0,0,0,0,0,0,0,0,0,0,1,0,0
19769,2013,6,39.6,25.8,729.0,81.0,2.9,6.3,4.2,41891,694533.2,752277.9,24.88,91.93,35,1,1.2246467991473532e-16,-1.0,0,0,0,0,0,0,0,0,0,0,0,0,0,0,0,0,0,0,0,0,0,0,0,0,0,0,0,0,0,0,1,0,0
19771,2013,8,35.3,25.6,520.0,85.0,3.3,7.2,3.9,41891,694533.2,752277.9,24.88,91.93,35,1,-0.8660254037844385,-0.5000000000000004,0,0,0,0,0,0,0,0,0,0,0,0,0,0,0,0,0,0,0,0,0,0,0,0,0,0,0,0,0,0,1,0,0
19773,2013,10,35.0,23.1,451.0,81.0,2.5,5.0,5.5,41891,694533.2,752277.9,24.88,91.93,35,1,-0.8660254037844386,0.5000000000000001,0,0,0,0,0,0,0,0,0,0,0,0,0,0,0,0,0,0,0,0,0,0,0,0,0,0,0,0,0,0,1,0,0
19782,1987,7,33.4,25.6,356.0,88.0,3.1,6.8,3.9,41909,491982.91,683166.0,24.15,89.55,10,1,-0.4999999999999997,-0.8660254037844388,0,0,0,0,0,0,0,0,0,0,0,0,0,0,0,0,0,0,0,0,0,0,0,0,0,0,0,0,0,0,0,1,0
19783,1987,8,33.2,26.2,394.0,86.0,2.9,6.0,4.4,41909,491982.91,683166.0,24.15,89.55,10,1,-0.8660254037844385,-0.5000000000000004,0,0,0,0,0,0,0,0,0,0,0,0,0,0,0,0,0,0,0,0,0,0,0,0,0,0,0,0,0,0,0,1,0
19793,1988,6,35.6,25.7,589.0,86.0,2.9,5.6,4.1,41909,491982.91,683166.0,24.15,89.55,10,1,1.2246467991473532e-16,-1.0,0,0,0,0,0,0,0,0,0,0,0,0,0,0,0,0,0,0,0,0,0,0,0,0,0,0,0,0,0,0,0,1,0
19794,1988,7,34.5,26.6,413.0,86.0,2.6,5.9,4.0,41909,491982.91,683166.0,24.15,89.55,10,1,-0.4999999999999997,-0.8660254037844388,0,0,0,0,0,0,0,0,0,0,0,0,0,0,0,0,0,0,0,0,0,0,0,0,0,0,0,0,0,0,0,1,0
19806,1989,7,33.8,26.2,381.0,87.0,2.0,5.6,3.8,41909,491982.91,683166.0,24.15,89.55,10,1,-0.4999999999999997,-0.8660254037844388,0,0,0,0,0,0,0,0,0,0,0,0,0,0,0,0,0,0,0,0,0,0,0,0,0,0,0,0,0,0,0,1,0
19829,1991,6,34.0,25.4,398.0,85.0,1.9,5.9,3.3,41909,491982.91,683166.0,24.15,89.55,10,1,1.2246467991473532e-16,-1.0,0,0,0,0,0,0,0,0,0,0,0,0,0,0,0,0,0,0,0,0,0,0,0,0,0,0,0,0,0,0,0,1,0
19830,1991,7,34.8,26.3,430.0,85.0,2.8,5.7,4.2,41909,491982.91,683166.0,24.15,89.55,10,1,-0.4999999999999997,-0.8660254037844388,0,0,0,0,0,0,0,0,0,0,0,0,0,0,0,0,0,0,0,0,0,0,0,0,0,0,0,0,0,0,0,1,0
19832,1991,9,33.4,25.5,700.0,88.0,1.2,5.6,2.6,41909,491982.91,683166.0,24.15,89.55,10,1,-1.0,-1.8369701987210297e-16,0,0,0,0,0,0,0,0,0,0,0,0,0,0,0,0,0,0,0,0,0,0,0,0,0,0,0,0,0,0,0,1,0
19844,1992,9,35.0,25.3,472.0,86.0,1.3,4.4,5.4,41909,491982.91,683166.0,24.15,89.55,10,1,-1.0,-1.8369701987210297e-16,0,0,0,0,0,0,0,0,0,0,0,0,0,0,0,0,0,0,0,0,0,0,0,0,0,0,0,0,0,0,0,1,0
19853,1993,6,34.5,25.1,509.0,87.0,2.0,6.1,5.0,41909,491982.91,683166.0,24.15,89.55,10,1,1.2246467991473532e-16,-1.0,0,0,0,0,0,0,0,0,0,0,0,0,0,0,0,0,0,0,0,0,0,0,0,0,0,0,0,0,0,0,0,1,0
19854,1993,7,34.0,26.0,477.0,87.0,1.9,6.0,4.6,41909,491982.91,683166.0,24.15,89.55,10,1,-0.4999999999999997,-0.8660254037844388,0,0,0,0,0,0,0,0,0,0,0,0,0,0,0,0,0,0,0,0,0,0,0,0,0,0,0,0,0,0,0,1,0
19856,1993,9,34.9,25.6,513.0,86.0,1.2,5.7,3.9,41909,491982.91,683166.0,24.15,89.55,10,1,-1.0,-1.8369701987210297e-16,0,0,0,0,0,0,0,0,0,0,0,0,0,0,0,0,0,0,0,0,0,0,0,0,0,0,0,0,0,0,0,1,0
19864,1994,5,37.0,23.9,406.0,81.0,1.8,4.1,7.2,41909,491982.91,683166.0,24.15,89.55,10,1,0.49999999999999994,-0.8660254037844387,0,0,0,0,0,0,0,0,0,0,0,0,0,0,0,0,0,0,0,0,0,0,0,0,0,0,0,0,0,0,0,1,0
19878,1995,7,33.0,25.8,372.0,87.0,1.8,6.5,3.3,41909,491982.91,683166.0,24.15,89.55,10,1,-0.4999999999999997,-0.8660254037844388,0,0,0,0,0,0,0,0,0,0,0,0,0,0,0,0,0,0,0,0,0,0,0,0,0,0,0,0,0,0,0,1,0
19902,1997,7,34.2,26.1,516.0,87.0,1.3,6.3,4.0,41909,491982.91,683166.0,24.15,89.55,10,1,-0.4999999999999997,-0.8660254037844388,0,0,0,0,0,0,0,0,0,0,0,0,0,0,0,0,0,0,0,0,0,0,0,0,0,0,0,0,0,0,0,1,0
19903,1997,8,35.6,26.0,469.0,87.0,0.9,6.3,4.2,41909,491982.91,683166.0,24.15,89.55,10,1,-0.8660254037844385,-0.5000000000000004,0,0,0,0,0,0,0,0,0,0,0,0,0,0,0,0,0,0,0,0,0,0,0,0,0,0,0,0,0,0,0,1,0
19914,1998,7,34.6,26.3,459.0,89.0,1.7,7.1,3.0,41909,491982.91,683166.0,24.15,89.55,10,1,-0.4999999999999997,-0.8660254037844388,0,0,0,0,0,0,0,0,0,0,0,0,0,0,0,0,0,0,0,0,0,0,0,0,0,0,0,0,0,0,0,1,0
19915,1998,8,34.0,26.6,444.0,88.0,1.3,6.8,3.5,41909,491982.91,683166.0,24.15,89.55,10,1,-0.8660254037844385,-0.5000000000000004,0,0,0,0,0,0,0,0,0,0,0,0,0,0,0,0,0,0,0,0,0,0,0,0,0,0,0,0,0,0,0,1,0
19937,2000,6,36.4,25.7,390.0,84.0,1.4,6.2,5.2,41909,491982.91,683166.0,24.15,89.55,10,1,1.2246467991473532e-16,-1.0,0,0,0,0,0,0,0,0,0,0,0,0,0,0,0,0,0,0,0,0,0,0,0,0,0,0,0,0,0,0,0,1,0
19940,2000,9,35.6,25.1,368.0,87.0,0.9,5.7,4.4,41909,491982.91,683166.0,24.15,89.55,10,1,-1.0,-1.8369701987210297e-16,0,0,0,0,0,0,0,0,0,0,0,0,0,0,0,0,0,0,0,0,0,0,0,0,0,0,0,0,0,0,0,1,0
19948,2001,5,34.8,23.9,364.0,81.0,1.0,5.0,6.5,41909,491982.91,683166.0,24.15,89.55,10,1,0.49999999999999994,-0.8660254037844387,0,0,0,0,0,0,0,0,0,0,0,0,0,0,0,0,0,0,0,0,0,0,0,0,0,0,0,0,0,0,0,1,0
19962,2002,7,35.2,25.8,487.0,88.0,1.2,7.0,1.8,41909,491982.91,683166.0,24.15,89.55,10,1,-0.4999999999999997,-0.8660254037844388,0,0,0,0,0,0,0,0,0,0,0,0,0,0,0,0,0,0,0,0,0,0,0,0,0,0,0,0,0,0,0,1,0
19985,2004,6,35.5,25.0,455.0,85.0,0.9,5.8,3.4,41909,491982.91,683166.0,24.15,89.55,10,1,1.2246467991473532e-16,-1.0,0,0,0,0,0,0,0,0,0,0,0,0,0,0,0,0,0,0,0,0,0,0,0,0,0,0,0,0,0,0,0,1,0
19988,2004,9,34.5,25.1,500.0,88.0,0.9,6.1,3.1,41909,491982.91,683166.0,24.15,89.55,10,1,-1.0,-1.8369701987210297e-16,0,0,0,0,0,0,0,0,0,0,0,0,0,0,0,0,0,0,0,0,0,0,0,0,0,0,0,0,0,0,0,1,0
20000,2005,9,36.0,25.9,381.0,86.0,0.6,5.3,4.7,41909,491982.91,683166.0,24.15,89.55,10,1,-1.0,-1.8369701987210297e-16,0,0,0,0,0,0,0,0,0,0,0,0,0,0,0,0,0,0,0,0,0,0,0,0,0,0,0,0,0,0,0,1,0
20001,2005,10,35.1,23.4,556.0,87.0,0.4,4.6,4.7,41909,491982.91,683166.0,24.15,89.55,10,1,-0.8660254037844386,0.5000000000000001,0,0,0,0,0,0,0,0,0,0,0,0,0,0,0,0,0,0,0,0,0,0,0,0,0,0,0,0,0,0,0,1,0
20012,2006,9,36.2,25.5,1193.0,86.0,0.8,5.2,5.5,41909,491982.91,683166.0,24.15,89.55,10,1,-1.0,-1.8369701987210297e-16,0,0,0,0,0,0,0,0,0,0,0,0,0,0,0,0,0,0,0,0,0,0,0,0,0,0,0,0,0,0,0,1,0
20021,2007,6,37.5,25.3,660.0,85.0,1.1,5.9,4.8,41909,491982.91,683166.0,24.15,89.55,10,1,1.2246467991473532e-16,-1.0,0,0,0,0,0,0,0,0,0,0,0,0,0,0,0,0,0,0,0,0,0,0,0,0,0,0,0,0,0,0,0,1,0
20022,2007,7,35.2,25.7,609.0,87.0,1.0,6.5,3.3,41909,491982.91,683166.0,24.15,89.55,10,1,-0.4999999999999997,-0.8660254037844388,0,0,0,0,0,0,0,0,0,0,0,0,0,0,0,0,0,0,0,0,0,0,0,0,0,0,0,0,0,0,0,1,0
20034,2008,7,34.5,25.9,444.0,87.0,1.2,6.6,3.5,41909,491982.91,683166.0,24.15,89.55,10,1,-0.4999999999999997,-0.8660254037844388,0,0,0,0,0,0,0,0,0,0,0,0,0,0,0,0,0,0,0,0,0,0,0,0,0,0,0,0,0,0,0,1,0
20037,2008,10,34.0,22.8,365.0,84.0,0.5,3.0,6.6,41909,491982.91,683166.0,24.15,89.55,10,1,-0.8660254037844386,0.5000000000000001,0,0,0,0,0,0,0,0,0,0,0,0,0,0,0,0,0,0,0,0,0,0,0,0,0,0,0,0,0,0,0,1,0
20057,2010,6,36.6,25.7,430.0,84.0,2.7,6.2,3.7,41909,491982.91,683166.0,24.15,89.55,10,1,1.2246467991473532e-16,-1.0,0,0,0,0,0,0,0,0,0,0,0,0,0,0,0,0,0,0,0,0,0,0,0,0,0,0,0,0,0,0,0,1,0
20061,2010,10,36.4,24.0,319.0,84.0,1.7,3.3,6.3,41909,491982.91,683166.0,24.15,89.55,10,1,-0.8660254037844386,0.5000000000000001,0,0,0,0,0,0,0,0,0,0,0,0,0,0,0,0,0,0,0,0,0,0,0,0,0,0,0,0,0,0,0,1,0
20071,2011,8,35.0,26.2,761.0,88.0,2.3,6.3,3.2,41909,491982.91,683166.0,24.15,89.55,10,1,-0.8660254037844385,-0.5000000000000004,0,0,0,0,0,0,0,0,0,0,0,0,0,0,0,0,0,0,0,0,0,0,0,0,0,0,0,0,0,0,0,1,0
20103,1977,4,32.0,21.7,425.0,77.0,1.7,3.8,8.2,41998,734765.4,308914.1,20.87,92.26,4,1,0.8660254037844387,-0.4999999999999998,0,0,0,0,0,0,0,0,0,0,0,0,0,0,0,0,0,0,0,0,0,0,0,0,0,0,0,0,0,0,0,0,1
20105,1977,6,33.0,23.6,884.0,83.0,3.3,6.2,2.9,41998,734765.4,308914.1,20.87,92.26,4,1,1.2246467991473532e-16,-1.0,0,0,0,0,0,0,0,0,0,0,0,0,0,0,0,0,0,0,0,0,0,0,0,0,0,0,0,0,0,0,0,0,1
20106,1977,7,32.0,24.3,1088.0,86.0,4.4,7.0,3.2,41998,734765.4,308914.1,20.87,92.26,4,1,-0.4999999999999997,-0.8660254037844388,0,0,0,0,0,0,0,0,0,0,0,0,0,0,0,0,0,0,0,0,0,0,0,0,0,0,0,0,0,0,0,0,1
20107,1977,8,31.3,23.8,1008.0,84.0,3.4,6.7,3.7,41998,734765.4,308914.1,20.87,92.26,4,1,-0.8660254037844385,-0.5000000000000004,0,0,0,0,0,0,0,0,0,0,0,0,0,0,0,0,0,0,0,0,0,0,0,0,0,0,0,0,0,0,0,0,1
20116,1978,5,35.2,23.9,419.0,76.0,4.0,5.1,7.4,41998,734765.4,308914.1,20.87,92.26,4,1,0.49999999999999994,-0.8660254037844387,0,0,0,0,0,0,0,0,0,0,0,0,0,0,0,0,0,0,0,0,0,0,0,0,0,0,0,0,0,0,0,0,1
20117,1978,6,32.5,24.2,720.0,81.0,3.5,6.6,3.4,41998,734765.4,308914.1,20.87,92.26,4,1,1.2246467991473532e-16,-1.0,0,0,0,0,0,0,0,0,0,0,0,0,0,0,0,0,0,0,0,0,0,0,0,0,0,0,0,0,0,0,0,0,1
20118,1978,7,31.0,23.2,564.0,82.0,3.4,6.2,2.8,41998,734765.4,308914.1,20.87,92.26,4,1,-0.4999999999999997,-0.8660254037844388,0,0,0,0,0,0,0,0,0,0,0,0,0,0,0,0,0,0,0,0,0,0,0,0,0,0,0,0,0,0,0,0,1
20119,1978,8,32.2,23.8,842.0,85.0,3.3,6.7,3.8,41998,734765.4,308914.1,20.87,92.26,4,1,-0.8660254037844385,-0.5000000000000004,0,0,0,0,0,0,0,0,0,0,0,0,0,0,0,0,0,0,0,0,0,0,0,0,0,0,0,0,0,0,0,0,1
20120,1978,9,33.9,23.6,715.0,81.0,2.1,5.9,5.5,41998,734765.4,308914.1,20.87,92.26,4,1,-1.0,-1.8369701987210297e-16,0,0,0,0,0,0,0,0,0,0,0,0,0,0,0,0,0,0,0,0,0,0,0,0,0,0,0,0,0,0,0,0,1
20131,1979,8,32.0,24.5,459.0,89.0,1.9,6.8,4.3,41998,734765.4,308914.1,20.87,92.26,4,1,-0.8660254037844385,-0.5000000000000004,0,0,0,0,0,0,0,0,0,0,0,0,0,0,0,0,0,0,0,0,0,0,0,0,0,0,0,0,0,0,0,0,1
20153,1981,6,32.2,24.2,1127.0,85.0,1.5,6.6,4.8,41998,734765.4,308914.1,20.87,92.26,4,1,1.2246467991473532e-16,-1.0,0,0,0,0,0,0,0,0,0,0,0,0,0,0,0,0,0,0,0,0,0,0,0,0,0,0,0,0,0,0,0,0,1
20154,1981,7,30.9,24.4,1204.0,89.0,2.5,7.2,2.3,41998,734765.4,308914.1,20.87,92.26,4,1,-0.4999999999999997,-0.8660254037844388,0,0,0,0,0,0,0,0,0,0,0,0,0,0,0,0,0,0,0,0,0,0,0,0,0,0,0,0,0,0,0,0,1
20155,1981,8,31.4,25.1,845.0,86.0,2.6,6.5,4.6,41998,734765.4,308914.1,20.87,92.26,4,1,-0.8660254037844385,-0.5000000000000004,0,0,0,0,0,0,0,0,0,0,0,0,0,0,0,0,0,0,0,0,0,0,0,0,0,0,0,0,0,0,0,0,1
20156,1981,9,34.0,24.8,473.0,81.0,0.9,5.2,7.1,41998,734765.4,308914.1,20.87,92.26,4,1,-1.0,-1.8369701987210297e-16,0,0,0,0,0,0,0,0,0,0,0,0,0,0,0,0,0,0,0,0,0,0,0,0,0,0,0,0,0,0,0,0,1
20165,1982,6,36.0,24.8,1353.0,84.0,1.4,6.5,2.8,41998,734765.4,308914.1,20.87,92.26,4,1,1.2246467991473532e-16,-1.0,0,0,0,0,0,0,0,0,0,0,0,0,0,0,0,0,0,0,0,0,0,0,0,0,0,0,0,0,0,0,0,0,1
20166,1982,7,32.4,25.2,1216.0,86.0,1.4,6.2,4.3,41998,734765.4,308914.1,20.87,92.26,4,1,-0.4999999999999997,-0.8660254037844388,0,0,0,0,0,0,0,0,0,0,0,0,0,0,0,0,0,0,0,0,0,0,0,0,0,0,0,0,0,0,0,0,1
20167,1982,8,36.0,24.5,932.0,89.0,1.5,6.8,3.3,41998,734765.4,308914.1,20.87,92.26,4,1,-0.8660254037844385,-0.5000000000000004,0,0,0,0,0,0,0,0,0,0,0,0,0,0,0,0,0,0,0,0,0,0,0,0,0,0,0,0,0,0,0,0,1
20168,1982,9,32.0,24.5,475.0,84.0,0.7,5.1,6.4,41998,734765.4,308914.1,20.87,92.26,4,1,-1.0,-1.8369701987210297e-16,0,0,0,0,0,0,0,0,0,0,0,0,0,0,0,0,0,0,0,0,0,0,0,0,0,0,0,0,0,0,0,0,1
20177,1983,6,32.3,25.1,730.0,87.0,0.8,6.6,3.4,41998,734765.4,308914.1,20.87,92.26,4,1,1.2246467991473532e-16,-1.0,0,0,0,0,0,0,0,0,0,0,0,0,0,0,0,0,0,0,0,0,0,0,0,0,0,0,0,0,0,0,0,0,1
20178,1983,7,30.4,25.1,1014.0,87.0,1.5,6.3,3.7,41998,734765.4,308914.1,20.87,92.26,4,1,-0.4999999999999997,-0.8660254037844388,0,0,0,0,0,0,0,0,0,0,0,0,0,0,0,0,0,0,0,0,0,0,0,0,0,0,0,0,0,0,0,0,1
20179,1983,8,32.8,24.5,817.0,87.0,1.7,6.0,4.1,41998,734765.4,308914.1,20.87,92.26,4,1,-0.8660254037844385,-0.5000000000000004,0,0,0,0,0,0,0,0,0,0,0,0,0,0,0,0,0,0,0,0,0,0,0,0,0,0,0,0,0,0,0,0,1
20180,1983,9,33.5,24.6,532.0,84.0,1.0,4.4,6.0,41998,734765.4,308914.1,20.87,92.26,4,1,-1.0,-1.8369701987210297e-16,0,0,0,0,0,0,0,0,0,0,0,0,0,0,0,0,0,0,0,0,0,0,0,0,0,0,0,0,0,0,0,0,1
20189,1984,6,33.3,24.9,1517.0,87.0,1.4,6.8,2.7,41998,734765.4,308914.1,20.87,92.26,4,1,1.2246467991473532e-16,-1.0,0,0,0,0,0,0,0,0,0,0,0,0,0,0,0,0,0,0,0,0,0,0,0,0,0,0,0,0,0,0,0,0,1
20190,1984,7,32.7,24.7,971.0,86.0,0.9,6.3,3.1,41998,734765.4,308914.1,20.87,92.26,4,1,-0.4999999999999997,-0.8660254037844388,0,0,0,0,0,0,0,0,0,0,0,0,0,0,0,0,0,0,0,0,0,0,0,0,0,0,0,0,0,0,0,0,1
20191,1984,8,32.4,24.6,973.0,88.0,1.2,6.8,3.3,41998,734765.4,308914.1,20.87,92.26,4,1,-0.8660254037844385,-0.5000000000000004,0,0,0,0,0,0,0,0,0,0,0,0,0,0,0,0,0,0,0,0,0,0,0,0,0,0,0,0,0,0,0,0,1
20201,1985,6,33.6,25.1,803.0,87.0,0.7,6.7,2.6,41998,734765.4,308914.1,20.87,92.26,4,1,1.2246467991473532e-16,-1.0,0,0,0,0,0,0,0,0,0,0,0,0,0,0,0,0,0,0,0,0,0,0,0,0,0,0,0,0,0,0,0,0,1
20202,1985,7,31.9,24.1,983.0,87.0,1.1,6.7,3.0,41998,734765.4,308914.1,20.87,92.26,4,1,-0.4999999999999997,-0.8660254037844388,0,0,0,0,0,0,0,0,0,0,0,0,0,0,0,0,0,0,0,0,0,0,0,0,0,0,0,0,0,0,0,0,1
20203,1985,8,32.8,24.7,1093.0,88.0,1.2,7.1,3.4,41998,734765.4,308914.1,20.87,92.26,4,1,-0.8660254037844385,-0.5000000000000004,0,0,0,0,0,0,0,0,0,0,0,0,0,0,0,0,0,0,0,0,0,0,0,0,0,0,0,0,0,0,0,0,1
20213,1986,6,34.0,25.4,1371.0,84.0,0.9,6.6,3.4,41998,734765.4,308914.1,20.87,92.26,4,1,1.2246467991473532e-16,-1.0,0,0,0,0,0,0,0,0,0,0,0,0,0,0,0,0,0,0,0,0,0,0,0,0,0,0,0,0,0,0,0,0,1
20214,1986,7,32.1,24.9,896.0,88.0,1.1,6.5,2.8,41998,734765.4,308914.1,20.87,92.26,4,1,-0.4999999999999997,-0.8660254037844388,0,0,0,0,0,0,0,0,0,0,0,0,0,0,0,0,0,0,0,0,0,0,0,0,0,0,0,0,0,0,0,0,1
20215,1986,8,33.8,25.1,670.0,86.0,1.1,6.4,3.8,41998,734765.4,308914.1,20.87,92.26,4,1,-0.8660254037844385,-0.5000000000000004,0,0,0,0,0,0,0,0,0,0,0,0,0,0,0,0,0,0,0,0,0,0,0,0,0,0,0,0,0,0,0,0,1
20225,1987,6,34.2,25.9,504.0,85.0,1.3,5.7,3.7,41998,734765.4,308914.1,20.87,92.26,4,1,1.2246467991473532e-16,-1.0,0,0,0,0,0,0,0,0,0,0,0,0,0,0,0,0,0,0,0,0,0,0,0,0,0,0,0,0,0,0,0,0,1
20226,1987,7,31.7,25.0,1294.0,92.0,1.5,7.3,1.7,41998,734765.4,308914.1,20.87,92.26,4,1,-0.4999999999999997,-0.8660254037844388,0,0,0,0,0,0,0,0,0,0,0,0,0,0,0,0,0,0,0,0,0,0,0,0,0,0,0,0,0,0,0,0,1
20227,1987,8,33.0,24.8,986.0,88.0,1.4,6.5,3.5,41998,734765.4,308914.1,20.87,92.26,4,1,-0.8660254037844385,-0.5000000000000004,0,0,0,0,0,0,0,0,0,0,0,0,0,0,0,0,0,0,0,0,0,0,0,0,0,0,0,0,0,0,0,0,1
20228,1987,9,32.4,25.0,684.0,88.0,1.2,6.1,4.4,41998,734765.4,308914.1,20.87,92.26,4,1,-1.0,-1.8369701987210297e-16,0,0,0,0,0,0,0,0,0,0,0,0,0,0,0,0,0,0,0,0,0,0,0,0,0,0,0,0,0,0,0,0,1
20237,1988,6,32.5,24.9,811.0,87.0,1.3,7.1,3.6,41998,734765.4,308914.1,20.87,92.26,4,1,1.2246467991473532e-16,-1.0,0,0,0,0,0,0,0,0,0,0,0,0,0,0,0,0,0,0,0,0,0,0,0,0,0,0,0,0,0,0,0,0,1
20238,1988,7,33.0,25.2,889.0,85.0,1.1,6.7,2.9,41998,734765.4,308914.1,20.87,92.26,4,1,-0.4999999999999997,-0.8660254037844388,0,0,0,0,0,0,0,0,0,0,0,0,0,0,0,0,0,0,0,0,0,0,0,0,0,0,0,0,0,0,0,0,1
20239,1988,8,32.5,25.3,643.0,88.0,1.1,7.0,3.5,41998,734765.4,308914.1,20.87,92.26,4,1,-0.8660254037844385,-0.5000000000000004,0,0,0,0,0,0,0,0,0,0,0,0,0,0,0,0,0,0,0,0,0,0,0,0,0,0,0,0,0,0,0,0,1
20249,1989,6,33.8,25.0,927.0,86.0,1.0,6.7,4.1,41998,734765.4,308914.1,20.87,92.26,4,1,1.2246467991473532e-16,-1.0,0,0,0,0,0,0,0,0,0,0,0,0,0,0,0,0,0,0,0,0,0,0,0,0,0,0,0,0,0,0,0,0,1
20250,1989,7,33.5,25.0,962.0,86.0,1.8,6.3,4.2,41998,734765.4,308914.1,20.87,92.26,4,1,-0.4999999999999997,-0.8660254037844388,0,0,0,0,0,0,0,0,0,0,0,0,0,0,0,0,0,0,0,0,0,0,0,0,0,0,0,0,0,0,0,0,1
20251,1989,8,32.5,24.5,829.0,89.0,1.0,6.4,3.9,41998,734765.4,308914.1,20.87,92.26,4,1,-0.8660254037844385,-0.5000000000000004,0,0,0,0,0,0,0,0,0,0,0,0,0,0,0,0,0,0,0,0,0,0,0,0,0,0,0,0,0,0,0,0,1
20252,1989,9,32.5,24.8,673.0,88.0,0.8,6.1,4.8,41998,734765.4,308914.1,20.87,92.26,4,1,-1.0,-1.8369701987210297e-16,0,0,0,0,0,0,0,0,0,0,0,0,0,0,0,0,0,0,0,0,0,0,0,0,0,0,0,0,0,0,0,0,1
20261,1990,6,33.2,25.3,1279.0,88.0,1.2,5.7,3.4,41998,734765.4,308914.1,20.87,92.26,4,1,1.2246467991473532e-16,-1.0,0,0,0,0,0,0,0,0,0,0,0,0,0,0,0,0,0,0,0,0,0,0,0,0,0,0,0,0,0,0,0,0,1
20262,1990,7,31.0,25.2,946.0,91.0,1.1,7.3,0.7,41998,734765.4,308914.1,20.87,92.26,4,1,-0.4999999999999997,-0.8660254037844388,0,0,0,0,0,0,0,0,0,0,0,0,0,0,0,0,0,0,0,0,0,0,0,0,0,0,0,0,0,0,0,0,1
20263,1990,8,33.0,25.2,575.0,85.0,0.9,6.2,5.0,41998,734765.4,308914.1,20.87,92.26,4,1,-0.8660254037844385,-0.5000000000000004,0,0,0,0,0,0,0,0,0,0,0,0,0,0,0,0,0,0,0,0,0,0,0,0,0,0,0,0,0,0,0,0,1
20273,1991,6,33.8,25.5,1269.0,90.0,1.8,7.2,2.7,41998,734765.4,308914.1,20.87,92.26,4,1,1.2246467991473532e-16,-1.0,0,0,0,0,0,0,0,0,0,0,0,0,0,0,0,0,0,0,0,0,0,0,0,0,0,0,0,0,0,0,0,0,1
20274,1991,7,32.0,25.3,1428.0,90.0,1.2,7.4,2.3,41998,734765.4,308914.1,20.87,92.26,4,1,-0.4999999999999997,-0.8660254037844388,0,0,0,0,0,0,0,0,0,0,0,0,0,0,0,0,0,0,0,0,0,0,0,0,0,0,0,0,0,0,0,0,1
20275,1991,8,32.0,25.1,1261.0,90.0,0.8,7.4,2.9,41998,734765.4,308914.1,20.87,92.26,4,1,-0.8660254037844385,-0.5000000000000004,0,0,0,0,0,0,0,0,0,0,0,0,0,0,0,0,0,0,0,0,0,0,0,0,0,0,0,0,0,0,0,0,1
20276,1991,9,33.6,25.1,431.0,88.0,0.3,6.6,4.2,41998,734765.4,308914.1,20.87,92.26,4,1,-1.0,-1.8369701987210297e-16,0,0,0,0,0,0,0,0,0,0,0,0,0,0,0,0,0,0,0,0,0,0,0,0,0,0,0,0,0,0,0,0,1
20285,1992,6,34.0,25.7,807.0,90.0,1.0,5.8,5.4,41998,734765.4,308914.1,20.87,92.26,4,1,1.2246467991473532e-16,-1.0,0,0,0,0,0,0,0,0,0,0,0,0,0,0,0,0,0,0,0,0,0,0,0,0,0,0,0,0,0,0,0,0,1
20286,1992,7,31.5,25.0,1018.0,89.0,1.0,7.2,2.6,41998,734765.4,308914.1,20.87,92.26,4,1,-0.4999999999999997,-0.8660254037844388,0,0,0,0,0,0,0,0,0,0,0,0,0,0,0,0,0,0,0,0,0,0,0,0,0,0,0,0,0,0,0,0,1
20287,1992,8,34.2,25.3,704.0,88.0,1.1,6.6,4.0,41998,734765.4,308914.1,20.87,92.26,4,1,-0.8660254037844385,-0.5000000000000004,0,0,0,0,0,0,0,0,0,0,0,0,0,0,0,0,0,0,0,0,0,0,0,0,0,0,0,0,0,0,0,0,1
20289,1992,10,34.0,23.9,436.0,84.0,0.7,3.4,7.0,41998,734765.4,308914.1,20.87,92.26,4,1,-0.8660254037844386,0.5000000000000001,0,0,0,0,0,0,0,0,0,0,0,0,0,0,0,0,0,0,0,0,0,0,0,0,0,0,0,0,0,0,0,0,1
20296,1993,5,33.2,24.2,526.0,80.0,1.0,4.4,7.8,41998,734765.4,308914.1,20.87,92.26,4,1,0.49999999999999994,-0.8660254037844387,0,0,0,0,0,0,0,0,0,0,0,0,0,0,0,0,0,0,0,0,0,0,0,0,0,0,0,0,0,0,0,0,1
20297,1993,6,33.5,25.0,1331.0,89.0,0.7,5.8,3.2,41998,734765.4,308914.1,20.87,92.26,4,1,1.2246467991473532e-16,-1.0,0,0,0,0,0,0,0,0,0,0,0,0,0,0,0,0,0,0,0,0,0,0,0,0,0,0,0,0,0,0,0,0,1
20298,1993,7,32.5,25.5,702.0,89.0,1.1,6.0,3.2,41998,734765.4,308914.1,20.87,92.26,4,1,-0.4999999999999997,-0.8660254037844388,0,0,0,0,0,0,0,0,0,0,0,0,0,0,0,0,0,0,0,0,0,0,0,0,0,0,0,0,0,0,0,0,1
20299,1993,8,31.2,24.7,1335.0,91.0,0.9,6.6,2.2,41998,734765.4,308914.1,20.87,92.26,4,1,-0.8660254037844385,-0.5000000000000004,0,0,0,0,0,0,0,0,0,0,0,0,0,0,0,0,0,0,0,0,0,0,0,0,0,0,0,0,0,0,0,0,1
20309,1994,6,34.0,25.2,1446.0,91.0,1.3,6.8,1.7,41998,734765.4,308914.1,20.87,92.26,4,1,1.2246467991473532e-16,-1.0,0,0,0,0,0,0,0,0,0,0,0,0,0,0,0,0,0,0,0,0,0,0,0,0,0,0,0,0,0,0,0,0,1
20310,1994,7,33.0,24.7,1475.0,92.0,1.7,6.8,1.8,41998,734765.4,308914.1,20.87,92.26,4,1,-0.4999999999999997,-0.8660254037844388,0,0,0,0,0,0,0,0,0,0,0,0,0,0,0,0,0,0,0,0,0,0,0,0,0,0,0,0,0,0,0,0,1
20311,1994,8,32.3,22.5,1017.0,90.0,1.9,6.3,4.2,41998,734765.4,308914.1,20.87,92.26,4,1,-0.8660254037844385,-0.5000000000000004,0,0,0,0,0,0,0,0,0,0,0,0,0,0,0,0,0,0,0,0,0,0,0,0,0,0,0,0,0,0,0,0,1
20312,1994,9,32.8,22.9,425.0,86.0,1.3,4.5,5.2,41998,734765.4,308914.1,20.87,92.26,4,1,-1.0,-1.8369701987210297e-16,0,0,0,0,0,0,0,0,0,0,0,0,0,0,0,0,0,0,0,0,0,0,0,0,0,0,0,0,0,0,0,0,1
20321,1995,6,33.0,25.8,1116.0,89.0,1.5,6.4,2.1,41998,734765.4,308914.1,20.87,92.26,4,1,1.2246467991473532e-16,-1.0,0,0,0,0,0,0,0,0,0,0,0,0,0,0,0,0,0,0,0,0,0,0,0,0,0,0,0,0,0,0,0,0,1
20322,1995,7,32.2,25.5,1214.0,91.0,1.2,6.8,1.9,41998,734765.4,308914.1,20.87,92.26,4,1,-0.4999999999999997,-0.8660254037844388,0,0,0,0,0,0,0,0,0,0,0,0,0,0,0,0,0,0,0,0,0,0,0,0,0,0,0,0,0,0,0,0,1
20323,1995,8,33.3,25.8,622.0,89.0,0.8,6.2,4.1,41998,734765.4,308914.1,20.87,92.26,4,1,-0.8660254037844385,-0.5000000000000004,0,0,0,0,0,0,0,0,0,0,0,0,0,0,0,0,0,0,0,0,0,0,0,0,0,0,0,0,0,0,0,0,1
20324,1995,9,33.4,25.4,563.0,88.0,0.8,5.2,4.1,41998,734765.4,308914.1,20.87,92.26,4,1,-1.0,-1.8369701987210297e-16,0,0,0,0,0,0,0,0,0,0,0,0,0,0,0,0,0,0,0,0,0,0,0,0,0,0,0,0,0,0,0,0,1
20333,1996,6,33.6,25.6,649.0,87.0,0.8,4.8,5.2,41998,734765.4,308914.1,20.87,92.26,4,1,1.2246467991473532e-16,-1.0,0,0,0,0,0,0,0,0,0,0,0,0,0,0,0,0,0,0,0,0,0,0,0,0,0,0,0,0,0,0,0,0,1
20334,1996,7,33.0,25.6,1212.0,90.0,0.7,5.9,3.7,41998,734765.4,308914.1,20.87,92.26,4,1,-0.4999999999999997,-0.8660254037844388,0,0,0,0,0,0,0,0,0,0,0,0,0,0,0,0,0,0,0,0,0,0,0,0,0,0,0,0,0,0,0,0,1
20335,1996,8,32.5,25.0,866.0,91.0,0.7,6.3,2.7,41998,734765.4,308914.1,20.87,92.26,4,1,-0.8660254037844385,-0.5000000000000004,0,0,0,0,0,0,0,0,0,0,0,0,0,0,0,0,0,0,0,0,0,0,0,0,0,0,0,0,0,0,0,0,1
20337,1996,10,34.2,24.5,687.0,85.0,0.5,3.4,6.4,41998,734765.4,308914.1,20.87,92.26,4,1,-0.8660254037844386,0.5000000000000001,0,0,0,0,0,0,0,0,0,0,0,0,0,0,0,0,0,0,0,0,0,0,0,0,0,0,0,0,0,0,0,0,1
20345,1997,6,33.0,25.8,585.0,89.0,0.7,5.9,2.2,41998,734765.4,308914.1,20.87,92.26,4,1,1.2246467991473532e-16,-1.0,0,0,0,0,0,0,0,0,0,0,0,0,0,0,0,0,0,0,0,0,0,0,0,0,0,0,0,0,0,0,0,0,1
20346,1997,7,32.4,25.5,1353.0,93.0,0.8,7.1,1.6,41998,734765.4,308914.1,20.87,92.26,4,1,-0.4999999999999997,-0.8660254037844388,0,0,0,0,0,0,0,0,0,0,0,0,0,0,0,0,0,0,0,0,0,0,0,0,0,0,0,0,0,0,0,0,1
20347,1997,8,33.8,26.0,742.0,90.0,0.8,5.6,4.7,41998,734765.4,308914.1,20.87,92.26,4,1,-0.8660254037844385,-0.5000000000000004,0,0,0,0,0,0,0,0,0,0,0,0,0,0,0,0,0,0,0,0,0,0,0,0,0,0,0,0,0,0,0,0,1
20348,1997,9,33.5,25.3,666.0,89.0,0.6,4.8,5.9,41998,734765.4,308914.1,20.87,92.26,4,1,-1.0,-1.8369701987210297e-16,0,0,0,0,0,0,0,0,0,0,0,0,0,0,0,0,0,0,0,0,0,0,0,0,0,0,0,0,0,0,0,0,1
20356,1998,5,36.2,26.0,429.0,83.0,1.4,3.9,6.6,41998,734765.4,308914.1,20.87,92.26,4,1,0.49999999999999994,-0.8660254037844387,0,0,0,0,0,0,0,0,0,0,0,0,0,0,0,0,0,0,0,0,0,0,0,0,0,0,0,0,0,0,0,0,1
20357,1998,6,34.0,27.0,486.0,87.0,1.0,5.5,4.6,41998,734765.4,308914.1,20.87,92.26,4,1,1.2246467991473532e-16,-1.0,0,0,0,0,0,0,0,0,0,0,0,0,0,0,0,0,0,0,0,0,0,0,0,0,0,0,0,0,0,0,0,0,1
20358,1998,7,32.2,25.8,1195.0,91.0,0.5,6.2,3.1,41998,734765.4,308914.1,20.87,92.26,4,1,-0.4999999999999997,-0.8660254037844388,0,0,0,0,0,0,0,0,0,0,0,0,0,0,0,0,0,0,0,0,0,0,0,0,0,0,0,0,0,0,0,0,1
20359,1998,8,32.6,25.8,1474.0,91.0,0.3,6.6,2.3,41998,734765.4,308914.1,20.87,92.26,4,1,-0.8660254037844385,-0.5000000000000004,0,0,0,0,0,0,0,0,0,0,0,0,0,0,0,0,0,0,0,0,0,0,0,0,0,0,0,0,0,0,0,0,1
20368,1999,5,35.0,25.4,629.0,85.0,0.9,5.0,4.6,41998,734765.4,308914.1,20.87,92.26,4,1,0.49999999999999994,-0.8660254037844387,0,0,0,0,0,0,0,0,0,0,0,0,0,0,0,0,0,0,0,0,0,0,0,0,0,0,0,0,0,0,0,0,1
20369,1999,6,34.0,25.9,982.0,90.0,1.0,6.2,2.0,41998,734765.4,308914.1,20.87,92.26,4,1,1.2246467991473532e-16,-1.0,0,0,0,0,0,0,0,0,0,0,0,0,0,0,0,0,0,0,0,0,0,0,0,0,0,0,0,0,0,0,0,0,1
20370,1999,7,32.2,25.5,771.0,92.0,0.8,6.3,2.1,41998,734765.4,308914.1,20.87,92.26,4,1,-0.4999999999999997,-0.8660254037844388,0,0,0,0,0,0,0,0,0,0,0,0,0,0,0,0,0,0,0,0,0,0,0,0,0,0,0,0,0,0,0,0,1
20371,1999,8,32.5,25.4,1395.0,93.0,0.7,6.6,2.7,41998,734765.4,308914.1,20.87,92.26,4,1,-0.8660254037844385,-0.5000000000000004,0,0,0,0,0,0,0,0,0,0,0,0,0,0,0,0,0,0,0,0,0,0,0,0,0,0,0,0,0,0,0,0,1
20372,1999,9,33.2,25.1,513.0,90.0,0.5,5.2,5.0,41998,734765.4,308914.1,20.87,92.26,4,1,-1.0,-1.8369701987210297e-16,0,0,0,0,0,0,0,0,0,0,0,0,0,0,0,0,0,0,0,0,0,0,0,0,0,0,0,0,0,0,0,0,1
20380,2000,5,33.7,24.8,600.0,85.0,0.8,4.8,5.5,41998,734765.4,308914.1,20.87,92.26,4,1,0.49999999999999994,-0.8660254037844387,0,0,0,0,0,0,0,0,0,0,0,0,0,0,0,0,0,0,0,0,0,0,0,0,0,0,0,0,0,0,0,0,1
20381,2000,6,35.0,25.4,1091.0,89.0,0.9,6.2,3.9,41998,734765.4,308914.1,20.87,92.26,4,1,1.2246467991473532e-16,-1.0,0,0,0,0,0,0,0,0,0,0,0,0,0,0,0,0,0,0,0,0,0,0,0,0,0,0,0,0,0,0,0,0,1
20382,2000,7,33.2,25.2,1457.0,90.0,0.7,6.3,3.5,41998,734765.4,308914.1,20.87,92.26,4,1,-0.4999999999999997,-0.8660254037844388,0,0,0,0,0,0,0,0,0,0,0,0,0,0,0,0,0,0,0,0,0,0,0,0,0,0,0,0,0,0,0,0,1
20383,2000,8,33.0,25.4,1008.0,87.0,0.8,6.0,5.8,41998,734765.4,308914.1,20.87,92.26,4,1,-0.8660254037844385,-0.5000000000000004,0,0,0,0,0,0,0,0,0,0,0,0,0,0,0,0,0,0,0,0,0,0,0,0,0,0,0,0,0,0,0,0,1
20393,2001,6,33.0,25.1,1759.0,93.0,1.2,7.2,2.8,41998,734765.4,308914.1,20.87,92.26,4,1,1.2246467991473532e-16,-1.0,0,0,0,0,0,0,0,0,0,0,0,0,0,0,0,0,0,0,0,0,0,0,0,0,0,0,0,0,0,0,0,0,1
20394,2001,7,31.8,25.4,1236.0,92.0,1.0,7.1,2.0,41998,734765.4,308914.1,20.87,92.26,4,1,-0.4999999999999997,-0.8660254037844388,0,0,0,0,0,0,0,0,0,0,0,0,0,0,0,0,0,0,0,0,0,0,0,0,0,0,0,0,0,0,0,0,1
20395,2001,8,32.8,25.7,684.0,90.0,1.2,6.5,4.9,41998,734765.4,308914.1,20.87,92.26,4,1,-0.8660254037844385,-0.5000000000000004,0,0,0,0,0,0,0,0,0,0,0,0,0,0,0,0,0,0,0,0,0,0,0,0,0,0,0,0,0,0,0,0,1
20405,2002,6,33.0,25.7,808.0,89.0,0.8,5.8,3.8,41998,734765.4,308914.1,20.87,92.26,4,1,1.2246467991473532e-16,-1.0,0,0,0,0,0,0,0,0,0,0,0,0,0,0,0,0,0,0,0,0,0,0,0,0,0,0,0,0,0,0,0,0,1
20406,2002,7,33.0,25.2,1136.0,92.0,0.7,7.2,2.1,41998,734765.4,308914.1,20.87,92.26,4,1,-0.4999999999999997,-0.8660254037844388,0,0,0,0,0,0,0,0,0,0,0,0,0,0,0,0,0,0,0,0,0,0,0,0,0,0,0,0,0,0,0,0,1
20407,2002,8,33.4,25.5,692.0,89.0,1.2,6.4,3.7,41998,734765.4,308914.1,20.87,92.26,4,1,-0.8660254037844385,-0.5000000000000004,0,0,0,0,0,0,0,0,0,0,0,0,0,0,0,0,0,0,0,0,0,0,0,0,0,0,0,0,0,0,0,0,1
20417,2003,6,33.3,24.6,1638.0,93.0,1.1,7.2,1.7,41998,734765.4,308914.1,20.87,92.26,4,1,1.2246467991473532e-16,-1.0,0,0,0,0,0,0,0,0,0,0,0,0,0,0,0,0,0,0,0,0,0,0,0,0,0,0,0,0,0,0,0,0,1
20418,2003,7,32.5,25.7,822.0,88.0,1.0,5.8,4.8,41998,734765.4,308914.1,20.87,92.26,4,1,-0.4999999999999997,-0.8660254037844388,0,0,0,0,0,0,0,0,0,0,0,0,0,0,0,0,0,0,0,0,0,0,0,0,0,0,0,0,0,0,0,0,1
20419,2003,8,33.5,25.5,895.0,90.0,0.9,6.3,4.8,41998,734765.4,308914.1,20.87,92.26,4,1,-0.8660254037844385,-0.5000000000000004,0,0,0,0,0,0,0,0,0,0,0,0,0,0,0,0,0,0,0,0,0,0,0,0,0,0,0,0,0,0,0,0,1
20420,2003,9,32.5,25.5,669.0,89.0,0.6,5.0,5.3,41998,734765.4,308914.1,20.87,92.26,4,1,-1.0,-1.8369701987210297e-16,0,0,0,0,0,0,0,0,0,0,0,0,0,0,0,0,0,0,0,0,0,0,0,0,0,0,0,0,0,0,0,0,1
20428,2004,5,36.0,25.3,437.0,82.0,0.8,3.7,7.4,41998,734765.4,308914.1,20.87,92.26,4,1,0.49999999999999994,-0.8660254037844387,0,0,0,0,0,0,0,0,0,0,0,0,0,0,0,0,0,0,0,0,0,0,0,0,0,0,0,0,0,0,0,0,1
20429,2004,6,34.0,25.8,680.0,88.0,0.7,6.4,3.7,41998,734765.4,308914.1,20.87,92.26,4,1,1.2246467991473532e-16,-1.0,0,0,0,0,0,0,0,0,0,0,0,0,0,0,0,0,0,0,0,0,0,0,0,0,0,0,0,0,0,0,0,0,1
20430,2004,7,32.5,25.3,899.0,90.0,0.6,6.5,3.3,41998,734765.4,308914.1,20.87,92.26,4,1,-0.4999999999999997,-0.8660254037844388,0,0,0,0,0,0,0,0,0,0,0,0,0,0,0,0,0,0,0,0,0,0,0,0,0,0,0,0,0,0,0,0,1
20431,2004,8,32.8,25.4,1162.0,92.0,0.5,6.5,3.8,41998,734765.4,308914.1,20.87,92.26,4,1,-0.8660254037844385,-0.5000000000000004,0,0,0,0,0,0,0,0,0,0,0,0,0,0,0,0,0,0,0,0,0,0,0,0,0,0,0,0,0,0,0,0,1
20433,2004,10,33.9,24.2,472.0,86.0,0.3,3.0,7.1,41998,734765.4,308914.1,20.87,92.26,4,1,-0.8660254037844386,0.5000000000000001,0,0,0,0,0,0,0,0,0,0,0,0,0,0,0,0,0,0,0,0,0,0,0,0,0,0,0,0,0,0,0,0,1
20441,2005,6,34.8,26.4,1023.0,86.0,0.5,6.0,3.9,41998,734765.4,308914.1,20.87,92.26,4,1,1.2246467991473532e-16,-1.0,0,0,0,0,0,0,0,0,0,0,0,0,0,0,0,0,0,0,0,0,0,0,0,0,0,0,0,0,0,0,0,0,1
20442,2005,7,32.6,25.6,953.0,90.0,0.6,6.7,4.1,41998,734765.4,308914.1,20.87,92.26,4,1,-0.4999999999999997,-0.8660254037844388,0,0,0,0,0,0,0,0,0,0,0,0,0,0,0,0,0,0,0,0,0,0,0,0,0,0,0,0,0,0,0,0,1
20443,2005,8,32.4,25.2,1356.0,94.0,0.4,7.2,1.8,41998,734765.4,308914.1,20.87,92.26,4,1,-0.8660254037844385,-0.5000000000000004,0,0,0,0,0,0,0,0,0,0,0,0,0,0,0,0,0,0,0,0,0,0,0,0,0,0,0,0,0,0,0,0,1
20452,2006,5,34.0,25.4,724.0,83.0,0.1,2.9,6.6,41998,734765.4,308914.1,20.87,92.26,4,1,0.49999999999999994,-0.8660254037844387,0,0,0,0,0,0,0,0,0,0,0,0,0,0,0,0,0,0,0,0,0,0,0,0,0,0,0,0,0,0,0,0,1
20453,2006,6,33.0,26.1,491.0,88.0,0.9,6.0,4.1,41998,734765.4,308914.1,20.87,92.26,4,1,1.2246467991473532e-16,-1.0,0,0,0,0,0,0,0,0,0,0,0,0,0,0,0,0,0,0,0,0,0,0,0,0,0,0,0,0,0,0,0,0,1
20454,2006,7,32.7,25.5,1650.0,91.0,1.3,6.7,2.6,41998,734765.4,308914.1,20.87,92.26,4,1,-0.4999999999999997,-0.8660254037844388,0,0,0,0,0,0,0,0,0,0,0,0,0,0,0,0,0,0,0,0,0,0,0,0,0,0,0,0,0,0,0,0,1
20455,2006,8,32.6,24.9,732.0,90.0,1.8,7.2,4.0,41998,734765.4,308914.1,20.87,92.26,4,1,-0.8660254037844385,-0.5000000000000004,0,0,0,0,0,0,0,0,0,0,0,0,0,0,0,0,0,0,0,0,0,0,0,0,0,0,0,0,0,0,0,0,1
20456,2006,9,33.1,25.3,824.0,88.0,1.2,5.7,5.1,41998,734765.4,308914.1,20.87,92.26,4,1,-1.0,-1.8369701987210297e-16,0,0,0,0,0,0,0,0,0,0,0,0,0,0,0,0,0,0,0,0,0,0,0,0,0,0,0,0,0,0,0,0,1
20465,2007,6,34.7,26.1,598.0,85.0,1.2,5.6,6.3,41998,734765.4,308914.1,20.87,92.26,4,1,1.2246467991473532e-16,-1.0,0,0,0,0,0,0,0,0,0,0,0,0,0,0,0,0,0,0,0,0,0,0,0,0,0,0,0,0,0,0,0,0,1
20466,2007,7,32.2,25.3,1586.0,90.0,1.1,7.1,2.8,41998,734765.4,308914.1,20.87,92.26,4,1,-0.4999999999999997,-0.8660254037844388,0,0,0,0,0,0,0,0,0,0,0,0,0,0,0,0,0,0,0,0,0,0,0,0,0,0,0,0,0,0,0,0,1
20467,2007,8,32.6,25.4,628.0,89.0,1.1,6.8,3.9,41998,734765.4,308914.1,20.87,92.26,4,1,-0.8660254037844385,-0.5000000000000004,0,0,0,0,0,0,0,0,0,0,0,0,0,0,0,0,0,0,0,0,0,0,0,0,0,0,0,0,0,0,0,0,1
20469,2007,10,33.4,24.0,622.0,88.0,0.5,4.1,6.1,41998,734765.4,308914.1,20.87,92.26,4,1,-0.8660254037844386,0.5000000000000001,0,0,0,0,0,0,0,0,0,0,0,0,0,0,0,0,0,0,0,0,0,0,0,0,0,0,0,0,0,0,0,0,1
20470,2007,11,32.6,22.4,205.0,84.0,0.4,2.6,7.1,41998,734765.4,308914.1,20.87,92.26,4,1,-0.5000000000000004,0.8660254037844384,0,0,0,0,0,0,0,0,0,0,0,0,0,0,0,0,0,0,0,0,0,0,0,0,0,0,0,0,0,0,0,0,1
20477,2008,6,37.2,25.0,1135.0,90.0,1.3,6.6,3.9,41998,734765.4,308914.1,20.87,92.26,4,1,1.2246467991473532e-16,-1.0,0,0,0,0,0,0,0,0,0,0,0,0,0,0,0,0,0,0,0,0,0,0,0,0,0,0,0,0,0,0,0,0,1
20478,2008,7,32.7,24.8,2072.0,93.0,0.9,7.1,2.6,41998,734765.4,308914.1,20.87,92.26,4,1,-0.4999999999999997,-0.8660254037844388,0,0,0,0,0,0,0,0,0,0,0,0,0,0,0,0,0,0,0,0,0,0,0,0,0,0,0,0,0,0,0,0,1
20479,2008,8,32.3,25.1,993.0,90.0,0.8,6.7,3.5,41998,734765.4,308914.1,20.87,92.26,4,1,-0.8660254037844385,-0.5000000000000004,0,0,0,0,0,0,0,0,0,0,0,0,0,0,0,0,0,0,0,0,0,0,0,0,0,0,0,0,0,0,0,0,1
20480,2008,9,34.1,25.1,520.0,88.0,0.8,5.7,5.2,41998,734765.4,308914.1,20.87,92.26,4,1,-1.0,-1.8369701987210297e-16,0,0,0,0,0,0,0,0,0,0,0,0,0,0,0,0,0,0,0,0,0,0,0,0,0,0,0,0,0,0,0,0,1
20489,2009,6,34.0,25.8,542.0,86.0,3.0,5.6,4.1,41998,734765.4,308914.1,20.87,92.26,4,1,1.2246467991473532e-16,-1.0,0,0,0,0,0,0,0,0,0,0,0,0,0,0,0,0,0,0,0,0,0,0,0,0,0,0,0,0,0,0,0,0,1
20490,2009,7,32.0,25.4,1454.0,92.0,3.2,7.2,1.9,41998,734765.4,308914.1,20.87,92.26,4,1,-0.4999999999999997,-0.8660254037844388,0,0,0,0,0,0,0,0,0,0,0,0,0,0,0,0,0,0,0,0,0,0,0,0,0,0,0,0,0,0,0,0,1
20491,2009,8,32.9,25.5,851.0,90.0,2.7,6.8,2.6,41998,734765.4,308914.1,20.87,92.26,4,1,-0.8660254037844385,-0.5000000000000004,0,0,0,0,0,0,0,0,0,0,0,0,0,0,0,0,0,0,0,0,0,0,0,0,0,0,0,0,0,0,0,0,1
20492,2009,9,33.5,25.4,555.0,88.0,2.9,5.9,5.7,41998,734765.4,308914.1,20.87,92.26,4,1,-1.0,-1.8369701987210297e-16,0,0,0,0,0,0,0,0,0,0,0,0,0,0,0,0,0,0,0,0,0,0,0,0,0,0,0,0,0,0,0,0,1
20501,2010,6,34.5,26.0,1089.0,90.0,2.8,6.0,3.9,41998,734765.4,308914.1,20.87,92.26,4,1,1.2246467991473532e-16,-1.0,0,0,0,0,0,0,0,0,0,0,0,0,0,0,0,0,0,0,0,0,0,0,0,0,0,0,0,0,0,0,0,0,1
20502,2010,7,32.8,25.8,881.0,89.0,2.4,6.3,3.4,41998,734765.4,308914.1,20.87,92.26,4,1,-0.4999999999999997,-0.8660254037844388,0,0,0,0,0,0,0,0,0,0,0,0,0,0,0,0,0,0,0,0,0,0,0,0,0,0,0,0,0,0,0,0,1
20503,2010,8,33.0,25.6,551.0,88.0,2.6,6.1,4.6,41998,734765.4,308914.1,20.87,92.26,4,1,-0.8660254037844385,-0.5000000000000004,0,0,0,0,0,0,0,0,0,0,0,0,0,0,0,0,0,0,0,0,0,0,0,0,0,0,0,0,0,0,0,0,1
20505,2010,10,34.0,25.4,602.0,87.0,2.6,5.1,4.9,41998,734765.4,308914.1,20.87,92.26,4,1,-0.8660254037844386,0.5000000000000001,0,0,0,0,0,0,0,0,0,0,0,0,0,0,0,0,0,0,0,0,0,0,0,0,0,0,0,0,0,0,0,0,1
20514,2011,7,33.3,25.6,848.0,89.0,2.0,6.5,4.6,41998,734765.4,308914.1,20.87,92.26,4,1,-0.4999999999999997,-0.8660254037844388,0,0,0,0,0,0,0,0,0,0,0,0,0,0,0,0,0,0,0,0,0,0,0,0,0,0,0,0,0,0,0,0,1
20515,2011,8,32.5,25.3,1163.0,90.0,1.8,6.7,3.5,41998,734765.4,308914.1,20.87,92.26,4,1,-0.8660254037844385,-0.5000000000000004,0,0,0,0,0,0,0,0,0,0,0,0,0,0,0,0,0,0,0,0,0,0,0,0,0,0,0,0,0,0,0,0,1
20516,2011,9,32.2,25.2,826.0,90.0,1.9,6.7,3.4,41998,734765.4,308914.1,20.87,92.26,4,1,-1.0,-1.8369701987210297e-16,0,0,0,0,0,0,0,0,0,0,0,0,0,0,0,0,0,0,0,0,0,0,0,0,0,0,0,0,0,0,0,0,1
20517,2011,10,34.1,24.3,474.0,86.0,1.6,4.4,8.0,41998,734765.4,308914.1,20.87,92.26,4,1,-0.8660254037844386,0.5000000000000001,0,0,0,0,0,0,0,0,0,0,0,0,0,0,0,0,0,0,0,0,0,0,0,0,0,0,0,0,0,0,0,0,1
20525,2012,6,34.1,25.7,1431.0,89.0,2.3,6.6,3.1,41998,734765.4,308914.1,20.87,92.26,4,1,1.2246467991473532e-16,-1.0,0,0,0,0,0,0,0,0,0,0,0,0,0,0,0,0,0,0,0,0,0,0,0,0,0,0,0,0,0,0,0,0,1
20526,2012,7,31.5,25.3,1349.0,93.0,2.2,7.3,2.6,41998,734765.4,308914.1,20.87,92.26,4,1,-0.4999999999999997,-0.8660254037844388,0,0,0,0,0,0,0,0,0,0,0,0,0,0,0,0,0,0,0,0,0,0,0,0,0,0,0,0,0,0,0,0,1
20527,2012,8,32.3,25.5,933.0,90.0,1.8,6.2,4.3,41998,734765.4,308914.1,20.87,92.26,4,1,-0.8660254037844385,-0.5000000000000004,0,0,0,0,0,0,0,0,0,0,0,0,0,0,0,0,0,0,0,0,0,0,0,0,0,0,0,0,0,0,0,0,1
20528,2012,9,33.1,25.7,496.0,87.0,2.0,5.7,5.9,41998,734765.4,308914.1,20.87,92.26,4,1,-1.0,-1.8369701987210297e-16,0,0,0,0,0,0,0,0,0,0,0,0,0,0,0,0,0,0,0,0,0,0,0,0,0,0,0,0,0,0,0,0,1
20536,2013,5,34.2,24.8,753.0,85.0,3.7,5.5,3.9,41998,734765.4,308914.1,20.87,92.26,4,1,0.49999999999999994,-0.8660254037844387,0,0,0,0,0,0,0,0,0,0,0,0,0,0,0,0,0,0,0,0,0,0,0,0,0,0,0,0,0,0,0,0,1
20537,2013,6,33.2,25.8,821.0,87.0,3.5,6.2,4.6,41998,734765.4,308914.1,20.87,92.26,4,1,1.2246467991473532e-16,-1.0,0,0,0,0,0,0,0,0,0,0,0,0,0,0,0,0,0,0,0,0,0,0,0,0,0,0,0,0,0,0,0,0,1
20538,2013,7,32.2,25.3,1127.0,89.0,3.3,6.5,3.6,41998,734765.4,308914.1,20.87,92.26,4,1,-0.4999999999999997,-0.8660254037844388,0,0,0,0,0,0,0,0,0,0,0,0,0,0,0,0,0,0,0,0,0,0,0,0,0,0,0,0,0,0,0,0,1
20539,2013,8,32.5,25.4,851.0,88.0,2.5,6.2,3.8,41998,734765.4,308914.1,20.87,92.26,4,1,-0.8660254037844385,-0.5000000000000004,0,0,0,0,0,0,0,0,0,0,0,0,0,0,0,0,0,0,0,0,0,0,0,0,0,0,0,0,0,0,0,0,1
