Duration(Days),Main Cause,Districts,State,Event Source,District_LGD_Codes,State_Codes,Start_Year,Start_Month,Start_Day,High_Impact,Year,Month,Day,Quarter,Month_Sin,Month_Cos,Long_Event,Cause_Group,State_Count,District_Count,Event_Source_Available
14.0,heavy rains,"Darjeeling, Jalpaiguri, Cooch Behar, Malda, Uttar Kashi Dinajpur, Dakshin Dinajpur, North westduar,Kalimpong",West Bengal,IMD,,19.0,1970.0,9.0,1.0,1,1970.0,9.0,1.0,3.0,-1.0,-1.8369701987210297e-16,1,Heavy Rain,1,8,1
4.0,floods,,Uttar Pradesh,IMD,,9.0,1970.0,9.0,27.0,1,1970.0,9.0,27.0,3.0,-1.0,-1.8369701987210297e-16,0,Other,1,0,1
1.0,torrential rain,,Telangana,IMD,,36.0,1970.0,9.0,22.0,1,1970.0,9.0,22.0,3.0,-1.0,-1.8369701987210297e-16,0,Heavy Rain,1,0,1
365.0,floods,"Amroha, Hapur, Bareilly, Pilibhit, Bulandshahr, Gautam Buddha Nagar, Kheri, Budaun, Bahraich, Shahjahanpur, Aligarh, Kasganj, Mathura, SShrawasti, Sitapur, Hathras, Etah, Hardoi, Farrukhabad, Firozabad, Siddharthnagar, Mainpuri, Mahrajganj, Agra, Gonda, Bara Banki, Kushinagar, Kannauj, Lucknow, Basti, Gorakhpur, Sant Kabir Nagar, Unnao, Etawah, Kanpur nagar Nagar, Auraiya, Ayodhya, Kanpur nagar Dehat, Deoria, Sultanpur, Ambedkar Nagar, Rae Bareli, Jalaun, Azamgarh, Mau, Fatehpur, Ballia, Jaunpur, Jhansi, Banda, Ghazipurr, Kaushambi, Prayagraj, Varanasi, Chitrakoot, Chandauli, Bhadohi, Mirzapur, Lalitpur, Sonbhadra, Amethi, Ghaziabad, Sambhal, Mahoba, Saharanpur, Bijnor, Muzaffarnagar, Baghpat, Meerut, Moradabad, Rampur, Shamli, Balrampur, Hamirpur, Pratapgarh, Pashchim Champaran, Purbi Champaran, Sitamarhi, Sheohar, Gopalganj, Samastipur, Katihar, Khagaria, Bhojpur, Buxar, Darbhanga, Saharsa, Kaimur (Bhabua), Rohtas, Jamui, Banka, Nawada, Gaya, Munger, Vaishali, Begusarai, Bhagalpur, Lakhisarai, Sheikhpura, Arwal, Jehanabad, Nalanda, Patna, Saran, Siwan, Muzaffarpur, Madhepura, Araria, Supaul, Madhubani, Purnia, Kishanganj, Aurangabad, Bhadrak, Dhenkanal, Jajapur, Subarnapur, Nuapada, Balangir, Boudh, Cuttack, Kandhamal, Nayagarh, Khordha, Kalahandi, Jagatsinghapur, Puri, Nagpur, Rayagada, Koraput, Malkangiri, Anugul, Kendrapara, Ganjam, Gajapati, Mayurbhanj, Sundargarh, Kendujhar, Baleshwar, Jharsuguda, Bargarh, Deogarh, Sambalpur, South 24 Parganas, Darjeeling, Jalpaiguri, Dakshin Dinajpur, Maldah, Murshidabad, Birbhum, Nadia, Purba Purba Bardhaman, Purulia, Bankura, North 24 Parganas","Uttar Pradesh, Bihar, Odisha, West Bengal",IMD,,,1971.0,1.0,1.0,1,1971.0,1.0,1.0,1.0,0.49999999999999994,0.8660254037844387,1,Other,4,155,1
14.0,heavy rains,,Maharashtra,IMD,,27.0,1972.0,6.0,15.0,0,1972.0,6.0,15.0,2.0,1.2246467991473532e-16,-1.0,1,Heavy Rain,1,0,1
7.0,heavy rains,,Assam,IMD,,18.0,1972.0,6.0,15.0,1,1972.0,6.0,15.0,2.0,1.2246467991473532e-16,-1.0,1,Heavy Rain,1,0,1
14.0,floods,"Bhadrak, Dhenkanal, Jajapur, Subarnapur, Nuapada, Balangir, Boudh, Cuttack, Kandhamal, Nayagarh, Khordha, Kalahandi, Jagatsinghapur, Puri, Nagpur, Rayagada, Koraput, Malkangiri, Anugul, Kendrapara, Ganjam, Gajapati, Mayurbhanj, Sundargarh, Kendujhar, Baleshwar, Jharsuguda, Bargarh, Deogarh, Sambalpur, Pashchim Champaran, Purbi Champaran, Sitamarhi, Sheohar, Gopalganj, Samastipur, Katihar, Khagaria, Bhojpur, Buxar, Darbhanga, Saharsa, Kaimur (Bhabua), Rohtas, Jamui, Banka, Nawada, Gaya, Munger, Vaishali, Begusarai, Bhagalpur, Lakhisarai, Sheikhpura, Arwal, Jehanabad, Nalanda, Patna, Saran, Siwan, Muzaffarpur, Madhepura, Araria, Supaul, Madhubani, Purnia, Kishanganj, Aurangabad, Tinsukia, Dhemaji, Dibrugarh, Lakhimpur, Sivasagar, Jorhat, Sonitpur, Golaghat, Udalguri, Chirang, Baksa, Nagaon, Kokrajhar, Darrang, Barpeta, Nalbari, Marigaon, Kamrup, Bongaigaon, Dhubri, Kamrup Metro, Goalpara, Dima Hasao, Cachar, Karimganj, Hailakandi, Charaideo, Majuli, Biswanath, Hojai, South Salmara Mancachar, Karbi Anglong, West Karbi Anglong, South 24 Parganas, Darjeeling, Jalpaiguri, Dakshin Dinajpur, Maldah, Murshidabad, Birbhum, Nadia, Purba Purba Bardhaman, Purulia, Bankura, North 24 Parganas","Odisha, Bihar, Assam, West Bengal",IMD,,,1972.0,7.0,8.0,1,1972.0,7.0,8.0,3.0,-0.4999999999999997,-0.8660254037844388,1,Other,4,113,1
14.0,floods,"Darrang, Sonitpur,Udalguri",Assam,IMD,,18.0,1973.0,6.0,8.0,0,1973.0,6.0,8.0,2.0,1.2246467991473532e-16,-1.0,1,Other,1,3,1
14.0,heavy rains,"Churu, Jhunjhunu, Jaisalmer, Sikar, Alwar, Jaipur, Jodhpur, Bharatpur, Nagaur, Dausa, Karauli, Dholpur, Barmer, Sawai Madhopur, Tonk, Pali, Bhilwara, Jalore, Bundi, Kota, Sirohi, Baran, Udaipur, Jhalawar, Dungarpur, Banswara, Ajmer, Rajsamand, Chittorgarh, Ganganagar, Hanumangarh, Bikaner, Pratapgarh, Pashchim Champaran, Purbi Champaran, Sitamarhi, Sheohar, Gopalganj, Samastipur, Katihar, Khagaria, Bhojpur, Buxar, Darbhanga, Saharsa, Kaimur (Bhabua), Rohtas, Jamui, Banka, Nawada, Gaya, Munger, Vaishali, Begusarai, Bhagalpur, Lakhisarai, Sheikhpura, Arwal, Jehanabad, Nalanda, Patna, Saran, Siwan, Muzaffarpur, Madhepura, Araria, Supaul, Madhubani, Purnia, Kishanganj, Aurangabad, Burhanpur, Morena, Bhind, Gwalior, Sheopur, Shivpuri, Tikamgarh, Neemuch, Rewa, Satna, Guna, Ashoknagar, Mandsaur, Singrauli, Sidhi, Sagar, Damoh, Shajapur, Vidisha, Rajgarh, Shahdol, Katni, Umaria, Ratlam, Bhopal, Ujjain, Raisen, Sehore, Jabalpur, Dewas, Anuppur, Jhabua, Dindori, Narsimhapur, Dhar, Indore, Mandla, Narmadapuram, Seoni, Alirajpur, Chhindwara, Harda, Khargone (Khargone (West Nimar)), East Nimar, Balaghat, Barwani, Agar-Malwa, Datia, Chhatarpur, Panna, Betul, Niwari, Valsad, Amreli, Dangs, Banas Kantha, Patan, Mahesana, Gandhinagar, Ahmedabad, Panch Mahals, Dahod, Vadodara, Bharuch, Porbandar, Narmada, Surat, Tapi, Arvalli, Botad, Chota Udaipur, Mahisagar, Gir Somnath, Sabar Kantha, Kachchh, Surendranagar, Rajkot, Kheda, Anand, Bhavnagar, Junagadh, Jamnagar, Devbhumi Dwarka Dwarka, Morbi, Navsari, Gondia, Bhandara, Jalgaon, Wardha, Buldhana, Akola, Nashik, Gadchiroli, Washim, Chandrapur, Yavatmal, Jalna, Ahmednagar, Hingoli, Nanded, Parbhani, Pune, Beed, Mumbai, Latur, Dharashiv, Solapur, Satara, Ratnagiri, Sangli, Kolhapur, Sindhudurg, Thane, Palghar, Nandurbar, Amravati, Dhule, Nagpur, Aurangabad, Raigarh, Mumbai Suburban, Amroha, Hapur, Bareilly, Pilibhit, Bulandshahr, Gautam Buddha Nagar, Kheri, Budaun, Bahraich, Shahjahanpur, Aligarh, Kasganj, Mathura, SShrawasti, Sitapur, Hathras, Etah, Hardoi, Farrukhabad, Firozabad, Siddharthnagar, Mainpuri, Mahrajganj, Agra, Gonda, Bara Banki, Kushinagar, Kannauj, Lucknow, Basti, Gorakhpur, Sant Kabir Nagar, Unnao, Etawah, Kanpur nagar Nagar, Auraiya, Ayodhya, Kanpur nagar Dehat, Deoria, Sultanpur, Ambedkar Nagar, Rae Bareli, Jalaun, Azamgarh, Mau, Fatehpur, Ballia, Jaunpur, Jhansi, Banda, Ghazipurr, Kaushambi, Prayagraj, Varanasi, Chitrakoot, Chandauli, Bhadohi, Mirzapur, Lalitpur, Sonbhadra, Amethi, Ghaziabad, Sambhal, Mahoba, Saharanpur, Bijnor, Muzaffarnagar, Baghpat, Meerut, Moradabad, Rampur, Shamli, Balrampur, Hamirpur, Pratapgarh","Rajasthan, Bihar, Madhya Pradesh, Gujarat, Maharashtra, Uttar Pradesh",IMD,,,1973.0,7.0,1.0,1,1973.0,7.0,1.0,3.0,-0.4999999999999997,-0.8660254037844388,1,Heavy Rain,6,267,1
7.0,"heavy rains, floods","Shimla, Amroha, Hapur, Bareilly, Pilibhit, Bulandshahr, Gautam Buddha Nagar, Kheri, Budaun, Bahraich, Shahjahanpur, Aligarh, Kasganj, Mathura, SShrawasti, Sitapur, Hathras, Etah, Hardoi, Farrukhabad, Firozabad, Siddharthnagar, Mainpuri, Mahrajganj, Agra, Gonda, Bara Banki, Kushinagar, Kannauj, Lucknow, Basti, Gorakhpur, Sant Kabir Nagar, Unnao, Etawah, Kanpur nagar Nagar, Auraiya, Ayodhya, Kanpur nagar Dehat, Deoria, Sultanpur, Ambedkar Nagar, Rae Bareli, Jalaun, Azamgarh, Mau, Fatehpur, Ballia, Jaunpur, Jhansi, Banda, Ghazipurr, Kaushambi, Prayagraj, Varanasi, Chitrakoot, Chandauli, Bhadohi, Mirzapur, Lalitpur, Sonbhadra, Amethi, Ghaziabad, Sambhal, Mahoba, Saharanpur, Bijnor, Muzaffarnagar, Baghpat, Meerut, Moradabad, Rampur, Shamli, Balrampur, Hamirpur, Pratapgarh, Pashchim Champaran, Purbi Champaran, Sitamarhi, Sheohar, Gopalganj, Samastipur, Katihar, Khagaria, Bhojpur, Buxar, Darbhanga, Saharsa, Kaimur (Bhabua), Rohtas, Jamui, Banka, Nawada, Gaya, Munger, Vaishali, Begusarai, Bhagalpur, Lakhisarai, Sheikhpura, Arwal, Jehanabad, Nalanda, Patna, Saran, Siwan, Muzaffarpur, Madhepura, Araria, Supaul, Madhubani, Purnia, Kishanganj, Aurangabad, South 24 Parganas, Darjeeling, Jalpaiguri, Dakshin Dinajpur, Maldah, Murshidabad, Birbhum, Nadia, Purba Purba Bardhaman, Purulia, Bankura, North 24 Parganas","Himachal Pradesh, Uttar Pradesh, Bihar,  West Bengal",IMD,,,1973.0,7.0,22.0,1,1973.0,7.0,22.0,3.0,-0.4999999999999997,-0.8660254037844388,1,Heavy Rain,4,126,1
7.0,floods,"Kupwara, Bandipora, Baramulla, Ganderbal, Anantnag, Kishtwar, Srinagar, Budgam, Pulwama, Poonch, Shopian, Kulgam, Rajouri, Ramban, Reasi, Doda, Jammu, Kathua, Udhampur, Samba, Muzaffarabad, Mirpur, 
Gurdaspur, Hoshiarpur, Amritsar, Jalandhar, Tarn Taran, Rupnagar, Shahid Bhagat Singh Nagar, Fazilka, Moga, Ludhiana, S.A.S Nagar*, Faridkot, Fatehgarh Sahib, Sri Sri Muktsar Sahib Sahib, Sangrur, Barnala, Bathinda, Patiala, Mansa, Ferozepur, Pathankot, Kapurthala, Amroha, Hapur, Bareilly, Pilibhit, Bulandshahr, Gautam Buddha Nagar, Kheri, Budaun, Bahraich, Shahjahanpur, Aligarh, Kasganj, Mathura, SShrawasti, Sitapur, Hathras, Etah, Hardoi, Farrukhabad, Firozabad, Siddharthnagar, Mainpuri, Mahrajganj, Agra, Gonda, Bara Banki, Kushinagar, Kannauj, Lucknow, Basti, Gorakhpur, Sant Kabir Nagar, Unnao, Etawah, Kanpur nagar Nagar, Auraiya, Ayodhya, Kanpur nagar Dehat, Deoria, Sultanpur, Ambedkar Nagar, Rae Bareli, Jalaun, Azamgarh, Mau, Fatehpur, Ballia, Jaunpur, Jhansi, Banda, Ghazipurr, Kaushambi, Prayagraj, Varanasi, Chitrakoot, Chandauli, Bhadohi, Mirzapur, Lalitpur, Sonbhadra, Amethi, Ghaziabad, Sambhal, Mahoba, Saharanpur, Bijnor, Muzaffarnagar, Baghpat, Meerut, Moradabad, Rampur, Shamli, Balrampur, Hamirpur, Pratapgarh, Tinsukia, Dhemaji, Dibrugarh, Lakhimpur, Sivasagar, Jorhat, Sonitpur, Golaghat, Udalguri, Chirang, Baksa, Nagaon, Kokrajhar, Darrang, Barpeta, Nalbari, Marigaon, Kamrup, Bongaigaon, Dhubri, Kamrup Metro, Goalpara, Dima Hasao, Cachar, Karimganj, Hailakandi, Charaideo, Majuli, Biswanath, Hojai, South Salmara Mancachar, Karbi Anglong, West Karbi Anglong, Upper Lower Subansiri, Anjaw, Changlang, Tawang, Papum Pare, Tirap, East Siang, Lohit, Kurung Kumey, Lower Lower Subansiri, East Kameng, West Kameng, West Kameng, West Kameng, Kra Daadi, Namsai, Longding, Upper Siang, Lower Siang, Dibang Valley, Lower Dibang Valley, Siang, Shi Yomi, Pakke Kessang, West Siang, Leparada, Kamle","Jammu and Kashmir, Punjab, Uttar Pradesh, Assam,  Arunachal Pradesh",IMD,,,1973.0,8.0,8.0,1,1973.0,8.0,8.0,3.0,-0.8660254037844385,-0.5000000000000004,1,Other,5,179,1
17.0,severe flood,,Rajasthan,IMD,,8.0,1973.0,8.0,15.0,1,1973.0,8.0,15.0,3.0,-0.8660254037844385,-0.5000000000000004,1,Other,1,0,1
7.0,floods,"Churu, Jhunjhunu, Jaisalmer, Sikar, Alwar, Jaipur, Jodhpur, Bharatpur, Nagaur, Dausa, Karauli, Dholpur, Barmer, Sawai Madhopur, Tonk, Pali, Bhilwara, Jalore, Bundi, Kota, Sirohi, Baran, Udaipur, Jhalawar, Dungarpur, Banswara, Ajmer, Rajsamand, Chittorgarh, Ganganagar, Hanumangarh, Bikaner, Pratapgarh, Gurdaspur, Hoshiarpur, Amritsar, Jalandhar, Tarn Taran, Rupnagar, Shahid Bhagat Singh Nagar, Fazilka, Moga, Ludhiana, S.A.S Nagar*, Faridkot, Fatehgarh Sahib, Sri Sri Muktsar Sahib Sahib, Sangrur, Barnala, Bathinda, Patiala, Mansa, Ferozepur, Pathankot, Kapurthala, Amroha, Hapur, Bareilly, Pilibhit, Bulandshahr, Gautam Buddha Nagar, Kheri, Budaun, Bahraich, Shahjahanpur, Aligarh, Kasganj, Mathura, SShrawasti, Sitapur, Hathras, Etah, Hardoi, Farrukhabad, Firozabad, Siddharthnagar, Mainpuri, Mahrajganj, Agra, Gonda, Bara Banki, Kushinagar, Kannauj, Lucknow, Basti, Gorakhpur, Sant Kabir Nagar, Unnao, Etawah, Kanpur nagar Nagar, Auraiya, Ayodhya, Kanpur nagar Dehat, Deoria, Sultanpur, Ambedkar Nagar, Rae Bareli, Jalaun, Azamgarh, Mau, Fatehpur, Ballia, Jaunpur, Jhansi, Banda, Ghazipurr, Kaushambi, Prayagraj, Varanasi, Chitrakoot, Chandauli, Bhadohi, Mirzapur, Lalitpur, Sonbhadra, Amethi, Ghaziabad, Sambhal, Mahoba, Saharanpur, Bijnor, Muzaffarnagar, Baghpat, Meerut, Moradabad, Rampur, Shamli, Balrampur, Hamirpur, Pratapgarh","Rajasthan, Punjab, Uttar Pradesh",IMD,,,1973.0,8.0,15.0,1,1973.0,8.0,15.0,3.0,-0.8660254037844385,-0.5000000000000004,1,Other,3,130,1
10.0,floods,,Gujarat,IMD,,24.0,1973.0,8.0,31.0,1,1973.0,8.0,31.0,3.0,-0.8660254037844385,-0.5000000000000004,1,Other,1,0,1
7.0,floods,"Mirzapur,Prayagraj,Pratapgarh,Bahraich,Gonda,Basti,Jaunpur,Ghazipur, Purbi Champaran, Araria, Kishanganj, Madhubani, Sheohar, Sitamarhi, Supaul,Pashchim Champaran","Uttar Pradesh, Bihar",IMD,,,1973.0,10.0,1.0,1,1973.0,10.0,1.0,4.0,-0.8660254037844386,0.5000000000000001,1,Other,2,16,1
7.0,severe floods,"Pashchim Champaran, Purbi Champaran, Sitamarhi, Sheohar, Gopalganj, Samastipur, Katihar, Khagaria, Bhojpur, Buxar, Darbhanga, Saharsa, Kaimur (Bhabua), Rohtas, Jamui, Banka, Nawada, Gaya, Munger, Vaishali, Begusarai, Bhagalpur, Lakhisarai, Sheikhpura, Arwal, Jehanabad, Nalanda, Patna, Saran, Siwan, Muzaffarpur, Madhepura, Araria, Supaul, Madhubani, Purnia, Kishanganj, Aurangabad, Bhadrak, Dhenkanal, Jajapur, Subarnapur, Nuapada, Balangir, Boudh, Cuttack, Kandhamal, Nayagarh, Khordha, Kalahandi, Jagatsinghapur, Puri, Nagpur, Rayagada, Koraput, Malkangiri, Anugul, Kendrapara, Ganjam, Gajapati, Mayurbhanj, Sundargarh, Kendujhar, Baleshwar, Jharsuguda, Bargarh, Deogarh, Sambalpur, South 24 Parganas*, Darjeeling, Jalpaiguri, Dakshin Dinajpur, Maldah, Murshidabad, Birbhum, Nadia, Purba Purba Bardhaman, Purulia, Bankura, North 24 Parganas","Bihar, Odisha, West Bengal, Assam, Andhra Pradesh",IMD,,,1973.0,10.0,8.0,1,1973.0,10.0,8.0,4.0,-0.8660254037844386,0.5000000000000001,1,Other,5,80,1
38.0,heavy rains,Mumbai (Colaba),Maharashtra,IMD,,27.0,1974.0,7.0,1.0,1,1974.0,7.0,1.0,3.0,-0.4999999999999997,-0.8660254037844388,1,Heavy Rain,1,1,1
7.0,inceasant rains,Ratnagiri,Maharashtra,IMD,492.0,27.0,1974.0,7.0,1.0,1,1974.0,7.0,1.0,3.0,-0.4999999999999997,-0.8660254037844388,1,Heavy Rain,1,1,1
7.0,floods,"Pashchim Champaran, Purbi Champaran, Muzaffarpur,Darbhanga",Bihar,IMD,,10.0,1975.0,7.0,22.0,1,1975.0,7.0,22.0,3.0,-0.4999999999999997,-0.8660254037844388,1,Other,1,4,1
1.0,floods,Patna,Bihar,IMD,520.0,10.0,1975.0,8.0,25.0,1,1975.0,8.0,25.0,3.0,-0.8660254037844385,-0.5000000000000004,0,Other,1,1,1
7.0,heavy rains,"Nawada, Khagaria, Samastipur,Purbi Champaran",Bihar,IMD,,10.0,1975.0,9.0,22.0,1,1975.0,9.0,22.0,3.0,-1.0,-1.8369701987210297e-16,1,Heavy Rain,1,4,1
7.0,heavy rains,,Odisha,IMD,,21.0,1975.0,8.0,15.0,1,1975.0,8.0,15.0,3.0,-0.8660254037844385,-0.5000000000000004,1,Heavy Rain,1,0,1
7.0,floods,"Bulandshahr, Khurja",Uttar Pradesh,IMD,,9.0,1975.0,9.0,8.0,1,1975.0,9.0,8.0,3.0,-1.0,-1.8369701987210297e-16,1,Other,1,2,1
7.0,heavy rains,"Nanded,Parbhani",Maharashtra,IMD,,27.0,1975.0,8.0,1.0,1,1975.0,8.0,1.0,3.0,-0.8660254037844385,-0.5000000000000004,1,Heavy Rain,1,2,1
7.0,heavy rains,"Thiruvananthapuram, Kollam, Alappuzha, Kottayam, Thrissur",Kerala,IMD,,32.0,1975.0,11.0,1.0,0,1975.0,11.0,1.0,4.0,-0.5000000000000004,0.8660254037844384,1,Heavy Rain,1,5,1
7.0,floods,"Cachar, Goalpara, Kamrup, Sivasagar, Lakhimpur, Darrang","Assam, Manipur, Arunachal Pradesh",IMD,,,1976.0,7.0,15.0,1,1976.0,7.0,15.0,3.0,-0.4999999999999997,-0.8660254037844388,1,Other,3,6,1
7.0,floods,Darjeeling,West Bengal,IMD,309.0,19.0,1976.0,6.0,22.0,0,1976.0,6.0,22.0,2.0,1.2246467991473532e-16,-1.0,1,Other,1,1,1
7.0,heavy rains,Darjeeling,West Bengal,IMD,309.0,19.0,1976.0,8.0,15.0,1,1976.0,8.0,15.0,3.0,-0.8660254037844385,-0.5000000000000004,1,Heavy Rain,1,1,1
14.0,flood,"Mirzapur, Varanasi, Ayodhya, Azamgarh, Ballia, Etawah",Uttar Pradesh,IMD,,9.0,1976.0,9.0,8.0,1,1976.0,9.0,8.0,3.0,-1.0,-1.8369701987210297e-16,1,Other,1,6,1
38.0,floods,"Gurdaspur, Ferozepur, Amritsar, Rohtak,Hisar",Punjab,IMD,,3.0,1976.0,8.0,1.0,1,1976.0,8.0,1.0,3.0,-0.8660254037844385,-0.5000000000000004,1,Other,1,5,1
7.0,floods,Jammu,Jammu and Kashmir,IMD,5.0,,1976.0,8.0,8.0,1,1976.0,8.0,8.0,3.0,-0.8660254037844385,-0.5000000000000004,1,Other,1,1,1
1.0,"torential rain,heavy floods","Valsad, Dadra And Nagar Haveli",Dadra and Nagar Haveli,IMD,,,1976.0,7.0,31.0,1,1976.0,7.0,31.0,3.0,-0.4999999999999997,-0.8660254037844388,0,Heavy Rain,1,2,1
1.0,heavy rains,"South Gujarat, Pune, Solapur, Nashik, Thane",Maharashtra,IMD,,27.0,1976.0,7.0,31.0,0,1976.0,7.0,31.0,3.0,-0.4999999999999997,-0.8660254037844388,0,Heavy Rain,1,5,1
7.0,flash floods,"Khammam, Bhadradri Bhadradri Kothagudem kothagudem",Telangana,IMD,,36.0,1976.0,7.0,1.0,1,1976.0,7.0,1.0,3.0,-0.4999999999999997,-0.8660254037844388,1,Flash Flood,1,2,1
7.0,heavy rains,"Thiruvananthapuram, Kottayam, Ernakulam, Kozhikode,Thrissur",Kerala,IMD,,32.0,1976.0,7.0,22.0,1,1976.0,7.0,22.0,3.0,-0.4999999999999997,-0.8660254037844388,1,Heavy Rain,1,5,1
14.0,floods,"Chennai, The Nilgiris, Coimbatore",Tamil Nadu,IMD,,33.0,1976.0,10.0,8.0,0,1976.0,10.0,8.0,4.0,-0.8660254037844386,0.5000000000000001,1,Other,1,3,1
7.0,"heavy rains,floods",Coimbatore,Tamil Nadu,IMD,569.0,33.0,1976.0,11.0,15.0,0,1976.0,11.0,15.0,4.0,-0.5000000000000004,0.8660254037844384,1,Heavy Rain,1,1,1
21.0,moderate to severe,"West Godavari, Guntur, nalgonda, Khammam,Prakasam,Adilabad, Hyderabad, Jagitial, Jangoan, Mulugu, Jogulamba Gadwal, Kamareddy, Karimnagar, Khammam, Kumuram Bheem Asifabad, Mahabubabad, Mahabubnagar, Mancherial, Medak, Medchal Malkajgiri, Nagarkurnool, Nalgonda, Nirmal, Nizamabad, Peddapalli, Rajanna Sircilla, Ranga Reddy, Sangareddy, Siddipet, Suryapet, Vikarabad, Wanaparthy, Warangal, Warangal, Yadadri Yadadri Bhuvanagiri Yadadri Bhuvanagiri, Bhadradri Bhadradri Kothagudem Bhadradri Kothagudem, Jayashankar Bhupalapally, Narayanpet",Andhra Pradesh,IMD,,28.0,1978.0,8.0,1.0,1,1978.0,8.0,1.0,3.0,-0.8660254037844385,-0.5000000000000004,1,Other,1,38,1
7.0,moderate to severe,"Majuli, Dibrugarh, Darrang, Sonitpur, Nagaon, Sivasagar, Lakhimpur",Assam,IMD,,18.0,1978.0,6.0,22.0,0,1978.0,6.0,22.0,2.0,1.2246467991473532e-16,-1.0,1,Other,1,7,1
7.0,moderate to severe,"Kamrup, Goalpara",Assam,IMD,,18.0,1978.0,7.0,15.0,0,1978.0,7.0,15.0,3.0,-0.4999999999999997,-0.8660254037844388,1,Other,1,2,1
14.0,moderate to severe,"Malda, Murshidabad, Nadia",West Bengal,IMD,,19.0,1978.0,8.0,15.0,1,1978.0,8.0,15.0,3.0,-0.8660254037844385,-0.5000000000000004,1,Other,1,3,1
7.0,moderate to severe,"Paschim Purba Medinipur,Purba Purba Medinipur, Bankura",West Bengal,IMD,,19.0,1978.0,9.0,1.0,1,1978.0,9.0,1.0,3.0,-1.0,-1.8369701987210297e-16,1,Other,1,3,1
7.0,severe,"Malda, Hooghly, Paschim Purba Medinipur,Purba Purba Medinipur,Murshidabad",West Bengal,IMD,,19.0,1978.0,9.0,8.0,1,1978.0,9.0,8.0,3.0,-1.0,-1.8369701987210297e-16,1,Other,1,5,1
7.0,severe,Greater Kolkata area,West Bengal,IMD,,19.0,1978.0,9.0,22.0,1,1978.0,9.0,22.0,3.0,-1.0,-1.8369701987210297e-16,1,Other,1,1,1
7.0,severe,"South 24 Parganas,North 24 Parganas",West Bengal,IMD,,19.0,1978.0,10.0,1.0,1,1978.0,10.0,1.0,4.0,-0.8660254037844386,0.5000000000000001,1,Other,1,2,1
14.0,severe,"Munger, Ballia, Madhubani, Samastipur, Saharsa, Sitamarhi, Muzaffarpur, Darbhanga,Pashchim Champaran, Purbi Champaran",Bihar,IMD,,10.0,1978.0,7.0,15.0,1,1978.0,7.0,15.0,3.0,-0.4999999999999997,-0.8660254037844388,1,Other,1,10,1
7.0,moderate to severe,"Munger,Patna",Bihar,IMD,,10.0,1978.0,8.0,8.0,1,1978.0,8.0,8.0,3.0,-0.8660254037844385,-0.5000000000000004,1,Other,1,2,1
14.0,moderate to severe,Saran,Bihar,IMD,218.0,10.0,1978.0,8.0,8.0,1,1978.0,8.0,8.0,3.0,-0.8660254037844385,-0.5000000000000004,1,Other,1,1,1
7.0,moderate to severe,"Gaya, Bhojpur,Nagpur",Bihar,IMD,,10.0,1978.0,9.0,22.0,0,1978.0,9.0,22.0,3.0,-1.0,-1.8369701987210297e-16,1,Other,1,3,1
7.0,very severe,"South West, North west,North",Delhi,IMD,,7.0,1978.0,9.0,1.0,1,1978.0,9.0,1.0,3.0,-1.0,-1.8369701987210297e-16,1,Other,1,3,1
7.0,severe,"Vadodara,Bharuch,Sabar Kantha,Valsad",Gujarat,IMD,,24.0,1978.0,8.0,22.0,1,1978.0,8.0,22.0,3.0,-0.8660254037844385,-0.5000000000000004,1,Other,1,4,1
7.0,severe,"Karnal, Panipat, Kurukshetra, Sonipat, Gurugram",Haryana,IMD,,6.0,1978.0,9.0,1.0,1,1978.0,9.0,1.0,3.0,-1.0,-1.8369701987210297e-16,1,Other,1,5,1
7.0,moderate,Solan,Himachal Pradesh,IMD,25.0,2.0,1978.0,7.0,22.0,0,1978.0,7.0,22.0,3.0,-0.4999999999999997,-0.8660254037844388,1,Other,1,1,1
7.0,moderate,"Bilaspur, Solan",Himachal Pradesh,IMD,,2.0,1978.0,8.0,15.0,1,1978.0,8.0,15.0,3.0,-0.8660254037844385,-0.5000000000000004,1,Other,1,2,1
7.0,severe,Shimla,Himachal Pradesh,IMD,23.0,2.0,1978.0,9.0,1.0,1,1978.0,9.0,1.0,3.0,-1.0,-1.8369701987210297e-16,1,Other,1,1,1
7.0,moderate to severe,"Mudigere, Mangalore,Dharwad",Karnataka,IMD,,29.0,1978.0,7.0,15.0,0,1978.0,7.0,15.0,3.0,-0.4999999999999997,-0.8660254037844388,1,Other,1,3,1
7.0,moderate to severe,"Mangalore, Dakshina Kannada",Karnataka,IMD,,29.0,1978.0,7.0,22.0,0,1978.0,7.0,22.0,3.0,-0.4999999999999997,-0.8660254037844388,1,Other,1,2,1
7.0,severe,"Thiruvananthapuram, Kollam, Alappuzha, Thrissur, Kannur,Malappuram",Kerala,IMD,,32.0,1978.0,11.0,1.0,1,1978.0,11.0,1.0,4.0,-0.5000000000000004,0.8660254037844384,1,Other,1,6,1
7.0,moderate,"Burhanpur, Chhindwara",Madhya Pradesh,IMD,,23.0,1978.0,7.0,1.0,1,1978.0,7.0,1.0,3.0,-0.4999999999999997,-0.8660254037844388,1,Other,1,2,1
7.0,moderate to severe,Bhind,Madhya Pradesh,IMD,395.0,23.0,1978.0,9.0,1.0,0,1978.0,9.0,1.0,3.0,-1.0,-1.8369701987210297e-16,1,Other,1,1,1
7.0,moderate,Nagpur,Maharashtra,IMD,484.0,27.0,1978.0,2.0,1.0,1,1978.0,2.0,1.0,1.0,0.8660254037844386,0.5000000000000001,1,Other,1,1,1
7.0,"moderate to severe, moderate","Beed, Mumbai",Maharashtra,IMD,,27.0,1978.0,6.0,8.0,0,1978.0,6.0,8.0,2.0,1.2246467991473532e-16,-1.0,1,Other,1,2,1
7.0,moderate,Mumbai,Maharashtra,IMD,482.0,27.0,1978.0,7.0,8.0,0,1978.0,7.0,8.0,3.0,-0.4999999999999997,-0.8660254037844388,1,Other,1,1,1
7.0,moderate,Akola,Maharashtra,IMD,467.0,27.0,1978.0,7.0,22.0,1,1978.0,7.0,22.0,3.0,-0.4999999999999997,-0.8660254037844388,1,Other,1,1,1
7.0,severe,"Bhandara, Jalgaon, Nagpur,Akola",Maharashtra,IMD,,27.0,1978.0,8.0,22.0,0,1978.0,8.0,22.0,3.0,-0.8660254037844385,-0.5000000000000004,1,Other,1,4,1
7.0,heavy rains,"Hoshiarpur,Ferozepur,Faridkot",Punjab,IMD,,3.0,1978.0,7.0,22.0,0,1978.0,7.0,22.0,3.0,-0.4999999999999997,-0.8660254037844388,1,Heavy Rain,1,3,1
2.0,severe,"Ferozepur, Patiala, Hoshiarpur, Ludhiana, Jalandhar, Kapurthala,Rupnagar",Punjab,IMD,,3.0,1978.0,8.0,3.0,1,1978.0,8.0,3.0,3.0,-0.8660254037844385,-0.5000000000000004,0,Other,1,7,1
7.0,moderate,Churu,Rajasthan,IMD,96.0,8.0,1978.0,7.0,15.0,0,1978.0,7.0,15.0,3.0,-0.4999999999999997,-0.8660254037844388,1,Other,1,1,1
7.0,moderate to severe,"Alwar, Jaipur, Bikaner, Sikar, Jhunjhunu,Ganganagar",Rajasthan,IMD,,8.0,1978.0,7.0,15.0,0,1978.0,7.0,15.0,3.0,-0.4999999999999997,-0.8660254037844388,1,Other,1,6,1
7.0,moderate to severe,"Bharatpur, Churu, Bikaner, Jhunjhunu, Sikar, Jaipur,  Ganganagar, Alwar",Rajasthan,IMD,,8.0,1978.0,6.0,22.0,1,1978.0,6.0,22.0,2.0,1.2246467991473532e-16,-1.0,1,Other,1,8,1
7.0,moderate to severe,"Coimbatore, Erode, Salem,Thanjavur, The Nilgiris",Tamil Nadu,IMD,,33.0,1978.0,11.0,1.0,1,1978.0,11.0,1.0,4.0,-0.5000000000000004,0.8660254037844384,1,Other,1,5,1
7.0,moderate to severe,"Chennai, Ramanathapuram",Tamil Nadu,IMD,,33.0,1978.0,12.0,22.0,1,1978.0,12.0,22.0,4.0,-2.4492935982947064e-16,1.0,1,Other,1,2,1
7.0,moderate,"Almora, Basti, Bahraich",Uttar Pradesh,IMD,,9.0,1978.0,6.0,15.0,0,1978.0,6.0,15.0,2.0,1.2246467991473532e-16,-1.0,1,Other,1,3,1
14.0,moderate to severe,"Deoria, Gorakhpur, Azamgarh,Agra",Uttar Pradesh,IMD,,9.0,1978.0,7.0,15.0,1,1978.0,7.0,15.0,3.0,-0.4999999999999997,-0.8660254037844388,1,Other,1,4,1
7.0,moderate to severe,"Uttar Kashi Kashi, Tehri Garhwal, Saharanpur, Moradabad, Bareilly, Meerut, Rampur,Pilibhit",Uttar Pradesh,IMD,,9.0,1978.0,8.0,1.0,0,1978.0,8.0,1.0,3.0,-0.8660254037844385,-0.5000000000000004,1,Other,1,8,1
7.0,moderate to severe,"Prayagraj, Varanasi, Budaun, Uttar Kashi Kashi, Basti,Hardoi, Garhwal",Uttar Pradesh,IMD,,9.0,1978.0,8.0,8.0,1,1978.0,8.0,8.0,3.0,-0.8660254037844385,-0.5000000000000004,1,Other,1,7,1
7.0,,Dehradun,Uttar Pradesh,IMD,49.0,9.0,1978.0,8.0,15.0,1,1978.0,8.0,15.0,3.0,-0.8660254037844385,-0.5000000000000004,1,Other,1,1,1
7.0,"severe, moderate to severe","Saharanpur, Moradabad, Prayagraj, Dehradun, Meerut, Varanasi, Jhansi, Ballia, Jalaun, Meerut",Uttar Pradesh,IMD,,9.0,1978.0,9.0,1.0,1,1978.0,9.0,1.0,3.0,-1.0,-1.8369701987210297e-16,1,Other,1,10,1
7.0,"moderate, severe","Agra, Mathura, Varanasi,Prayagraj, Lucknow, Gwalior, Ballia, Etawah, Jalaun, Hamirpur,Banda",Uttar Pradesh,IMD,,9.0,1978.0,9.0,8.0,1,1978.0,9.0,8.0,3.0,-1.0,-1.8369701987210297e-16,1,Other,1,11,1
14.0,flash floods in lohit river,Lohit,Arunachal Pradesh,IMD,234.0,12.0,1979.0,10.0,1.0,0,1979.0,10.0,1.0,4.0,-0.8660254037844386,0.5000000000000001,1,River/Water System,1,1,1
7.0,severe floods,"Cachar, Darrang, Dibrugarh, Lakhimpur,Sivasagar",Assam,IMD,,18.0,1979.0,7.0,1.0,0,1979.0,7.0,1.0,3.0,-0.4999999999999997,-0.8660254037844388,1,Other,1,5,1
1.0,flash floods,Rajkot,Gujarat,IMD,457.0,24.0,1979.0,8.0,11.0,1,1979.0,8.0,11.0,3.0,-0.8660254037844385,-0.5000000000000004,0,Flash Flood,1,1,1
7.0,heavy rains,Hilly areas,Jammu and Kashmir,IMD,,,1979.0,5.0,22.0,0,1979.0,5.0,22.0,2.0,0.49999999999999994,-0.8660254037844387,1,Heavy Rain,1,1,1
1.0,heavy rains,"Bengaluru Rural,Rugi",Karnataka,IMD,,29.0,1979.0,9.0,13.0,1,1979.0,9.0,13.0,3.0,-1.0,-1.8369701987210297e-16,0,Heavy Rain,1,2,1
1.0,heavy rains,Bengaluru Rural,Karnataka,IMD,526.0,29.0,1979.0,10.0,8.0,0,1979.0,10.0,8.0,4.0,-0.8660254037844386,0.5000000000000001,0,Heavy Rain,1,1,1
1.0,heavy rains,Kannur,Kerala,IMD,557.0,32.0,1979.0,7.0,2.0,0,1979.0,7.0,2.0,3.0,-0.4999999999999997,-0.8660254037844388,0,Heavy Rain,1,1,1
3.0,heavy rains,"Kannur,Kozhikode",Kerala,IMD,,32.0,1979.0,8.0,1.0,0,1979.0,8.0,1.0,3.0,-0.8660254037844385,-0.5000000000000004,0,Heavy Rain,1,2,1
1.0,heavy rains,Khargone (Khargone (West Nimar)),Madhya Pradesh,IMD,,23.0,1979.0,6.0,25.0,1,1979.0,6.0,25.0,2.0,1.2246467991473532e-16,-1.0,0,Heavy Rain,1,1,1
1.0,heavy rains,Khargone (Khargone (West Nimar)),Madhya Pradesh,IMD,,23.0,1979.0,7.0,1.0,0,1979.0,7.0,1.0,3.0,-0.4999999999999997,-0.8660254037844388,0,Heavy Rain,1,1,1
1.0,heavy rains,Indore,Madhya Pradesh,IMD,410.0,23.0,1979.0,8.0,3.0,0,1979.0,8.0,3.0,3.0,-0.8660254037844385,-0.5000000000000004,0,Heavy Rain,1,1,1
24.0,heavy rains,"Amravati, Bhandara, Chandrapur, Nagpur,Wardha",Maharashtra,IMD,,27.0,1979.0,1.0,22.0,0,1979.0,1.0,22.0,1.0,0.49999999999999994,0.8660254037844387,1,Heavy Rain,1,5,1
1.0,flash floods,Mumbai,Maharashtra,IMD,482.0,27.0,1979.0,6.0,24.0,0,1979.0,6.0,24.0,2.0,1.2246467991473532e-16,-1.0,0,Flash Flood,1,1,1
7.0,severe floods,Nagpur,Maharashtra,IMD,484.0,27.0,1979.0,8.0,1.0,0,1979.0,8.0,1.0,3.0,-0.8660254037844385,-0.5000000000000004,1,Other,1,1,1
2.0,heavy rains,"Nagpur,Wardha",Maharashtra,IMD,,27.0,1979.0,7.0,3.0,1,1979.0,7.0,3.0,3.0,-0.4999999999999997,-0.8660254037844388,0,Heavy Rain,1,2,1
3.0,flash floods,"Amravati, Bhandara, Chandrapur, Nagpur, Wardha,Yavatmal",Maharashtra,IMD,,27.0,1979.0,8.0,8.0,1,1979.0,8.0,8.0,3.0,-0.8660254037844385,-0.5000000000000004,0,Flash Flood,1,6,1
1.0,flash floods,Pune,Maharashtra,IMD,490.0,27.0,1979.0,9.0,16.0,0,1979.0,9.0,16.0,3.0,-1.0,-1.8369701987210297e-16,0,Flash Flood,1,1,1
1.0,flash floods,Aurangabad,Maharashtra,IMD,189.0,27.0,1979.0,9.0,25.0,0,1979.0,9.0,25.0,3.0,-1.0,-1.8369701987210297e-16,0,Flash Flood,1,1,1
1.0,moderate floods,Solapur,Maharashtra,IMD,496.0,27.0,1979.0,11.0,4.0,0,1979.0,11.0,4.0,4.0,-0.5000000000000004,0.8660254037844384,0,Other,1,1,1
14.0,severe floods,"Ajmer, Bhilwara, Bundi, Jalore, Jodhpur, Kota, Nagpur, Pali, Sawai Madhopur, Sikar,Tonk",Rajasthan,IMD,,8.0,1979.0,7.0,8.0,1,1979.0,7.0,8.0,3.0,-0.4999999999999997,-0.8660254037844388,1,Other,1,11,1
1.0,incessant heavy rains,Gangtok,Sikkim,IMD,225.0,11.0,1979.0,7.0,22.0,0,1979.0,7.0,22.0,3.0,-0.4999999999999997,-0.8660254037844388,0,Heavy Rain,1,1,1
7.0,heavy rains,Coimbatore,Tamil Nadu,IMD,569.0,33.0,1979.0,11.0,17.0,1,1979.0,11.0,17.0,4.0,-0.5000000000000004,0.8660254037844384,1,Heavy Rain,1,1,1
186.0,heavy rains,Chennai,Tamil Nadu,IMD,568.0,33.0,1979.0,5.0,12.0,0,1979.0,5.0,12.0,2.0,0.49999999999999994,-0.8660254037844387,1,Heavy Rain,1,1,1
8.0,severe floods,Madurai,Tamil Nadu,IMD,578.0,33.0,1979.0,11.0,13.0,1,1979.0,11.0,13.0,4.0,-0.5000000000000004,0.8660254037844384,1,Other,1,1,1
1.0,heavy rains,Ramanathapuram,Tamil Nadu,IMD,583.0,33.0,1979.0,11.0,19.0,1,1979.0,11.0,19.0,4.0,-0.5000000000000004,0.8660254037844384,0,Heavy Rain,1,1,1
8.0,heavy rains,Cuddalore,Tamil Nadu,IMD,570.0,33.0,1979.0,11.0,13.0,0,1979.0,11.0,13.0,4.0,-0.5000000000000004,0.8660254037844384,1,Heavy Rain,1,1,1
119.0,heavy rains,Thanjavur,Tamil Nadu,IMD,586.0,33.0,1979.0,7.0,23.0,0,1979.0,7.0,23.0,3.0,-0.4999999999999997,-0.8660254037844388,1,Heavy Rain,1,1,1
8.0,heavy rains,The Nilgiris,Tamil Nadu,IMD,587.0,33.0,1979.0,11.0,13.0,1,1979.0,11.0,13.0,4.0,-0.5000000000000004,0.8660254037844384,1,Heavy Rain,1,1,1
10.0,"heavy rains,moderate floods",Tiruchirappalli,Tamil Nadu,IMD,591.0,33.0,1979.0,11.0,13.0,0,1979.0,11.0,13.0,4.0,-0.5000000000000004,0.8660254037844384,1,Heavy Rain,1,1,1
7.0,severe floods,Tirunelveli,Tamil Nadu,IMD,592.0,33.0,1979.0,11.0,12.0,1,1979.0,11.0,12.0,4.0,-0.5000000000000004,0.8660254037844384,1,Other,1,1,1
21.0,severe floods,"Azamgarh, Bahraich, Ballia, Bara Banki, Basti, Chamoli, Dehradun, Deoria, Ayodhya, Gonda, Gorakhpur, Kheri,Sitapur","Uttar Pradesh, Uttarakhand",IMD,,,1979.0,7.0,8.0,1,1979.0,7.0,8.0,3.0,-0.4999999999999997,-0.8660254037844388,1,Other,2,13,1
14.0,severe floods,"Azamgarh, Bahraich, Ballia, Basti, Deoria, Ayodhya, Gonda, Gorakhpur,Kheri",Uttar Pradesh,IMD,,9.0,1979.0,8.0,8.0,1,1979.0,8.0,8.0,3.0,-0.8660254037844385,-0.5000000000000004,1,Other,1,9,1
7.0,flash floods,Srikakulam,Andhra Pradesh,IMD,519.0,28.0,1980.0,9.0,15.0,1,1980.0,9.0,15.0,3.0,-1.0,-1.8369701987210297e-16,1,Flash Flood,1,1,1
14.0,severe floods,"Darrang, Sivasagar",Assam,IMD,,18.0,1980.0,6.0,8.0,0,1980.0,6.0,8.0,2.0,1.2246467991473532e-16,-1.0,1,Other,1,2,1
14.0,severe floods,"Darrang, Dibrugarh, Goalpara, Kamrup, Lakhimpur, Nagaon, Sivasagar",Assam,IMD,,18.0,1980.0,8.0,8.0,1,1980.0,8.0,8.0,3.0,-0.8660254037844385,-0.5000000000000004,1,Other,1,7,1
7.0,floods,"Begusarai, Bhagalpur, Bhojpur, Pashchim Champaran, Purbi Champaran, Darbhanga, Katihar, Madhubani, Munger, Muzaffarpur, Patna, Purnia,Saharsa, Santal Pargan, Saran, Sitamarhi, Siwan,Samastipur",Bihar,IMD,,10.0,1980.0,8.0,8.0,1,1980.0,8.0,8.0,3.0,-0.8660254037844385,-0.5000000000000004,1,Other,1,18,1
7.0,moderate floods,Nawada,Bihar,IMD,210.0,10.0,1980.0,8.0,22.0,0,1980.0,8.0,22.0,3.0,-0.8660254037844385,-0.5000000000000004,1,Other,1,1,1
40.0,severe floods,"Amreli, Bhavnagar, Jamnagar,  Kachchh, Rajkot",Gujarat,IMD,,24.0,1980.0,6.0,22.0,1,1980.0,6.0,22.0,2.0,1.2246467991473532e-16,-1.0,1,Other,1,5,1
21.0,flash floods,"Ambala, Jind, Karnal, Kurukshetra , Sonipat",Haryana,IMD,,6.0,1980.0,7.0,8.0,0,1980.0,7.0,8.0,3.0,-0.4999999999999997,-0.8660254037844388,1,Flash Flood,1,5,1
1.0,heavy rains,New New Delhi,Delhi,IMD,,7.0,1980.0,7.0,1.0,0,1980.0,7.0,1.0,3.0,-0.4999999999999997,-0.8660254037844388,0,Heavy Rain,1,1,1
21.0,heavy rains,New New Delhi,Delhi,IMD,,7.0,1980.0,7.0,8.0,0,1980.0,7.0,8.0,3.0,-0.4999999999999997,-0.8660254037844388,1,Heavy Rain,1,1,1
14.0,moderate floods,Chandigarh,Chandigarh,IMD,44.0,4.0,1980.0,7.0,8.0,0,1980.0,7.0,8.0,3.0,-0.4999999999999997,-0.8660254037844388,1,Other,1,1,1
1.0,moderate floods,Kinnaur,Himachal Pradesh,IMD,19.0,2.0,1980.0,7.0,12.0,0,1980.0,7.0,12.0,3.0,-0.4999999999999997,-0.8660254037844388,0,Other,1,1,1
7.0,heavy rains,Jammu,Jammu and Kashmir,IMD,5.0,,1980.0,7.0,8.0,0,1980.0,7.0,8.0,3.0,-0.4999999999999997,-0.8660254037844388,1,Heavy Rain,1,1,1
7.0,heavy rains,Dharwad,Karnataka,IMD,536.0,29.0,1980.0,7.0,1.0,0,1980.0,7.0,1.0,3.0,-0.4999999999999997,-0.8660254037844388,1,Heavy Rain,1,1,1
7.0,"heavy rains, moderate floods","Kodagu, Uttar Kashia Kannada",Karnataka,IMD,,29.0,1980.0,8.0,8.0,0,1980.0,8.0,8.0,3.0,-0.8660254037844385,-0.5000000000000004,1,Heavy Rain,1,2,1
7.0,heavy rains,Kalaburagi,Karnataka,IMD,538.0,29.0,1980.0,8.0,22.0,0,1980.0,8.0,22.0,3.0,-0.8660254037844385,-0.5000000000000004,1,Heavy Rain,1,1,1
7.0,heavy rains,"Kannur, Malappuram, Kozhikode, Kollam,Thiruvananthapuram",Kerala,IMD,,32.0,1980.0,6.0,15.0,0,1980.0,6.0,15.0,2.0,1.2246467991473532e-16,-1.0,1,Heavy Rain,1,5,1
14.0,heavy rains,"Alappuzha,Kannur, Kottayam, Kozhikode, Malappuram, Palakkad,Thrissur",Kerala,IMD,,32.0,1980.0,7.0,1.0,0,1980.0,7.0,1.0,3.0,-0.4999999999999997,-0.8660254037844388,1,Heavy Rain,1,7,1
7.0,heavy rains,"Alappuzha, Kozhikode, Kollam, Thrissur,Thiruvananthapuram",Kerala,IMD,,32.0,1980.0,8.0,22.0,0,1980.0,8.0,22.0,3.0,-0.8660254037844385,-0.5000000000000004,1,Heavy Rain,1,5,1
1.0,moderate floods,Jabalpur,Madhya Pradesh,IMD,411.0,23.0,1980.0,8.0,31.0,0,1980.0,8.0,31.0,3.0,-0.8660254037844385,-0.5000000000000004,0,Other,1,1,1
7.0,heavy rains,Raipur,Chhattisgarh,IMD,387.0,22.0,1980.0,9.0,15.0,0,1980.0,9.0,15.0,3.0,-1.0,-1.8369701987210297e-16,1,Heavy Rain,1,1,1
14.0,severe floods,Raigarh,Chhattisgarh,IMD,386.0,22.0,1980.0,9.0,15.0,1,1980.0,9.0,15.0,3.0,-1.0,-1.8369701987210297e-16,1,Other,1,1,1
1.0,heavy rains,Mumbai,Maharashtra,IMD,482.0,27.0,1980.0,6.0,15.0,0,1980.0,6.0,15.0,2.0,1.2246467991473532e-16,-1.0,0,Heavy Rain,1,1,1
7.0,heavy rains,Mumbai,Maharashtra,IMD,482.0,27.0,1980.0,7.0,1.0,0,1980.0,7.0,1.0,3.0,-0.4999999999999997,-0.8660254037844388,1,Heavy Rain,1,1,1
1.0,heavy rains,Mumbai,Maharashtra,IMD,482.0,27.0,1980.0,8.0,4.0,0,1980.0,8.0,4.0,3.0,-0.8660254037844385,-0.5000000000000004,0,Heavy Rain,1,1,1
2.0,heavy rains,Mumbai,Maharashtra,IMD,482.0,27.0,1980.0,8.0,21.0,1,1980.0,8.0,21.0,3.0,-0.8660254037844385,-0.5000000000000004,0,Heavy Rain,1,1,1
7.0,"severe floods, heavy rains","Akola, Aurangabad",Maharashtra,IMD,,27.0,1980.0,8.0,15.0,1,1980.0,8.0,15.0,3.0,-0.8660254037844385,-0.5000000000000004,1,Heavy Rain,1,2,1
14.0,"severe floods, heavy rains","Amravati,Wardha , Ahmednagar, Nanded,Parbhani",Maharashtra,IMD,,27.0,1980.0,8.0,15.0,1,1980.0,8.0,15.0,3.0,-0.8660254037844385,-0.5000000000000004,1,Heavy Rain,1,5,1
1.0,heavy rains,Yavatmal,Maharashtra,IMD,500.0,27.0,1980.0,8.0,31.0,0,1980.0,8.0,31.0,3.0,-0.8660254037844385,-0.5000000000000004,0,Heavy Rain,1,1,1
7.0,severe floods,"Koraput,Ganjam, Cuttack, Puri,Sambalpur",Odisha,IMD,,21.0,1980.0,9.0,15.0,1,1980.0,9.0,15.0,3.0,-1.0,-1.8369701987210297e-16,1,Other,1,5,1
14.0,flash floods,"Gurdaspur, Hoshiarpur, Kapurthala, Ludhiana,Patiala",Punjab,IMD,,3.0,1980.0,7.0,8.0,1,1980.0,7.0,8.0,3.0,-0.4999999999999997,-0.8660254037844388,1,Flash Flood,1,5,1
14.0,heavy rains,Alwar,Rajasthan,IMD,87.0,8.0,1980.0,7.0,8.0,1,1980.0,7.0,8.0,3.0,-0.4999999999999997,-0.8660254037844388,1,Heavy Rain,1,1,1
7.0,moderate floods,Coimbatore,Tamil Nadu,IMD,569.0,33.0,1980.0,7.0,1.0,0,1980.0,7.0,1.0,3.0,-0.4999999999999997,-0.8660254037844388,1,Other,1,1,1
1.0,flash floods,Chengalpattu,Tamil Nadu,IMD,730.0,33.0,1980.0,11.0,12.0,0,1980.0,11.0,12.0,4.0,-0.5000000000000004,0.8660254037844384,0,Flash Flood,1,1,1
1.0,heavy rains,Uttar Kashi Kashi,Uttarakhand,IMD,,5.0,1980.0,6.0,25.0,1,1980.0,6.0,25.0,2.0,1.2246467991473532e-16,-1.0,0,Heavy Rain,1,1,1
1.0,moderate floods,Basti,Uttar Pradesh,IMD,131.0,9.0,1980.0,7.0,8.0,0,1980.0,7.0,8.0,3.0,-0.4999999999999997,-0.8660254037844388,0,Other,1,1,1
7.0,"modern floods, flash floods, heavy rains","Chamoli, Tehri Garhwal , Uttar Kashi Kashi, Ballia, Pratapgarh, Dehradun","Uttar Pradesh, Uttarakhand",IMD,,,1980.0,7.0,8.0,1,1980.0,7.0,8.0,3.0,-0.4999999999999997,-0.8660254037844388,1,Flash Flood,2,6,1
14.0,severe floods,"Bahraich, Ballia, Bara Banki, Bareilly,Basti, Bulandshahr, Deoria, Fatehpur, Gonda, Gorakhpur, Hamirpur, Hardoi, Jaunpur, Lucknow, Nainital, Pilibhit, Shahjahanpur, Saharanpur, Sitapur,Rae Bareli, Uttar Kashi Kashi","Uttar Pradesh, Uttarakhand",IMD,,,1980.0,7.0,15.0,1,1980.0,7.0,15.0,3.0,-0.4999999999999997,-0.8660254037844388,1,Other,2,21,1
52.0,severe floods,"Prayagraj,Azamgarh, Bahraich,Ballia, Bara Banki, Basti, Budaun, Bulandshahr, Dehradun, Deoria, Etah, Etawah, Ayodhya, Farrukhabad, Fatehpur, Garhwal, Gonda, Gorakhpur, Hamirpur, Jaunpur, Kanpur nagar Nagar,Kanpur nagar Dehat, Kheri, Lucknow, Mainpuri, Mathura, Mirzapur, Moradabad, Muzaffarnagar, Pilibhit, Pithoragarh, Pratapgarh,Saharanpur, Sitapur, Sultanpur, Unnao, Uttar Kashi Kashi, Varanasi","Uttar Pradesh, Uttarakhand",IMD,,,1980.0,8.0,1.0,1,1980.0,8.0,1.0,3.0,-0.8660254037844385,-0.5000000000000004,1,Other,2,38,1
7.0,heavy rains,Darjeeling,West Bengal,IMD,309.0,19.0,1980.0,9.0,1.0,1,1980.0,9.0,1.0,3.0,-1.0,-1.8369701987210297e-16,1,Heavy Rain,1,1,1
1.0,floods in pennar river,Y.S.R.,Andhra Pradesh,IMD,504.0,28.0,1981.0,9.0,22.0,1,1981.0,9.0,22.0,3.0,-1.0,-1.8369701987210297e-16,0,River/Water System,1,1,1
1.0,flash floods,Prakasam,Andhra Pradesh,IMD,517.0,28.0,1981.0,9.0,22.0,0,1981.0,9.0,22.0,3.0,-1.0,-1.8369701987210297e-16,0,Flash Flood,1,1,1
7.0,"brahmaputra,its tributaries in floods","Sivasagar, Lakhimpur, Dibrugarh, Nagaon, Kamrup, Goalpara,Cachar",Assam,IMD,,18.0,1981.0,7.0,1.0,0,1981.0,7.0,1.0,3.0,-0.4999999999999997,-0.8660254037844388,1,River/Water System,1,7,1
7.0,"brahmaputra,its tributaries in floods","Sivasagar, Kamrup,Goalpara",Assam,IMD,,18.0,1981.0,7.0,15.0,1,1981.0,7.0,15.0,3.0,-0.4999999999999997,-0.8660254037844388,1,River/Water System,1,3,1
7.0,torrential rains,"Patna,Nawada",Bihar,IMD,,10.0,1981.0,7.0,1.0,0,1981.0,7.0,1.0,3.0,-0.4999999999999997,-0.8660254037844388,1,Heavy Rain,1,2,1
2.0,heavy rains,New Delhi,Delhi,IMD,79.0,7.0,1981.0,6.0,30.0,0,1981.0,6.0,30.0,2.0,1.2246467991473532e-16,-1.0,0,Heavy Rain,1,1,1
2.0,heavy rains,Ahmedabad,Gujarat,IMD,438.0,24.0,1981.0,7.0,9.0,1,1981.0,7.0,9.0,3.0,-0.4999999999999997,-0.8660254037844388,0,Heavy Rain,1,1,1
1.0,heavy rains,Vadodara,Gujarat,IMD,461.0,24.0,1981.0,8.0,9.0,0,1981.0,8.0,9.0,3.0,-0.8660254037844385,-0.5000000000000004,0,Heavy Rain,1,1,1
1.0,heavy rains,Ahmedabad,Gujarat,IMD,438.0,24.0,1981.0,8.0,16.0,0,1981.0,8.0,16.0,3.0,-0.8660254037844385,-0.5000000000000004,0,Heavy Rain,1,1,1
1.0,heavy rains,Amreli,Gujarat,IMD,439.0,24.0,1981.0,8.0,19.0,0,1981.0,8.0,19.0,3.0,-0.8660254037844385,-0.5000000000000004,0,Heavy Rain,1,1,1
7.0,heavy rains,"Ambala,Faridabad",Haryana,IMD,,6.0,1981.0,8.0,8.0,0,1981.0,8.0,8.0,3.0,-0.8660254037844385,-0.5000000000000004,1,Heavy Rain,1,2,1
7.0,"moderate floods in chenab,tawi rivers","Jammu,Poonch",Jammu and Kashmir,IMD,,,1981.0,7.0,25.0,0,1981.0,7.0,25.0,3.0,-0.4999999999999997,-0.8660254037844388,1,River/Water System,1,2,1
1.0,flash floods in rambhan stream by a cloud burst,Doda,Jammu and Kashmir,IMD,461.0,,1981.0,9.0,30.0,0,1981.0,9.0,30.0,3.0,-1.0,-1.8369701987210297e-16,0,Flash Flood,1,1,1
1.0,heavy rains following cloud burst,Kolar,Karnataka,IMD,542.0,29.0,1981.0,9.0,10.0,0,1981.0,9.0,10.0,3.0,-1.0,-1.8369701987210297e-16,0,Heavy Rain,1,1,1
7.0,moderate floods,"Kozhikode, Malappuram, Ernakulam, Thrissur, Kollam, Kottayam, Alappuzha,Kannur",Kerala,IMD,,32.0,1981.0,6.0,1.0,1,1981.0,6.0,1.0,2.0,1.2246467991473532e-16,-1.0,1,Other,1,8,1
1.0,flash floods,Alappuzha,Kerala,IMD,554.0,32.0,1981.0,6.0,14.0,0,1981.0,6.0,14.0,2.0,1.2246467991473532e-16,-1.0,0,Flash Flood,1,1,1
1.0,continuous heavy rains,Kozhikode,Kerala,IMD,561.0,32.0,1981.0,8.0,17.0,0,1981.0,8.0,17.0,3.0,-0.8660254037844385,-0.5000000000000004,0,Heavy Rain,1,1,1
7.0,narmada river in spate,Chhindwara,Madhya Pradesh,IMD,399.0,23.0,1981.0,7.0,8.0,0,1981.0,7.0,8.0,3.0,-0.4999999999999997,-0.8660254037844388,1,River/Water System,1,1,1
1.0,heavy rains,Bhopal,Madhya Pradesh,IMD,396.0,23.0,1981.0,8.0,5.0,0,1981.0,8.0,5.0,3.0,-0.8660254037844385,-0.5000000000000004,0,Heavy Rain,1,1,1
2.0,heavy rains,Khargone (Khargone (West Nimar)),Madhya Pradesh,IMD,,23.0,1981.0,8.0,14.0,0,1981.0,8.0,14.0,3.0,-0.8660254037844385,-0.5000000000000004,0,Heavy Rain,1,1,1
2.0,heavy rains,Sangli,Maharashtra,IMD,493.0,27.0,1981.0,6.0,6.0,0,1981.0,6.0,6.0,2.0,1.2246467991473532e-16,-1.0,0,Heavy Rain,1,1,1
7.0,heavy rains,Mumbai,Maharashtra,IMD,482.0,27.0,1981.0,8.0,22.0,1,1981.0,8.0,22.0,3.0,-0.8660254037844385,-0.5000000000000004,1,Heavy Rain,1,1,1
1.0,heavy rains,Pune,Maharashtra,IMD,490.0,27.0,1981.0,9.0,7.0,0,1981.0,9.0,7.0,3.0,-1.0,-1.8369701987210297e-16,0,Heavy Rain,1,1,1
7.0,"wardha,its tributaries  in floods due to continuus heavy rains","Amravati,Yavatmal",Maharashtra,IMD,,27.0,1981.0,9.0,15.0,0,1981.0,9.0,15.0,3.0,-1.0,-1.8369701987210297e-16,1,Heavy Rain,1,2,1
7.0,heavy rains,"Aurangabad,Dharashiv, Jalna, Beed,Parbhani",Maharashtra,IMD,,27.0,1981.0,9.0,15.0,1,1981.0,9.0,15.0,3.0,-1.0,-1.8369701987210297e-16,1,Heavy Rain,1,5,1
7.0,heavy rains,Mumbai,Maharashtra,IMD,482.0,27.0,1981.0,9.0,15.0,1,1981.0,9.0,15.0,3.0,-1.0,-1.8369701987210297e-16,1,Heavy Rain,1,1,1
7.0,severe floods in rivulets,"Faridkot, Ferozepur, Rupnagar, Jalandhar, Amritsar,Hoshiarpur",Punjab,IMD,,3.0,1981.0,8.0,1.0,0,1981.0,8.0,1.0,3.0,-0.8660254037844385,-0.5000000000000004,1,Other,1,6,1
7.0,heavy rains,Jaipur,Rajasthan,IMD,102.0,8.0,1981.0,7.0,15.0,1,1981.0,7.0,15.0,3.0,-0.4999999999999997,-0.8660254037844388,1,Heavy Rain,1,1,1
7.0,severe floods in dhundh river.,"Tonk, Sawai Madhopur, Bharatpur,Kota",Rajasthan,IMD,,8.0,1981.0,7.0,15.0,1,1981.0,7.0,15.0,3.0,-0.4999999999999997,-0.8660254037844388,1,River/Water System,1,4,1
1.0,heavy rains,"Agra, Aligarh",Uttar Pradesh,IMD,,9.0,1981.0,6.0,30.0,1,1981.0,6.0,30.0,2.0,1.2246467991473532e-16,-1.0,0,Heavy Rain,1,2,1
31.0,"rivers gomti, ghagra,tapti in floods","Mathura, Mainpuri, Aligarh, Pratapgarh, Sultanpur, Agra, Farrukhabad, Ballia, Gorakhpur, Bahraich, Azamgarh, Bara Banki,Chamoli","Uttar Pradesh, Uttarakhand",IMD,,,1981.0,7.0,1.0,1,1981.0,7.0,1.0,3.0,-0.4999999999999997,-0.8660254037844388,1,River/Water System,2,13,1
7.0,"rohini, rapti, burhi gandak, sharda, ghagra in floods","Gorakhpur, Ballia, Deoria, Ayodhya, Azamgarh, Sitapur, Basti, Unnao, Pratapgarh, Saharanpur, Lucknow, Bara Banki,Bahraich",Uttar Pradesh,IMD,,9.0,1981.0,8.0,1.0,1,1981.0,8.0,1.0,3.0,-0.8660254037844385,-0.5000000000000004,1,Other,1,13,1
21.0,"floods in ghagra, rapti , burhi,kawano","Gorakhpur, Ballia, Deoria, Ayodhya, Basti,  Pratapgarh, Bara Banki,Sitapur",Uttar Pradesh,IMD,,9.0,1981.0,9.0,8.0,1,1981.0,9.0,8.0,3.0,-1.0,-1.8369701987210297e-16,1,Other,1,8,1
7.0,"flodds in rapti, burhi,ghagra rivers","Basti, Gorakhpur, Ballia, Bahraich",Uttar Pradesh,IMD,,9.0,1981.0,10.0,1.0,1,1981.0,10.0,1.0,4.0,-0.8660254037844386,0.5000000000000001,1,River/Water System,1,4,1
1.0,heavy rains,Ahmedabad,Gujarat,IMD,438.0,24.0,1982.0,5.0,6.0,0,1982.0,5.0,6.0,2.0,0.49999999999999994,-0.8660254037844387,0,Heavy Rain,1,1,1
1.0,heavy rains,"Amreli,  Ahmedabad,Porbandar,  Botad, Gir Somnath, Surendranagar, Rajkot, Bhavnagar, Junagadh, Jamnagar, Devbhumi Dwarka Dwarka, Morbi",Gujarat,IMD,,24.0,1982.0,7.0,13.0,0,1982.0,7.0,13.0,3.0,-0.4999999999999997,-0.8660254037844388,0,Heavy Rain,1,12,1
4.0,"heavy rains, (flooding of tawi river.)","Jammu, Poonch",Jammu and Kashmir,IMD,,,1982.0,8.0,1.0,1,1982.0,8.0,1.0,3.0,-0.8660254037844385,-0.5000000000000004,0,River/Water System,1,2,1
1.0,heavy rains,Shivamogga,Karnataka,IMD,547.0,29.0,1982.0,5.0,23.0,0,1982.0,5.0,23.0,2.0,0.49999999999999994,-0.8660254037844387,0,Heavy Rain,1,1,1
14.0,moderate (tunga river),Shivamogga,Karnataka,IMD,547.0,29.0,1982.0,8.0,1.0,0,1982.0,8.0,1.0,3.0,-0.8660254037844385,-0.5000000000000004,1,River/Water System,1,1,1
14.0,"severe (ne travathi, sharavathi, aghana shini. & varada rivers.",Uttar Kashia Kannada,Karnataka,IMD,,29.0,1982.0,8.0,1.0,1,1982.0,8.0,1.0,3.0,-0.8660254037844385,-0.5000000000000004,1,River/Water System,1,1,1
14.0,moderate,Dakshina Kannada,Karnataka,IMD,534.0,29.0,1982.0,8.0,1.0,0,1982.0,8.0,1.0,3.0,-0.8660254037844385,-0.5000000000000004,1,Other,1,1,1
1.0,heavy rains,Mandsaur,Madhya Pradesh,IMD,416.0,23.0,1982.0,8.0,17.0,0,1982.0,8.0,17.0,3.0,-0.8660254037844385,-0.5000000000000004,0,Heavy Rain,1,1,1
1.0,heavy rains,Jabalpur,Madhya Pradesh,IMD,411.0,23.0,1982.0,8.0,19.0,0,1982.0,8.0,19.0,3.0,-0.8660254037844385,-0.5000000000000004,0,Heavy Rain,1,1,1
2.0,heavy rains,"Bhind, Gwalior",Madhya Pradesh,IMD,,23.0,1982.0,8.0,23.0,1,1982.0,8.0,23.0,3.0,-0.8660254037844385,-0.5000000000000004,0,Heavy Rain,1,2,1
15.0,heavy rains,Guna,Madhya Pradesh,IMD,406.0,23.0,1982.0,9.0,1.0,0,1982.0,9.0,1.0,3.0,-1.0,-1.8369701987210297e-16,1,Heavy Rain,1,1,1
2.0,heavy rains,Gwalior,Madhya Pradesh,IMD,407.0,23.0,1982.0,8.0,25.0,0,1982.0,8.0,25.0,3.0,-0.8660254037844385,-0.5000000000000004,0,Heavy Rain,1,1,1
7.0,heavy rains,Shivpuri,Madhya Pradesh,IMD,432.0,23.0,1982.0,8.0,22.0,0,1982.0,8.0,22.0,3.0,-0.8660254037844385,-0.5000000000000004,1,Heavy Rain,1,1,1
7.0,severe (mahanadi river),"Raigarh,Raipur",Madhya Pradesh,IMD,,23.0,1982.0,8.0,22.0,1,1982.0,8.0,22.0,3.0,-0.8660254037844385,-0.5000000000000004,1,River/Water System,1,2,1
1.0,heavy rains,Nanded,Maharashtra,IMD,485.0,27.0,1982.0,7.0,12.0,0,1982.0,7.0,12.0,3.0,-0.4999999999999997,-0.8660254037844388,0,Heavy Rain,1,1,1
1.0,"severe(unprecedented flooding of shastri,tonvi rivers)",Ratnagiri,Maharashtra,IMD,492.0,27.0,1982.0,7.0,28.0,0,1982.0,7.0,28.0,3.0,-0.4999999999999997,-0.8660254037844388,0,River/Water System,1,1,1
7.0,"severe (mahanadi, brahmani, baitarni & devi rivers)","Baleshwar, Bargarh, Ganjam,Cuttack, Dhenkanal, Kalahandi, Purba Purba Medinipur, Koraput, Kandhamal, Puri,Sambalpur",Odisha,IMD,,21.0,1982.0,8.0,22.0,1,1982.0,8.0,22.0,3.0,-0.8660254037844385,-0.5000000000000004,1,River/Water System,1,11,1
1.0,flash flood(tambraparni river),"Viluppuram, Cuddalore",Tamil Nadu,IMD,,33.0,1982.0,8.0,13.0,0,1982.0,8.0,13.0,3.0,-0.8660254037844385,-0.5000000000000004,0,River/Water System,1,2,1
1.0,heavy rains,"Akharpur, Deoria,Gorakhpur",Uttar Pradesh,IMD,,9.0,1982.0,6.0,5.0,0,1982.0,6.0,5.0,2.0,1.2246467991473532e-16,-1.0,0,Heavy Rain,1,3,1
17.0,"severe(ganga, yamuna,their tributaries, ghagra, rapti, gomti,burhi-gandak,betwa) )","Bahraich, Gonda, Basti, Gorakhpur, Deoria, Ballia, Azamgarh, Ayodhya, Sultanpur, Jaunpur, Ghazipurr, Varanasi, Mirzapur, Prayagraj, Almora, Pithoragarh, Shahjahanpur, Gautam Buddha Nagar, Ghaziabad, Hapur, Baghpat, Muzaffarnagar, Shamli, Rampur, Amroha, Sambhal, Bareilly, Pilibhit, Shahjahanpur, Agra, Firozabad, Mainpuri, Mathura, Etah, Hathras, Kasganj, Etawah, Auraiya, Farrukhabad","Uttar Pradesh , Uttarakhand",IMD,,,1982.0,8.0,22.0,1,1982.0,8.0,22.0,3.0,-0.8660254037844385,-0.5000000000000004,1,Other,2,39,1
1.0,heavy rains,New Delhi,Delhi,IMD,79.0,7.0,1982.0,7.0,25.0,0,1982.0,7.0,25.0,3.0,-0.4999999999999997,-0.8660254037844388,0,Heavy Rain,1,1,1
4.0,severe (godavari),Adilabad,Andhra Pradesh,IMD,501.0,28.0,1983.0,8.0,8.0,0,1983.0,8.0,8.0,3.0,-0.8660254037844385,-0.5000000000000004,0,Other,1,1,1
4.0,severe (godavari),Karimnagar,Andhra Pradesh,IMD,508.0,28.0,1983.0,8.0,8.0,1,1983.0,8.0,8.0,3.0,-0.8660254037844385,-0.5000000000000004,0,Other,1,1,1
4.0,severe (godavari),West Godavari,Andhra Pradesh,IMD,523.0,28.0,1983.0,8.0,8.0,0,1983.0,8.0,8.0,3.0,-0.8660254037844385,-0.5000000000000004,0,Other,1,1,1
1.0,heavy rains,"Hyderabad, Kurnool, Mahabubnagar",Andhra Pradesh,IMD,,28.0,1983.0,9.0,23.0,1,1983.0,9.0,23.0,3.0,-1.0,-1.8369701987210297e-16,0,Heavy Rain,1,3,1
7.0,"severe(brahmaputra,its tributaries)","Lakhimpur, Nagaon,Sivasagar",Assam,IMD,,18.0,1983.0,7.0,15.0,1,1983.0,7.0,15.0,3.0,-0.4999999999999997,-0.8660254037844388,1,River/Water System,1,3,1
7.0,"severe(baksa,its tributaries)",Cachar,Assam,IMD,282.0,18.0,1983.0,8.0,22.0,0,1983.0,8.0,22.0,3.0,-0.8660254037844385,-0.5000000000000004,1,Other,1,1,1
7.0,"severe(brahmaputra,its tributaries)",Goalpara,Assam,IMD,287.0,18.0,1983.0,9.0,8.0,1,1983.0,9.0,8.0,3.0,-1.0,-1.8369701987210297e-16,1,River/Water System,1,1,1
4.0,"severe (ujen,ojat)","Junagadh, Amreli, Jamnagar, Rajkot,Bhavnagar",Gujarat,IMD,,24.0,1983.0,6.0,20.0,1,1983.0,6.0,20.0,2.0,1.2246467991473532e-16,-1.0,0,Other,1,5,1
6.0,severe(flash flooding),"Kangra,Kullu",Himachal Pradesh,IMD,,2.0,1983.0,9.0,5.0,0,1983.0,9.0,5.0,3.0,-1.0,-1.8369701987210297e-16,0,Flash Flood,1,2,1
7.0,heavy rains,Kullu,Himachal Pradesh,IMD,20.0,2.0,1983.0,10.0,14.0,0,1983.0,10.0,14.0,4.0,-0.8660254037844386,0.5000000000000001,1,Heavy Rain,1,1,1
1.0,heavy rains,Rajouri,Jammu and Kashmir,IMD,12.0,,1983.0,3.0,21.0,0,1983.0,3.0,21.0,1.0,1.0,6.123233995736766e-17,0,Heavy Rain,1,1,1
5.0,heavy rains,Rajouri,Jammu and Kashmir,IMD,12.0,,1983.0,10.0,12.0,0,1983.0,10.0,12.0,4.0,-0.8660254037844386,0.5000000000000001,0,Heavy Rain,1,1,1
1.0,cloud burst,Anantnag,Jammu and Kashmir,IMD,1.0,,1983.0,7.0,3.0,0,1983.0,7.0,3.0,3.0,-0.4999999999999997,-0.8660254037844388,0,Other,1,1,1
67.0,heavy rains,Jammu,Jammu and Kashmir,IMD,5.0,,1983.0,8.0,22.0,0,1983.0,8.0,22.0,3.0,-0.8660254037844385,-0.5000000000000004,1,Heavy Rain,1,1,1
2.0,heavy rains due to cloud burst,"Jammu, Poonch, Srinagar",Jammu and Kashmir,IMD,,,1983.0,9.0,1.0,1,1983.0,9.0,1.0,3.0,-1.0,-1.8369701987210297e-16,0,Heavy Rain,1,3,1
7.0,"severe (krishna, ghatprabha,vedganga)","Belagavi, Vijayapura, Kalaburagi",Karnataka,IMD,,29.0,1983.0,1.0,22.0,0,1983.0,1.0,22.0,1.0,0.49999999999999994,0.8660254037844387,1,Other,1,3,1
1.0,heavy rains,Bengaluru Rural,Karnataka,IMD,526.0,29.0,1983.0,9.0,10.0,0,1983.0,9.0,10.0,3.0,-1.0,-1.8369701987210297e-16,0,Heavy Rain,1,1,1
1.0,heavy rains,Raichur,Karnataka,IMD,546.0,29.0,1983.0,9.0,23.0,0,1983.0,9.0,23.0,3.0,-1.0,-1.8369701987210297e-16,0,Heavy Rain,1,1,1
1.0,heavy rains,Malappuram,Kerala,IMD,562.0,32.0,1983.0,7.0,23.0,0,1983.0,7.0,23.0,3.0,-0.4999999999999997,-0.8660254037844388,0,Heavy Rain,1,1,1
1.0,heavy rains,Balaghat,Madhya Pradesh,IMD,392.0,23.0,1983.0,8.0,17.0,0,1983.0,8.0,17.0,3.0,-0.8660254037844385,-0.5000000000000004,0,Heavy Rain,1,1,1
1.0,moderate(berna),Raisen,Madhya Pradesh,IMD,421.0,23.0,1983.0,9.0,5.0,1,1983.0,9.0,5.0,3.0,-1.0,-1.8369701987210297e-16,0,Other,1,1,1
2.0,heavy rains,"Bhind, Guna, Gwalior, Chhatarpur,Narmadapuram, Jabalpur,Sagar",Madhya Pradesh,IMD,,23.0,1983.0,9.0,8.0,1,1983.0,9.0,8.0,3.0,-1.0,-1.8369701987210297e-16,0,Heavy Rain,1,7,1
1.0,"severe (betwa,kunwari)","Guna,Morena",Madhya Pradesh,IMD,,23.0,1983.0,9.0,11.0,1,1983.0,9.0,11.0,3.0,-1.0,-1.8369701987210297e-16,0,Other,1,2,1
1.0,heavy rains,Datia,Madhya Pradesh,IMD,401.0,23.0,1983.0,9.0,12.0,0,1983.0,9.0,12.0,3.0,-1.0,-1.8369701987210297e-16,0,Heavy Rain,1,1,1
1.0,heavy rains,"Guna, Gwalior",Madhya Pradesh,IMD,,23.0,1983.0,9.0,14.0,0,1983.0,9.0,14.0,3.0,-1.0,-1.8369701987210297e-16,0,Heavy Rain,1,2,1
7.0,heavy rains,Kolhapur,Maharashtra,IMD,480.0,27.0,1983.0,6.0,22.0,0,1983.0,6.0,22.0,2.0,1.2246467991473532e-16,-1.0,1,Heavy Rain,1,1,1
7.0,"severe (kalawli, vashishti,shastri)",,Maharashtra,IMD,,27.0,1983.0,6.0,22.0,1,1983.0,6.0,22.0,2.0,1.2246467991473532e-16,-1.0,1,Other,1,0,1
7.0,"severe(godavari, krishna, bhima, pravara, koyna, manjura, manwad, lendi, kayadu, penganga,warna)","Aurangabad, Dharashiv, Jalna, Beed, Latur, Nanded, Hingoli,Parbhani, Solapur,Amravati, Akola, Bhandara, Buldhana, Chandrapur, Gadchiroli, Gondia, Nagpur, Wardha, Washim,Yavatmal",Maharashtra,IMD,,27.0,1983.0,8.0,11.0,1,1983.0,8.0,11.0,3.0,-0.8660254037844385,-0.5000000000000004,1,Other,1,20,1
2.0,"severe (ulhas,batsa-kalu)",Thane,Maharashtra,IMD,497.0,27.0,1983.0,8.0,14.0,0,1983.0,8.0,14.0,3.0,-0.8660254037844385,-0.5000000000000004,0,Other,1,1,1
2.0,severe (flash flooding in bhima),Solapur,Maharashtra,IMD,496.0,27.0,1983.0,8.0,17.0,1,1983.0,8.0,17.0,3.0,-0.8660254037844385,-0.5000000000000004,0,Flash Flood,1,1,1
2.0,heavy rains,Jalgaon,Maharashtra,IMD,478.0,27.0,1983.0,9.0,14.0,0,1983.0,9.0,14.0,3.0,-1.0,-1.8369701987210297e-16,0,Heavy Rain,1,1,1
5.0,"severe( godavari, dudhana,poorna)","Aurangabad, Beed, Hingoli, Jalna, Latur, Nanded, Dharashiv, Parbhani,Kolhapur, Sangli, Satara, Pune, Nashik, Solapur",Maharashtra,IMD,,27.0,1983.0,9.0,15.0,1,1983.0,9.0,15.0,3.0,-1.0,-1.8369701987210297e-16,0,Other,1,14,1
1.0,heavy rains,Pune,Maharashtra,IMD,490.0,27.0,1983.0,9.0,18.0,0,1983.0,9.0,18.0,3.0,-1.0,-1.8369701987210297e-16,0,Heavy Rain,1,1,1
1.0,heavy rains,Amravati,Maharashtra,IMD,468.0,27.0,1983.0,9.0,24.0,0,1983.0,9.0,24.0,3.0,-1.0,-1.8369701987210297e-16,0,Heavy Rain,1,1,1
2.0,heavy rains,Aurangabad,Maharashtra,IMD,189.0,27.0,1983.0,9.0,26.0,0,1983.0,9.0,26.0,3.0,-1.0,-1.8369701987210297e-16,0,Heavy Rain,1,1,1
3.0,"severe (godavari, manjira, lendi,manya)",Nanded,Maharashtra,IMD,485.0,27.0,1983.0,10.0,5.0,0,1983.0,10.0,5.0,4.0,-0.8660254037844386,0.5000000000000001,0,Other,1,1,1
7.0,heavy rains,Siang,Meghalaya,IMD,232.0,17.0,1983.0,7.0,1.0,0,1983.0,7.0,1.0,3.0,-0.4999999999999997,-0.8660254037844388,1,Heavy Rain,1,1,1
3.0,"moderate(kolab,indravati)",Koraput,Odisha,IMD,363.0,21.0,1983.0,7.0,8.0,0,1983.0,7.0,8.0,3.0,-0.4999999999999997,-0.8660254037844388,0,Other,1,1,1
4.0,"moderate(brahmi,baitarni)",Bhubaneshwar,Odisha,IMD,,21.0,1983.0,9.0,7.0,0,1983.0,9.0,7.0,3.0,-1.0,-1.8369701987210297e-16,0,Other,1,1,1
2.0,heavy rains,Amritsar,Punjab,IMD,27.0,3.0,1983.0,7.0,4.0,0,1983.0,7.0,4.0,3.0,-0.4999999999999997,-0.8660254037844388,0,Heavy Rain,1,1,1
7.0,heavy rains,"Jalore, Pali,Sirohi",Rajasthan,IMD,,8.0,1983.0,7.0,1.0,1,1983.0,7.0,1.0,3.0,-0.4999999999999997,-0.8660254037844388,1,Heavy Rain,1,3,1
5.0,heavy rains,"Ajmer, Jaipur, Jalore, Jodhpur, Pali,Sawai Madhopur",Rajasthan,IMD,,8.0,1983.0,7.0,26.0,1,1983.0,7.0,26.0,3.0,-0.4999999999999997,-0.8660254037844388,0,Heavy Rain,1,6,1
2.0,severe (flash floods),"Gangtok, Mangan",Sikkim,IMD,,11.0,1983.0,9.0,12.0,1,1983.0,9.0,12.0,3.0,-1.0,-1.8369701987210297e-16,0,Flash Flood,1,2,1
8.0,"severe(flash flooding in palar,mahakamanta)",Vellore,Tamil Nadu,IMD,595.0,33.0,1983.0,9.0,7.0,0,1983.0,9.0,7.0,3.0,-1.0,-1.8369701987210297e-16,1,Flash Flood,1,1,1
6.0,heavy rains,"Pudukkottai, Ramanathapuram,  Viluppuram, Cuddalore, Thanjavur,Tiruchirappalli",Tamil Nadu,IMD,,33.0,1983.0,12.0,21.0,1,1983.0,12.0,21.0,4.0,-2.4492935982947064e-16,1.0,0,Heavy Rain,1,6,1
1.0,severe (flash flooding),North Tripura,Tripura,IMD,270.0,16.0,1983.0,5.0,3.0,1,1983.0,5.0,3.0,2.0,0.49999999999999994,-0.8660254037844387,0,Flash Flood,1,1,1
7.0,severe(flooding of all major rivers),"North Tripura, Dhalai, Sepahijala, Gomati, Khowai, West Tripura, South Tripura, Unakoti",Tripura,IMD,,16.0,1983.0,7.0,22.0,1,1983.0,7.0,22.0,3.0,-0.4999999999999997,-0.8660254037844388,1,River/Water System,1,8,1
14.0,severe(all the major rivers),"North Tripura, Dhalai, Sepahijala, Gomati, Khowai, West Tripura, South Tripura, Unakoti",Tripura,IMD,,16.0,1983.0,8.0,8.0,1,1983.0,8.0,8.0,3.0,-0.8660254037844385,-0.5000000000000004,1,River/Water System,1,8,1
1.0,heavy rains,Almora,Uttarakhand,IMD,45.0,5.0,1983.0,7.0,22.0,1,1983.0,7.0,22.0,3.0,-0.4999999999999997,-0.8660254037844388,0,Heavy Rain,1,1,1
5.0,heavy rains,Muzaffarnagar,Uttar Pradesh,IMD,172.0,9.0,1983.0,7.0,26.0,1,1983.0,7.0,26.0,3.0,-0.4999999999999997,-0.8660254037844388,0,Heavy Rain,1,1,1
27.0,"severe (ganga, yamuna,their tributaries)","Meerut, Bulandshahr, Gautam Buddha Nagar, Ghaziabad, Hapur, Baghpat, Saharanpur, Muzaffarnagar",Uttar Pradesh,IMD,,9.0,1983.0,8.0,5.0,1,1983.0,8.0,5.0,3.0,-0.8660254037844385,-0.5000000000000004,1,Other,1,8,1
3.0,heavyh rains,Aligarh,Uttar Pradesh,IMD,119.0,9.0,1983.0,8.0,15.0,0,1983.0,8.0,15.0,3.0,-0.8660254037844385,-0.5000000000000004,0,Heavy Rain,1,1,1
16.0,"severe(ganga , yamuna, ken shandrawal, rapti, sarju, gadri,ghagra )","Amroha, Hapur, Bareilly, Pilibhit, Bulandshahr, Gautam Buddha Nagar, Kheri, Budaun, Bahraich, Shahjahanpur, Aligarh, Kasganj, Mathura, SShrawasti, Sitapur, Hathras, Etah, Hardoi, Farrukhabad, Firozabad, Siddharthnagar, Mainpuri, Mahrajganj, Agra, Gonda, Bara Banki, Kushinagar, Kannauj, Lucknow, Basti, Gorakhpur, Sant Kabir Nagar, Unnao, Etawah, Kanpur nagar Nagar, Auraiya, Ayodhya, Kanpur nagar Dehat, Deoria, Sultanpur, Ambedkar Nagar, Rae Bareli, Jalaun, Azamgarh, Mau, Fatehpur, Ballia, Jaunpur, Jhansi, Banda, Ghazipurr, Kaushambi, Prayagraj, Varanasi, Chitrakoot, Chandauli, Bhadohi, Mirzapur, Lalitpur, Sonbhadra, Amethi, Ghaziabad, Sambhal, Mahoba, Saharanpur, Bijnor, Muzaffarnagar, Baghpat, Meerut, Moradabad, Rampur, Shamli, Balrampur, Hamirpur, Pratapgarh",Uttar Pradesh,IMD,,9.0,1983.0,9.0,9.0,1,1983.0,9.0,9.0,3.0,-1.0,-1.8369701987210297e-16,1,Other,1,75,1
3.0,"severe (ganga, yamuna,their tributaries)","Etawah, Kheri, Saharanpur, Sitapur",Uttar Pradesh,IMD,,9.0,1983.0,10.0,13.0,1,1983.0,10.0,13.0,4.0,-0.8660254037844386,0.5000000000000001,0,Other,1,4,1
3.0,moderate (kajihi),"Cooch Behar,Jalpaiguri",West Bengal,IMD,,19.0,1983.0,9.0,12.0,1,1983.0,9.0,12.0,3.0,-1.0,-1.8369701987210297e-16,0,Other,1,2,1
6.0,heavy rains,"Gurdaspur, Hoshiarpur, Amritsar, Jalandhar, Tarn Taran, Rupnagar, Shahid Bhagat Singh Nagar, Fazilka, Moga, Ludhiana, S.A.S Nagar*, Faridkot, Fatehgarh Sahib, Sri Sri Muktsar Sahib Sahib, Sangrur, Barnala, Bathinda, Patiala, Mansa, Ferozepur, Pathankot, Kapurthala",Punjab,IMD,,3.0,1983.0,8.0,22.0,0,1983.0,8.0,22.0,3.0,-0.8660254037844385,-0.5000000000000004,0,Heavy Rain,1,22,1
1.0,heavy rains,"North, North East, West, East, South West, Central, New New Delhi, South, Shahdara, South East, North West",Delhi,IMD,,7.0,1983.0,4.0,15.0,0,1983.0,4.0,15.0,2.0,0.8660254037844387,-0.4999999999999998,0,Heavy Rain,1,11,1
5.0,heavy rains,"North, North East, West, East, South West, Central, New New Delhi, South, Shahdara, South East, North West",Delhi,IMD,,7.0,1983.0,7.0,26.0,0,1983.0,7.0,26.0,3.0,-0.4999999999999997,-0.8660254037844388,0,Heavy Rain,1,11,1
1.0,heavy rains,North Goa,"Goa, Daman and Diu",IMD,551.0,30.0,1983.0,6.0,27.0,0,1983.0,6.0,27.0,2.0,1.2246467991473532e-16,-1.0,0,Heavy Rain,2,1,1
5.0,heavy rains,"Sri Potti Sriramulu Nellore, Prakasam, Chittoor",Andhra Pradesh,IMD,,28.0,1984.0,2.0,13.0,0,1984.0,2.0,13.0,1.0,0.8660254037844386,0.5000000000000001,0,Heavy Rain,1,3,1
5.0,severe,"Cachar,Karimganj",Assam,IMD,,18.0,1984.0,5.0,13.0,0,1984.0,5.0,13.0,2.0,0.49999999999999994,-0.8660254037844387,0,Other,1,2,1
7.0,severe,"Darrang, Goalpara, Dhubri, Dibrugarh, Lakhimpur,Nagaon",Assam,IMD,,18.0,1984.0,7.0,8.0,0,1984.0,7.0,8.0,3.0,-0.4999999999999997,-0.8660254037844388,1,Other,1,6,1
7.0,severe,"Barpeta, Dibrugarh, Lakhimpur,Dhubri",Assam,IMD,,18.0,1984.0,7.0,22.0,1,1984.0,7.0,22.0,3.0,-0.4999999999999997,-0.8660254037844388,1,Other,1,4,1
14.0,severe,"Barpeta, Darrang, Dibrugarh, Goalpara, Jorhat, Kamrup,Lakhimpur",Assam,IMD,,18.0,1984.0,9.0,8.0,1,1984.0,9.0,8.0,3.0,-1.0,-1.8369701987210297e-16,1,Other,1,7,1
7.0,severe,"Bhagalpur, Darbhanga, Purbi Champaran, Pashchim Champaran,Munger",Bihar,IMD,,10.0,1984.0,6.0,8.0,1,1984.0,6.0,8.0,2.0,1.2246467991473532e-16,-1.0,1,Other,1,5,1
28.0,severe,"Bhagalpur, Purbi Champaran, Pashchim Champaran, Katihar, Madhubani, Munger, Samastipur, Siwan, Muzaffarpur, Saran, Patna, Darbhanga, Sitamarhi, Saharsa, Begusarai, Khagaria,Bhojpur",Bihar,IMD,,10.0,1984.0,7.0,2.0,1,1984.0,7.0,2.0,3.0,-0.4999999999999997,-0.8660254037844388,1,Other,1,17,1
14.0,severe,"Aurangabad, Bhojpur, Purbi Champaran, Pashchim Champaran, Darbhanga, Gaya, Muzaffarpur, Palamu, Patna, Saran,Siwan",Bihar,IMD,,10.0,1984.0,8.0,15.0,1,1984.0,8.0,15.0,3.0,-0.8660254037844385,-0.5000000000000004,1,Other,1,11,1
7.0,severe,"Saharsa, Saran, Sitamarhi,Vaishali",Bihar,IMD,,10.0,1984.0,9.0,1.0,0,1984.0,9.0,1.0,3.0,-1.0,-1.8369701987210297e-16,1,Other,1,4,1
1.0,severe,"Gaya, Katihar",Bihar,IMD,,10.0,1984.0,9.0,8.0,1,1984.0,9.0,8.0,3.0,-1.0,-1.8369701987210297e-16,0,Other,1,2,1
7.0,severe,"Amreli,  Ahmedabad,Porbandar,  Botad, Gir Somnath, Surendranagar, Rajkot, Bhavnagar, Junagadh, Jamnagar, Devbhumi Dwarka Dwarka, Morbi",Gujarat,IMD,,24.0,1984.0,7.0,1.0,0,1984.0,7.0,1.0,3.0,-0.4999999999999997,-0.8660254037844388,1,Other,1,12,1
7.0,severe,"Valsad, Dangs,Surat",Gujarat,IMD,,24.0,1984.0,7.0,8.0,1,1984.0,7.0,8.0,3.0,-0.4999999999999997,-0.8660254037844388,1,Other,1,3,1
7.0,severe,"Banas Kantha, Junagadh, Mahesana",Gujarat,IMD,,24.0,1984.0,8.0,1.0,0,1984.0,8.0,1.0,3.0,-0.8660254037844385,-0.5000000000000004,1,Other,1,3,1
1.0,cloud burst,Kargil,Jammu and Kashmir,IMD,6.0,,1984.0,8.0,14.0,1,1984.0,8.0,14.0,3.0,-0.8660254037844385,-0.5000000000000004,0,Other,1,1,1
1.0,heavy rains,Kargil,Jammu and Kashmir,IMD,6.0,,1984.0,8.0,24.0,0,1984.0,8.0,24.0,3.0,-0.8660254037844385,-0.5000000000000004,0,Heavy Rain,1,1,1
1.0,cloud burst,Poonch,Jammu and Kashmir,IMD,10.0,,1984.0,9.0,1.0,0,1984.0,9.0,1.0,3.0,-1.0,-1.8369701987210297e-16,0,Other,1,1,1
1.0,severe,Kodagu,Karnataka,IMD,541.0,29.0,1984.0,6.0,15.0,0,1984.0,6.0,15.0,2.0,1.2246467991473532e-16,-1.0,0,Other,1,1,1
2.0,heavy rains,"Chikkamagaluru, Shivamogga",Karnataka,IMD,,29.0,1984.0,7.0,2.0,1,1984.0,7.0,2.0,3.0,-0.4999999999999997,-0.8660254037844388,0,Heavy Rain,1,2,1
7.0,severe,"Chikkaballapura, Kodagu,Shivamogga",Karnataka,IMD,,29.0,1984.0,7.0,8.0,0,1984.0,7.0,8.0,3.0,-0.4999999999999997,-0.8660254037844388,1,Other,1,3,1
1.0,heavy rains,Bengaluru Rural,Karnataka,IMD,526.0,29.0,1984.0,10.0,1.0,0,1984.0,10.0,1.0,4.0,-0.8660254037844386,0.5000000000000001,0,Heavy Rain,1,1,1
1.0,severe,Malappuram,Kerala,IMD,562.0,32.0,1984.0,4.0,23.0,0,1984.0,4.0,23.0,2.0,0.8660254037844387,-0.4999999999999998,0,Other,1,1,1
1.0,heavy rains,"Kottayam, Wayanad",Kerala,IMD,,32.0,1984.0,6.0,15.0,0,1984.0,6.0,15.0,2.0,1.2246467991473532e-16,-1.0,0,Heavy Rain,1,2,1
1.0,heavy rains,"Kozhikode, Palakkad",Kerala,IMD,,32.0,1984.0,6.0,16.0,0,1984.0,6.0,16.0,2.0,1.2246467991473532e-16,-1.0,0,Heavy Rain,1,2,1
1.0,heavy rains,"Alappuzha,Kannur, Malappuram",Kerala,IMD,,32.0,1984.0,6.0,17.0,0,1984.0,6.0,17.0,2.0,1.2246467991473532e-16,-1.0,0,Heavy Rain,1,3,1
12.0,heavy rains,Ernakulam,Kerala,IMD,555.0,32.0,1984.0,6.0,17.0,1,1984.0,6.0,17.0,2.0,1.2246467991473532e-16,-1.0,1,Heavy Rain,1,1,1
3.0,heavy rains,Wayanad,Kerala,IMD,567.0,32.0,1984.0,7.0,1.0,1,1984.0,7.0,1.0,3.0,-0.4999999999999997,-0.8660254037844388,0,Heavy Rain,1,1,1
1.0,heavy rains,Alappuzha,Kerala,IMD,554.0,32.0,1984.0,10.0,5.0,0,1984.0,10.0,5.0,4.0,-0.8660254037844386,0.5000000000000001,0,Heavy Rain,1,1,1
3.0,heavy rains,Kozhikode,Kerala,IMD,561.0,32.0,1984.0,10.0,6.0,1,1984.0,10.0,6.0,4.0,-0.8660254037844386,0.5000000000000001,0,Heavy Rain,1,1,1
2.0,heavy rains,Indore,Madhya Pradesh,IMD,410.0,23.0,1984.0,7.0,23.0,0,1984.0,7.0,23.0,3.0,-0.4999999999999997,-0.8660254037844388,0,Heavy Rain,1,1,1
1.0,heavy rains,"Balaghat, Ratlam, Ujjain",Madhya Pradesh,IMD,,23.0,1984.0,8.0,5.0,0,1984.0,8.0,5.0,3.0,-0.8660254037844385,-0.5000000000000004,0,Heavy Rain,1,3,1
1.0,"heavy rains, severe","Bhopal, Rewa, Vidisha",Madhya Pradesh,IMD,,23.0,1984.0,8.0,11.0,1,1984.0,8.0,11.0,3.0,-0.8660254037844385,-0.5000000000000004,0,Heavy Rain,1,3,1
1.0,heavy rains,"Dewas, Ratlam",Madhya Pradesh,IMD,,23.0,1984.0,8.0,12.0,0,1984.0,8.0,12.0,3.0,-0.8660254037844385,-0.5000000000000004,0,Heavy Rain,1,2,1
1.0,severe,Balaghat,Madhya Pradesh,IMD,392.0,23.0,1984.0,8.0,17.0,1,1984.0,8.0,17.0,3.0,-0.8660254037844385,-0.5000000000000004,0,Other,1,1,1
1.0,heavy rains,"Bhopal, Chhindwara, Raipur",Madhya Pradesh,IMD,,23.0,1984.0,8.0,18.0,0,1984.0,8.0,18.0,3.0,-0.8660254037844385,-0.5000000000000004,0,Heavy Rain,1,3,1
1.0,heavy rains,Jabalpur,Madhya Pradesh,IMD,411.0,23.0,1984.0,8.0,19.0,0,1984.0,8.0,19.0,3.0,-0.8660254037844385,-0.5000000000000004,0,Heavy Rain,1,1,1
1.0,heavy rains,Narmadapuram,Madhya Pradesh,IMD,409.0,23.0,1984.0,8.0,20.0,0,1984.0,8.0,20.0,3.0,-0.8660254037844385,-0.5000000000000004,0,Heavy Rain,1,1,1
1.0,severe,Ratlam,Madhya Pradesh,IMD,423.0,23.0,1984.0,8.0,21.0,0,1984.0,8.0,21.0,3.0,-0.8660254037844385,-0.5000000000000004,0,Other,1,1,1
1.0,heavy rains,"Raigarh, Raipur",Madhya Pradesh,IMD,,23.0,1984.0,8.0,22.0,0,1984.0,8.0,22.0,3.0,-0.8660254037844385,-0.5000000000000004,0,Heavy Rain,1,2,1
1.0,heavy rains,Pune,Maharashtra,IMD,490.0,27.0,1984.0,6.0,9.0,1,1984.0,6.0,9.0,2.0,1.2246467991473532e-16,-1.0,0,Heavy Rain,1,1,1
3.0,"heavy rains, moderate, severe","Amravati, Mumbai, Kolhapur, Mumbai, Mumbai Suburban, Raigad, Ratnagiri, Sindhudurg, Thane, Palghar, Nashik",Maharashtra,IMD,,27.0,1984.0,6.0,30.0,1,1984.0,6.0,30.0,2.0,1.2246467991473532e-16,-1.0,0,Heavy Rain,1,11,1
4.0,heavy rains,Pune,Maharashtra,IMD,490.0,27.0,1984.0,7.0,1.0,1,1984.0,7.0,1.0,3.0,-0.4999999999999997,-0.8660254037844388,0,Heavy Rain,1,1,1
2.0,heavy rains,Mumbai,Maharashtra,IMD,482.0,27.0,1984.0,7.0,3.0,0,1984.0,7.0,3.0,3.0,-0.4999999999999997,-0.8660254037844388,0,Heavy Rain,1,1,1
1.0,heavy rains,Nagpur,Maharashtra,IMD,484.0,27.0,1984.0,7.0,14.0,0,1984.0,7.0,14.0,3.0,-0.4999999999999997,-0.8660254037844388,0,Heavy Rain,1,1,1
2.0,heavy rains,Mumbai,Maharashtra,IMD,482.0,27.0,1984.0,7.0,17.0,1,1984.0,7.0,17.0,3.0,-0.4999999999999997,-0.8660254037844388,0,Heavy Rain,1,1,1
3.0,severe,"Mumbai, Mumbai Suburban, Raigad, Ratnagiri, Sindhudurg, Thane, Palghar",Maharashtra,IMD,,27.0,1984.0,7.0,17.0,1,1984.0,7.0,17.0,3.0,-0.4999999999999997,-0.8660254037844388,0,Other,1,7,1
7.0,severe,Thane,Maharashtra,IMD,497.0,27.0,1984.0,7.0,15.0,1,1984.0,7.0,15.0,3.0,-0.4999999999999997,-0.8660254037844388,1,Other,1,1,1
4.0,heavy rains,Jalna,Maharashtra,IMD,479.0,27.0,1984.0,9.0,9.0,0,1984.0,9.0,9.0,3.0,-1.0,-1.8369701987210297e-16,0,Heavy Rain,1,1,1
1.0,heavy rains,Pune,Maharashtra,IMD,490.0,27.0,1984.0,9.0,11.0,0,1984.0,9.0,11.0,3.0,-1.0,-1.8369701987210297e-16,0,Heavy Rain,1,1,1
1.0,heavy rains,Pune,Maharashtra,IMD,490.0,27.0,1984.0,10.0,8.0,0,1984.0,10.0,8.0,4.0,-0.8660254037844386,0.5000000000000001,0,Heavy Rain,1,1,1
31.0,severe,"Baleshwar, Cuttack, Dhenkanal, Ganjam, Kendujhar, Puri,Boudh,Kandhamal",Odisha,IMD,,21.0,1984.0,8.0,8.0,1,1984.0,8.0,8.0,3.0,-0.8660254037844385,-0.5000000000000004,1,Other,1,8,1
1.0,heavy rains,Ajmer,Rajasthan,IMD,86.0,8.0,1984.0,7.0,20.0,1,1984.0,7.0,20.0,3.0,-0.4999999999999997,-0.8660254037844388,0,Heavy Rain,1,1,1
2.0,heavy rains,Chennai,Tamil Nadu,IMD,568.0,33.0,1984.0,2.0,16.0,0,1984.0,2.0,16.0,1.0,0.8660254037844386,0.5000000000000001,0,Heavy Rain,1,1,1
3.0,heavy rains,Tirunelveli,Tamil Nadu,IMD,592.0,33.0,1984.0,3.0,4.0,1,1984.0,3.0,4.0,1.0,1.0,6.123233995736766e-17,0,Heavy Rain,1,1,1
1.0,heavy rains,Tiruchirappalli,Tamil Nadu,IMD,591.0,33.0,1984.0,3.0,6.0,0,1984.0,3.0,6.0,1.0,1.0,6.123233995736766e-17,0,Heavy Rain,1,1,1
1.0,heavy rains,Madurai,Tamil Nadu,IMD,578.0,33.0,1984.0,4.0,30.0,0,1984.0,4.0,30.0,2.0,0.8660254037844387,-0.4999999999999998,0,Heavy Rain,1,1,1
2.0,severe,Coimbatore,Tamil Nadu,IMD,569.0,33.0,1984.0,10.0,3.0,0,1984.0,10.0,3.0,4.0,-0.8660254037844386,0.5000000000000001,0,Other,1,1,1
5.0,severe,North Tripura,Tripura,IMD,270.0,16.0,1984.0,5.0,13.0,1,1984.0,5.0,13.0,2.0,0.49999999999999994,-0.8660254037844387,0,Other,1,1,1
3.0,severe,North Tripura,Tripura,IMD,270.0,16.0,1984.0,6.0,16.0,1,1984.0,6.0,16.0,2.0,1.2246467991473532e-16,-1.0,0,Other,1,1,1
8.0,severe,"Basti, Deoria,Gorakhpur",Uttar Pradesh,IMD,,9.0,1984.0,6.0,19.0,0,1984.0,6.0,19.0,2.0,1.2246467991473532e-16,-1.0,1,Other,1,3,1
1.0,heavy rains,Nainital,Uttarakhand,IMD,51.0,5.0,1984.0,6.0,29.0,0,1984.0,6.0,29.0,2.0,1.2246467991473532e-16,-1.0,0,Heavy Rain,1,1,1
1.0,heavy rains,Almora,Uttarakhand,IMD,45.0,5.0,1984.0,7.0,2.0,0,1984.0,7.0,2.0,3.0,-0.4999999999999997,-0.8660254037844388,0,Heavy Rain,1,1,1
1.0,heavy rains,Nainital,Uttarakhand,IMD,51.0,5.0,1984.0,7.0,30.0,0,1984.0,7.0,30.0,3.0,-0.4999999999999997,-0.8660254037844388,0,Heavy Rain,1,1,1
7.0,severe,"Azamgarh, Bahraich, Ballia, Bara Banki, Basti, Bijnor, Budaun, Deoria, Ayodhya, Fatehpur, Gonda, Gorakhpur, Hamirpur, Kheri, Pithoragarh, Rampur",Uttar Pradesh,IMD,,9.0,1984.0,7.0,22.0,1,1984.0,7.0,22.0,3.0,-0.4999999999999997,-0.8660254037844388,1,Other,1,16,1
21.0,severe,"Azamgarh, Ballia, Deoria, Gorakhpur,Kheri",Uttar Pradesh,IMD,,9.0,1984.0,8.0,1.0,0,1984.0,8.0,1.0,3.0,-0.8660254037844385,-0.5000000000000004,1,Other,1,5,1
1.0,heavy rains,Varanasi,Uttar Pradesh,IMD,187.0,9.0,1984.0,8.0,31.0,1,1984.0,8.0,31.0,3.0,-0.8660254037844385,-0.5000000000000004,0,Heavy Rain,1,1,1
7.0,severe,"Bahraich, Mirzapur,Varanasi",Uttar Pradesh,IMD,,9.0,1984.0,9.0,5.0,1,1984.0,9.0,5.0,3.0,-1.0,-1.8369701987210297e-16,1,Other,1,3,1
4.0,heavy rains,"Kolkata, Howrah, North 24 Parganas",West Bengal,IMD,,19.0,1984.0,6.0,3.0,1,1984.0,6.0,3.0,2.0,1.2246467991473532e-16,-1.0,0,Heavy Rain,1,3,1
21.0,severe,"Bankura, Birbhum, Purba bardhaman, Cooch Behar, Darjeeling, Jalpaiguri, Howrah, Hooghly, Malda, Paschim Purba Medinipur,Purba Purba Medinipur, Nadia, North 24 Parganas",West Bengal,IMD,,19.0,1984.0,6.0,8.0,1,1984.0,6.0,8.0,2.0,1.2246467991473532e-16,-1.0,1,Other,1,13,1
38.0,severe,"Bankura, Birbhum, Purba bardhaman, Howrah, Hooghly, Malda, Paschim Purba Medinipur,Purba Purba Medinipur, Murshidabad, North 24 Parganas",West Bengal,IMD,,19.0,1984.0,8.0,1.0,1,1984.0,8.0,1.0,3.0,-0.8660254037844385,-0.5000000000000004,1,Other,1,10,1
7.0,severe,"Cooch Behar,Jalpaiguri",West Bengal,IMD,,19.0,1984.0,9.0,8.0,0,1984.0,9.0,8.0,3.0,-1.0,-1.8369701987210297e-16,1,Other,1,2,1
1.0,heavy rains,"North, North East, West, East, South West, Central, New New Delhi, South, Shahdara, South East, North West",Delhi,IMD,,7.0,1984.0,8.0,23.0,0,1984.0,8.0,23.0,3.0,-0.8660254037844385,-0.5000000000000004,0,Heavy Rain,1,11,1
1.0,heavy rains,"North, North East, West, East, South West, Central, New New Delhi, South, Shahdara, South East, North West",Delhi,IMD,,7.0,1984.0,9.0,1.0,0,1984.0,9.0,1.0,3.0,-1.0,-1.8369701987210297e-16,0,Heavy Rain,1,11,1
1.0,heavy rains,Hyderabad,Andhra Pradesh,IMD,507.0,28.0,1985.0,10.0,5.0,0,1985.0,10.0,5.0,4.0,-0.8660254037844386,0.5000000000000001,0,Heavy Rain,1,1,1
2.0,heavy rains,Sri Potti Sriramulu Nellore,Andhra Pradesh,IMD,515.0,28.0,1985.0,11.0,11.0,0,1985.0,11.0,11.0,4.0,-0.5000000000000004,0.8660254037844384,0,Heavy Rain,1,1,1
14.0,severe,"Cachar, Darrang, Dibrugarh, Karimganj, Lakhimpur, Nagaon",Assam,IMD,,18.0,1985.0,6.0,1.0,0,1985.0,6.0,1.0,2.0,1.2246467991473532e-16,-1.0,1,Other,1,6,1
31.0,severe,"Cachar, Darrang, Dhubri, Goalpara, Kamrup, Karimganj, Kokrajhar, Lakhimpur, Nagaon, Sonitpur,Sivasagar",Assam,IMD,,18.0,1985.0,7.0,1.0,1,1985.0,7.0,1.0,3.0,-0.4999999999999997,-0.8660254037844388,1,Other,1,11,1
2.0,flash floods,Lakhimpur,Assam,IMD,295.0,18.0,1985.0,7.0,2.0,0,1985.0,7.0,2.0,3.0,-0.4999999999999997,-0.8660254037844388,0,Flash Flood,1,1,1
1.0,severe,Munger,Bihar,IMD,207.0,10.0,1985.0,7.0,3.0,0,1985.0,7.0,3.0,3.0,-0.4999999999999997,-0.8660254037844388,0,Other,1,1,1
41.0,severe,"Bhojpur, Purbi Champaran, Katihar, Khagaria, Madhubani, Munger, Saharsa, Samastipur, Patna, Pashchim Champaran, Muzaffarpur, Begusarai, Rohtas, Gopalganj, Saran, Ranchi, Palamu",Bihar,IMD,,10.0,1985.0,7.0,22.0,1,1985.0,7.0,22.0,3.0,-0.4999999999999997,-0.8660254037844388,1,Other,1,17,1
21.0,severe,"Purbi Champaran, Madhubani, Muzaffarpur,Sitamarhi",Bihar,IMD,,10.0,1985.0,9.0,8.0,1,1985.0,9.0,8.0,3.0,-1.0,-1.8369701987210297e-16,1,Other,1,4,1
3.0,heavy rains,"Ahmedabad, Panch Mahals, Vadodara",Gujarat,IMD,,24.0,1985.0,8.0,6.0,1,1985.0,8.0,6.0,3.0,-0.8660254037844385,-0.5000000000000004,0,Heavy Rain,1,3,1
12.0,severe,"Ambala, Hisar, Jind, Karnal, Rohtak, Sirsa",Haryana,IMD,,6.0,1985.0,8.0,5.0,1,1985.0,8.0,5.0,3.0,-0.8660254037844385,-0.5000000000000004,1,Other,1,6,1
1.0,heavy rains,"Hamirpur,Una",Himachal Pradesh,IMD,,2.0,1985.0,8.0,5.0,0,1985.0,8.0,5.0,3.0,-0.8660254037844385,-0.5000000000000004,0,Heavy Rain,1,2,1
2.0,heavy rains,Una,Himachal Pradesh,IMD,448.0,2.0,1985.0,8.0,13.0,0,1985.0,8.0,13.0,3.0,-0.8660254037844385,-0.5000000000000004,0,Heavy Rain,1,1,1
1.0,heavy rains,Mandi,Himachal Pradesh,IMD,22.0,2.0,1985.0,8.0,22.0,0,1985.0,8.0,22.0,3.0,-0.8660254037844385,-0.5000000000000004,0,Heavy Rain,1,1,1
1.0,moderate,"Hamirpur, Kangra, Mandi",Himachal Pradesh,IMD,,2.0,1985.0,8.0,24.0,0,1985.0,8.0,24.0,3.0,-0.8660254037844385,-0.5000000000000004,0,Other,1,3,1
1.0,heavy rains,Jammu,Jammu and Kashmir,IMD,5.0,,1985.0,7.0,18.0,0,1985.0,7.0,18.0,3.0,-0.4999999999999997,-0.8660254037844388,0,Heavy Rain,1,1,1
1.0,heavy rains,Poonch,Jammu and Kashmir,IMD,10.0,,1985.0,7.0,22.0,0,1985.0,7.0,22.0,3.0,-0.4999999999999997,-0.8660254037844388,0,Heavy Rain,1,1,1
1.0,cloud burst,Baramulla,Jammu and Kashmir,IMD,3.0,,1985.0,8.0,4.0,0,1985.0,8.0,4.0,3.0,-0.8660254037844385,-0.5000000000000004,0,Other,1,1,1
1.0,heavy rains,Hassan,Karnataka,IMD,539.0,29.0,1985.0,5.0,12.0,0,1985.0,5.0,12.0,2.0,0.49999999999999994,-0.8660254037844387,0,Heavy Rain,1,1,1
1.0,flash floods,Mysuru,Karnataka,IMD,545.0,29.0,1985.0,9.0,28.0,0,1985.0,9.0,28.0,3.0,-1.0,-1.8369701987210297e-16,0,Flash Flood,1,1,1
1.0,heavy rains,Kozhikode,Kerala,IMD,561.0,32.0,1985.0,6.0,15.0,0,1985.0,6.0,15.0,2.0,1.2246467991473532e-16,-1.0,0,Heavy Rain,1,1,1
5.0,heavy rains,Idukki,Kerala,IMD,556.0,32.0,1985.0,6.0,24.0,1,1985.0,6.0,24.0,2.0,1.2246467991473532e-16,-1.0,0,Heavy Rain,1,1,1
5.0,heavy rains,"Alappuzha,Kannur, Kottayam, Kozhikode, Palakkad,Thrissur",Kerala,IMD,,32.0,1985.0,6.0,25.0,1,1985.0,6.0,25.0,2.0,1.2246467991473532e-16,-1.0,0,Heavy Rain,1,6,1
1.0,heavy rains,Indore,Madhya Pradesh,IMD,410.0,23.0,1985.0,5.0,24.0,0,1985.0,5.0,24.0,2.0,0.49999999999999994,-0.8660254037844387,0,Heavy Rain,1,1,1
2.0,heavy rains,Sagar,Madhya Pradesh,IMD,300.0,23.0,1985.0,8.0,7.0,0,1985.0,8.0,7.0,3.0,-0.8660254037844385,-0.5000000000000004,0,Heavy Rain,1,1,1
1.0,heavy rains,Nagpur,Maharashtra,IMD,484.0,27.0,1985.0,6.0,4.0,0,1985.0,6.0,4.0,2.0,1.2246467991473532e-16,-1.0,0,Heavy Rain,1,1,1
1.0,heavy rains,Aurangabad,Maharashtra,IMD,189.0,27.0,1985.0,6.0,13.0,1,1985.0,6.0,13.0,2.0,1.2246467991473532e-16,-1.0,0,Heavy Rain,1,1,1
1.0,"heavy rains, flash flood","Mumbai, Jalgaon, Ratnagiri, Thane",Maharashtra,IMD,,27.0,1985.0,6.0,16.0,0,1985.0,6.0,16.0,2.0,1.2246467991473532e-16,-1.0,0,Flash Flood,1,4,1
1.0,heavy rains,Mumbai,Maharashtra,IMD,482.0,27.0,1985.0,6.0,25.0,1,1985.0,6.0,25.0,2.0,1.2246467991473532e-16,-1.0,0,Heavy Rain,1,1,1
1.0,heavy rains,Nagpur,Maharashtra,IMD,484.0,27.0,1985.0,7.0,17.0,0,1985.0,7.0,17.0,3.0,-0.4999999999999997,-0.8660254037844388,0,Heavy Rain,1,1,1
17.0,flash floods,"Ratnagiri,Sindhudurg",Maharashtra,IMD,,27.0,1985.0,7.0,22.0,0,1985.0,7.0,22.0,3.0,-0.4999999999999997,-0.8660254037844388,1,Flash Flood,1,2,1
4.0,severe,"Ri Bhoi, West Khasi Hills, East East Jaintia Hills, East Khasi Hills, South Garo Hills, West Garo Hills, East Garo Hills, West East Jaintia Hills, South West Khasi Hills, North Garo Hills, South West Garo Hills",Meghalaya,IMD,,17.0,1985.0,7.0,27.0,1,1985.0,7.0,27.0,3.0,-0.4999999999999997,-0.8660254037844388,0,Other,1,11,1
8.0,severe,"Amritsar, Hoshiarpur, Jalandhar, Kapurthala, Ludhiana",Punjab,IMD,,3.0,1985.0,7.0,18.0,1,1985.0,7.0,18.0,3.0,-0.4999999999999997,-0.8660254037844388,1,Other,1,5,1
12.0,severe,"Gurdaspur, Hoshiarpur, Amritsar, Jalandhar, Tarn Taran, Rupnagar, Shahid Bhagat Singh Nagar, Fazilka, Moga, Ludhiana, S.A.S Nagar*, Faridkot, Fatehgarh Sahib, Sri Sri Muktsar Sahib Sahib, Sangrur, Barnala, Bathinda, Patiala, Mansa, Ferozepur, Pathankot, Kapurthala",Punjab,IMD,,3.0,1985.0,8.0,5.0,1,1985.0,8.0,5.0,3.0,-0.8660254037844385,-0.5000000000000004,1,Other,1,22,1
1.0,heavy rains,Jaipur,Rajasthan,IMD,102.0,8.0,1985.0,12.0,16.0,0,1985.0,12.0,16.0,4.0,-2.4492935982947064e-16,1.0,0,Heavy Rain,1,1,1
14.0,severe,"Thiruvallur, Chennai, Krishnagiri, Tiruvannamalai, Dharmapuri, Salem, Erode, The Nilgiris, Namakkal, Perambalur, Coimbatore, Tiruchirappalli, Ariyalur, Tiruppur, Thanjavur, Karur, Thiruvarur, Dindigul, Madurai, Theni, Virudhunagar, Thoothukkudi, Kanniyakumariumari, Viluppuram, Cuddalore, Pudukkottai, Sivaganga, Ramanathapuram, Nagapattinam, Kallakurichi, Tenkasi, Tirunelveli, Vellore, Ranipet, Tirupathur, Kancheepuram, Chengalpattu",Tamil Nadu,IMD,,33.0,1985.0,11.0,1.0,1,1985.0,11.0,1.0,4.0,-0.5000000000000004,0.8660254037844384,1,Other,1,37,1
7.0,severe,"North Tripura, Dhalai, Sepahijala, Gomati, Khowai, West Tripura, South Tripura, Unakoti",Tripura,IMD,,16.0,1985.0,5.0,22.0,1,1985.0,5.0,22.0,2.0,0.49999999999999994,-0.8660254037844387,1,Other,1,8,1
7.0,flash floods,Garhwal,Uttarakhand,IMD,52.0,5.0,1985.0,7.0,22.0,1,1985.0,7.0,22.0,3.0,-0.4999999999999997,-0.8660254037844388,1,Flash Flood,1,1,1
14.0,severe,"Ballia, Deoria, Ghazipurr, Moradabad, Nainital","Uttar Pradesh, Uttarakhand",IMD,,,1985.0,8.0,8.0,1,1985.0,8.0,8.0,3.0,-0.8660254037844385,-0.5000000000000004,1,Other,2,5,1
21.0,severe,"Agra, Prayagraj, Azamgarh, Bahraich, Ballia, Bara Banki, Bareilly, Basti, Budaun, Bulandshahr, Deoria, Etah, Etawah, Ayodhya, Farrukhabad, Fatehpur, Garhwal, Gonda, Gorakhpur, Hamirpur, Jaunpur, Kanpur nagar Nagar,Kanpur nagar Dehat, Kheri, Lucknow, Mainpuri, Mathura, Meerut, Mirzapur, Moradabad, Muzaffarnagar, Pilibhit, Pratapgarh, Rae Bareli, Saharanpur, Sitapur, Sultanpur, Unnao,Varanasi",Uttar Pradesh,IMD,,9.0,1985.0,9.0,8.0,1,1985.0,9.0,8.0,3.0,-1.0,-1.8369701987210297e-16,1,Other,1,39,1
2.0,heavy rains,Lucknow,Uttar Pradesh,IMD,162.0,9.0,1985.0,10.0,9.0,0,1985.0,10.0,9.0,4.0,-0.8660254037844386,0.5000000000000001,0,Heavy Rain,1,1,1
2.0,heavy rains,Kanpur nagar,Uttar Pradesh,IMD,157.0,9.0,1985.0,10.0,10.0,1,1985.0,10.0,10.0,4.0,-0.8660254037844386,0.5000000000000001,0,Heavy Rain,1,1,1
7.0,heavy rains,Bareilly,Uttar Pradesh,IMD,130.0,9.0,1985.0,10.0,15.0,0,1985.0,10.0,15.0,4.0,-0.8660254037844386,0.5000000000000001,1,Heavy Rain,1,1,1
7.0,moderate,"Lohit, Lower Lower Subansiri, West Siang, East Siang",Arunachal Pradesh,IMD,,12.0,1985.0,7.0,8.0,0,1985.0,7.0,8.0,3.0,-0.4999999999999997,-0.8660254037844388,1,Other,1,4,1
1.0,heavy rains,"North, North East, West, East, South West, Central, New New Delhi, South, Shahdara, South East, North West",Delhi,IMD,,7.0,1985.0,7.0,11.0,0,1985.0,7.0,11.0,3.0,-0.4999999999999997,-0.8660254037844388,0,Heavy Rain,1,11,1
3.0,heavy rains,"Sri Potti Sriramulu Nellore, Prakasam",Andhra Pradesh,IMD,,28.0,1986.0,1.0,13.0,0,1986.0,1.0,13.0,1.0,0.49999999999999994,0.8660254037844387,0,Heavy Rain,1,2,1
1.0,heavy rains,Hyderabad,Andhra Pradesh,IMD,507.0,28.0,1986.0,1.0,17.0,0,1986.0,1.0,17.0,1.0,0.49999999999999994,0.8660254037844387,0,Heavy Rain,1,1,1
1.0,heavy rains,Hyderabad,Andhra Pradesh,IMD,507.0,28.0,1986.0,6.0,16.0,0,1986.0,6.0,16.0,2.0,1.2246467991473532e-16,-1.0,0,Heavy Rain,1,1,1
1.0,heavy rains,Khammam,Andhra Pradesh,IMD,509.0,28.0,1986.0,7.0,25.0,0,1986.0,7.0,25.0,3.0,-0.4999999999999997,-0.8660254037844388,0,Heavy Rain,1,1,1
2.0,flash floods,"East Godavari, Guntur, Krishna,Kurnool",Andhra Pradesh,IMD,,28.0,1986.0,8.0,11.0,1,1986.0,8.0,11.0,3.0,-0.8660254037844385,-0.5000000000000004,0,Flash Flood,1,4,1
7.0,severe,"Adilabad, East Godavari, Karimnagar, Khammam, Krishna, Nizamabad, Warangal, Warangal, Warangal, Warangal,West Godavari",Andhra Pradesh,IMD,,28.0,1986.0,8.0,14.0,1,1986.0,8.0,14.0,3.0,-0.8660254037844385,-0.5000000000000004,1,Other,1,11,1
7.0,severe,Sri Potti Sriramulu Nellore,Andhra Pradesh,IMD,515.0,28.0,1986.0,10.0,22.0,0,1986.0,10.0,22.0,4.0,-0.8660254037844386,0.5000000000000001,1,Other,1,1,1
7.0,severe,"Darrang, Dhubri, Dibrugarh,Sonitpur",Assam,IMD,,18.0,1986.0,6.0,22.0,0,1986.0,6.0,22.0,2.0,1.2246467991473532e-16,-1.0,1,Other,1,4,1
14.0,severe,"Cachar, Goalpara, Jorhat, Kamrup,Karimganj,Nagaon",Assam,IMD,,18.0,1986.0,10.0,1.0,1,1986.0,10.0,1.0,4.0,-0.8660254037844386,0.5000000000000001,1,Other,1,6,1
7.0,severe,"Gaya, Khagaria, Nalanda, Patna,Pashchim Champaran",Bihar,IMD,,10.0,1986.0,6.0,22.0,0,1986.0,6.0,22.0,2.0,1.2246467991473532e-16,-1.0,1,Other,1,5,1
41.0,severe,"Pashchim Champaran, Purbi Champaran, Sitamarhi, Sheohar, Gopalganj, Samastipur, Katihar, Khagaria, Bhojpur, Buxar, Darbhanga, Saharsa, Kaimur (Bhabua), Rohtas, Jamui, Banka, Nawada, Gaya, Munger, Vaishali, Begusarai, Bhagalpur, Lakhisarai, Sheikhpura, Arwal, Jehanabad, Nalanda, Patna, Saran, Siwan, Muzaffarpur, Madhepura, Araria, Supaul, Madhubani, Purnia, Kishanganj, Aurangabad",Bihar,IMD,,10.0,1986.0,7.0,22.0,1,1986.0,7.0,22.0,3.0,-0.4999999999999997,-0.8660254037844388,1,Other,1,38,1
14.0,severe,"Bhavnagar, Bharuch, Junagadh, Kheda, Porbandar,Rajkot",Gujarat,IMD,,24.0,1986.0,6.0,15.0,1,1986.0,6.0,15.0,2.0,1.2246467991473532e-16,-1.0,1,Other,1,6,1
1.0,heavy rains,Rajkot,Gujarat,IMD,457.0,24.0,1986.0,8.0,2.0,0,1986.0,8.0,2.0,3.0,-0.8660254037844385,-0.5000000000000004,0,Heavy Rain,1,1,1
7.0,severe,Bharuch,Gujarat,IMD,442.0,24.0,1986.0,8.0,8.0,1,1986.0,8.0,8.0,3.0,-0.8660254037844385,-0.5000000000000004,1,Other,1,1,1
3.0,heavy rains,Sirsa,Haryana,IMD,74.0,6.0,1986.0,7.0,1.0,0,1986.0,7.0,1.0,3.0,-0.4999999999999997,-0.8660254037844388,0,Heavy Rain,1,1,1
1.0,incessant rains,Kangra,Himachal Pradesh,IMD,18.0,2.0,1986.0,4.0,26.0,0,1986.0,4.0,26.0,2.0,0.8660254037844387,-0.4999999999999998,0,Heavy Rain,1,1,1
7.0,heavy rains,Bilaspur,Himachal Pradesh,IMD,375.0,2.0,1986.0,8.0,1.0,0,1986.0,8.0,1.0,3.0,-0.8660254037844385,-0.5000000000000004,1,Heavy Rain,1,1,1
2.0,heavy rains,"Jammu,Srinagar",Jammu and Kashmir,IMD,,,1986.0,4.0,24.0,0,1986.0,4.0,24.0,2.0,0.8660254037844387,-0.4999999999999998,0,Heavy Rain,1,2,1
14.0,severe,"Kupwara, Bandipora, Baramulla, Ganderbal, Anantnag, Kishtwar, Srinagar, Budgam, Pulwama, Poonch, Shopian, Kulgam, Rajouri, Ramban, Reasi, Doda, Jammu, Kathua, Udhampur, Samba, Muzaffarabad, Mirpur",Jammu and Kashmir,IMD,,,1986.0,7.0,15.0,0,1986.0,7.0,15.0,3.0,-0.4999999999999997,-0.8660254037844388,1,Other,1,22,1
1.0,heavy rains,"Kupwara, Bandipora, Baramulla, Ganderbal, Anantnag, Kishtwar, Srinagar, Budgam, Pulwama, Poonch, Shopian, Kulgam, Rajouri, Ramban, Reasi, Doda, Jammu, Kathua, Udhampur, Samba, Muzaffarabad, Mirpur",Jammu and Kashmir,IMD,,,1986.0,8.0,1.0,0,1986.0,8.0,1.0,3.0,-0.8660254037844385,-0.5000000000000004,0,Heavy Rain,1,22,1
1.0,heavy rains,Jammu,Jammu and Kashmir,IMD,5.0,,1986.0,8.0,3.0,1,1986.0,8.0,3.0,3.0,-0.8660254037844385,-0.5000000000000004,0,Heavy Rain,1,1,1
1.0,heavy rains,"Jammu, Leh ladakh, Kargil,Srinagar",Jammu and Kashmir,IMD,,,1986.0,8.0,4.0,1,1986.0,8.0,4.0,3.0,-0.8660254037844385,-0.5000000000000004,0,Heavy Rain,1,4,1
1.0,heavy rains,Jammu,Jammu and Kashmir,IMD,5.0,,1986.0,8.0,5.0,0,1986.0,8.0,5.0,3.0,-0.8660254037844385,-0.5000000000000004,0,Heavy Rain,1,1,1
1.0,flash floods,Ballari,Karnataka,IMD,528.0,29.0,1986.0,5.0,31.0,1,1986.0,5.0,31.0,2.0,0.49999999999999994,-0.8660254037844387,0,Flash Flood,1,1,1
1.0,heay rains,Bijapur,Karnataka,IMD,636.0,29.0,1986.0,6.0,3.0,0,1986.0,6.0,3.0,2.0,1.2246467991473532e-16,-1.0,0,Heavy Rain,1,1,1
14.0,severe,"Chikkaballapura, Surendranagar, Mandya,Uttar Kashia Kannada",Karnataka,IMD,,29.0,1986.0,8.0,1.0,0,1986.0,8.0,1.0,3.0,-0.8660254037844385,-0.5000000000000004,1,Other,1,4,1
1.0,heavy rains,Bengaluru Rural,Karnataka,IMD,526.0,29.0,1986.0,9.0,17.0,0,1986.0,9.0,17.0,3.0,-1.0,-1.8369701987210297e-16,0,Heavy Rain,1,1,1
1.0,heavy rains,Bengaluru Rural,Karnataka,IMD,526.0,29.0,1986.0,9.0,22.0,0,1986.0,9.0,22.0,3.0,-1.0,-1.8369701987210297e-16,0,Heavy Rain,1,1,1
1.0,heavy rains,Thiruvananthapuram,Kerala,IMD,565.0,32.0,1986.0,3.0,12.0,0,1986.0,3.0,12.0,1.0,1.0,6.123233995736766e-17,0,Heavy Rain,1,1,1
1.0,heavy rains,Thiruvananthapuram,Kerala,IMD,565.0,32.0,1986.0,6.0,18.0,0,1986.0,6.0,18.0,2.0,1.2246467991473532e-16,-1.0,0,Heavy Rain,1,1,1
1.0,heavy rains,Kollam,Kerala,IMD,559.0,32.0,1986.0,6.0,24.0,0,1986.0,6.0,24.0,2.0,1.2246467991473532e-16,-1.0,0,Heavy Rain,1,1,1
14.0,severe,"Alappuzha,Kannur, Ernakulam, Idukki, Kottayam,Kollam",Kerala,IMD,,32.0,1986.0,8.0,1.0,1,1986.0,8.0,1.0,3.0,-0.8660254037844385,-0.5000000000000004,1,Other,1,6,1
14.0,severe,"Burhanpur, Morena, Bhind, Gwalior, Sheopur, Shivpuri, Tikamgarh, Neemuch, Rewa, Satna, Guna, Ashoknagar, Mandsaur, Singrauli, Sidhi, Sagar, Damoh, Shajapur, Vidisha, Rajgarh, Shahdol, Katni, Umaria, Ratlam, Bhopal, Ujjain, Raisen, Sehore, Jabalpur, Dewas, Anuppur, Jhabua, Dindori, Narsimhapur, Dhar, Indore, Mandla, Narmadapuram, Seoni, Alirajpur, Chhindwara, Harda, Khargone (Khargone (West Nimar)), East Nimar, Balaghat, Barwani, Agar-Malwa, Datia, Chhatarpur, Panna, Betul, Niwari",Madhya Pradesh,IMD,,23.0,1986.0,7.0,15.0,1,1986.0,7.0,15.0,3.0,-0.4999999999999997,-0.8660254037844388,1,Other,1,52,1
14.0,severe,"Balaghat, Bastar, Bhopal, Chhindwara, Dhar, Narmadapuram, Indore, Jabalpur, Jhabua, Chhindwara, Mandla, Narsimhapur, Sehore, Seoni",Madhya Pradesh,IMD,,23.0,1986.0,8.0,8.0,1,1986.0,8.0,8.0,3.0,-0.8660254037844385,-0.5000000000000004,1,Other,1,14,1
6.0,heavy rains,Marathwada,Maharashtra,IMD,,27.0,1986.0,6.0,4.0,1,1986.0,6.0,4.0,2.0,1.2246467991473532e-16,-1.0,0,Heavy Rain,1,1,1
1.0,heavy rains,Kolhapur,Maharashtra,IMD,480.0,27.0,1986.0,6.0,8.0,1,1986.0,6.0,8.0,2.0,1.2246467991473532e-16,-1.0,0,Heavy Rain,1,1,1
1.0,heavy rains,Ahmedabad,Maharashtra,IMD,438.0,27.0,1986.0,6.0,13.0,0,1986.0,6.0,13.0,2.0,1.2246467991473532e-16,-1.0,0,Heavy Rain,1,1,1
7.0,heavy rains,"Sindhudurg, Thane",Maharashtra,IMD,,27.0,1986.0,6.0,15.0,0,1986.0,6.0,15.0,2.0,1.2246467991473532e-16,-1.0,1,Heavy Rain,1,2,1
1.0,heavy rains,Nagpur,Maharashtra,IMD,484.0,27.0,1986.0,6.0,20.0,0,1986.0,6.0,20.0,2.0,1.2246467991473532e-16,-1.0,0,Heavy Rain,1,1,1
1.0,heavy rains,Nagpur,Maharashtra,IMD,484.0,27.0,1986.0,6.0,21.0,0,1986.0,6.0,21.0,2.0,1.2246467991473532e-16,-1.0,0,Heavy Rain,1,1,1
1.0,heavy rains,Bhandara,Maharashtra,IMD,471.0,27.0,1986.0,6.0,24.0,0,1986.0,6.0,24.0,2.0,1.2246467991473532e-16,-1.0,0,Heavy Rain,1,1,1
1.0,heavy rains,"Mumbai,Thane",Maharashtra,IMD,,27.0,1986.0,6.0,28.0,0,1986.0,6.0,28.0,2.0,1.2246467991473532e-16,-1.0,0,Heavy Rain,1,2,1
1.0,severe,Ratnagiri,Maharashtra,IMD,492.0,27.0,1986.0,6.0,29.0,0,1986.0,6.0,29.0,2.0,1.2246467991473532e-16,-1.0,0,Other,1,1,1
1.0,heavy rains,Bhandara,Maharashtra,IMD,471.0,27.0,1986.0,7.0,17.0,0,1986.0,7.0,17.0,3.0,-0.4999999999999997,-0.8660254037844388,0,Heavy Rain,1,1,1
14.0,severe,"Amravati, Akola, Bhandara, Buldhana, Chandrapur, Gadchiroli, Gondia, Nagpur, Wardha, Washim, Yavatmal",Maharashtra,IMD,,27.0,1986.0,8.0,1.0,1,1986.0,8.0,1.0,3.0,-0.8660254037844385,-0.5000000000000004,1,Other,1,11,1
1.0,"heavy rains, severe","Mumbai, Ratnagiri, Sindhudurg,Thane",Maharashtra,IMD,,27.0,1986.0,8.0,7.0,0,1986.0,8.0,7.0,3.0,-0.8660254037844385,-0.5000000000000004,0,Heavy Rain,1,4,1
4.0,severe,Kolhapur,Maharashtra,IMD,480.0,27.0,1986.0,8.0,7.0,0,1986.0,8.0,7.0,3.0,-0.8660254037844385,-0.5000000000000004,0,Other,1,1,1
30.0,severe,"Bargarh, Cuttack, Dhenkanal, Kalahandi, Kandhamal, Puri,Sambalpur",Odisha,IMD,,21.0,1986.0,6.0,1.0,0,1986.0,6.0,1.0,2.0,1.2246467991473532e-16,-1.0,1,Other,1,7,1
31.0,severe,"Cuttack, Dhenkanal, Kandhamal,Puri",Odisha,IMD,,21.0,1986.0,7.0,1.0,0,1986.0,7.0,1.0,3.0,-0.4999999999999997,-0.8660254037844388,1,Other,1,4,1
7.0,severe,Koraput,Odisha,IMD,363.0,21.0,1986.0,8.0,8.0,0,1986.0,8.0,8.0,3.0,-0.8660254037844385,-0.5000000000000004,1,Other,1,1,1
31.0,severe,Ganjam,Odisha,IMD,354.0,21.0,1986.0,10.0,1.0,0,1986.0,10.0,1.0,4.0,-0.8660254037844386,0.5000000000000001,1,Other,1,1,1
30.0,severe,"Baleshwar, Cuttack, Ganjam,Puri",Odisha,IMD,,21.0,1986.0,11.0,1.0,0,1986.0,11.0,1.0,4.0,-0.5000000000000004,0.8660254037844384,1,Other,1,4,1
2.0,heavy rains,Bathinda,Punjab,IMD,28.0,3.0,1986.0,6.0,29.0,0,1986.0,6.0,29.0,2.0,1.2246467991473532e-16,-1.0,0,Heavy Rain,1,1,1
3.0,severe,"Tonk, Bundi, Ajmer, Sawai Madhopur, Bhilwara, Chittorgarh, Kota, Bharatpur",Rajasthan,IMD,,8.0,1986.0,7.0,24.0,1,1986.0,7.0,24.0,3.0,-0.4999999999999997,-0.8660254037844388,0,Other,1,8,1
2.0,heavy rains,"Chengalpattu, Chennai, Cuddalore, Kallakurichi, Viluppuram, Tiruchirappalli",Tamil Nadu,IMD,,33.0,1986.0,11.0,5.0,1,1986.0,11.0,5.0,4.0,-0.5000000000000004,0.8660254037844384,0,Heavy Rain,1,6,1
1.0,heavy rains,Etah,Uttar Pradesh,IMD,138.0,9.0,1986.0,7.0,10.0,0,1986.0,7.0,10.0,3.0,-0.4999999999999997,-0.8660254037844388,0,Heavy Rain,1,1,1
2.0,severe,"Chamoli, Gonda, Tehri Garhwal",Uttar Pradesh,IMD,,9.0,1986.0,7.0,17.0,1,1986.0,7.0,17.0,3.0,-0.4999999999999997,-0.8660254037844388,0,Other,1,3,1
7.0,severe,"Prayagraj, Almora, Azamgarh, Bahraich, Ballia, Bara Banki, Chamoli, Deoria, Etah, Etawah, Ayodhya, Farrukhabad, Fatehpur, Garhwal, Gonda, Gorakhpur, Hamirpur, Hardoi, Jalaun, Jaunpur, Kanpur nagar Nagar,Kanpur nagar Dehat, Kheri, Lucknow, Mainpuri, Moradabad, Muzaffarnagar, Pratapgarh, Bareilly, Sultanpur, Varanasi",Uttar Pradesh,IMD,,9.0,1986.0,7.0,22.0,1,1986.0,7.0,22.0,3.0,-0.4999999999999997,-0.8660254037844388,1,Other,1,31,1
5.0,severe,Malda,Uttar Pradesh,IMD,316.0,9.0,1986.0,8.0,5.0,0,1986.0,8.0,5.0,3.0,-0.8660254037844385,-0.5000000000000004,0,Other,1,1,1
61.0,severe,"Birbhum, Kolkata, Hooghly, Howrah, Malda, Purba Purba Medinipur, Murshidabad, Nadia,South 24 Parganas,North 24 Parganas",Uttar Pradesh,IMD,,9.0,1986.0,9.0,1.0,1,1986.0,9.0,1.0,3.0,-1.0,-1.8369701987210297e-16,1,Other,1,10,1
1.0,heavy rains,"North, North East, West, East, South West, Central, New New Delhi, South, Shahdara, South East, North West",Delhi,IMD,,7.0,1986.0,8.0,13.0,0,1986.0,8.0,13.0,3.0,-0.8660254037844385,-0.5000000000000004,0,Heavy Rain,1,11,1
1.0,heavy rains/tank burnt,Adilabad,Andhra Pradesh,IMD,501.0,28.0,1987.0,7.0,8.0,1,1987.0,7.0,8.0,3.0,-0.4999999999999997,-0.8660254037844388,0,Heavy Rain,1,1,1
30.0,severe,"Tinsukia, Dhemaji, Dibrugarh, Lakhimpur, Sivasagar, Jorhat, Sonitpur, Golaghat, Udalguri, Chirang, Baksa, Nagaon, Kokrajhar, Darrang, Barpeta, Nalbari, Marigaon, Kamrup, Bongaigaon, Dhubri, Kamrup Metro, Goalpara, Dima Hasao, Cachar, Karimganj, Hailakandi, Charaideo, Majuli, Biswanath, Hojai, South Salmara Mancachar, Karbi Anglong, West Karbi Anglong",Assam,IMD,,18.0,1987.0,6.0,1.0,1,1987.0,6.0,1.0,2.0,1.2246467991473532e-16,-1.0,1,Other,1,33,1
31.0,severe,"Barpeta, Darrang, Dibrugarh, Goalpara, Jorhat, Kamrup, Kokrajhar, Lakhimpur, Nagaon, Nalbari, Sivasagar,Sonitpur",Assam,IMD,,18.0,1987.0,7.0,1.0,1,1987.0,7.0,1.0,3.0,-0.4999999999999997,-0.8660254037844388,1,Other,1,12,1
31.0,severe,"Darrang, Dhubri, Dibrugarh, Goalpara, Jorhat, Kamrup, Nagaon, Nalbari, Sivasagar amd Sonitpur",Assam,IMD,,18.0,1987.0,8.0,1.0,1,1987.0,8.0,1.0,3.0,-0.8660254037844385,-0.5000000000000004,1,Other,1,9,1
7.0,severe,"Darrang, Goalpara, Jorhat, Kamrup, Lakhimpur, Nagaon, Sivasagar,Sonitpur",Assam,IMD,,18.0,1987.0,10.0,1.0,0,1987.0,10.0,1.0,4.0,-0.8660254037844386,0.5000000000000001,1,Other,1,8,1
85.0,severe,"Pashchim Champaran, Purbi Champaran, Sitamarhi, Sheohar, Gopalganj, Samastipur, Katihar, Khagaria, Bhojpur, Buxar, Darbhanga, Saharsa, Kaimur (Bhabua), Rohtas, Jamui, Banka, Nawada, Gaya, Munger, Vaishali, Begusarai, Bhagalpur, Lakhisarai, Sheikhpura, Arwal, Jehanabad, Nalanda, Patna, Saran, Siwan, Muzaffarpur, Madhepura, Araria, Supaul, Madhubani, Purnia, Kishanganj, Aurangabad",Bihar,IMD,,10.0,1987.0,7.0,22.0,1,1987.0,7.0,22.0,3.0,-0.4999999999999997,-0.8660254037844388,1,Other,1,38,1
1.0,cloud burst,Shimla,Himachal Pradesh,IMD,23.0,2.0,1987.0,8.0,12.0,1,1987.0,8.0,12.0,3.0,-0.8660254037844385,-0.5000000000000004,0,Other,1,1,1
7.0,severe,"Kupwara, Bandipora, Baramulla, Ganderbal, Anantnag, Kishtwar, Srinagar, Budgam, Pulwama, Poonch, Shopian, Kulgam, Rajouri, Ramban, Reasi, Doda, Jammu, Kathua, Udhampur, Samba, Muzaffarabad, Mirpur",Jammu and Kashmir,IMD,,,1987.0,3.0,22.0,1,1987.0,3.0,22.0,1.0,1.0,6.123233995736766e-17,1,Other,1,22,1
5.0,heavy rains,"Baramulla,Poonch",Jammu and Kashmir,IMD,,,1987.0,5.0,7.0,1,1987.0,5.0,7.0,2.0,0.49999999999999994,-0.8660254037844387,0,Heavy Rain,1,2,1
14.0,severe,"Kupwara, Bandipora, Baramulla, Ganderbal, Anantnag, Kishtwar, Srinagar, Budgam, Pulwama, Poonch, Shopian, Kulgam, Rajouri, Ramban, Reasi, Doda, Jammu, Kathua, Udhampur, Samba, Muzaffarabad, Mirpur",Jammu and Kashmir,IMD,,,1987.0,6.0,1.0,1,1987.0,6.0,1.0,2.0,1.2246467991473532e-16,-1.0,1,Other,1,22,1
1.0,heavy rains,Belagavi,Karnataka,IMD,527.0,29.0,1987.0,5.0,10.0,0,1987.0,5.0,10.0,2.0,0.49999999999999994,-0.8660254037844387,0,Heavy Rain,1,1,1
1.0,heavy rains,Chitradurga,Karnataka,IMD,533.0,29.0,1987.0,10.0,2.0,1,1987.0,10.0,2.0,4.0,-0.8660254037844386,0.5000000000000001,0,Heavy Rain,1,1,1
1.0,heavy rains,Bengaluru Rural,Karnataka,IMD,526.0,29.0,1987.0,10.0,8.0,0,1987.0,10.0,8.0,4.0,-0.8660254037844386,0.5000000000000001,0,Heavy Rain,1,1,1
1.0,heavy rains,Ernakulam,Kerala,IMD,555.0,32.0,1987.0,6.0,18.0,0,1987.0,6.0,18.0,2.0,1.2246467991473532e-16,-1.0,0,Heavy Rain,1,1,1
1.0,heavy rains,Kozhikode,Kerala,IMD,561.0,32.0,1987.0,11.0,9.0,0,1987.0,11.0,9.0,4.0,-0.5000000000000004,0.8660254037844384,0,Heavy Rain,1,1,1
3.0,heavy rains,Akola,Maharashtra,IMD,467.0,27.0,1987.0,8.0,15.0,0,1987.0,8.0,15.0,3.0,-0.8660254037844385,-0.5000000000000004,0,Heavy Rain,1,1,1
1.0,heavy rains,"Akola, Wardha,Nagpur",Maharashtra,IMD,,27.0,1987.0,8.0,19.0,1,1987.0,8.0,19.0,3.0,-0.8660254037844385,-0.5000000000000004,0,Heavy Rain,1,3,1
1.0,heavy rains,"Dhule,Nashik",Maharashtra,IMD,,27.0,1987.0,11.0,19.0,0,1987.0,11.0,19.0,4.0,-0.5000000000000004,0.8660254037844384,0,Heavy Rain,1,2,1
1.0,heavy rains,Baleshwar,Odisha,IMD,346.0,21.0,1987.0,7.0,17.0,0,1987.0,7.0,17.0,3.0,-0.4999999999999997,-0.8660254037844388,0,Heavy Rain,1,1,1
1.0,heavy rains,Sambalpur,Odisha,IMD,371.0,21.0,1987.0,7.0,26.0,0,1987.0,7.0,26.0,3.0,-0.4999999999999997,-0.8660254037844388,0,Heavy Rain,1,1,1
2.0,heavy rains,Jalandhar,Punjab,IMD,34.0,3.0,1987.0,2.0,15.0,1,1987.0,2.0,15.0,1.0,0.8660254037844386,0.5000000000000001,0,Heavy Rain,1,1,1
1.0,flash floods,Gurdaspur,Punjab,IMD,32.0,3.0,1987.0,5.0,8.0,0,1987.0,5.0,8.0,2.0,0.49999999999999994,-0.8660254037844387,0,Flash Flood,1,1,1
2.0,heavy rains,"Pudukkottai, Thanjavur, Tiruchirappalli",Tamil Nadu,IMD,,33.0,1987.0,12.0,6.0,1,1987.0,12.0,6.0,4.0,-2.4492935982947064e-16,1.0,0,Heavy Rain,1,3,1
5.0,heavy rains,Aligarh,Uttar Pradesh,IMD,119.0,9.0,1987.0,5.0,4.0,0,1987.0,5.0,4.0,2.0,0.49999999999999994,-0.8660254037844387,0,Heavy Rain,1,1,1
45.0,severe,"Prayagraj, Gorakhpur, Lucknow, Mirzapur,Varanasi",Uttar Pradesh,IMD,,9.0,1987.0,8.0,1.0,1,1987.0,8.0,1.0,3.0,-0.8660254037844385,-0.5000000000000004,1,Other,1,5,1
1.0,heavy rains,Kolkata,West Bengal,IMD,315.0,19.0,1987.0,7.0,25.0,0,1987.0,7.0,25.0,3.0,-0.4999999999999997,-0.8660254037844388,0,Heavy Rain,1,1,1
31.0,severe,Dakshin Dinajpur,West Bengal,IMD,310.0,19.0,1987.0,7.0,1.0,0,1987.0,7.0,1.0,3.0,-0.4999999999999997,-0.8660254037844388,1,Other,1,1,1
38.0,severe,Dakshin Dinajpur,West Bengal,IMD,310.0,19.0,1987.0,8.0,1.0,1,1987.0,8.0,1.0,3.0,-0.8660254037844385,-0.5000000000000004,1,Other,1,1,1
31.0,severe,"Cooch Behar,Jalpaiguri",West Bengal,IMD,,19.0,1987.0,8.0,8.0,1,1987.0,8.0,8.0,3.0,-0.8660254037844385,-0.5000000000000004,1,Other,1,2,1
38.0,severe,Malda,West Bengal,IMD,316.0,19.0,1987.0,8.0,15.0,1,1987.0,8.0,15.0,3.0,-0.8660254037844385,-0.5000000000000004,1,Other,1,1,1
17.0,severe,"Purba bardhaman, Hooghly, Howrah, Paschim Purba Medinipur,Purba Purba Medinipur,South 24 Parganas,North 24 Parganas",West Bengal,IMD,,19.0,1987.0,8.0,22.0,1,1987.0,8.0,22.0,3.0,-0.8660254037844385,-0.5000000000000004,1,Other,1,7,1
31.0,severe,Murshidabad,West Bengal,IMD,319.0,19.0,1987.0,8.0,22.0,1,1987.0,8.0,22.0,3.0,-0.8660254037844385,-0.5000000000000004,1,Other,1,1,1
38.0,severe,"Adilabad, East,West Godavari, Guntur, Karimnagar, Khammam, Krishna, Mahabubnagar,Warangal, Warangal, Warangal, Warangal",Andhra Pradesh,IMD,,28.0,1988.0,7.0,1.0,1,1988.0,7.0,1.0,3.0,-0.4999999999999997,-0.8660254037844388,1,Other,1,12,1
7.0,severe,Kurnool,Andhra Pradesh,IMD,511.0,28.0,1988.0,8.0,22.0,0,1988.0,8.0,22.0,3.0,-0.8660254037844385,-0.5000000000000004,1,Other,1,1,1
17.0,severe,"Cachar, Darrang, Goalpara, Jorhat, Kamrup, Karimganj, Lakhimpur, Nagaon",Assam,IMD,,18.0,1988.0,5.0,22.0,1,1988.0,5.0,22.0,2.0,0.49999999999999994,-0.8660254037844387,1,Other,1,8,1
21.0,severe,"Cachar, Darrang,  Dibrugarh, Goalpara, Jorhat, Kamrup, Karbi Anglong, Kokrajhar, Lakhimpur, Nagaon,Sivasagar",Assam,IMD,,18.0,1988.0,7.0,8.0,1,1988.0,7.0,8.0,3.0,-0.4999999999999997,-0.8660254037844388,1,Other,1,11,1
31.0,severe,"Tinsukia, Dhemaji, Dibrugarh, Lakhimpur, Sivasagar, Jorhat, Sonitpur, Golaghat, Udalguri, Chirang, Baksa, Nagaon, Kokrajhar, Darrang, Barpeta, Nalbari, Marigaon, Kamrup, Bongaigaon, Dhubri, Kamrup Metro, Goalpara, Dima Hasao, Cachar, Karimganj, Hailakandi, Charaideo, Majuli, Biswanath, Hojai, South Salmara Mancachar, Karbi Anglong, West Karbi Anglong",Assam,IMD,,18.0,1988.0,8.0,15.0,1,1988.0,8.0,15.0,3.0,-0.8660254037844385,-0.5000000000000004,1,Other,1,33,1
1.0,heavy rains,West Singhbhum,Bihar,IMD,343.0,10.0,1988.0,6.0,19.0,0,1988.0,6.0,19.0,2.0,1.2246467991473532e-16,-1.0,0,Heavy Rain,1,1,1
2.0,heavy rains,"Darbhanga,Patna",Bihar,IMD,,10.0,1988.0,7.0,17.0,1,1988.0,7.0,17.0,3.0,-0.4999999999999997,-0.8660254037844388,0,Heavy Rain,1,2,1
1.0,heavy rains,,Bihar,IMD,,10.0,1988.0,8.0,11.0,1,1988.0,8.0,11.0,3.0,-0.8660254037844385,-0.5000000000000004,0,Heavy Rain,1,0,1
7.0,severe,"Bhojpur, Gopalganj, Katihar, Khagaria,Saharsa",Bihar,IMD,,10.0,1988.0,8.0,22.0,0,1988.0,8.0,22.0,3.0,-0.8660254037844385,-0.5000000000000004,1,Other,1,5,1
1.0,heavy rains,"Ahmedabad, Kachchh,Sabar Kantha",Gujarat,IMD,,24.0,1988.0,6.0,14.0,0,1988.0,6.0,14.0,2.0,1.2246467991473532e-16,-1.0,0,Heavy Rain,1,3,1
21.0,severe,"Amreli, Banas Kantha, Bhavnagar, Valsad, Jamnagar, Junagadh, Kachchh, Rajkot, Surat,Vadodara",Gujarat,IMD,,24.0,1988.0,7.0,8.0,1,1988.0,7.0,8.0,3.0,-0.4999999999999997,-0.8660254037844388,1,Other,1,10,1
1.0,flash floods,Jamnagar,Gujarat,IMD,447.0,24.0,1988.0,9.0,28.0,1,1988.0,9.0,28.0,3.0,-1.0,-1.8369701987210297e-16,0,Flash Flood,1,1,1
1.0,heavy rains,Ambala,Haryana,IMD,58.0,6.0,1988.0,7.0,2.0,0,1988.0,7.0,2.0,3.0,-0.4999999999999997,-0.8660254037844388,0,Heavy Rain,1,1,1
12.0,flash floods,"Ambala,Panipat",Haryana,IMD,,6.0,1988.0,7.0,20.0,0,1988.0,7.0,20.0,3.0,-0.4999999999999997,-0.8660254037844388,1,Flash Flood,1,2,1
2.0,severe,"Ambala, Faridabad, Hisar, Jind, Karnal, Kurukshetra, Sirsa, Sonipat",Haryana,IMD,,6.0,1988.0,8.0,9.0,1,1988.0,8.0,9.0,3.0,-0.8660254037844385,-0.5000000000000004,0,Other,1,8,1
16.0,severe,"Faridabad, Hisar, Jind, Karnal, Kurukshetra, Sirsa,Sonipat",Haryana,IMD,,6.0,1988.0,9.0,22.0,0,1988.0,9.0,22.0,3.0,-1.0,-1.8369701987210297e-16,1,Other,1,7,1
45.0,severe,"Lahul And Spiti, Chamba, Kangra, Kullu, Mandi, Kinnaur, Una, Shimla, Solan, Sirmaur, Hamirpur, Bilaspur",Himachal Pradesh,IMD,,2.0,1988.0,7.0,1.0,1,1988.0,7.0,1.0,3.0,-0.4999999999999997,-0.8660254037844388,1,Other,1,12,1
7.0,severe,"Bilaspur, Chamba, Kangra, Kullu, Shimla,Una",Himachal Pradesh,IMD,,2.0,1988.0,9.0,22.0,1,1988.0,9.0,22.0,3.0,-1.0,-1.8369701987210297e-16,1,Other,1,6,1
1.0,heavy rains,Jammu,Jammu and Kashmir,IMD,5.0,,1988.0,6.0,2.0,0,1988.0,6.0,2.0,2.0,1.2246467991473532e-16,-1.0,0,Heavy Rain,1,1,1
1.0,heavy rains,Poonch,Jammu and Kashmir,IMD,10.0,,1988.0,7.0,14.0,0,1988.0,7.0,14.0,3.0,-0.4999999999999997,-0.8660254037844388,0,Heavy Rain,1,1,1
3.0,severe,"Kupwara, Bandipora, Baramulla, Ganderbal, Anantnag, Kishtwar, Srinagar, Budgam, Pulwama, Poonch, Shopian, Kulgam, Rajouri, Ramban, Reasi, Doda, Jammu, Kathua, Udhampur, Samba, Muzaffarabad, Mirpur",Jammu and Kashmir,IMD,,,1988.0,7.0,18.0,1,1988.0,7.0,18.0,3.0,-0.4999999999999997,-0.8660254037844388,0,Other,1,22,1
1.0,flash floods,Kargil,Jammu and Kashmir,IMD,6.0,,1988.0,8.0,1.0,1,1988.0,8.0,1.0,3.0,-0.8660254037844385,-0.5000000000000004,0,Flash Flood,1,1,1
1.0,flash floods,Poonch,Jammu and Kashmir,IMD,10.0,,1988.0,8.0,8.0,1,1988.0,8.0,8.0,3.0,-0.8660254037844385,-0.5000000000000004,0,Flash Flood,1,1,1
1.0,cloud burst,Jammu,Jammu and Kashmir,IMD,5.0,,1988.0,8.0,15.0,0,1988.0,8.0,15.0,3.0,-0.8660254037844385,-0.5000000000000004,0,Other,1,1,1
7.0,severe,"Kupwara, Bandipora, Baramulla, Ganderbal, Anantnag, Kishtwar, Srinagar, Budgam, Pulwama, Poonch, Shopian, Kulgam, Rajouri, Ramban, Reasi, Doda, Jammu, Kathua, Udhampur, Samba, Muzaffarabad, Mirpur",Jammu and Kashmir,IMD,,,1988.0,9.0,22.0,1,1988.0,9.0,22.0,3.0,-1.0,-1.8369701987210297e-16,1,Other,1,22,1
1.0,heavy rains,Raichur,Karnataka,IMD,546.0,29.0,1988.0,4.0,26.0,0,1988.0,4.0,26.0,2.0,0.8660254037844387,-0.4999999999999998,0,Heavy Rain,1,1,1
1.0,heavy rains,Bengaluru Rural,Karnataka,IMD,526.0,29.0,1988.0,7.0,5.0,0,1988.0,7.0,5.0,3.0,-0.4999999999999997,-0.8660254037844388,0,Heavy Rain,1,1,1
4.0,heavy rains,"Bengaluru Rural,Mangalore",Karnataka,IMD,,29.0,1988.0,7.0,15.0,0,1988.0,7.0,15.0,3.0,-0.4999999999999997,-0.8660254037844388,0,Heavy Rain,1,2,1
1.0,heavy rains,"Hassan, Shivamogga",Karnataka,IMD,,29.0,1988.0,7.0,20.0,1,1988.0,7.0,20.0,3.0,-0.4999999999999997,-0.8660254037844388,0,Heavy Rain,1,2,1
3.0,heavy rains,Belagavi,Karnataka,IMD,527.0,29.0,1988.0,8.0,7.0,0,1988.0,8.0,7.0,3.0,-0.8660254037844385,-0.5000000000000004,0,Heavy Rain,1,1,1
2.0,heavy rains,Bengaluru Rural,Karnataka,IMD,526.0,29.0,1988.0,8.0,25.0,0,1988.0,8.0,25.0,3.0,-0.8660254037844385,-0.5000000000000004,0,Heavy Rain,1,1,1
2.0,heavy rains,"Beedar, Dharwad, Raichur,Tumakuru",Karnataka,IMD,,29.0,1988.0,8.0,28.0,0,1988.0,8.0,28.0,3.0,-0.8660254037844385,-0.5000000000000004,0,Heavy Rain,1,4,1
1.0,heavy rains,Bengaluru Rural,Karnataka,IMD,526.0,29.0,1988.0,9.0,9.0,1,1988.0,9.0,9.0,3.0,-1.0,-1.8369701987210297e-16,0,Heavy Rain,1,1,1
1.0,heavy rains,"Bengaluru Rural, Bijapur,Tumakuru",Karnataka,IMD,,29.0,1988.0,9.0,11.0,1,1988.0,9.0,11.0,3.0,-1.0,-1.8369701987210297e-16,0,Heavy Rain,1,3,1
7.0,flash floods,"Bijapur,Dharwad",Karnataka,IMD,,29.0,1988.0,9.0,22.0,1,1988.0,9.0,22.0,3.0,-1.0,-1.8369701987210297e-16,1,Flash Flood,1,2,1
1.0,heavy rains,Malappuram,Kerala,IMD,562.0,32.0,1988.0,8.0,25.0,0,1988.0,8.0,25.0,3.0,-0.8660254037844385,-0.5000000000000004,0,Heavy Rain,1,1,1
1.0,heavy rains,"Mumbai, Nashik",Maharashtra,IMD,,27.0,1988.0,6.0,14.0,0,1988.0,6.0,14.0,2.0,1.2246467991473532e-16,-1.0,0,Heavy Rain,1,2,1
2.0,heavy rains,Nagpur,Maharashtra,IMD,484.0,27.0,1988.0,7.0,2.0,0,1988.0,7.0,2.0,3.0,-0.4999999999999997,-0.8660254037844388,0,Heavy Rain,1,1,1
1.0,heavy rains,Thane,Maharashtra,IMD,497.0,27.0,1988.0,7.0,3.0,0,1988.0,7.0,3.0,3.0,-0.4999999999999997,-0.8660254037844388,0,Heavy Rain,1,1,1
3.0,heavy rains,Akola,Maharashtra,IMD,467.0,27.0,1988.0,7.0,9.0,0,1988.0,7.0,9.0,3.0,-0.4999999999999997,-0.8660254037844388,0,Heavy Rain,1,1,1
1.0,heavy rains,"Mumbai,Thane",Maharashtra,IMD,,27.0,1988.0,7.0,16.0,0,1988.0,7.0,16.0,3.0,-0.4999999999999997,-0.8660254037844388,0,Heavy Rain,1,2,1
1.0,heavy rains,Sindhudurg,Maharashtra,IMD,495.0,27.0,1988.0,7.0,17.0,0,1988.0,7.0,17.0,3.0,-0.4999999999999997,-0.8660254037844388,0,Heavy Rain,1,1,1
4.0,heavy rains,Thane,Maharashtra,IMD,497.0,27.0,1988.0,7.0,17.0,1,1988.0,7.0,17.0,3.0,-0.4999999999999997,-0.8660254037844388,0,Heavy Rain,1,1,1
2.0,heavy rains,"Amravati, Chandrapur, Nashik,Yavatmal",Maharashtra,IMD,,27.0,1988.0,7.0,19.0,0,1988.0,7.0,19.0,3.0,-0.4999999999999997,-0.8660254037844388,0,Heavy Rain,1,4,1
1.0,heavy rains,Mumbai,Maharashtra,IMD,482.0,27.0,1988.0,7.0,23.0,0,1988.0,7.0,23.0,3.0,-0.4999999999999997,-0.8660254037844388,0,Heavy Rain,1,1,1
8.0,heavy rains,Yavatmal,Maharashtra,IMD,500.0,27.0,1988.0,7.0,24.0,0,1988.0,7.0,24.0,3.0,-0.4999999999999997,-0.8660254037844388,1,Heavy Rain,1,1,1
1.0,heavy rains,Chandrapur,Maharashtra,IMD,473.0,27.0,1988.0,7.0,25.0,0,1988.0,7.0,25.0,3.0,-0.4999999999999997,-0.8660254037844388,0,Heavy Rain,1,1,1
2.0,heavy rains,Amravati,Maharashtra,IMD,468.0,27.0,1988.0,8.0,18.0,0,1988.0,8.0,18.0,3.0,-0.8660254037844385,-0.5000000000000004,0,Heavy Rain,1,1,1
1.0,heavy rains,"Ahmednagar, Aurangabad, Beed",Maharashtra,IMD,,27.0,1988.0,8.0,31.0,1,1988.0,8.0,31.0,3.0,-0.8660254037844385,-0.5000000000000004,0,Heavy Rain,1,3,1
1.0,heavy rains,"Beed,Pune",Maharashtra,IMD,,27.0,1988.0,9.0,11.0,1,1988.0,9.0,11.0,3.0,-1.0,-1.8369701987210297e-16,0,Heavy Rain,1,2,1
21.0,severe,"Aurangabad, Jalna, Nanded, Dharashiv,Parbhani",Maharashtra,IMD,,27.0,1988.0,9.0,8.0,1,1988.0,9.0,8.0,3.0,-1.0,-1.8369701987210297e-16,1,Other,1,5,1
1.0,heavy rains,Satara,Maharashtra,IMD,494.0,27.0,1988.0,9.0,16.0,0,1988.0,9.0,16.0,3.0,-1.0,-1.8369701987210297e-16,0,Heavy Rain,1,1,1
7.0,heavy rains,Pune,Maharashtra,IMD,490.0,27.0,1988.0,9.0,15.0,0,1988.0,9.0,15.0,3.0,-1.0,-1.8369701987210297e-16,1,Heavy Rain,1,1,1
1.0,heavy rains,Ahmednagar,Maharashtra,IMD,466.0,27.0,1988.0,9.0,20.0,0,1988.0,9.0,20.0,3.0,-1.0,-1.8369701987210297e-16,0,Heavy Rain,1,1,1
1.0,heavy rains,Mumbai,Maharashtra,IMD,482.0,27.0,1988.0,9.0,22.0,0,1988.0,9.0,22.0,3.0,-1.0,-1.8369701987210297e-16,0,Heavy Rain,1,1,1
2.0,heavy rains,Yavatmal,Maharashtra,IMD,500.0,27.0,1988.0,9.0,25.0,0,1988.0,9.0,25.0,3.0,-1.0,-1.8369701987210297e-16,0,Heavy Rain,1,1,1
1.0,heavy rains,"Mumbai, Buldhana",Maharashtra,IMD,,27.0,1988.0,9.0,28.0,0,1988.0,9.0,28.0,3.0,-1.0,-1.8369701987210297e-16,0,Heavy Rain,1,2,1
2.0,heavy rains,"Akola, Amravati, Buldhana,Yavatmal",Maharashtra,IMD,,27.0,1988.0,10.0,2.0,1,1988.0,10.0,2.0,4.0,-0.8660254037844386,0.5000000000000001,0,Heavy Rain,1,4,1
1.0,heavy rains,"Ahmednagar, Mumbai",Maharashtra,IMD,,27.0,1988.0,10.0,3.0,1,1988.0,10.0,3.0,4.0,-0.8660254037844386,0.5000000000000001,0,Heavy Rain,1,2,1
1.0,heavy rains,Akola,Maharashtra,IMD,467.0,27.0,1988.0,10.0,6.0,0,1988.0,10.0,6.0,4.0,-0.8660254037844386,0.5000000000000001,0,Heavy Rain,1,1,1
1.0,heavy rains,Bhandara,Maharashtra,IMD,471.0,27.0,1988.0,10.0,10.0,1,1988.0,10.0,10.0,4.0,-0.8660254037844386,0.5000000000000001,0,Heavy Rain,1,1,1
7.0,heavy rains,"Ri Bhoi, West Khasi Hills, East East Jaintia Hills, East Khasi Hills, South Garo Hills, West Garo Hills, East Garo Hills, West East Jaintia Hills, South West Khasi Hills, North Garo Hills, South West Garo Hills",Meghalaya,IMD,,17.0,1988.0,5.0,22.0,0,1988.0,5.0,22.0,2.0,0.49999999999999994,-0.8660254037844387,1,Heavy Rain,1,11,1
1.0,heavy rains,Cuttack,Odisha,IMD,350.0,21.0,1988.0,8.0,18.0,0,1988.0,8.0,18.0,3.0,-0.8660254037844385,-0.5000000000000004,0,Heavy Rain,1,1,1
1.0,heavy rains,Baleshwar,Odisha,IMD,346.0,21.0,1988.0,9.0,21.0,0,1988.0,9.0,21.0,3.0,-1.0,-1.8369701987210297e-16,0,Heavy Rain,1,1,1
1.0,heavy rains,Baleshwar,Odisha,IMD,346.0,21.0,1988.0,9.0,23.0,0,1988.0,9.0,23.0,3.0,-1.0,-1.8369701987210297e-16,0,Heavy Rain,1,1,1
4.0,flash floods,Gurdaspur,Punjab,IMD,32.0,3.0,1988.0,3.0,11.0,0,1988.0,3.0,11.0,1.0,1.0,6.123233995736766e-17,0,Flash Flood,1,1,1
1.0,heavy rains,Patiala,Punjab,IMD,41.0,3.0,1988.0,7.0,3.0,0,1988.0,7.0,3.0,3.0,-0.4999999999999997,-0.8660254037844388,0,Heavy Rain,1,1,1
1.0,heavy rains,"Hoshiarpur, Jalandhar",Punjab,IMD,,3.0,1988.0,7.0,7.0,0,1988.0,7.0,7.0,3.0,-0.4999999999999997,-0.8660254037844388,0,Heavy Rain,1,2,1
38.0,severe,"Amritsar, Bathinda, Ferozepur, Gurdaspur, Hoshiarpur, Jalandhar, Kapurthala, Ludhiana, Patiala,Sangrur",Punjab,IMD,,3.0,1988.0,7.0,8.0,1,1988.0,7.0,8.0,3.0,-0.4999999999999997,-0.8660254037844388,1,Other,1,10,1
23.0,severe,"Amritsar, Bathinda, Ferozepur, Gurdaspur, Hoshiarpur, Jalandhar, Kapurthala, Ludhiana, Patiala,Rupnagar",Punjab,IMD,,3.0,1988.0,9.0,22.0,1,1988.0,9.0,22.0,3.0,-1.0,-1.8369701987210297e-16,1,Other,1,10,1
1.0,heavy rains,"Ajmer, Alwar, Bharatpur, Jhalawar,Kota",Rajasthan,IMD,,8.0,1988.0,7.0,25.0,0,1988.0,7.0,25.0,3.0,-0.4999999999999997,-0.8660254037844388,0,Heavy Rain,1,5,1
1.0,heavy rains,Chennai,Tamil Nadu,IMD,568.0,33.0,1988.0,11.0,6.0,0,1988.0,11.0,6.0,4.0,-0.5000000000000004,0.8660254037844384,0,Heavy Rain,1,1,1
21.0,severe,"North Tripura, Dhalai, Sepahijala, Gomati, Khowai, West Tripura, South Tripura, Unakoti",Tripura,IMD,,16.0,1988.0,7.0,8.0,0,1988.0,7.0,8.0,3.0,-0.4999999999999997,-0.8660254037844388,1,Other,1,8,1
69.0,severe,29 districts affected,Uttar Pradesh,IMD,,9.0,1988.0,7.0,8.0,1,1988.0,7.0,8.0,3.0,-0.4999999999999997,-0.8660254037844388,1,Other,1,1,1
1.0,heavy rains,Kolkata,West Bengal,IMD,315.0,19.0,1988.0,6.0,12.0,0,1988.0,6.0,12.0,2.0,1.2246467991473532e-16,-1.0,0,Heavy Rain,1,1,1
2.0,heavy rains,"Hooghly, Purba Purba Medinipur,South 24 Parganas,North 24 Parganas",West Bengal,IMD,,19.0,1988.0,6.0,12.0,0,1988.0,6.0,12.0,2.0,1.2246467991473532e-16,-1.0,0,Heavy Rain,1,4,1
1.0,heavy rains,"Kolkata,Howrah",West Bengal,IMD,,19.0,1988.0,6.0,27.0,0,1988.0,6.0,27.0,2.0,1.2246467991473532e-16,-1.0,0,Heavy Rain,1,2,1
61.0,severe,"Birbhum, Cooch Behar, Jalpaiguri, Malda, Murshidabad, Nadia,Dakshin Dinajpur",West Bengal,IMD,,19.0,1988.0,8.0,1.0,1,1988.0,8.0,1.0,3.0,-0.8660254037844385,-0.5000000000000004,1,Other,1,7,1
31.0,severe,"Ananthapuramuamu,  Y.S.R., East Godavari, Karimnagar, Khammam, Nalgonda, Nizamabad, Prakasam, Warangal, Warangal, Warangal, Warangal,West Godavari",Andhra Pradesh,IMD,,28.0,1989.0,7.0,1.0,1,1989.0,7.0,1.0,3.0,-0.4999999999999997,-0.8660254037844388,1,Other,1,13,1
7.0,severe,"East Kameng, West Kameng, Tawang,West Kameng, West Kameng",Arunachal Pradesh,IMD,,12.0,1989.0,6.0,15.0,1,1989.0,6.0,15.0,2.0,1.2246467991473532e-16,-1.0,1,Other,1,5,1
52.0,severe,"Cachar, Dhubri, Dibrugarh, Goalpara, Jorhat, Kamrup, Karbi Anglong, Karimganj, Lakhimpur, Nagaon, Sivasagar,Sonitpur",Assam,IMD,,18.0,1989.0,7.0,1.0,1,1989.0,7.0,1.0,3.0,-0.4999999999999997,-0.8660254037844388,1,Other,1,12,1
7.0,severe,"Kheda, Sabar Kantha,Vadodara",Gujarat,IMD,,24.0,1989.0,8.0,15.0,0,1989.0,8.0,15.0,3.0,-0.8660254037844385,-0.5000000000000004,1,Other,1,3,1
1.0,heavy rains,Ambala,Haryana,IMD,58.0,6.0,1989.0,8.0,27.0,0,1989.0,8.0,27.0,3.0,-0.8660254037844385,-0.5000000000000004,0,Heavy Rain,1,1,1
9.0,severe,"Lahul And Spiti, Chamba, Kangra, Kullu, Mandi, Kinnaur, Una, Shimla, Solan, Sirmaur, Hamirpur, Bilaspur",Himachal Pradesh,IMD,,2.0,1989.0,7.0,25.0,1,1989.0,7.0,25.0,3.0,-0.4999999999999997,-0.8660254037844388,1,Other,1,12,1
1.0,heavy rains,South Kashmir,Jammu and Kashmir,IMD,,,1989.0,4.0,25.0,0,1989.0,4.0,25.0,2.0,0.8660254037844387,-0.4999999999999998,0,Heavy Rain,1,1,1
2.0,heavy rains,"Jammu,Kashmir",Jammu and Kashmir,IMD,,,1989.0,7.0,29.0,0,1989.0,7.0,29.0,3.0,-0.4999999999999997,-0.8660254037844388,0,Heavy Rain,1,2,1
1.0,heavy rains,Poonch,Jammu and Kashmir,IMD,10.0,,1989.0,8.0,27.0,1,1989.0,8.0,27.0,3.0,-0.8660254037844385,-0.5000000000000004,0,Heavy Rain,1,1,1
1.0,flash flood,Beedar,Karnataka,IMD,,29.0,1989.0,6.0,5.0,0,1989.0,6.0,5.0,2.0,1.2246467991473532e-16,-1.0,0,Flash Flood,1,1,1
2.0,heavy rains,Uttar Kashia Kannada,Karnataka,IMD,,29.0,1989.0,7.0,6.0,0,1989.0,7.0,6.0,3.0,-0.4999999999999997,-0.8660254037844388,0,Heavy Rain,1,1,1
1.0,heavy rains,Dharwad,Karnataka,IMD,536.0,29.0,1989.0,7.0,12.0,0,1989.0,7.0,12.0,3.0,-0.4999999999999997,-0.8660254037844388,0,Heavy Rain,1,1,1
1.0,heavy rains,"Bengaluru Rural, Beedar",Karnataka,IMD,,29.0,1989.0,7.0,16.0,0,1989.0,7.0,16.0,3.0,-0.4999999999999997,-0.8660254037844388,0,Heavy Rain,1,2,1
1.0,heavy rains,"Ballari,Dharwad",Karnataka,IMD,,29.0,1989.0,9.0,24.0,0,1989.0,9.0,24.0,3.0,-1.0,-1.8369701987210297e-16,0,Heavy Rain,1,2,1
2.0,heavy rains,"Bijapur,  Kalaburagi,Raichur",Karnataka,IMD,,29.0,1989.0,9.0,29.0,0,1989.0,9.0,29.0,3.0,-1.0,-1.8369701987210297e-16,0,Heavy Rain,1,3,1
2.0,heavy rains,"Idukki,Kottayam",Kerala,IMD,,32.0,1989.0,6.0,11.0,0,1989.0,6.0,11.0,2.0,1.2246467991473532e-16,-1.0,0,Heavy Rain,1,2,1
2.0,heavy rains,"Alappuzha, Ernakulam, Idukki, Kozhikode, Malappuram,Palakkad",Kerala,IMD,,32.0,1989.0,7.0,21.0,1,1989.0,7.0,21.0,3.0,-0.4999999999999997,-0.8660254037844388,0,Heavy Rain,1,6,1
1.0,severe,Rajnandgaon,Madhya Pradesh,IMD,388.0,23.0,1989.0,8.0,13.0,0,1989.0,8.0,13.0,3.0,-0.8660254037844385,-0.5000000000000004,0,Other,1,1,1
1.0,heavy rains,Amravati,Maharashtra,IMD,468.0,27.0,1989.0,6.0,29.0,0,1989.0,6.0,29.0,2.0,1.2246467991473532e-16,-1.0,0,Heavy Rain,1,1,1
1.0,heavy rains,Yavatmal,Maharashtra,IMD,500.0,27.0,1989.0,6.0,30.0,0,1989.0,6.0,30.0,2.0,1.2246467991473532e-16,-1.0,0,Heavy Rain,1,1,1
3.0,severe,"Aurangabad, Beed, Mumbai, Jalna, Kolhapur, Nanded, Dharashiv, Parbhani, Pune, Raigarh, Ratnagiri,Sangli",Maharashtra,IMD,,27.0,1989.0,7.0,23.0,1,1989.0,7.0,23.0,3.0,-0.4999999999999997,-0.8660254037844388,0,Other,1,12,1
5.0,severe,"Baleshwar, Cuttack, Kendujhar,Mayurbhanj",Odisha,IMD,,21.0,1989.0,8.0,2.0,0,1989.0,8.0,2.0,3.0,-0.8660254037844385,-0.5000000000000004,0,Other,1,4,1
1.0,heavy rains,Amritsar,Punjab,IMD,27.0,3.0,1989.0,7.0,22.0,1,1989.0,7.0,22.0,3.0,-0.4999999999999997,-0.8660254037844388,0,Heavy Rain,1,1,1
7.0,heavy rains,Patiala,Punjab,IMD,41.0,3.0,1989.0,7.0,27.0,0,1989.0,7.0,27.0,3.0,-0.4999999999999997,-0.8660254037844388,1,Heavy Rain,1,1,1
1.0,heavy rains,"Coimbatore, The Nilgiris",Tamil Nadu,IMD,,33.0,1989.0,7.0,22.0,1,1989.0,7.0,22.0,3.0,-0.4999999999999997,-0.8660254037844388,0,Heavy Rain,1,2,1
62.0,severe,"Bahraich, Gonda, Basti, Gorakhpur, Deoria, Ballia, Azamgarh, Ayodhya, Sultanpur, Jaunpur, Ghazipurr, Varanasi, Mirzapur, Prayagraj,Pratapgarh",Uttar Pradesh,IMD,,9.0,1989.0,7.0,1.0,1,1989.0,7.0,1.0,3.0,-0.4999999999999997,-0.8660254037844388,1,Other,1,15,1
1.0,heavy rains,Darjeeling,West Bengal,IMD,309.0,19.0,1989.0,7.0,27.0,0,1989.0,7.0,27.0,3.0,-0.4999999999999997,-0.8660254037844388,0,Heavy Rain,1,1,1
8.0,severe,Purba Medinipur,West Bengal,IMD,317.0,19.0,1989.0,7.0,31.0,0,1989.0,7.0,31.0,3.0,-0.4999999999999997,-0.8660254037844388,1,Other,1,1,1
1.0,heavy rains,Chandigarh,Punjab,IMD,44.0,3.0,1989.0,12.0,26.0,0,1989.0,12.0,26.0,4.0,-2.4492935982947064e-16,1.0,0,Heavy Rain,1,1,1
31.0,severe,"Adilabad, East Godavari, Khammam, Medak, Nizamabad,West Godavari",Andhra Pradesh,IMD,,28.0,1990.0,8.0,1.0,1,1990.0,8.0,1.0,3.0,-0.8660254037844385,-0.5000000000000004,1,Other,1,6,1
7.0,severe,Itanagar,Arunachal Pradesh,IMD,,12.0,1990.0,6.0,1.0,0,1990.0,6.0,1.0,2.0,1.2246467991473532e-16,-1.0,1,Other,1,1,1
1.0,heavy rains,"West Kameng, West Kameng",Arunachal Pradesh,IMD,,12.0,1990.0,7.0,10.0,0,1990.0,7.0,10.0,3.0,-0.4999999999999997,-0.8660254037844388,0,Heavy Rain,1,2,1
54.0,severe,"Barpeta, Cachar, Dhubri, Dibrugarh, Jorhat, Kamrup, Karimganj, Lakhimpur, Nalbari, Sivasagar,Sonitpur",Assam,IMD,,18.0,1990.0,6.0,8.0,1,1990.0,6.0,8.0,2.0,1.2246467991473532e-16,-1.0,1,Other,1,11,1
14.0,severe,"Barpeta, Cachar, Dhubri, Dibrugarh, Jorhat, Kamrup, Karimganj, Lakhimpur, Nalbari, Sivasagar,Sonitpur",Assam,IMD,,18.0,1990.0,8.0,8.0,0,1990.0,8.0,8.0,3.0,-0.8660254037844385,-0.5000000000000004,1,Other,1,11,1
19.0,severe,"Barpeta, Dibrugarh, Dhemaji, Dhubri, Goalpara, Jorhat, Lakhimpur, Nalbari,Sonitpur",Assam,IMD,,18.0,1990.0,10.0,1.0,1,1990.0,10.0,1.0,4.0,-0.8660254037844386,0.5000000000000001,1,Other,1,9,1
38.0,severe,"Begusarai, Bhagalpur, Darbhanga, Gopalganj, Katihar, Khagaria, Madhepura, Madhubani, Nalanda, Pashchim Champaran, Patna, Saharsa, Samastipur, Sitamarhi,Vaishali",Bihar,IMD,,10.0,1990.0,7.0,1.0,0,1990.0,7.0,1.0,3.0,-0.4999999999999997,-0.8660254037844388,1,Other,1,15,1
7.0,severe,"Valsad, Amreli, Dangs, Banas Kantha, Patan, Mahesana, Gandhinagar, Ahmedabad, Panch Mahals, Dahod, Vadodara, Bharuch, Porbandar, Narmada, Surat, Tapi, Arvalli, Botad, Chota Udaipur, Mahisagar, Gir Somnath, Sabar Kantha, Kachchh, Surendranagar, Rajkot, Kheda, Anand, Bhavnagar, Junagadh, Jamnagar, Devbhumi Dwarka Dwarka, Morbi, Navsari",Gujarat,IMD,,24.0,1990.0,7.0,1.0,1,1990.0,7.0,1.0,3.0,-0.4999999999999997,-0.8660254037844388,1,Other,1,33,1
1.0,heavy rains,Surat,Gujarat,IMD,459.0,24.0,1990.0,8.0,19.0,0,1990.0,8.0,19.0,3.0,-0.8660254037844385,-0.5000000000000004,0,Heavy Rain,1,1,1
6.0,severe,"Ahmedabad, Banas Kantha, Bharuch, Kachchh, Kheda, Panch Mahals, Surat,Vadodara",Gujarat,IMD,,24.0,1990.0,8.0,23.0,1,1990.0,8.0,23.0,3.0,-0.8660254037844385,-0.5000000000000004,0,Other,1,8,1
5.0,heavy rains,Sirsa,Haryana,IMD,74.0,6.0,1990.0,7.0,1.0,1,1990.0,7.0,1.0,3.0,-0.4999999999999997,-0.8660254037844388,0,Heavy Rain,1,1,1
5.0,heavy rains,Kangra,Himachal Pradesh,IMD,18.0,2.0,1990.0,7.0,1.0,0,1990.0,7.0,1.0,3.0,-0.4999999999999997,-0.8660254037844388,0,Heavy Rain,1,1,1
5.0,heavy rains,"Chamba, Hamirpur, Kangra, Mandi,Shimla",Himachal Pradesh,IMD,,2.0,1990.0,7.0,6.0,1,1990.0,7.0,6.0,3.0,-0.4999999999999997,-0.8660254037844388,0,Heavy Rain,1,5,1
1.0,heavy rains,Kangra,Himachal Pradesh,IMD,18.0,2.0,1990.0,7.0,19.0,0,1990.0,7.0,19.0,3.0,-0.4999999999999997,-0.8660254037844388,0,Heavy Rain,1,1,1
1.0,heavy rains,Chamba,Himachal Pradesh,IMD,16.0,2.0,1990.0,7.0,29.0,0,1990.0,7.0,29.0,3.0,-0.4999999999999997,-0.8660254037844388,0,Heavy Rain,1,1,1
3.0,heavy rains,"Lahul And Spiti, Chamba, Kangra, Kullu, Mandi, Kinnaur, Una, Shimla, Solan, Sirmaur, Hamirpur, Bilaspur",Himachal Pradesh,IMD,,2.0,1990.0,8.0,5.0,1,1990.0,8.0,5.0,3.0,-0.8660254037844385,-0.5000000000000004,0,Heavy Rain,1,12,1
4.0,heavy rains,"Hamirpur,Una",Himachal Pradesh,IMD,,2.0,1990.0,9.0,7.0,0,1990.0,9.0,7.0,3.0,-1.0,-1.8369701987210297e-16,0,Heavy Rain,1,2,1
1.0,heavy rains,Kashmir valley,Jammu and Kashmir,IMD,,,1990.0,3.0,18.0,0,1990.0,3.0,18.0,1.0,1.0,6.123233995736766e-17,0,Heavy Rain,1,1,1
1.0,heavy rains,"Kupwara, Bandipora, Baramulla, Ganderbal, Anantnag, Kishtwar, Srinagar, Budgam, Pulwama, Poonch, Shopian, Kulgam, Rajouri, Ramban, Reasi, Doda, Jammu, Kathua, Udhampur, Samba, Muzaffarabad, Mirpur",Jammu and Kashmir,IMD,,,1990.0,3.0,22.0,1,1990.0,3.0,22.0,1.0,1.0,6.123233995736766e-17,0,Heavy Rain,1,22,1
1.0,heavy rains,Jammu,Jammu and Kashmir,IMD,5.0,,1990.0,8.0,7.0,0,1990.0,8.0,7.0,3.0,-0.8660254037844385,-0.5000000000000004,0,Heavy Rain,1,1,1
3.0,heavy rains,"Jammu, Kathua",Jammu and Kashmir,IMD,,,1990.0,9.0,7.0,1,1990.0,9.0,7.0,3.0,-1.0,-1.8369701987210297e-16,0,Heavy Rain,1,2,1
1.0,heavy rains,Kolar,Karnataka,IMD,542.0,29.0,1990.0,5.0,19.0,0,1990.0,5.0,19.0,2.0,0.49999999999999994,-0.8660254037844387,0,Heavy Rain,1,1,1
1.0,heavy rains,"Belagavi, Beedar, Raichur,Uttar Kashia Kannada",Karnataka,IMD,,29.0,1990.0,8.0,17.0,1,1990.0,8.0,17.0,3.0,-0.8660254037844385,-0.5000000000000004,0,Heavy Rain,1,4,1
1.0,heavy rains,"Belagavi, Beedar,  Kalaburagi,Raichur",Karnataka,IMD,,29.0,1990.0,8.0,21.0,1,1990.0,8.0,21.0,3.0,-0.8660254037844385,-0.5000000000000004,0,Heavy Rain,1,4,1
3.0,heavy rains,"Durg, East Nimar, Indore,Rajnandgaon",Madhya Pradesh,IMD,,23.0,1990.0,8.0,21.0,0,1990.0,8.0,21.0,3.0,-0.8660254037844385,-0.5000000000000004,0,Heavy Rain,1,4,1
4.0,heavy rains,"Bhind, Datia, Gwalior,Morena",Madhya Pradesh,IMD,,23.0,1990.0,9.0,15.0,0,1990.0,9.0,15.0,3.0,-1.0,-1.8369701987210297e-16,0,Heavy Rain,1,4,1
2.0,heavy rains,"Mumbai,Thane",Maharashtra,IMD,,27.0,1990.0,6.0,15.0,1,1990.0,6.0,15.0,2.0,1.2246467991473532e-16,-1.0,0,Heavy Rain,1,2,1
2.0,heavy rains,"Mumbai,Nanded",Maharashtra,IMD,,27.0,1990.0,6.0,16.0,0,1990.0,6.0,16.0,2.0,1.2246467991473532e-16,-1.0,0,Heavy Rain,1,2,1
1.0,heavy rains,"Mumbai,Thane",Maharashtra,IMD,,27.0,1990.0,6.0,17.0,1,1990.0,6.0,17.0,2.0,1.2246467991473532e-16,-1.0,0,Heavy Rain,1,2,1
2.0,heavy rains,Mumbai,Maharashtra,IMD,482.0,27.0,1990.0,6.0,26.0,1,1990.0,6.0,26.0,2.0,1.2246467991473532e-16,-1.0,0,Heavy Rain,1,1,1
1.0,heavy rains,Amravati,Maharashtra,IMD,468.0,27.0,1990.0,7.0,24.0,0,1990.0,7.0,24.0,3.0,-0.4999999999999997,-0.8660254037844388,0,Heavy Rain,1,1,1
1.0,heavy rains,Mumbai,Maharashtra,IMD,482.0,27.0,1990.0,8.0,15.0,0,1990.0,8.0,15.0,3.0,-0.8660254037844385,-0.5000000000000004,0,Heavy Rain,1,1,1
3.0,heavy rains,"Latur, Nanded,Pune",Maharashtra,IMD,,27.0,1990.0,8.0,15.0,1,1990.0,8.0,15.0,3.0,-0.8660254037844385,-0.5000000000000004,0,Heavy Rain,1,3,1
1.0,heavy rains,"Mumbai, Wardha",Maharashtra,IMD,,27.0,1990.0,8.0,17.0,0,1990.0,8.0,17.0,3.0,-0.8660254037844385,-0.5000000000000004,0,Heavy Rain,1,2,1
4.0,heavy rains,Buldhana,Maharashtra,IMD,472.0,27.0,1990.0,8.0,17.0,0,1990.0,8.0,17.0,3.0,-0.8660254037844385,-0.5000000000000004,0,Heavy Rain,1,1,1
1.0,heavy rains,"Wardha,Yavatmal",Maharashtra,IMD,,27.0,1990.0,8.0,18.0,0,1990.0,8.0,18.0,3.0,-0.8660254037844385,-0.5000000000000004,0,Heavy Rain,1,2,1
1.0,heavy rains,Amravati,Maharashtra,IMD,468.0,27.0,1990.0,8.0,19.0,0,1990.0,8.0,19.0,3.0,-0.8660254037844385,-0.5000000000000004,0,Heavy Rain,1,1,1
1.0,heavy rains,"Dhule,Jalgaon",Maharashtra,IMD,,27.0,1990.0,8.0,20.0,1,1990.0,8.0,20.0,3.0,-0.8660254037844385,-0.5000000000000004,0,Heavy Rain,1,2,1
1.0,heavy rains,Mumbai,Maharashtra,IMD,482.0,27.0,1990.0,8.0,21.0,1,1990.0,8.0,21.0,3.0,-0.8660254037844385,-0.5000000000000004,0,Heavy Rain,1,1,1
3.0,severe,"Akola, Amravati, Bhandara, Buldhana, Chandrapur, Gadchiroli, Nagpur, Wardha,Yavatmal",Maharashtra,IMD,,27.0,1990.0,8.0,22.0,1,1990.0,8.0,22.0,3.0,-0.8660254037844385,-0.5000000000000004,0,Other,1,9,1
1.0,heavy rains,Wardha,Maharashtra,IMD,498.0,27.0,1990.0,8.0,30.0,0,1990.0,8.0,30.0,3.0,-0.8660254037844385,-0.5000000000000004,0,Heavy Rain,1,1,1
3.0,severe,"Ahmednagar, Aurangabad, Jalna, Latur,Nanded",Maharashtra,IMD,,27.0,1990.0,10.0,10.0,0,1990.0,10.0,10.0,4.0,-0.8660254037844386,0.5000000000000001,0,Other,1,5,1
9.0,severe,"East Garo Hills,West Garo Hills",Meghalaya,IMD,,17.0,1990.0,10.0,11.0,0,1990.0,10.0,11.0,4.0,-0.8660254037844386,0.5000000000000001,1,Other,1,2,1
1.0,heavy rains,Dhenkanal,Odisha,IMD,352.0,21.0,1990.0,6.0,2.0,0,1990.0,6.0,2.0,2.0,1.2246467991473532e-16,-1.0,0,Heavy Rain,1,1,1
2.0,heavy rains,Baleshwar,Odisha,IMD,346.0,21.0,1990.0,6.0,13.0,0,1990.0,6.0,13.0,2.0,1.2246467991473532e-16,-1.0,0,Heavy Rain,1,1,1
7.0,severe,"Cuttack,Puri",Odisha,IMD,,21.0,1990.0,8.0,19.0,0,1990.0,8.0,19.0,3.0,-0.8660254037844385,-0.5000000000000004,1,Other,1,2,1
1.0,heavy rains,Baleshwar,Odisha,IMD,346.0,21.0,1990.0,9.0,5.0,0,1990.0,9.0,5.0,3.0,-1.0,-1.8369701987210297e-16,0,Heavy Rain,1,1,1
2.0,severe,"Bargarh, Baleshwar, Kalahandi, Koraput,Mayurbhanj",Odisha,IMD,,21.0,1990.0,10.0,8.0,0,1990.0,10.0,8.0,4.0,-0.8660254037844386,0.5000000000000001,0,Other,1,5,1
4.0,"heavy rains, flash flood","Cuttack, Ganjam,Puri",Odisha,IMD,,21.0,1990.0,11.0,3.0,1,1990.0,11.0,3.0,4.0,-0.5000000000000004,0.8660254037844384,0,Flash Flood,1,3,1
2.0,flash flood,Ganjam,Odisha,IMD,354.0,21.0,1990.0,11.0,12.0,1,1990.0,11.0,12.0,4.0,-0.5000000000000004,0.8660254037844384,0,Flash Flood,1,1,1
5.0,heavy rains,Bathinda,Punjab,IMD,28.0,3.0,1990.0,7.0,1.0,0,1990.0,7.0,1.0,3.0,-0.4999999999999997,-0.8660254037844388,0,Heavy Rain,1,1,1
4.0,heavy rains,"Amritsar, Bathinda, Ferozepur, Ludhiana,Patiala",Punjab,IMD,,3.0,1990.0,9.0,7.0,0,1990.0,9.0,7.0,3.0,-1.0,-1.8369701987210297e-16,0,Heavy Rain,1,5,1
6.0,severe,"Churu, Jhunjhunu, Jaisalmer, Sikar, Alwar, Jaipur, Jodhpur, Bharatpur, Nagaur, Dausa, Karauli, Dholpur, Barmer, Sawai Madhopur, Tonk, Pali, Bhilwara, Jalore, Bundi, Kota, Sirohi, Baran, Udaipur, Jhalawar, Dungarpur, Banswara, Ajmer, Rajsamand, Chittorgarh, Ganganagar, Hanumangarh, Bikaner, Pratapgarh",Rajasthan,IMD,,8.0,1990.0,7.0,2.0,1,1990.0,7.0,2.0,3.0,-0.4999999999999997,-0.8660254037844388,0,Other,1,33,1
4.0,heavy rains,"Ajmer, Barmer, Bhilwara, Jodhpur, Pali,Sirohi",Rajasthan,IMD,,8.0,1990.0,8.0,4.0,1,1990.0,8.0,4.0,3.0,-0.8660254037844385,-0.5000000000000004,0,Heavy Rain,1,6,1
1.0,heavy rains,Gangtok,Sikkim,IMD,225.0,11.0,1990.0,9.0,17.0,1,1990.0,9.0,17.0,3.0,-1.0,-1.8369701987210297e-16,0,Heavy Rain,1,1,1
1.0,heavy rains,Garhwal,Uttarakhand,IMD,52.0,5.0,1990.0,7.0,9.0,1,1990.0,7.0,9.0,3.0,-0.4999999999999997,-0.8660254037844388,0,Heavy Rain,1,1,1
14.0,severe,"Amroha, Hapur, Bareilly, Pilibhit, Bulandshahr, Gautam Buddha Nagar, Kheri, Budaun, Bahraich, Shahjahanpur, Aligarh, Kasganj, Mathura, SShrawasti, Sitapur, Hathras, Etah, Hardoi, Farrukhabad, Firozabad, Siddharthnagar, Mainpuri, Mahrajganj, Agra, Gonda, Bara Banki, Kushinagar, Kannauj, Lucknow, Basti, Gorakhpur, Sant Kabir Nagar, Unnao, Etawah, Kanpur nagar Nagar, Auraiya, Ayodhya, Kanpur nagar Dehat, Deoria, Sultanpur, Ambedkar Nagar, Rae Bareli, Jalaun, Azamgarh, Mau, Fatehpur, Ballia, Jaunpur, Jhansi, Banda, Ghazipurr, Kaushambi, Prayagraj, Varanasi, Chitrakoot, Chandauli, Bhadohi, Mirzapur, Lalitpur, Sonbhadra, Amethi, Ghaziabad, Sambhal, Mahoba, Saharanpur, Bijnor, Muzaffarnagar, Baghpat, Meerut, Moradabad, Rampur, Shamli, Balrampur, Hamirpur, Pratapgarh",Uttar Pradesh,IMD,,9.0,1990.0,7.0,15.0,1,1990.0,7.0,15.0,3.0,-0.4999999999999997,-0.8660254037844388,1,Other,1,75,1
14.0,heavy rains,"Chennai,The Nilgiris",Tamil Nadu,IMD,,33.0,1990.0,10.0,18.0,1,1990.0,10.0,18.0,4.0,-0.8660254037844386,0.5000000000000001,1,Heavy Rain,1,2,1
2.0,heavy rains,"Kolkata, Howrah, North 24 Parganas",West Bengal,IMD,,19.0,1990.0,5.0,13.0,0,1990.0,5.0,13.0,2.0,0.49999999999999994,-0.8660254037844387,0,Heavy Rain,1,3,1
2.0,heavy rains,Kolkata,West Bengal,IMD,315.0,19.0,1990.0,7.0,1.0,0,1990.0,7.0,1.0,3.0,-0.4999999999999997,-0.8660254037844388,0,Heavy Rain,1,1,1
1.0,heavy rains,Howrah,West Bengal,IMD,313.0,19.0,1990.0,7.0,4.0,0,1990.0,7.0,4.0,3.0,-0.4999999999999997,-0.8660254037844388,0,Heavy Rain,1,1,1
1.0,heavy rains,"Kolkata, Purba Medinipur",West Bengal,IMD,,19.0,1990.0,7.0,5.0,0,1990.0,7.0,5.0,3.0,-0.4999999999999997,-0.8660254037844388,0,Heavy Rain,1,2,1
7.0,heavy rains,Hooghly,West Bengal,IMD,312.0,19.0,1990.0,7.0,8.0,0,1990.0,7.0,8.0,3.0,-0.4999999999999997,-0.8660254037844388,1,Heavy Rain,1,1,1
1.0,heavy rains,Darjeeling,West Bengal,IMD,309.0,19.0,1990.0,7.0,10.0,0,1990.0,7.0,10.0,3.0,-0.4999999999999997,-0.8660254037844388,0,Heavy Rain,1,1,1
1.0,heavy rains,"Purba Medinipur, South 24 Parganas",West Bengal,IMD,,19.0,1990.0,7.0,11.0,1,1990.0,7.0,11.0,3.0,-0.4999999999999997,-0.8660254037844388,0,Heavy Rain,1,2,1
3.0,severe,"Bankura, Birbhum, Purba Medinipur,Murshidabad",West Bengal,IMD,,19.0,1990.0,7.0,13.0,0,1990.0,7.0,13.0,3.0,-0.4999999999999997,-0.8660254037844388,0,Other,1,4,1
2.0,heavy rains,South 24 Parganas,West Bengal,IMD,304.0,19.0,1990.0,7.0,19.0,0,1990.0,7.0,19.0,3.0,-0.4999999999999997,-0.8660254037844388,0,Heavy Rain,1,1,1
1.0,heavy rains,Darjeeling,West Bengal,IMD,309.0,19.0,1990.0,7.0,29.0,0,1990.0,7.0,29.0,3.0,-0.4999999999999997,-0.8660254037844388,0,Heavy Rain,1,1,1
1.0,heavy rains,Kolkata,West Bengal,IMD,315.0,19.0,1990.0,9.0,2.0,1,1990.0,9.0,2.0,3.0,-1.0,-1.8369701987210297e-16,0,Heavy Rain,1,1,1
1.0,heavy rains,"Kolkata, Howrah",West Bengal,IMD,,19.0,1990.0,9.0,10.0,1,1990.0,9.0,10.0,3.0,-1.0,-1.8369701987210297e-16,0,Heavy Rain,1,2,1
1.0,heavy rains,Purba Medinipur,West Bengal,IMD,317.0,19.0,1990.0,10.0,4.0,0,1990.0,10.0,4.0,4.0,-0.8660254037844386,0.5000000000000001,0,Heavy Rain,1,1,1
5.0,severe,"Birbhum, Purba bardhaman, Hooghly, howrah, Malda, Paschim Purba Medinipur,Purba Purba Medinipur, Murshidabad, Murshidabad, Nadia,South 24 Parganas",West Bengal,IMD,,19.0,1990.0,10.0,6.0,0,1990.0,10.0,6.0,4.0,-0.8660254037844386,0.5000000000000001,0,Other,1,11,1
1.0,heavy rains,New New Delhi,Delhi,IMD,,7.0,1990.0,8.0,22.0,0,1990.0,8.0,22.0,3.0,-0.8660254037844385,-0.5000000000000004,0,Heavy Rain,1,1,1
1.0,heavy rains,Hyderabad,Andhra Pradesh,IMD,507.0,28.0,1991.0,6.0,18.0,0,1991.0,6.0,18.0,2.0,1.2246467991473532e-16,-1.0,0,Heavy Rain,1,1,1
2.0,severe flood,Srikakulam,Andhra Pradesh,IMD,519.0,28.0,1991.0,7.0,28.0,1,1991.0,7.0,28.0,3.0,-0.4999999999999997,-0.8660254037844388,0,Other,1,1,1
2.0,heavy rains,"Guntur, Krishna, Kurnool, Nalgonda,West Godavari",Andhra Pradesh,IMD,,28.0,1991.0,9.0,22.0,1,1991.0,9.0,22.0,3.0,-1.0,-1.8369701987210297e-16,0,Heavy Rain,1,5,1
3.0,heavy rains,"Ananthapuramuamu, Chittoor, Y.S.R.,  Sri Potti Sriramulu Nellore,Prakasam",Andhra Pradesh,IMD,,28.0,1991.0,10.0,28.0,1,1991.0,10.0,28.0,4.0,-0.8660254037844386,0.5000000000000001,0,Heavy Rain,1,5,1
1.0,heavy rains,"Upper Lower Subansiri, Anjaw, Changlang, Tawang, Papum Pare, Tirap, East Siang, Lohit, Kurung Kumey, Lower Lower Subansiri, East Kameng, West Kameng, West Kameng, West Kameng, Kra Daadi, Namsai, Longding, Upper Siang, Lower Siang, Dibang Valley, Lower Dibang Valley, Siang, Shi Yomi, Pakke Kessang, West Siang, Leparada, Kamle",Arunachal Pradesh,IMD,,12.0,1991.0,5.0,5.0,1,1991.0,5.0,5.0,2.0,0.49999999999999994,-0.8660254037844387,0,Heavy Rain,1,27,1
1.0,heavy rains,Tawang,Arunachal Pradesh,IMD,238.0,12.0,1991.0,5.0,7.0,1,1991.0,5.0,7.0,2.0,0.49999999999999994,-0.8660254037844387,0,Heavy Rain,1,1,1
1.0,flash flood,West Siang,Arunachal Pradesh,IMD,243.0,12.0,1991.0,7.0,11.0,1,1991.0,7.0,11.0,3.0,-0.4999999999999997,-0.8660254037844388,0,Flash Flood,1,1,1
15.0,severe floods,"Barpeta, Cachar, Darrang, Dhubri, Dibrugarh, Goalpara, Golaghat, Hailakandi, Jorhat, Kamrup, Karimganj, Lakhimpur, Nagaon, Nalbari, Sivasagar,Tinsukia",Assam,IMD,,18.0,1991.0,5.0,8.0,1,1991.0,5.0,8.0,2.0,0.49999999999999994,-0.8660254037844387,1,Other,1,16,1
19.0,severe floods,"Barpeta, Bongaigaon, Cachar, Darrang, Dhemaji, Dhubri, Dibrugarh, Goalpara, Golaghat, Hailakandi, Jorhat, Kamrup, Karimganj, Kokrajhar, Lakhimpur, Mancachar, Nagaon, Nalbari, Sivasagar, Sonitpur,Tinsukia",Assam,IMD,,18.0,1991.0,6.0,12.0,1,1991.0,6.0,12.0,2.0,1.2246467991473532e-16,-1.0,1,Other,1,21,1
1.0,severe flood,"Dhemaji, Mancachar,Sivasagar",Assam,IMD,,18.0,1991.0,8.0,18.0,0,1991.0,8.0,18.0,3.0,-0.8660254037844385,-0.5000000000000004,0,Other,1,3,1
2.0,heavy rains,Dakshina Kannada,Assam,IMD,534.0,18.0,1991.0,10.0,14.0,1,1991.0,10.0,14.0,4.0,-0.8660254037844386,0.5000000000000001,0,Heavy Rain,1,1,1
6.0,severe flood,"Goalpara,Kamrup, Karbi Anglong, Mancachar,Nagaon",Assam,IMD,,18.0,1991.0,10.0,16.0,1,1991.0,10.0,16.0,4.0,-0.8660254037844386,0.5000000000000001,0,Other,1,5,1
32.0,severe flood,"Mahesana, Panch Mahals, Sabar Kantha, Vadodara",Gujarat,IMD,,24.0,1991.0,8.0,1.0,1,1991.0,8.0,1.0,3.0,-0.8660254037844385,-0.5000000000000004,1,Other,1,4,1
1.0,heavy rains,Hamirpur,Himachal Pradesh,IMD,17.0,2.0,1991.0,8.0,4.0,0,1991.0,8.0,4.0,3.0,-0.8660254037844385,-0.5000000000000004,0,Heavy Rain,1,1,1
1.0,heavy rains,Hamirpur,Himachal Pradesh,IMD,17.0,2.0,1991.0,8.0,29.0,0,1991.0,8.0,29.0,3.0,-0.8660254037844385,-0.5000000000000004,0,Heavy Rain,1,1,1
11.0,heavy rains,"Doda,Udhampur",Jammu and Kashmir,IMD,,,1991.0,4.0,11.0,1,1991.0,4.0,11.0,2.0,0.8660254037844387,-0.4999999999999998,1,Heavy Rain,1,2,1
1.0,heavy rains,Mysuru,Karnataka,IMD,545.0,29.0,1991.0,4.0,28.0,0,1991.0,4.0,28.0,2.0,0.8660254037844387,-0.4999999999999998,0,Heavy Rain,1,1,1
1.0,heavy rains,Mysuru,Karnataka,IMD,545.0,29.0,1991.0,5.0,4.0,0,1991.0,5.0,4.0,2.0,0.49999999999999994,-0.8660254037844387,0,Heavy Rain,1,1,1
1.0,heavy rains,"Bengaluru Rural, Ballari,Tumakuru",Karnataka,IMD,,29.0,1991.0,5.0,9.0,0,1991.0,5.0,9.0,2.0,0.49999999999999994,-0.8660254037844387,0,Heavy Rain,1,3,1
1.0,heavy rains,Ballari,Karnataka,IMD,528.0,29.0,1991.0,5.0,25.0,0,1991.0,5.0,25.0,2.0,0.49999999999999994,-0.8660254037844387,0,Heavy Rain,1,1,1
1.0,heavy rains,Chikkamagaluru,Karnataka,IMD,532.0,29.0,1991.0,6.0,5.0,0,1991.0,6.0,5.0,2.0,1.2246467991473532e-16,-1.0,0,Heavy Rain,1,1,1
2.0,heavy rains,Uttar Kashia Kannada,Karnataka,IMD,,29.0,1991.0,7.0,8.0,0,1991.0,7.0,8.0,3.0,-0.4999999999999997,-0.8660254037844388,0,Heavy Rain,1,1,1
1.0,heavy rains,Surendranagar,Karnataka,IMD,460.0,29.0,1991.0,7.0,17.0,0,1991.0,7.0,17.0,3.0,-0.4999999999999997,-0.8660254037844388,0,Heavy Rain,1,1,1
1.0,heavy rains,Dharwad,Karnataka,IMD,536.0,29.0,1991.0,7.0,18.0,0,1991.0,7.0,18.0,3.0,-0.4999999999999997,-0.8660254037844388,0,Heavy Rain,1,1,1
3.0,severe flood,"Chikkamagaluru, Mandya,Mysuru",Karnataka,IMD,,29.0,1991.0,7.0,26.0,0,1991.0,7.0,26.0,3.0,-0.4999999999999997,-0.8660254037844388,0,Other,1,3,1
3.0,heavy rains,"Bengaluru Rural,Kolar",Karnataka,IMD,,29.0,1991.0,10.0,28.0,1,1991.0,10.0,28.0,4.0,-0.8660254037844386,0.5000000000000001,0,Heavy Rain,1,2,1
8.0,severe flood,"Bengaluru Rural,Surendranagar",Karnataka,IMD,,29.0,1991.0,11.0,9.0,1,1991.0,11.0,9.0,4.0,-0.5000000000000004,0.8660254037844384,1,Other,1,2,1
1.0,heavy rains,"Alappuzha, Idukki, Kasaragod, Kollam, Kottayam, Kozhikode, Palakkad, Pathanamthitta, Thiruvananthapuram,Wayanad",Kerala,IMD,,32.0,1991.0,6.0,6.0,1,1991.0,6.0,6.0,2.0,1.2246467991473532e-16,-1.0,0,Heavy Rain,1,10,1
1.0,heavy rains,"Alappuzha,Kozhikode",Kerala,IMD,,32.0,1991.0,6.0,9.0,0,1991.0,6.0,9.0,2.0,1.2246467991473532e-16,-1.0,0,Heavy Rain,1,2,1
2.0,heavy rains,"Betul, Dewas, Indore,Ujjain",Madhya Pradesh,IMD,,23.0,1991.0,7.0,30.0,1,1991.0,7.0,30.0,3.0,-0.4999999999999997,-0.8660254037844388,0,Heavy Rain,1,4,1
1.0,heavy rains,"Dewas, Dhar, Indore,Ujjain",Madhya Pradesh,IMD,,23.0,1991.0,8.0,3.0,0,1991.0,8.0,3.0,3.0,-0.8660254037844385,-0.5000000000000004,0,Heavy Rain,1,4,1
1.0,heavy rains,Gwalior,Madhya Pradesh,IMD,407.0,23.0,1991.0,8.0,19.0,0,1991.0,8.0,19.0,3.0,-0.8660254037844385,-0.5000000000000004,0,Heavy Rain,1,1,1
4.0,heavy rains,"Bilaspur, Damoh, Gwalior,,Mandla",Madhya Pradesh,IMD,,23.0,1991.0,8.0,23.0,0,1991.0,8.0,23.0,3.0,-0.8660254037844385,-0.5000000000000004,0,Heavy Rain,1,4,1
1.0,heavy rains,Parbhani,Maharashtra,IMD,489.0,27.0,1991.0,5.0,27.0,0,1991.0,5.0,27.0,2.0,0.49999999999999994,-0.8660254037844387,0,Heavy Rain,1,1,1
1.0,heavy rains,Pune,Maharashtra,IMD,490.0,27.0,1991.0,6.0,2.0,0,1991.0,6.0,2.0,2.0,1.2246467991473532e-16,-1.0,0,Heavy Rain,1,1,1
1.0,heavy rains,Nagpur,Maharashtra,IMD,484.0,27.0,1991.0,6.0,4.0,1,1991.0,6.0,4.0,2.0,1.2246467991473532e-16,-1.0,0,Heavy Rain,1,1,1
4.0,heavy rains,"Mumbai,Thane",Maharashtra,IMD,,27.0,1991.0,6.0,7.0,1,1991.0,6.0,7.0,2.0,1.2246467991473532e-16,-1.0,0,Heavy Rain,1,2,1
1.0,heavy rains,Rajgarh,Maharashtra,IMD,422.0,27.0,1991.0,6.0,14.0,0,1991.0,6.0,14.0,2.0,1.2246467991473532e-16,-1.0,0,Heavy Rain,1,1,1
2.0,heavy rains,Nanded,Maharashtra,IMD,485.0,27.0,1991.0,6.0,30.0,0,1991.0,6.0,30.0,2.0,1.2246467991473532e-16,-1.0,0,Heavy Rain,1,1,1
1.0,heavy rains,"Mumbai, Buldhana, Nagpur",Maharashtra,IMD,,27.0,1991.0,7.0,13.0,0,1991.0,7.0,13.0,3.0,-0.4999999999999997,-0.8660254037844388,0,Heavy Rain,1,3,1
13.0,flash flood,"Amravati,Nagpur",Maharashtra,IMD,,27.0,1991.0,7.0,18.0,1,1991.0,7.0,18.0,3.0,-0.4999999999999997,-0.8660254037844388,1,Flash Flood,1,2,1
1.0,heavy rains,Mumbai,Maharashtra,IMD,482.0,27.0,1991.0,7.0,27.0,0,1991.0,7.0,27.0,3.0,-0.4999999999999997,-0.8660254037844388,0,Heavy Rain,1,1,1
2.0,heavy rains,Bhandara,Maharashtra,IMD,471.0,27.0,1991.0,7.0,29.0,0,1991.0,7.0,29.0,3.0,-0.4999999999999997,-0.8660254037844388,0,Heavy Rain,1,1,1
1.0,heavy rains,Nagpur,Maharashtra,IMD,484.0,27.0,1991.0,8.0,17.0,0,1991.0,8.0,17.0,3.0,-0.8660254037844385,-0.5000000000000004,0,Heavy Rain,1,1,1
1.0,severe flood,West Garo Hills,Meghalaya,IMD,278.0,17.0,1991.0,7.0,19.0,0,1991.0,7.0,19.0,3.0,-0.4999999999999997,-0.8660254037844388,0,Other,1,1,1
2.0,heavy rains,"Kolasib, Aizawl, Mamit, Champhai, Serchhip, Lunglei, Siaha, Lawngtlai",Mizoram,IMD,,15.0,1991.0,4.0,30.0,0,1991.0,4.0,30.0,2.0,0.8660254037844387,-0.4999999999999998,0,Heavy Rain,1,8,1
1.0,severe flood,"Kolasib, Aizawl, Mamit, Champhai, Serchhip, Lunglei, Siaha, Lawngtlai",Mizoram,IMD,,15.0,1991.0,5.0,8.0,0,1991.0,5.0,8.0,2.0,0.49999999999999994,-0.8660254037844387,0,Other,1,8,1
1.0,"severe, heavy rains","Baleshwar, Cuttack",Odisha,IMD,,21.0,1991.0,7.0,29.0,0,1991.0,7.0,29.0,3.0,-0.4999999999999997,-0.8660254037844388,0,Heavy Rain,1,2,1
2.0,severe floods,"Baleshwar, Cuttack, Ganjam, Kalahandi, Koraput,Sambalpur",Odisha,IMD,,21.0,1991.0,7.0,30.0,1,1991.0,7.0,30.0,3.0,-0.4999999999999997,-0.8660254037844388,0,Other,1,6,1
1.0,severe flood,"Ganjam, Kendujhar",Odisha,IMD,,21.0,1991.0,8.0,13.0,0,1991.0,8.0,13.0,3.0,-0.8660254037844385,-0.5000000000000004,0,Other,1,2,1
1.0,severe flood,"Cuttack, Puri",Odisha,IMD,,21.0,1991.0,8.0,16.0,1,1991.0,8.0,16.0,3.0,-0.8660254037844385,-0.5000000000000004,0,Other,1,2,1
1.0,severe flood,Baleshwar,Odisha,IMD,346.0,21.0,1991.0,8.0,17.0,1,1991.0,8.0,17.0,3.0,-0.8660254037844385,-0.5000000000000004,0,Other,1,1,1
1.0,severe floods,Kandhamal,Odisha,IMD,359.0,21.0,1991.0,8.0,27.0,0,1991.0,8.0,27.0,3.0,-0.8660254037844385,-0.5000000000000004,0,Other,1,1,1
1.0,heavy rains,Patiala,Punjab,IMD,41.0,3.0,1991.0,8.0,4.0,0,1991.0,8.0,4.0,3.0,-0.8660254037844385,-0.5000000000000004,0,Heavy Rain,1,1,1
3.0,heavy rains,"Kota,Udaipur",Rajasthan,IMD,,8.0,1991.0,7.0,26.0,0,1991.0,7.0,26.0,3.0,-0.4999999999999997,-0.8660254037844388,0,Heavy Rain,1,2,1
1.0,heavy rains,Banswara,Rajasthan,IMD,88.0,8.0,1991.0,7.0,31.0,0,1991.0,7.0,31.0,3.0,-0.4999999999999997,-0.8660254037844388,0,Heavy Rain,1,1,1
1.0,heavy rains,Alwar,Rajasthan,IMD,87.0,8.0,1991.0,9.0,1.0,1,1991.0,9.0,1.0,3.0,-1.0,-1.8369701987210297e-16,0,Heavy Rain,1,1,1
11.0,heavy rains,"Thiruvallur, Chennai, Krishnagiri, Tiruvannamalai, Dharmapuri, Salem, Erode, The Nilgiris, Namakkal, Perambalur, Coimbatore, Tiruchirappalli, Ariyalur, Tiruppur, Thanjavur, Karur, Thiruvarur, Dindigul, Madurai, Theni, Virudhunagar, Thoothukkudi, Kanniyakumariumari, Viluppuram, Cuddalore, Pudukkottai, Sivaganga, Ramanathapuram, Nagapattinam, Kallakurichi, Tenkasi, Tirunelveli, Vellore, Ranipet, Tirupathur, Kancheepuram, Chengalpattu",Tamil Nadu,IMD,,33.0,1991.0,10.0,20.0,1,1991.0,10.0,20.0,4.0,-0.8660254037844386,0.5000000000000001,1,Heavy Rain,1,37,1
2.0,heavy rains,"North Tripura, Dhalai, Sepahijala, Gomati, Khowai, West Tripura, South Tripura, Unakoti",Tripura,IMD,,16.0,1991.0,4.0,29.0,0,1991.0,4.0,29.0,2.0,0.8660254037844387,-0.4999999999999998,0,Heavy Rain,1,8,1
2.0,heavy rains,"North Tripura, Dhalai, Sepahijala, Gomati, Khowai, West Tripura, South Tripura, Unakoti",Tripura,IMD,,16.0,1991.0,5.0,8.0,0,1991.0,5.0,8.0,2.0,0.49999999999999994,-0.8660254037844387,0,Heavy Rain,1,8,1
1.0,severe flood,Ayodhya,Uttar Pradesh,IMD,140.0,9.0,1991.0,8.0,7.0,0,1991.0,8.0,7.0,3.0,-0.8660254037844385,-0.5000000000000004,0,Other,1,1,1
1.0,severe flood,Gonda,Uttar Pradesh,IMD,514.0,9.0,1991.0,8.0,8.0,0,1991.0,8.0,8.0,3.0,-0.8660254037844385,-0.5000000000000004,0,Other,1,1,1
1.0,severe flood,Sitapur,Uttar Pradesh,IMD,183.0,9.0,1991.0,8.0,13.0,0,1991.0,8.0,13.0,3.0,-0.8660254037844385,-0.5000000000000004,0,Other,1,1,1
1.0,severe flood,Azamgarh,Uttar Pradesh,IMD,123.0,9.0,1991.0,8.0,14.0,1,1991.0,8.0,14.0,3.0,-0.8660254037844385,-0.5000000000000004,0,Other,1,1,1
2.0,heavy rains,Chamoli,Uttarakhand,IMD,47.0,5.0,1991.0,8.0,15.0,1,1991.0,8.0,15.0,3.0,-0.8660254037844385,-0.5000000000000004,0,Heavy Rain,1,1,1
2.0,heavy rains,Almora,Uttarakhand,IMD,45.0,5.0,1991.0,8.0,16.0,0,1991.0,8.0,16.0,3.0,-0.8660254037844385,-0.5000000000000004,0,Heavy Rain,1,1,1
1.0,severe flood,"Bahraich, Varanasi",Uttar Pradesh,IMD,,9.0,1991.0,8.0,20.0,0,1991.0,8.0,20.0,3.0,-0.8660254037844385,-0.5000000000000004,0,Other,1,2,1
7.0,heavy rains,Meerut,Uttar Pradesh,IMD,169.0,9.0,1991.0,8.0,25.0,0,1991.0,8.0,25.0,3.0,-0.8660254037844385,-0.5000000000000004,1,Heavy Rain,1,1,1
1.0,heavy rains,"Aligarh, Bulandshahr",Uttar Pradesh,IMD,,9.0,1991.0,8.0,26.0,1,1991.0,8.0,26.0,3.0,-0.8660254037844385,-0.5000000000000004,0,Heavy Rain,1,2,1
1.0,"severe flood, heavy rains","Etawah, Ghaziabad",Uttar Pradesh,IMD,,9.0,1991.0,8.0,28.0,1,1991.0,8.0,28.0,3.0,-0.8660254037844385,-0.5000000000000004,0,Heavy Rain,1,2,1
1.0,severe flood,"Meerut, Mirzapur",Uttar Pradesh,IMD,,9.0,1991.0,8.0,29.0,0,1991.0,8.0,29.0,3.0,-0.8660254037844385,-0.5000000000000004,0,Other,1,2,1
1.0,"heavy rains, severe flood","Bijnor, Ghazipurr",Uttar Pradesh,IMD,,9.0,1991.0,8.0,30.0,0,1991.0,8.0,30.0,3.0,-0.8660254037844385,-0.5000000000000004,0,Heavy Rain,1,2,1
1.0,severe flood,Ballia,Uttar Pradesh,IMD,126.0,9.0,1991.0,8.0,31.0,0,1991.0,8.0,31.0,3.0,-0.8660254037844385,-0.5000000000000004,0,Other,1,1,1
1.0,severe flood,Banda,Uttar Pradesh,IMD,456.0,9.0,1991.0,9.0,2.0,0,1991.0,9.0,2.0,3.0,-1.0,-1.8369701987210297e-16,0,Other,1,1,1
1.0,severe flood,Kheri,Uttar Pradesh,IMD,159.0,9.0,1991.0,9.0,4.0,0,1991.0,9.0,4.0,3.0,-1.0,-1.8369701987210297e-16,0,Other,1,1,1
1.0,"severe flood, heavy rains","Deoria, Mathura",Uttar Pradesh,IMD,,9.0,1991.0,9.0,5.0,0,1991.0,9.0,5.0,3.0,-1.0,-1.8369701987210297e-16,0,Heavy Rain,1,2,1
1.0,heavy rains,Jaunpur,Uttar Pradesh,IMD,152.0,9.0,1991.0,9.0,7.0,1,1991.0,9.0,7.0,3.0,-1.0,-1.8369701987210297e-16,0,Heavy Rain,1,1,1
1.0,severe flood,Bara Banki,Uttar Pradesh,IMD,129.0,9.0,1991.0,9.0,11.0,0,1991.0,9.0,11.0,3.0,-1.0,-1.8369701987210297e-16,0,Other,1,1,1
1.0,heavy rains,Darjeeling,West Bengal,IMD,309.0,19.0,1991.0,6.0,5.0,0,1991.0,6.0,5.0,2.0,1.2246467991473532e-16,-1.0,0,Heavy Rain,1,1,1
1.0,heavy rains,Purba Medinipur,West Bengal,IMD,317.0,19.0,1991.0,6.0,7.0,0,1991.0,6.0,7.0,2.0,1.2246467991473532e-16,-1.0,0,Heavy Rain,1,1,1
9.0,severe flood,"Cooch Behar, Darjeeling, Hooghly, Jalpaiguri, Maldah, Murshidabad, Nadia,Dakshin Dinajpur",West Bengal,IMD,,19.0,1991.0,9.0,6.0,1,1991.0,9.0,6.0,3.0,-1.0,-1.8369701987210297e-16,1,Other,1,8,1
2.0,heavy rains,New Delhi,Delhi,IMD,79.0,7.0,1991.0,8.0,25.0,0,1991.0,8.0,25.0,3.0,-0.8660254037844385,-0.5000000000000004,0,Heavy Rain,1,1,1
6.0,severe,"East Godavari,Khammam",Andhra Pradesh,IMD,,28.0,1992.0,8.0,15.0,0,1992.0,8.0,15.0,3.0,-0.8660254037844385,-0.5000000000000004,0,Other,1,2,1
4.0,heavy rains,"East Godavari, Guntur, Krishna, Kurnool, Mahabubnagar,  Sri Potti Sriramulu Nellore, Prakasam, Srikakulam, Visakhapatnam, Vizianagaram,West Godavari",Andhra Pradesh,IMD,,28.0,1992.0,11.0,16.0,1,1992.0,11.0,16.0,4.0,-0.5000000000000004,0.8660254037844384,0,Heavy Rain,1,11,1
2.0,severe,Tinsukia,Assam,IMD,302.0,18.0,1992.0,4.0,4.0,1,1992.0,4.0,4.0,2.0,0.8660254037844387,-0.4999999999999998,0,Other,1,1,1
9.0,severe,"Barpeta, Dhemaji, Dhubri, Goalpara, Jorhat, Kamrup, Lakhimpur, Mancachar, Nagaon, Nalbari, Sivasagar, Sonitpur,Tinsukia",Assam,IMD,,18.0,1992.0,6.0,22.0,1,1992.0,6.0,22.0,2.0,1.2246467991473532e-16,-1.0,1,Other,1,13,1
8.0,severe,"Ahmedabad, Bhavnagar, Surat,Valsad",Gujarat,IMD,,24.0,1992.0,6.0,19.0,1,1992.0,6.0,19.0,2.0,1.2246467991473532e-16,-1.0,1,Other,1,4,1
12.0,heavy rains,"Banas Kantha, Bharuch, Junagadh,Kachchh,Rajkot",Gujarat,IMD,,24.0,1992.0,7.0,21.0,1,1992.0,7.0,21.0,3.0,-0.4999999999999997,-0.8660254037844388,1,Heavy Rain,1,5,1
1.0,heavy rains,Shimla,Himachal Pradesh,IMD,23.0,2.0,1992.0,7.0,17.0,1,1992.0,7.0,17.0,3.0,-0.4999999999999997,-0.8660254037844388,0,Heavy Rain,1,1,1
1.0,heavy rains,"Lahul And Spiti, Chamba, Kangra, Kullu, Mandi, Kinnaur, Una, Shimla, Solan, Sirmaur, Hamirpur, Bilaspur",Himachal Pradesh,IMD,,2.0,1992.0,8.0,17.0,0,1992.0,8.0,17.0,3.0,-0.8660254037844385,-0.5000000000000004,0,Heavy Rain,1,12,1
1.0,heavy rains,"Lahul And Spiti, Chamba, Kangra, Kullu, Mandi, Kinnaur, Una, Shimla, Solan, Sirmaur, Hamirpur, Bilaspur",Himachal Pradesh,IMD,,2.0,1992.0,8.0,20.0,0,1992.0,8.0,20.0,3.0,-0.8660254037844385,-0.5000000000000004,0,Heavy Rain,1,12,1
1.0,heavy rains,Hamirpur,Himachal Pradesh,IMD,17.0,2.0,1992.0,8.0,31.0,0,1992.0,8.0,31.0,3.0,-0.8660254037844385,-0.5000000000000004,0,Heavy Rain,1,1,1
6.0,severe,"Kupwara, Bandipora, Baramulla, Ganderbal, Anantnag, Kishtwar, Srinagar, Budgam, Pulwama, Poonch, Shopian, Kulgam, Rajouri, Ramban, Reasi, Doda, Jammu, Kathua, Udhampur, Samba, Muzaffarabad, Mirpur",Jammu and Kashmir,IMD,,,1992.0,9.0,8.0,1,1992.0,9.0,8.0,3.0,-1.0,-1.8369701987210297e-16,0,Other,1,22,1
1.0,heavy rains,Bengaluru Rural,Karnataka,IMD,526.0,29.0,1992.0,10.0,7.0,0,1992.0,10.0,7.0,4.0,-0.8660254037844386,0.5000000000000001,0,Heavy Rain,1,1,1
3.0,heavy rains,"Beedar, Kalaburagi, Belagavi, Yadgir, Bagalkotee, Raichur, Koppal, Gadag, Ballari, Dharwad, Uttar Kashia Kannada, Haveri, Chitradurga, Davangere, Shivamogga, Udupi, Chikkamagaluru, Chikkaballapura, Hassan, Kolar, Bengaluru Rural, Dakshina Kannada, Bengaluru Urban, Kodagu, Chamarajanagaraa, Tumakuru, Ramanagara, Mandya, Mysuru, Vijayapura",Karnataka,IMD,,29.0,1992.0,11.0,16.0,1,1992.0,11.0,16.0,4.0,-0.5000000000000004,0.8660254037844384,0,Heavy Rain,1,30,1
2.0,heavy rains,"Alappuzha,Ernakulam",Kerala,IMD,,32.0,1992.0,5.0,18.0,0,1992.0,5.0,18.0,2.0,0.49999999999999994,-0.8660254037844387,0,Heavy Rain,1,2,1
2.0,heavy rains,"Kasaragod, Wayanad, Kozhikode, Malappuram, Palakkad, Thrissur, Idukki, Ernakulam, Alappuzha, Kottayam, Pathanamthitta, Kollam, Thiruvananthapuram, Kannur",Kerala,IMD,,32.0,1992.0,6.0,8.0,0,1992.0,6.0,8.0,2.0,1.2246467991473532e-16,-1.0,0,Heavy Rain,1,14,1
1.0,heavy rains,"Kasaragod, Wayanad, Kozhikode, Malappuram, Palakkad, Thrissur, Idukki, Ernakulam, Alappuzha, Kottayam, Pathanamthitta, Kollam, Thiruvananthapuram, Kannur",Kerala,IMD,,32.0,1992.0,7.0,2.0,1,1992.0,7.0,2.0,3.0,-0.4999999999999997,-0.8660254037844388,0,Heavy Rain,1,14,1
1.0,heavy rains,"Alappuzha,Kollam",Kerala,IMD,,32.0,1992.0,7.0,16.0,0,1992.0,7.0,16.0,3.0,-0.4999999999999997,-0.8660254037844388,0,Heavy Rain,1,2,1
2.0,heavy rains,Ernakulam,Kerala,IMD,555.0,32.0,1992.0,7.0,27.0,0,1992.0,7.0,27.0,3.0,-0.4999999999999997,-0.8660254037844388,0,Heavy Rain,1,1,1
1.0,heavy rains,Kollam,Kerala,IMD,559.0,32.0,1992.0,7.0,31.0,0,1992.0,7.0,31.0,3.0,-0.4999999999999997,-0.8660254037844388,0,Heavy Rain,1,1,1
1.0,heavy rains,"Kollam,Kozhikode",Kerala,IMD,,32.0,1992.0,8.0,8.0,0,1992.0,8.0,8.0,3.0,-0.8660254037844385,-0.5000000000000004,0,Heavy Rain,1,2,1
2.0,heavy rains,"Alappuzha, Kollam, Pathanamthitta,Thiruvananthapuram",Kerala,IMD,,32.0,1992.0,10.0,10.0,1,1992.0,10.0,10.0,4.0,-0.8660254037844386,0.5000000000000001,0,Heavy Rain,1,4,1
2.0,heavy rains,"Chhatarpur,Panna",Madhya Pradesh,IMD,,23.0,1992.0,9.0,12.0,0,1992.0,9.0,12.0,3.0,-1.0,-1.8369701987210297e-16,0,Heavy Rain,1,2,1
4.0,flash flood,Yavatmal,Maharashtra,IMD,500.0,27.0,1992.0,6.0,20.0,0,1992.0,6.0,20.0,2.0,1.2246467991473532e-16,-1.0,0,Flash Flood,1,1,1
2.0,heavy rains,Mumbai,Maharashtra,IMD,482.0,27.0,1992.0,7.0,18.0,0,1992.0,7.0,18.0,3.0,-0.4999999999999997,-0.8660254037844388,0,Heavy Rain,1,1,1
7.0,heavy rains,Mumbai,Maharashtra,IMD,482.0,27.0,1992.0,7.0,22.0,0,1992.0,7.0,22.0,3.0,-0.4999999999999997,-0.8660254037844388,1,Heavy Rain,1,1,1
1.0,heavy rains,Mumbai,Maharashtra,IMD,482.0,27.0,1992.0,8.0,4.0,0,1992.0,8.0,4.0,3.0,-0.8660254037844385,-0.5000000000000004,0,Heavy Rain,1,1,1
4.0,heavy rains,Nagpur,Maharashtra,IMD,484.0,27.0,1992.0,8.0,15.0,1,1992.0,8.0,15.0,3.0,-0.8660254037844385,-0.5000000000000004,0,Heavy Rain,1,1,1
1.0,heavy rains,Mumbai,Maharashtra,IMD,482.0,27.0,1992.0,8.0,16.0,0,1992.0,8.0,16.0,3.0,-0.8660254037844385,-0.5000000000000004,0,Heavy Rain,1,1,1
1.0,heavy rains,"Akola, Buldhana, Chandrapur, Gadchiroli, Nagpur,Yavatmal",Maharashtra,IMD,,27.0,1992.0,8.0,21.0,1,1992.0,8.0,21.0,3.0,-0.8660254037844385,-0.5000000000000004,0,Heavy Rain,1,6,1
1.0,heavy rains,Pune,Maharashtra,IMD,490.0,27.0,1992.0,8.0,31.0,0,1992.0,8.0,31.0,3.0,-0.8660254037844385,-0.5000000000000004,0,Heavy Rain,1,1,1
1.0,heavy rains,"Akola, Mumbai, Yavatmal",Maharashtra,IMD,,27.0,1992.0,9.0,2.0,0,1992.0,9.0,2.0,3.0,-1.0,-1.8369701987210297e-16,0,Heavy Rain,1,3,1
2.0,heavy rains,Aizawl,Mizoram,IMD,261.0,15.0,1992.0,8.0,9.0,1,1992.0,8.0,9.0,3.0,-0.8660254037844385,-0.5000000000000004,0,Heavy Rain,1,1,1
1.0,heavy rains,Champhai,Mizoram,IMD,262.0,15.0,1992.0,9.0,23.0,0,1992.0,9.0,23.0,3.0,-1.0,-1.8369701987210297e-16,0,Heavy Rain,1,1,1
1.0,heavy rains,"Baleshwar,Cuttack",Odisha,IMD,,21.0,1992.0,5.0,2.0,0,1992.0,5.0,2.0,2.0,0.49999999999999994,-0.8660254037844387,0,Heavy Rain,1,2,1
1.0,heavy rains,"Baleshwar, Cuttack, Ganjam,Puri",Odisha,IMD,,21.0,1992.0,6.0,17.0,1,1992.0,6.0,17.0,2.0,1.2246467991473532e-16,-1.0,0,Heavy Rain,1,4,1
1.0,heavy rains,"Cuttack,Puri",Odisha,IMD,,21.0,1992.0,6.0,24.0,0,1992.0,6.0,24.0,2.0,1.2246467991473532e-16,-1.0,0,Heavy Rain,1,2,1
2.0,heavy rains,"Baleshwar , Cuttack, Ganjam,Koraput",Odisha,IMD,,21.0,1992.0,7.0,26.0,0,1992.0,7.0,26.0,3.0,-0.4999999999999997,-0.8660254037844388,0,Heavy Rain,1,4,1
18.0,severe,"Baleshwar, Bargarh, Cuttack, Ganjam, Kalahandi, Koraput, Kandhamal,Puri",Odisha,IMD,,21.0,1992.0,8.0,17.0,1,1992.0,8.0,17.0,3.0,-0.8660254037844385,-0.5000000000000004,1,Other,1,8,1
1.0,heavy rains,Jaipur,Rajasthan,IMD,102.0,8.0,1992.0,7.0,17.0,0,1992.0,7.0,17.0,3.0,-0.4999999999999997,-0.8660254037844388,0,Heavy Rain,1,1,1
1.0,heavy rains,Jaipur,Rajasthan,IMD,102.0,8.0,1992.0,7.0,25.0,0,1992.0,7.0,25.0,3.0,-0.4999999999999997,-0.8660254037844388,0,Heavy Rain,1,1,1
1.0,heavy rains,Bhilwara,Rajasthan,IMD,92.0,8.0,1992.0,7.0,30.0,0,1992.0,7.0,30.0,3.0,-0.4999999999999997,-0.8660254037844388,0,Heavy Rain,1,1,1
1.0,heavy rains,"Jodhpur,Sawai Madhopur",Rajasthan,IMD,,8.0,1992.0,8.0,8.0,0,1992.0,8.0,8.0,3.0,-0.8660254037844385,-0.5000000000000004,0,Heavy Rain,1,2,1
1.0,heavy rains,Sirohi,Rajasthan,IMD,115.0,8.0,1992.0,9.0,7.0,0,1992.0,9.0,7.0,3.0,-1.0,-1.8369701987210297e-16,0,Heavy Rain,1,1,1
1.0,heavy rains,Ganganagar,Rajasthan,IMD,100.0,8.0,1992.0,9.0,8.0,0,1992.0,9.0,8.0,3.0,-1.0,-1.8369701987210297e-16,0,Heavy Rain,1,1,1
1.0,heavy rains,Gangtok,Sikkim,IMD,225.0,11.0,1992.0,8.0,22.0,0,1992.0,8.0,22.0,3.0,-0.8660254037844385,-0.5000000000000004,0,Heavy Rain,1,1,1
3.0,heavy rains,Kanniyakumariumari,Tamil Nadu,IMD,,33.0,1992.0,10.0,9.0,0,1992.0,10.0,9.0,4.0,-0.8660254037844386,0.5000000000000001,0,Heavy Rain,1,1,1
18.0,severe,"Prayagraj, Ballia, Banda, Chamoli, Fatehpur, Ghazipurr, Kanpur nagar Nagar,Kanpur nagar Dehat, Pithoragarh,Varanasi",Uttar Pradesh,IMD,,9.0,1992.0,9.0,3.0,1,1992.0,9.0,3.0,3.0,-1.0,-1.8369701987210297e-16,1,Other,1,10,1
1.0,heavy rains,South 24 Parganas*,West Bengal,IMD,304.0,19.0,1992.0,4.0,5.0,0,1992.0,4.0,5.0,2.0,0.8660254037844387,-0.4999999999999998,0,Heavy Rain,1,1,1
5.0,heavy rains,Purba Medinipur,West Bengal,IMD,317.0,19.0,1992.0,6.0,18.0,1,1992.0,6.0,18.0,2.0,1.2246467991473532e-16,-1.0,0,Heavy Rain,1,1,1
1.0,flash flood,Purulia,West Bengal,IMD,321.0,19.0,1992.0,9.0,26.0,1,1992.0,9.0,26.0,3.0,-1.0,-1.8369701987210297e-16,0,Flash Flood,1,1,1
1.0,heavy rains,Chandigarh,Punjab,IMD,44.0,3.0,1992.0,8.0,18.0,0,1992.0,8.0,18.0,3.0,-0.8660254037844385,-0.5000000000000004,0,Heavy Rain,1,1,1
1.0,heavy rains,"North, North East, West, East, South West, Central, New New Delhi, South, Shahdara, South East, North West",Delhi,IMD,,7.0,1992.0,7.0,24.0,0,1992.0,7.0,24.0,3.0,-0.4999999999999997,-0.8660254037844388,0,Heavy Rain,1,11,1
5.0,flash flood,"Hyderabad, Kurnool,Mahabubnagar",Andhra Pradesh,IMD,,28.0,1993.0,10.0,7.0,1,1993.0,10.0,7.0,4.0,-0.8660254037844386,0.5000000000000001,0,Flash Flood,1,3,1
1.0,flash flood,Tawang,Arunachal Pradesh,IMD,238.0,12.0,1993.0,9.0,5.0,1,1993.0,9.0,5.0,3.0,-1.0,-1.8369701987210297e-16,0,Flash Flood,1,1,1
9.0,"severe flood (brahmaputra,its tributaries)",Karimganj,Assam,IMD,293.0,18.0,1993.0,5.0,4.0,0,1993.0,5.0,4.0,2.0,0.49999999999999994,-0.8660254037844387,1,River/Water System,1,1,1
15.0,,"Barpeta, Cachar, Darrang, Dhemaji, Dhubri, Dibrugarh,Goalpara, Golaghat, Hailakandi, Jorhat, Kamrup, Karimganj,  Lakhimpur, Mancachar, Nagaon, Nalbari, Sivasagar, Sonitpur,Tinsukia",Assam,IMD,,18.0,1993.0,6.0,5.0,1,1993.0,6.0,5.0,2.0,1.2246467991473532e-16,-1.0,1,Other,1,19,1
21.0,"severe flood . (brahmaputra,its tributaries)","Barpeta, Bongaigaon, Cachar, Darrang, Dhemaji, Dhubri, Goalpara, Hailakandi, Jorhat, Kamrup, Karimganj,   Kokrajhar,  Lakhimpur, Mancachar,Nalbari",Assam,IMD,,18.0,1993.0,7.0,20.0,1,1993.0,7.0,20.0,3.0,-0.4999999999999997,-0.8660254037844388,1,River/Water System,1,15,1
26.0,"severe flood (brahmaputra,its tributaries)","Barpeta, Dhemaji, Dhubri, Golaghat, Jorhat, Karbi Anglong, Lakhimpur, Mancachar,Sivasagar",Assam,IMD,,18.0,1993.0,8.0,10.0,0,1993.0,8.0,10.0,3.0,-0.8660254037844385,-0.5000000000000004,1,River/Water System,1,9,1
10.0,"severe flood (ganga,its tributaries)","Darbhanga, Purbi Champaran, Muzaffarpur,Sitamarhi",Bihar,IMD,,10.0,1993.0,7.0,22.0,1,1993.0,7.0,22.0,3.0,-0.4999999999999997,-0.8660254037844388,1,Other,1,4,1
31.0,"severe flood  (ganga,its tributaries)","Begusarai, Bhagalpur, Darbhanga, Purbi Champaran, Gopalganj, Katihar, Khagaria, Madhepura,Madhubani, Muzaffarpur, Nalanda, Saharsa, Sitamarhi,Pashchim Champaran",Bihar,IMD,,10.0,1993.0,8.0,1.0,1,1993.0,8.0,1.0,3.0,-0.8660254037844385,-0.5000000000000004,1,Other,1,14,1
1.0,heavy rains,Patna,Bihar,IMD,520.0,10.0,1993.0,9.0,5.0,0,1993.0,9.0,5.0,3.0,-1.0,-1.8369701987210297e-16,0,Heavy Rain,1,1,1
3.0,heavy rains,Surat,Gujarat,IMD,459.0,24.0,1993.0,6.0,12.0,0,1993.0,6.0,12.0,2.0,1.2246467991473532e-16,-1.0,0,Heavy Rain,1,1,1
7.0,"severe flood (narmada,its tributaries)","Ahmedabad, Bharuch, Sabar Kantha,Vadodara",Gujarat,IMD,,24.0,1993.0,7.0,8.0,1,1993.0,7.0,8.0,3.0,-0.4999999999999997,-0.8660254037844388,1,Other,1,4,1
14.0,severe flood,"Jhajjar, Gurugram, Faridabad, Mahendragarh, Rewari, Nuh, Palwal, Charki Dadri, Yamunanagar, Kurukshetra, Kaithal, Sirsa, Karnal, Jind, Fatehabad, Hisar, Panipat, Sonipat, Bhiwani, Rohtak, Panchkula, Ambala",Haryana,IMD,,6.0,1993.0,7.0,8.0,1,1993.0,7.0,8.0,3.0,-0.4999999999999997,-0.8660254037844388,1,Other,1,22,1
5.0,severe flood,"Lahul And Spiti, Chamba, Kangra, Kullu, Mandi, Kinnaur, Una, Shimla, Solan, Sirmaur, Hamirpur, Bilaspur",Himachal Pradesh,IMD,,2.0,1993.0,7.0,8.0,1,1993.0,7.0,8.0,3.0,-0.4999999999999997,-0.8660254037844388,0,Other,1,12,1
3.0,heavy rains,"Jammu, Pulwama,Udhampur",Jammu and Kashmir,IMD,,,1993.0,3.0,24.0,1,1993.0,3.0,24.0,1.0,1.0,6.123233995736766e-17,0,Heavy Rain,1,3,1
6.0,severe flood,"Jammu,Srinagar",Jammu and Kashmir,IMD,,,1993.0,7.0,9.0,1,1993.0,7.0,9.0,3.0,-0.4999999999999997,-0.8660254037844388,0,Other,1,2,1
1.0,heavy rains,Raichur,Karnataka,IMD,546.0,29.0,1993.0,10.0,9.0,0,1993.0,10.0,9.0,4.0,-0.8660254037844386,0.5000000000000001,0,Heavy Rain,1,1,1
11.0,severe flood,"Belagavi, Ballari, Bijapur Surendranagar, Kalaburagi,Raichur",Karnataka,IMD,,29.0,1993.0,10.0,11.0,1,1993.0,10.0,11.0,4.0,-0.8660254037844386,0.5000000000000001,1,Other,1,5,1
1.0,heavy rains,"Alappuzha, Ernakulam, Idukki,  Kollam, Pathanamthitta, Thiruvananthapuram,Thrissur",Kerala,IMD,,32.0,1993.0,6.0,1.0,0,1993.0,6.0,1.0,2.0,1.2246467991473532e-16,-1.0,0,Heavy Rain,1,7,1
1.0,heavy rains,Kollam,Kerala,IMD,559.0,32.0,1993.0,7.0,18.0,0,1993.0,7.0,18.0,3.0,-0.4999999999999997,-0.8660254037844388,0,Heavy Rain,1,1,1
1.0,heavy rains,"Kannur,Thiruvananthapuram",Kerala,IMD,,32.0,1993.0,7.0,26.0,0,1993.0,7.0,26.0,3.0,-0.4999999999999997,-0.8660254037844388,0,Heavy Rain,1,2,1
1.0,heavy rains,Malappuram,Kerala,IMD,562.0,32.0,1993.0,7.0,27.0,0,1993.0,7.0,27.0,3.0,-0.4999999999999997,-0.8660254037844388,0,Heavy Rain,1,1,1
1.0,heavy rains,Kottayam,Kerala,IMD,560.0,32.0,1993.0,10.0,6.0,0,1993.0,10.0,6.0,4.0,-0.8660254037844386,0.5000000000000001,0,Heavy Rain,1,1,1
1.0,heavy rains,Malappuram,Kerala,IMD,562.0,32.0,1993.0,10.0,8.0,1,1993.0,10.0,8.0,4.0,-0.8660254037844386,0.5000000000000001,0,Heavy Rain,1,1,1
2.0,heavy rains,"Idukki, Kollam,Thiruvananthapuram",Kerala,IMD,,32.0,1993.0,11.0,10.0,0,1993.0,11.0,10.0,4.0,-0.5000000000000004,0.8660254037844384,0,Heavy Rain,1,3,1
2.0,heavy rains,"Burhanpur, Morena, Bhind, Gwalior, Sheopur, Shivpuri, Tikamgarh, Neemuch, Rewa, Satna, Guna, Ashoknagar, Mandsaur, Singrauli, Sidhi, Sagar, Damoh, Shajapur, Vidisha, Rajgarh, Shahdol, Katni, Umaria, Ratlam, Bhopal, Ujjain, Raisen, Sehore, Jabalpur, Dewas, Anuppur, Jhabua, Dindori, Narsimhapur, Dhar, Indore, Mandla, Narmadapuram, Seoni, Alirajpur, Chhindwara, Harda, Khargone (Khargone (West Nimar)), East Nimar, Balaghat, Barwani, Agar-Malwa, Datia, Chhatarpur, Panna, Betul, Niwari",Madhya Pradesh,IMD,,23.0,1993.0,7.0,17.0,0,1993.0,7.0,17.0,3.0,-0.4999999999999997,-0.8660254037844388,0,Heavy Rain,1,52,1
4.0,heavy rains,"Balaghat, Bilaspur, Narmadapuram,Jabalpur",Madhya Pradesh,IMD,,23.0,1993.0,8.0,16.0,0,1993.0,8.0,16.0,3.0,-0.8660254037844385,-0.5000000000000004,0,Heavy Rain,1,4,1
1.0,heavy rains,Morena,Madhya Pradesh,IMD,417.0,23.0,1993.0,9.0,18.0,0,1993.0,9.0,18.0,3.0,-1.0,-1.8369701987210297e-16,0,Heavy Rain,1,1,1
1.0,heavy rains,Amravati,Maharashtra,IMD,468.0,27.0,1993.0,6.0,10.0,0,1993.0,6.0,10.0,2.0,1.2246467991473532e-16,-1.0,0,Heavy Rain,1,1,1
1.0,heavy rains,Mumbai,Maharashtra,IMD,482.0,27.0,1993.0,6.0,18.0,0,1993.0,6.0,18.0,2.0,1.2246467991473532e-16,-1.0,0,Heavy Rain,1,1,1
1.0,heavy rains,Nagpur,Maharashtra,IMD,484.0,27.0,1993.0,7.0,15.0,0,1993.0,7.0,15.0,3.0,-0.4999999999999997,-0.8660254037844388,0,Heavy Rain,1,1,1
1.0,heavy rains,Kolhapur,Maharashtra,IMD,480.0,27.0,1993.0,8.0,5.0,0,1993.0,8.0,5.0,3.0,-0.8660254037844385,-0.5000000000000004,0,Heavy Rain,1,1,1
1.0,heavy rains,Beed,Maharashtra,IMD,470.0,27.0,1993.0,10.0,11.0,0,1993.0,10.0,11.0,4.0,-0.8660254037844386,0.5000000000000001,0,Heavy Rain,1,1,1
1.0,heavy rains,"Mumbai, Buldhana, Dharashiv",Maharashtra,IMD,,27.0,1993.0,10.0,18.0,1,1993.0,10.0,18.0,4.0,-0.8660254037844386,0.5000000000000001,0,Heavy Rain,1,3,1
17.0,severe food,"Kolasib, Aizawl, Mamit, Champhai, Serchhip, Lunglei, Siaha, Lawngtlai",Mizoram,IMD,,15.0,1993.0,6.0,7.0,1,1993.0,6.0,7.0,2.0,1.2246467991473532e-16,-1.0,1,Other,1,8,1
1.0,heavy rains,"Kolasib, Aizawl, Mamit, Champhai, Serchhip, Lunglei, Siaha, Lawngtlai",Mizoram,IMD,,15.0,1993.0,8.0,31.0,0,1993.0,8.0,31.0,3.0,-0.8660254037844385,-0.5000000000000004,0,Heavy Rain,1,8,1
7.0,severe flood (doyang),"Mon, Longleng, Mokokchung, Tuensang, Kiphire, Peren, Wokha, Zunheboto, Phek, Kohima, Dimapur",Nagaland,IMD,,13.0,1993.0,8.0,17.0,0,1993.0,8.0,17.0,3.0,-0.8660254037844385,-0.5000000000000004,1,Other,1,11,1
5.0,"severe flood (bias, satlaj,ravi)","Amritsar, Fatehgarh Sahib, Ferozepur, Gurdaspur, Hoshiarpur, Kapurthala, Ludhiana, Mansa, Patiala, Rupnagar,Sangrur",Punjab,IMD,,3.0,1993.0,7.0,8.0,1,1993.0,7.0,8.0,3.0,-0.4999999999999997,-0.8660254037844388,0,Other,1,11,1
12.0,severe flood,"Ajmer, Bhilwara, Churu, Ganganagar, Kota, Jaisalmer,Jodhpur",Rajasthan,IMD,,8.0,1993.0,7.0,11.0,1,1993.0,7.0,11.0,3.0,-0.4999999999999997,-0.8660254037844388,1,Other,1,7,1
31.0,severe flood,"Kota,Tonk",Rajasthan,IMD,,8.0,1993.0,8.0,1.0,0,1993.0,8.0,1.0,3.0,-0.8660254037844385,-0.5000000000000004,1,Other,1,2,1
1.0,heavy rains,"Mangan, Gyalshing, Namchi, Gangtok",Sikkim,IMD,,11.0,1993.0,8.0,13.0,0,1993.0,8.0,13.0,3.0,-0.8660254037844385,-0.5000000000000004,0,Heavy Rain,1,4,1
1.0,heavy rains,Dindigul,Tamil Nadu,IMD,572.0,33.0,1993.0,8.0,6.0,0,1993.0,8.0,6.0,3.0,-0.8660254037844385,-0.5000000000000004,0,Heavy Rain,1,1,1
5.0,heavy rains,"Coimbatore, The Nilgiris, Ramanathapuram,Thanjavur",Tamil Nadu,IMD,,33.0,1993.0,11.0,7.0,1,1993.0,11.0,7.0,4.0,-0.5000000000000004,0.8660254037844384,0,Heavy Rain,1,4,1
8.0,severe flood,"North Tripura,West Tripura",Tripura,IMD,,16.0,1993.0,5.0,5.0,1,1993.0,5.0,5.0,2.0,0.49999999999999994,-0.8660254037844387,1,Other,1,2,1
3.0,severe flood,"North Tripura,West Tripura",Tripura,IMD,,16.0,1993.0,6.0,7.0,0,1993.0,6.0,7.0,2.0,1.2246467991473532e-16,-1.0,0,Other,1,2,1
1.0,heavy rains,North Tripura,Tripura,IMD,270.0,16.0,1993.0,7.0,22.0,0,1993.0,7.0,22.0,3.0,-0.4999999999999997,-0.8660254037844388,0,Heavy Rain,1,1,1
31.0,"severe flood(ganga,its  tributaries)","Almora, Bijnor, Bahraich,  Dehradun, Garhwal, Ghaziabad, Gonda, Haridwar, Meerut, Mirzapur,Muzaffarnagar",Uttar Pradesh,IMD,,9.0,1993.0,7.0,1.0,1,1993.0,7.0,1.0,3.0,-0.4999999999999997,-0.8660254037844388,1,Other,1,11,1
14.0,"severe flood (ganga,its tributaries)","Amroha, Hapur, Bareilly, Pilibhit, Bulandshahr, Gautam Buddha Nagar, Kheri, Budaun, Bahraich, Shahjahanpur, Aligarh, Kasganj, Mathura, SShrawasti, Sitapur, Hathras, Etah, Hardoi, Farrukhabad, Firozabad, Siddharthnagar, Mainpuri, Mahrajganj, Agra, Gonda, Bara Banki, Kushinagar, Kannauj, Lucknow, Basti, Gorakhpur, Sant Kabir Nagar, Unnao, Etawah, Kanpur nagar Nagar, Auraiya, Ayodhya, Kanpur nagar Dehat, Deoria, Sultanpur, Ambedkar Nagar, Rae Bareli, Jalaun, Azamgarh, Mau, Fatehpur, Ballia, Jaunpur, Jhansi, Banda, Ghazipurr, Kaushambi, Prayagraj, Varanasi, Chitrakoot, Chandauli, Bhadohi, Mirzapur, Lalitpur, Sonbhadra, Amethi, Ghaziabad, Sambhal, Mahoba, Saharanpur, Bijnor, Muzaffarnagar, Baghpat, Meerut, Moradabad, Rampur, Shamli, Balrampur, Hamirpur, Pratapgarh",Uttar Pradesh,IMD,,9.0,1993.0,9.0,8.0,1,1993.0,9.0,8.0,3.0,-1.0,-1.8369701987210297e-16,1,Other,1,75,1
1.0,heavy rains,Kolkata,West Bengal,IMD,315.0,19.0,1993.0,4.0,29.0,0,1993.0,4.0,29.0,2.0,0.8660254037844387,-0.4999999999999998,0,Heavy Rain,1,1,1
1.0,heavy rains,Darjeeling,West Bengal,IMD,309.0,19.0,1993.0,7.0,1.0,1,1993.0,7.0,1.0,3.0,-0.4999999999999997,-0.8660254037844388,0,Heavy Rain,1,1,1
1.0,heavy rains,Purba Medinipur,West Bengal,IMD,317.0,19.0,1993.0,7.0,2.0,0,1993.0,7.0,2.0,3.0,-0.4999999999999997,-0.8660254037844388,0,Heavy Rain,1,1,1
1.0,heavy rains,Kolkata,West Bengal,IMD,315.0,19.0,1993.0,7.0,15.0,0,1993.0,7.0,15.0,3.0,-0.4999999999999997,-0.8660254037844388,0,Heavy Rain,1,1,1
3.0,severe flood,"Cooch Behar,Jalpaiguri",West Bengal,IMD,,19.0,1993.0,7.0,18.0,1,1993.0,7.0,18.0,3.0,-0.4999999999999997,-0.8660254037844388,0,Other,1,2,1
1.0,heavy rains,Purba Medinipur,West Bengal,IMD,317.0,19.0,1993.0,7.0,22.0,0,1993.0,7.0,22.0,3.0,-0.4999999999999997,-0.8660254037844388,0,Heavy Rain,1,1,1
1.0,heavy rains,Bankura,West Bengal,IMD,305.0,19.0,1993.0,7.0,25.0,1,1993.0,7.0,25.0,3.0,-0.4999999999999997,-0.8660254037844388,0,Heavy Rain,1,1,1
1.0,heavy rains,South 24 Parganas,West Bengal,IMD,304.0,19.0,1993.0,8.0,7.0,0,1993.0,8.0,7.0,3.0,-0.8660254037844385,-0.5000000000000004,0,Heavy Rain,1,1,1
1.0,heavy rains,"Cooch Behar, Darjeeling",West Bengal,IMD,,19.0,1993.0,8.0,8.0,1,1993.0,8.0,8.0,3.0,-0.8660254037844385,-0.5000000000000004,0,Heavy Rain,1,2,1
1.0,heavy rains,Purba Medinipur,West Bengal,IMD,317.0,19.0,1993.0,8.0,10.0,0,1993.0,8.0,10.0,3.0,-0.8660254037844385,-0.5000000000000004,0,Heavy Rain,1,1,1
1.0,heavy rains,Kolkata,West Bengal,IMD,315.0,19.0,1993.0,8.0,12.0,0,1993.0,8.0,12.0,3.0,-0.8660254037844385,-0.5000000000000004,0,Heavy Rain,1,1,1
1.0,heavy rains,South 24 Parganas,West Bengal,IMD,304.0,19.0,1993.0,8.0,22.0,0,1993.0,8.0,22.0,3.0,-0.8660254037844385,-0.5000000000000004,0,Heavy Rain,1,1,1
1.0,heavy rains,Dakshin Dinajpur,West Bengal,IMD,310.0,19.0,1993.0,8.0,30.0,0,1993.0,8.0,30.0,3.0,-0.8660254037844385,-0.5000000000000004,0,Heavy Rain,1,1,1
1.0,heavy rains,Hooghly,West Bengal,IMD,312.0,19.0,1993.0,9.0,4.0,0,1993.0,9.0,4.0,3.0,-1.0,-1.8369701987210297e-16,0,Heavy Rain,1,1,1
5.0,heavy rains,"Kolkata, Hooghly, Paschim Purba Medinipur,Purba Purba Medinipur, Murshidabad,Nadia",West Bengal,IMD,,19.0,1993.0,9.0,12.0,0,1993.0,9.0,12.0,3.0,-1.0,-1.8369701987210297e-16,0,Heavy Rain,1,6,1
1.0,heavy rains,North 24 Parganas,West Bengal,IMD,303.0,19.0,1993.0,9.0,19.0,0,1993.0,9.0,19.0,3.0,-1.0,-1.8369701987210297e-16,0,Heavy Rain,1,1,1
1.0,heavy rains,Malda,West Bengal,IMD,316.0,19.0,1993.0,9.0,23.0,0,1993.0,9.0,23.0,3.0,-1.0,-1.8369701987210297e-16,0,Heavy Rain,1,1,1
1.0,heavy rains,Murshidabad,West Bengal,IMD,319.0,19.0,1993.0,9.0,26.0,0,1993.0,9.0,26.0,3.0,-1.0,-1.8369701987210297e-16,0,Heavy Rain,1,1,1
5.0,severe flood,Chandigarh,Punjab,IMD,44.0,3.0,1993.0,12.0,8.0,0,1993.0,12.0,8.0,4.0,-2.4492935982947064e-16,1.0,0,Other,1,1,1
1.0,heavy rains,New Delhi,Delhi,IMD,79.0,7.0,1993.0,7.0,7.0,0,1993.0,7.0,7.0,3.0,-0.4999999999999997,-0.8660254037844388,0,Heavy Rain,1,1,1
1.0,heavy rains,New Delhi,Delhi,IMD,79.0,7.0,1993.0,7.0,22.0,0,1993.0,7.0,22.0,3.0,-0.4999999999999997,-0.8660254037844388,0,Heavy Rain,1,1,1
1.0,heavy rains,New Delhi,Delhi,IMD,79.0,7.0,1993.0,7.0,25.0,0,1993.0,7.0,25.0,3.0,-0.4999999999999997,-0.8660254037844388,0,Heavy Rain,1,1,1
1.0,heavy rains,"Warangal, Warangal, Warangal, Warangal,West Godavari",Andhra Pradesh,IMD,,28.0,1994.0,7.0,20.0,0,1994.0,7.0,20.0,3.0,-0.4999999999999997,-0.8660254037844388,0,Heavy Rain,1,5,1
5.0,severe,"East Godavari, Khammam,,West Godavari",Andhra Pradesh,IMD,,28.0,1994.0,9.0,6.0,1,1994.0,9.0,6.0,3.0,-1.0,-1.8369701987210297e-16,0,Other,1,3,1
3.0,heavy rains,"Y.S.R., Hyderabad, Krishna, Kurnool, Mahabubnagar,Nalgonda",Andhra Pradesh,IMD,,28.0,1994.0,10.0,4.0,1,1994.0,10.0,4.0,4.0,-0.8660254037844386,0.5000000000000001,0,Heavy Rain,1,6,1
1.0,heavy rains,West Siang,Arunachal Pradesh,IMD,243.0,12.0,1994.0,7.0,7.0,0,1994.0,7.0,7.0,3.0,-0.4999999999999997,-0.8660254037844388,0,Heavy Rain,1,1,1
1.0,heavy rains,Tawang,Arunachal Pradesh,IMD,238.0,12.0,1994.0,8.0,11.0,0,1994.0,8.0,11.0,3.0,-0.8660254037844385,-0.5000000000000004,0,Heavy Rain,1,1,1
30.0,severe flood,"Barpeta, Dhemaji, Dibrugarh, Jorhat, Lakhimpur, Nalbari,Sivasagar",Assam,IMD,,18.0,1994.0,6.0,1.0,0,1994.0,6.0,1.0,2.0,1.2246467991473532e-16,-1.0,1,Other,1,7,1
16.0,severe flood,"Dhemaji, Jorhat, Mancachar, Nalbari,Sivasagar",Assam,IMD,,18.0,1994.0,7.0,1.0,0,1994.0,7.0,1.0,3.0,-0.4999999999999997,-0.8660254037844388,1,Other,1,5,1
1.0,heavy rains,Purbi West Singhbhum,Bihar,IMD,,10.0,1994.0,7.0,8.0,0,1994.0,7.0,8.0,3.0,-0.4999999999999997,-0.8660254037844388,0,Heavy Rain,1,1,1
7.0,severe flood,"Bhagalpur, Bhojpur, Khagaria, Patna, Samastipur, Saran,Vaishali",Bihar,IMD,,10.0,1994.0,8.0,8.0,1,1994.0,8.0,8.0,3.0,-0.8660254037844385,-0.5000000000000004,1,Other,1,7,1
7.0,severe flood,"Purbi Champaran, Gopalganj, Muzaffarpur,Pashchim Champaran",Bihar,IMD,,10.0,1994.0,9.0,15.0,0,1994.0,9.0,15.0,3.0,-1.0,-1.8369701987210297e-16,1,Other,1,4,1
14.0,severe flood,"Bharuch, Dangs, Junagadh, Surat, Vadodara,Valsad",Gujarat,IMD,,24.0,1994.0,6.0,8.0,1,1994.0,6.0,8.0,2.0,1.2246467991473532e-16,-1.0,1,Other,1,6,1
7.0,heavy rains,"Amreli, Bharuch, Bhavnagar, Junagadh, Rajkot, Surat,Valsad",Gujarat,IMD,,24.0,1994.0,7.0,8.0,1,1994.0,7.0,8.0,3.0,-0.4999999999999997,-0.8660254037844388,1,Heavy Rain,1,7,1
2.0,severe flood,"Ahmedabad, Bharuch, Banas Kantha, Kheda,Sabar Kantha",Gujarat,IMD,,24.0,1994.0,8.0,20.0,1,1994.0,8.0,20.0,3.0,-0.8660254037844385,-0.5000000000000004,0,Other,1,5,1
1.0,heavy rains,Sirsa,Haryana,IMD,74.0,6.0,1994.0,8.0,2.0,0,1994.0,8.0,2.0,3.0,-0.8660254037844385,-0.5000000000000004,0,Heavy Rain,1,1,1
2.0,heavy rains,Shimla,Himachal Pradesh,IMD,23.0,2.0,1994.0,8.0,7.0,0,1994.0,8.0,7.0,3.0,-0.8660254037844385,-0.5000000000000004,0,Heavy Rain,1,1,1
1.0,cloud burst,Kullu,Himachal Pradesh,IMD,20.0,2.0,1994.0,7.0,11.0,1,1994.0,7.0,11.0,3.0,-0.4999999999999997,-0.8660254037844388,0,Other,1,1,1
2.0,heavy rains,"Kinnaur, Lahul And Spiti,Shimla",Himachal Pradesh,IMD,,2.0,1994.0,7.0,16.0,0,1994.0,7.0,16.0,3.0,-0.4999999999999997,-0.8660254037844388,0,Heavy Rain,1,3,1
2.0,heavy rains,"Hamirpur,Shimla",Himachal Pradesh,IMD,,2.0,1994.0,7.0,19.0,0,1994.0,7.0,19.0,3.0,-0.4999999999999997,-0.8660254037844388,0,Heavy Rain,1,2,1
4.0,severe,"Hamirpur, Kangra,Solan",Himachal Pradesh,IMD,,2.0,1994.0,7.0,27.0,0,1994.0,7.0,27.0,3.0,-0.4999999999999997,-0.8660254037844388,0,Other,1,3,1
1.0,cloud burst,Kullu,Himachal Pradesh,IMD,20.0,2.0,1994.0,8.0,10.0,1,1994.0,8.0,10.0,3.0,-0.8660254037844385,-0.5000000000000004,0,Other,1,1,1
1.0,flash flood,Kullu,Himachal Pradesh,IMD,20.0,2.0,1994.0,8.0,11.0,1,1994.0,8.0,11.0,3.0,-0.8660254037844385,-0.5000000000000004,0,Flash Flood,1,1,1
1.0,heavy rains,Bilaspur,Himachal Pradesh,IMD,375.0,2.0,1994.0,8.0,16.0,1,1994.0,8.0,16.0,3.0,-0.8660254037844385,-0.5000000000000004,0,Heavy Rain,1,1,1
1.0,cloud burst,Kullu,Himachal Pradesh,IMD,20.0,2.0,1994.0,8.0,23.0,1,1994.0,8.0,23.0,3.0,-0.8660254037844385,-0.5000000000000004,0,Other,1,1,1
1.0,heavy rains,"Kangra,Kinnaur",Himachal Pradesh,IMD,,2.0,1994.0,8.0,24.0,0,1994.0,8.0,24.0,3.0,-0.8660254037844385,-0.5000000000000004,0,Heavy Rain,1,2,1
1.0,cloud burst,"Hamirpur,Mandi",Himachal Pradesh,IMD,,2.0,1994.0,9.0,5.0,1,1994.0,9.0,5.0,3.0,-1.0,-1.8369701987210297e-16,0,Other,1,2,1
6.0,flash flood,"Jammu,Udhampur",Jammu and Kashmir,IMD,,,1994.0,3.0,20.0,1,1994.0,3.0,20.0,1.0,1.0,6.123233995736766e-17,0,Flash Flood,1,2,1
1.0,heavy rains,Jammu,Jammu and Kashmir,IMD,5.0,,1994.0,7.0,20.0,0,1994.0,7.0,20.0,3.0,-0.4999999999999997,-0.8660254037844388,0,Heavy Rain,1,1,1
1.0,heavy rains,Uttar Kashia Kannada,Karnataka,IMD,,29.0,1994.0,6.0,5.0,0,1994.0,6.0,5.0,2.0,1.2246467991473532e-16,-1.0,0,Heavy Rain,1,1,1
7.0,severe flood,"Belagavi, Ballari, Bijapur, Chikkamagaluru, Surendranagar, Dharwad,  Kalaburagi, Hassan, Kodagu, Kolar, Mandya,Mysuru",Karnataka,IMD,,29.0,1994.0,7.0,8.0,1,1994.0,7.0,8.0,3.0,-0.4999999999999997,-0.8660254037844388,1,Other,1,12,1
1.0,flash flood,"Bijapur, Kalaburagi",Karnataka,IMD,,29.0,1994.0,10.0,6.0,0,1994.0,10.0,6.0,4.0,-0.8660254037844386,0.5000000000000001,0,Flash Flood,1,2,1
1.0,heavy rains,Palakkad,Kerala,IMD,563.0,32.0,1994.0,5.0,28.0,0,1994.0,5.0,28.0,2.0,0.49999999999999994,-0.8660254037844387,0,Heavy Rain,1,1,1
14.0,severe flood,"Alappuzha, Ernakulam, Idukki, Kasaragod, Kollam, Kottayam, Kozhikode, Malappuram, Palakkad, Pathanamthitta, Thiruvananthapuram,Thrissur",Kerala,IMD,,32.0,1994.0,6.0,1.0,1,1994.0,6.0,1.0,2.0,1.2246467991473532e-16,-1.0,1,Other,1,12,1
2.0,heavy rains,"Idukki,Malappuram",Kerala,IMD,,32.0,1994.0,7.0,14.0,1,1994.0,7.0,14.0,3.0,-0.4999999999999997,-0.8660254037844388,0,Heavy Rain,1,2,1
3.0,heavy rains,"Alappuzha, Ernakulam, Idukki, Kozhikode, Malappuram, Palakkad,Thrissur",Kerala,IMD,,32.0,1994.0,7.0,14.0,1,1994.0,7.0,14.0,3.0,-0.4999999999999997,-0.8660254037844388,0,Heavy Rain,1,7,1
1.0,heavy rains,"Kannur, Kozhikode, Malappuram, Thiruvananthapuram,Thrissur",Kerala,IMD,,32.0,1994.0,7.0,15.0,0,1994.0,7.0,15.0,3.0,-0.4999999999999997,-0.8660254037844388,0,Heavy Rain,1,5,1
1.0,heavy rains,"Ernakulam, Idukki, Kollam, Kottayam,Thiruvananthapuram",Kerala,IMD,,32.0,1994.0,8.0,2.0,0,1994.0,8.0,2.0,3.0,-0.8660254037844385,-0.5000000000000004,0,Heavy Rain,1,5,1
1.0,heavy rains,Kannur,Kerala,IMD,557.0,32.0,1994.0,9.0,22.0,0,1994.0,9.0,22.0,3.0,-1.0,-1.8369701987210297e-16,0,Heavy Rain,1,1,1
4.0,heav rains,"Kollam,Thiruvananthapuram",Kerala,IMD,,32.0,1994.0,10.0,3.0,1,1994.0,10.0,3.0,4.0,-0.8660254037844386,0.5000000000000001,0,Heavy Rain,1,2,1
1.0,heavy rains,Idukki,Kerala,IMD,556.0,32.0,1994.0,10.0,11.0,0,1994.0,10.0,11.0,4.0,-0.8660254037844386,0.5000000000000001,0,Heavy Rain,1,1,1
2.0,heavy rains,"Balaghat, Bastar, Durg, Narmadapuram, Jabalpur,Rajnandgaon",Madhya Pradesh,IMD,,23.0,1994.0,7.0,12.0,0,1994.0,7.0,12.0,3.0,-0.4999999999999997,-0.8660254037844388,0,Heavy Rain,1,6,1
4.0,heavy rains,"Bhopal, Durg, Narmadapuram, Jabalpur,Sagar",Madhya Pradesh,IMD,,23.0,1994.0,7.0,19.0,1,1994.0,7.0,19.0,3.0,-0.4999999999999997,-0.8660254037844388,0,Heavy Rain,1,5,1
1.0,heavy rains,"Bilaspur,Tikamgarh",Madhya Pradesh,IMD,,23.0,1994.0,8.0,5.0,0,1994.0,8.0,5.0,3.0,-0.8660254037844385,-0.5000000000000004,0,Heavy Rain,1,2,1
1.0,heavy rains,Bhandara,Maharashtra,IMD,471.0,27.0,1994.0,6.0,2.0,0,1994.0,6.0,2.0,2.0,1.2246467991473532e-16,-1.0,0,Heavy Rain,1,1,1
1.0,heavy rains,Nagpur,Maharashtra,IMD,484.0,27.0,1994.0,6.0,6.0,0,1994.0,6.0,6.0,2.0,1.2246467991473532e-16,-1.0,0,Heavy Rain,1,1,1
2.0,heavy rains,Pune,Maharashtra,IMD,490.0,27.0,1994.0,6.0,6.0,0,1994.0,6.0,6.0,2.0,1.2246467991473532e-16,-1.0,0,Heavy Rain,1,1,1
1.0,heavy rains,"Nashik, Pune",Maharashtra,IMD,,27.0,1994.0,6.0,16.0,0,1994.0,6.0,16.0,2.0,1.2246467991473532e-16,-1.0,0,Heavy Rain,1,2,1
1.0,heavy rains,"Pune, Raigarh",Maharashtra,IMD,,27.0,1994.0,6.0,28.0,1,1994.0,6.0,28.0,2.0,1.2246467991473532e-16,-1.0,0,Heavy Rain,1,2,1
1.0,heavy rains,"Nagpur,Yavatmal",Maharashtra,IMD,,27.0,1994.0,7.0,4.0,0,1994.0,7.0,4.0,3.0,-0.4999999999999997,-0.8660254037844388,0,Heavy Rain,1,2,1
7.0,severe flood,"Kolhapur,Sangli",Maharashtra,IMD,,27.0,1994.0,7.0,8.0,0,1994.0,7.0,8.0,3.0,-0.4999999999999997,-0.8660254037844388,1,Other,1,2,1
1.0,heavy rains,Akola,Maharashtra,IMD,467.0,27.0,1994.0,7.0,9.0,0,1994.0,7.0,9.0,3.0,-0.4999999999999997,-0.8660254037844388,0,Heavy Rain,1,1,1
3.0,heavy rains,"Amravati, Bhandara, Chandrapur, Gadchiroli, Nagpur, Wardha,Yavatmal",Maharashtra,IMD,,27.0,1994.0,7.0,11.0,1,1994.0,7.0,11.0,3.0,-0.4999999999999997,-0.8660254037844388,0,Heavy Rain,1,7,1
4.0,heavy rains,Nashik,Maharashtra,IMD,487.0,27.0,1994.0,7.0,11.0,0,1994.0,7.0,11.0,3.0,-0.4999999999999997,-0.8660254037844388,0,Heavy Rain,1,1,1
1.0,heavy rains,Mumbai,Maharashtra,IMD,482.0,27.0,1994.0,7.0,12.0,0,1994.0,7.0,12.0,3.0,-0.4999999999999997,-0.8660254037844388,0,Heavy Rain,1,1,1
1.0,heavy rains,"Mumbai, Pune",Maharashtra,IMD,,27.0,1994.0,7.0,13.0,1,1994.0,7.0,13.0,3.0,-0.4999999999999997,-0.8660254037844388,0,Heavy Rain,1,2,1
1.0,heavy rains,Mumbai,Maharashtra,IMD,482.0,27.0,1994.0,7.0,14.0,0,1994.0,7.0,14.0,3.0,-0.4999999999999997,-0.8660254037844388,0,Heavy Rain,1,1,1
1.0,heavy rains,Pune,Maharashtra,IMD,490.0,27.0,1994.0,7.0,25.0,0,1994.0,7.0,25.0,3.0,-0.4999999999999997,-0.8660254037844388,0,Heavy Rain,1,1,1
3.0,heavy rains,Mumbai,Maharashtra,IMD,482.0,27.0,1994.0,8.0,29.0,0,1994.0,8.0,29.0,3.0,-0.8660254037844385,-0.5000000000000004,0,Heavy Rain,1,1,1
1.0,heavy rains,"Bhandara, Chandrapur, Nagpur, Jalgaon,Nashik",Maharashtra,IMD,,27.0,1994.0,8.0,30.0,0,1994.0,8.0,30.0,3.0,-0.8660254037844385,-0.5000000000000004,0,Heavy Rain,1,5,1
1.0,heavy rains,Mumbai,Maharashtra,IMD,482.0,27.0,1994.0,8.0,31.0,0,1994.0,8.0,31.0,3.0,-0.8660254037844385,-0.5000000000000004,0,Heavy Rain,1,1,1
14.0,severe flood,"Akola, Amravati, Bhandara, Buldhana, Chandrapur, Gadchiroli, Nagpur, Wardha,Yavatmal",Maharashtra,IMD,,27.0,1994.0,9.0,1.0,1,1994.0,9.0,1.0,3.0,-1.0,-1.8369701987210297e-16,1,Other,1,9,1
1.0,heavy rains,"Nashik, Thane",Maharashtra,IMD,,27.0,1994.0,9.0,2.0,0,1994.0,9.0,2.0,3.0,-1.0,-1.8369701987210297e-16,0,Heavy Rain,1,2,1
1.0,heavy rains,"Mumbai, Thane",Maharashtra,IMD,,27.0,1994.0,9.0,3.0,1,1994.0,9.0,3.0,3.0,-1.0,-1.8369701987210297e-16,0,Heavy Rain,1,2,1
7.0,severe flood,"Baleshwar, Bargarh, Cuttack, Kalahandi, Puri, Sambalpur,Sundargarh",Odisha,IMD,,21.0,1994.0,7.0,8.0,0,1994.0,7.0,8.0,3.0,-0.4999999999999997,-0.8660254037844388,1,Other,1,7,1
2.0,flash flood,Cuttack,Odisha,IMD,350.0,21.0,1994.0,8.0,29.0,0,1994.0,8.0,29.0,3.0,-0.8660254037844385,-0.5000000000000004,0,Flash Flood,1,1,1
30.0,severe flood,"Bhadrak, Dhenkanal, Jajapur, Subarnapur, Nuapada, Balangir, Boudh, Cuttack, Kandhamal, Nayagarh, Khordha, Kalahandi, Jagatsinghapur, Puri, Nagpur, Rayagada, Koraput, Malkangiri, Anugul, Kendrapara, Ganjam, Gajapati, Mayurbhanj, Sundargarh, Kendujhar, Baleshwar, Jharsuguda, Bargarh, Deogarh, Sambalpur",Odisha,IMD,,21.0,1994.0,9.0,1.0,1,1994.0,9.0,1.0,3.0,-1.0,-1.8369701987210297e-16,1,Other,1,30,1
5.0,severe flood,"Gurdaspur, Hoshiarpur, Kapurthala,Patiala",Punjab,IMD,,3.0,1994.0,7.0,19.0,1,1994.0,7.0,19.0,3.0,-0.4999999999999997,-0.8660254037844388,0,Other,1,4,1
2.0,heavy rains,"Bundi, Jhalawar,Kota",Rajasthan,IMD,,8.0,1994.0,7.0,1.0,0,1994.0,7.0,1.0,3.0,-0.4999999999999997,-0.8660254037844388,0,Heavy Rain,1,3,1
1.0,heavy rains,Bikaner,Rajasthan,IMD,93.0,8.0,1994.0,7.0,12.0,0,1994.0,7.0,12.0,3.0,-0.4999999999999997,-0.8660254037844388,0,Heavy Rain,1,1,1
1.0,heavy rains,Jaipur,Rajasthan,IMD,102.0,8.0,1994.0,7.0,20.0,0,1994.0,7.0,20.0,3.0,-0.4999999999999997,-0.8660254037844388,0,Heavy Rain,1,1,1
2.0,heavy rains,"Bikaner,Jodhpur",Rajasthan,IMD,,8.0,1994.0,7.0,24.0,0,1994.0,7.0,24.0,3.0,-0.4999999999999997,-0.8660254037844388,0,Heavy Rain,1,2,1
1.0,heavy rains,Ajmer,Rajasthan,IMD,86.0,8.0,1994.0,7.0,26.0,0,1994.0,7.0,26.0,3.0,-0.4999999999999997,-0.8660254037844388,0,Heavy Rain,1,1,1
1.0,heavy rains,Kota,Rajasthan,IMD,109.0,8.0,1994.0,7.0,27.0,0,1994.0,7.0,27.0,3.0,-0.4999999999999997,-0.8660254037844388,0,Heavy Rain,1,1,1
1.0,heavy rains,Udaipur,Rajasthan,IMD,117.0,8.0,1994.0,8.0,16.0,0,1994.0,8.0,16.0,3.0,-0.8660254037844385,-0.5000000000000004,0,Heavy Rain,1,1,1
1.0,heavy rains,Udaipur,Rajasthan,IMD,117.0,8.0,1994.0,8.0,20.0,0,1994.0,8.0,20.0,3.0,-0.8660254037844385,-0.5000000000000004,0,Heavy Rain,1,1,1
1.0,heavy rains,Udaipur,Rajasthan,IMD,117.0,8.0,1994.0,8.0,28.0,1,1994.0,8.0,28.0,3.0,-0.8660254037844385,-0.5000000000000004,0,Heavy Rain,1,1,1
1.0,heavy rains,Banswara,Rajasthan,IMD,88.0,8.0,1994.0,9.0,7.0,0,1994.0,9.0,7.0,3.0,-1.0,-1.8369701987210297e-16,0,Heavy Rain,1,1,1
1.0,heavy rains,Coimbatore,Tamil Nadu,IMD,569.0,33.0,1994.0,7.0,13.0,0,1994.0,7.0,13.0,3.0,-0.4999999999999997,-0.8660254037844388,0,Heavy Rain,1,1,1
1.0,heavy rains,"Dindigul, Tiruchirappalli",Tamil Nadu,IMD,,33.0,1994.0,11.0,7.0,0,1994.0,11.0,7.0,4.0,-0.5000000000000004,0.8660254037844384,0,Heavy Rain,1,2,1
3.0,heavy rains,Chennai,Tamil Nadu,IMD,568.0,33.0,1994.0,12.0,20.0,0,1994.0,12.0,20.0,4.0,-2.4492935982947064e-16,1.0,0,Heavy Rain,1,1,1
1.0,heavy rains,"Dehradun, Tehri Garhwal,Uttar Kashi Kashi",Uttar Pradesh,IMD,,9.0,1994.0,7.0,3.0,0,1994.0,7.0,3.0,3.0,-0.4999999999999997,-0.8660254037844388,0,Heavy Rain,1,3,1
1.0,heavy rains,Garhwal,Uttar Pradesh,IMD,52.0,9.0,1994.0,7.0,27.0,0,1994.0,7.0,27.0,3.0,-0.4999999999999997,-0.8660254037844388,0,Heavy Rain,1,1,1
7.0,severe flood,"Prayagraj, Banda, Fatehpur, Ghazipurr, Hamirpur, Kheri, Pilibhit, Tehri Garhwal,,Varanasi",Uttar Pradesh,IMD,,9.0,1994.0,8.0,8.0,1,1994.0,8.0,8.0,3.0,-0.8660254037844385,-0.5000000000000004,1,Other,1,9,1
8.0,heavy rains,Varanasi,Uttar Pradesh,IMD,187.0,9.0,1994.0,9.0,12.0,1,1994.0,9.0,12.0,3.0,-1.0,-1.8369701987210297e-16,1,Heavy Rain,1,1,1
1.0,flash flood,"Prayagraj,Kheri",Uttar Pradesh,IMD,,9.0,1994.0,9.0,22.0,0,1994.0,9.0,22.0,3.0,-1.0,-1.8369701987210297e-16,0,Flash Flood,1,2,1
1.0,heavy rains,"Kolkata, Hooghly",West Bengal,IMD,,19.0,1994.0,7.0,13.0,0,1994.0,7.0,13.0,3.0,-0.4999999999999997,-0.8660254037844388,0,Heavy Rain,1,2,1
3.0,heavy rains,"Malda,Murshidabad",West Bengal,IMD,,19.0,1994.0,8.0,14.0,0,1994.0,8.0,14.0,3.0,-0.8660254037844385,-0.5000000000000004,0,Heavy Rain,1,2,1
1.0,heavy rains,North 24 Parganas,West Bengal,IMD,303.0,19.0,1994.0,8.0,18.0,0,1994.0,8.0,18.0,3.0,-0.8660254037844385,-0.5000000000000004,0,Heavy Rain,1,1,1
1.0,heavy rains,Chandigarh,Punjab,IMD,44.0,3.0,1994.0,7.0,8.0,0,1994.0,7.0,8.0,3.0,-0.4999999999999997,-0.8660254037844388,0,Heavy Rain,1,1,1
9.0,severe flood,"Chittoor, East Godavari, Krishna, Guntur,  Sri Potti Sriramulu Nellore, Prakasam, Srikakulam, Vizianagaram,West Godavari",Andhra Pradesh,IMD,,28.0,1995.0,5.0,6.0,1,1995.0,5.0,6.0,2.0,0.49999999999999994,-0.8660254037844387,1,Other,1,9,1
1.0,heavy rains,West Godavari,Andhra Pradesh,IMD,523.0,28.0,1995.0,9.0,1.0,0,1995.0,9.0,1.0,3.0,-1.0,-1.8369701987210297e-16,0,Heavy Rain,1,1,1
31.0,severe flood,"Srikakulam, Vizianagaram, Visakhapatnam, Krishna, Guntur, East Godavari, Prakasam, Kurnool, Ananthapuramuamu, Sri Potti Sriramulu Nellore, West Godavari, Y.S.R., Chittoor",Andhra Pradesh,IMD,,28.0,1995.0,10.0,1.0,1,1995.0,10.0,1.0,4.0,-0.8660254037844386,0.5000000000000001,1,Other,1,13,1
1.0,heavy rains,Lohit,Arunachal Pradesh,IMD,234.0,12.0,1995.0,5.0,18.0,0,1995.0,5.0,18.0,2.0,0.49999999999999994,-0.8660254037844387,0,Heavy Rain,1,1,1
1.0,heavy rains,"Upper Lower Subansiri, Anjaw, Changlang, Tawang, Papum Pare, Tirap, East Siang, Lohit, Kurung Kumey, Lower Lower Subansiri, East Kameng, West Kameng, West Kameng, West Kameng, Kra Daadi, Namsai, Longding, Upper Siang, Lower Siang, Dibang Valley, Lower Dibang Valley, Siang, Shi Yomi, Pakke Kessang, West Siang, Leparada, Kamle",Arunachal Pradesh,IMD,,12.0,1995.0,7.0,10.0,0,1995.0,7.0,10.0,3.0,-0.4999999999999997,-0.8660254037844388,0,Heavy Rain,1,27,1
22.0,severe flood,"Barpeta, Darrang, Dhemaji, Dibrugarh, Dhubri, Goalpara, Golaghat, Hailakandi, Kamrup, Jorhat, Karbi Anglong, Karimganj, Marigaon, Nagaon, Nalbari,Sivasagar",Assam,IMD,,18.0,1995.0,6.0,5.0,1,1995.0,6.0,5.0,2.0,1.2246467991473532e-16,-1.0,1,Other,1,16,1
15.0,severe flood,"Barpeta, Bongaigaon, Darrang, Dhemaji, Dhubri, Dibrugarh, Goalpara, Golaghat, Jorhat, Kamrup, Karimganj, Marigaon, Nagaon, Nalbari, Lakhimpur, Sivasagar, Sonitpur,Tinsukia",Assam,IMD,,18.0,1995.0,7.0,4.0,1,1995.0,7.0,4.0,3.0,-0.4999999999999997,-0.8660254037844388,1,Other,1,18,1
7.0,severe flood,"Bongaigaon, Darrang, Dhemaji, Dhubri, Dibrugarh, Jorhat, Kamrup, Marigaon, Sivasagar,Tinsukia",Assam,IMD,,18.0,1995.0,8.0,13.0,0,1995.0,8.0,13.0,3.0,-0.8660254037844385,-0.5000000000000004,1,Other,1,10,1
7.0,severe flood,"Darbhanga, Gopalganj, Katihar, Khagaria, Purnia, Samastipur, Sitamarhi,Pashchim Champaran",Bihar,IMD,,10.0,1995.0,7.0,22.0,0,1995.0,7.0,22.0,3.0,-0.4999999999999997,-0.8660254037844388,1,Other,1,8,1
15.0,severe floods,"Darbhanga, Gopalganj, Katihar, Khagaria, Madhepura, Madhubani, Patna, Purnia, Saharsa, Samastipur, Sitamarhi,Pashchim Champaran",Bihar,IMD,,10.0,1995.0,8.0,17.0,1,1995.0,8.0,17.0,3.0,-0.8660254037844385,-0.5000000000000004,1,Other,1,12,1
7.0,severe flood,"Banka, Bhagalpur, Purbi West Singhbhum,Sahebganj",Bihar,IMD,,10.0,1995.0,10.0,9.0,1,1995.0,10.0,9.0,4.0,-0.8660254037844386,0.5000000000000001,1,Other,1,4,1
1.0,heavy rains,Panipat,Haryana,IMD,71.0,6.0,1995.0,6.0,12.0,0,1995.0,6.0,12.0,2.0,1.2246467991473532e-16,-1.0,0,Heavy Rain,1,1,1
1.0,heavy rains,"Jhajjar, Gurugram, Faridabad, Mahendragarh, Rewari, Nuh, Palwal, Charki Dadri, Yamunanagar, Kurukshetra, Kaithal, Sirsa, Karnal, Jind, Fatehabad, Hisar, Panipat, Sonipat, Bhiwani, Rohtak, Panchkula, Ambala",Haryana,IMD,,6.0,1995.0,8.0,10.0,0,1995.0,8.0,10.0,3.0,-0.8660254037844385,-0.5000000000000004,0,Heavy Rain,1,22,1
2.0,heavy rains,"Ambala, Karnal,Rohtak",Haryana,IMD,,6.0,1995.0,8.0,29.0,0,1995.0,8.0,29.0,3.0,-0.8660254037844385,-0.5000000000000004,0,Heavy Rain,1,3,1
2.0,severe flood,"Ambala, Bhiwani, Hisar, Kaithal, Karnal, Kurukshetra, Panipat, Rohtak,Sonipat",Haryana,IMD,,6.0,1995.0,9.0,4.0,1,1995.0,9.0,4.0,3.0,-1.0,-1.8369701987210297e-16,0,Other,1,9,1
2.0,flash flood,"Bhiwani, Hisar, Jind, Kaithal, Rohtak,Sirsa",Haryana,IMD,,6.0,1995.0,9.0,9.0,1,1995.0,9.0,9.0,3.0,-1.0,-1.8369701987210297e-16,0,Flash Flood,1,6,1
1.0,heavy rains,Hamirpur,Himachal Pradesh,IMD,17.0,2.0,1995.0,2.0,15.0,0,1995.0,2.0,15.0,1.0,0.8660254037844386,0.5000000000000001,0,Heavy Rain,1,1,1
1.0,heavy rains,"Lahul And Spiti, Chamba, Kangra, Kullu, Mandi, Kinnaur, Una, Shimla, Solan, Sirmaur, Hamirpur, Bilaspur",Himachal Pradesh,IMD,,2.0,1995.0,7.0,5.0,0,1995.0,7.0,5.0,3.0,-0.4999999999999997,-0.8660254037844388,0,Heavy Rain,1,12,1
4.0,heavy rains,"Lahul And Spiti, Chamba, Kangra, Kullu, Mandi, Kinnaur, Una, Shimla, Solan, Sirmaur, Hamirpur, Bilaspur",Himachal Pradesh,IMD,,2.0,1995.0,7.0,9.0,0,1995.0,7.0,9.0,3.0,-0.4999999999999997,-0.8660254037844388,0,Heavy Rain,1,12,1
2.0,heavy rains,"Lahul And Spiti, Chamba, Kangra, Kullu, Mandi, Kinnaur, Una, Shimla, Solan, Sirmaur, Hamirpur, Bilaspur",Himachal Pradesh,IMD,,2.0,1995.0,8.0,2.0,0,1995.0,8.0,2.0,3.0,-0.8660254037844385,-0.5000000000000004,0,Heavy Rain,1,12,1
7.0,severe flood,"Chamba, Kinnaur, Shimla,Solan",Himachal Pradesh,IMD,,2.0,1995.0,8.0,8.0,1,1995.0,8.0,8.0,3.0,-0.8660254037844385,-0.5000000000000004,1,Other,1,4,1
1.0,heavy rains,Sirmaur,Himachal Pradesh,IMD,24.0,2.0,1995.0,8.0,31.0,0,1995.0,8.0,31.0,3.0,-0.8660254037844385,-0.5000000000000004,0,Heavy Rain,1,1,1
1.0,heavy rains,"Lahul And Spiti, Chamba, Kangra, Kullu, Mandi, Kinnaur, Una, Shimla, Solan, Sirmaur, Hamirpur, Bilaspur",Himachal Pradesh,IMD,,2.0,1995.0,9.0,5.0,1,1995.0,9.0,5.0,3.0,-1.0,-1.8369701987210297e-16,0,Heavy Rain,1,12,1
3.0,severe flood,"Lahul And Spiti, Chamba, Kangra, Kullu, Mandi, Kinnaur, Una, Shimla, Solan, Sirmaur, Hamirpur, Bilaspur",Himachal Pradesh,IMD,,2.0,1995.0,9.0,12.0,1,1995.0,9.0,12.0,3.0,-1.0,-1.8369701987210297e-16,0,Other,1,12,1
9.0,severe flood,"Kupwara, Bandipora, Baramulla, Ganderbal, Anantnag, Kishtwar, Srinagar, Budgam, Pulwama, Poonch, Shopian, Kulgam, Rajouri, Ramban, Reasi, Doda, Jammu, Kathua, Udhampur, Samba, Muzaffarabad, Mirpur",Jammu and Kashmir,IMD,,,1995.0,7.0,25.0,1,1995.0,7.0,25.0,3.0,-0.4999999999999997,-0.8660254037844388,1,Other,1,22,1
1.0,heavy rains,Ballari,Karnataka,IMD,528.0,29.0,1995.0,7.0,28.0,0,1995.0,7.0,28.0,3.0,-0.4999999999999997,-0.8660254037844388,0,Heavy Rain,1,1,1
3.0,heavy rains,"Ernakulam, Idukki, Thiruvananthapuram",Kerala,IMD,,32.0,1995.0,5.0,7.0,0,1995.0,5.0,7.0,2.0,0.49999999999999994,-0.8660254037844387,0,Heavy Rain,1,3,1
4.0,heavy rains,"Alappuzha,Kottayam",Kerala,IMD,,32.0,1995.0,5.0,7.0,0,1995.0,5.0,7.0,2.0,0.49999999999999994,-0.8660254037844387,0,Heavy Rain,1,2,1
5.0,heavy rains,"Ernakulam, Idukki, Kasaragod, Kollam, Kottayam, Kozhikode, Malappuram,Thiruvananthapuram",Kerala,IMD,,32.0,1995.0,6.0,13.0,0,1995.0,6.0,13.0,2.0,1.2246467991473532e-16,-1.0,0,Heavy Rain,1,8,1
2.0,heavy rains,"Alappuzha, Idukki,Wayanad",Kerala,IMD,,32.0,1995.0,9.0,2.0,0,1995.0,9.0,2.0,3.0,-1.0,-1.8369701987210297e-16,0,Heavy Rain,1,3,1
1.0,heavy rains,"Kozhikode,Thiruvananthapuram",Kerala,IMD,,32.0,1995.0,10.0,7.0,0,1995.0,10.0,7.0,4.0,-0.8660254037844386,0.5000000000000001,0,Heavy Rain,1,2,1
4.0,heavy rains,"Burhanpur, Morena, Bhind, Gwalior, Sheopur, Shivpuri, Tikamgarh, Neemuch, Rewa, Satna, Guna, Ashoknagar, Mandsaur, Singrauli, Sidhi, Sagar, Damoh, Shajapur, Vidisha, Rajgarh, Shahdol, Katni, Umaria, Ratlam, Bhopal, Ujjain, Raisen, Sehore, Jabalpur, Dewas, Anuppur, Jhabua, Dindori, Narsimhapur, Dhar, Indore, Mandla, Narmadapuram, Seoni, Alirajpur, Chhindwara, Harda, Khargone (Khargone (West Nimar)), East Nimar, Balaghat, Barwani, Agar-Malwa, Datia, Chhatarpur, Panna, Betul, Niwari",Madhya Pradesh,IMD,,23.0,1995.0,7.0,25.0,1,1995.0,7.0,25.0,3.0,-0.4999999999999997,-0.8660254037844388,0,Heavy Rain,1,52,1
1.0,heavy rains,Aurangabad,Maharashtra,IMD,189.0,27.0,1995.0,5.0,13.0,0,1995.0,5.0,13.0,2.0,0.49999999999999994,-0.8660254037844387,0,Heavy Rain,1,1,1
1.0,heavy rains,Thane,Maharashtra,IMD,497.0,27.0,1995.0,7.0,23.0,0,1995.0,7.0,23.0,3.0,-0.4999999999999997,-0.8660254037844388,0,Heavy Rain,1,1,1
1.0,heavy rains,Mumbai,Maharashtra,IMD,482.0,27.0,1995.0,8.0,1.0,0,1995.0,8.0,1.0,3.0,-0.8660254037844385,-0.5000000000000004,0,Heavy Rain,1,1,1
1.0,heavy rains,Aurangabad,Maharashtra,IMD,189.0,27.0,1995.0,8.0,31.0,0,1995.0,8.0,31.0,3.0,-0.8660254037844385,-0.5000000000000004,0,Heavy Rain,1,1,1
1.0,heavy rains,"Kolhapur, Nanded,Yavatmal",Maharashtra,IMD,,27.0,1995.0,9.0,1.0,0,1995.0,9.0,1.0,3.0,-1.0,-1.8369701987210297e-16,0,Heavy Rain,1,3,1
2.0,heavy rains,"Mumbai,Thane",Maharashtra,IMD,,27.0,1995.0,9.0,1.0,0,1995.0,9.0,1.0,3.0,-1.0,-1.8369701987210297e-16,0,Heavy Rain,1,2,1
1.0,heavy rains,Akola,Maharashtra,IMD,467.0,27.0,1995.0,9.0,17.0,0,1995.0,9.0,17.0,3.0,-1.0,-1.8369701987210297e-16,0,Heavy Rain,1,1,1
1.0,heavy rains,"Ri Bhoi, West Khasi Hills, East East Jaintia Hills, East Khasi Hills, South Garo Hills, West Garo Hills, East Garo Hills, West East Jaintia Hills, South West Khasi Hills, North Garo Hills, South West Garo Hills",Meghalaya,IMD,,17.0,1995.0,6.0,19.0,1,1995.0,6.0,19.0,2.0,1.2246467991473532e-16,-1.0,0,Heavy Rain,1,11,1
1.0,heavy rains,"Kolasib, Aizawl, Mamit, Champhai, Serchhip, Lunglei, Siaha, Lawngtlai",Mizoram,IMD,,15.0,1995.0,5.0,18.0,1,1995.0,5.0,18.0,2.0,0.49999999999999994,-0.8660254037844387,0,Heavy Rain,1,8,1
3.0,severe flood,"Bhadrak, Dhenkanal, Jajapur, Subarnapur, Nuapada, Balangir, Boudh, Cuttack, Kandhamal, Nayagarh, Khordha, Kalahandi, Jagatsinghapur, Puri, Nagpur, Rayagada, Koraput, Malkangiri, Anugul, Kendrapara, Ganjam, Gajapati, Mayurbhanj, Sundargarh, Kendujhar, Baleshwar, Jharsuguda, Bargarh, Deogarh, Sambalpur",Odisha,IMD,,21.0,1995.0,5.0,8.0,0,1995.0,5.0,8.0,2.0,0.49999999999999994,-0.8660254037844387,0,Other,1,30,1
3.0,severe flood,"Bhadrak, Dhenkanal, Jajapur, Subarnapur, Nuapada, Balangir, Boudh, Cuttack, Kandhamal, Nayagarh, Khordha, Kalahandi, Jagatsinghapur, Puri, Nagpur, Rayagada, Koraput, Malkangiri, Anugul, Kendrapara, Ganjam, Gajapati, Mayurbhanj, Sundargarh, Kendujhar, Baleshwar, Jharsuguda, Bargarh, Deogarh, Sambalpur",Odisha,IMD,,21.0,1995.0,5.0,14.0,1,1995.0,5.0,14.0,2.0,0.49999999999999994,-0.8660254037844387,0,Other,1,30,1
2.0,heavy rains,Amritsar,Punjab,IMD,27.0,3.0,1995.0,8.0,6.0,1,1995.0,8.0,6.0,3.0,-0.8660254037844385,-0.5000000000000004,0,Heavy Rain,1,1,1
1.0,heavy rains,Ferozepur,Punjab,IMD,31.0,3.0,1995.0,8.0,8.0,0,1995.0,8.0,8.0,3.0,-0.8660254037844385,-0.5000000000000004,0,Heavy Rain,1,1,1
1.0,heavy rains,Faridkot,Punjab,IMD,29.0,3.0,1995.0,8.0,10.0,0,1995.0,8.0,10.0,3.0,-0.8660254037844385,-0.5000000000000004,0,Heavy Rain,1,1,1
1.0,heavy rains,Ferozepur,Punjab,IMD,31.0,3.0,1995.0,8.0,12.0,0,1995.0,8.0,12.0,3.0,-0.8660254037844385,-0.5000000000000004,0,Heavy Rain,1,1,1
1.0,heavy rains,Ferozepur,Punjab,IMD,31.0,3.0,1995.0,8.0,22.0,0,1995.0,8.0,22.0,3.0,-0.8660254037844385,-0.5000000000000004,0,Heavy Rain,1,1,1
2.0,heavy rains,"Ferozepur,Gurdaspur",Punjab,IMD,,3.0,1995.0,8.0,30.0,0,1995.0,8.0,30.0,3.0,-0.8660254037844385,-0.5000000000000004,0,Heavy Rain,1,2,1
1.0,heavy rains,Jalandhar,Punjab,IMD,34.0,3.0,1995.0,9.0,5.0,0,1995.0,9.0,5.0,3.0,-1.0,-1.8369701987210297e-16,0,Heavy Rain,1,1,1
1.0,heavy rains,"Amritsar, Ferozepur,Kapurthala",Punjab,IMD,,3.0,1995.0,9.0,9.0,0,1995.0,9.0,9.0,3.0,-1.0,-1.8369701987210297e-16,0,Heavy Rain,1,3,1
2.0,flash flood,"Faridkot, Gurdaspur,Kapurthala",Punjab,IMD,,3.0,1995.0,9.0,12.0,1,1995.0,9.0,12.0,3.0,-1.0,-1.8369701987210297e-16,0,Flash Flood,1,3,1
1.0,heavy rains,Alwar,Rajasthan,IMD,87.0,8.0,1995.0,7.0,15.0,0,1995.0,7.0,15.0,3.0,-0.4999999999999997,-0.8660254037844388,0,Heavy Rain,1,1,1
1.0,heavy rains,Barmer,Rajasthan,IMD,90.0,8.0,1995.0,7.0,16.0,1,1995.0,7.0,16.0,3.0,-0.4999999999999997,-0.8660254037844388,0,Heavy Rain,1,1,1
1.0,heavy rains,"Ajmer,Alwar, Banswara",Rajasthan,IMD,,8.0,1995.0,7.0,18.0,1,1995.0,7.0,18.0,3.0,-0.4999999999999997,-0.8660254037844388,0,Heavy Rain,1,3,1
1.0,heavy rains,"Chittorgarh, Jodhpur, Nagaur, Sikar,Udaipur",Rajasthan,IMD,,8.0,1995.0,7.0,19.0,0,1995.0,7.0,19.0,3.0,-0.4999999999999997,-0.8660254037844388,0,Heavy Rain,1,5,1
5.0,severe flood,"Alwar, Bharatpur,Nagaur",Rajasthan,IMD,,8.0,1995.0,8.0,9.0,1,1995.0,8.0,9.0,3.0,-0.8660254037844385,-0.5000000000000004,0,Other,1,3,1
1.0,heavy rains,Jaipur,Rajasthan,IMD,102.0,8.0,1995.0,8.0,19.0,0,1995.0,8.0,19.0,3.0,-0.8660254037844385,-0.5000000000000004,0,Heavy Rain,1,1,1
2.0,heavy rains,"Bhilwara,Kota",Rajasthan,IMD,,8.0,1995.0,8.0,20.0,0,1995.0,8.0,20.0,3.0,-0.8660254037844385,-0.5000000000000004,0,Heavy Rain,1,2,1
3.0,heavy rains,"Alwar,Jaipur",Rajasthan,IMD,,8.0,1995.0,8.0,28.0,0,1995.0,8.0,28.0,3.0,-0.8660254037844385,-0.5000000000000004,0,Heavy Rain,1,2,1
2.0,heavy rains,"Ajmer,Alwar",Rajasthan,IMD,,8.0,1995.0,9.0,4.0,1,1995.0,9.0,4.0,3.0,-1.0,-1.8369701987210297e-16,0,Heavy Rain,1,2,1
1.0,heavy rains,Bharatpur,Rajasthan,IMD,760.0,8.0,1995.0,9.0,8.0,0,1995.0,9.0,8.0,3.0,-1.0,-1.8369701987210297e-16,0,Heavy Rain,1,1,1
1.0,heavy rains,Gangtok,Sikkim,IMD,225.0,11.0,1995.0,9.0,6.0,1,1995.0,9.0,6.0,3.0,-1.0,-1.8369701987210297e-16,0,Heavy Rain,1,1,1
1.0,heavy rains,Kanniyakumariumari,Tamil Nadu,IMD,,33.0,1995.0,5.0,6.0,1,1995.0,5.0,6.0,2.0,0.49999999999999994,-0.8660254037844387,0,Heavy Rain,1,1,1
7.0,heavy rains,"Nagapattinam,Thanjavur",Tamil Nadu,IMD,,33.0,1995.0,11.0,2.0,1,1995.0,11.0,2.0,4.0,-0.5000000000000004,0.8660254037844384,1,Heavy Rain,1,2,1
1.0,heavy rains,"North Tripura, Dhalai, Sepahijala, Gomati, Khowai, West Tripura, South Tripura, Unakoti",Tripura,IMD,,16.0,1995.0,6.0,8.0,0,1995.0,6.0,8.0,2.0,1.2246467991473532e-16,-1.0,0,Heavy Rain,1,8,1
1.0,heavy rains,"North Tripura, Dhalai, Sepahijala, Gomati, Khowai, West Tripura, South Tripura, Unakoti",Tripura,IMD,,16.0,1995.0,6.0,18.0,0,1995.0,6.0,18.0,2.0,1.2246467991473532e-16,-1.0,0,Heavy Rain,1,8,1
1.0,flash flood,"North Tripura, Dhalai, Sepahijala, Gomati, Khowai, West Tripura, South Tripura, Unakoti",Tripura,IMD,,16.0,1995.0,6.0,5.0,0,1995.0,6.0,5.0,2.0,1.2246467991473532e-16,-1.0,0,Flash Flood,1,8,1
1.0,heavy rains,"Chamoli,Nainital",Uttar Pradesh,IMD,,9.0,1995.0,8.0,14.0,1,1995.0,8.0,14.0,3.0,-0.8660254037844385,-0.5000000000000004,0,Heavy Rain,1,2,1
1.0,heavy rains,"Meerut, Muzaffarnagar,Saharanpur",Uttar Pradesh,IMD,,9.0,1995.0,8.0,29.0,0,1995.0,8.0,29.0,3.0,-0.8660254037844385,-0.5000000000000004,0,Heavy Rain,1,3,1
24.0,severe flood,"Amroha, Hapur, Bareilly, Pilibhit, Bulandshahr, Gautam Buddha Nagar, Kheri, Budaun, Bahraich, Shahjahanpur, Aligarh, Kasganj, Mathura, SShrawasti, Sitapur, Hathras, Etah, Hardoi, Farrukhabad, Firozabad, Siddharthnagar, Mainpuri, Mahrajganj, Agra, Gonda, Bara Banki, Kushinagar, Kannauj, Lucknow, Basti, Gorakhpur, Sant Kabir Nagar, Unnao, Etawah, Kanpur nagar Nagar, Auraiya, Ayodhya, Kanpur nagar Dehat, Deoria, Sultanpur, Ambedkar Nagar, Rae Bareli, Jalaun, Azamgarh, Mau, Fatehpur, Ballia, Jaunpur, Jhansi, Banda, Ghazipurr, Kaushambi, Prayagraj, Varanasi, Chitrakoot, Chandauli, Bhadohi, Mirzapur, Lalitpur, Sonbhadra, Amethi, Ghaziabad, Sambhal, Mahoba, Saharanpur, Bijnor, Muzaffarnagar, Baghpat, Meerut, Moradabad, Rampur, Shamli, Balrampur, Hamirpur, Pratapgarh",Uttar Pradesh,IMD,,9.0,1995.0,8.0,22.0,1,1995.0,8.0,22.0,3.0,-0.8660254037844385,-0.5000000000000004,1,Other,1,75,1
1.0,heavy rains,Meerut,Uttar Pradesh,IMD,169.0,9.0,1995.0,9.0,3.0,1,1995.0,9.0,3.0,3.0,-1.0,-1.8369701987210297e-16,0,Heavy Rain,1,1,1
1.0,heavy rains,Hardoi,Uttar Pradesh,IMD,150.0,9.0,1995.0,9.0,9.0,0,1995.0,9.0,9.0,3.0,-1.0,-1.8369701987210297e-16,0,Heavy Rain,1,1,1
1.0,heavy rains,Varanasi,Uttar Pradesh,IMD,187.0,9.0,1995.0,9.0,19.0,1,1995.0,9.0,19.0,3.0,-1.0,-1.8369701987210297e-16,0,Heavy Rain,1,1,1
1.0,heavy rains,Kolkata,West Bengal,IMD,315.0,19.0,1995.0,5.0,16.0,0,1995.0,5.0,16.0,2.0,0.49999999999999994,-0.8660254037844387,0,Heavy Rain,1,1,1
1.0,heavy rains,Paschim Medinipur,West Bengal,IMD,318.0,19.0,1995.0,6.0,29.0,0,1995.0,6.0,29.0,2.0,1.2246467991473532e-16,-1.0,0,Heavy Rain,1,1,1
1.0,heavy rains,"Kolkata,neighbourhood",West Bengal,IMD,,19.0,1995.0,8.0,3.0,0,1995.0,8.0,3.0,3.0,-0.8660254037844385,-0.5000000000000004,0,Heavy Rain,1,2,1
1.0,heavy rains,Purba Medinipur,West Bengal,IMD,317.0,19.0,1995.0,8.0,21.0,0,1995.0,8.0,21.0,3.0,-0.8660254037844385,-0.5000000000000004,0,Heavy Rain,1,1,1
1.0,heavy rains,South 24 Parganas,West Bengal,IMD,304.0,19.0,1995.0,9.0,3.0,0,1995.0,9.0,3.0,3.0,-1.0,-1.8369701987210297e-16,0,Heavy Rain,1,1,1
1.0,heavy rains,Purba Medinipur,West Bengal,IMD,317.0,19.0,1995.0,9.0,4.0,0,1995.0,9.0,4.0,3.0,-1.0,-1.8369701987210297e-16,0,Heavy Rain,1,1,1
1.0,flash flood,Paschim Purba Medinipur,West Bengal,IMD,,19.0,1995.0,9.0,10.0,0,1995.0,9.0,10.0,3.0,-1.0,-1.8369701987210297e-16,0,Flash Flood,1,1,1
1.0,heavy rains,"Kolkata, Malda",West Bengal,IMD,,19.0,1995.0,9.0,16.0,0,1995.0,9.0,16.0,3.0,-1.0,-1.8369701987210297e-16,0,Heavy Rain,1,2,1
2.0,heavy rains,South 24 Parganas,West Bengal,IMD,304.0,19.0,1995.0,9.0,17.0,0,1995.0,9.0,17.0,3.0,-1.0,-1.8369701987210297e-16,0,Heavy Rain,1,1,1
1.0,heavy rains,"Kolkata, Howrah, Paschim Purba Medinipur,Purba Purba Medinipur,South 24 Parganas",West Bengal,IMD,,19.0,1995.0,9.0,26.0,0,1995.0,9.0,26.0,3.0,-1.0,-1.8369701987210297e-16,0,Heavy Rain,1,5,1
4.0,heavy rains,"Uttar Kashi Dinajpur, Dakshin Dinajpur",West Bengal,IMD,,19.0,1995.0,9.0,26.0,1,1995.0,9.0,26.0,3.0,-1.0,-1.8369701987210297e-16,0,Heavy Rain,1,2,1
1.0,heavy rains,"Hooghly, Purulia",West Bengal,IMD,,19.0,1995.0,9.0,27.0,0,1995.0,9.0,27.0,3.0,-1.0,-1.8369701987210297e-16,0,Heavy Rain,1,2,1
2.0,heavy rains,"Birbhum, Malda",West Bengal,IMD,,19.0,1995.0,9.0,27.0,0,1995.0,9.0,27.0,3.0,-1.0,-1.8369701987210297e-16,0,Heavy Rain,1,2,1
1.0,heavy rains,"Kolkata, Hooghly",West Bengal,IMD,,19.0,1995.0,11.0,9.0,0,1995.0,11.0,9.0,4.0,-0.5000000000000004,0.8660254037844384,0,Heavy Rain,1,2,1
1.0,heavy rains,Kolkata,West Bengal,IMD,315.0,19.0,1995.0,11.0,10.0,0,1995.0,11.0,10.0,4.0,-0.5000000000000004,0.8660254037844384,0,Heavy Rain,1,1,1
2.0,heavy rains,"North, North East, West, East, South West, Central, New New Delhi, South, Shahdara, South East, North West",Delhi,IMD,,7.0,1995.0,9.0,6.0,0,1995.0,9.0,6.0,3.0,-1.0,-1.8369701987210297e-16,0,Heavy Rain,1,11,1
1.0,heavy rains,"North, North East, West, East, South West, Central, New New Delhi, South, Shahdara, South East, North West",Delhi,IMD,,7.0,1995.0,9.0,9.0,0,1995.0,9.0,9.0,3.0,-1.0,-1.8369701987210297e-16,0,Heavy Rain,1,11,1
31.0,severe flood,"Adilabad, East Godavari, Guntur, Hyderabad, Krishna, Medak,Nizamabad, Visakhapatnam , Vizianagaram",Andhra Pradesh,IMD,,28.0,1996.0,8.0,1.0,1,1996.0,8.0,1.0,3.0,-0.8660254037844385,-0.5000000000000004,1,Other,1,9,1
30.0,severe flood,"Ananthapuramuamu, Y.S.R., Hyderabad, Kurnool",Andhra Pradesh,IMD,,28.0,1996.0,9.0,1.0,1,1996.0,9.0,1.0,3.0,-1.0,-1.8369701987210297e-16,1,Other,1,4,1
3.0,severe flood,"Adilabad, Ananthapuramuamu, East Godavari, Guntur, Kurnool, Medak,  Sri Potti Sriramulu Nellore,Nizamabad, Prakasam, Visakhapatnam, Vizianagaram",Andhra Pradesh,IMD,,28.0,1996.0,10.0,1.0,1,1996.0,10.0,1.0,4.0,-0.8660254037844386,0.5000000000000001,0,Other,1,11,1
5.0,severe flood,"Ananthapuramuamu, Chittoor, East Godavari, Guntur, Krishna, Kurnool,  Sri Potti Sriramulu Nellore, Prakasam, Visakhapatnam,West Godavari",Andhra Pradesh,IMD,,28.0,1996.0,10.0,17.0,1,1996.0,10.0,17.0,4.0,-0.8660254037844386,0.5000000000000001,0,Other,1,10,1
5.0,severe flood,"Barpeta, Bongaigaon, Darrang, Dhemaji, Dhubri, Dibrugarh, Goalpara, Golaghat, Jorhat, Kamrup, Kokrajhar, Marigaon, Nagaon, Nalbari, Lakhimpur, Sivasagar, Sonitpur,Tinsukia",Assam,IMD,,18.0,1996.0,7.0,27.0,1,1996.0,7.0,27.0,3.0,-0.4999999999999997,-0.8660254037844388,0,Other,1,18,1
23.0,severe flood,"Cachar, Darrang, Dhemaji, Golaghat, Jorhat, Kamrup, Karimganj, Nagaon, Sivasagar,Sonitpur",Assam,IMD,,18.0,1996.0,8.0,12.0,0,1996.0,8.0,12.0,3.0,-0.8660254037844385,-0.5000000000000004,1,Other,1,10,1
31.0,severe flood,"Pashchim Champaran, Purbi Champaran, Sitamarhi, Sheohar, Gopalganj, Samastipur, Katihar, Khagaria, Bhojpur, Buxar, Darbhanga, Saharsa, Kaimur (Bhabua), Rohtas, Jamui, Banka, Nawada, Gaya, Munger, Vaishali, Begusarai, Bhagalpur, Lakhisarai, Sheikhpura, Arwal, Jehanabad, Nalanda, Patna, Saran, Siwan, Muzaffarpur, Madhepura, Araria, Supaul, Madhubani, Purnia, Kishanganj, Aurangabad",Bihar,IMD,,10.0,1996.0,7.0,1.0,1,1996.0,7.0,1.0,3.0,-0.4999999999999997,-0.8660254037844388,1,Other,1,38,1
7.0,severe flood,"Araria, Madhubani, Saharsa, Sitamarhi",Bihar,IMD,,10.0,1996.0,8.0,1.0,1,1996.0,8.0,1.0,3.0,-0.8660254037844385,-0.5000000000000004,1,Other,1,4,1
2.0,severe flood,"Bharuch, Vadodara",Gujarat,IMD,,24.0,1996.0,7.0,26.0,0,1996.0,7.0,26.0,3.0,-0.4999999999999997,-0.8660254037844388,0,Other,1,2,1
2.0,flash flood,"Faridabad, Gurugram",Haryana,IMD,,6.0,1996.0,6.0,26.0,0,1996.0,6.0,26.0,2.0,1.2246467991473532e-16,-1.0,0,Flash Flood,1,2,1
3.0,heavy rains,"Jhajjar, Gurugram, Faridabad, Mahendragarh, Rewari, Nuh, Palwal, Charki Dadri, Yamunanagar, Kurukshetra, Kaithal, Sirsa, Karnal, Jind, Fatehabad, Hisar, Panipat, Sonipat, Bhiwani, Rohtak, Panchkula, Ambala",Haryana,IMD,,6.0,1996.0,9.0,8.0,0,1996.0,9.0,8.0,3.0,-1.0,-1.8369701987210297e-16,0,Heavy Rain,1,22,1
1.0,heavy rains,Solan,Himachal Pradesh,IMD,25.0,2.0,1996.0,6.0,19.0,0,1996.0,6.0,19.0,2.0,1.2246467991473532e-16,-1.0,0,Heavy Rain,1,1,1
1.0,heavy rains,Kangra,Himachal Pradesh,IMD,18.0,2.0,1996.0,6.0,27.0,1,1996.0,6.0,27.0,2.0,1.2246467991473532e-16,-1.0,0,Heavy Rain,1,1,1
1.0,heavy rains,Bilaspur,Himachal Pradesh,IMD,375.0,2.0,1996.0,7.0,1.0,0,1996.0,7.0,1.0,3.0,-0.4999999999999997,-0.8660254037844388,0,Heavy Rain,1,1,1
10.0,heavy rains,"Lahul And Spiti, Chamba, Kangra, Kullu, Mandi, Kinnaur, Una, Shimla, Solan, Sirmaur, Hamirpur, Bilaspur",Himachal Pradesh,IMD,,2.0,1996.0,7.0,14.0,0,1996.0,7.0,14.0,3.0,-0.4999999999999997,-0.8660254037844388,1,Heavy Rain,1,12,1
1.0,heavy rains,Hamirpur,Himachal Pradesh,IMD,17.0,2.0,1996.0,8.0,3.0,0,1996.0,8.0,3.0,3.0,-0.8660254037844385,-0.5000000000000004,0,Heavy Rain,1,1,1
1.0,heavy rains,Shimla,Himachal Pradesh,IMD,23.0,2.0,1996.0,8.0,13.0,0,1996.0,8.0,13.0,3.0,-0.8660254037844385,-0.5000000000000004,0,Heavy Rain,1,1,1
2.0,heavy rains,"Lahul And Spiti, Chamba, Kangra, Kullu, Mandi, Kinnaur, Una, Shimla, Solan, Sirmaur, Hamirpur, Bilaspur",Himachal Pradesh,IMD,,2.0,1996.0,9.0,8.0,0,1996.0,9.0,8.0,3.0,-1.0,-1.8369701987210297e-16,0,Heavy Rain,1,12,1
2.0,heavy rains,"Kupwara, Bandipora, Baramulla, Ganderbal, Anantnag, Kishtwar, Srinagar, Budgam, Pulwama, Poonch, Shopian, Kulgam, Rajouri, Ramban, Reasi, Doda, Jammu, Kathua, Udhampur, Samba, Muzaffarabad, Mirpur",Jammu and Kashmir,IMD,,,1996.0,3.0,16.0,0,1996.0,3.0,16.0,1.0,1.0,6.123233995736766e-17,0,Heavy Rain,1,22,1
4.0,severe floods,Kashmir Valley,Jammu and Kashmir,IMD,,,1996.0,6.0,17.0,0,1996.0,6.0,17.0,2.0,1.2246467991473532e-16,-1.0,0,Other,1,1,1
7.0,severe flood,"Kupwara, Bandipora, Baramulla, Ganderbal, Anantnag, Kishtwar, Srinagar, Budgam, Pulwama, Poonch, Shopian, Kulgam, Rajouri, Ramban, Reasi, Doda, Jammu, Kathua, Udhampur, Samba, Muzaffarabad, Mirpur",Jammu and Kashmir,IMD,,,1996.0,6.0,22.0,1,1996.0,6.0,22.0,2.0,1.2246467991473532e-16,-1.0,1,Other,1,22,1
6.0,severe flood,"Doda, Jammu, Kashmir Valley, Kathua, Rajouri, Udhampur",Jammu and Kashmir,IMD,,,1996.0,8.0,21.0,1,1996.0,8.0,21.0,3.0,-0.8660254037844385,-0.5000000000000004,0,Other,1,6,1
3.0,heavy rains,"Bengaluru Rural, Ballari, Bijapur, Surendranagar, Kolar",Karnataka,IMD,,29.0,1996.0,6.0,13.0,1,1996.0,6.0,13.0,2.0,1.2246467991473532e-16,-1.0,0,Heavy Rain,1,5,1
1.0,heavy rains,Bengaluru Rural,Karnataka,IMD,526.0,29.0,1996.0,6.0,14.0,0,1996.0,6.0,14.0,2.0,1.2246467991473532e-16,-1.0,0,Heavy Rain,1,1,1
1.0,heavy rains,Bengaluru Rural,Karnataka,IMD,526.0,29.0,1996.0,8.0,11.0,0,1996.0,8.0,11.0,3.0,-0.8660254037844385,-0.5000000000000004,0,Heavy Rain,1,1,1
31.0,severe flood,"Beedar, Kalaburagi, Belagavi, Yadgir, Bagalkotee, Raichur, Koppal, Gadag, Ballari, Dharwad, Uttar Kashia Kannada, Haveri, Chitradurga, Davangere, Shivamogga, Udupi, Chikkamagaluru, Chikkaballapura, Hassan, Kolar, Bengaluru Rural, Dakshina Kannada, Bengaluru Urban, Kodagu, Chamarajanagaraa, Tumakuru, Ramanagara, Mandya, Mysuru, Vijayapura",Karnataka,IMD,,29.0,1996.0,8.0,1.0,1,1996.0,8.0,1.0,3.0,-0.8660254037844385,-0.5000000000000004,1,Other,1,30,1
2.0,heavy rains,"Belagavi, Ballari, Dharwad, Raichur",Karnataka,IMD,,29.0,1996.0,10.0,1.0,1,1996.0,10.0,1.0,4.0,-0.8660254037844386,0.5000000000000001,0,Heavy Rain,1,4,1
2.0,heavy rains,"Alappuzha, Ernakulam, Idukki, Kannur, Kasaragod, Kottayam, Kozhikode, Malappuram, Thrissur, Wayanad",Kerala,IMD,,32.0,1996.0,6.0,14.0,0,1996.0,6.0,14.0,2.0,1.2246467991473532e-16,-1.0,0,Heavy Rain,1,10,1
7.0,heavy rains,"Kasaragod, Wayanad, Kozhikode, Malappuram, Palakkad, Thrissur, Idukki, Ernakulam, Alappuzha, Kottayam, Pathanamthitta, Kollam, Thiruvananthapuram, Kannur",Kerala,IMD,,32.0,1996.0,6.0,16.0,1,1996.0,6.0,16.0,2.0,1.2246467991473532e-16,-1.0,1,Heavy Rain,1,14,1
1.0,heavy rains,"Kozhikode, Thiruvananthapuram",Kerala,IMD,,32.0,1996.0,6.0,20.0,0,1996.0,6.0,20.0,2.0,1.2246467991473532e-16,-1.0,0,Heavy Rain,1,2,1
1.0,heavy rains,Bilaspur,Madhya Pradesh,IMD,375.0,23.0,1996.0,7.0,1.0,0,1996.0,7.0,1.0,3.0,-0.4999999999999997,-0.8660254037844388,0,Heavy Rain,1,1,1
4.0,heavy rains,Bhopal,Madhya Pradesh,IMD,396.0,23.0,1996.0,7.0,24.0,0,1996.0,7.0,24.0,3.0,-0.4999999999999997,-0.8660254037844388,0,Heavy Rain,1,1,1
1.0,heavy rains,Damoh,Madhya Pradesh,IMD,400.0,23.0,1996.0,8.0,4.0,0,1996.0,8.0,4.0,3.0,-0.8660254037844385,-0.5000000000000004,0,Heavy Rain,1,1,1
4.0,heavy rains,"Bhopal, Morena, Raigarh",Madhya Pradesh,IMD,,23.0,1996.0,8.0,21.0,0,1996.0,8.0,21.0,3.0,-0.8660254037844385,-0.5000000000000004,0,Heavy Rain,1,3,1
1.0,heavy rains,Thane,Maharashtra,IMD,497.0,27.0,1996.0,6.0,9.0,0,1996.0,6.0,9.0,2.0,1.2246467991473532e-16,-1.0,0,Heavy Rain,1,1,1
1.0,heavy rains,Nashik,Maharashtra,IMD,487.0,27.0,1996.0,6.0,15.0,0,1996.0,6.0,15.0,2.0,1.2246467991473532e-16,-1.0,0,Heavy Rain,1,1,1
2.0,heavy rains,"Kolhapur, Mumbai, Thane, Pune",Maharashtra,IMD,,27.0,1996.0,6.0,18.0,0,1996.0,6.0,18.0,2.0,1.2246467991473532e-16,-1.0,0,Heavy Rain,1,4,1
2.0,heavy rains,Ratnagiri,Maharashtra,IMD,492.0,27.0,1996.0,6.0,21.0,0,1996.0,6.0,21.0,2.0,1.2246467991473532e-16,-1.0,0,Heavy Rain,1,1,1
1.0,heavy rains,Mumbai,Maharashtra,IMD,482.0,27.0,1996.0,7.0,11.0,0,1996.0,7.0,11.0,3.0,-0.4999999999999997,-0.8660254037844388,0,Heavy Rain,1,1,1
7.0,heavy rains,"Mumbai, Thane",Maharashtra,IMD,,27.0,1996.0,7.0,15.0,1,1996.0,7.0,15.0,3.0,-0.4999999999999997,-0.8660254037844388,1,Heavy Rain,1,2,1
1.0,heavy rains,"Jalna, Nanded",Maharashtra,IMD,,27.0,1996.0,8.0,29.0,0,1996.0,8.0,29.0,3.0,-0.8660254037844385,-0.5000000000000004,0,Heavy Rain,1,2,1
6.0,severe flood,"Beed, Latur, Nanded",Maharashtra,IMD,,27.0,1996.0,9.0,10.0,0,1996.0,9.0,10.0,3.0,-1.0,-1.8369701987210297e-16,0,Other,1,3,1
10.0,heavy rains,"Gondia, Bhandara, Jalgaon, Wardha, Buldhana, Akola, Nashik, Gadchiroli, Washim, Chandrapur, Yavatmal, Jalna, Ahmednagar, Hingoli, Nanded, Parbhani, Pune, Beed, Mumbai, Latur, Dharashiv, Solapur, Satara, Ratnagiri, Sangli, Kolhapur, Sindhudurg, Thane, Palghar, Nandurbar, Amravati, Dhule, Nagpur, Aurangabad, Raigarh, Mumbai Suburban",Maharashtra,IMD,,27.0,1996.0,9.0,26.0,1,1996.0,9.0,26.0,3.0,-1.0,-1.8369701987210297e-16,1,Heavy Rain,1,36,1
1.0,heavy rains,Pune,Maharashtra,IMD,490.0,27.0,1996.0,10.0,2.0,0,1996.0,10.0,2.0,4.0,-0.8660254037844386,0.5000000000000001,0,Heavy Rain,1,1,1
1.0,heavy rains,Sangli,Maharashtra,IMD,493.0,27.0,1996.0,10.0,5.0,0,1996.0,10.0,5.0,4.0,-0.8660254037844386,0.5000000000000001,0,Heavy Rain,1,1,1
1.0,heavy rains,Ahmednagar,Maharashtra,IMD,466.0,27.0,1996.0,10.0,22.0,0,1996.0,10.0,22.0,4.0,-0.8660254037844386,0.5000000000000001,0,Heavy Rain,1,1,1
1.0,flash flood,"East Garo Hills, South Garo Hills, West Garo Hills",Meghalaya,IMD,,17.0,1996.0,7.0,29.0,0,1996.0,7.0,29.0,3.0,-0.4999999999999997,-0.8660254037844388,0,Flash Flood,1,3,1
1.0,heavy rains,Ferozepur,Punjab,IMD,31.0,3.0,1996.0,6.0,19.0,0,1996.0,6.0,19.0,2.0,1.2246467991473532e-16,-1.0,0,Heavy Rain,1,1,1
1.0,heavy rains,Patiala,Punjab,IMD,41.0,3.0,1996.0,9.0,9.0,0,1996.0,9.0,9.0,3.0,-1.0,-1.8369701987210297e-16,0,Heavy Rain,1,1,1
7.0,severe flood,"Alwar, Bharatpur, Bikaner, Churu, Dausa, Hanumangarh, Jaipur, Jaisalmer, Jhunjhunu, Jodhpur, Nagaur, Sikar, Udaipur",Rajasthan,IMD,,8.0,1996.0,6.0,20.0,1,1996.0,6.0,20.0,2.0,1.2246467991473532e-16,-1.0,1,Other,1,13,1
1.0,heavy rains,Jhalawar,Rajasthan,IMD,105.0,8.0,1996.0,7.0,26.0,0,1996.0,7.0,26.0,3.0,-0.4999999999999997,-0.8660254037844388,0,Heavy Rain,1,1,1
1.0,heavy rains,"Bharatpur, Jodhpur",Rajasthan,IMD,,8.0,1996.0,8.0,6.0,0,1996.0,8.0,6.0,3.0,-0.8660254037844385,-0.5000000000000004,0,Heavy Rain,1,2,1
1.0,heavy rains,Ajmer,Rajasthan,IMD,86.0,8.0,1996.0,9.0,5.0,0,1996.0,9.0,5.0,3.0,-1.0,-1.8369701987210297e-16,0,Heavy Rain,1,1,1
2.0,heavy rains,"Ajmer, Alwar, Bharatpur",Rajasthan,IMD,,8.0,1996.0,9.0,8.0,1,1996.0,9.0,8.0,3.0,-1.0,-1.8369701987210297e-16,0,Heavy Rain,1,3,1
1.0,heavy rains,Gangtok,Sikkim,IMD,225.0,11.0,1996.0,10.0,5.0,0,1996.0,10.0,5.0,4.0,-0.8660254037844386,0.5000000000000001,0,Heavy Rain,1,1,1
2.0,heavy rains,"Chennai, Cuddalore, Coimbatore, Thanjavur",Tamil Nadu,IMD,,33.0,1996.0,6.0,14.0,1,1996.0,6.0,14.0,2.0,1.2246467991473532e-16,-1.0,0,Heavy Rain,1,4,1
3.0,severe flood,"Chengalpattu,Chennai, Dharmapuri, Dindigul, Kanniyakumariumari, Madurai, Nagapattinam, Salem, Tirunelveli, Tiruchirappalli, Tiruvannamalai",Tamil Nadu,IMD,,33.0,1996.0,10.0,17.0,1,1996.0,10.0,17.0,4.0,-0.8660254037844386,0.5000000000000001,0,Other,1,11,1
12.0,heavy rains,"Chennai, Nagapattinam,Thanjavur",Tamil Nadu,IMD,,33.0,1996.0,11.0,17.0,0,1996.0,11.0,17.0,4.0,-0.5000000000000004,0.8660254037844384,1,Heavy Rain,1,3,1
7.0,heavy rains,"Thiruvallur, Chennai, Krishnagiri, Tiruvannamalai, Dharmapuri, Salem, Erode, The Nilgiris, Namakkal, Perambalur, Coimbatore, Tiruchirappalli, Ariyalur, Tiruppur, Thanjavur, Karur, Thiruvarur, Dindigul, Madurai, Theni, Virudhunagar, Thoothukkudi, Kanniyakumariumari, Viluppuram, Cuddalore, Pudukkottai, Sivaganga, Ramanathapuram, Nagapattinam, Kallakurichi, Tenkasi, Tirunelveli, Vellore, Ranipet, Tirupathur, Kancheepuram, Chengalpattu",Tamil Nadu,IMD,,33.0,1996.0,12.0,12.0,1,1996.0,12.0,12.0,4.0,-2.4492935982947064e-16,1.0,1,Heavy Rain,1,37,1
1.0,heavy rains,West Tripura,Tripura,IMD,272.0,16.0,1996.0,7.0,2.0,0,1996.0,7.0,2.0,3.0,-0.4999999999999997,-0.8660254037844388,0,Heavy Rain,1,1,1
1.0,heavy rains,Pithoragarh,Uttar Pradesh,IMD,53.0,9.0,1996.0,7.0,18.0,1,1996.0,7.0,18.0,3.0,-0.4999999999999997,-0.8660254037844388,0,Heavy Rain,1,1,1
1.0,heavy rains,Bara Banki,Uttar Pradesh,IMD,129.0,9.0,1996.0,7.0,24.0,0,1996.0,7.0,24.0,3.0,-0.4999999999999997,-0.8660254037844388,0,Heavy Rain,1,1,1
7.0,heavy rains,"Prayagraj, Bareilly, Etawah",Uttar Pradesh,IMD,,9.0,1996.0,8.0,13.0,1,1996.0,8.0,13.0,3.0,-0.8660254037844385,-0.5000000000000004,1,Heavy Rain,1,3,1
1.0,severe flood,"Bahraich, Bara Banki, Ayodhya, Gonda, Gorakhpur",Uttar Pradesh,IMD,,9.0,1996.0,8.0,21.0,1,1996.0,8.0,21.0,3.0,-0.8660254037844385,-0.5000000000000004,0,Other,1,5,1
1.0,heavy rains,Hardoi,Uttar Pradesh,IMD,150.0,9.0,1996.0,9.0,13.0,0,1996.0,9.0,13.0,3.0,-1.0,-1.8369701987210297e-16,0,Heavy Rain,1,1,1
1.0,heavy rains,Purba Bardhaman,West Bengal,IMD,306.0,19.0,1996.0,6.0,23.0,0,1996.0,6.0,23.0,2.0,1.2246467991473532e-16,-1.0,0,Heavy Rain,1,1,1
2.0,severe flood,"Cooch Behar, Darjeeling, Jalpaiguri",West Bengal,IMD,,19.0,1996.0,7.0,12.0,1,1996.0,7.0,12.0,3.0,-0.4999999999999997,-0.8660254037844388,0,Other,1,3,1
7.0,severe flood,Dakshin Dinajpur,West Bengal,IMD,310.0,19.0,1996.0,7.0,15.0,0,1996.0,7.0,15.0,3.0,-0.4999999999999997,-0.8660254037844388,1,Other,1,1,1
2.0,flash flood,"Hooghly, Murshidabad, Nadia",West Bengal,IMD,,19.0,1996.0,8.0,9.0,0,1996.0,8.0,9.0,3.0,-0.8660254037844385,-0.5000000000000004,0,Flash Flood,1,3,1
1.0,heavy rains,Kolkata,West Bengal,IMD,315.0,19.0,1996.0,8.0,21.0,0,1996.0,8.0,21.0,3.0,-0.8660254037844385,-0.5000000000000004,0,Heavy Rain,1,1,1
1.0,heavy rains,"Malda, Murshidabad",West Bengal,IMD,,19.0,1996.0,8.0,31.0,0,1996.0,8.0,31.0,3.0,-0.8660254037844385,-0.5000000000000004,0,Heavy Rain,1,2,1
2.0,heavy rains,Kolkata,West Bengal,IMD,315.0,19.0,1996.0,9.0,26.0,0,1996.0,9.0,26.0,3.0,-1.0,-1.8369701987210297e-16,0,Heavy Rain,1,1,1
2.0,"heavy rains , severe flood","Kolkata, Howrah, Paschim Purba Medinipur,Purba Purba Medinipur, Nadia,North 24 Parganas",West Bengal,IMD,,19.0,1996.0,10.0,28.0,1,1996.0,10.0,28.0,4.0,-0.8660254037844386,0.5000000000000001,0,Heavy Rain,1,6,1
1.0,heavy rains,New Delhi,Delhi,IMD,79.0,7.0,1996.0,6.0,24.0,0,1996.0,6.0,24.0,2.0,1.2246467991473532e-16,-1.0,0,Heavy Rain,1,1,1
1.0,heavy rains,New Delhi,Delhi,IMD,79.0,7.0,1996.0,6.0,25.0,0,1996.0,6.0,25.0,2.0,1.2246467991473532e-16,-1.0,0,Heavy Rain,1,1,1
7.0,heavy rains,"Ananthapuramu, Chittoor, Guntur, Krishna, Kurnool, Prakasam",Andhra Pradesh,IMD,,28.0,1997.0,9.0,8.0,1,1997.0,9.0,8.0,3.0,-1.0,-1.8369701987210297e-16,1,Heavy Rain,1,6,1
7.0,heavy rains,"Guntur, Hyderabad, Krishna, Prakasam, Visakhapatnam, West Godavari,East Godavari, Khammam,  Sri Potti Sriramulu Nellore",Andhra Pradesh,IMD,,28.0,1997.0,9.0,22.0,1,1997.0,9.0,22.0,3.0,-1.0,-1.8369701987210297e-16,1,Heavy Rain,1,9,1
7.0,flash flood,"Khammam, Sri Potti Sriramulu Nellore",Andhra Pradesh,IMD,,28.0,1997.0,10.0,22.0,0,1997.0,10.0,22.0,4.0,-0.8660254037844386,0.5000000000000001,1,Flash Flood,1,2,1
23.0,severe flood,"Chittoor,  Sri Potti Sriramulu Nellore, Prakasam",Andhra Pradesh,IMD,,28.0,1997.0,11.0,22.0,1,1997.0,11.0,22.0,4.0,-0.5000000000000004,0.8660254037844384,1,Other,1,3,1
2.0,flash flood,Lower Lower Subansiri,Arunachal Pradesh,IMD,,12.0,1997.0,6.0,18.0,0,1997.0,6.0,18.0,2.0,1.2246467991473532e-16,-1.0,0,Flash Flood,1,1,1
21.0,severe floods,"Barpeta, Dhemaji, Goalpara, Jorhat, Lakhimpur, Nalbari",Assam,IMD,,18.0,1997.0,6.0,10.0,0,1997.0,6.0,10.0,2.0,1.2246467991473532e-16,-1.0,1,Other,1,6,1
14.0,severe floods,"Tinsukia, Dhemaji, Dibrugarh, Lakhimpur, Sivasagar, Jorhat, Sonitpur, Golaghat, Udalguri, Chirang, Baksa, Nagaon, Kokrajhar, Darrang, Barpeta, Nalbari, Marigaon, Kamrup, Bongaigaon, Dhubri, Kamrup Metro, Goalpara, Dima Hasao, Cachar, Karimganj, Hailakandi, Charaideo, Majuli, Biswanath, Hojai, South Salmara Mancachar, Karbi Anglong, West Karbi Anglong",Assam,IMD,,18.0,1997.0,7.0,8.0,1,1997.0,7.0,8.0,3.0,-0.4999999999999997,-0.8660254037844388,1,Other,1,33,1
14.0,severe flood,"Dhemaji, Sonitpur",Assam,IMD,,18.0,1997.0,9.0,15.0,0,1997.0,9.0,15.0,3.0,-1.0,-1.8369701987210297e-16,1,Other,1,2,1
1.0,flash flood,"Katihar, Muzaffarpur, Sitamarhi, Siwan",Bihar,IMD,,10.0,1997.0,7.0,18.0,1,1997.0,7.0,18.0,3.0,-0.4999999999999997,-0.8660254037844388,0,Flash Flood,1,4,1
1.0,heavy rains,Patna,Bihar,IMD,520.0,10.0,1997.0,7.0,21.0,0,1997.0,7.0,21.0,3.0,-0.4999999999999997,-0.8660254037844388,0,Heavy Rain,1,1,1
21.0,severe flood,"Pashchim Champaran, Purbi Champaran, Sitamarhi, Sheohar, Gopalganj, Samastipur, Katihar, Khagaria, Bhojpur, Buxar, Darbhanga, Saharsa, Kaimur (Bhabua), Rohtas, Jamui, Banka, Nawada, Gaya, Munger, Vaishali, Begusarai, Bhagalpur, Lakhisarai, Sheikhpura, Arwal, Jehanabad, Nalanda, Patna, Saran, Siwan, Muzaffarpur, Madhepura, Araria, Supaul, Madhubani, Purnia, Kishanganj, Aurangabad",Bihar,IMD,,10.0,1997.0,8.0,1.0,1,1997.0,8.0,1.0,3.0,-0.8660254037844385,-0.5000000000000004,1,Other,1,38,1
7.0,severe flood,"Ahmedabad, Banas Kantha, Bharuch, Kheda, Mahesana, Panch Mahals, Sabar Kantha, Surat, Surendranagar",Gujarat,IMD,,24.0,1997.0,6.0,22.0,1,1997.0,6.0,22.0,2.0,1.2246467991473532e-16,-1.0,1,Other,1,9,1
1.0,heavy rains,Kheda,Gujarat,IMD,450.0,24.0,1997.0,8.0,7.0,0,1997.0,8.0,7.0,3.0,-0.8660254037844385,-0.5000000000000004,0,Heavy Rain,1,1,1
1.0,heavy rains,Ahmedabad,Gujarat,IMD,438.0,24.0,1997.0,8.0,25.0,1,1997.0,8.0,25.0,3.0,-0.8660254037844385,-0.5000000000000004,0,Heavy Rain,1,1,1
3.0,heavy rains,"Ahmedabad, Gandhinagar, Kheda, Sabar Kantha, Surat, Vadodara, Valsad",Gujarat,IMD,,24.0,1997.0,8.0,26.0,1,1997.0,8.0,26.0,3.0,-0.8660254037844385,-0.5000000000000004,0,Heavy Rain,1,7,1
1.0,heavy rains,Yamunanagar,Haryana,IMD,76.0,6.0,1997.0,12.0,9.0,0,1997.0,12.0,9.0,4.0,-2.4492935982947064e-16,1.0,0,Heavy Rain,1,1,1
1.0,heavy rains,Chamba,Himachal Pradesh,IMD,16.0,2.0,1997.0,8.0,2.0,0,1997.0,8.0,2.0,3.0,-0.8660254037844385,-0.5000000000000004,0,Heavy Rain,1,1,1
1.0,heavy rains,"Lahul And Spiti, Shimla",Himachal Pradesh,IMD,,2.0,1997.0,8.0,3.0,0,1997.0,8.0,3.0,3.0,-0.8660254037844385,-0.5000000000000004,0,Heavy Rain,1,2,1
2.0,flash flood,"Kinnaur, Shimla",Himachal Pradesh,IMD,,2.0,1997.0,8.0,11.0,1,1997.0,8.0,11.0,3.0,-0.8660254037844385,-0.5000000000000004,0,Flash Flood,1,2,1
7.0,moderate floods,Kashmir Valley,Jammu and Kashmir,IMD,,,1997.0,8.0,22.0,1,1997.0,8.0,22.0,3.0,-0.8660254037844385,-0.5000000000000004,1,Other,1,1,1
2.0,heavy rains,Raichur,Karnataka,IMD,546.0,29.0,1997.0,4.0,30.0,0,1997.0,4.0,30.0,2.0,0.8660254037844387,-0.4999999999999998,0,Heavy Rain,1,1,1
1.0,heavy rains,Kodagu,Karnataka,IMD,541.0,29.0,1997.0,6.0,27.0,0,1997.0,6.0,27.0,2.0,1.2246467991473532e-16,-1.0,0,Heavy Rain,1,1,1
4.0,heavy rains,Dakshina Kannada,Karnataka,IMD,534.0,29.0,1997.0,7.0,10.0,1,1997.0,7.0,10.0,3.0,-0.4999999999999997,-0.8660254037844388,0,Heavy Rain,1,1,1
1.0,heavy rains,Bengaluru Rural,Karnataka,IMD,526.0,29.0,1997.0,10.0,1.0,0,1997.0,10.0,1.0,4.0,-0.8660254037844386,0.5000000000000001,0,Heavy Rain,1,1,1
1.0,flash flood,Dharwad,Karnataka,IMD,536.0,29.0,1997.0,10.0,4.0,0,1997.0,10.0,4.0,4.0,-0.8660254037844386,0.5000000000000001,0,Flash Flood,1,1,1
1.0,heavy rains,Chikkamagaluru,Karnataka,IMD,532.0,29.0,1997.0,10.0,27.0,0,1997.0,10.0,27.0,4.0,-0.8660254037844386,0.5000000000000001,0,Heavy Rain,1,1,1
12.0,heavy rains,"Kannur, Kasaragod, Kottayam, Kozhikode, Malappuram, Thiruvananthapuram",Kerala,IMD,,32.0,1997.0,7.0,1.0,1,1997.0,7.0,1.0,3.0,-0.4999999999999997,-0.8660254037844388,1,Heavy Rain,1,6,1
5.0,heavy rains,"Idukki, Kottayam",Kerala,IMD,,32.0,1997.0,7.0,20.0,1,1997.0,7.0,20.0,3.0,-0.4999999999999997,-0.8660254037844388,0,Heavy Rain,1,2,1
9.0,heavy rains,"Alappuzha, Idukki, Kottayam, Malappuram,Pathanamthitta",Kerala,IMD,,32.0,1997.0,11.0,3.0,0,1997.0,11.0,3.0,4.0,-0.5000000000000004,0.8660254037844384,1,Heavy Rain,1,5,1
1.0,heavy rains,Ernakulam,Kerala,IMD,555.0,32.0,1997.0,12.0,16.0,0,1997.0,12.0,16.0,4.0,-2.4492935982947064e-16,1.0,0,Heavy Rain,1,1,1
2.0,"flash flood, heavy rain","Balaghat, Bhopal,Khargone (Khargone (West Nimar))",Madhya Pradesh,IMD,,23.0,1997.0,8.0,23.0,0,1997.0,8.0,23.0,3.0,-0.8660254037844385,-0.5000000000000004,0,Flash Flood,1,3,1
1.0,heavy rains,Nashik,Maharashtra,IMD,487.0,27.0,1997.0,1.0,17.0,0,1997.0,1.0,17.0,1.0,0.49999999999999994,0.8660254037844387,0,Heavy Rain,1,1,1
1.0,heavy rains,Nashik,Maharashtra,IMD,487.0,27.0,1997.0,4.0,2.0,0,1997.0,4.0,2.0,2.0,0.8660254037844387,-0.4999999999999998,0,Heavy Rain,1,1,1
1.0,heavy rains,Pune,Maharashtra,IMD,490.0,27.0,1997.0,4.0,25.0,0,1997.0,4.0,25.0,2.0,0.8660254037844387,-0.4999999999999998,0,Heavy Rain,1,1,1
1.0,"heavy rains, flash flood","Jalgaon, Satara, Jalna",Maharashtra,IMD,,27.0,1997.0,6.0,14.0,0,1997.0,6.0,14.0,2.0,1.2246467991473532e-16,-1.0,0,Flash Flood,1,3,1
6.0,heavy rains,"Mumbai, Mumbai Suburban,Thane",Maharashtra,IMD,,27.0,1997.0,6.0,18.0,1,1997.0,6.0,18.0,2.0,1.2246467991473532e-16,-1.0,0,Heavy Rain,1,3,1
1.0,heavy rains,Mumbai Suburban,Maharashtra,IMD,483.0,27.0,1997.0,6.0,21.0,0,1997.0,6.0,21.0,2.0,1.2246467991473532e-16,-1.0,0,Heavy Rain,1,1,1
1.0,heavy rains,"Mumbai, Pune",Maharashtra,IMD,,27.0,1997.0,6.0,29.0,0,1997.0,6.0,29.0,2.0,1.2246467991473532e-16,-1.0,0,Heavy Rain,1,2,1
3.0,heavy rains,"Mumbai, Mumbai Suburban, Raigarh, Ratnagiri, Sindhudurg,Thane",Maharashtra,IMD,,27.0,1997.0,7.0,5.0,0,1997.0,7.0,5.0,3.0,-0.4999999999999997,-0.8660254037844388,0,Heavy Rain,1,6,1
1.0,heavy rains,Jalgaon,Maharashtra,IMD,478.0,27.0,1997.0,7.0,6.0,0,1997.0,7.0,6.0,3.0,-0.4999999999999997,-0.8660254037844388,0,Heavy Rain,1,1,1
1.0,heavy rains,"Mumbai, Kolhapur",Maharashtra,IMD,,27.0,1997.0,8.0,2.0,0,1997.0,8.0,2.0,3.0,-0.8660254037844385,-0.5000000000000004,0,Heavy Rain,1,2,1
1.0,heavy rains,Kolhapur,Maharashtra,IMD,480.0,27.0,1997.0,8.0,7.0,0,1997.0,8.0,7.0,3.0,-0.8660254037844385,-0.5000000000000004,0,Heavy Rain,1,1,1
1.0,heavy rains,Pune,Maharashtra,IMD,490.0,27.0,1997.0,8.0,10.0,0,1997.0,8.0,10.0,3.0,-0.8660254037844385,-0.5000000000000004,0,Heavy Rain,1,1,1
3.0,heavy rains,"Gondia, Bhandara, Jalgaon, Wardha, Buldhana, Akola, Nashik, Gadchiroli, Washim, Chandrapur, Yavatmal, Jalna, Ahmednagar, Hingoli, Nanded, Parbhani, Pune, Beed, Mumbai, Latur, Dharashiv, Solapur, Satara, Ratnagiri, Sangli, Kolhapur, Sindhudurg, Thane, Palghar, Nandurbar, Amravati, Dhule, Nagpur, Aurangabad, Raigarh, Mumbai Suburban",Maharashtra,IMD,,27.0,1997.0,8.0,22.0,1,1997.0,8.0,22.0,3.0,-0.8660254037844385,-0.5000000000000004,0,Heavy Rain,1,36,1
1.0,heavy rains,"Nagpur, Solapur",Maharashtra,IMD,,27.0,1997.0,8.0,27.0,0,1997.0,8.0,27.0,3.0,-0.8660254037844385,-0.5000000000000004,0,Heavy Rain,1,2,1
1.0,heavy rains,"Wardha,Yavatmal",Maharashtra,IMD,,27.0,1997.0,9.0,23.0,0,1997.0,9.0,23.0,3.0,-1.0,-1.8369701987210297e-16,0,Heavy Rain,1,2,1
1.0,heavy rains,Nagpur,Maharashtra,IMD,484.0,27.0,1997.0,10.0,29.0,0,1997.0,10.0,29.0,4.0,-0.8660254037844386,0.5000000000000001,0,Heavy Rain,1,1,1
2.0,heavy rains,"Amravati, Nagpur,Wardha",Maharashtra,IMD,,27.0,1997.0,12.0,4.0,0,1997.0,12.0,4.0,4.0,-2.4492935982947064e-16,1.0,0,Heavy Rain,1,3,1
21.0,severe floods,"Bhadrak, Dhenkanal, Jajapur, Subarnapur, Nuapada, Balangir, Boudh, Cuttack, Kandhamal, Nayagarh, Khordha, Kalahandi, Jagatsinghapur, Puri, Nagpur, Rayagada, Koraput, Malkangiri, Anugul, Kendrapara, Ganjam, Gajapati, Mayurbhanj, Sundargarh, Kendujhar, Baleshwar, Jharsuguda, Bargarh, Deogarh, Sambalpur",Odisha,IMD,,21.0,1997.0,8.0,1.0,1,1997.0,8.0,1.0,3.0,-0.8660254037844385,-0.5000000000000004,1,Other,1,30,1
1.0,heavy rains,"Gurdaspur, Hoshiarpur, Amritsar, Jalandhar, Tarn Taran, Rupnagar, Shahid Bhagat Singh Nagar, Fazilka, Moga, Ludhiana, S.A.S Nagar*, Faridkot, Fatehgarh Sahib, Sri Sri Muktsar Sahib Sahib, Sangrur, Barnala, Bathinda, Patiala, Mansa, Ferozepur, Pathankot, Kapurthala",Punjab,IMD,,3.0,1997.0,8.0,27.0,0,1997.0,8.0,27.0,3.0,-0.8660254037844385,-0.5000000000000004,0,Heavy Rain,1,22,1
2.0,flash flood,"Ajmer, Jaipur,Kota",Rajasthan,IMD,,8.0,1997.0,7.0,29.0,1,1997.0,7.0,29.0,3.0,-0.4999999999999997,-0.8660254037844388,0,Flash Flood,1,3,1
3.0,heavy rains,"Ajmer, Kota,Sirohi",Rajasthan,IMD,,8.0,1997.0,8.0,1.0,1,1997.0,8.0,1.0,3.0,-0.8660254037844385,-0.5000000000000004,0,Heavy Rain,1,3,1
5.0,heavy rains,"Ajmer, Alwar, Banswara, Baran, Bhilwara, Bikaner,Bundi, Chittorgarh, Churu, Dausa, Dungarpur, Jaipur, Jalore,Jhunjhunu, Jodhpur, Kota, Nagpur, Pali, Sawai Madhopur, Sikar, Sirohi,Tonk",Rajasthan,IMD,,8.0,1997.0,8.0,25.0,1,1997.0,8.0,25.0,3.0,-0.8660254037844385,-0.5000000000000004,0,Heavy Rain,1,22,1
3.0,heavy rains,Gangtok,Sikkim,IMD,225.0,11.0,1997.0,6.0,8.0,1,1997.0,6.0,8.0,2.0,1.2246467991473532e-16,-1.0,0,Heavy Rain,1,1,1
23.0,heavy rains,"Chengalpattu, Chennai, Nagapattinam, Thanjavur,Tiruchirappalli",Tamil Nadu,IMD,,33.0,1997.0,11.0,1.0,1,1997.0,11.0,1.0,4.0,-0.5000000000000004,0.8660254037844384,1,Heavy Rain,1,5,1
16.0,heavy rains,"Thiruvallur, Chennai, Krishnagiri, Tiruvannamalai, Dharmapuri, Salem, Erode, The Nilgiris, Namakkal, Perambalur, Coimbatore, Tiruchirappalli, Ariyalur, Tiruppur, Thanjavur, Karur, Thiruvarur, Dindigul, Madurai, Theni, Virudhunagar, Thoothukkudi, Kanniyakumariumari, Viluppuram, Cuddalore, Pudukkottai, Sivaganga, Ramanathapuram, Nagapattinam, Kallakurichi, Tenkasi, Tirunelveli, Vellore, Ranipet, Tirupathur, Kancheepuram, Chengalpattu",Tamil Nadu,IMD,,33.0,1997.0,12.0,5.0,1,1997.0,12.0,5.0,4.0,-2.4492935982947064e-16,1.0,1,Heavy Rain,1,37,1
1.0,heavy rains,West Tripura,Tripura,IMD,272.0,16.0,1997.0,5.0,8.0,0,1997.0,5.0,8.0,2.0,0.49999999999999994,-0.8660254037844387,0,Heavy Rain,1,1,1
1.0,flash flood,"Azamgarh, Bareilly, Ayodhya, Gorakhpur,Almora, Bageshwar, Champawat, Nainital, Pithoragarh,Udam Singh Nagar, Moradabad,Varanasi",Uttar Pradesh,IMD,,9.0,1997.0,7.0,13.0,1,1997.0,7.0,13.0,3.0,-0.4999999999999997,-0.8660254037844388,0,Flash Flood,1,12,1
7.0,flash flood,Siddharthnagar,Uttar Pradesh,IMD,182.0,9.0,1997.0,7.0,8.0,0,1997.0,7.0,8.0,3.0,-0.4999999999999997,-0.8660254037844388,1,Flash Flood,1,1,1
1.0,heavy rains,Ghazipurr,Uttar Pradesh,IMD,,9.0,1997.0,7.0,21.0,1,1997.0,7.0,21.0,3.0,-0.4999999999999997,-0.8660254037844388,0,Heavy Rain,1,1,1
1.0,heavy rains,Jaunpur,Uttar Pradesh,IMD,152.0,9.0,1997.0,8.0,13.0,0,1997.0,8.0,13.0,3.0,-0.8660254037844385,-0.5000000000000004,0,Heavy Rain,1,1,1
1.0,heavy rains,Bara Banki,Uttar Pradesh,IMD,129.0,9.0,1997.0,8.0,17.0,0,1997.0,8.0,17.0,3.0,-0.8660254037844385,-0.5000000000000004,0,Heavy Rain,1,1,1
1.0,heavy rains,Etawah,Uttar Pradesh,IMD,139.0,9.0,1997.0,9.0,2.0,0,1997.0,9.0,2.0,3.0,-1.0,-1.8369701987210297e-16,0,Heavy Rain,1,1,1
1.0,heavy rains,Etawah,Uttar Pradesh,IMD,139.0,9.0,1997.0,9.0,6.0,0,1997.0,9.0,6.0,3.0,-1.0,-1.8369701987210297e-16,0,Heavy Rain,1,1,1
9.0,severe floods,Purba Medinipur,West Bengal,IMD,317.0,19.0,1997.0,8.0,5.0,1,1997.0,8.0,5.0,3.0,-0.8660254037844385,-0.5000000000000004,1,Other,1,1,1
1.0,heavy rains,Darjeeling,West Bengal,IMD,309.0,19.0,1997.0,8.0,6.0,1,1997.0,8.0,6.0,3.0,-0.8660254037844385,-0.5000000000000004,0,Heavy Rain,1,1,1
1.0,heavy rains,Purba Medinipur,West Bengal,IMD,317.0,19.0,1997.0,8.0,18.0,0,1997.0,8.0,18.0,3.0,-0.8660254037844385,-0.5000000000000004,0,Heavy Rain,1,1,1
1.0,flash flood,"Malda, Paschim Purba Medinipur,Purba Purba Medinipur, South 24 Parganas",West Bengal,IMD,,19.0,1997.0,8.0,22.0,1,1997.0,8.0,22.0,3.0,-0.8660254037844385,-0.5000000000000004,0,Flash Flood,1,4,1
1.0,heavy rains,Chandigarh,Punjab,IMD,44.0,3.0,1997.0,6.0,26.0,0,1997.0,6.0,26.0,2.0,1.2246467991473532e-16,-1.0,0,Heavy Rain,1,1,1
1.0,heavy rains,"North, North East, West, East, South West, Central, New New Delhi, South, Shahdara, South East, North West",Delhi,IMD,,7.0,1997.0,6.0,19.0,0,1997.0,6.0,19.0,2.0,1.2246467991473532e-16,-1.0,0,Heavy Rain,1,11,1
9.0,moderate flood,"Y.S.R., Guntur, Kurnool,West Godavari",Andhra Pradesh,IMD,,28.0,1998.0,9.0,20.0,1,1998.0,9.0,20.0,3.0,-1.0,-1.8369701987210297e-16,1,Other,1,4,1
7.0,severe floods,"Srikakulam, Vizianagaram, Visakhapatnam, Krishna, Guntur, East Godavari, Prakasam, Kurnool, Ananthapuramuamu, Sri Potti Sriramulu Nellore, West Godavari, Y.S.R., Chittoor",Andhra Pradesh,IMD,,28.0,1998.0,10.0,8.0,1,1998.0,10.0,8.0,4.0,-0.8660254037844386,0.5000000000000001,1,Other,1,13,1
8.0,heavy rains,"Srikakulam, Vizianagaram, Visakhapatnam, Krishna, Guntur, East Godavari, Prakasam, Kurnool, Ananthapuramuamu, Sri Potti Sriramulu Nellore, West Godavari, Y.S.R., Chittoor",Andhra Pradesh,IMD,,28.0,1998.0,10.0,28.0,1,1998.0,10.0,28.0,4.0,-0.8660254037844386,0.5000000000000001,1,Heavy Rain,1,13,1
6.0,heavy rains,"Srikakulam, Vizianagaram, Visakhapatnam, Krishna, Guntur, East Godavari, Prakasam, Kurnool, Ananthapuramuamu, Sri Potti Sriramulu Nellore, West Godavari, Y.S.R., Chittoor",Andhra Pradesh,IMD,,28.0,1998.0,12.0,11.0,1,1998.0,12.0,11.0,4.0,-2.4492935982947064e-16,1.0,0,Heavy Rain,1,13,1
1.0,heavy rains,"Upper Lower Subansiri, Anjaw, Changlang, Tawang, Papum Pare, Tirap, East Siang, Lohit, Kurung Kumey, Lower Lower Subansiri, East Kameng, West Kameng, West Kameng, West Kameng, Kra Daadi, Namsai, Longding, Upper Siang, Lower Siang, Dibang Valley, Lower Dibang Valley, Siang, Shi Yomi, Pakke Kessang, West Siang, Leparada, Kamle",Arunachal Pradesh,IMD,,12.0,1998.0,6.0,17.0,1,1998.0,6.0,17.0,2.0,1.2246467991473532e-16,-1.0,0,Heavy Rain,1,27,1
1.0,heavy rains,"Cachar, Dhemaji,Dibrugarh, Lakhimpur,Tinsukia",Assam,IMD,,18.0,1998.0,6.0,3.0,1,1998.0,6.0,3.0,2.0,1.2246467991473532e-16,-1.0,0,Heavy Rain,1,5,1
7.0,severe floods,"Cachar, Darrang, Dhemaji, Dibrugarh, Jorhat, Lakhimpur, Sonitpur,Tinsukia",Assam,IMD,,18.0,1998.0,6.0,10.0,1,1998.0,6.0,10.0,2.0,1.2246467991473532e-16,-1.0,1,Other,1,8,1
4.0,severe floods,"Barpeta, Darrang, Jorhat, Nalbari,Sivasagar",Assam,IMD,,18.0,1998.0,6.0,21.0,0,1998.0,6.0,21.0,2.0,1.2246467991473532e-16,-1.0,0,Other,1,5,1
31.0,severe floods,"Tinsukia, Dhemaji, Dibrugarh, Lakhimpur, Sivasagar, Jorhat, Sonitpur, Golaghat, Udalguri, Chirang, Baksa, Nagaon, Kokrajhar, Darrang, Barpeta, Nalbari, Marigaon, Kamrup, Bongaigaon, Dhubri, Kamrup Metro, Goalpara, Dima Hasao, Cachar, Karimganj, Hailakandi, Charaideo, Majuli, Biswanath, Hojai, South Salmara Mancachar, Karbi Anglong, West Karbi Anglong",Assam,IMD,,18.0,1998.0,7.0,1.0,1,1998.0,7.0,1.0,3.0,-0.4999999999999997,-0.8660254037844388,1,Other,1,33,1
10.0,severe floods,"Barpeta, Cachar, Dhemaji, Dhubri, Jorhat,Nalbari",Assam,IMD,,18.0,1998.0,8.0,1.0,1,1998.0,8.0,1.0,3.0,-0.8660254037844385,-0.5000000000000004,1,Other,1,6,1
1.0,flash flood,"Bongaigaon,Dhemaji",Assam,IMD,,18.0,1998.0,8.0,26.0,1,1998.0,8.0,26.0,3.0,-0.8660254037844385,-0.5000000000000004,0,Flash Flood,1,2,1
11.0,severe floods,"Tinsukia, Dhemaji, Dibrugarh, Lakhimpur, Sivasagar, Jorhat, Sonitpur, Golaghat, Udalguri, Chirang, Baksa, Nagaon, Kokrajhar, Darrang, Barpeta, Nalbari, Marigaon, Kamrup, Bongaigaon, Dhubri, Kamrup Metro, Goalpara, Dima Hasao, Cachar, Karimganj, Hailakandi, Charaideo, Majuli, Biswanath, Hojai, South Salmara Mancachar, Karbi Anglong, West Karbi Anglong",Assam,IMD,,18.0,1998.0,9.0,1.0,1,1998.0,9.0,1.0,3.0,-1.0,-1.8369701987210297e-16,1,Other,1,33,1
2.0,moderate flood,"Darrang, Golaghat",Assam,IMD,,18.0,1998.0,9.0,14.0,0,1998.0,9.0,14.0,3.0,-1.0,-1.8369701987210297e-16,0,Other,1,2,1
1.0,heavy rains,"Patna, Vaishali",Bihar,IMD,,10.0,1998.0,7.0,18.0,0,1998.0,7.0,18.0,3.0,-0.4999999999999997,-0.8660254037844388,0,Heavy Rain,1,2,1
12.0,severe floods,"Pashchim Champaran, Purbi Champaran, Sitamarhi, Sheohar, Gopalganj, Samastipur, Katihar, Khagaria, Bhojpur, Buxar, Darbhanga, Saharsa, Kaimur (Bhabua), Rohtas, Jamui, Banka, Nawada, Gaya, Munger, Vaishali, Begusarai, Bhagalpur, Lakhisarai, Sheikhpura, Arwal, Jehanabad, Nalanda, Patna, Saran, Siwan, Muzaffarpur, Madhepura, Araria, Supaul, Madhubani, Purnia, Kishanganj, Aurangabad",Bihar,IMD,,10.0,1998.0,8.0,1.0,1,1998.0,8.0,1.0,3.0,-0.8660254037844385,-0.5000000000000004,1,Other,1,38,1
15.0,severe floods,"Pashchim Champaran, Purbi Champaran, Sitamarhi, Sheohar, Gopalganj, Samastipur, Katihar, Khagaria, Bhojpur, Buxar, Darbhanga, Saharsa, Kaimur (Bhabua), Rohtas, Jamui, Banka, Nawada, Gaya, Munger, Vaishali, Begusarai, Bhagalpur, Lakhisarai, Sheikhpura, Arwal, Jehanabad, Nalanda, Patna, Saran, Siwan, Muzaffarpur, Madhepura, Araria, Supaul, Madhubani, Purnia, Kishanganj, Aurangabad",Bihar,IMD,,10.0,1998.0,8.0,26.0,1,1998.0,8.0,26.0,3.0,-0.8660254037844385,-0.5000000000000004,1,Other,1,38,1
4.0,severe floods,"Amreli, Banas Kantha, Bharuch, Jamnagar, Junagadh, Surat, Surendranagar,Valsad",Gujarat,IMD,,24.0,1998.0,7.0,5.0,1,1998.0,7.0,5.0,3.0,-0.4999999999999997,-0.8660254037844388,0,Other,1,8,1
7.0,severe floods,"Ahmedabad,Surat",Gujarat,IMD,,24.0,1998.0,9.0,15.0,1,1998.0,9.0,15.0,3.0,-1.0,-1.8369701987210297e-16,1,Other,1,2,1
1.0,heavy rains,Surat,Gujarat,IMD,459.0,24.0,1998.0,10.0,3.0,0,1998.0,10.0,3.0,4.0,-0.8660254037844386,0.5000000000000001,0,Heavy Rain,1,1,1
1.0,heavy rains,"Lahul And Spiti, Chamba, Kangra, Kullu, Mandi, Kinnaur, Una, Shimla, Solan, Sirmaur, Hamirpur, Bilaspur",Himachal Pradesh,IMD,,2.0,1998.0,3.0,5.0,1,1998.0,3.0,5.0,1.0,1.0,6.123233995736766e-17,0,Heavy Rain,1,12,1
1.0,heavy rains,Mandi,Himachal Pradesh,IMD,22.0,2.0,1998.0,8.0,20.0,0,1998.0,8.0,20.0,3.0,-0.8660254037844385,-0.5000000000000004,0,Heavy Rain,1,1,1
2.0,heavy rains,"Kangra, Shimla",Himachal Pradesh,IMD,,2.0,1998.0,10.0,17.0,1,1998.0,10.0,17.0,4.0,-0.8660254037844386,0.5000000000000001,0,Heavy Rain,1,2,1
1.0,heavy rains,"Kodagu, Uttar Kashia Kannada, Dakshina Kannada",Karnataka,IMD,,29.0,1998.0,6.0,30.0,0,1998.0,6.0,30.0,2.0,1.2246467991473532e-16,-1.0,0,Heavy Rain,1,3,1
1.0,flash flood,"Kodagu,Shivamogga",Karnataka,IMD,,29.0,1998.0,7.0,1.0,0,1998.0,7.0,1.0,3.0,-0.4999999999999997,-0.8660254037844388,0,Flash Flood,1,2,1
1.0,flash flood,Dakshina Kannada,Karnataka,IMD,534.0,29.0,1998.0,7.0,4.0,0,1998.0,7.0,4.0,3.0,-0.4999999999999997,-0.8660254037844388,0,Flash Flood,1,1,1
1.0,heavy rains,Bengaluru Rural,Karnataka,IMD,526.0,29.0,1998.0,7.0,20.0,0,1998.0,7.0,20.0,3.0,-0.4999999999999997,-0.8660254037844388,0,Heavy Rain,1,1,1
1.0,flash flood,Chikkaballapura,Karnataka,IMD,630.0,29.0,1998.0,7.0,31.0,0,1998.0,7.0,31.0,3.0,-0.4999999999999997,-0.8660254037844388,0,Flash Flood,1,1,1
1.0,flash flood,Dakshina Kannada,Karnataka,IMD,534.0,29.0,1998.0,8.0,1.0,0,1998.0,8.0,1.0,3.0,-0.8660254037844385,-0.5000000000000004,0,Flash Flood,1,1,1
1.0,flash flood,Dakshina Kannada,Karnataka,IMD,534.0,29.0,1998.0,8.0,2.0,0,1998.0,8.0,2.0,3.0,-0.8660254037844385,-0.5000000000000004,0,Flash Flood,1,1,1
1.0,flash flood,Bengaluru Rural,Karnataka,IMD,526.0,29.0,1998.0,8.0,4.0,0,1998.0,8.0,4.0,3.0,-0.8660254037844385,-0.5000000000000004,0,Flash Flood,1,1,1
1.0,heavy  rains,"Dharwad , Kolar",Karnataka,IMD,,29.0,1998.0,8.0,15.0,0,1998.0,8.0,15.0,3.0,-0.8660254037844385,-0.5000000000000004,0,Heavy Rain,1,2,1
1.0,heavy rains,Kalaburagi,Karnataka,IMD,538.0,29.0,1998.0,8.0,25.0,0,1998.0,8.0,25.0,3.0,-0.8660254037844385,-0.5000000000000004,0,Heavy Rain,1,1,1
1.0,heavy rains,Dharwad,Karnataka,IMD,536.0,29.0,1998.0,8.0,16.0,0,1998.0,8.0,16.0,3.0,-0.8660254037844385,-0.5000000000000004,0,Heavy Rain,1,1,1
1.0,heavy rains,Bengaluru Rural,Karnataka,IMD,526.0,29.0,1998.0,9.0,2.0,0,1998.0,9.0,2.0,3.0,-1.0,-1.8369701987210297e-16,0,Heavy Rain,1,1,1
1.0,heavy rains,"Beedar,  Kalaburagi",Karnataka,IMD,,29.0,1998.0,9.0,21.0,0,1998.0,9.0,21.0,3.0,-1.0,-1.8369701987210297e-16,0,Heavy Rain,1,2,1
1.0,heavy rains,Bengaluru Rural,Karnataka,IMD,526.0,29.0,1998.0,9.0,23.0,0,1998.0,9.0,23.0,3.0,-1.0,-1.8369701987210297e-16,0,Heavy Rain,1,1,1
14.0,heavy rains,"Beedar, Kalaburagi, Belagavi, Yadgir, Bagalkotee, Raichur, Koppal, Gadag, Ballari, Dharwad, Uttar Kashia Kannada, Haveri, Chitradurga, Davangere, Shivamogga, Udupi, Chikkamagaluru, Chikkaballapura, Hassan, Kolar, Bengaluru Rural, Dakshina Kannada, Bengaluru Urban, Kodagu, Chamarajanagaraa, Tumakuru, Ramanagara, Mandya, Mysuru, Vijayapura",Karnataka,IMD,,29.0,1998.0,10.0,1.0,1,1998.0,10.0,1.0,4.0,-0.8660254037844386,0.5000000000000001,1,Heavy Rain,1,30,1
5.0,heavy rains,"Idukki, Kasaragod, Kottayam, Malappuram, Palakkad, Thiruvananthapuram,Wayanad",Kerala,IMD,,32.0,1998.0,7.0,2.0,1,1998.0,7.0,2.0,3.0,-0.4999999999999997,-0.8660254037844388,0,Heavy Rain,1,7,1
4.0,heavy rains,"Ernakulam, Idukki, Malappuram, Pathanamthitta,Thrissur",Kerala,IMD,,32.0,1998.0,7.0,12.0,0,1998.0,7.0,12.0,3.0,-0.4999999999999997,-0.8660254037844388,0,Heavy Rain,1,5,1
8.0,severe floods,"Kollam, Kottayam, Kozhikode, Malappuram, Pathanamthitta, Thiruvananthapuram,Wayanad",Kerala,IMD,,32.0,1998.0,10.0,10.0,1,1998.0,10.0,10.0,4.0,-0.8660254037844386,0.5000000000000001,1,Other,1,7,1
2.0,heavy rains,"Betul, Chhindwara, East Nimar,Narmadapuram",Madhya Pradesh,IMD,,23.0,1998.0,9.0,14.0,0,1998.0,9.0,14.0,3.0,-1.0,-1.8369701987210297e-16,0,Heavy Rain,1,4,1
1.0,heavy rains,Thane,Maharashtra,IMD,497.0,27.0,1998.0,6.0,9.0,0,1998.0,6.0,9.0,2.0,1.2246467991473532e-16,-1.0,0,Heavy Rain,1,1,1
1.0,heavy rains,Wardha,Maharashtra,IMD,498.0,27.0,1998.0,6.0,14.0,0,1998.0,6.0,14.0,2.0,1.2246467991473532e-16,-1.0,0,Heavy Rain,1,1,1
2.0,heavy rains,Mumbai,Maharashtra,IMD,482.0,27.0,1998.0,6.0,27.0,0,1998.0,6.0,27.0,2.0,1.2246467991473532e-16,-1.0,0,Heavy Rain,1,1,1
2.0,heavy rains,"Buldhana, Mumbai,Thane",Maharashtra,IMD,,27.0,1998.0,7.0,1.0,1,1998.0,7.0,1.0,3.0,-0.4999999999999997,-0.8660254037844388,0,Heavy Rain,1,3,1
1.0,heavy rains,Nashik,Maharashtra,IMD,487.0,27.0,1998.0,7.0,10.0,0,1998.0,7.0,10.0,3.0,-0.4999999999999997,-0.8660254037844388,0,Heavy Rain,1,1,1
1.0,heavy rains,Mumbai,Maharashtra,IMD,482.0,27.0,1998.0,7.0,12.0,0,1998.0,7.0,12.0,3.0,-0.4999999999999997,-0.8660254037844388,0,Heavy Rain,1,1,1
2.0,heavy rains,"Aurangabad,Beed,Hingoli, Jalna, Latur, Nanded,Dharashiv,Parbhani",Maharashtra,IMD,,27.0,1998.0,7.0,29.0,1,1998.0,7.0,29.0,3.0,-0.4999999999999997,-0.8660254037844388,0,Heavy Rain,1,8,1
1.0,heavy rains,Nagpur,Maharashtra,IMD,484.0,27.0,1998.0,7.0,31.0,0,1998.0,7.0,31.0,3.0,-0.4999999999999997,-0.8660254037844388,0,Heavy Rain,1,1,1
1.0,heavy rains,Nagpur,Maharashtra,IMD,484.0,27.0,1998.0,8.0,21.0,0,1998.0,8.0,21.0,3.0,-0.8660254037844385,-0.5000000000000004,0,Heavy Rain,1,1,1
7.0,severe floods,"Amravati, Akola, Bhandara, Buldhana, Chandrapur, Gadchiroli, Gondia, Nagpur, Wardha, Washim,Yavatmal,Aurangabad,Beed,Hingoli,Jalna,Latur,Nanded,Dharashiv,Parbhani",Maharashtra,IMD,,27.0,1998.0,9.0,15.0,1,1998.0,9.0,15.0,3.0,-1.0,-1.8369701987210297e-16,1,Other,1,19,1
2.0,heavy rains,"Ahmednagar,Dhule",Maharashtra,IMD,,27.0,1998.0,10.0,14.0,0,1998.0,10.0,14.0,4.0,-0.8660254037844386,0.5000000000000001,0,Heavy Rain,1,2,1
1.0,heavy rains,"Jalgaon,Solapur",Maharashtra,IMD,,27.0,1998.0,10.0,21.0,1,1998.0,10.0,21.0,4.0,-0.8660254037844386,0.5000000000000001,0,Heavy Rain,1,2,1
1.0,flash flood,Jharsuguda,Odisha,IMD,357.0,21.0,1998.0,9.0,12.0,0,1998.0,9.0,12.0,3.0,-1.0,-1.8369701987210297e-16,0,Flash Flood,1,1,1
1.0,flash flood,Kendrapara,Odisha,IMD,360.0,21.0,1998.0,9.0,18.0,0,1998.0,9.0,18.0,3.0,-1.0,-1.8369701987210297e-16,0,Flash Flood,1,1,1
1.0,heavy rains,"Bikaner,Sikar",Rajasthan,IMD,,8.0,1998.0,7.0,3.0,0,1998.0,7.0,3.0,3.0,-0.4999999999999997,-0.8660254037844388,0,Heavy Rain,1,2,1
2.0,heavy rains,"Jaipur,Kota",Rajasthan,IMD,,8.0,1998.0,7.0,13.0,0,1998.0,7.0,13.0,3.0,-0.4999999999999997,-0.8660254037844388,0,Heavy Rain,1,2,1
1.0,heavy rains,"Ajmer,Jaipur",Rajasthan,IMD,,8.0,1998.0,8.0,26.0,0,1998.0,8.0,26.0,3.0,-0.8660254037844385,-0.5000000000000004,0,Heavy Rain,1,2,1
5.0,heavy rains,"Alwar, Bundi, Hanumangarh, Jaisalmer,Sawai Madhopur",Rajasthan,IMD,,8.0,1998.0,9.0,21.0,0,1998.0,9.0,21.0,3.0,-1.0,-1.8369701987210297e-16,0,Heavy Rain,1,5,1
2.0,heavy rains,"Bikaner,Jodhpur",Rajasthan,IMD,,8.0,1998.0,10.0,16.0,0,1998.0,10.0,16.0,4.0,-0.8660254037844386,0.5000000000000001,0,Heavy Rain,1,2,1
23.0,heavy rains,"Mangan, Gyalshing, Namchi, Gangtok",Sikkim,IMD,,11.0,1998.0,5.0,13.0,1,1998.0,5.0,13.0,2.0,0.49999999999999994,-0.8660254037844387,1,Heavy Rain,1,4,1
1.0,heavy rains,"Mangan, Gyalshing, Namchi, Gangtok",Sikkim,IMD,,11.0,1998.0,7.0,8.0,1,1998.0,7.0,8.0,3.0,-0.4999999999999997,-0.8660254037844388,0,Heavy Rain,1,4,1
14.0,heavy rains,"Thiruvallur, Chennai, Krishnagiri, Tiruvannamalai, Dharmapuri, Salem, Erode, The Nilgiris, Namakkal, Perambalur, Coimbatore, Tiruchirappalli, Ariyalur, Tiruppur, Thanjavur, Karur, Thiruvarur, Dindigul, Madurai, Theni, Virudhunagar, Thoothukkudi, Kanniyakumariumari, Viluppuram, Cuddalore, Pudukkottai, Sivaganga, Ramanathapuram, Nagapattinam, Kallakurichi, Tenkasi, Tirunelveli, Vellore, Ranipet, Tirupathur, Kancheepuram, Chengalpattu",Tamil Nadu,IMD,,33.0,1998.0,11.0,1.0,1,1998.0,11.0,1.0,4.0,-0.5000000000000004,0.8660254037844384,1,Heavy Rain,1,37,1
9.0,heavy rains,"Cuddalore, Madurai, Nagapattinam,Perambalur, Thanjavur, Tiruchirappalli, Tirunelveli,Viluppuram",Tamil Nadu,IMD,,33.0,1998.0,12.0,4.0,1,1998.0,12.0,4.0,4.0,-2.4492935982947064e-16,1.0,1,Heavy Rain,1,8,1
1.0,flash flood,West Tripura,Tripura,IMD,272.0,16.0,1998.0,7.0,23.0,1,1998.0,7.0,23.0,3.0,-0.4999999999999997,-0.8660254037844388,0,Flash Flood,1,1,1
1.0,heavy rains,Chamoli,Uttar Pradesh,IMD,47.0,9.0,1998.0,6.0,28.0,0,1998.0,6.0,28.0,2.0,1.2246467991473532e-16,-1.0,0,Heavy Rain,1,1,1
7.0,severe floods,Gorakhpur,Uttar Pradesh,IMD,148.0,9.0,1998.0,7.0,5.0,0,1998.0,7.0,5.0,3.0,-0.4999999999999997,-0.8660254037844388,1,Other,1,1,1
10.0,severe floods,East Uttar Kashi Pradesh,Uttar Pradesh,IMD,,9.0,1998.0,7.0,18.0,1,1998.0,7.0,18.0,3.0,-0.4999999999999997,-0.8660254037844388,1,Other,1,1,1
1.0,heavy rains,Chamoli,Uttar Pradesh,IMD,47.0,9.0,1998.0,8.0,14.0,1,1998.0,8.0,14.0,3.0,-0.8660254037844385,-0.5000000000000004,0,Heavy Rain,1,1,1
1.0,heavy rains,Pithoragarh,Uttar Pradesh,IMD,53.0,9.0,1998.0,8.0,19.0,1,1998.0,8.0,19.0,3.0,-0.8660254037844385,-0.5000000000000004,0,Heavy Rain,1,1,1
6.0,severe floods,East Uttar Kashi Pradesh,Uttar Pradesh,IMD,,9.0,1998.0,9.0,1.0,1,1998.0,9.0,1.0,3.0,-1.0,-1.8369701987210297e-16,0,Other,1,1,1
1.0,flash flood,"Amroha,Moradabad",Uttar Pradesh,IMD,,9.0,1998.0,10.0,22.0,1,1998.0,10.0,22.0,4.0,-0.8660254037844386,0.5000000000000001,0,Flash Flood,1,2,1
1.0,heavy rains,Farrukhabad,Uttar Pradesh,IMD,141.0,9.0,1998.0,11.0,8.0,0,1998.0,11.0,8.0,4.0,-0.5000000000000004,0.8660254037844384,0,Heavy Rain,1,1,1
1.0,heavy rains,Darjeeling,West Bengal,IMD,309.0,19.0,1998.0,7.0,7.0,1,1998.0,7.0,7.0,3.0,-0.4999999999999997,-0.8660254037844388,0,Heavy Rain,1,1,1
1.0,heavy rains,Darjeeling,West Bengal,IMD,309.0,19.0,1998.0,7.0,12.0,1,1998.0,7.0,12.0,3.0,-0.4999999999999997,-0.8660254037844388,0,Heavy Rain,1,1,1
1.0,flash flood,Murshidabad,West Bengal,IMD,319.0,19.0,1998.0,7.0,17.0,1,1998.0,7.0,17.0,3.0,-0.4999999999999997,-0.8660254037844388,0,Flash Flood,1,1,1
8.0,severe floods,"Cooch Behar, Jalpaiguri, Malda, Uttar Kashi Dinajpur,Dakshin Dinajpur",West Bengal,IMD,,19.0,1998.0,7.0,26.0,0,1998.0,7.0,26.0,3.0,-0.4999999999999997,-0.8660254037844388,1,Other,1,5,1
1.0,heavy rains,Darjeeling,West Bengal,IMD,309.0,19.0,1998.0,8.0,5.0,0,1998.0,8.0,5.0,3.0,-0.8660254037844385,-0.5000000000000004,0,Heavy Rain,1,1,1
24.0,severe floods,"Purba Bardhaman, Kolkata, Cooch Behar, Jalpaiguri, Malda, Paschim Purba Medinipur,Purba Purba Medinipur, Murshidabad, Nadia, Uttar Kashi Dinajpur, Dakshin Dinajpur, North 24 Parganas",West Bengal,IMD,,19.0,1998.0,8.0,22.0,1,1998.0,8.0,22.0,3.0,-0.8660254037844385,-0.5000000000000004,1,Other,1,12,1
2.0,heavy rains,Chandigarh,Punjab,IMD,44.0,3.0,1998.0,9.0,24.0,0,1998.0,9.0,24.0,3.0,-1.0,-1.8369701987210297e-16,0,Heavy Rain,1,1,1
3.0,heavy rains,Srikakulam,Andhra Pradesh,IMD,519.0,28.0,1999.0,10.0,18.0,0,1999.0,10.0,18.0,4.0,-0.8660254037844386,0.5000000000000001,0,Heavy Rain,1,1,1
1.0,heavy rains,"Upper Lower Subansiri, Anjaw, Changlang, Tawang, Papum Pare, Tirap, East Siang, Lohit, Kurung Kumey, Lower Lower Subansiri, East Kameng, West Kameng, West Kameng, West Kameng, Kra Daadi, Namsai, Longding, Upper Siang, Lower Siang, Dibang Valley, Lower Dibang Valley, Siang, Shi Yomi, Pakke Kessang, West Siang, Leparada, Kamle",Arunachal Pradesh,IMD,,12.0,1999.0,5.0,9.0,0,1999.0,5.0,9.0,2.0,0.49999999999999994,-0.8660254037844387,0,Heavy Rain,1,27,1
40.0,severe floods,"Tinsukia, Dhemaji, Dibrugarh, Lakhimpur, Sivasagar, Jorhat, Sonitpur, Golaghat, Udalguri, Chirang, Baksa, Nagaon, Kokrajhar, Darrang, Barpeta, Nalbari, Marigaon, Kamrup, Bongaigaon, Dhubri, Kamrup Metro, Goalpara, Dima Hasao, Cachar, Karimganj, Hailakandi, Charaideo, Majuli, Biswanath, Hojai, South Salmara Mancachar, Karbi Anglong, West Karbi Anglong",Assam,IMD,,18.0,1999.0,6.0,22.0,1,1999.0,6.0,22.0,2.0,1.2246467991473532e-16,-1.0,1,Other,1,33,1
12.0,severe floods,"Dhemaji, Dhubri, Golaghat, Jorhat,Sivasagar",Assam,IMD,,18.0,1999.0,8.0,22.0,0,1999.0,8.0,22.0,3.0,-0.8660254037844385,-0.5000000000000004,1,Other,1,5,1
2.0,heavy rains,"Jorhat,Kamrup",Assam,IMD,,18.0,1999.0,9.0,12.0,0,1999.0,9.0,12.0,3.0,-1.0,-1.8369701987210297e-16,0,Heavy Rain,1,2,1
38.0,severe floods,"Pashchim Champaran, Purbi Champaran, Sitamarhi, Sheohar, Gopalganj, Samastipur, Katihar, Khagaria, Bhojpur, Buxar, Darbhanga, Saharsa, Kaimur (Bhabua), Rohtas, Jamui, Banka, Nawada, Gaya, Munger, Vaishali, Begusarai, Bhagalpur, Lakhisarai, Sheikhpura, Arwal, Jehanabad, Nalanda, Patna, Saran, Siwan, Muzaffarpur, Madhepura, Araria, Supaul, Madhubani, Purnia, Kishanganj, Aurangabad",Bihar,IMD,,10.0,1999.0,7.0,1.0,1,1999.0,7.0,1.0,3.0,-0.4999999999999997,-0.8660254037844388,1,Other,1,38,1
8.0,heavy rains,"Banka, Bhagalpur, Dumka, Godda, Katihar, Khagaria, Madhepura, Munger,Purnia",Bihar,IMD,,10.0,1999.0,9.0,22.0,1,1999.0,9.0,22.0,3.0,-1.0,-1.8369701987210297e-16,1,Heavy Rain,1,9,1
5.0,heavy rains,"North Goa, South Goa",Goa,IMD,,30.0,1999.0,6.0,9.0,0,1999.0,6.0,9.0,2.0,1.2246467991473532e-16,-1.0,0,Heavy Rain,1,2,1
5.0,heavy rains,Valsad,Gujarat,IMD,462.0,24.0,1999.0,7.0,19.0,0,1999.0,7.0,19.0,3.0,-0.4999999999999997,-0.8660254037844388,0,Heavy Rain,1,1,1
7.0,heavy rains,"Ahmedabad, Bharuch, Surat, Vadodara,Valsad",Gujarat,IMD,,24.0,1999.0,7.0,16.0,0,1999.0,7.0,16.0,3.0,-0.4999999999999997,-0.8660254037844388,1,Heavy Rain,1,5,1
31.0,heavy rains,"Valsad, Amreli, Dangs, Banas Kantha, Patan, Mahesana, Gandhinagar, Ahmedabad, Panch Mahals, Dahod, Vadodara, Bharuch, Porbandar, Narmada, Surat, Tapi, Arvalli, Botad, Chota Udaipur, Mahisagar, Gir Somnath, Sabar Kantha, Kachchh, Surendranagar, Rajkot, Kheda, Anand, Bhavnagar, Junagadh, Jamnagar, Devbhumi Dwarka Dwarka, Morbi, Navsari",Gujarat,IMD,,24.0,1999.0,8.0,1.0,1,1999.0,8.0,1.0,3.0,-0.8660254037844385,-0.5000000000000004,1,Heavy Rain,1,33,1
2.0,heavy rains,"Kullu,Mandi",Himachal Pradesh,IMD,,2.0,1999.0,8.0,10.0,1,1999.0,8.0,10.0,3.0,-0.8660254037844385,-0.5000000000000004,0,Heavy Rain,1,2,1
1.0,heav rains,Chamba,Himachal Pradesh,IMD,16.0,2.0,1999.0,9.0,17.0,0,1999.0,9.0,17.0,3.0,-1.0,-1.8369701987210297e-16,0,Heavy Rain,1,1,1
2.0,heavy rains,Bengaluru Rural,Karnataka,IMD,526.0,29.0,1999.0,5.0,2.0,0,1999.0,5.0,2.0,2.0,0.49999999999999994,-0.8660254037844387,0,Heavy Rain,1,1,1
1.0,heavy rains,"Bengaluru Rural,Bijapur",Karnataka,IMD,,29.0,1999.0,5.0,5.0,0,1999.0,5.0,5.0,2.0,0.49999999999999994,-0.8660254037844387,0,Heavy Rain,1,2,1
1.0,heavy rains,Bengaluru Rural,Karnataka,IMD,526.0,29.0,1999.0,5.0,7.0,0,1999.0,5.0,7.0,2.0,0.49999999999999994,-0.8660254037844387,0,Heavy Rain,1,1,1
1.0,heavy rains,Hassan,Karnataka,IMD,539.0,29.0,1999.0,5.0,12.0,0,1999.0,5.0,12.0,2.0,0.49999999999999994,-0.8660254037844387,0,Heavy Rain,1,1,1
1.0,heavy rains,"Bengaluru Rural, Tumakuru",Karnataka,IMD,,29.0,1999.0,5.0,14.0,0,1999.0,5.0,14.0,2.0,0.49999999999999994,-0.8660254037844387,0,Heavy Rain,1,2,1
1.0,heavy rains,Uttar Kashia Kannada,Karnataka,IMD,,29.0,1999.0,6.0,11.0,0,1999.0,6.0,11.0,2.0,1.2246467991473532e-16,-1.0,0,Heavy Rain,1,1,1
13.0,severe floods,"Beedar, Kalaburagi, Belagavi, Yadgir, Bagalkotee, Raichur, Koppal, Gadag, Ballari, Dharwad, Uttar Kashia Kannada, Haveri, Chitradurga, Davangere, Shivamogga, Udupi, Chikkamagaluru, Chikkaballapura, Hassan, Kolar, Bengaluru Rural, Dakshina Kannada, Bengaluru Urban, Kodagu, Chamarajanagaraa, Tumakuru, Ramanagara, Mandya, Mysuru, Vijayapura",Karnataka,IMD,,29.0,1999.0,7.0,12.0,1,1999.0,7.0,12.0,3.0,-0.4999999999999997,-0.8660254037844388,1,Other,1,30,1
2.0,flash flood,"Kalaburagi,Shivamogga",Karnataka,IMD,,29.0,1999.0,8.0,1.0,0,1999.0,8.0,1.0,3.0,-0.8660254037844385,-0.5000000000000004,0,Flash Flood,1,2,1
2.0,heavy rains,"Bijapur, Chitradurga,Tumakuru",Karnataka,IMD,,29.0,1999.0,10.0,2.0,1,1999.0,10.0,2.0,4.0,-0.8660254037844386,0.5000000000000001,0,Heavy Rain,1,3,1
1.0,flash flood,Dharwad,Karnataka,IMD,536.0,29.0,1999.0,10.0,13.0,0,1999.0,10.0,13.0,4.0,-0.8660254037844386,0.5000000000000001,0,Flash Flood,1,1,1
1.0,heavy rains,Bengaluru Rural,Karnataka,IMD,526.0,29.0,1999.0,10.0,15.0,0,1999.0,10.0,15.0,4.0,-0.8660254037844386,0.5000000000000001,0,Heavy Rain,1,1,1
1.0,heavy rains,Chitradurga,Karnataka,IMD,533.0,29.0,1999.0,10.0,22.0,0,1999.0,10.0,22.0,4.0,-0.8660254037844386,0.5000000000000001,0,Heavy Rain,1,1,1
1.0,heavy rains,Mysuru,Karnataka,IMD,545.0,29.0,1999.0,10.0,24.0,0,1999.0,10.0,24.0,4.0,-0.8660254037844386,0.5000000000000001,0,Heavy Rain,1,1,1
1.0,heavy rains,Kolar,Karnataka,IMD,542.0,29.0,1999.0,10.0,26.0,0,1999.0,10.0,26.0,4.0,-0.8660254037844386,0.5000000000000001,0,Heavy Rain,1,1,1
1.0,heavy rains,Kollam,Kerala,IMD,559.0,32.0,1999.0,2.0,5.0,0,1999.0,2.0,5.0,1.0,0.8660254037844386,0.5000000000000001,0,Heavy Rain,1,1,1
4.0,heavy rains,"Idukki,Kottayam",Kerala,IMD,,32.0,1999.0,5.0,25.0,0,1999.0,5.0,25.0,2.0,0.49999999999999994,-0.8660254037844387,0,Heavy Rain,1,2,1
6.0,heavy rains,"Kasaragod, Wayanad, Kozhikode, Malappuram, Palakkad, Thrissur, Idukki, Ernakulam, Alappuzha, Kottayam, Pathanamthitta, Kollam, Thiruvananthapuram, Kannur",Kerala,IMD,,32.0,1999.0,6.0,7.0,1,1999.0,6.0,7.0,2.0,1.2246467991473532e-16,-1.0,0,Heavy Rain,1,14,1
5.0,heavy rains,"Ernakulam, Idukki, Kasaragod, Kozhikode, Malappuram, Palakkad,Pathanamthitta",Kerala,IMD,,32.0,1999.0,6.0,16.0,1,1999.0,6.0,16.0,2.0,1.2246467991473532e-16,-1.0,0,Heavy Rain,1,7,1
15.0,heavy rains,"Idukki, Kannur, Kasaragod, Kollam, Palakkad, Pathanamthitta, Thiruvananthapuram,Thrissur",Kerala,IMD,,32.0,1999.0,7.0,17.0,1,1999.0,7.0,17.0,3.0,-0.4999999999999997,-0.8660254037844388,1,Heavy Rain,1,8,1
1.0,heavy rains,"Kasaragod, Kozhikode,Malappuram",Kerala,IMD,,32.0,1999.0,8.0,2.0,0,1999.0,8.0,2.0,3.0,-0.8660254037844385,-0.5000000000000004,0,Heavy Rain,1,3,1
1.0,heavy rains,Kannur,Kerala,IMD,557.0,32.0,1999.0,10.0,9.0,0,1999.0,10.0,9.0,4.0,-0.8660254037844386,0.5000000000000001,0,Heavy Rain,1,1,1
5.0,heavy rains,"Kasaragod, Wayanad, Kozhikode, Malappuram, Palakkad, Thrissur, Idukki, Ernakulam, Alappuzha, Kottayam, Pathanamthitta, Kollam, Thiruvananthapuram, Kannur",Kerala,IMD,,32.0,1999.0,10.0,18.0,1,1999.0,10.0,18.0,4.0,-0.8660254037844386,0.5000000000000001,0,Heavy Rain,1,14,1
1.0,heavy rains,Dewas,Madhya Pradesh,IMD,402.0,23.0,1999.0,7.0,18.0,0,1999.0,7.0,18.0,3.0,-0.4999999999999997,-0.8660254037844388,0,Heavy Rain,1,1,1
7.0,heavy rains,"Narmadapuram, Sagar,Vidisha",Madhya Pradesh,IMD,,23.0,1999.0,8.0,5.0,0,1999.0,8.0,5.0,3.0,-0.8660254037844385,-0.5000000000000004,1,Heavy Rain,1,3,1
6.0,severe floods,"Narmadapuram, Narsimhapur, Raisen, Sehore,Vidisha",Madhya Pradesh,IMD,,23.0,1999.0,9.0,15.0,1,1999.0,9.0,15.0,3.0,-1.0,-1.8369701987210297e-16,0,Other,1,5,1
1.0,heavy rains,Parbhani,Maharashtra,IMD,489.0,27.0,1999.0,6.0,14.0,0,1999.0,6.0,14.0,2.0,1.2246467991473532e-16,-1.0,0,Heavy Rain,1,1,1
1.0,heavy rains,"Mumbai, Jalgaon",Maharashtra,IMD,,27.0,1999.0,6.0,17.0,0,1999.0,6.0,17.0,2.0,1.2246467991473532e-16,-1.0,0,Heavy Rain,1,2,1
1.0,heavy rains,"Nandurbar, Nashik",Maharashtra,IMD,,27.0,1999.0,6.0,21.0,0,1999.0,6.0,21.0,2.0,1.2246467991473532e-16,-1.0,0,Heavy Rain,1,2,1
2.0,heavy rains,"Gondia, Bhandara, Jalgaon, Wardha, Buldhana, Akola, Nashik, Gadchiroli, Washim, Chandrapur, Yavatmal, Jalna, Ahmednagar, Hingoli, Nanded, Parbhani, Pune, Beed, Mumbai, Latur, Dharashiv, Solapur, Satara, Ratnagiri, Sangli, Kolhapur, Sindhudurg, Thane, Palghar, Nandurbar, Amravati, Dhule, Nagpur, Aurangabad, Raigarh, Mumbai Suburban",Maharashtra,IMD,,27.0,1999.0,6.0,23.0,1,1999.0,6.0,23.0,2.0,1.2246467991473532e-16,-1.0,0,Heavy Rain,1,36,1
7.0,heavy rains,"Mumbai, Nashik, Pune, Raigarh, Ratnagiri,Thane",Maharashtra,IMD,,27.0,1999.0,7.0,15.0,1,1999.0,7.0,15.0,3.0,-0.4999999999999997,-0.8660254037844388,1,Heavy Rain,1,6,1
1.0,flash flood,Nagpur,Maharashtra,IMD,484.0,27.0,1999.0,8.0,9.0,1,1999.0,8.0,9.0,3.0,-0.8660254037844385,-0.5000000000000004,0,Flash Flood,1,1,1
4.0,heavy rains,"Bhandara,Nagpur",Maharashtra,IMD,,27.0,1999.0,9.0,19.0,0,1999.0,9.0,19.0,3.0,-1.0,-1.8369701987210297e-16,0,Heavy Rain,1,2,1
3.0,heavy rains,"Tamenglong,Thoubal",Manipur,IMD,,14.0,1999.0,9.0,2.0,1,1999.0,9.0,2.0,3.0,-1.0,-1.8369701987210297e-16,0,Heavy Rain,1,2,1
17.0,moderate flood,"Baleshwar, Bhadrak, Cuttack, Kendrapara, Koraput, Mayurbhanj,Sambalpur",Odisha,IMD,,21.0,1999.0,7.0,22.0,1,1999.0,7.0,22.0,3.0,-0.4999999999999997,-0.8660254037844388,1,Other,1,7,1
2.0,heavy rains,"Barmer, Bikaner,Jaisalmer",Rajasthan,IMD,,8.0,1999.0,8.0,22.0,0,1999.0,8.0,22.0,3.0,-0.8660254037844385,-0.5000000000000004,0,Heavy Rain,1,3,1
4.0,moderate flood,"Baran, Bikaner, Bundi, Churu, Dholpur, Ganganagar",Rajasthan,IMD,,8.0,1999.0,7.0,22.0,1,1999.0,7.0,22.0,3.0,-0.4999999999999997,-0.8660254037844388,0,Other,1,6,1
2.0,heavy rains,"Churu, Jhunjhunu, Jaisalmer, Sikar, Alwar, Jaipur, Jodhpur, Bharatpur, Nagaur, Dausa, Karauli, Dholpur, Barmer, Sawai Madhopur, Tonk, Pali, Bhilwara, Jalore, Bundi, Kota, Sirohi, Baran, Udaipur, Jhalawar, Dungarpur, Banswara, Ajmer, Rajsamand, Chittorgarh, Ganganagar, Hanumangarh, Bikaner, Pratapgarh",Rajasthan,IMD,,8.0,1999.0,7.0,30.0,0,1999.0,7.0,30.0,3.0,-0.4999999999999997,-0.8660254037844388,0,Heavy Rain,1,33,1
3.0,heavy rains,"Ajmer, Alwar, Baran, Bharatpur, Bhilwara, Churu, Dausa, Dholpur, Jhalawar,Kota",Rajasthan,IMD,,8.0,1999.0,8.0,5.0,0,1999.0,8.0,5.0,3.0,-0.8660254037844385,-0.5000000000000004,0,Heavy Rain,1,10,1
1.0,heavy rains,Dindigul,Tamil Nadu,IMD,572.0,33.0,1999.0,5.0,5.0,0,1999.0,5.0,5.0,2.0,0.49999999999999994,-0.8660254037844387,0,Heavy Rain,1,1,1
3.0,moderate flood,"Karur, Nagapattinam, Perambalur, Pudukkottai, Thanjavur,Tiruchirappalli",Tamil Nadu,IMD,,33.0,1999.0,11.0,21.0,1,1999.0,11.0,21.0,4.0,-0.5000000000000004,0.8660254037844384,0,Other,1,6,1
4.0,heavy rains,Pithoragarh,Uttar Pradesh,IMD,53.0,9.0,1999.0,7.0,27.0,0,1999.0,7.0,27.0,3.0,-0.4999999999999997,-0.8660254037844388,0,Heavy Rain,1,1,1
2.0,moderate flood,"Gorakhpur,Jaunpur",Uttar Pradesh,IMD,,9.0,1999.0,8.0,17.0,1,1999.0,8.0,17.0,3.0,-0.8660254037844385,-0.5000000000000004,0,Other,1,2,1
3.0,heavy rains,Kanpur nagar,Uttar Pradesh,IMD,157.0,9.0,1999.0,10.0,1.0,0,1999.0,10.0,1.0,4.0,-0.8660254037844386,0.5000000000000001,0,Heavy Rain,1,1,1
1.0,heavy rains,"Uttar Kashi,Dakshin Dinajpur",West Bengal,IMD,,19.0,1999.0,6.0,22.0,1,1999.0,6.0,22.0,2.0,1.2246467991473532e-16,-1.0,0,Heavy Rain,1,2,1
1.0,heavy rains,Darjeeling,West Bengal,IMD,309.0,19.0,1999.0,6.0,28.0,1,1999.0,6.0,28.0,2.0,1.2246467991473532e-16,-1.0,0,Heavy Rain,1,1,1
7.0,severe floods,"Malda,Paschim Purba Medinipur,Purba Purba Medinipur",West Bengal,IMD,,19.0,1999.0,8.0,8.0,1,1999.0,8.0,8.0,3.0,-0.8660254037844385,-0.5000000000000004,1,Other,1,3,1
1.0,heavy rains,Darjeeling,West Bengal,IMD,309.0,19.0,1999.0,8.0,26.0,0,1999.0,8.0,26.0,3.0,-0.8660254037844385,-0.5000000000000004,0,Heavy Rain,1,1,1
7.0,moderate flood,"Purba Bardhaman, Malda, Murshidabad, Nadia, Uttar Kashi Dinajpur,Dakshin Dinajpur",West Bengal,IMD,,19.0,1999.0,9.0,1.0,0,1999.0,9.0,1.0,3.0,-1.0,-1.8369701987210297e-16,1,Other,1,6,1
5.0,severe flood,"South 24 Parganas*, Darjeeling, Jalpaiguri, Dakshin Dinajpur, Maldah, Murshidabad, Birbhum, Nadia, Purba Purba Bardhaman, Purulia, Bankura, North 24 Parganas",West Bengal,IMD,,19.0,1999.0,9.0,22.0,1,1999.0,9.0,22.0,3.0,-1.0,-1.8369701987210297e-16,0,Other,1,12,1
4.0,severe floods,"Adilabad, Hyderabad, Khammam, Kurnool, Mahabubnagar, Nalgonda,Warangal, Warangal, Warangal, Warangal",Andhra Pradesh,IMD,,28.0,2000.0,7.0,11.0,1,2000.0,7.0,11.0,3.0,-0.4999999999999997,-0.8660254037844388,0,Other,1,10,1
2.0,moderate floods,"Adilabad, Nizamabad,Warangal, Warangal, Warangal, Warangal",Andhra Pradesh,IMD,,28.0,2000.0,8.0,10.0,0,2000.0,8.0,10.0,3.0,-0.8660254037844385,-0.5000000000000004,0,Other,1,6,1
2.0,severe floods,"Y.S.R., Guntur, Hyderabad, Khammam, Krishna, Kurnool, Nalgonda,  Sri Potti Sriramulu Nellore, Prakasam,Warangal, Warangal, Warangal, Warangal",Andhra Pradesh,IMD,,28.0,2000.0,8.0,22.0,1,2000.0,8.0,22.0,3.0,-0.8660254037844385,-0.5000000000000004,0,Other,1,13,1
6.0,severe floods,"East Siang, West Siang,Upper Siang",Arunachal Pradesh,IMD,,12.0,2000.0,6.0,11.0,1,2000.0,6.0,11.0,2.0,1.2246467991473532e-16,-1.0,0,Other,1,3,1
3.0,moderate floods,Dibang Valley,Arunachal Pradesh,IMD,230.0,12.0,2000.0,8.0,6.0,0,2000.0,8.0,6.0,3.0,-0.8660254037844385,-0.5000000000000004,0,Other,1,1,1
8.0,moderate floods,Karimganj,Assam,IMD,293.0,18.0,2000.0,5.0,3.0,0,2000.0,5.0,3.0,2.0,0.49999999999999994,-0.8660254037844387,1,Other,1,1,1
19.0,heavy rains,"Bongaigaon, Darrang, Dhemaji, Dhubri, Dibrugarh, Jorhat, Karimganj, Kokrajhar, Lakhimpur, Sonitpur,Tinsukia",Assam,IMD,,18.0,2000.0,6.0,12.0,0,2000.0,6.0,12.0,2.0,1.2246467991473532e-16,-1.0,1,Heavy Rain,1,11,1
7.0,severe floods,"Bongaigaon, Dhemaji, Dhubri, Dibrugarh, Jorhat, Karimganj, Kokrajhar, Lakhimpur, Sonitpur,Tinsukia",Assam,IMD,,18.0,2000.0,7.0,1.0,1,2000.0,7.0,1.0,3.0,-0.4999999999999997,-0.8660254037844388,1,Other,1,10,1
7.0,moderate floods,"Bongaigaon, Dhemaji, Dhubri,Sonitpur",Assam,IMD,,18.0,2000.0,7.0,8.0,1,2000.0,7.0,8.0,3.0,-0.4999999999999997,-0.8660254037844388,1,Other,1,4,1
21.0,severe floods,"Barpeta, Darrang, Dhemaji, Dhubri, Dibrugarh, Goalpara, Jorhat, Karimganj, Marigaon, Nalbari,Tinsukia",Assam,IMD,,18.0,2000.0,8.0,1.0,1,2000.0,8.0,1.0,3.0,-0.8660254037844385,-0.5000000000000004,1,Other,1,11,1
1.0,heavy rains,"Hailakandi,Karimganj",Assam,IMD,,18.0,2000.0,10.0,5.0,0,2000.0,10.0,5.0,4.0,-0.8660254037844386,0.5000000000000001,0,Heavy Rain,1,2,1
21.0,severe floods,"Pashchim Champaran, Purbi Champaran, Sitamarhi, Sheohar, Gopalganj, Samastipur, Katihar, Khagaria, Bhojpur, Buxar, Darbhanga, Saharsa, Kaimur (Bhabua), Rohtas, Jamui, Banka, Nawada, Gaya, Munger, Vaishali, Begusarai, Bhagalpur, Lakhisarai, Sheikhpura, Arwal, Jehanabad, Nalanda, Patna, Saran, Siwan, Muzaffarpur, Madhepura, Araria, Supaul, Madhubani, Purnia, Kishanganj, Aurangabad",Bihar,IMD,,10.0,2000.0,8.0,1.0,1,2000.0,8.0,1.0,3.0,-0.8660254037844385,-0.5000000000000004,1,Other,1,38,1
4.0,heavy rains,"Ahmedabad, Bharuch, Junagadh, Kheda, Navsari, Panch Mahals, Sabar Kantha, Surat, Surendranagar,Valsad",Gujarat,IMD,,24.0,2000.0,7.0,12.0,1,2000.0,7.0,12.0,3.0,-0.4999999999999997,-0.8660254037844388,0,Heavy Rain,1,10,1
1.0,heavy rains,"Karnal,Yamunanagar",Haryana,IMD,,6.0,2000.0,6.0,8.0,0,2000.0,6.0,8.0,2.0,1.2246467991473532e-16,-1.0,0,Heavy Rain,1,2,1
3.0,heavy rains,"Ambala, Panchkula,Yamunanagar",Haryana,IMD,,6.0,2000.0,7.0,17.0,0,2000.0,7.0,17.0,3.0,-0.4999999999999997,-0.8660254037844388,0,Heavy Rain,1,3,1
5.0,heavy rains,"Kinnaur,Shimla",Himachal Pradesh,IMD,,2.0,2000.0,6.0,8.0,1,2000.0,6.0,8.0,2.0,1.2246467991473532e-16,-1.0,0,Heavy Rain,1,2,1
1.0,heavy rains,Mandi,Himachal Pradesh,IMD,22.0,2.0,2000.0,6.0,15.0,0,2000.0,6.0,15.0,2.0,1.2246467991473532e-16,-1.0,0,Heavy Rain,1,1,1
5.0,heavy rains,"Kinnaur, Shimla, Sirmaur,Solan",Himachal Pradesh,IMD,,2.0,2000.0,7.0,15.0,1,2000.0,7.0,15.0,3.0,-0.4999999999999997,-0.8660254037844388,0,Heavy Rain,1,4,1
8.0,severe floods,"Lahul And Spiti, Chamba, Kangra, Kullu, Mandi, Kinnaur, Una, Shimla, Solan, Sirmaur, Hamirpur, Bilaspur",Himachal Pradesh,IMD,,2.0,2000.0,7.0,27.0,1,2000.0,7.0,27.0,3.0,-0.4999999999999997,-0.8660254037844388,1,Other,1,12,1
1.0,heavy rains,Hamirpur,Himachal Pradesh,IMD,17.0,2.0,2000.0,8.0,30.0,0,2000.0,8.0,30.0,3.0,-0.8660254037844385,-0.5000000000000004,0,Heavy Rain,1,1,1
3.0,heavy rains,"Bengaluru Rural, Chikkaballapura, Dakshina Kannada, Kodagu,Uttar Kashia Kannada",Karnataka,IMD,,29.0,2000.0,6.0,5.0,0,2000.0,6.0,5.0,2.0,1.2246467991473532e-16,-1.0,0,Heavy Rain,1,5,1
3.0,heavy rains,"Davangere, Uttar Kashia Kannada,Shivamogga",Karnataka,IMD,,29.0,2000.0,6.0,10.0,0,2000.0,6.0,10.0,2.0,1.2246467991473532e-16,-1.0,0,Heavy Rain,1,3,1
1.0,heavy rains,Kalaburagi,Karnataka,IMD,538.0,29.0,2000.0,7.0,1.0,0,2000.0,7.0,1.0,3.0,-0.4999999999999997,-0.8660254037844388,0,Heavy Rain,1,1,1
1.0,heavy rains,Bengaluru Rural,Karnataka,IMD,526.0,29.0,2000.0,8.0,1.0,0,2000.0,8.0,1.0,3.0,-0.8660254037844385,-0.5000000000000004,0,Heavy Rain,1,1,1
4.0,heavy rains,Davangere,Karnataka,IMD,535.0,29.0,2000.0,8.0,3.0,0,2000.0,8.0,3.0,3.0,-0.8660254037844385,-0.5000000000000004,0,Heavy Rain,1,1,1
2.0,heavy rains,"Dakshina Kannada, Uttar Kashia Kannada,Raichur",Karnataka,IMD,,29.0,2000.0,8.0,25.0,0,2000.0,8.0,25.0,3.0,-0.8660254037844385,-0.5000000000000004,0,Heavy Rain,1,3,1
1.0,heavy rains,Bengaluru Rural,Karnataka,IMD,526.0,29.0,2000.0,9.0,30.0,0,2000.0,9.0,30.0,3.0,-1.0,-1.8369701987210297e-16,0,Heavy Rain,1,1,1
3.0,heavy rains,Bengaluru Rural,Karnataka,IMD,526.0,29.0,2000.0,9.0,30.0,0,2000.0,9.0,30.0,3.0,-1.0,-1.8369701987210297e-16,0,Heavy Rain,1,1,1
1.0,heavy rains,"Ballari, Raichur",Karnataka,IMD,,29.0,2000.0,10.0,8.0,0,2000.0,10.0,8.0,4.0,-0.8660254037844386,0.5000000000000001,0,Heavy Rain,1,2,1
1.0,"heavy rains,flash floods","Chitradurga,Mandya",Karnataka,IMD,,29.0,2000.0,10.0,9.0,0,2000.0,10.0,9.0,4.0,-0.8660254037844386,0.5000000000000001,0,Flash Flood,1,2,1
1.0,heavy rains,Ballari,Karnataka,IMD,528.0,29.0,2000.0,10.0,22.0,0,2000.0,10.0,22.0,4.0,-0.8660254037844386,0.5000000000000001,0,Heavy Rain,1,1,1
1.0,heavy rains,Mandya,Karnataka,IMD,544.0,29.0,2000.0,10.0,22.0,0,2000.0,10.0,22.0,4.0,-0.8660254037844386,0.5000000000000001,0,Heavy Rain,1,1,1
1.0,heavy rains,Thiruvananthapuram,Kerala,IMD,565.0,32.0,2000.0,4.0,8.0,0,2000.0,4.0,8.0,2.0,0.8660254037844387,-0.4999999999999998,0,Heavy Rain,1,1,1
1.0,heavy rains,Kasaragod,Kerala,IMD,558.0,32.0,2000.0,7.0,1.0,0,2000.0,7.0,1.0,3.0,-0.4999999999999997,-0.8660254037844388,0,Heavy Rain,1,1,1
4.0,heavy rains,"Idukki, Kollam, Pathanamthitta,Thiruvananthapuram",Kerala,IMD,,32.0,2000.0,7.0,7.0,1,2000.0,7.0,7.0,3.0,-0.4999999999999997,-0.8660254037844388,0,Heavy Rain,1,4,1
7.0,heavy rains,"Alappuzha, Idukki, Kannur, Kasaragod, Kollam, Kottayam, Kozhikode, Malappuram, Palakkad, Pathanamthitta, Thiruvananthapuram, Thrissur,Wayanad",Kerala,IMD,,32.0,2000.0,8.0,22.0,1,2000.0,8.0,22.0,3.0,-0.8660254037844385,-0.5000000000000004,1,Heavy Rain,1,13,1
3.0,moderate floods,"Betul, Tikamgarh,Khargone (Khargone (West Nimar))",Madhya Pradesh,IMD,,23.0,2000.0,7.0,3.0,0,2000.0,7.0,3.0,3.0,-0.4999999999999997,-0.8660254037844388,0,Other,1,3,1
1.0,heavy rains,"Chhindwara,Seoni",Madhya Pradesh,IMD,,23.0,2000.0,7.0,7.0,0,2000.0,7.0,7.0,3.0,-0.4999999999999997,-0.8660254037844388,0,Heavy Rain,1,2,1
2.0,moderate floods,"Sagar,Vidisha",Madhya Pradesh,IMD,,23.0,2000.0,7.0,22.0,0,2000.0,7.0,22.0,3.0,-0.4999999999999997,-0.8660254037844388,0,Other,1,2,1
1.0,heavy rains,Nashik,Maharashtra,IMD,487.0,27.0,2000.0,5.0,7.0,0,2000.0,5.0,7.0,2.0,0.49999999999999994,-0.8660254037844387,0,Heavy Rain,1,1,1
2.0,flash floods,Nashik,Maharashtra,IMD,487.0,27.0,2000.0,6.0,4.0,0,2000.0,6.0,4.0,2.0,1.2246467991473532e-16,-1.0,0,Flash Flood,1,1,1
1.0,heavy rains,"Dhule, Jalgaon,Nandurbar",Maharashtra,IMD,,27.0,2000.0,6.0,8.0,0,2000.0,6.0,8.0,2.0,1.2246467991473532e-16,-1.0,0,Heavy Rain,1,3,1
1.0,heavy rains,Latur,Maharashtra,IMD,481.0,27.0,2000.0,6.0,8.0,0,2000.0,6.0,8.0,2.0,1.2246467991473532e-16,-1.0,0,Heavy Rain,1,1,1
1.0,heavy rains,Parbhani,Maharashtra,IMD,489.0,27.0,2000.0,6.0,8.0,0,2000.0,6.0,8.0,2.0,1.2246467991473532e-16,-1.0,0,Heavy Rain,1,1,1
1.0,heavy rains,Ratnagiri,Maharashtra,IMD,492.0,27.0,2000.0,6.0,8.0,0,2000.0,6.0,8.0,2.0,1.2246467991473532e-16,-1.0,0,Heavy Rain,1,1,1
1.0,heavy rains,Nagpur,Maharashtra,IMD,484.0,27.0,2000.0,7.0,4.0,0,2000.0,7.0,4.0,3.0,-0.4999999999999997,-0.8660254037844388,0,Heavy Rain,1,1,1
1.0,heavy rains,"Mumbai,Mumbai Suburban",Maharashtra,IMD,,27.0,2000.0,7.0,8.0,1,2000.0,7.0,8.0,3.0,-0.4999999999999997,-0.8660254037844388,0,Heavy Rain,1,2,1
1.0,heavy rains,"Mumbai,Mumbai Suburban",Maharashtra,IMD,,27.0,2000.0,7.0,12.0,1,2000.0,7.0,12.0,3.0,-0.4999999999999997,-0.8660254037844388,0,Heavy Rain,1,2,1
1.0,heavy rains,Thane,Maharashtra,IMD,497.0,27.0,2000.0,7.0,12.0,0,2000.0,7.0,12.0,3.0,-0.4999999999999997,-0.8660254037844388,0,Heavy Rain,1,1,1
5.0,heavy rains,"Amravati, Akola, Bhandara, Buldhana, Chandrapur, Gadchiroli, Gondia, Nagpur, Wardha, Washim,Yavatmal",Maharashtra,IMD,,27.0,2000.0,7.0,17.0,1,2000.0,7.0,17.0,3.0,-0.4999999999999997,-0.8660254037844388,0,Heavy Rain,1,11,1
1.0,heavy rains,Yavatmal,Maharashtra,IMD,500.0,27.0,2000.0,7.0,24.0,0,2000.0,7.0,24.0,3.0,-0.4999999999999997,-0.8660254037844388,0,Heavy Rain,1,1,1
7.0,severe floods,"Ahmednagar,Aurangabad,Beed,Hingoli, Jalna, Latur, Nanded,Dharashiv,Parbhani",Maharashtra,IMD,,27.0,2000.0,8.0,22.0,0,2000.0,8.0,22.0,3.0,-0.8660254037844385,-0.5000000000000004,1,Other,1,9,1
1.0,heavy rains,Nashik,Maharashtra,IMD,487.0,27.0,2000.0,9.0,27.0,0,2000.0,9.0,27.0,3.0,-1.0,-1.8369701987210297e-16,0,Heavy Rain,1,1,1
1.0,heavy rains,Lawngtlai,Mizoram,IMD,264.0,15.0,2000.0,5.0,25.0,0,2000.0,5.0,25.0,2.0,0.49999999999999994,-0.8660254037844387,0,Heavy Rain,1,1,1
1.0,heavy rains,Ludhiana,Punjab,IMD,36.0,3.0,2000.0,7.0,1.0,0,2000.0,7.0,1.0,3.0,-0.4999999999999997,-0.8660254037844388,0,Heavy Rain,1,1,1
7.0,heavy rains,"Bathinda, Hoshiarpur, Moga, Patiala, Rupnagar,Sangrur",Punjab,IMD,,3.0,2000.0,7.0,15.0,0,2000.0,7.0,15.0,3.0,-0.4999999999999997,-0.8660254037844388,1,Heavy Rain,1,6,1
3.0,moderate flood,"Ajmer, Barmer, Bikaner, Bundi, Churu, Jaisalmer, Jhalawar, Jodhpur, Kota, Nagaur, Pali, Sirohi,Udaipur",Rajasthan,IMD,,8.0,2000.0,7.0,14.0,1,2000.0,7.0,14.0,3.0,-0.4999999999999997,-0.8660254037844388,0,Other,1,13,1
3.0,moderate flood,"Ajmer, Baran, Barmer,Bhilwara, Bikaner, Chittorgarh, Hanumangarh, Jhalawar, Jodhpur, Kota,Tonk,Jaipur",Rajasthan,IMD,,8.0,2000.0,7.0,21.0,0,2000.0,7.0,21.0,3.0,-0.4999999999999997,-0.8660254037844388,0,Other,1,12,1
1.0,heavy rains,Gyalshing,Sikkim,IMD,228.0,11.0,2000.0,8.0,23.0,0,2000.0,8.0,23.0,3.0,-0.8660254037844385,-0.5000000000000004,0,Heavy Rain,1,1,1
4.0,heavy rains,"Chennai,Perambalur",Tamil Nadu,IMD,,33.0,2000.0,2.0,24.0,0,2000.0,2.0,24.0,1.0,0.8660254037844386,0.5000000000000001,0,Heavy Rain,1,2,1
1.0,heavy rains,Kanniyakumariumari,Tamil Nadu,IMD,,33.0,2000.0,6.0,8.0,0,2000.0,6.0,8.0,2.0,1.2246467991473532e-16,-1.0,0,Heavy Rain,1,1,1
7.0,severe flood,"Bijnor, Moradabad, Uttar Kashi Kashi, Chamoli, Dehradun, Tehri Garhwal, Rudra Prayag, Pithoragarh, Bageshwar, Haridwar, Garhwal, Almora, Nainital, Champawat, Udam Singh Nagar",Uttar Pradesh,IMD,,9.0,2000.0,6.0,8.0,1,2000.0,6.0,8.0,2.0,1.2246467991473532e-16,-1.0,1,Other,1,15,1
3.0,moderate flood,"Prayagraj, Ayodhya, Lucknow,Varanasi",Uttar Pradesh,IMD,,9.0,2000.0,7.0,25.0,0,2000.0,7.0,25.0,3.0,-0.4999999999999997,-0.8660254037844388,0,Other,1,4,1
1.0,"heavy rains,flash floods","Dehradun, Basti",Uttar Pradesh,IMD,,9.0,2000.0,7.0,31.0,0,2000.0,7.0,31.0,3.0,-0.4999999999999997,-0.8660254037844388,0,Flash Flood,1,2,1
1.0,heavy rains,"Pithoragarh, Nainital",Uttar Pradesh,IMD,,9.0,2000.0,8.0,10.0,1,2000.0,8.0,10.0,3.0,-0.8660254037844385,-0.5000000000000004,0,Heavy Rain,1,2,1
1.0,heavy rains,Etah,Uttar Pradesh,IMD,138.0,9.0,2000.0,8.0,17.0,0,2000.0,8.0,17.0,3.0,-0.8660254037844385,-0.5000000000000004,0,Heavy Rain,1,1,1
2.0,flash flood or moderate flood,"Amroha, Hapur, Bareilly, Pilibhit, Bulandshahr, Gautam Buddha Nagar, Kheri, Budaun, Bahraich, Shahjahanpur, Aligarh, Kasganj, Mathura, SShrawasti, Sitapur, Hathras, Etah, Hardoi, Farrukhabad, Firozabad, Siddharthnagar, Mainpuri, Mahrajganj, Agra, Gonda, Bara Banki, Kushinagar, Kannauj, Lucknow, Basti, Gorakhpur, Sant Kabir Nagar, Unnao, Etawah, Kanpur nagar Nagar, Auraiya, Ayodhya, Kanpur nagar Dehat, Deoria, Sultanpur, Ambedkar Nagar, Rae Bareli, Jalaun, Azamgarh, Mau, Fatehpur, Ballia, Jaunpur, Jhansi, Banda, Ghazipurr, Kaushambi, Prayagraj, Varanasi, Chitrakoot, Chandauli, Bhadohi, Mirzapur, Lalitpur, Sonbhadra, Amethi, Ghaziabad, Sambhal, Mahoba, Saharanpur, Bijnor, Muzaffarnagar, Baghpat, Meerut, Moradabad, Rampur, Shamli, Balrampur, Hamirpur, Pratapgarh",Uttar Pradesh,IMD,,9.0,2000.0,8.0,30.0,1,2000.0,8.0,30.0,3.0,-0.8660254037844385,-0.5000000000000004,0,Flash Flood,1,75,1
7.0,moderate flood,East Uttar Kashi Pradesh,Uttar Pradesh,IMD,,9.0,2000.0,9.0,8.0,1,2000.0,9.0,8.0,3.0,-1.0,-1.8369701987210297e-16,1,Other,1,1,1
1.0,flash flood,"Purba Bardhaman, Birbhum, Cooch Behar,Jalpaiguri",West Bengal,IMD,,19.0,2000.0,8.0,5.0,0,2000.0,8.0,5.0,3.0,-0.8660254037844385,-0.5000000000000004,0,Flash Flood,1,4,1
30.0,severe flood,"Bankura, Paschim Purba Bardhaman, Birbhum, Kolkata, Hooghly, Howrah, Paschim Purba Medinipur,Purba Purba Medinipur, Murshidabad, Nadia, North 24 Parganas",West Bengal,IMD,,19.0,2000.0,9.0,15.0,1,2000.0,9.0,15.0,3.0,-1.0,-1.8369701987210297e-16,1,Other,1,11,1
1.0,moderate flood,"Gurdaspur, Hoshiarpur, Amritsar, Jalandhar, Tarn Taran, Rupnagar, Shahid Bhagat Singh Nagar, Fazilka, Moga, Ludhiana, S.A.S Nagar*, Faridkot, Fatehgarh Sahib, Sri Sri Muktsar Sahib Sahib, Sangrur, Barnala, Bathinda, Patiala, Mansa, Ferozepur, Pathankot, Kapurthala",Punjab,IMD,,3.0,2000.0,7.0,18.0,0,2000.0,7.0,18.0,3.0,-0.4999999999999997,-0.8660254037844388,0,Other,1,22,1
62.0,moderate flood,"Lohit, Tawang, Upper Lower Subansiri,West Siang",Arunachal Pradesh,IMD,,12.0,2001.0,7.0,1.0,0,2001.0,7.0,1.0,3.0,-0.4999999999999997,-0.8660254037844388,1,Other,1,4,1
1.0,heavy rains,Kamrup,Assam,IMD,291.0,18.0,2001.0,6.0,1.0,0,2001.0,6.0,1.0,2.0,1.2246467991473532e-16,-1.0,0,Heavy Rain,1,1,1
14.0,moderate flood,"Cachar, Dhubri, Goalpara, Hailakandi, Kamrup, Karimganj,Nagaon",Assam,IMD,,18.0,2001.0,6.0,8.0,1,2001.0,6.0,8.0,2.0,1.2246467991473532e-16,-1.0,1,Other,1,7,1
14.0,moderate flood,"Dhemaji, Goalpara,Marigaon,Nalbari",Assam,IMD,,18.0,2001.0,9.0,8.0,0,2001.0,9.0,8.0,3.0,-1.0,-1.8369701987210297e-16,1,Other,1,4,1
14.0,severe floods,"Begusarai, Darbhanga, Purbi Champaran, Gopalganj, Katihar,  Saharsa, Purnia, Khagaria, Muzaffarpur, Madhubani, Saran, Sitamarhi, Siwan, Pashchim Champaran,Vaishali","Bihar, Jharkhand",IMD,,,2001.0,9.0,1.0,1,2001.0,9.0,1.0,3.0,-1.0,-1.8369701987210297e-16,1,Other,2,15,1
1.0,heavy rains,Bhojpur,"Bihar, Jharkhand",IMD,193.0,,2001.0,10.0,5.0,0,2001.0,10.0,5.0,4.0,-0.8660254037844386,0.5000000000000001,0,Heavy Rain,2,1,1
1.0,heavy rains,Buxar,"Bihar, Jharkhand",IMD,194.0,,2001.0,10.0,8.0,0,2001.0,10.0,8.0,4.0,-0.8660254037844386,0.5000000000000001,0,Heavy Rain,2,1,1
1.0,heavy rains,Ahmedabad,Gujarat,IMD,438.0,24.0,2001.0,6.0,29.0,0,2001.0,6.0,29.0,2.0,1.2246467991473532e-16,-1.0,0,Heavy Rain,1,1,1
1.0,heavy rains,Northern parts,Gujarat,IMD,,24.0,2001.0,8.0,10.0,1,2001.0,8.0,10.0,3.0,-0.8660254037844385,-0.5000000000000004,0,Heavy Rain,1,1,1
1.0,heavy rains,Valsad,Gujarat,IMD,462.0,24.0,2001.0,8.0,11.0,0,2001.0,8.0,11.0,3.0,-0.8660254037844385,-0.5000000000000004,0,Heavy Rain,1,1,1
2.0,flash flood,Kangra,Himachal Pradesh,IMD,18.0,2.0,2001.0,7.0,29.0,1,2001.0,7.0,29.0,3.0,-0.4999999999999997,-0.8660254037844388,0,Flash Flood,1,1,1
1.0,heavy rains,Shimla,Himachal Pradesh,IMD,23.0,2.0,2001.0,8.0,10.0,0,2001.0,8.0,10.0,3.0,-0.8660254037844385,-0.5000000000000004,0,Heavy Rain,1,1,1
1.0,heavy rains,"Lahul And Spiti, Chamba, Kangra, Kullu, Mandi, Kinnaur, Una, Shimla, Solan, Sirmaur, Hamirpur, Bilaspur",Himachal Pradesh,IMD,,2.0,2001.0,8.0,14.0,1,2001.0,8.0,14.0,3.0,-0.8660254037844385,-0.5000000000000004,0,Heavy Rain,1,12,1
1.0,heavy rains,"Kangra, Kullu",Himachal Pradesh,IMD,,2.0,2001.0,8.0,22.0,0,2001.0,8.0,22.0,3.0,-0.8660254037844385,-0.5000000000000004,0,Heavy Rain,1,2,1
1.0,flash flood,"Bengaluru Rural, Ballari",Karnataka,IMD,,29.0,2001.0,4.0,16.0,0,2001.0,4.0,16.0,2.0,0.8660254037844387,-0.4999999999999998,0,Flash Flood,1,2,1
14.0,heavy rains,"Bengaluru Rural, Dakshina Kannada,Uttar Kashia Kannada",Karnataka,IMD,,29.0,2001.0,7.0,15.0,0,2001.0,7.0,15.0,3.0,-0.4999999999999997,-0.8660254037844388,1,Heavy Rain,1,3,1
2.0,heavy rains,"Chitradurga,Mandya",Karnataka,IMD,,29.0,2001.0,8.0,20.0,0,2001.0,8.0,20.0,3.0,-0.8660254037844385,-0.5000000000000004,0,Heavy Rain,1,2,1
1.0,heavy rains,"Bengaluru Rural,Mysuru",Karnataka,IMD,,29.0,2001.0,8.0,26.0,0,2001.0,8.0,26.0,3.0,-0.8660254037844385,-0.5000000000000004,0,Heavy Rain,1,2,1
1.0,heavy rains,"Bengaluru Rural,Tumakuru",Karnataka,IMD,,29.0,2001.0,9.0,23.0,0,2001.0,9.0,23.0,3.0,-1.0,-1.8369701987210297e-16,0,Heavy Rain,1,2,1
2.0,heavy rains,Raichur,Karnataka,IMD,546.0,29.0,2001.0,9.0,25.0,0,2001.0,9.0,25.0,3.0,-1.0,-1.8369701987210297e-16,0,Heavy Rain,1,1,1
14.0,heavy rains,"Bengaluru Rural, Ballari, Dharwad, Kolar,Raichur",Karnataka,IMD,,29.0,2001.0,10.0,8.0,1,2001.0,10.0,8.0,4.0,-0.8660254037844386,0.5000000000000001,1,Heavy Rain,1,5,1
1.0,heavy rains,Kasaragod,Kerala,IMD,558.0,32.0,2001.0,6.0,8.0,0,2001.0,6.0,8.0,2.0,1.2246467991473532e-16,-1.0,0,Heavy Rain,1,1,1
7.0,heavy rains,"Alappuzha, Kollam, Kozhikode, Malappuram,Wayanad",Kerala,IMD,,32.0,2001.0,6.0,15.0,0,2001.0,6.0,15.0,2.0,1.2246467991473532e-16,-1.0,1,Heavy Rain,1,5,1
7.0,heavy rains,"Alappuzha, Idukki, Kollam, Kottayam, Thiruvananthapuram,Thrissur",Kerala,IMD,,32.0,2001.0,7.0,8.0,1,2001.0,7.0,8.0,3.0,-0.4999999999999997,-0.8660254037844388,1,Heavy Rain,1,6,1
1.0,heavy rains,Thiruvananthapuram,Kerala,IMD,565.0,32.0,2001.0,11.0,10.0,1,2001.0,11.0,10.0,4.0,-0.5000000000000004,0.8660254037844384,0,Heavy Rain,1,1,1
1.0,heavy rains,Many parts,"Madhya Pradesh,  Chhattisgarh",IMD,,,2001.0,6.0,13.0,0,2001.0,6.0,13.0,2.0,1.2246467991473532e-16,-1.0,0,Heavy Rain,2,1,1
1.0,heavy rains,"Guna, Mandsaur,Shivpuri","Madhya Pradesh,  Chhattisgarh",IMD,,,2001.0,7.0,3.0,0,2001.0,7.0,3.0,3.0,-0.4999999999999997,-0.8660254037844388,0,Heavy Rain,2,3,1
1.0,heavy rains,"Dhamtari, Narmadapuram, Jabalpur, Jagdalpur, Uttar Kashi Bastar Kanker, Mandla,Seoni","Madhya Pradesh,  Chhattisgarh",IMD,,,2001.0,7.0,10.0,1,2001.0,7.0,10.0,3.0,-0.4999999999999997,-0.8660254037844388,0,Heavy Rain,2,7,1
1.0,heavy rains,"Damoh, Raipur","Madhya Pradesh,  Chhattisgarh",IMD,,,2001.0,7.0,11.0,0,2001.0,7.0,11.0,3.0,-0.4999999999999997,-0.8660254037844388,0,Heavy Rain,2,2,1
1.0,heavy rains,"Jashpur,Rajgarh","Madhya Pradesh,  Chhattisgarh",IMD,,,2001.0,7.0,18.0,0,2001.0,7.0,18.0,3.0,-0.4999999999999997,-0.8660254037844388,0,Heavy Rain,2,2,1
1.0,heavy rains,Uttar Kashi Bastar Kanker,"Madhya Pradesh,  Chhattisgarh",IMD,,,2001.0,8.0,17.0,0,2001.0,8.0,17.0,3.0,-0.8660254037844385,-0.5000000000000004,0,Heavy Rain,2,1,1
1.0,heavy rains,Khargone (Khargone (West Nimar)),"Madhya Pradesh,  Chhattisgarh",IMD,,,2001.0,10.0,11.0,0,2001.0,10.0,11.0,4.0,-0.8660254037844386,0.5000000000000001,0,Heavy Rain,2,1,1
2.0,heavy rains,"Amravati, Buldhana,Nagpur",Maharashtra,IMD,,27.0,2001.0,6.0,14.0,1,2001.0,6.0,14.0,2.0,1.2246467991473532e-16,-1.0,0,Heavy Rain,1,3,1
3.0,heavy rains,"Mumbai,Thane",Maharashtra,IMD,,27.0,2001.0,6.0,16.0,0,2001.0,6.0,16.0,2.0,1.2246467991473532e-16,-1.0,0,Heavy Rain,1,2,1
3.0,heavy rains,"Nandurbar,Nashik",Maharashtra,IMD,,27.0,2001.0,6.0,16.0,1,2001.0,6.0,16.0,2.0,1.2246467991473532e-16,-1.0,0,Heavy Rain,1,2,1
3.0,heavy rains,Nanded,Maharashtra,IMD,485.0,27.0,2001.0,6.0,16.0,0,2001.0,6.0,16.0,2.0,1.2246467991473532e-16,-1.0,0,Heavy Rain,1,1,1
2.0,heavy rains,Mumbai,Maharashtra,IMD,482.0,27.0,2001.0,7.0,9.0,0,2001.0,7.0,9.0,3.0,-0.4999999999999997,-0.8660254037844388,0,Heavy Rain,1,1,1
2.0,heavy rains,Nagpur,Maharashtra,IMD,484.0,27.0,2001.0,7.0,9.0,0,2001.0,7.0,9.0,3.0,-0.4999999999999997,-0.8660254037844388,0,Heavy Rain,1,1,1
1.0,heavy rains,Nagpur,Maharashtra,IMD,484.0,27.0,2001.0,8.0,11.0,0,2001.0,8.0,11.0,3.0,-0.8660254037844385,-0.5000000000000004,0,Heavy Rain,1,1,1
4.0,heavy rains,"Ahmednagar, Pune,Solapur",Maharashtra,IMD,,27.0,2001.0,10.0,6.0,0,2001.0,10.0,6.0,4.0,-0.8660254037844386,0.5000000000000001,0,Heavy Rain,1,3,1
1.0,heavy rains,East Jaintia Hills,Meghalaya,IMD,657.0,17.0,2001.0,6.0,5.0,0,2001.0,6.0,5.0,2.0,1.2246467991473532e-16,-1.0,0,Heavy Rain,1,1,1
14.0,severe floods,"Bhadrak, Dhenkanal, Jajapur, Subarnapur, Nuapada, Balangir, Boudh, Cuttack, Kandhamal, Nayagarh, Khordha, Kalahandi, Jagatsinghapur, Puri, Nagpur, Rayagada, Koraput, Malkangiri, Anugul, Kendrapara, Ganjam, Gajapati, Mayurbhanj, Sundargarh, Kendujhar, Baleshwar, Jharsuguda, Bargarh, Deogarh, Sambalpur",Odisha,IMD,,21.0,2001.0,7.0,8.0,1,2001.0,7.0,8.0,3.0,-0.4999999999999997,-0.8660254037844388,1,Other,1,30,1
1.0,heavy rains,Patiala,Punjab,IMD,41.0,3.0,2001.0,7.0,16.0,0,2001.0,7.0,16.0,3.0,-0.4999999999999997,-0.8660254037844388,0,Heavy Rain,1,1,1
1.0,heavy rains,Many parts,Punjab,IMD,,3.0,2001.0,8.0,14.0,0,2001.0,8.0,14.0,3.0,-0.8660254037844385,-0.5000000000000004,0,Heavy Rain,1,1,1
1.0,heavy rains,Alwar,Rajasthan,IMD,87.0,8.0,2001.0,6.0,9.0,0,2001.0,6.0,9.0,2.0,1.2246467991473532e-16,-1.0,0,Heavy Rain,1,1,1
3.0,heavy rains,Udaipur,Rajasthan,IMD,117.0,8.0,2001.0,6.0,16.0,0,2001.0,6.0,16.0,2.0,1.2246467991473532e-16,-1.0,0,Heavy Rain,1,1,1
3.0,heavy rains,"Ajmer, Baran, Bhilwara, Bundi, Kota,Udaipur",Rajasthan,IMD,,8.0,2001.0,7.0,1.0,0,2001.0,7.0,1.0,3.0,-0.4999999999999997,-0.8660254037844388,0,Heavy Rain,1,6,1
1.0,flash flood,"North Tripura, Dhalai, Sepahijala, Gomati, Khowai, West Tripura, South Tripura, Unakoti",Tripura,IMD,,16.0,2001.0,9.0,19.0,0,2001.0,9.0,19.0,3.0,-1.0,-1.8369701987210297e-16,0,Flash Flood,1,8,1
1.0,heavy rains,"Uttar Kashi Kashi, Chamoli, Dehradun, Tehri Garhwal, Rudra Prayag, Pithoragarh, Bageshwar, Haridwar, Garhwal, Almora, Nainital, Champawat, Udam Singh Nagar",Uttarakhand,IMD,,5.0,2001.0,7.0,6.0,1,2001.0,7.0,6.0,3.0,-0.4999999999999997,-0.8660254037844388,0,Heavy Rain,1,13,1
1.0,heavy rains,"Uttar Kashi Kashi, Chamoli, Dehradun, Tehri Garhwal, Rudra Prayag, Pithoragarh, Bageshwar, Haridwar, Garhwal, Almora, Nainital, Champawat, Udam Singh Nagar",Uttarakhand,IMD,,5.0,2001.0,7.0,16.0,1,2001.0,7.0,16.0,3.0,-0.4999999999999997,-0.8660254037844388,0,Heavy Rain,1,13,1
1.0,heavy rains,Rudra Prayag,Uttarakhand,IMD,54.0,5.0,2001.0,7.0,18.0,1,2001.0,7.0,18.0,3.0,-0.4999999999999997,-0.8660254037844388,0,Heavy Rain,1,1,1
14.0,severe floods,East Uttar Kashi Pradesh,"Uttar Pradesh, Uttarakhand",IMD,,,2001.0,9.0,1.0,1,2001.0,9.0,1.0,3.0,-1.0,-1.8369701987210297e-16,1,Other,2,1,1
14.0,moderate flood,"Darjeeling, Uttar Kashi Dinajpur,Dakshin Dinajpur",West Bengal,IMD,,19.0,2001.0,10.0,1.0,0,2001.0,10.0,1.0,4.0,-0.8660254037844386,0.5000000000000001,1,Other,1,3,1
5.0,heavy rains,"Adilabad, Karimnagar,Khammam",Andhra Pradesh,IMD,,28.0,2002.0,8.0,23.0,0,2002.0,8.0,23.0,3.0,-0.8660254037844385,-0.5000000000000004,0,Heavy Rain,1,3,1
2.0,heavy rains,"Chittoor, Y.S.R.,  Sri Potti Sriramulu Nellore,Prakasam",Andhra Pradesh,IMD,,28.0,2002.0,8.0,26.0,0,2002.0,8.0,26.0,3.0,-0.8660254037844385,-0.5000000000000004,0,Heavy Rain,1,4,1
50.0,"severe flood(brahmaputra,its tributaries)","Tinsukia, Dhemaji, Dibrugarh, Lakhimpur, Sivasagar, Jorhat, Sonitpur, Golaghat, Udalguri, Chirang, Baksa, Nagaon, Kokrajhar, Darrang, Barpeta, Nalbari, Marigaon, Kamrup, Bongaigaon, Dhubri, Kamrup Metro, Goalpara, Dima Hasao, Cachar, Karimganj, Hailakandi, Charaideo, Majuli, Biswanath, Hojai, South Salmara Mancachar, Karbi Anglong, West Karbi Anglong",Assam,IMD,,18.0,2002.0,7.0,1.0,1,2002.0,7.0,1.0,3.0,-0.4999999999999997,-0.8660254037844388,1,River/Water System,1,33,1
28.0,"severe flood(adhwara, burhi gandak, gandak, kosi,pun pun","Araria, Darbhanga, East,Pashchim Champaran, Gopalganj, Katihar, Khagaria, Kishanganj, Madhepura, Madhubani, Muzaffarpur, Purnia, Saharsa, Samastipur, Saran, Sheohar, Sitamarhi, Siwan,Supaul","Bihar, Jharkhand",IMD,,,2002.0,7.0,25.0,1,2002.0,7.0,25.0,3.0,-0.4999999999999997,-0.8660254037844388,1,Other,2,19,1
5.0,heavy rains,"Amreli, Bharuch, Bhavnagar, Dangs, Jamnagar, Junagadh, Kheda, Narmada, Navsari, Porbandar, Rajkot, Surat,Valsad",Gujarat,IMD,,24.0,2002.0,6.0,25.0,1,2002.0,6.0,25.0,2.0,1.2246467991473532e-16,-1.0,0,Heavy Rain,1,13,1
7.0,heavy rains,"Gandhinagar, Banas Kantha, Patan, Arvalli, Mahesana, Sabar Kantha",Gujarat,IMD,,24.0,2002.0,8.0,22.0,1,2002.0,8.0,22.0,3.0,-0.8660254037844385,-0.5000000000000004,1,Heavy Rain,1,6,1
2.0,"flash flood (narmada,tapi)","Anand, Bharuch, Dangs, Narmada, Navsari, Sabar Kantha, Surat,Vadodara",Gujarat,IMD,,24.0,2002.0,9.0,4.0,1,2002.0,9.0,4.0,3.0,-1.0,-1.8369701987210297e-16,0,Flash Flood,1,8,1
1.0,heavy rains,"Ambala, Panchkula",Haryana,IMD,,6.0,2002.0,8.0,14.0,0,2002.0,8.0,14.0,3.0,-0.8660254037844385,-0.5000000000000004,0,Heavy Rain,1,2,1
1.0,heavy rains,"Faridabad, Yamunanagar",Haryana,IMD,,6.0,2002.0,9.0,13.0,0,2002.0,9.0,13.0,3.0,-1.0,-1.8369701987210297e-16,0,Heavy Rain,1,2,1
1.0,heavy rains,Kangra,Himachal Pradesh,IMD,18.0,2.0,2002.0,6.0,26.0,0,2002.0,6.0,26.0,2.0,1.2246467991473532e-16,-1.0,0,Heavy Rain,1,1,1
1.0,heavy rains,"Kangra,Sirmaur",Himachal Pradesh,IMD,,2.0,2002.0,8.0,15.0,0,2002.0,8.0,15.0,3.0,-0.8660254037844385,-0.5000000000000004,0,Heavy Rain,1,2,1
1.0,heavy rains,"Chamba,Kinnaur",Himachal Pradesh,IMD,,2.0,2002.0,9.0,13.0,0,2002.0,9.0,13.0,3.0,-1.0,-1.8369701987210297e-16,0,Heavy Rain,1,2,1
3.0,heavy rains,"Bagalkotee, Bijapur, Chitradurga,Raichur",Karnataka,IMD,,29.0,2002.0,10.0,14.0,0,2002.0,10.0,14.0,4.0,-0.8660254037844386,0.5000000000000001,0,Heavy Rain,1,4,1
3.0,heavy rains,"Kollam, Kozhikode,Thrissur",Kerala,IMD,,32.0,2002.0,6.0,11.0,0,2002.0,6.0,11.0,2.0,1.2246467991473532e-16,-1.0,0,Heavy Rain,1,3,1
1.0,heavy rains,Kannur,Kerala,IMD,557.0,32.0,2002.0,7.0,12.0,0,2002.0,7.0,12.0,3.0,-0.4999999999999997,-0.8660254037844388,0,Heavy Rain,1,1,1
1.0,heavy rains,"Kottayam, Kozhikode,Palakkad",Kerala,IMD,,32.0,2002.0,8.0,16.0,0,2002.0,8.0,16.0,3.0,-0.8660254037844385,-0.5000000000000004,0,Heavy Rain,1,3,1
2.0,heavy rains,Kasaragod,Kerala,IMD,558.0,32.0,2002.0,10.0,12.0,0,2002.0,10.0,12.0,4.0,-0.8660254037844386,0.5000000000000001,0,Heavy Rain,1,1,1
4.0,heavy rains,"Kannur, Kasaragod, Kozhikode,Thiruvananthapuram",Kerala,IMD,,32.0,2002.0,10.0,13.0,1,2002.0,10.0,13.0,4.0,-0.8660254037844386,0.5000000000000001,0,Heavy Rain,1,4,1
1.0,heavy rains,"Chhindwara, Khargone (Khargone (West Nimar)), Dewas, Mandsaur, Neemuch, Ratlam, Shajapur, Agar-Malwa, Ujjain, Indore, Barwani, Burhanpur, Dhar, Jhabua, Chhindwara, Khargone (Khargone (West Nimar)), Alirajpur,Rajgarh","Madhya Pradesh,  Chhattisgarh",IMD,,,2002.0,6.0,27.0,0,2002.0,6.0,27.0,2.0,1.2246467991473532e-16,-1.0,0,Heavy Rain,2,18,1
8.0,severe flood(tapi),"Balaghat, Betul, Damoh, Dhar, Narmadapuram, Jabalpur,Khargone (Khargone (West Nimar))","Madhya Pradesh,  Chhattisgarh",IMD,,,2002.0,6.0,18.0,1,2002.0,6.0,18.0,2.0,1.2246467991473532e-16,-1.0,1,Other,2,7,1
7.0,heavy rains,"Amravati, Bhandara, Buldhana, Dhule, Jalgaon, Mumbai, Nagpur, Nashik, Pune,Thane",Maharashtra,IMD,,27.0,2002.0,6.0,22.0,1,2002.0,6.0,22.0,2.0,1.2246467991473532e-16,-1.0,1,Heavy Rain,1,10,1
3.0,heavy rains,Mumbai,Maharashtra,IMD,482.0,27.0,2002.0,8.0,5.0,1,2002.0,8.0,5.0,3.0,-0.8660254037844385,-0.5000000000000004,0,Heavy Rain,1,1,1
3.0,heavy rains,"Gondia, Bhandara, Jalgaon, Wardha, Buldhana, Akola, Nashik, Gadchiroli, Washim, Chandrapur, Yavatmal, Jalna, Ahmednagar, Hingoli, Nanded, Parbhani, Pune, Beed, Mumbai, Latur, Dharashiv, Solapur, Satara, Ratnagiri, Sangli, Kolhapur, Sindhudurg, Thane, Palghar, Nandurbar, Amravati, Dhule, Nagpur, Aurangabad, Raigarh, Mumbai Suburban",Maharashtra,IMD,,27.0,2002.0,8.0,22.0,1,2002.0,8.0,22.0,3.0,-0.8660254037844385,-0.5000000000000004,0,Heavy Rain,1,36,1
4.0,,"Aurangabad, Dharashiv, Jalna, Beed, Latur, Nanded, Hingoli,Parbhani,Yavatmal, Akola, Amravati, Wardha, Buldhana, Washim, Nagpur, Chandrapur, Bhandara, Gadchiroli,Gondia",Maharashtra,IMD,,27.0,2002.0,9.0,1.0,1,2002.0,9.0,1.0,3.0,-1.0,-1.8369701987210297e-16,0,Other,1,19,1
1.0,heavy rains,Nashik,Maharashtra,IMD,487.0,27.0,2002.0,9.0,4.0,0,2002.0,9.0,4.0,3.0,-1.0,-1.8369701987210297e-16,0,Heavy Rain,1,1,1
7.0,"moderate flood (imphal, iril, nambul, thoubal,wangiing","Bishnupur, Imphal East, Imphal West,Thoubal",Manipur,IMD,,14.0,2002.0,8.0,14.0,0,2002.0,8.0,14.0,3.0,-0.8660254037844385,-0.5000000000000004,1,Other,1,4,1
1.0,floash flood(jinjiram andrangai),West Garo Hills,Meghalaya,IMD,278.0,17.0,2002.0,7.0,1.0,0,2002.0,7.0,1.0,3.0,-0.4999999999999997,-0.8660254037844388,0,Other,1,1,1
2.0,heavy rains,Sangrur,Punjab,IMD,43.0,3.0,2002.0,9.0,14.0,0,2002.0,9.0,14.0,3.0,-1.0,-1.8369701987210297e-16,0,Heavy Rain,1,1,1
1.0,heavy rains,Gyalshing,Sikkim,IMD,228.0,11.0,2002.0,8.0,2.0,0,2002.0,8.0,2.0,3.0,-0.8660254037844385,-0.5000000000000004,0,Heavy Rain,1,1,1
3.0,heavy rains,"Cuddalore, Nagapattinam, Pudukkottai, Ramanathapuram, Thanjavur, Thiruvarur,Tirunelveli",Tamil Nadu,IMD,,33.0,2002.0,1.0,31.0,1,2002.0,1.0,31.0,1.0,0.49999999999999994,0.8660254037844387,0,Heavy Rain,1,7,1
5.0,heavy rains,Many parts,Tamil Nadu,IMD,,33.0,2002.0,10.0,27.0,1,2002.0,10.0,27.0,4.0,-0.8660254037844386,0.5000000000000001,0,Heavy Rain,1,1,1
11.0,heavy rains,"Chennai, Coimbatore, Namakkal, Perambalur, Pudukkottai, Thanjavur, Theni, Thiruvallur, Tirunelveli,Tiruvannamalai",Tamil Nadu,IMD,,33.0,2002.0,11.0,1.0,1,2002.0,11.0,1.0,4.0,-0.5000000000000004,0.8660254037844384,1,Heavy Rain,1,10,1
1.0,heavy rains,"Azamgarh, Bareilly, Hamirpur, Jaunpur,Kanpur nagar",Uttar Pradesh,IMD,,9.0,2002.0,2.0,12.0,1,2002.0,2.0,12.0,1.0,0.8660254037844386,0.5000000000000001,0,Heavy Rain,1,5,1
1.0,heavy rains,"Tehri Garhwal,Uttar Kashi Kashi",Uttarakhand,IMD,,5.0,2002.0,8.0,11.0,1,2002.0,8.0,11.0,3.0,-0.8660254037844385,-0.5000000000000004,0,Heavy Rain,1,2,1
3.0,heavy rains,"Prayagraj,Lucknow",Uttar Pradesh,IMD,,9.0,2002.0,8.0,20.0,0,2002.0,8.0,20.0,3.0,-0.8660254037844385,-0.5000000000000004,0,Heavy Rain,1,2,1
7.0,"moderate flood(ganga, yamuna,sohali)","Bijnor, Amroha, Kanpur nagar Nagar,Kanpur nagar Dehat, Lucknow, Meerut, Muzaffarnagar,Unnao",Uttar Pradesh,IMD,,9.0,2002.0,9.0,7.0,1,2002.0,9.0,7.0,3.0,-1.0,-1.8369701987210297e-16,1,Other,1,8,1
1.0,heavy rains,"Bareilly, Kheri,Shahjahanpur",Uttar Pradesh,IMD,,9.0,2002.0,9.0,14.0,1,2002.0,9.0,14.0,3.0,-1.0,-1.8369701987210297e-16,0,Heavy Rain,1,3,1
1.0,heavy rains,Purba Medinipur,West Bengal,IMD,317.0,19.0,2002.0,6.0,25.0,0,2002.0,6.0,25.0,2.0,1.2246467991473532e-16,-1.0,0,Heavy Rain,1,1,1
1.0,heavy rains,"Cooch Behar,Darjeeling",West Bengal,IMD,,19.0,2002.0,7.0,22.0,0,2002.0,7.0,22.0,3.0,-0.4999999999999997,-0.8660254037844388,0,Heavy Rain,1,2,1
2.0,heavy rains,Many parts,Arunachal Pradesh,IMD,,12.0,2003.0,7.0,19.0,0,2003.0,7.0,19.0,3.0,-0.4999999999999997,-0.8660254037844388,0,Heavy Rain,1,1,1
44.0,"severe flood(brahmaputra,its tributaries)","Tinsukia, Dhemaji, Dibrugarh, Lakhimpur, Sivasagar, Jorhat, Sonitpur, Golaghat, Udalguri, Chirang, Baksa, Nagaon, Kokrajhar, Darrang, Barpeta, Nalbari, Marigaon, Kamrup, Bongaigaon, Dhubri, Kamrup Metro, Goalpara, Dima Hasao, Cachar, Karimganj, Hailakandi, Charaideo, Majuli, Biswanath, Hojai, South Salmara Mancachar, Karbi Anglong, West Karbi Anglong",Assam,IMD,,18.0,2003.0,6.0,8.0,1,2003.0,6.0,8.0,2.0,1.2246467991473532e-16,-1.0,1,River/Water System,1,33,1
1.0,heavy rains,Kamrup,Assam,IMD,291.0,18.0,2003.0,10.0,9.0,0,2003.0,10.0,9.0,4.0,-0.8660254037844386,0.5000000000000001,0,Heavy Rain,1,1,1
1.0,heavy rains,Dhubri,Assam,IMD,285.0,18.0,2003.0,10.0,29.0,0,2003.0,10.0,29.0,4.0,-0.8660254037844386,0.5000000000000001,0,Heavy Rain,1,1,1
16.0,"severe flood(bagmati, kosi,kamala balan)","Pashchim Champaran, Purbi Champaran, Sitamarhi, Sheohar, Gopalganj, Samastipur, Katihar, Khagaria, Bhojpur, Buxar, Darbhanga, Saharsa, Kaimur (Bhabua), Rohtas, Jamui, Banka, Nawada, Gaya, Munger, Vaishali, Begusarai, Bhagalpur, Lakhisarai, Sheikhpura, Arwal, Jehanabad, Nalanda, Patna, Saran, Siwan, Muzaffarpur, Madhepura, Araria, Supaul, Madhubani, Purnia, Kishanganj, Aurangabad",Bihar,IMD,,10.0,2003.0,6.0,22.0,1,2003.0,6.0,22.0,2.0,1.2246467991473532e-16,-1.0,1,Other,1,38,1
14.0,"severe flood(ganga, bagmati, kosi, mahananda. adhwara, gandak,burhi gandak)","Pashchim Champaran, Purbi Champaran, Sitamarhi, Sheohar, Gopalganj, Samastipur, Katihar, Khagaria, Bhojpur, Buxar, Darbhanga, Saharsa, Kaimur (Bhabua), Rohtas, Jamui, Banka, Nawada, Gaya, Munger, Vaishali, Begusarai, Bhagalpur, Lakhisarai, Sheikhpura, Arwal, Jehanabad, Nalanda, Patna, Saran, Siwan, Muzaffarpur, Madhepura, Araria, Supaul, Madhubani, Purnia, Kishanganj, Aurangabad",Bihar,IMD,,10.0,2003.0,8.0,1.0,1,2003.0,8.0,1.0,3.0,-0.8660254037844385,-0.5000000000000004,1,Other,1,38,1
3.0,severe flood,"Pashchim Champaran, Purbi Champaran, Sitamarhi, Sheohar, Gopalganj, Samastipur, Katihar, Khagaria, Bhojpur, Buxar, Darbhanga, Saharsa, Kaimur (Bhabua), Rohtas, Jamui, Banka, Nawada, Gaya, Munger, Vaishali, Begusarai, Bhagalpur, Lakhisarai, Sheikhpura, Arwal, Jehanabad, Nalanda, Patna, Saran, Siwan, Muzaffarpur, Madhepura, Araria, Supaul, Madhubani, Purnia, Kishanganj, Aurangabad",Bihar,IMD,,10.0,2003.0,9.0,9.0,1,2003.0,9.0,9.0,3.0,-1.0,-1.8369701987210297e-16,0,Other,1,38,1
7.0,"severe flood( ganga,its tributaries)","Pashchim Champaran, Purbi Champaran, Sitamarhi, Sheohar, Gopalganj, Samastipur, Katihar, Khagaria, Bhojpur, Buxar, Darbhanga, Saharsa, Kaimur (Bhabua), Rohtas, Jamui, Banka, Nawada, Gaya, Munger, Vaishali, Begusarai, Bhagalpur, Lakhisarai, Sheikhpura, Arwal, Jehanabad, Nalanda, Patna, Saran, Siwan, Muzaffarpur, Madhepura, Araria, Supaul, Madhubani, Purnia, Kishanganj, Aurangabad",Bihar,IMD,,10.0,2003.0,9.0,22.0,1,2003.0,9.0,22.0,3.0,-1.0,-1.8369701987210297e-16,1,Other,1,38,1
1.0,heavy rains,Some parts,Gujarat,IMD,,24.0,2003.0,6.0,18.0,0,2003.0,6.0,18.0,2.0,1.2246467991473532e-16,-1.0,0,Heavy Rain,1,1,1
1.0,heavy rains,Many parts,Gujarat,IMD,,24.0,2003.0,7.0,26.0,1,2003.0,7.0,26.0,3.0,-0.4999999999999997,-0.8660254037844388,0,Heavy Rain,1,1,1
31.0,heavy rains,Many parts,Gujarat,IMD,,24.0,2003.0,8.0,1.0,1,2003.0,8.0,1.0,3.0,-0.8660254037844385,-0.5000000000000004,1,Heavy Rain,1,1,1
1.0,heavy rains,"Hisar,Sonipat",Haryana,IMD,,6.0,2003.0,7.0,12.0,0,2003.0,7.0,12.0,3.0,-0.4999999999999997,-0.8660254037844388,0,Heavy Rain,1,2,1
1.0,heavy rains,"Jind,Sirsa",Haryana,IMD,,6.0,2003.0,7.0,16.0,0,2003.0,7.0,16.0,3.0,-0.4999999999999997,-0.8660254037844388,0,Heavy Rain,1,2,1
1.0,heavy rains,"Hisar, Jind,Yamunanagar",Haryana,IMD,,6.0,2003.0,7.0,17.0,0,2003.0,7.0,17.0,3.0,-0.4999999999999997,-0.8660254037844388,0,Heavy Rain,1,3,1
1.0,heavy rains,Rewari,Haryana,IMD,72.0,6.0,2003.0,7.0,21.0,0,2003.0,7.0,21.0,3.0,-0.4999999999999997,-0.8660254037844388,0,Heavy Rain,1,1,1
1.0,heavy rains,Kullu,Himachal Pradesh,IMD,20.0,2.0,2003.0,7.0,16.0,1,2003.0,7.0,16.0,3.0,-0.4999999999999997,-0.8660254037844388,0,Heavy Rain,1,1,1
1.0,heavy rains,Manali,Himachal Pradesh,IMD,,2.0,2003.0,7.0,24.0,0,2003.0,7.0,24.0,3.0,-0.4999999999999997,-0.8660254037844388,0,Heavy Rain,1,1,1
1.0,heavy rains,"Chamba,Shimla",Himachal Pradesh,IMD,,2.0,2003.0,7.0,26.0,0,2003.0,7.0,26.0,3.0,-0.4999999999999997,-0.8660254037844388,0,Heavy Rain,1,2,1
1.0,heavy rains,Kangra,Himachal Pradesh,IMD,18.0,2.0,2003.0,7.0,31.0,0,2003.0,7.0,31.0,3.0,-0.4999999999999997,-0.8660254037844388,0,Heavy Rain,1,1,1
1.0,heavy rains,Kangra,Himachal Pradesh,IMD,18.0,2.0,2003.0,8.0,3.0,0,2003.0,8.0,3.0,3.0,-0.8660254037844385,-0.5000000000000004,0,Heavy Rain,1,1,1
4.0,heavy rains,"Ballari, Udupi, Uttar Kashia Kannada,Dakshina Kannada",Karnataka,IMD,,29.0,2003.0,6.0,21.0,1,2003.0,6.0,21.0,2.0,1.2246467991473532e-16,-1.0,0,Heavy Rain,1,4,1
3.0,heavy rains,Beedar,Karnataka,IMD,,29.0,2003.0,8.0,20.0,0,2003.0,8.0,20.0,3.0,-0.8660254037844385,-0.5000000000000004,0,Heavy Rain,1,1,1
4.0,heavy rains,"Davangere, Hassan, Koppal, Shivamogga,Tumakuru",Karnataka,IMD,,29.0,2003.0,10.0,3.0,0,2003.0,10.0,3.0,4.0,-0.8660254037844386,0.5000000000000001,0,Heavy Rain,1,5,1
2.0,heavy rains,Bengaluru Urban,Karnataka,IMD,525.0,29.0,2003.0,10.0,12.0,0,2003.0,10.0,12.0,4.0,-0.8660254037844386,0.5000000000000001,0,Heavy Rain,1,1,1
7.0,heavy rains,"Kannur, Kasaragod, Kozhikode,Thiruvananthapuram",Kerala,IMD,,32.0,2003.0,6.0,18.0,0,2003.0,6.0,18.0,2.0,1.2246467991473532e-16,-1.0,1,Heavy Rain,1,4,1
1.0,heavy rains,Kottayam,Kerala,IMD,560.0,32.0,2003.0,7.0,4.0,0,2003.0,7.0,4.0,3.0,-0.4999999999999997,-0.8660254037844388,0,Heavy Rain,1,1,1
1.0,heavy rains,"Kasaragod, Kottayam,Palakkad",Kerala,IMD,,32.0,2003.0,7.0,6.0,0,2003.0,7.0,6.0,3.0,-0.4999999999999997,-0.8660254037844388,0,Heavy Rain,1,3,1
3.0,heavy rains,"Idukki, Kollam,Thiruvananthapuram",Kerala,IMD,,32.0,2003.0,10.0,5.0,0,2003.0,10.0,5.0,4.0,-0.8660254037844386,0.5000000000000001,0,Heavy Rain,1,3,1
1.0,heavy rains,Bhopal,Madhya Pradesh,IMD,396.0,23.0,2003.0,6.0,26.0,0,2003.0,6.0,26.0,2.0,1.2246467991473532e-16,-1.0,0,Heavy Rain,1,1,1
1.0,heavy rains,"Damoh, Guna,Jabalpur",Madhya Pradesh,IMD,,23.0,2003.0,7.0,26.0,0,2003.0,7.0,26.0,3.0,-0.4999999999999997,-0.8660254037844388,0,Heavy Rain,1,3,1
1.0,heavy rains,Dewas,Madhya Pradesh,IMD,402.0,23.0,2003.0,8.0,10.0,0,2003.0,8.0,10.0,3.0,-0.8660254037844385,-0.5000000000000004,0,Heavy Rain,1,1,1
1.0,flash flood,"Rewa,Satna",Madhya Pradesh,IMD,,23.0,2003.0,9.0,8.0,1,2003.0,9.0,8.0,3.0,-1.0,-1.8369701987210297e-16,0,Flash Flood,1,2,1
6.0,heavy rains,"Bhopal, Gwalior, Rewa,Satna",Madhya Pradesh,IMD,,23.0,2003.0,9.0,10.0,1,2003.0,9.0,10.0,3.0,-1.0,-1.8369701987210297e-16,0,Heavy Rain,1,4,1
3.0,heavy rains,Mumbai,Maharashtra,IMD,482.0,27.0,2003.0,6.0,19.0,0,2003.0,6.0,19.0,2.0,1.2246467991473532e-16,-1.0,0,Heavy Rain,1,1,1
1.0,heavy rains,Sindhudurg,Maharashtra,IMD,495.0,27.0,2003.0,6.0,24.0,1,2003.0,6.0,24.0,2.0,1.2246467991473532e-16,-1.0,0,Heavy Rain,1,1,1
2.0,heavy rains,Mumbai,Maharashtra,IMD,482.0,27.0,2003.0,6.0,28.0,0,2003.0,6.0,28.0,2.0,1.2246467991473532e-16,-1.0,0,Heavy Rain,1,1,1
1.0,heavy rains,Sangli,Maharashtra,IMD,493.0,27.0,2003.0,10.0,2.0,0,2003.0,10.0,2.0,4.0,-0.8660254037844386,0.5000000000000001,0,Heavy Rain,1,1,1
1.0,heavy rains,Pune,Maharashtra,IMD,490.0,27.0,2003.0,10.0,8.0,0,2003.0,10.0,8.0,4.0,-0.8660254037844386,0.5000000000000001,0,Heavy Rain,1,1,1
1.0,heavy rains,Aizawl,Mizoram,IMD,261.0,15.0,2003.0,8.0,19.0,0,2003.0,8.0,19.0,3.0,-0.8660254037844385,-0.5000000000000004,0,Heavy Rain,1,1,1
28.0,"severe flood(mahanadi,its triutaries)",14 districts,Odisha,IMD,,21.0,2003.0,8.0,1.0,1,2003.0,8.0,1.0,3.0,-0.8660254037844385,-0.5000000000000004,1,Other,1,1,1
30.0,severe flood,"Bhadrak, Dhenkanal, Jajapur, Subarnapur, Nuapada, Balangir, Boudh, Cuttack, Kandhamal, Nayagarh, Khordha, Kalahandi, Jagatsinghapur, Puri, Nagpur, Rayagada, Koraput, Malkangiri, Anugul, Kendrapara, Ganjam, Gajapati, Mayurbhanj, Sundargarh, Kendujhar",Odisha,IMD,,21.0,2003.0,9.0,1.0,1,2003.0,9.0,1.0,3.0,-1.0,-1.8369701987210297e-16,1,Other,1,25,1
14.0,severe flood,11 districts,Odisha,IMD,,21.0,2003.0,10.0,1.0,1,2003.0,10.0,1.0,4.0,-0.8660254037844386,0.5000000000000001,1,Other,1,1,1
1.0,heavy rains,Bathinda,Punjab,IMD,28.0,3.0,2003.0,8.0,2.0,0,2003.0,8.0,2.0,3.0,-0.8660254037844385,-0.5000000000000004,0,Heavy Rain,1,1,1
1.0,heavy rains,"Udaipur, Rajsamand, Dungarpur, Banswara, Pratapgarh,Chittorgarh",Rajasthan,IMD,,8.0,2003.0,6.0,14.0,0,2003.0,6.0,14.0,2.0,1.2246467991473532e-16,-1.0,0,Heavy Rain,1,6,1
1.0,heavy rains,"Udaipur, Rajsamand, Dungarpur, Banswara, Pratapgarh,Chittorgarh",Rajasthan,IMD,,8.0,2003.0,6.0,18.0,0,2003.0,6.0,18.0,2.0,1.2246467991473532e-16,-1.0,0,Heavy Rain,1,6,1
1.0,heavy rains,Sikar,Rajasthan,IMD,114.0,8.0,2003.0,6.0,19.0,0,2003.0,6.0,19.0,2.0,1.2246467991473532e-16,-1.0,0,Heavy Rain,1,1,1
4.0,heavy rains,"Ajmer, Alwar, Banswara, Bharatpur, Churu, Jaisalmer, Jhunjhunu, Jodhpur,Sikar",Rajasthan,IMD,,8.0,2003.0,7.0,10.0,1,2003.0,7.0,10.0,3.0,-0.4999999999999997,-0.8660254037844388,0,Heavy Rain,1,9,1
7.0,heavy rains,Some parts,Rajasthan,IMD,,8.0,2003.0,7.0,15.0,1,2003.0,7.0,15.0,3.0,-0.4999999999999997,-0.8660254037844388,1,Heavy Rain,1,1,1
3.0,heavy rains,"Barmer, Kota, Pali,Rajsamand",Rajasthan,IMD,,8.0,2003.0,8.0,26.0,0,2003.0,8.0,26.0,3.0,-0.8660254037844385,-0.5000000000000004,0,Heavy Rain,1,4,1
3.0,heavy rains,"Dehradun,Tehri Garhwal",Uttarakhand,IMD,,5.0,2003.0,7.0,4.0,0,2003.0,7.0,4.0,3.0,-0.4999999999999997,-0.8660254037844388,0,Heavy Rain,1,2,1
1.0,heavy rains,Pithoragarh,Uttarakhand,IMD,53.0,5.0,2003.0,9.0,21.0,0,2003.0,9.0,21.0,3.0,-1.0,-1.8369701987210297e-16,0,Heavy Rain,1,1,1
4.0,heavy rains,Most parts,Uttar Pradesh,IMD,,9.0,2003.0,7.0,11.0,1,2003.0,7.0,11.0,3.0,-0.4999999999999997,-0.8660254037844388,0,Heavy Rain,1,1,1
1.0,heavy rains,"Ballia, Ghazipurr,Mirzapur",Uttar Pradesh,IMD,,9.0,2003.0,7.0,22.0,0,2003.0,7.0,22.0,3.0,-0.4999999999999997,-0.8660254037844388,0,Heavy Rain,1,3,1
1.0,heavy rains,Gorakhpur,Uttar Pradesh,IMD,148.0,9.0,2003.0,8.0,25.0,0,2003.0,8.0,25.0,3.0,-0.8660254037844385,-0.5000000000000004,0,Heavy Rain,1,1,1
1.0,heavy rains,Gonda,Uttar Pradesh,IMD,514.0,9.0,2003.0,8.0,26.0,0,2003.0,8.0,26.0,3.0,-0.8660254037844385,-0.5000000000000004,0,Heavy Rain,1,1,1
1.0,heavy rains,Hamirpur,Uttar Pradesh,IMD,17.0,9.0,2003.0,9.0,2.0,0,2003.0,9.0,2.0,3.0,-1.0,-1.8369701987210297e-16,0,Heavy Rain,1,1,1
1.0,heavy rains,Muzaffarnagar,Uttar Pradesh,IMD,172.0,9.0,2003.0,9.0,3.0,0,2003.0,9.0,3.0,3.0,-1.0,-1.8369701987210297e-16,0,Heavy Rain,1,1,1
1.0,heavy rains,Many parts,Uttar Pradesh,IMD,,9.0,2003.0,9.0,4.0,1,2003.0,9.0,4.0,3.0,-1.0,-1.8369701987210297e-16,0,Heavy Rain,1,1,1
14.0,"severe flood (ganga,its tributaries)",Many parts,Uttar Pradesh,IMD,,9.0,2003.0,9.0,8.0,1,2003.0,9.0,8.0,3.0,-1.0,-1.8369701987210297e-16,1,Other,1,1,1
1.0,heavy rains,Lucknow,Uttar Pradesh,IMD,162.0,9.0,2003.0,9.0,24.0,0,2003.0,9.0,24.0,3.0,-1.0,-1.8369701987210297e-16,0,Heavy Rain,1,1,1
3.0,heavy rains,"Darjeeling,Jalpaiguri",West Bengal,IMD,,19.0,2003.0,7.0,7.0,1,2003.0,7.0,7.0,3.0,-0.4999999999999997,-0.8660254037844388,0,Heavy Rain,1,2,1
1.0,heavy rains,Purba Medinipur,West Bengal,IMD,317.0,19.0,2003.0,7.0,26.0,0,2003.0,7.0,26.0,3.0,-0.4999999999999997,-0.8660254037844388,0,Heavy Rain,1,1,1
1.0,heavy rains,New New Delhi,Delhi,IMD,,7.0,2003.0,7.0,5.0,0,2003.0,7.0,5.0,3.0,-0.4999999999999997,-0.8660254037844388,0,Heavy Rain,1,1,1
3.0,heavy rains,New New Delhi,Delhi,IMD,,7.0,2003.0,7.0,9.0,0,2003.0,7.0,9.0,3.0,-0.4999999999999997,-0.8660254037844388,0,Heavy Rain,1,1,1
4.0,heavy rains,"Khammam, Krishna, East Godavari,Srikakulam",Andhra Pradesh,IMD,,28.0,2004.0,8.0,1.0,1,2004.0,8.0,1.0,3.0,-0.8660254037844385,-0.5000000000000004,0,Heavy Rain,1,4,1
1.0,heavy rains,Sri Potti Sriramulu Nellore,Andhra Pradesh,IMD,515.0,28.0,2004.0,11.0,7.0,0,2004.0,11.0,7.0,4.0,-0.5000000000000004,0.8660254037844384,0,Heavy Rain,1,1,1
1.0,heavy rains,"West Kameng, West Kameng",Arunachal Pradesh,IMD,,12.0,2004.0,6.0,22.0,0,2004.0,6.0,22.0,2.0,1.2246467991473532e-16,-1.0,0,Heavy Rain,1,2,1
13.0,severe flood,6 districts,Arunachal Pradesh,IMD,,12.0,2004.0,7.0,10.0,1,2004.0,7.0,10.0,3.0,-0.4999999999999997,-0.8660254037844388,1,Other,1,1,1
1.0,"flash flood(baksa, dhaleswari,kushiara)",Cachar,Assam,IMD,282.0,18.0,2004.0,4.0,20.0,0,2004.0,4.0,20.0,2.0,0.8660254037844387,-0.4999999999999998,0,Flash Flood,1,1,1
1.0,heavy rains,Kamrup,Assam,IMD,291.0,18.0,2004.0,5.0,19.0,0,2004.0,5.0,19.0,2.0,0.49999999999999994,-0.8660254037844387,0,Heavy Rain,1,1,1
48.0,"severe flood(brahmaputra,its tributaries)","Tinsukia, Dhemaji, Dibrugarh, Lakhimpur, Sivasagar, Jorhat, Sonitpur, Golaghat, Udalguri, Chirang, Baksa, Nagaon, Kokrajhar, Darrang, Barpeta, Nalbari, Marigaon, Kamrup, Bongaigaon, Dhubri, Kamrup Metro, Goalpara, Dima Hasao, Cachar, Karimganj, Hailakandi, Charaideo, Majuli, Biswanath, Hojai, South Salmara Mancachar, Karbi Anglong, West Karbi Anglong",Assam,IMD,,18.0,2004.0,6.0,21.0,1,2004.0,6.0,21.0,2.0,1.2246467991473532e-16,-1.0,1,River/Water System,1,33,1
2.0,"flash flood(brahmaputra,its tributaries)","Barpeta,Bongaigaon",Assam,IMD,,18.0,2004.0,9.0,9.0,0,2004.0,9.0,9.0,3.0,-1.0,-1.8369701987210297e-16,0,River/Water System,1,2,1
19.0,"severe flood(brahmaputra,its tributaries)","Tinsukia, Dhemaji, Dibrugarh, Lakhimpur, Sivasagar, Jorhat, Sonitpur, Golaghat, Udalguri, Chirang, Baksa, Nagaon, Kokrajhar, Darrang, Barpeta, Nalbari, Marigaon, Kamrup, Bongaigaon, Dhubri, Kamrup Metro, Goalpara, Dima Hasao, Cachar, Karimganj, Hailakandi, Charaideo, Majuli, Biswanath, Hojai, South Salmara Mancachar, Karbi Anglong, West Karbi Anglong",Assam,IMD,,18.0,2004.0,10.0,7.0,1,2004.0,10.0,7.0,4.0,-0.8660254037844386,0.5000000000000001,1,River/Water System,1,33,1
1.0,flash flood,"Pashchim Champaran, Purbi Champaran, Sitamarhi, Sheohar, Gopalganj, Samastipur, Katihar, Khagaria, Bhojpur, Buxar, Darbhanga, Saharsa, Kaimur (Bhabua), Rohtas, Jamui, Banka, Nawada, Gaya, Munger, Vaishali, Begusarai, Bhagalpur, Lakhisarai, Sheikhpura, Arwal, Jehanabad, Nalanda, Patna, Saran, Siwan, Muzaffarpur, Madhepura, Araria, Supaul, Madhubani, Purnia, Kishanganj, Aurangabad",Bihar,IMD,,10.0,2004.0,6.0,22.0,1,2004.0,6.0,22.0,2.0,1.2246467991473532e-16,-1.0,0,Flash Flood,1,38,1
31.0,"severe flood(adhwara, bagmati, burhi gandak, gandak, ganga, ghagra, kamla balan, kosi, kreh, mahananda, punpun,sone)","Pashchim Champaran, Purbi Champaran, Sitamarhi, Sheohar, Gopalganj, Samastipur, Katihar, Khagaria, Bhojpur, Buxar, Darbhanga, Saharsa, Kaimur (Bhabua), Rohtas, Jamui, Banka, Nawada, Gaya, Munger, Vaishali, Begusarai, Bhagalpur, Lakhisarai, Sheikhpura, Arwal, Jehanabad, Nalanda, Patna, Saran, Siwan, Muzaffarpur, Madhepura, Araria, Supaul, Madhubani, Purnia, Kishanganj, Aurangabad",Bihar,IMD,,10.0,2004.0,7.0,1.0,1,2004.0,7.0,1.0,3.0,-0.4999999999999997,-0.8660254037844388,1,Other,1,38,1
1.0,heavy rains,"North Goa, South Goa",Goa,IMD,,30.0,2004.0,8.0,4.0,0,2004.0,8.0,4.0,3.0,-0.8660254037844385,-0.5000000000000004,0,Heavy Rain,1,2,1
14.0,heavy rains,"Valsad, Amreli, Dangs, Banas Kantha, Patan, Mahesana, Gandhinagar, Ahmedabad, Panch Mahals, Dahod, Vadodara, Bharuch, Porbandar, Narmada, Surat, Tapi, Arvalli, Botad, Chota Udaipur, Mahisagar, Gir Somnath, Sabar Kantha, Kachchh, Surendranagar, Rajkot, Kheda, Anand, Bhavnagar, Junagadh, Jamnagar, Devbhumi Dwarka Dwarka, Morbi, Navsari",Gujarat,IMD,,24.0,2004.0,8.0,1.0,1,2004.0,8.0,1.0,3.0,-0.8660254037844385,-0.5000000000000004,1,Heavy Rain,1,33,1
1.0,heavy rains,Ambala,Haryana,IMD,58.0,6.0,2004.0,8.0,3.0,0,2004.0,8.0,3.0,3.0,-0.8660254037844385,-0.5000000000000004,0,Heavy Rain,1,1,1
1.0,heavy rains,Panchkula,Haryana,IMD,70.0,6.0,2004.0,8.0,8.0,1,2004.0,8.0,8.0,3.0,-0.8660254037844385,-0.5000000000000004,0,Heavy Rain,1,1,1
2.0,heavy rains(cloud burst),Kullu,Himachal Pradesh,IMD,20.0,2.0,2004.0,8.0,12.0,0,2004.0,8.0,12.0,3.0,-0.8660254037844385,-0.5000000000000004,0,Heavy Rain,1,1,1
1.0,heavy rains(cloud burst),Hamirpur,Himachal Pradesh,IMD,17.0,2.0,2004.0,8.0,17.0,0,2004.0,8.0,17.0,3.0,-0.8660254037844385,-0.5000000000000004,0,Heavy Rain,1,1,1
2.0,heavy rains,Dakshina Kannada,Karnataka,IMD,534.0,29.0,2004.0,6.0,6.0,0,2004.0,6.0,6.0,2.0,1.2246467991473532e-16,-1.0,0,Heavy Rain,1,1,1
6.0,heavy rains,"Bengaluru Urban, Belagavi, Chikkaballapura, Dakshina Kannada, Hassan,Kodagu",Karnataka,IMD,,29.0,2004.0,6.0,11.0,0,2004.0,6.0,11.0,2.0,1.2246467991473532e-16,-1.0,0,Heavy Rain,1,6,1
7.0,heavy rains,"Bengaluru Urban, Bengaluru Rural,Gadag",Karnataka,IMD,,29.0,2004.0,7.0,8.0,1,2004.0,7.0,8.0,3.0,-0.4999999999999997,-0.8660254037844388,1,Heavy Rain,1,3,1
7.0,heavy rains,"Belagavi, Ballari, Chikkaballapura, Dakshina Kannada, Dharwad, Kodagu, Shivamogga, Udupi,Uttar Kashia Kannada",Karnataka,IMD,,29.0,2004.0,8.0,2.0,0,2004.0,8.0,2.0,3.0,-0.8660254037844385,-0.5000000000000004,1,Heavy Rain,1,9,1
1.0,heavy rains,"Mandya,Mysuru",Karnataka,IMD,,29.0,2004.0,9.0,14.0,0,2004.0,9.0,14.0,3.0,-1.0,-1.8369701987210297e-16,0,Heavy Rain,1,2,1
1.0,heavy rains,Belagavi,Karnataka,IMD,527.0,29.0,2004.0,9.0,20.0,0,2004.0,9.0,20.0,3.0,-1.0,-1.8369701987210297e-16,0,Heavy Rain,1,1,1
2.0,heavy rains,Bengaluru Urban,Karnataka,IMD,525.0,29.0,2004.0,10.0,19.0,0,2004.0,10.0,19.0,4.0,-0.8660254037844386,0.5000000000000001,0,Heavy Rain,1,1,1
15.0,heavy rains,"Idukki, Kannur, Kollam, Kottayam, Kozhikode, Malappuram, Palakkad , Thrissur,Thiruvananthapuram",Kerala,IMD,,32.0,2004.0,6.0,4.0,1,2004.0,6.0,4.0,2.0,1.2246467991473532e-16,-1.0,1,Heavy Rain,1,9,1
6.0,heavy rains,"Idukki, Kannur, Kasaragod, Kollam, Kozhikode, Malappuram, Palakkad,Wayanad",Kerala,IMD,,32.0,2004.0,8.0,3.0,1,2004.0,8.0,3.0,3.0,-0.8660254037844385,-0.5000000000000004,0,Heavy Rain,1,8,1
1.0,heavy rains,"Alappuzha, Ernakulam,Thrissur",Kerala,IMD,,32.0,2004.0,10.0,4.0,0,2004.0,10.0,4.0,4.0,-0.8660254037844386,0.5000000000000001,0,Heavy Rain,1,3,1
1.0,heavy rains,Mumbai,Maharashtra,IMD,482.0,27.0,2004.0,6.0,18.0,0,2004.0,6.0,18.0,2.0,1.2246467991473532e-16,-1.0,0,Heavy Rain,1,1,1
11.0,heavy rains,"Mumbai, Pune,Thane",Maharashtra,IMD,,27.0,2004.0,7.0,26.0,1,2004.0,7.0,26.0,3.0,-0.4999999999999997,-0.8660254037844388,1,Heavy Rain,1,3,1
2.0,heavy rains,"Mumbai, Pune,Satara",Maharashtra,IMD,,27.0,2004.0,8.0,11.0,0,2004.0,8.0,11.0,3.0,-0.8660254037844385,-0.5000000000000004,0,Heavy Rain,1,3,1
2.0,heavy rains,"Aurangabad,Beed,Hingoli, Jalna, Latur, Nanded,Dharashiv,Parbhani",Maharashtra,IMD,,27.0,2004.0,9.0,28.0,1,2004.0,9.0,28.0,3.0,-1.0,-1.8369701987210297e-16,0,Heavy Rain,1,8,1
3.0,flash flood,"East Khasi Hills,West Garo Hills",Meghalaya,IMD,,17.0,2004.0,10.0,8.0,0,2004.0,10.0,8.0,4.0,-0.8660254037844386,0.5000000000000001,0,Flash Flood,1,2,1
1.0,heavy rains,"Kolasib, Aizawl, Mamit, Champhai, Serchhip, Lunglei, Siaha, Lawngtlai",Mizoram,IMD,,15.0,2004.0,6.0,22.0,0,2004.0,6.0,22.0,2.0,1.2246467991473532e-16,-1.0,0,Heavy Rain,1,8,1
1.0,heavy rains,Jaipur,Rajasthan,IMD,102.0,8.0,2004.0,7.0,4.0,0,2004.0,7.0,4.0,3.0,-0.4999999999999997,-0.8660254037844388,0,Heavy Rain,1,1,1
2.0,heavy rains,"Bhilwara,Jaipur",Rajasthan,IMD,,8.0,2004.0,8.0,11.0,0,2004.0,8.0,11.0,3.0,-0.8660254037844385,-0.5000000000000004,0,Heavy Rain,1,2,1
1.0,heavy rains,"Baran, Bundi, Jhalawar,Kota",Rajasthan,IMD,,8.0,2004.0,8.0,16.0,0,2004.0,8.0,16.0,3.0,-0.8660254037844385,-0.5000000000000004,0,Heavy Rain,1,4,1
1.0,heavy rains,"Thanjavur, Thiruvarur,Viluppuram",Tamil Nadu,IMD,,33.0,2004.0,10.0,30.0,0,2004.0,10.0,30.0,4.0,-0.8660254037844386,0.5000000000000001,0,Heavy Rain,1,3,1
1.0,heavy rains,Chennai,Tamil Nadu,IMD,568.0,33.0,2004.0,11.0,9.0,0,2004.0,11.0,9.0,4.0,-0.5000000000000004,0.8660254037844384,0,Heavy Rain,1,1,1
9.0,"severe flood(bijoy,khowai)","Dhalai, South Tripura,West Tripura",Tripura,IMD,,16.0,2004.0,6.0,17.0,0,2004.0,6.0,17.0,2.0,1.2246467991473532e-16,-1.0,1,Other,1,3,1
1.0,heavy rains(cloud burst),Chamoli,Uttarakhand,IMD,47.0,5.0,2004.0,7.0,6.0,1,2004.0,7.0,6.0,3.0,-0.4999999999999997,-0.8660254037844388,0,Heavy Rain,1,1,1
1.0,heavy rains,"Tehri Garhwal,Uttar Kashi Kashi",Uttarakhand,IMD,,5.0,2004.0,7.0,28.0,0,2004.0,7.0,28.0,3.0,-0.4999999999999997,-0.8660254037844388,0,Heavy Rain,1,2,1
1.0,flash flood,Udam Singh Nagar,Uttarakhand,IMD,56.0,5.0,2004.0,8.0,26.0,0,2004.0,8.0,26.0,3.0,-0.8660254037844385,-0.5000000000000004,0,Flash Flood,1,1,1
2.0,heavy rains,"Kanpur nagar Nagar,Kanpur nagar Dehat,Rae Bareli",Uttar Pradesh,IMD,,9.0,2004.0,7.0,8.0,0,2004.0,7.0,8.0,3.0,-0.4999999999999997,-0.8660254037844388,0,Heavy Rain,1,3,1
3.0,heavy rains(cloud burst),East Uttar Kashi Pradesh,Uttar Pradesh,IMD,,9.0,2004.0,9.0,21.0,1,2004.0,9.0,21.0,3.0,-1.0,-1.8369701987210297e-16,0,Heavy Rain,1,1,1
7.0,moderate flood,Northern parts,West Bengal,IMD,,19.0,2004.0,7.0,8.0,0,2004.0,7.0,8.0,3.0,-0.4999999999999997,-0.8660254037844388,1,Other,1,1,1
14.0,heavy rains,"Howrah, Jalpaiguri, Kolkata, Malda, Murshidabad, Nadia,North 24 Parganas",West Bengal,IMD,,19.0,2004.0,9.0,8.0,1,2004.0,9.0,8.0,3.0,-1.0,-1.8369701987210297e-16,1,Heavy Rain,1,7,1
19.0,severe flood,"South 24 Parganas*, Darjeeling, Jalpaiguri, Dakshin Dinajpur, Maldah, Murshidabad, Birbhum, Nadia, Purba Purba Bardhaman, Purulia, Bankura, North 24 Parganas",West Bengal,IMD,,19.0,2004.0,10.0,1.0,1,2004.0,10.0,1.0,4.0,-0.8660254037844386,0.5000000000000001,1,Other,1,12,1
1.0,heavy rains,"Gurdaspur, Hoshiarpur, Amritsar, Jalandhar, Tarn Taran, Rupnagar, Shahid Bhagat Singh Nagar, Fazilka, Moga, Ludhiana, S.A.S Nagar*, Faridkot, Fatehgarh Sahib, Sri Sri Muktsar Sahib Sahib, Sangrur, Barnala, Bathinda, Patiala, Mansa, Ferozepur, Pathankot, Kapurthala",Punjab,IMD,,3.0,2004.0,8.0,3.0,0,2004.0,8.0,3.0,3.0,-0.8660254037844385,-0.5000000000000004,0,Heavy Rain,1,22,1
1.0,heavy rains,"Hyderabad, Khammam, Krishna, Medak,Warangal, Warangal, Warangal, Warangal",Andhra Pradesh,IMD,,28.0,2005.0,7.0,9.0,0,2005.0,7.0,9.0,3.0,-0.4999999999999997,-0.8660254037844388,0,Heavy Rain,1,8,1
3.0,heavy rains,Some parts,Andhra Pradesh,IMD,,28.0,2005.0,7.0,23.0,0,2005.0,7.0,23.0,3.0,-0.4999999999999997,-0.8660254037844388,0,Heavy Rain,1,1,1
2.0,heavy rains,"East Godavari, Srikakulam, Visakhapatnam, Vizianagaram,West Godavari",Andhra Pradesh,IMD,,28.0,2005.0,9.0,19.0,0,2005.0,9.0,19.0,3.0,-1.0,-1.8369701987210297e-16,0,Heavy Rain,1,5,1
3.0,heavy rains,"Y.S.R., Guntur, Khammam, Krishna, Mahabubnagar, Sri Potti Sriramulu Nellore",Andhra Pradesh,IMD,,28.0,2005.0,10.0,13.0,1,2005.0,10.0,13.0,4.0,-0.8660254037844386,0.5000000000000001,0,Heavy Rain,1,6,1
1.0,heavy rains,"Chittoor, Sri Potti Sriramulu Nellore",Andhra Pradesh,IMD,,28.0,2005.0,10.0,28.0,1,2005.0,10.0,28.0,4.0,-0.8660254037844386,0.5000000000000001,0,Heavy Rain,1,2,1
4.0,heavy rains,Itanagar,Arunachal Pradesh,IMD,,12.0,2005.0,8.0,25.0,0,2005.0,8.0,25.0,3.0,-0.8660254037844385,-0.5000000000000004,0,Heavy Rain,1,1,1
21.0,severe flood,"Barpeta, Bongaigaon, Dhemaji, Dhubri, Dibrugarh, Goalpara, Jorhat, Kamrup, Karimganj, Kokrajhar, Lakhimpur, Marigaon, Nalbari, Sonitpur,Tinsukia",Assam,IMD,,18.0,2005.0,7.0,8.0,1,2005.0,7.0,8.0,3.0,-0.4999999999999997,-0.8660254037844388,1,Other,1,15,1
7.0,"severe flood(saktola,pahumora)","Barpeta, Darrang, Goalpara, Jorhat, Kamrup, Lakhimpur,Nalbari",Assam,IMD,,18.0,2005.0,8.0,8.0,1,2005.0,8.0,8.0,3.0,-0.8660254037844385,-0.5000000000000004,1,Other,1,7,1
1.0,heavy rains,Kamrup,Assam,IMD,291.0,18.0,2005.0,8.0,19.0,0,2005.0,8.0,19.0,3.0,-0.8660254037844385,-0.5000000000000004,0,Heavy Rain,1,1,1
7.0,severe flood(brahmaputra),"Kamrup, Nagaon,Sonitpur",Assam,IMD,,18.0,2005.0,8.0,22.0,1,2005.0,8.0,22.0,3.0,-0.8660254037844385,-0.5000000000000004,1,River/Water System,1,3,1
3.0,heavy rains,Some parts,Goa,IMD,,30.0,2005.0,7.0,24.0,0,2005.0,7.0,24.0,3.0,-0.4999999999999997,-0.8660254037844388,0,Heavy Rain,1,1,1
7.0,severe flood,"Valsad, Amreli, Dangs, Banas Kantha, Patan, Mahesana, Gandhinagar, Ahmedabad, Panch Mahals, Dahod, Vadodara, Bharuch, Porbandar, Narmada, Surat, Tapi, Arvalli, Botad, Chota Udaipur, Mahisagar, Gir Somnath, Sabar Kantha, Kachchh, Surendranagar, Rajkot, Kheda, Anand, Bhavnagar, Junagadh, Jamnagar, Devbhumi Dwarka Dwarka, Morbi, Navsari",Gujarat,IMD,,24.0,2005.0,6.0,22.0,1,2005.0,6.0,22.0,2.0,1.2246467991473532e-16,-1.0,1,Other,1,33,1
21.0,severe flood,"Valsad, Amreli, Dangs, Banas Kantha, Patan, Mahesana, Gandhinagar, Ahmedabad, Panch Mahals, Dahod, Vadodara, Bharuch, Porbandar, Narmada, Surat, Tapi, Arvalli, Botad, Chota Udaipur, Mahisagar, Gir Somnath, Sabar Kantha, Kachchh, Surendranagar, Rajkot, Kheda, Anand, Bhavnagar, Junagadh, Jamnagar, Devbhumi Dwarka Dwarka, Morbi, Navsari",Gujarat,IMD,,24.0,2005.0,7.0,8.0,1,2005.0,7.0,8.0,3.0,-0.4999999999999997,-0.8660254037844388,1,Other,1,33,1
5.0,heavy rains,"Bharuch,Surat",Gujarat,IMD,,24.0,2005.0,8.0,1.0,1,2005.0,8.0,1.0,3.0,-0.8660254037844385,-0.5000000000000004,0,Heavy Rain,1,2,1
28.0,severe flood,"Valsad, Amreli, Dangs, Banas Kantha, Patan, Mahesana, Gandhinagar, Ahmedabad, Panch Mahals, Dahod, Vadodara, Bharuch, Porbandar, Narmada, Surat, Tapi, Arvalli, Botad, Chota Udaipur, Mahisagar, Gir Somnath, Sabar Kantha, Kachchh, Surendranagar, Rajkot, Kheda, Anand, Bhavnagar, Junagadh, Jamnagar, Devbhumi Dwarka Dwarka, Morbi, Navsari",Gujarat,IMD,,24.0,2005.0,9.0,1.0,1,2005.0,9.0,1.0,3.0,-1.0,-1.8369701987210297e-16,1,Other,1,33,1
14.0,severe flood(yamuna),"Faridabad,  Gurugram, Hisar, Jind , Sonipat,Yamunanagar",Haryana,IMD,,6.0,2005.0,7.0,8.0,0,2005.0,7.0,8.0,3.0,-0.4999999999999997,-0.8660254037844388,1,Other,1,6,1
7.0,heavy rains,"Chamba, Kangra, Kullu,Mandi",Himachal Pradesh,IMD,,2.0,2005.0,3.0,15.0,0,2005.0,3.0,15.0,1.0,1.0,6.123233995736766e-17,1,Heavy Rain,1,4,1
2.0,severe flood,"Lahul And Spiti, Chamba, Kangra, Kullu, Mandi, Kinnaur, Una, Shimla, Solan, Sirmaur, Hamirpur, Bilaspur",Himachal Pradesh,IMD,,2.0,2005.0,6.0,26.0,0,2005.0,6.0,26.0,2.0,1.2246467991473532e-16,-1.0,0,Other,1,12,1
2.0,heavy rains,Kangra,Himachal Pradesh,IMD,18.0,2.0,2005.0,9.0,16.0,0,2005.0,9.0,16.0,3.0,-1.0,-1.8369701987210297e-16,0,Heavy Rain,1,1,1
1.0,heavy rains,Doda,Jammu and Kashmir,IMD,461.0,,2005.0,8.0,7.0,1,2005.0,8.0,7.0,3.0,-0.8660254037844385,-0.5000000000000004,0,Heavy Rain,1,1,1
1.0,heavy rains,Bengaluru Urban,Karnataka,IMD,525.0,29.0,2005.0,6.0,2.0,0,2005.0,6.0,2.0,2.0,1.2246467991473532e-16,-1.0,0,Heavy Rain,1,1,1
1.0,heavy rains,Bengaluru Urban,Karnataka,IMD,525.0,29.0,2005.0,6.0,5.0,0,2005.0,6.0,5.0,2.0,1.2246467991473532e-16,-1.0,0,Heavy Rain,1,1,1
1.0,heavy rains,Mysuru,Karnataka,IMD,545.0,29.0,2005.0,6.0,10.0,0,2005.0,6.0,10.0,2.0,1.2246467991473532e-16,-1.0,0,Heavy Rain,1,1,1
1.0,heavy rains,Bengaluru Urban,Karnataka,IMD,525.0,29.0,2005.0,6.0,22.0,0,2005.0,6.0,22.0,2.0,1.2246467991473532e-16,-1.0,0,Heavy Rain,1,1,1
1.0,heavy rains,Belagavi,Karnataka,IMD,527.0,29.0,2005.0,7.0,3.0,0,2005.0,7.0,3.0,3.0,-0.4999999999999997,-0.8660254037844388,0,Heavy Rain,1,1,1
1.0,heavy rains,Gadag,Karnataka,IMD,537.0,29.0,2005.0,7.0,13.0,0,2005.0,7.0,13.0,3.0,-0.4999999999999997,-0.8660254037844388,0,Heavy Rain,1,1,1
7.0,heavy rains,"Bengaluru Urban, Davangere,Tumakuru",Karnataka,IMD,,29.0,2005.0,7.0,15.0,0,2005.0,7.0,15.0,3.0,-0.4999999999999997,-0.8660254037844388,1,Heavy Rain,1,3,1
7.0,heavy rains,"Bengaluru Urban, Belagavi, Chikkaballapura, Dharwad, Gadag,  Kalaburagi, Kodagu,Uttar Kashia Kannada",Karnataka,IMD,,29.0,2005.0,7.0,22.0,0,2005.0,7.0,22.0,3.0,-0.4999999999999997,-0.8660254037844388,1,Heavy Rain,1,8,1
1.0,flash flood,Chikkaballapura,Karnataka,IMD,630.0,29.0,2005.0,7.0,28.0,0,2005.0,7.0,28.0,3.0,-0.4999999999999997,-0.8660254037844388,0,Flash Flood,1,1,1
1.0,heavy rains,Davangere,Karnataka,IMD,535.0,29.0,2005.0,8.0,28.0,0,2005.0,8.0,28.0,3.0,-0.8660254037844385,-0.5000000000000004,0,Heavy Rain,1,1,1
7.0,flash flood,"Bengaluru Urban,Raichur",Karnataka,IMD,,29.0,2005.0,10.0,15.0,1,2005.0,10.0,15.0,4.0,-0.8660254037844386,0.5000000000000001,1,Flash Flood,1,2,1
7.0,heavy rains,"Bengaluru Urban, Chamarajanagaraa Hassan, Kolar, Mandya, Mysuru,Tumakuru",Karnataka,IMD,,29.0,2005.0,10.0,22.0,1,2005.0,10.0,22.0,4.0,-0.8660254037844386,0.5000000000000001,1,Heavy Rain,1,6,1
1.0,heavy rains,Thiruvananthapuram,Kerala,IMD,565.0,32.0,2005.0,2.0,1.0,0,2005.0,2.0,1.0,1.0,0.8660254037844386,0.5000000000000001,0,Heavy Rain,1,1,1
14.0,heavy rains,"Thiruvananthapuram,Wayanad",Kerala,IMD,,32.0,2005.0,4.0,15.0,0,2005.0,4.0,15.0,2.0,0.8660254037844387,-0.4999999999999998,1,Heavy Rain,1,2,1
14.0,heavy rains,"Kollam, Thiruvananthapuram,Wayanad",Kerala,IMD,,32.0,2005.0,6.0,1.0,0,2005.0,6.0,1.0,2.0,1.2246467991473532e-16,-1.0,1,Heavy Rain,1,3,1
14.0,heavy rains,"Alappuzha, Ernakulam, Kannur, Kasaragod, Kollam, Kottayam, Palakkad,Thiruvananthapuram",Kerala,IMD,,32.0,2005.0,6.0,15.0,0,2005.0,6.0,15.0,2.0,1.2246467991473532e-16,-1.0,1,Heavy Rain,1,8,1
1.0,heavy rains,Kozhikode,Kerala,IMD,561.0,32.0,2005.0,7.0,1.0,0,2005.0,7.0,1.0,3.0,-0.4999999999999997,-0.8660254037844388,0,Heavy Rain,1,1,1
1.0,heavy rains,Kollam,Kerala,IMD,559.0,32.0,2005.0,7.0,1.0,0,2005.0,7.0,1.0,3.0,-0.4999999999999997,-0.8660254037844388,0,Heavy Rain,1,1,1
7.0,heavy rains,"Alappuzha, Ernakulam, Idukki, Kollam, Kottayam, Thiruvananthapuram, Thrissur,Wayanad",Kerala,IMD,,32.0,2005.0,7.0,22.0,1,2005.0,7.0,22.0,3.0,-0.4999999999999997,-0.8660254037844388,1,Heavy Rain,1,8,1
7.0,heavy rains,"Kollam, Thiruvananthapuram,Wayanad",Kerala,IMD,,32.0,2005.0,10.0,8.0,0,2005.0,10.0,8.0,4.0,-0.8660254037844386,0.5000000000000001,1,Heavy Rain,1,3,1
4.0,heavy rains,"Chhindwara, Satna,Shajapur",Madhya Pradesh,IMD,,23.0,2005.0,6.0,24.0,1,2005.0,6.0,24.0,2.0,1.2246467991473532e-16,-1.0,0,Heavy Rain,1,3,1
7.0,flash flood,"Betul, Bhopal, Chhatarpur, Damoh, Katni, Panna, Rewa, Satna,Sagar",Madhya Pradesh,IMD,,23.0,2005.0,7.0,22.0,1,2005.0,7.0,22.0,3.0,-0.4999999999999997,-0.8660254037844388,1,Flash Flood,1,9,1
17.0,heavy rains,"Damoh,Indore",Madhya Pradesh,IMD,,23.0,2005.0,7.0,22.0,1,2005.0,7.0,22.0,3.0,-0.4999999999999997,-0.8660254037844388,1,Heavy Rain,1,2,1
3.0,heavy rains,"Akola, Amravati, Wardha, Washim,Yavatmal",Maharashtra,IMD,,27.0,2005.0,3.0,9.0,0,2005.0,3.0,9.0,1.0,1.0,6.123233995736766e-17,0,Heavy Rain,1,5,1
2.0,heavy rains,"Yavatmal, Wardha",Maharashtra,IMD,,27.0,2005.0,7.0,10.0,1,2005.0,7.0,10.0,3.0,-0.4999999999999997,-0.8660254037844388,0,Heavy Rain,1,2,1
1.0,heavy rains,"Beed, Nanded",Maharashtra,IMD,,27.0,2005.0,7.0,21.0,0,2005.0,7.0,21.0,3.0,-0.4999999999999997,-0.8660254037844388,0,Heavy Rain,1,2,1
1.0,heavy rains,Nanded,Maharashtra,IMD,485.0,27.0,2005.0,7.0,24.0,0,2005.0,7.0,24.0,3.0,-0.4999999999999997,-0.8660254037844388,0,Heavy Rain,1,1,1
2.0,heavy rains,Mumbai,Maharashtra,IMD,482.0,27.0,2005.0,7.0,26.0,1,2005.0,7.0,26.0,3.0,-0.4999999999999997,-0.8660254037844388,0,Heavy Rain,1,1,1
7.0,heavy rains,"Beed, Kolhapur, Nanded, Parbhani, Pune, Raigarh, Ratnagiri, Sindhudurg, Thane,Yavatmal",Maharashtra,IMD,,27.0,2005.0,7.0,22.0,1,2005.0,7.0,22.0,3.0,-0.4999999999999997,-0.8660254037844388,1,Heavy Rain,1,10,1
7.0,heavy rains,"Aurangabad, Beed, Hingoli, Jalna, Kolhapur, Nanded, Parbhani, Pune, Raigarh, Satara,Thane",Maharashtra,IMD,,27.0,2005.0,8.0,1.0,1,2005.0,8.0,1.0,3.0,-0.8660254037844385,-0.5000000000000004,1,Heavy Rain,1,11,1
2.0,heavy rains,"Bhandara, Chandrapur,Nagpur",Maharashtra,IMD,,27.0,2005.0,8.0,7.0,0,2005.0,8.0,7.0,3.0,-0.8660254037844385,-0.5000000000000004,0,Heavy Rain,1,3,1
2.0,heavy rains,"Nashik,Pune",Maharashtra,IMD,,27.0,2005.0,8.0,10.0,0,2005.0,8.0,10.0,3.0,-0.8660254037844385,-0.5000000000000004,0,Heavy Rain,1,2,1
1.0,heavy rains,"Akola, Chandrapur,Nagpur",Maharashtra,IMD,,27.0,2005.0,9.0,5.0,0,2005.0,9.0,5.0,3.0,-1.0,-1.8369701987210297e-16,0,Heavy Rain,1,3,1
7.0,heavy rains,"Aurangabad, Bhandara, Gondia, Jalna, Mumbai, Solapur,Wardha",Maharashtra,IMD,,27.0,2005.0,9.0,8.0,1,2005.0,9.0,8.0,3.0,-1.0,-1.8369701987210297e-16,1,Heavy Rain,1,7,1
1.0,heavy rains,"Beed, Latur,Dharashiv",Maharashtra,IMD,,27.0,2005.0,9.0,21.0,0,2005.0,9.0,21.0,3.0,-1.0,-1.8369701987210297e-16,0,Heavy Rain,1,3,1
7.0,severe flood,"Nashik,Parbhani",Maharashtra,IMD,,27.0,2005.0,9.0,22.0,1,2005.0,9.0,22.0,3.0,-1.0,-1.8369701987210297e-16,1,Other,1,2,1
1.0,"moderate flood (brahmani,baitarani)",Baleshwar,Odisha,IMD,346.0,21.0,2005.0,8.0,1.0,0,2005.0,8.0,1.0,3.0,-0.8660254037844385,-0.5000000000000004,0,Other,1,1,1
1.0,heavy rains,Kendrapara,Odisha,IMD,360.0,21.0,2005.0,9.0,19.0,0,2005.0,9.0,19.0,3.0,-1.0,-1.8369701987210297e-16,0,Heavy Rain,1,1,1
1.0,heavy rains,"Jalandhar,Patiala",Punjab,IMD,,3.0,2005.0,7.0,6.0,0,2005.0,7.0,6.0,3.0,-0.4999999999999997,-0.8660254037844388,0,Heavy Rain,1,2,1
1.0,heavy rains,Bathinda,Punjab,IMD,28.0,3.0,2005.0,7.0,8.0,0,2005.0,7.0,8.0,3.0,-0.4999999999999997,-0.8660254037844388,0,Heavy Rain,1,1,1
1.0,heavy rains,Jaipur,Rajasthan,IMD,102.0,8.0,2005.0,6.0,27.0,0,2005.0,6.0,27.0,2.0,1.2246467991473532e-16,-1.0,0,Heavy Rain,1,1,1
2.0,heavy rains,"Alwar,Jhalawar",Rajasthan,IMD,,8.0,2005.0,7.0,5.0,0,2005.0,7.0,5.0,3.0,-0.4999999999999997,-0.8660254037844388,0,Heavy Rain,1,2,1
1.0,heavy rains,Bharatpur,Rajasthan,IMD,760.0,8.0,2005.0,7.0,12.0,0,2005.0,7.0,12.0,3.0,-0.4999999999999997,-0.8660254037844388,0,Heavy Rain,1,1,1
1.0,heavy rains,"Dausa,Karauli",Rajasthan,IMD,,8.0,2005.0,7.0,14.0,0,2005.0,7.0,14.0,3.0,-0.4999999999999997,-0.8660254037844388,0,Heavy Rain,1,2,1
1.0,heavy rains,Karauli,Rajasthan,IMD,108.0,8.0,2005.0,7.0,16.0,0,2005.0,7.0,16.0,3.0,-0.4999999999999997,-0.8660254037844388,0,Heavy Rain,1,1,1
1.0,heavy rains,Bharatpur,Rajasthan,IMD,760.0,8.0,2005.0,7.0,17.0,0,2005.0,7.0,17.0,3.0,-0.4999999999999997,-0.8660254037844388,0,Heavy Rain,1,1,1
1.0,heavy rains,"Kanniyakumariumari, Namakkal, The Nilgiris,Tiruchirappalli",Tamil Nadu,IMD,,33.0,2005.0,4.0,7.0,1,2005.0,4.0,7.0,2.0,0.8660254037844387,-0.4999999999999998,0,Heavy Rain,1,4,1
1.0,heavy rains,Chennai,Tamil Nadu,IMD,568.0,33.0,2005.0,10.0,13.0,0,2005.0,10.0,13.0,4.0,-0.8660254037844386,0.5000000000000001,0,Heavy Rain,1,1,1
14.0,severe flood,"Thiruvallur, Chennai, Krishnagiri, Tiruvannamalai, Dharmapuri, Salem, Erode, The Nilgiris, Namakkal, Perambalur, Coimbatore, Tiruchirappalli, Ariyalur, Tiruppur, Thanjavur, Karur, Thiruvarur, Dindigul, Madurai, Theni, Virudhunagar, Thoothukkudi, Kanniyakumariumari, Viluppuram, Cuddalore, Pudukkottai, Sivaganga, Ramanathapuram, Nagapattinam, Kallakurichi, Tenkasi, Tirunelveli, Vellore, Ranipet, Tirupathur, Kancheepuram, Chengalpattu",Tamil Nadu,IMD,,33.0,2005.0,10.0,15.0,1,2005.0,10.0,15.0,4.0,-0.8660254037844386,0.5000000000000001,1,Other,1,37,1
1.0,flash flood,Nagapattinam,Tamil Nadu,IMD,579.0,33.0,2005.0,11.0,22.0,0,2005.0,11.0,22.0,4.0,-0.5000000000000004,0.8660254037844384,0,Flash Flood,1,1,1
2.0,heavy rains,"Chennai, Kancheepuram,Thiruvallur",Tamil Nadu,IMD,,33.0,2005.0,12.0,3.0,0,2005.0,12.0,3.0,4.0,-2.4492935982947064e-16,1.0,0,Heavy Rain,1,3,1
1.0,heavy rains,"Ramanathapuram, Thanjavur,Thiruvarur",Tamil Nadu,IMD,,33.0,2005.0,12.0,11.0,0,2005.0,12.0,11.0,4.0,-2.4492935982947064e-16,1.0,0,Heavy Rain,1,3,1
1.0,heavy rains,Chamoli,Uttarakhand,IMD,47.0,5.0,2005.0,6.0,30.0,0,2005.0,6.0,30.0,2.0,1.2246467991473532e-16,-1.0,0,Heavy Rain,1,1,1
1.0,severe flood (ker),Banda,"Uttar Pradesh, Uttarakhand",IMD,456.0,,2005.0,7.0,6.0,1,2005.0,7.0,6.0,3.0,-0.4999999999999997,-0.8660254037844388,0,Other,2,1,1
1.0,heavy rains,Tehri Garhwal,Uttarakhand,IMD,55.0,5.0,2005.0,7.0,22.0,0,2005.0,7.0,22.0,3.0,-0.4999999999999997,-0.8660254037844388,0,Heavy Rain,1,1,1
1.0,heavy rains,Tehri Garhwal,Uttarakhand,IMD,55.0,5.0,2005.0,8.0,3.0,1,2005.0,8.0,3.0,3.0,-0.8660254037844385,-0.5000000000000004,0,Heavy Rain,1,1,1
1.0,heavy rains,Pithoragarh,Uttarakhand,IMD,53.0,5.0,2005.0,8.0,5.0,1,2005.0,8.0,5.0,3.0,-0.8660254037844385,-0.5000000000000004,0,Heavy Rain,1,1,1
1.0,heavy rains,"Kanpur nagar Nagar,Kanpur nagar Dehat,Sultanpur",Uttar Pradesh,IMD,,9.0,2005.0,8.0,22.0,0,2005.0,8.0,22.0,3.0,-0.8660254037844385,-0.5000000000000004,0,Heavy Rain,1,3,1
7.0,severe flood (ghaghara),"Ambedkar Nagar, Azamgarh, Bahraich, Ballia, Banda, Bara Banki, Gorakhpur, Kanpur nagar Nagar,Kanpur nagar Dehat, Mau, Sitapur, Sultanpur",Uttar Pradesh,IMD,,9.0,2005.0,8.0,22.0,1,2005.0,8.0,22.0,3.0,-0.8660254037844385,-0.5000000000000004,1,Other,1,12,1
2.0,"flood (ganga, ghaghara, magari,tansa)","Azamgarh,Mau",Uttar Pradesh,IMD,,9.0,2005.0,8.0,28.0,0,2005.0,8.0,28.0,3.0,-0.8660254037844385,-0.5000000000000004,0,Other,1,2,1
1.0,heavy rains,"Hardoi, Jaunpur,Sitapur",Uttar Pradesh,IMD,,9.0,2005.0,9.0,16.0,0,2005.0,9.0,16.0,3.0,-1.0,-1.8369701987210297e-16,0,Heavy Rain,1,3,1
1.0,heavy rains,Muzaffarnagar,Uttar Pradesh,IMD,172.0,9.0,2005.0,9.0,24.0,0,2005.0,9.0,24.0,3.0,-1.0,-1.8369701987210297e-16,0,Heavy Rain,1,1,1
1.0,heavy rains,"Dehradun, Haridwar, Moradabad,Muzaffarnagar,Dehradun, Haridwar,Nainital","Uttar Pradesh, Uttarakhand",IMD,,,2005.0,9.0,25.0,1,2005.0,9.0,25.0,3.0,-1.0,-1.8369701987210297e-16,0,Heavy Rain,2,7,1
1.0,heavy rains,Darjeeling,West Bengal,IMD,309.0,19.0,2005.0,4.0,10.0,0,2005.0,4.0,10.0,2.0,0.8660254037844387,-0.4999999999999998,0,Heavy Rain,1,1,1
1.0,heavy rains,Kolkata,West Bengal,IMD,315.0,19.0,2005.0,5.0,4.0,1,2005.0,5.0,4.0,2.0,0.49999999999999994,-0.8660254037844387,0,Heavy Rain,1,1,1
1.0,heavy rains,"Birbhum, Dakshin Dinajpur, Nadia,South 24 Parganas",West Bengal,IMD,,19.0,2005.0,8.0,8.0,1,2005.0,8.0,8.0,3.0,-0.8660254037844385,-0.5000000000000004,0,Heavy Rain,1,4,1
1.0,heavy rains,Kolkata,West Bengal,IMD,315.0,19.0,2005.0,8.0,26.0,0,2005.0,8.0,26.0,3.0,-0.8660254037844385,-0.5000000000000004,0,Heavy Rain,1,1,1
3.0,moderate flood,Purba Medinipur,West Bengal,IMD,317.0,19.0,2005.0,9.0,13.0,0,2005.0,9.0,13.0,3.0,-1.0,-1.8369701987210297e-16,0,Other,1,1,1
3.0,moderate flood,Purba Medinipur,West Bengal,IMD,317.0,19.0,2005.0,9.0,17.0,0,2005.0,9.0,17.0,3.0,-1.0,-1.8369701987210297e-16,0,Other,1,1,1
1.0,heavy rains,"Kolkata, Paschim Purba Medinipur,Purba Purba Medinipur, North 24 Parganas",West Bengal,IMD,,19.0,2005.0,10.0,21.0,0,2005.0,10.0,21.0,4.0,-0.8660254037844386,0.5000000000000001,0,Heavy Rain,1,4,1
1.0,heavy rains,"Howrah, Paschim Purba Medinipur,Purba Purba Medinipur, Purulia, North 24 Parganas",West Bengal,IMD,,19.0,2005.0,10.0,23.0,1,2005.0,10.0,23.0,4.0,-0.8660254037844386,0.5000000000000001,0,Heavy Rain,1,5,1
2.0,severe flood,Purba Medinipur,West Bengal,IMD,317.0,19.0,2005.0,10.0,25.0,1,2005.0,10.0,25.0,4.0,-0.8660254037844386,0.5000000000000001,0,Other,1,1,1
7.0,"flash flood (godavari,rivulets)","Adilabad, East Godavari, Karimnagar, Khammam, Warangal, Warangal, Warangal, Warangal, West Godavari",Andhra Pradesh,IMD,,28.0,2006.0,8.0,5.0,1,2006.0,8.0,5.0,3.0,-0.8660254037844385,-0.5000000000000004,1,Flash Flood,1,9,1
4.0,flash flood,"Adilabad, Guntur, Karimnagar, Khammam, Nizamabad, Vizianagaram, Warangal, Warangal, Warangal, Warangal",Andhra Pradesh,IMD,,28.0,2006.0,9.0,19.0,1,2006.0,9.0,19.0,3.0,-1.0,-1.8369701987210297e-16,0,Flash Flood,1,10,1
7.0,"severe flood (noona, tributaries of brahmaputra)","Barpeta, Cachar, Darrang, Dhemaji, Hailakandi, Jorhat, Kamrup, Karbi Anglong, Karimganj, Lakhimpur, Nagaon, Nalbari, Cachar, Mancachar, Sonitpur,Tinsukia",Assam,IMD,,18.0,2006.0,6.0,11.0,0,2006.0,6.0,11.0,2.0,1.2246467991473532e-16,-1.0,1,River/Water System,1,16,1
1.0,flash flood (brahmaputra),Mancachar,Assam,IMD,707.0,18.0,2006.0,6.0,27.0,0,2006.0,6.0,27.0,2.0,1.2246467991473532e-16,-1.0,0,River/Water System,1,1,1
1.0,"flash flood (brahmaputra,its tributaries)",Dhemaji,Assam,IMD,284.0,18.0,2006.0,7.0,8.0,0,2006.0,7.0,8.0,3.0,-0.4999999999999997,-0.8660254037844388,0,River/Water System,1,1,1
2.0,"flash flood (bagmati, kamla balan, mahanadi, burhi gandak,adhwara)","Bhagalpur, Muzaffarpur, Sheohar, Sitamarhi,Pashchim Champaran, Purbi Champaran,",Bihar,IMD,,10.0,2006.0,7.0,14.0,1,2006.0,7.0,14.0,3.0,-0.4999999999999997,-0.8660254037844388,0,Flash Flood,1,6,1
2.0,heavy rains,"Aurangabad, Katihar, Munger, Muzaffarpur, Nalanda,Sahebganj",Bihar,IMD,,10.0,2006.0,9.0,24.0,1,2006.0,9.0,24.0,3.0,-1.0,-1.8369701987210297e-16,0,Heavy Rain,1,6,1
1.0,heavy rains,"Surat, Bharuch, Narmada, Navsari, Dangs, Valsad, Tapi,Amreli,  Ahmedabad,Porbandar,  Botad, Gir Somnath, Surendranagar, Rajkot, Bhavnagar, Junagadh, Jamnagar,Devbhumi Dwarka Dwarka, Morbi",Gujarat,IMD,,24.0,2006.0,6.0,1.0,0,2006.0,6.0,1.0,2.0,1.2246467991473532e-16,-1.0,0,Heavy Rain,1,19,1
2.0,heavy rains,"Valsad, Amreli, Dangs, Banas Kantha, Patan, Mahesana, Gandhinagar, Ahmedabad, Panch Mahals, Dahod, Vadodara, Bharuch, Porbandar, Narmada, Surat, Tapi, Arvalli, Botad, Chota Udaipur, Mahisagar, Gir Somnath, Sabar Kantha, Kachchh, Surendranagar, Rajkot, Kheda, Anand, Bhavnagar, Junagadh, Jamnagar, Devbhumi Dwarka Dwarka, Morbi, Navsari",Gujarat,IMD,,24.0,2006.0,7.0,4.0,0,2006.0,7.0,4.0,3.0,-0.4999999999999997,-0.8660254037844388,0,Heavy Rain,1,33,1
2.0,heavy rains,"Anand, Bharuch, Kheda, Navsari,Vadodara",Gujarat,IMD,,24.0,2006.0,7.0,29.0,1,2006.0,7.0,29.0,3.0,-0.4999999999999997,-0.8660254037844388,0,Heavy Rain,1,5,1
1.0,heavy rains,"Banas Kantha, Kachchh, Mahesana, Palampur, Patan,Sabar Kantha",Gujarat,IMD,,24.0,2006.0,8.0,17.0,0,2006.0,8.0,17.0,3.0,-0.8660254037844385,-0.5000000000000004,0,Heavy Rain,1,6,1
1.0,heavy rains,"Amreli,  Ahmedabad,Porbandar,  Botad, Gir Somnath, Surendranagar, Rajkot, Bhavnagar, Junagadh, Jamnagar, Devbhumi Dwarka Dwarka, Morbi",Gujarat,IMD,,24.0,2006.0,9.0,18.0,0,2006.0,9.0,18.0,3.0,-1.0,-1.8369701987210297e-16,0,Heavy Rain,1,12,1
1.0,heavy rains,Kangra,Himachal Pradesh,IMD,18.0,2.0,2006.0,5.0,26.0,0,2006.0,5.0,26.0,2.0,0.49999999999999994,-0.8660254037844387,0,Heavy Rain,1,1,1
6.0,heavy rains,"Kinnaur, Manali,Solan",Himachal Pradesh,IMD,,2.0,2006.0,7.0,23.0,1,2006.0,7.0,23.0,3.0,-0.4999999999999997,-0.8660254037844388,0,Heavy Rain,1,3,1
1.0,heavy rains,"Lahul And Spiti,Shimla",Himachal Pradesh,IMD,,2.0,2006.0,9.0,2.0,0,2006.0,9.0,2.0,3.0,-1.0,-1.8369701987210297e-16,0,Heavy Rain,1,2,1
1.0,flash flood,"Leh ladakh, Kargil",Jammu and Kashmir,IMD,,,2006.0,8.0,7.0,1,2006.0,8.0,7.0,3.0,-0.8660254037844385,-0.5000000000000004,0,Flash Flood,1,2,1
1.0,"flash flood (jhelum, chenab)","Kathua,Pulwama",Jammu and Kashmir,IMD,,,2006.0,9.0,3.0,0,2006.0,9.0,3.0,3.0,-1.0,-1.8369701987210297e-16,0,Flash Flood,1,2,1
2.0,heavy rains,"Sahebganj, Godda, Pakur, Giridih, Dumka, Deoghar, Palamu, Chatra, Garhwa, Jamtara, Dhanbad, Latehar, Bokaro, Ramgarh, Ranchi, Lohardaga, Gumla, Khunti, Saraikela Kharsawan, Purbi West Singhbhum, Pashchimi West Singhbhum, Simdega, Koderma, Hazaribagh",Jharkhand,IMD,,20.0,2006.0,7.0,29.0,1,2006.0,7.0,29.0,3.0,-0.4999999999999997,-0.8660254037844388,0,Heavy Rain,1,24,1
4.0,heavy rains,"Bengaluru Urban, Dakshina Kannada, Dharwad, Udupi,Uttar Kashia Kannada",Karnataka,IMD,,29.0,2006.0,5.0,27.0,1,2006.0,5.0,27.0,2.0,0.49999999999999994,-0.8660254037844387,0,Heavy Rain,1,5,1
1.0,heavy rains,Kozhikode,Kerala,IMD,561.0,32.0,2006.0,5.0,23.0,0,2006.0,5.0,23.0,2.0,0.49999999999999994,-0.8660254037844387,0,Heavy Rain,1,1,1
3.0,heavy rains,"Alappuzha, Kannur, Kasaragod, Kollam, Kottayam, Kozhikode, Malappuram, Thiruvananthapuram,Thrissur,Wayanad",Kerala,IMD,,32.0,2006.0,5.0,27.0,0,2006.0,5.0,27.0,2.0,0.49999999999999994,-0.8660254037844387,0,Heavy Rain,1,10,1
1.0,heavy rains,"Alappuzha, Ernakulam, Kannur, Kollam, Kozhikode, Palakkad, Thrissur,Wayanad",Kerala,IMD,,32.0,2006.0,6.0,1.0,1,2006.0,6.0,1.0,2.0,1.2246467991473532e-16,-1.0,0,Heavy Rain,1,8,1
3.0,heavy rains,"Alappuzha, Kozhikode, Malappuram,Thiruvananthapuram",Kerala,IMD,,32.0,2006.0,6.0,23.0,0,2006.0,6.0,23.0,2.0,1.2246467991473532e-16,-1.0,0,Heavy Rain,1,4,1
3.0,heavy rains,"Kannur,Wayanad",Kerala,IMD,,32.0,2006.0,7.0,1.0,0,2006.0,7.0,1.0,3.0,-0.4999999999999997,-0.8660254037844388,0,Heavy Rain,1,2,1
1.0,heavy rains,"Malikkeri,Wayanad",Kerala,IMD,,32.0,2006.0,7.0,4.0,0,2006.0,7.0,4.0,3.0,-0.4999999999999997,-0.8660254037844388,0,Heavy Rain,1,2,1
3.0,heavy rains,"Kollam, Kottayam, Palakkad, Pathanamthitta,Thiruvananthapuram",Kerala,IMD,,32.0,2006.0,9.0,25.0,0,2006.0,9.0,25.0,3.0,-1.0,-1.8369701987210297e-16,0,Heavy Rain,1,5,1
2.0,heavy rains,Thiruvananthapuram,Kerala,IMD,565.0,32.0,2006.0,10.0,28.0,0,2006.0,10.0,28.0,4.0,-0.8660254037844386,0.5000000000000001,0,Heavy Rain,1,1,1
1.0,heavy rains,Kottayam,Kerala,IMD,560.0,32.0,2006.0,11.0,25.0,0,2006.0,11.0,25.0,4.0,-0.5000000000000004,0.8660254037844384,0,Heavy Rain,1,1,1
1.0,heavy rains,Chhatisgarh,"Madhya Pradesh,  Chhattisgarh",IMD,,,2006.0,7.0,5.0,0,2006.0,7.0,5.0,3.0,-0.4999999999999997,-0.8660254037844388,0,Heavy Rain,2,1,1
3.0,flash flood,"Barwani, Burhanpur, Jagdalpur,Khargone (Khargone (West Nimar))","Madhya Pradesh,  Chhattisgarh",IMD,,,2006.0,8.0,6.0,0,2006.0,8.0,6.0,3.0,-0.8660254037844385,-0.5000000000000004,0,Flash Flood,2,4,1
1.0,flash flood,"Ujjain,West Madhya Pradesh","Madhya Pradesh,  Chhattisgarh",IMD,,,2006.0,8.0,10.0,1,2006.0,8.0,10.0,3.0,-0.8660254037844385,-0.5000000000000004,0,Flash Flood,2,2,1
8.0,heavy rains.,"Bhopal, Guna, Narmadapuram, Indore, Jabalpur, Mandsaur, Neemuch, Jawad, Rajgarh, Ratlam, Sagar, Sehore,Ujjain","Madhya Pradesh,  Chhattisgarh",IMD,,,2006.0,8.0,13.0,1,2006.0,8.0,13.0,3.0,-0.8660254037844385,-0.5000000000000004,1,Heavy Rain,2,13,1
2.0,heavy rains.,Bilaspur,"Madhya Pradesh,  Chhattisgarh",IMD,375.0,,2006.0,8.0,27.0,0,2006.0,8.0,27.0,3.0,-0.8660254037844385,-0.5000000000000004,0,Heavy Rain,2,1,1
1.0,flash flood,"Balaghat, Bhopal, Damoh, Datia, Narmadapuram, Jabalpur, Rajgarh, Sagar, Sehore , Ujjain,Vidisha","Madhya Pradesh,  Chhattisgarh",IMD,,,2006.0,9.0,1.0,0,2006.0,9.0,1.0,3.0,-1.0,-1.8369701987210297e-16,0,Flash Flood,2,11,1
1.0,heavy rains,Wardha,Maharashtra,IMD,498.0,27.0,2006.0,5.0,22.0,0,2006.0,5.0,22.0,2.0,0.49999999999999994,-0.8660254037844387,0,Heavy Rain,1,1,1
4.0,heavy rains,"Aurangabad, Dhule, Mumbai, Nagpur, Kolhapur,Sindhudurg",Maharashtra,IMD,,27.0,2006.0,5.0,30.0,1,2006.0,5.0,30.0,2.0,0.49999999999999994,-0.8660254037844387,0,Heavy Rain,1,6,1
1.0,heavy rains,"Nanded, Ratnagiri,Thane",Maharashtra,IMD,,27.0,2006.0,6.0,3.0,0,2006.0,6.0,3.0,2.0,1.2246467991473532e-16,-1.0,0,Heavy Rain,1,3,1
3.0,heavy rains,"Ahmednagar, Jalgaon,Marathwada",Maharashtra,IMD,,27.0,2006.0,6.0,18.0,1,2006.0,6.0,18.0,2.0,1.2246467991473532e-16,-1.0,0,Heavy Rain,1,3,1
1.0,heavy rains,Chandrapur,Maharashtra,IMD,473.0,27.0,2006.0,6.0,25.0,0,2006.0,6.0,25.0,2.0,1.2246467991473532e-16,-1.0,0,Heavy Rain,1,1,1
7.0,heavy rains,"Amravati, Chandrapur, Dhule,  Gadchiroli, Jalgaon, Kolhapur, Mumbai, Nagpur, Nashik, Pune, Raigarh, Satara, Thane,Washim",Maharashtra,IMD,,27.0,2006.0,7.0,1.0,1,2006.0,7.0,1.0,3.0,-0.4999999999999997,-0.8660254037844388,1,Heavy Rain,1,14,1
1.0,flash flood,"Hingoli,Nagpur",Maharashtra,IMD,,27.0,2006.0,7.0,11.0,1,2006.0,7.0,11.0,3.0,-0.4999999999999997,-0.8660254037844388,0,Flash Flood,1,2,1
2.0,flash flood,Nagpur,Maharashtra,IMD,484.0,27.0,2006.0,7.0,18.0,1,2006.0,7.0,18.0,3.0,-0.4999999999999997,-0.8660254037844388,0,Flash Flood,1,1,1
5.0,flash flood,"Ahmednagar, Akola, Aurangabad, Beed, Buldhana, Chandrapur, Dhule, Hingoli, Jalgaon, Jalna, Kolhapur, Latur, Nanded, Nashik, Parbhani, Pune, Sangli, Satara, Wardha, Washim,Yavatmal",Maharashtra,IMD,,27.0,2006.0,8.0,5.0,1,2006.0,8.0,5.0,3.0,-0.8660254037844385,-0.5000000000000004,0,Flash Flood,1,21,1
1.0,heavy rains,Mumbai,Maharashtra,IMD,482.0,27.0,2006.0,8.0,15.0,0,2006.0,8.0,15.0,3.0,-0.8660254037844385,-0.5000000000000004,0,Heavy Rain,1,1,1
6.0,heavy rains,"Ahmednagar, Beed, Jalna, Mumbai, Nashik, Dharashiv, Pune,Satara",Maharashtra,IMD,,27.0,2006.0,9.0,12.0,1,2006.0,9.0,12.0,3.0,-1.0,-1.8369701987210297e-16,0,Heavy Rain,1,8,1
31.0,severe flood,"Bhadrak, Dhenkanal, Jajapur, Subarnapur, Nuapada, Balangir, Boudh, Cuttack, Kandhamal, Nayagarh, Khordha, Kalahandi, Jagatsinghapur, Puri, Nagpur, Rayagada, Koraput, Malkangiri, Anugul, Kendrapara, Ganjam, Gajapati, Mayurbhanj, Sundargarh, Kendujhar, Baleshwar, Jharsuguda, Bargarh, Deogarh, Sambalpur",Odisha,IMD,,21.0,2006.0,7.0,1.0,1,2006.0,7.0,1.0,3.0,-0.4999999999999997,-0.8660254037844388,1,Other,1,30,1
31.0,severe flood,"Bhadrak, Dhenkanal, Jajapur, Subarnapur, Nuapada, Balangir, Boudh, Cuttack, Kandhamal, Nayagarh, Khordha, Kalahandi, Jagatsinghapur, Puri, Nagpur, Rayagada, Koraput, Malkangiri, Anugul, Kendrapara, Ganjam, Gajapati, Mayurbhanj, Sundargarh, Kendujhar, Baleshwar, Jharsuguda, Bargarh, Deogarh, Sambalpur",Odisha,IMD,,21.0,2006.0,8.0,1.0,1,2006.0,8.0,1.0,3.0,-0.8660254037844385,-0.5000000000000004,1,Other,1,30,1
30.0,heavy rains,"Bhadrak, Dhenkanal, Jajapur, Subarnapur, Nuapada, Balangir, Boudh, Cuttack, Kandhamal, Nayagarh, Khordha, Kalahandi, Jagatsinghapur, Puri, Nagpur, Rayagada, Koraput, Malkangiri, Anugul, Kendrapara, Ganjam, Gajapati, Mayurbhanj, Sundargarh, Kendujhar, Baleshwar, Jharsuguda, Bargarh, Deogarh, Sambalpur",Odisha,IMD,,21.0,2006.0,9.0,1.0,1,2006.0,9.0,1.0,3.0,-1.0,-1.8369701987210297e-16,1,Heavy Rain,1,30,1
2.0,heavy rains,Amritsar,Punjab,IMD,27.0,3.0,2006.0,7.0,25.0,0,2006.0,7.0,25.0,3.0,-0.4999999999999997,-0.8660254037844388,0,Heavy Rain,1,1,1
1.0,heavy rains,"Amritsar, Ananthapuramuamu, Bathinda, Kapurthala, S.A.S Nagar*, Rupnagar",Punjab,IMD,,3.0,2006.0,9.0,2.0,0,2006.0,9.0,2.0,3.0,-1.0,-1.8369701987210297e-16,0,Heavy Rain,1,6,1
1.0,heavy rains,Pali,Rajasthan,IMD,111.0,8.0,2006.0,7.0,29.0,0,2006.0,7.0,29.0,3.0,-0.4999999999999997,-0.8660254037844388,0,Heavy Rain,1,1,1
1.0,heavy rains,Jhalawar,Rajasthan,IMD,105.0,8.0,2006.0,7.0,31.0,0,2006.0,7.0,31.0,3.0,-0.4999999999999997,-0.8660254037844388,0,Heavy Rain,1,1,1
3.0,heavy rains(khari),"Banswara, Barmer, Dungarpur, Jaipur, Jaisalmer, Jalore, Pali, Rajsamand, Sirohi,Udaipur",Rajasthan,IMD,,8.0,2006.0,8.0,19.0,1,2006.0,8.0,19.0,3.0,-0.8660254037844385,-0.5000000000000004,0,Heavy Rain,1,10,1
9.0,heavy rains,"Banswara, Barmer, Bundi,  Dholpur, Jaisalmer, Jalore, Jodhpur, Kota, Pali, Sirohi,Udaipur",Rajasthan,IMD,,8.0,2006.0,8.0,24.0,1,2006.0,8.0,24.0,3.0,-0.8660254037844385,-0.5000000000000004,1,Heavy Rain,1,11,1
7.0,flash flood,"Chennai, Madurai, Nagapattinam,Tirunelveli, Tiruvannamalai, Thoothukkudi,Viluppuram",Tamil Nadu,IMD,,33.0,2006.0,10.0,22.0,1,2006.0,10.0,22.0,4.0,-0.8660254037844386,0.5000000000000001,1,Flash Flood,1,7,1
7.0,heavy rains,The Nilgiris,Tamil Nadu,IMD,587.0,33.0,2006.0,11.0,9.0,0,2006.0,11.0,9.0,4.0,-0.5000000000000004,0.8660254037844384,1,Heavy Rain,1,1,1
1.0,flash flood,Nagapattinam,Tamil Nadu,IMD,579.0,33.0,2006.0,11.0,18.0,0,2006.0,11.0,18.0,4.0,-0.5000000000000004,0.8660254037844384,0,Flash Flood,1,1,1
1.0,heavy rains,Lucknow,"Uttar Pradesh, Uttarakhand",IMD,162.0,,2006.0,6.0,7.0,1,2006.0,6.0,7.0,2.0,1.2246467991473532e-16,-1.0,0,Heavy Rain,2,1,1
7.0,heavy rains,"Purba Medinipur, North 24 Parganas",West Bengal,IMD,,19.0,2006.0,9.0,19.0,1,2006.0,9.0,19.0,3.0,-1.0,-1.8369701987210297e-16,1,Heavy Rain,1,2,1
2.0,flash flood,Nadia,West Bengal,IMD,320.0,19.0,2006.0,9.0,28.0,0,2006.0,9.0,28.0,3.0,-1.0,-1.8369701987210297e-16,0,Flash Flood,1,1,1
1.0,heavy rains,"Ananthapuramu,Guntur, Krishna, Kurnool , Mahabubnagar,Prakasam",Andhra Pradesh,IMD,,28.0,2007.0,6.0,23.0,1,2007.0,6.0,23.0,2.0,1.2246467991473532e-16,-1.0,0,Heavy Rain,1,6,1
2.0,heavy rains,"Kurnool,Vizianagaram",Andhra Pradesh,IMD,,28.0,2007.0,8.0,1.0,0,2007.0,8.0,1.0,3.0,-0.8660254037844385,-0.5000000000000004,0,Heavy Rain,1,2,1
1.0,"flood (krishna, nagavalli, tungabhadra,vamsadhara)","Khammam, Kurnool,Srikakulam",Andhra Pradesh,IMD,,28.0,2007.0,8.0,8.0,0,2007.0,8.0,8.0,3.0,-0.8660254037844385,-0.5000000000000004,0,Other,1,3,1
1.0,heavy rains,Khammam,Andhra Pradesh,IMD,509.0,28.0,2007.0,8.0,28.0,0,2007.0,8.0,28.0,3.0,-0.8660254037844385,-0.5000000000000004,0,Heavy Rain,1,1,1
9.0,heavy rains,,Andhra Pradesh,IMD,,28.0,2007.0,9.0,16.0,1,2007.0,9.0,16.0,3.0,-1.0,-1.8369701987210297e-16,1,Heavy Rain,1,0,1
1.0,heavy rains,"East Godavari, Khammam, Visakhapatnam,Vizianagaram",Andhra Pradesh,IMD,,28.0,2007.0,10.0,5.0,0,2007.0,10.0,5.0,4.0,-0.8660254037844386,0.5000000000000001,0,Heavy Rain,1,4,1
1.0,heavy rains,Sri Potti Sriramulu Nellore,Andhra Pradesh,IMD,515.0,28.0,2007.0,10.0,14.0,1,2007.0,10.0,14.0,4.0,-0.8660254037844386,0.5000000000000001,0,Heavy Rain,1,1,1
3.0,heavy rains,"Chittoor, Sri Potti Sriramulu Nellore",Andhra Pradesh,IMD,,28.0,2007.0,10.0,28.0,1,2007.0,10.0,28.0,4.0,-0.8660254037844386,0.5000000000000001,0,Heavy Rain,1,2,1
1.0,heavy rains,Kamrup,Assam,IMD,291.0,18.0,2007.0,7.0,19.0,0,2007.0,7.0,19.0,3.0,-0.4999999999999997,-0.8660254037844388,0,Heavy Rain,1,1,1
17.0,"severe flood (dikhow, desang, brahmaputra)","Tinsukia, Dhemaji, Dibrugarh, Lakhimpur, Sivasagar, Jorhat, Sonitpur, Golaghat, Udalguri, Chirang, Baksa, Nagaon, Kokrajhar, Darrang, Barpeta, Nalbari, Marigaon, Kamrup, Bongaigaon, Dhubri, Kamrup Metro, Goalpara, Dima Hasao, Cachar, Karimganj, Hailakandi, Charaideo, Majuli, Biswanath, Hojai, South Salmara Mancachar, Karbi Anglong, West Karbi Anglong",Assam,IMD,,18.0,2007.0,7.0,22.0,1,2007.0,7.0,22.0,3.0,-0.4999999999999997,-0.8660254037844388,1,River/Water System,1,33,1
1.0,"flood (beki,puthimari)","Barpeta,Nalbari",Assam,IMD,,18.0,2007.0,8.0,17.0,0,2007.0,8.0,17.0,3.0,-0.8660254037844385,-0.5000000000000004,0,Other,1,2,1
1.0,flood,21 districts of Assam,Assam,IMD,,18.0,2007.0,9.0,15.0,1,2007.0,9.0,15.0,3.0,-1.0,-1.8369701987210297e-16,0,Other,1,1,1
1.0,heavy rains,"Bhagalpur,Patna",Bihar,IMD,,10.0,2007.0,6.0,13.0,1,2007.0,6.0,13.0,2.0,1.2246467991473532e-16,-1.0,0,Heavy Rain,1,2,1
1.0,flood,"Supaul,Pashchim Champaran",Bihar,IMD,,10.0,2007.0,7.0,26.0,0,2007.0,7.0,26.0,3.0,-0.4999999999999997,-0.8660254037844388,0,Other,1,2,1
1.0,flood,"Darbhanga, Madhubani,Muzaffarpur",Bihar,IMD,,10.0,2007.0,7.0,29.0,1,2007.0,7.0,29.0,3.0,-0.4999999999999997,-0.8660254037844388,0,Other,1,3,1
14.0,heavy rains,"Begusarai, Bhagalpur, Purbi Champaran, Gopalganj, Khagaria, Madhubani, Muzaffarpur, Samastipur, Supaul,Pashchim Champaran",Bihar,IMD,,10.0,2007.0,8.0,1.0,1,2007.0,8.0,1.0,3.0,-0.8660254037844385,-0.5000000000000004,1,Heavy Rain,1,10,1
1.0,flood,"Begusarai, Darbhanga, Purbi Champaran, Madhubani, Muzaffarpur,Samastipur",Bihar,IMD,,10.0,2007.0,8.0,27.0,1,2007.0,8.0,27.0,3.0,-0.8660254037844385,-0.5000000000000004,0,Other,1,6,1
1.0,flood,"Pashchim Champaran, Purbi Champaran, Sitamarhi, Sheohar, Gopalganj, Samastipur, Katihar, Khagaria, Bhojpur, Buxar, Darbhanga, Saharsa, Kaimur (Bhabua), Rohtas, Jamui, Banka, Nawada, Gaya, Munger, Vaishali, Begusarai, Bhagalpur, Lakhisarai, Sheikhpura, Arwal, Jehanabad, Nalanda, Patna, Saran, Siwan, Muzaffarpur, Madhepura, Araria, Supaul, Madhubani, Purnia, Kishanganj, Aurangabad",Bihar,IMD,,10.0,2007.0,9.0,9.0,0,2007.0,9.0,9.0,3.0,-1.0,-1.8369701987210297e-16,0,Other,1,38,1
1.0,flood,"Darbhanga, Madhubani, Muzaffarpur, Patna, Samastipur,Sitamarhi",Bihar,IMD,,10.0,2007.0,9.0,26.0,1,2007.0,9.0,26.0,3.0,-1.0,-1.8369701987210297e-16,0,Other,1,6,1
1.0,heavy rains,"Ahmedabad, Bharuch, Bhavnagar, Junagadh, Narmada, Surat,Surendranagar",Gujarat,IMD,,24.0,2007.0,7.0,3.0,1,2007.0,7.0,3.0,3.0,-0.4999999999999997,-0.8660254037844388,0,Heavy Rain,1,7,1
1.0,heavy rains,Ambala,Haryana,IMD,58.0,6.0,2007.0,6.0,15.0,0,2007.0,6.0,15.0,2.0,1.2246467991473532e-16,-1.0,0,Heavy Rain,1,1,1
1.0,heavy rains,Shimla,Himachal Pradesh,IMD,23.0,2.0,2007.0,5.0,16.0,0,2007.0,5.0,16.0,2.0,0.49999999999999994,-0.8660254037844387,0,Heavy Rain,1,1,1
2.0,heavy rains (cloud burst),"Kangra, Kangra, Kinnaur, Mandi,Shimla",Himachal Pradesh,IMD,,2.0,2007.0,7.0,8.0,0,2007.0,7.0,8.0,3.0,-0.4999999999999997,-0.8660254037844388,0,Heavy Rain,1,5,1
1.0,heavy rains,Kullu,Himachal Pradesh,IMD,20.0,2.0,2007.0,7.0,12.0,0,2007.0,7.0,12.0,3.0,-0.4999999999999997,-0.8660254037844388,0,Heavy Rain,1,1,1
3.0,flash flood,Kinnaur,Himachal Pradesh,IMD,19.0,2.0,2007.0,8.0,6.0,0,2007.0,8.0,6.0,3.0,-0.8660254037844385,-0.5000000000000004,0,Flash Flood,1,1,1
1.0,flash flood,"Bilaspur, Kangra, Kinnaur, Hamirpur, Lahul And Spiti, Mandi, Solan",Himachal Pradesh,IMD,,2.0,2007.0,8.0,12.0,1,2007.0,8.0,12.0,3.0,-0.8660254037844385,-0.5000000000000004,0,Flash Flood,1,7,1
1.0,flood (cloud burst),"Hamirpur, Kangra, Kinnaur, Mandi, Shimla,Solan",Himachal Pradesh,IMD,,2.0,2007.0,8.0,13.0,1,2007.0,8.0,13.0,3.0,-0.8660254037844385,-0.5000000000000004,0,Other,1,6,1
1.0,heavy rains,"Bilaspur,Una",Himachal Pradesh,IMD,,2.0,2007.0,8.0,16.0,0,2007.0,8.0,16.0,3.0,-0.8660254037844385,-0.5000000000000004,0,Heavy Rain,1,2,1
1.0,heavy rains,"Kangra, Pithoragarh",Himachal Pradesh,IMD,,2.0,2007.0,9.0,6.0,1,2007.0,9.0,6.0,3.0,-1.0,-1.8369701987210297e-16,0,Heavy Rain,1,2,1
4.0,flood (cloud burst),"Anantnag,Doda",Jammu and Kashmir,IMD,,,2007.0,3.0,19.0,0,2007.0,3.0,19.0,1.0,1.0,6.123233995736766e-17,0,Other,1,2,1
1.0,heavy rains,"Bokaro, Chatra, Giridih,Ranchi",Jharkhand,IMD,,20.0,2007.0,7.0,4.0,1,2007.0,7.0,4.0,3.0,-0.4999999999999997,-0.8660254037844388,0,Heavy Rain,1,4,1
1.0,heavy rains,Godda,Jharkhand,IMD,330.0,20.0,2007.0,7.0,8.0,0,2007.0,7.0,8.0,3.0,-0.4999999999999997,-0.8660254037844388,0,Heavy Rain,1,1,1
3.0,heavy rains,"Garhwa, Godda, Hazaribagh, Lohardaga,Ranchi",Jharkhand,IMD,,20.0,2007.0,7.0,13.0,1,2007.0,7.0,13.0,3.0,-0.4999999999999997,-0.8660254037844388,0,Heavy Rain,1,5,1
6.0,heavy rains,"Bokaro,Hazaribagh",Jharkhand,IMD,,20.0,2007.0,8.0,5.0,1,2007.0,8.0,5.0,3.0,-0.8660254037844385,-0.5000000000000004,0,Heavy Rain,1,2,1
4.0,heavy rains,"Hazaribagh, Palamu,Ranchi",Jharkhand,IMD,,20.0,2007.0,8.0,23.0,1,2007.0,8.0,23.0,3.0,-0.8660254037844385,-0.5000000000000004,0,Heavy Rain,1,3,1
1.0,heavy rains,Bagalkote,Karnataka,IMD,524.0,29.0,2007.0,5.0,27.0,0,2007.0,5.0,27.0,2.0,0.49999999999999994,-0.8660254037844387,0,Heavy Rain,1,1,1
4.0,heavy rains,"Belagavi, Bijapur, Dakshina Kannada,  Kalaburagi, Hassan, Kodagu, Koppal, Mangalore,Raichur",Karnataka,IMD,,29.0,2007.0,6.0,21.0,1,2007.0,6.0,21.0,2.0,1.2246467991473532e-16,-1.0,0,Heavy Rain,1,9,1
1.0,heavy rains,Raichur,Karnataka,IMD,546.0,29.0,2007.0,6.0,27.0,0,2007.0,6.0,27.0,2.0,1.2246467991473532e-16,-1.0,0,Heavy Rain,1,1,1
1.0,heavy rains,Kodagu,Karnataka,IMD,541.0,29.0,2007.0,7.0,1.0,0,2007.0,7.0,1.0,3.0,-0.4999999999999997,-0.8660254037844388,0,Heavy Rain,1,1,1
1.0,heavy rains,Belagavi,Karnataka,IMD,527.0,29.0,2007.0,7.0,4.0,0,2007.0,7.0,4.0,3.0,-0.4999999999999997,-0.8660254037844388,0,Heavy Rain,1,1,1
1.0,heavy rains,Belagavi,Karnataka,IMD,527.0,29.0,2007.0,7.0,8.0,0,2007.0,7.0,8.0,3.0,-0.4999999999999997,-0.8660254037844388,0,Heavy Rain,1,1,1
1.0,heavy rains,Kolar,Karnataka,IMD,542.0,29.0,2007.0,7.0,31.0,0,2007.0,7.0,31.0,3.0,-0.4999999999999997,-0.8660254037844388,0,Heavy Rain,1,1,1
5.0,heavy rains,"Beedar, Kalaburagi, Belagavi, Yadgir, Bagalkotee, Raichur, Koppal, Gadag, Ballari, Dharwad, Uttar Kashia Kannada, Haveri, Chitradurga, Davangere, Shivamogga, Udupi, Chikkamagaluru, Chikkaballapura, Hassan, Kolar, Bengaluru Rural, Dakshina Kannada, Bengaluru Urban, Kodagu, Chamarajanagaraa, Tumakuru, Ramanagara, Mandya, Mysuru, Vijayapura",Karnataka,IMD,,29.0,2007.0,8.0,8.0,1,2007.0,8.0,8.0,3.0,-0.8660254037844385,-0.5000000000000004,0,Heavy Rain,1,30,1
1.0,heavy rains,"Ballari, Davangere,Shivamogga",Karnataka,IMD,,29.0,2007.0,9.0,9.0,0,2007.0,9.0,9.0,3.0,-1.0,-1.8369701987210297e-16,0,Heavy Rain,1,3,1
4.0,heavy rains,"Ballari, Chitradurga, Davangere, Dharwad, Gadag, Koppal,Raichur",Karnataka,IMD,,29.0,2007.0,9.0,17.0,1,2007.0,9.0,17.0,3.0,-1.0,-1.8369701987210297e-16,0,Heavy Rain,1,7,1
1.0,flash flood,Bengaluru Urban,Karnataka,IMD,525.0,29.0,2007.0,9.0,22.0,0,2007.0,9.0,22.0,3.0,-1.0,-1.8369701987210297e-16,0,Flash Flood,1,1,1
1.0,heavy rains,"Davangere,Hassan",Karnataka,IMD,,29.0,2007.0,10.0,20.0,0,2007.0,10.0,20.0,4.0,-0.8660254037844386,0.5000000000000001,0,Heavy Rain,1,2,1
1.0,heavy rains,"Hassan,Mysuru",Karnataka,IMD,,29.0,2007.0,10.0,22.0,0,2007.0,10.0,22.0,4.0,-0.8660254037844386,0.5000000000000001,0,Heavy Rain,1,2,1
1.0,heavy rains,"Hassan,Raichur",Karnataka,IMD,,29.0,2007.0,10.0,25.0,0,2007.0,10.0,25.0,4.0,-0.8660254037844386,0.5000000000000001,0,Heavy Rain,1,2,1
1.0,heavy rains,Kollam,Kerala,IMD,559.0,32.0,2007.0,2.0,26.0,0,2007.0,2.0,26.0,1.0,0.8660254037844386,0.5000000000000001,0,Heavy Rain,1,1,1
1.0,heavy rains,Kasaragod,Kerala,IMD,558.0,32.0,2007.0,6.0,14.0,0,2007.0,6.0,14.0,2.0,1.2246467991473532e-16,-1.0,0,Heavy Rain,1,1,1
7.0,heavy rains,"Alappuzha, Ernakulam,  Idukki, Kannur, Kasaragod, Kottayam, Kozhikode, Malappuram, Palakkad, Pathanamthitta, Thrissur, Thiruvananthapuram,Wayanad",Kerala,IMD,,32.0,2007.0,6.0,22.0,1,2007.0,6.0,22.0,2.0,1.2246467991473532e-16,-1.0,1,Heavy Rain,1,13,1
1.0,heavy rains,"Ernakulam, Idukki, Kollam, Wayanad",Kerala,IMD,,32.0,2007.0,7.0,2.0,0,2007.0,7.0,2.0,3.0,-0.4999999999999997,-0.8660254037844388,0,Heavy Rain,1,4,1
5.0,heavy rains,"Alappuzha, Idukki, Kannur, Kottayam, Kozhikode, Malappuram, Pathanamthitta, Thiruvananthapuram,Wayanad",Kerala,IMD,,32.0,2007.0,7.0,14.0,1,2007.0,7.0,14.0,3.0,-0.4999999999999997,-0.8660254037844388,0,Heavy Rain,1,9,1
2.0,heavy rains,"Dhar, Narmadapuram, Jabalpur, Katni, Chhindwara, Khargone (Khargone (West Nimar)), Mandsaur, Sehore, Shivpuri, Ujjain,Vidisha",Madhya Pradesh,IMD,,23.0,2007.0,7.0,10.0,1,2007.0,7.0,10.0,3.0,-0.4999999999999997,-0.8660254037844388,0,Heavy Rain,1,11,1
1.0,heavy rains,Nashik,Maharashtra,IMD,487.0,27.0,2007.0,6.0,1.0,0,2007.0,6.0,1.0,2.0,1.2246467991473532e-16,-1.0,0,Heavy Rain,1,1,1
1.0,heavy rains,"Amravati, Mumbai",Maharashtra,IMD,,27.0,2007.0,6.0,24.0,0,2007.0,6.0,24.0,2.0,1.2246467991473532e-16,-1.0,0,Heavy Rain,1,2,1
1.0,heavy rains,"Mumbai, Ratnagiri,Satara",Maharashtra,IMD,,27.0,2007.0,6.0,30.0,1,2007.0,6.0,30.0,2.0,1.2246467991473532e-16,-1.0,0,Heavy Rain,1,3,1
2.0,heavy rains,"Amravati, Chandrapur, Gondia, Nagpur,Thane",Maharashtra,IMD,,27.0,2007.0,7.0,1.0,1,2007.0,7.0,1.0,3.0,-0.4999999999999997,-0.8660254037844388,0,Heavy Rain,1,5,1
1.0,flash flood,Gadchiroli,Maharashtra,IMD,475.0,27.0,2007.0,7.0,6.0,0,2007.0,7.0,6.0,3.0,-0.4999999999999997,-0.8660254037844388,0,Flash Flood,1,1,1
2.0,flash flood,"Amravati,Nagpur",Maharashtra,IMD,,27.0,2007.0,7.0,9.0,0,2007.0,7.0,9.0,3.0,-0.4999999999999997,-0.8660254037844388,0,Flash Flood,1,2,1
9.0,flood (cloud burst),"Amravati, Bhandara, Chandrapur, Gadchiroli, Gondia, Aurangabad,Beed,Hingoli, Jalna, Latur, Nanded,Dharashiv,Parbhani, Mumbai, Nagpur, Nashik, Sindhudurg, Thane, Wardha,Washim",Maharashtra,IMD,,27.0,2007.0,8.0,1.0,1,2007.0,8.0,1.0,3.0,-0.8660254037844385,-0.5000000000000004,1,Other,1,20,1
1.0,heavy rains,"Bhandara,Nagpur",Maharashtra,IMD,,27.0,2007.0,9.0,7.0,0,2007.0,9.0,7.0,3.0,-1.0,-1.8369701987210297e-16,0,Heavy Rain,1,2,1
2.0,heavy rains,Bhandara,Maharashtra,IMD,471.0,27.0,2007.0,9.0,14.0,0,2007.0,9.0,14.0,3.0,-1.0,-1.8369701987210297e-16,0,Heavy Rain,1,1,1
6.0,flood,"Baleshwar, Bhadrak,Kendujhar",Odisha,IMD,,21.0,2007.0,7.0,4.0,1,2007.0,7.0,4.0,3.0,-0.4999999999999997,-0.8660254037844388,0,Other,1,3,1
2.0,flood,"Baleshwar, Bhadrak, Cuttack, Kendrapara,Kendujhar",Odisha,IMD,,21.0,2007.0,8.0,5.0,1,2007.0,8.0,5.0,3.0,-0.8660254037844385,-0.5000000000000004,0,Other,1,5,1
4.0,flood,"Baleshwar, Bhadrak, Cuttack, Jaipur, Kalahandi, Kandhamal, Kendujhar, Khordha, Mayurbhanj,Rayagada",Odisha,IMD,,21.0,2007.0,9.0,21.0,1,2007.0,9.0,21.0,3.0,-1.0,-1.8369701987210297e-16,0,Other,1,10,1
1.0,heavy rains,Jalandhar,Punjab,IMD,34.0,3.0,2007.0,3.0,14.0,0,2007.0,3.0,14.0,1.0,1.0,6.123233995736766e-17,0,Heavy Rain,1,1,1
1.0,heavy rains,Amritsar,Punjab,IMD,27.0,3.0,2007.0,7.0,1.0,0,2007.0,7.0,1.0,3.0,-0.4999999999999997,-0.8660254037844388,0,Heavy Rain,1,1,1
1.0,heavy rains,Gurdaspur,Punjab,IMD,32.0,3.0,2007.0,8.0,19.0,0,2007.0,8.0,19.0,3.0,-0.8660254037844385,-0.5000000000000004,0,Heavy Rain,1,1,1
1.0,heavy rains,"Alwar,Dholpur",Rajasthan,IMD,,8.0,2007.0,6.0,29.0,0,2007.0,6.0,29.0,2.0,1.2246467991473532e-16,-1.0,0,Heavy Rain,1,2,1
1.0,heavy rains,"Ajmer, Banswara,Jodhpur",Rajasthan,IMD,,8.0,2007.0,7.0,10.0,0,2007.0,7.0,10.0,3.0,-0.4999999999999997,-0.8660254037844388,0,Heavy Rain,1,3,1
1.0,heavy rains,Bikaner,Rajasthan,IMD,93.0,8.0,2007.0,9.0,12.0,0,2007.0,9.0,12.0,3.0,-1.0,-1.8369701987210297e-16,0,Heavy Rain,1,1,1
1.0,heavy rains,Gangtok,Sikkim,IMD,225.0,11.0,2007.0,6.0,2.0,0,2007.0,6.0,2.0,2.0,1.2246467991473532e-16,-1.0,0,Heavy Rain,1,1,1
1.0,heavy rains,Gangtok,Sikkim,IMD,225.0,11.0,2007.0,6.0,27.0,0,2007.0,6.0,27.0,2.0,1.2246467991473532e-16,-1.0,0,Heavy Rain,1,1,1
1.0,heavy rains,"Chennai, Kancheepuram, Tiruvannamalai,Viluppuram",Tamil Nadu,IMD,,33.0,2007.0,10.0,29.0,1,2007.0,10.0,29.0,4.0,-0.8660254037844386,0.5000000000000001,0,Heavy Rain,1,4,1
1.0,heavy rains,Kanniyakumariumari,Tamil Nadu,IMD,,33.0,2007.0,11.0,6.0,0,2007.0,11.0,6.0,4.0,-0.5000000000000004,0.8660254037844384,0,Heavy Rain,1,1,1
2.0,heavy rains,Chennai,Tamil Nadu,IMD,568.0,33.0,2007.0,12.0,19.0,1,2007.0,12.0,19.0,4.0,-2.4492935982947064e-16,1.0,0,Heavy Rain,1,1,1
1.0,heavy rains,"West Tripura,South Tripura",Tripura,IMD,,16.0,2007.0,6.0,10.0,0,2007.0,6.0,10.0,2.0,1.2246467991473532e-16,-1.0,0,Heavy Rain,1,2,1
1.0,heavy rains,"Bara Banki, Chitrakoot,Varanasi",Uttar Pradesh,IMD,,9.0,2007.0,2.0,11.0,0,2007.0,2.0,11.0,1.0,0.8660254037844386,0.5000000000000001,0,Heavy Rain,1,3,1
1.0,flood,Basti,Uttar Pradesh,IMD,131.0,9.0,2007.0,8.0,19.0,0,2007.0,8.0,19.0,3.0,-0.8660254037844385,-0.5000000000000004,0,Other,1,1,1
1.0,flood,"Gorakhpur,Moradabad",Uttar Pradesh,IMD,,9.0,2007.0,8.0,20.0,1,2007.0,8.0,20.0,3.0,-0.8660254037844385,-0.5000000000000004,0,Other,1,2,1
1.0,flood,"Bahraich, Ballia, Pilibhit, Shahjahanpur,Rampur",Uttar Pradesh,IMD,,9.0,2007.0,8.0,21.0,0,2007.0,8.0,21.0,3.0,-0.8660254037844385,-0.5000000000000004,0,Other,1,5,1
1.0,flash flood,Kolkata,West Bengal,IMD,315.0,19.0,2007.0,6.0,17.0,0,2007.0,6.0,17.0,2.0,1.2246467991473532e-16,-1.0,0,Flash Flood,1,1,1
9.0,flood,,West Bengal,IMD,,19.0,2007.0,7.0,3.0,1,2007.0,7.0,3.0,3.0,-0.4999999999999997,-0.8660254037844388,1,Other,1,0,1
1.0,heavy rains,Purba Medinipur,West Bengal,IMD,317.0,19.0,2007.0,8.0,13.0,0,2007.0,8.0,13.0,3.0,-0.8660254037844385,-0.5000000000000004,0,Heavy Rain,1,1,1
3.0,flood,,West Bengal,IMD,,19.0,2007.0,8.0,17.0,0,2007.0,8.0,17.0,3.0,-0.8660254037844385,-0.5000000000000004,0,Other,1,0,1
1.0,heavy rains,Darjeeling,West Bengal,IMD,309.0,19.0,2007.0,9.0,7.0,0,2007.0,9.0,7.0,3.0,-1.0,-1.8369701987210297e-16,0,Heavy Rain,1,1,1
1.0,heavy rains,"South 24 Parganas*,North 24 Parganas,Paschim Purba Medinipur",West Bengal,IMD,,19.0,2007.0,9.0,23.0,0,2007.0,9.0,23.0,3.0,-1.0,-1.8369701987210297e-16,0,Heavy Rain,1,3,1
3.0,heavy rains,"Kolkata,Paschim Purba Medinipur,Purba Purba Medinipur",West Bengal,IMD,,19.0,2007.0,9.0,28.0,1,2007.0,9.0,28.0,3.0,-1.0,-1.8369701987210297e-16,0,Heavy Rain,1,3,1
5.0,heavy rains,Most of the districts,Andhra Pradesh,IMD,,28.0,2008.0,3.0,21.0,0,2008.0,3.0,21.0,1.0,1.0,6.123233995736766e-17,0,Heavy Rain,1,1,1
7.0,flash flood (palem),"Adilabad, Y.S.R., East Godavari, Guntur, Hyderabad, Khammam, Krishna, Medak, Nalgonda,","Andhra Pradesh, Telangana",IMD,,,2008.0,8.0,8.0,1,2008.0,8.0,8.0,3.0,-0.8660254037844385,-0.5000000000000004,1,Flash Flood,2,9,1
3.0,"severe flood (jiadhal,semen)",Papum Pare,Arunachal Pradesh,IMD,237.0,12.0,2008.0,6.0,14.0,1,2008.0,6.0,14.0,2.0,1.2246467991473532e-16,-1.0,0,Other,1,1,1
1.0,"flash flood (jiadhal,semen)",Lower Subansiri,Arunachal Pradesh,IMD,236.0,12.0,2008.0,7.0,8.0,1,2008.0,7.0,8.0,3.0,-0.4999999999999997,-0.8660254037844388,0,Flash Flood,1,1,1
1.0,heavy rains,Kamrup Metro,Assam,IMD,618.0,18.0,2008.0,4.0,13.0,0,2008.0,4.0,13.0,2.0,0.8660254037844387,-0.4999999999999998,0,Heavy Rain,1,1,1
3.0,"severe flood (bharali, jaidhal, jia, semen)","Dhemaji, Lakhimpur,Sonitpur",Assam,IMD,,18.0,2008.0,6.0,14.0,1,2008.0,6.0,14.0,2.0,1.2246467991473532e-16,-1.0,0,Other,1,3,1
11.0,flash flood (brahmaputra & kaldiya),"Jorhat, Lakhimpur,Nalbari",Assam,IMD,,18.0,2008.0,7.0,20.0,0,2008.0,7.0,20.0,3.0,-0.4999999999999997,-0.8660254037844388,1,River/Water System,1,3,1
14.0,"severe flood (brahmaputra,manas, pachnoi)","Bongaigaon, Jorhat,Nagaon, Sonitpur",Assam,IMD,,18.0,2008.0,8.0,15.0,0,2008.0,8.0,15.0,3.0,-0.8660254037844385,-0.5000000000000004,1,River/Water System,1,4,1
14.0,"severe flood (brahmaputra,its tributaries)","Barpeta, Bongaigaon, Dhubri, Dibrugarh,Golaghat, Jorhat, Kamrup, Lakhimpur, Majuli, Mancachar, Nalbari",Assam,IMD,,18.0,2008.0,9.0,1.0,1,2008.0,9.0,1.0,3.0,-1.0,-1.8369701987210297e-16,1,River/Water System,1,11,1
3.0,heavy rains,"Banka, Patna, Sheikhpura",Bihar,IMD,,10.0,2008.0,6.0,17.0,0,2008.0,6.0,17.0,2.0,1.2246467991473532e-16,-1.0,0,Heavy Rain,1,3,1
24.0,severe flood (kosi),"Araria, Katihar, Madhepura, Purnia, Saharsa,Supaul",Bihar,IMD,,10.0,2008.0,8.0,22.0,1,2008.0,8.0,22.0,3.0,-0.8660254037844385,-0.5000000000000004,1,Other,1,6,1
1.0,heavy rains,Fatehabad,Haryana,IMD,61.0,6.0,2008.0,6.0,16.0,0,2008.0,6.0,16.0,2.0,1.2246467991473532e-16,-1.0,0,Heavy Rain,1,1,1
1.0,heavy rains,Sonipat,Haryana,IMD,75.0,6.0,2008.0,7.0,6.0,0,2008.0,7.0,6.0,3.0,-0.4999999999999997,-0.8660254037844388,0,Heavy Rain,1,1,1
3.0,heavy rains,"Faridabad, Panchkula",Haryana,IMD,,6.0,2008.0,7.0,12.0,0,2008.0,7.0,12.0,3.0,-0.4999999999999997,-0.8660254037844388,0,Heavy Rain,1,2,1
1.0,heavy rains,Bhiwani,Haryana,IMD,59.0,6.0,2008.0,8.0,8.0,0,2008.0,8.0,8.0,3.0,-0.8660254037844385,-0.5000000000000004,0,Heavy Rain,1,1,1
3.0,"severe flood (satluj, yamuna)","Ambala, Jind, Karnal, Panchkula, Sonipat,Yamunanagar",Haryana,IMD,,6.0,2008.0,9.0,19.0,0,2008.0,9.0,19.0,3.0,-1.0,-1.8369701987210297e-16,0,Other,1,6,1
1.0,cloud burst,Chamba,Himachal Pradesh,IMD,16.0,2.0,2008.0,5.0,23.0,0,2008.0,5.0,23.0,2.0,0.49999999999999994,-0.8660254037844387,0,Other,1,1,1
1.0,cloud burst,"Chamba, Kullu, Shimla,Solan",Himachal Pradesh,IMD,,2.0,2008.0,6.0,9.0,0,2008.0,6.0,9.0,2.0,1.2246467991473532e-16,-1.0,0,Other,1,4,1
2.0,heavy rains,"Shimla,Kinnaur",Himachal Pradesh,IMD,,2.0,2008.0,7.0,19.0,1,2008.0,7.0,19.0,3.0,-0.4999999999999997,-0.8660254037844388,0,Heavy Rain,1,2,1
1.0,heavy rains,Srinagar,Jammu and Kashmir,IMD,13.0,,2008.0,7.0,7.0,0,2008.0,7.0,7.0,3.0,-0.4999999999999997,-0.8660254037844388,0,Heavy Rain,1,1,1
14.0,heavy rains,"Giridih, Gumla, Hazaribagh,Ranchi",Jharkhand,IMD,,20.0,2008.0,6.0,1.0,1,2008.0,6.0,1.0,2.0,1.2246467991473532e-16,-1.0,1,Heavy Rain,1,4,1
4.0,heavy rains,"Palamu,Ranchi",Jharkhand,IMD,,20.0,2008.0,8.0,1.0,1,2008.0,8.0,1.0,3.0,-0.8660254037844385,-0.5000000000000004,0,Heavy Rain,1,2,1
2.0,heavy rains,"Bengaluru Rural,Mysuru",Karnataka,IMD,,29.0,2008.0,7.0,14.0,0,2008.0,7.0,14.0,3.0,-0.4999999999999997,-0.8660254037844388,0,Heavy Rain,1,2,1
3.0,heavy rains,"Bengaluru Rural,Mysuru",Karnataka,IMD,,29.0,2008.0,7.0,20.0,0,2008.0,7.0,20.0,3.0,-0.4999999999999997,-0.8660254037844388,0,Heavy Rain,1,2,1
7.0,"flash flood (ghatprabha, hiranyakeshi, kaveri, tunga,many other rivers)","Belagavi, Chikkaballapura, Kalaburagi, Dakshina Kannada, Kodagu, Mysuru, Shivamogga,Uttar Kashia Kannada",Karnataka,IMD,,29.0,2008.0,7.0,25.0,0,2008.0,7.0,25.0,3.0,-0.4999999999999997,-0.8660254037844388,1,River/Water System,1,8,1
7.0,,"Bengaluru Rural, Ballari, Chamarajanagaraa Davangere,  Kalaburagi, Hassan,Mysuru,",Karnataka,IMD,,29.0,2008.0,8.0,25.0,0,2008.0,8.0,25.0,3.0,-0.8660254037844385,-0.5000000000000004,1,Other,1,6,1
7.0,heavy rains,"Bagalkotee, Bengaluru Rural, Belagavi , Ballari, Beedar, Bijapur, Chikodi, Chitradurga, Davangere, Gadag, Kalaburagi, Hassan, Dharwad,Raichur",Karnataka,IMD,,29.0,2008.0,9.0,1.0,1,2008.0,9.0,1.0,3.0,-1.0,-1.8369701987210297e-16,1,Heavy Rain,1,14,1
5.0,heavy rains,"Beedar,Bijapur",Karnataka,IMD,,29.0,2008.0,9.0,20.0,0,2008.0,9.0,20.0,3.0,-1.0,-1.8369701987210297e-16,0,Heavy Rain,1,2,1
1.0,heavy rains,Bagalkotee,Karnataka,IMD,,29.0,2008.0,10.0,8.0,0,2008.0,10.0,8.0,4.0,-0.8660254037844386,0.5000000000000001,0,Heavy Rain,1,1,1
12.0,heavy rains,"Alappuzha, Ernakulam Kannur, Kasaragod,Kollam, Kottayam, Kozhikode, Malappuram, Palakkad, Pathanamthitta, Thiruvananthapuram, Thrissur,Wayanad",Kerala,IMD,,32.0,2008.0,3.0,13.0,1,2008.0,3.0,13.0,1.0,1.0,6.123233995736766e-17,1,Heavy Rain,1,12,1
5.0,heavy rains,Thiruvananthapuram,Kerala,IMD,565.0,32.0,2008.0,7.0,11.0,0,2008.0,7.0,11.0,3.0,-0.4999999999999997,-0.8660254037844388,0,Heavy Rain,1,1,1
3.0,heavy rains,"Alappuzha, Idukki, Kollam, Kottayam, Palakkad, Pathanamthitta, Thiruvananthapuram,Wayanad",Kerala,IMD,,32.0,2008.0,7.0,28.0,0,2008.0,7.0,28.0,3.0,-0.4999999999999997,-0.8660254037844388,0,Heavy Rain,1,8,1
3.0,heavy rains,"Palakkad,Wayanad",Kerala,IMD,,32.0,2008.0,8.0,10.0,0,2008.0,8.0,10.0,3.0,-0.8660254037844385,-0.5000000000000004,0,Heavy Rain,1,2,1
5.0,heavy rains,"Malappuram, Pathanamthitta, Thiruvananthapuram",Kerala,IMD,,32.0,2008.0,9.0,1.0,0,2008.0,9.0,1.0,3.0,-1.0,-1.8369701987210297e-16,0,Heavy Rain,1,3,1
9.0,heavy rains,"Alappuzha, Kottayam, Kozhikode, Malappuram, Palakkad, Thiruvananthapuram, Thrissur,Wayanad",Kerala,IMD,,32.0,2008.0,10.0,19.0,0,2008.0,10.0,19.0,4.0,-0.8660254037844386,0.5000000000000001,1,Heavy Rain,1,8,1
3.0,flood,"Chhatarpur,Tikamgarh",Madhya Pradesh,IMD,,23.0,2008.0,6.0,18.0,0,2008.0,6.0,18.0,2.0,1.2246467991473532e-16,-1.0,0,Other,1,2,1
1.0,heavy rains,Gondia,Maharashtra,IMD,476.0,27.0,2008.0,6.0,6.0,0,2008.0,6.0,6.0,2.0,1.2246467991473532e-16,-1.0,0,Heavy Rain,1,1,1
3.0,heavy rains,"Raigarh, Mumbai, Raigarh,Thane",Maharashtra,IMD,,27.0,2008.0,6.0,7.0,1,2008.0,6.0,7.0,2.0,1.2246467991473532e-16,-1.0,0,Heavy Rain,1,4,1
1.0,heavy rains,Gadchiroli,Maharashtra,IMD,475.0,27.0,2008.0,6.0,13.0,0,2008.0,6.0,13.0,2.0,1.2246467991473532e-16,-1.0,0,Heavy Rain,1,1,1
2.0,heavy rains,"Mumbai,Thane",Maharashtra,IMD,,27.0,2008.0,7.0,1.0,0,2008.0,7.0,1.0,3.0,-0.4999999999999997,-0.8660254037844388,0,Heavy Rain,1,2,1
6.0,flash flood,"Bhandara, Mumbai, Raigarh,Wardha",Maharashtra,IMD,,27.0,2008.0,7.0,26.0,0,2008.0,7.0,26.0,3.0,-0.4999999999999997,-0.8660254037844388,0,Flash Flood,1,4,1
5.0,flash flood,"Bhandara Chandrapur,Wardha",Maharashtra,IMD,,27.0,2008.0,8.0,4.0,1,2008.0,8.0,4.0,3.0,-0.8660254037844385,-0.5000000000000004,0,Flash Flood,1,2,1
6.0,"flood (indrayani, mula, panchganga, pavana)","Kolhapur, Mumbai, Pune, Ratnagiri, Satara,Sindhudurg",Maharashtra,IMD,,27.0,2008.0,8.0,9.0,1,2008.0,8.0,9.0,3.0,-0.8660254037844385,-0.5000000000000004,0,Other,1,6,1
1.0,heavy rains,Dharashiv,Maharashtra,IMD,488.0,27.0,2008.0,9.0,2.0,0,2008.0,9.0,2.0,3.0,-1.0,-1.8369701987210297e-16,0,Heavy Rain,1,1,1
6.0,"flood (bhima, bindusara,chandrabhaga)","Beed, Dhule, Latur, Nanded, Nandurbar, Dharashiv, Parbhani,Solapur",Maharashtra,IMD,,27.0,2008.0,9.0,12.0,1,2008.0,9.0,12.0,3.0,-1.0,-1.8369701987210297e-16,0,Other,1,8,1
1.0,heavy rains,Nashik,Maharashtra,IMD,487.0,27.0,2008.0,10.0,5.0,0,2008.0,10.0,5.0,4.0,-0.8660254037844386,0.5000000000000001,0,Heavy Rain,1,1,1
9.0,heavy rains,"Anugul, Baleshwar, Dhenkanal, Nayagarh, Puri,Sambalpur",Odisha,IMD,,21.0,2008.0,6.0,1.0,1,2008.0,6.0,1.0,2.0,1.2246467991473532e-16,-1.0,1,Heavy Rain,1,6,1
5.0,heavy rains,"Baleshwar, Bhadrak,Jajapur, Kendrapara,Mayurbhanj",Odisha,IMD,,21.0,2008.0,6.0,16.0,0,2008.0,6.0,16.0,2.0,1.2246467991473532e-16,-1.0,0,Heavy Rain,1,5,1
1.0,heavy rains,Cuttack,Odisha,IMD,350.0,21.0,2008.0,8.0,7.0,0,2008.0,8.0,7.0,3.0,-0.8660254037844385,-0.5000000000000004,0,Heavy Rain,1,1,1
1.0,heavy rains,Cuttack,Odisha,IMD,350.0,21.0,2008.0,9.0,7.0,0,2008.0,9.0,7.0,3.0,-1.0,-1.8369701987210297e-16,0,Heavy Rain,1,1,1
14.0,"flood (mahanadi,its tributaries)","Anugul, Bargarh, Bhadrak, Deogarh, Dhenkanal, Jagatsinghapur, Jharsuguda, Kendrapara, Khordha, Puri, Sambalpur",Odisha,IMD,,21.0,2008.0,9.0,15.0,1,2008.0,9.0,15.0,3.0,-1.0,-1.8369701987210297e-16,1,Other,1,11,1
2.0,heavy rains,Sangrur,Punjab,IMD,43.0,3.0,2008.0,4.0,5.0,0,2008.0,4.0,5.0,2.0,0.8660254037844387,-0.4999999999999998,0,Heavy Rain,1,1,1
4.0,heavy rains,"Faridkot, Hoshiarpur, Jalandhar,Patiala",Punjab,IMD,,3.0,2008.0,6.0,13.0,0,2008.0,6.0,13.0,2.0,1.2246467991473532e-16,-1.0,0,Heavy Rain,1,4,1
1.0,heavy rains,Hoshiarpur,Punjab,IMD,33.0,3.0,2008.0,8.0,5.0,0,2008.0,8.0,5.0,3.0,-0.8660254037844385,-0.5000000000000004,0,Heavy Rain,1,1,1
6.0,"flood (beas, ghagar, sutlej)","Amritsar, Ferozepur, Gurdaspur, Hoshiarpur, Jalandhar, Kapurthala, Mansa, Moga, Patiala,Rupnagar",Punjab,IMD,,3.0,2008.0,8.0,13.0,1,2008.0,8.0,13.0,3.0,-0.8660254037844385,-0.5000000000000004,0,Other,1,10,1
1.0,heavy rains,Rupnagar,Punjab,IMD,42.0,3.0,2008.0,8.0,24.0,0,2008.0,8.0,24.0,3.0,-0.8660254037844385,-0.5000000000000004,0,Heavy Rain,1,1,1
3.0,flash flood,"Bathinda, Jalandhar, Hoshiarpur, Ludhiana, Mansa, Patiala,Sangrur",Punjab,IMD,,3.0,2008.0,9.0,19.0,0,2008.0,9.0,19.0,3.0,-1.0,-1.8369701987210297e-16,0,Flash Flood,1,7,1
3.0,heavy rains,"Bikaner, Jodhpur,Nagaur",Rajasthan,IMD,,8.0,2008.0,8.0,19.0,1,2008.0,8.0,19.0,3.0,-0.8660254037844385,-0.5000000000000004,0,Heavy Rain,1,3,1
1.0,flash flood,Coimbatore,Tamil Nadu,IMD,569.0,33.0,2008.0,5.0,25.0,1,2008.0,5.0,25.0,2.0,0.49999999999999994,-0.8660254037844387,0,Flash Flood,1,1,1
1.0,heavy rains,Kaushambi,Uttar Pradesh,IMD,158.0,9.0,2008.0,5.0,23.0,0,2008.0,5.0,23.0,2.0,0.49999999999999994,-0.8660254037844387,0,Heavy Rain,1,1,1
1.0,heavy rains,Mainpuri,Uttar Pradesh,IMD,166.0,9.0,2008.0,6.0,18.0,0,2008.0,6.0,18.0,2.0,1.2246467991473532e-16,-1.0,0,Heavy Rain,1,1,1
3.0,flood,Many districts of Uttar Kashi Pradesh,Uttar Pradesh,IMD,,9.0,2008.0,7.0,5.0,1,2008.0,7.0,5.0,3.0,-0.4999999999999997,-0.8660254037844388,0,Other,1,1,1
1.0,heavy rains,Champawat,Uttarakhand,IMD,48.0,5.0,2008.0,7.0,17.0,1,2008.0,7.0,17.0,3.0,-0.4999999999999997,-0.8660254037844388,0,Heavy Rain,1,1,1
1.0,heavy rains,"Etah, Fatehpur, Farrukhabad, Kanpur nagar Nagar,Kanpur nagar Dehat,Shahjahanpur",Uttar Pradesh,IMD,,9.0,2008.0,8.0,17.0,1,2008.0,8.0,17.0,3.0,-0.8660254037844385,-0.5000000000000004,0,Heavy Rain,1,6,1
1.0,heavy rains,"Bara Banki, Mirzapur, Sitapur,Varanasi",Uttar Pradesh,IMD,,9.0,2008.0,8.0,20.0,1,2008.0,8.0,20.0,3.0,-0.8660254037844385,-0.5000000000000004,0,Heavy Rain,1,4,1
89.0,flood (gomati),"Amroha, Hapur, Bareilly, Pilibhit, Bulandshahr, Gautam Buddha Nagar, Kheri, Budaun, Bahraich, Shahjahanpur, Aligarh, Kasganj, Mathura, SShrawasti, Sitapur, Hathras, Etah, Hardoi, Farrukhabad, Firozabad, Siddharthnagar, Mainpuri, Mahrajganj, Agra, Gonda, Bara Banki, Kushinagar, Kannauj, Lucknow, Basti, Gorakhpur, Sant Kabir Nagar, Unnao, Etawah, Kanpur nagar Nagar, Auraiya, Ayodhya, Kanpur nagar Dehat, Deoria, Sultanpur, Ambedkar Nagar, Rae Bareli, Jalaun, Azamgarh, Mau, Fatehpur, Ballia, Jaunpur, Jhansi, Banda, Ghazipurr, Kaushambi, Prayagraj, Varanasi, Chitrakoot, Chandauli, Bhadohi, Mirzapur, Lalitpur, Sonbhadra, Amethi, Ghaziabad, Sambhal, Mahoba, Saharanpur, Bijnor, Muzaffarnagar, Baghpat, Meerut, Moradabad, Rampur, Shamli, Balrampur, Hamirpur, Pratapgarh",Uttar Pradesh,IMD,,9.0,2008.0,6.0,1.0,1,2008.0,6.0,1.0,2.0,1.2246467991473532e-16,-1.0,1,Other,1,75,1
2.0,flood,Purba Medinipur,West Bengal,IMD,317.0,19.0,2008.0,6.0,20.0,1,2008.0,6.0,20.0,2.0,1.2246467991473532e-16,-1.0,0,Other,1,1,1
1.0,heavy rains,"Cooch Behar,South 24 Parganas",West Bengal,IMD,,19.0,2008.0,8.0,31.0,0,2008.0,8.0,31.0,3.0,-0.8660254037844385,-0.5000000000000004,0,Heavy Rain,1,2,1
1.0,heavy rains,,"Goa, Daman & Diu",IMD,,30.0,2008.0,6.0,8.0,0,2008.0,6.0,8.0,2.0,1.2246467991473532e-16,-1.0,0,Heavy Rain,2,0,1
7.0,flash flood (krishna),"Guntur, Krishna, Kurnool, Prakasam",Andhra Pradesh,IMD,,28.0,2009.0,10.0,1.0,1,2009.0,10.0,1.0,4.0,-0.8660254037844386,0.5000000000000001,1,Flash Flood,1,4,1
1.0,"flash flood (bhorali,gangadhar)","Dhubri,Sonitpur",Assam,IMD,,18.0,2009.0,5.0,29.0,0,2009.0,5.0,29.0,2.0,0.49999999999999994,-0.8660254037844387,0,Flash Flood,1,2,1
1.0,flood (gainadi ),"Lakhimpur,Dhemaji",Assam,IMD,,18.0,2009.0,6.0,27.0,0,2009.0,6.0,27.0,2.0,1.2246467991473532e-16,-1.0,0,Other,1,2,1
1.0,"flash flood (darika,tiak)","Barpeta, Bongaigaon, Dhemaji, Karbi Anglong, Lakhimpur,Sonitpur",Assam,IMD,,18.0,2009.0,8.0,16.0,0,2009.0,8.0,16.0,3.0,-0.8660254037844385,-0.5000000000000004,0,Flash Flood,1,6,1
1.0,heavy rains,"Darbhanga, Madhubani, Muzaffarpur, Kishanganj,Supaul",Bihar,IMD,,10.0,2009.0,9.0,1.0,1,2009.0,9.0,1.0,3.0,-1.0,-1.8369701987210297e-16,0,Heavy Rain,1,5,1
21.0,heavy rains,Most of the districts,Gujarat,IMD,,24.0,2009.0,7.0,1.0,1,2009.0,7.0,1.0,3.0,-0.4999999999999997,-0.8660254037844388,1,Heavy Rain,1,1,1
31.0,heavy rains,"Junagadh, Mahesana, Panch Mahals, Rajkot,Sabar Kantha",Gujarat,IMD,,24.0,2009.0,8.0,1.0,1,2009.0,8.0,1.0,3.0,-0.8660254037844385,-0.5000000000000004,1,Heavy Rain,1,5,1
7.0,heavy rains,"Bharuch, Surat, Dangs, Vadodara,Valsad",Gujarat,IMD,,24.0,2009.0,10.0,1.0,1,2009.0,10.0,1.0,4.0,-0.8660254037844386,0.5000000000000001,1,Heavy Rain,1,5,1
2.0,heavy rains,"Ambala, Bhiwani, Hisar, Karnal, Jind, Panchkula, Panipat, Rewari,Sonipat",Haryana,IMD,,6.0,2009.0,9.0,11.0,0,2009.0,9.0,11.0,3.0,-1.0,-1.8369701987210297e-16,0,Heavy Rain,1,9,1
1.0,moderate flood (cloud burst),Mandi,Himachal Pradesh,IMD,22.0,2.0,2009.0,8.0,7.0,0,2009.0,8.0,7.0,3.0,-0.8660254037844385,-0.5000000000000004,0,Other,1,1,1
1.0,cloud burst,Doda,Jammu and Kashmir,IMD,461.0,,2009.0,7.0,14.0,0,2009.0,7.0,14.0,3.0,-0.4999999999999997,-0.8660254037844388,0,Other,1,1,1
2.0,heavy rains,Bengaluru Rural,Karnataka,IMD,526.0,29.0,2009.0,5.0,22.0,0,2009.0,5.0,22.0,2.0,0.49999999999999994,-0.8660254037844387,0,Heavy Rain,1,1,1
1.0,heavy rains,"Dakshina Kannada, Dharwad,Mysuru",Karnataka,IMD,,29.0,2009.0,7.0,16.0,1,2009.0,7.0,16.0,3.0,-0.4999999999999997,-0.8660254037844388,0,Heavy Rain,1,3,1
3.0,heavy rains,"Bengaluru Urban,  Kalaburagi,Raichur",Karnataka,IMD,,29.0,2009.0,9.0,13.0,0,2009.0,9.0,13.0,3.0,-1.0,-1.8369701987210297e-16,0,Heavy Rain,1,3,1
2.0,heavy rains,"Chitradurga, Davangere,Raichur",Karnataka,IMD,,29.0,2009.0,9.0,22.0,0,2009.0,9.0,22.0,3.0,-1.0,-1.8369701987210297e-16,0,Heavy Rain,1,3,1
5.0,heavy rains,"Bagalkotee, Bijapur, Gadag, Dharwad, Haveri, Belagavi, Ballari, Beedar, Kalaburagi, Koppal, Raichur, Vijayapura,Yadgir",Karnataka,IMD,,29.0,2009.0,9.0,29.0,1,2009.0,9.0,29.0,3.0,-1.0,-1.8369701987210297e-16,0,Heavy Rain,1,13,1
7.0,"flash flood (krishna, ghatprabha,malprabha)","Beedar, Kalaburagi, Belagavi, Yadgir, Bagalkotee, Raichur, Koppal, Gadag, Ballari, Dharwad, Uttar Kashia Kannada, Haveri, Chitradurga, Davangere, Shivamogga, Udupi",Karnataka,IMD,,29.0,2009.0,10.0,1.0,1,2009.0,10.0,1.0,4.0,-0.8660254037844386,0.5000000000000001,1,Flash Flood,1,16,1
1.0,heavy rains,"Kozhikode, Thrissur,Wayanad",Kerala,IMD,,32.0,2009.0,7.0,5.0,0,2009.0,7.0,5.0,3.0,-0.4999999999999997,-0.8660254037844388,0,Heavy Rain,1,3,1
4.0,heavy rains,"Alappuzha, Ernakulam, Idukki, Kannur, Kasaragod, Kollam, Kozhikode, Pathanamthitta, Thrissur,Thiruvananthapuram",Kerala,IMD,,32.0,2009.0,7.0,15.0,1,2009.0,7.0,15.0,3.0,-0.4999999999999997,-0.8660254037844388,0,Heavy Rain,1,10,1
3.0,heavy rains,Wayanad,Kerala,IMD,567.0,32.0,2009.0,7.0,20.0,0,2009.0,7.0,20.0,3.0,-0.4999999999999997,-0.8660254037844388,0,Heavy Rain,1,1,1
1.0,heavy rains,Kottayam,Kerala,IMD,560.0,32.0,2009.0,9.0,18.0,0,2009.0,9.0,18.0,3.0,-1.0,-1.8369701987210297e-16,0,Heavy Rain,1,1,1
2.0,heavy rains,"Idukki, Palakkad,Thiruvananthapuram",Kerala,IMD,,32.0,2009.0,11.0,7.0,0,2009.0,11.0,7.0,4.0,-0.5000000000000004,0.8660254037844384,0,Heavy Rain,1,3,1
1.0,heavy rains,"Chhindwara, Indore, Mandsaur, Narsimhapur, Sagar",Madhya Pradesh,IMD,,23.0,2009.0,7.0,23.0,1,2009.0,7.0,23.0,3.0,-0.4999999999999997,-0.8660254037844388,0,Heavy Rain,1,5,1
1.0,heavy rains,Wardha,Maharashtra,IMD,498.0,27.0,2009.0,5.0,14.0,0,2009.0,5.0,14.0,2.0,0.49999999999999994,-0.8660254037844387,0,Heavy Rain,1,1,1
3.0,heavy rains,"Aurangabad, Dhule,Satara",Maharashtra,IMD,,27.0,2009.0,5.0,18.0,0,2009.0,5.0,18.0,2.0,0.49999999999999994,-0.8660254037844387,0,Heavy Rain,1,3,1
6.0,heavy rains,"Mumbai, Nagpur,Yavatmal",Maharashtra,IMD,,27.0,2009.0,6.0,24.0,0,2009.0,6.0,24.0,2.0,1.2246467991473532e-16,-1.0,0,Heavy Rain,1,3,1
6.0,heavy rains,"Amravati, Mumbai,Nashik",Maharashtra,IMD,,27.0,2009.0,7.0,3.0,1,2009.0,7.0,3.0,3.0,-0.4999999999999997,-0.8660254037844388,0,Heavy Rain,1,3,1
2.0,heavy rains,"Mumbai, Gadchiroli,Nagpur",Maharashtra,IMD,,27.0,2009.0,7.0,14.0,1,2009.0,7.0,14.0,3.0,-0.4999999999999997,-0.8660254037844388,0,Heavy Rain,1,3,1
1.0,heavy rains,Amravati,Maharashtra,IMD,468.0,27.0,2009.0,8.0,30.0,0,2009.0,8.0,30.0,3.0,-0.8660254037844385,-0.5000000000000004,0,Heavy Rain,1,1,1
1.0,heavy rains,Mumbai,Maharashtra,IMD,482.0,27.0,2009.0,9.0,5.0,1,2009.0,9.0,5.0,3.0,-1.0,-1.8369701987210297e-16,0,Heavy Rain,1,1,1
1.0,heavy rains,Satara,Maharashtra,IMD,494.0,27.0,2009.0,9.0,20.0,0,2009.0,9.0,20.0,3.0,-1.0,-1.8369701987210297e-16,0,Heavy Rain,1,1,1
6.0,heavy rains,"Ahmednagar, Kolhapur, Raigarh, Ratnagiri, Sangli, Sindhudurg,Solapur",Maharashtra,IMD,,27.0,2009.0,10.0,1.0,1,2009.0,10.0,1.0,4.0,-0.8660254037844386,0.5000000000000001,0,Heavy Rain,1,7,1
1.0,heavy rains,"Beed,Satara",Maharashtra,IMD,,27.0,2009.0,10.0,30.0,0,2009.0,10.0,30.0,4.0,-0.8660254037844386,0.5000000000000001,0,Heavy Rain,1,2,1
1.0,heavy rains,"Ratnagiri,Sindhudurg",Maharashtra,IMD,,27.0,2009.0,11.0,11.0,1,2009.0,11.0,11.0,4.0,-0.5000000000000004,0.8660254037844384,0,Heavy Rain,1,2,1
1.0,heavy rains,Satara,Maharashtra,IMD,494.0,27.0,2009.0,11.0,12.0,0,2009.0,11.0,12.0,4.0,-0.5000000000000004,0.8660254037844384,0,Heavy Rain,1,1,1
1.0,heavy rains,Siang,Meghalaya,IMD,232.0,17.0,2009.0,10.0,10.0,0,2009.0,10.0,10.0,4.0,-0.8660254037844386,0.5000000000000001,0,Heavy Rain,1,1,1
1.0,heavy rains,Aizawl,Mizoram,IMD,261.0,15.0,2009.0,10.0,7.0,0,2009.0,10.0,7.0,4.0,-0.8660254037844386,0.5000000000000001,0,Heavy Rain,1,1,1
17.0,flood (mahanadi),"Bhadrak, Cuttack, Ganjam, Kalahandi, Kandhamal, Kendrapara, Kendujhar, Koraput, Khordha, Jaipur, Nayagarh, Puri,Sundargarh",Odisha,IMD,,21.0,2009.0,7.0,14.0,1,2009.0,7.0,14.0,3.0,-0.4999999999999997,-0.8660254037844388,1,Other,1,13,1
1.0,heavy rains,Hoshiarpur,Punjab,IMD,33.0,3.0,2009.0,7.0,28.0,0,2009.0,7.0,28.0,3.0,-0.4999999999999997,-0.8660254037844388,0,Heavy Rain,1,1,1
1.0,heavy rains,Gurdaspur,Punjab,IMD,32.0,3.0,2009.0,8.0,5.0,0,2009.0,8.0,5.0,3.0,-0.8660254037844385,-0.5000000000000004,0,Heavy Rain,1,1,1
3.0,heavy rains,"Alwar, Bharatpur,Kota",Rajasthan,IMD,,8.0,2009.0,9.0,9.0,0,2009.0,9.0,9.0,3.0,-1.0,-1.8369701987210297e-16,0,Heavy Rain,1,3,1
1.0,heavy rains,Vellore,Tamil Nadu,IMD,595.0,33.0,2009.0,9.0,16.0,0,2009.0,9.0,16.0,3.0,-1.0,-1.8369701987210297e-16,0,Heavy Rain,1,1,1
1.0,heavy rains,Tiruvannamalai,Tamil Nadu,IMD,593.0,33.0,2009.0,9.0,25.0,0,2009.0,9.0,25.0,3.0,-1.0,-1.8369701987210297e-16,0,Heavy Rain,1,1,1
6.0,heavy rains,"The Nilgiris,Kanniyakumariumari,Thiruvallur, Thiruvarur,Tirunelveli",Tamil Nadu,IMD,,33.0,2009.0,11.0,6.0,1,2009.0,11.0,6.0,4.0,-0.5000000000000004,0.8660254037844384,0,Heavy Rain,1,5,1
1.0,heavy rains,"Dharmapuri, Kanniyakumariumari, The Nilgiris,Thiruvallur",Tamil Nadu,IMD,,33.0,2009.0,11.0,16.0,0,2009.0,11.0,16.0,4.0,-0.5000000000000004,0.8660254037844384,0,Heavy Rain,1,4,1
1.0,heavy rains,"Deoria, Gonda, Jaunpur,Pratapgarh",Uttar Pradesh,IMD,,9.0,2009.0,6.0,30.0,0,2009.0,6.0,30.0,2.0,1.2246467991473532e-16,-1.0,0,Heavy Rain,1,4,1
1.0,heavy rains,Garhwal,Uttarakhand,IMD,52.0,5.0,2009.0,7.0,28.0,0,2009.0,7.0,28.0,3.0,-0.4999999999999997,-0.8660254037844388,0,Heavy Rain,1,1,1
1.0,flash flood (baghmati),"Bahraich,Gonda",Uttar Pradesh,IMD,,9.0,2009.0,8.0,31.0,0,2009.0,8.0,31.0,3.0,-0.8660254037844385,-0.5000000000000004,0,Flash Flood,1,2,1
1.0,severe flood (cloud burst),Pithoragarh,Uttarakhand,IMD,53.0,5.0,2009.0,8.0,8.0,1,2009.0,8.0,8.0,3.0,-0.8660254037844385,-0.5000000000000004,0,Other,1,1,1
6.0,flood (ghaghra),"Bahraich, Ballia, Gonda,Kheri",Uttar Pradesh,IMD,,9.0,2009.0,8.0,19.0,1,2009.0,8.0,19.0,3.0,-0.8660254037844385,-0.5000000000000004,0,Other,1,4,1
1.0,heavy rains,"Bahraich, Balrampur, Ayodhya, Gonda, Kheri, Pilibhit,Sitapur",Uttar Pradesh,IMD,,9.0,2009.0,8.0,26.0,0,2009.0,8.0,26.0,3.0,-0.8660254037844385,-0.5000000000000004,0,Heavy Rain,1,7,1
1.0,flood (ganga),Gonda,Uttar Pradesh,IMD,514.0,9.0,2009.0,8.0,28.0,0,2009.0,8.0,28.0,3.0,-0.8660254037844385,-0.5000000000000004,0,Other,1,1,1
2.0,heavy rains,"Bahraich, Bara Banki, Hardoi,Unnao",Uttar Pradesh,IMD,,9.0,2009.0,9.0,11.0,1,2009.0,9.0,11.0,3.0,-1.0,-1.8369701987210297e-16,0,Heavy Rain,1,4,1
2.0,heavy rains,"Bara Banki, Chitrakoot, Fatehpur, Gonda, Hathras, Kanpur nagar Nagar,Kanpur nagar Dehat, Kheri, Sitapur,Unnao",Uttar Pradesh,IMD,,9.0,2009.0,10.0,6.0,1,2009.0,10.0,6.0,4.0,-0.8660254037844386,0.5000000000000001,0,Heavy Rain,1,10,1
1.0,heavy rains,"Bahraich, Balrampur,Gonda",Uttar Pradesh,IMD,,9.0,2009.0,10.0,9.0,0,2009.0,10.0,9.0,4.0,-0.8660254037844386,0.5000000000000001,0,Heavy Rain,1,3,1
1.0,heavy rains,Darjeeling,West Bengal,IMD,309.0,19.0,2009.0,5.0,26.0,1,2009.0,5.0,26.0,2.0,0.49999999999999994,-0.8660254037844387,0,Heavy Rain,1,1,1
6.0,heavy rains,"Bankura, Purba Purba Bardhaman, Birbhum, East & West Purba Purba Medinipur, Howrah,South 24 Parganas,North 24 Parganas",West Bengal,IMD,,19.0,2009.0,9.0,5.0,0,2009.0,9.0,5.0,3.0,-1.0,-1.8369701987210297e-16,0,Heavy Rain,1,7,1
1.0,heavy rains,New New Delhi,Delhi,IMD,,7.0,2009.0,7.0,29.0,0,2009.0,7.0,29.0,3.0,-0.4999999999999997,-0.8660254037844388,0,Heavy Rain,1,1,1
1.0,heavy rains,"East Godavari,coastal districts of Andhra Pradesh",Andhra Pradesh,IMD,,28.0,2010.0,10.0,4.0,1,2010.0,10.0,4.0,4.0,-0.8660254037844386,0.5000000000000001,0,Heavy Rain,1,2,1
1.0,heavy rains,Kurung Kumey,Arunachal Pradesh,IMD,233.0,12.0,2010.0,4.0,2.0,0,2010.0,4.0,2.0,2.0,0.8660254037844387,-0.4999999999999998,0,Heavy Rain,1,1,1
1.0,heavy rains,"Lohit,Anjaw, Dibang Valley, Lower Dibang Valley, East Kameng, West Kameng,Upper Siang",Arunachal Pradesh,IMD,,12.0,2010.0,4.0,22.0,1,2010.0,4.0,22.0,2.0,0.8660254037844387,-0.4999999999999998,0,Heavy Rain,1,7,1
2.0,heavy rains,"East,West Siang",Arunachal Pradesh,IMD,,12.0,2010.0,9.0,9.0,0,2010.0,9.0,9.0,3.0,-1.0,-1.8369701987210297e-16,0,Heavy Rain,1,2,1
7.0,"flood (bramhaputra,its tributaries, tiyak,kakajan)","Dhemaji,Golaghat",Assam,IMD,,18.0,2010.0,5.0,10.0,0,2010.0,5.0,10.0,2.0,0.49999999999999994,-0.8660254037844387,1,Other,1,2,1
4.0,"flood (brahmaputra,its tributaries)","Darrang, Dhemaji, Kamrup, Lakhimpur, Marigaon, Nalbari,Sonitpur",Assam,IMD,,18.0,2010.0,6.0,6.0,1,2010.0,6.0,6.0,2.0,1.2246467991473532e-16,-1.0,0,River/Water System,1,7,1
1.0,heavy rains,"Cachar, Hailakandi,Karimganj",Assam,IMD,,18.0,2010.0,6.0,21.0,0,2010.0,6.0,21.0,2.0,1.2246467991473532e-16,-1.0,0,Heavy Rain,1,3,1
5.0,"flood (brahmaputra,its tributaries)","Dhemaji, Dibrugarh, Lakhimpur,Nagaon",Assam,IMD,,18.0,2010.0,9.0,5.0,0,2010.0,9.0,5.0,3.0,-1.0,-1.8369701987210297e-16,0,River/Water System,1,4,1
1.0,heavy rains,Pashchim Champaran,Bihar,IMD,211.0,10.0,2010.0,8.0,25.0,0,2010.0,8.0,25.0,3.0,-0.8660254037844385,-0.5000000000000004,0,Heavy Rain,1,1,1
4.0,"flood (mahanadi,its tributaries)","Gonda,Raipur",Chhattisgarh,IMD,,22.0,2010.0,7.0,23.0,0,2010.0,7.0,23.0,3.0,-0.4999999999999997,-0.8660254037844388,0,Other,1,2,1
7.0,heavy rains,Bastar,Chhattisgarh,IMD,374.0,22.0,2010.0,8.0,2.0,0,2010.0,8.0,2.0,3.0,-0.8660254037844385,-0.5000000000000004,1,Heavy Rain,1,1,1
2.0,heavy rains,"Dhamtari, Narayanpur, Rajnandgaon",Chhattisgarh,IMD,,22.0,2010.0,9.0,7.0,1,2010.0,9.0,7.0,3.0,-1.0,-1.8369701987210297e-16,0,Heavy Rain,1,3,1
31.0,heavy rains,Most of the districts,Gujarat,IMD,,24.0,2010.0,7.0,1.0,1,2010.0,7.0,1.0,3.0,-0.4999999999999997,-0.8660254037844388,1,Heavy Rain,1,1,1
31.0,heavy rains,Most of the districts,Gujarat,IMD,,24.0,2010.0,8.0,1.0,1,2010.0,8.0,1.0,3.0,-0.8660254037844385,-0.5000000000000004,1,Heavy Rain,1,1,1
30.0,heavy rains,Most of the districts,Gujarat,IMD,,24.0,2010.0,9.0,1.0,1,2010.0,9.0,1.0,3.0,-1.0,-1.8369701987210297e-16,1,Heavy Rain,1,1,1
2.0,flood (yamuna),"Ambala, Jhajjar, Kaithal,Kurukshetra",Haryana,IMD,,6.0,2010.0,7.0,7.0,0,2010.0,7.0,7.0,3.0,-0.4999999999999997,-0.8660254037844388,0,Other,1,4,1
2.0,flood (krishnavati),,Haryana,IMD,,6.0,2010.0,8.0,19.0,0,2010.0,8.0,19.0,3.0,-0.8660254037844385,-0.5000000000000004,0,Other,1,0,1
3.0,heavy rains,Sirmaur,Himachal Pradesh,IMD,24.0,2.0,2010.0,9.0,8.0,0,2010.0,9.0,8.0,3.0,-1.0,-1.8369701987210297e-16,0,Heavy Rain,1,1,1
1.0,heavy rains,Kullu,Himachal Pradesh,IMD,20.0,2.0,2010.0,9.0,16.0,0,2010.0,9.0,16.0,3.0,-1.0,-1.8369701987210297e-16,0,Heavy Rain,1,1,1
3.0,heavy rains,"Kinnaur,Shimla",Himachal Pradesh,IMD,,2.0,2010.0,9.0,22.0,0,2010.0,9.0,22.0,3.0,-1.0,-1.8369701987210297e-16,0,Heavy Rain,1,2,1
1.0,heavy rains,Reasi,Jammu and Kashmir,IMD,627.0,,2010.0,2.0,9.0,0,2010.0,2.0,9.0,1.0,0.8660254037844386,0.5000000000000001,0,Heavy Rain,1,1,1
1.0,heavy rains,"Kupwara,Reasi",Jammu and Kashmir,IMD,,,2010.0,7.0,30.0,0,2010.0,7.0,30.0,3.0,-0.4999999999999997,-0.8660254037844388,0,Heavy Rain,1,2,1
1.0,heavy rains,Leh ladakh,Jammu and Kashmir,IMD,9.0,,2010.0,8.0,6.0,1,2010.0,8.0,6.0,3.0,-0.8660254037844385,-0.5000000000000004,0,Heavy Rain,1,1,1
1.0,heavy rains,,Jammu and Kashmir,IMD,,,2010.0,8.0,13.0,0,2010.0,8.0,13.0,3.0,-0.8660254037844385,-0.5000000000000004,0,Heavy Rain,1,0,1
1.0,flood (ujh),"Kathua, Rajouri",Jammu and Kashmir,IMD,,,2010.0,8.0,26.0,0,2010.0,8.0,26.0,3.0,-0.8660254037844385,-0.5000000000000004,0,Other,1,2,1
1.0,heavy rains,,Jammu and Kashmir,IMD,,,2010.0,10.0,22.0,0,2010.0,10.0,22.0,4.0,-0.8660254037844386,0.5000000000000001,0,Heavy Rain,1,0,1
1.0,heavy rains,Bengaluru Rural,Karnataka,IMD,526.0,29.0,2010.0,5.0,16.0,0,2010.0,5.0,16.0,2.0,0.49999999999999994,-0.8660254037844387,0,Heavy Rain,1,1,1
1.0,heavy rains,"Ballari, Chitradurga,Udupi",Karnataka,IMD,,29.0,2010.0,5.0,20.0,0,2010.0,5.0,20.0,2.0,0.49999999999999994,-0.8660254037844387,0,Heavy Rain,1,3,1
1.0,heavy rains,"Bengaluru Rural,Kodagu",Karnataka,IMD,,29.0,2010.0,5.0,30.0,0,2010.0,5.0,30.0,2.0,0.49999999999999994,-0.8660254037844387,0,Heavy Rain,1,2,1
1.0,heavy rains,Bijapur,Karnataka,IMD,636.0,29.0,2010.0,6.0,17.0,0,2010.0,6.0,17.0,2.0,1.2246467991473532e-16,-1.0,0,Heavy Rain,1,1,1
1.0,heavy rains,Udupi,Karnataka,IMD,549.0,29.0,2010.0,7.0,21.0,0,2010.0,7.0,21.0,3.0,-0.4999999999999997,-0.8660254037844388,0,Heavy Rain,1,1,1
5.0,heavy rains,"Belagavi, Dakshina Kannada, Uttar Kashia Kannada, Davangere, Gadag,Shivamogga",Karnataka,IMD,,29.0,2010.0,7.0,27.0,0,2010.0,7.0,27.0,3.0,-0.4999999999999997,-0.8660254037844388,0,Heavy Rain,1,6,1
1.0,heavy rains,"Ballari,Bengaluru Rural",Karnataka,IMD,,29.0,2010.0,8.0,21.0,0,2010.0,8.0,21.0,3.0,-0.8660254037844385,-0.5000000000000004,0,Heavy Rain,1,2,1
1.0,heavy rains,"Belagavi, Beedar, Gadag,Raichur",Karnataka,IMD,,29.0,2010.0,8.0,26.0,0,2010.0,8.0,26.0,3.0,-0.8660254037844385,-0.5000000000000004,0,Heavy Rain,1,4,1
1.0,heavy rains,Kalaburagi,Karnataka,IMD,538.0,29.0,2010.0,8.0,30.0,0,2010.0,8.0,30.0,3.0,-0.8660254037844385,-0.5000000000000004,0,Heavy Rain,1,1,1
1.0,heavy rains,Kozhikode,Kerala,IMD,561.0,32.0,2010.0,5.0,29.0,0,2010.0,5.0,29.0,2.0,0.49999999999999994,-0.8660254037844387,0,Heavy Rain,1,1,1
3.0,heavy rains,"Alappuzha, Ernakulam,Kozhikode",Kerala,IMD,,32.0,2010.0,9.0,17.0,0,2010.0,9.0,17.0,3.0,-1.0,-1.8369701987210297e-16,0,Heavy Rain,1,3,1
6.0,"flood (karamana, neyyak,vamanapuram)","Alappuzha, Kollam Kozhikode, Malappuram,Thrissur, Thiruvananthapuram,Wayanad",Kerala,IMD,,32.0,2010.0,10.0,3.0,1,2010.0,10.0,3.0,4.0,-0.8660254037844386,0.5000000000000001,0,Other,1,6,1
3.0,heavy rains,"Idukki,Thiruvananthapuram",Kerala,IMD,,32.0,2010.0,10.0,27.0,0,2010.0,10.0,27.0,4.0,-0.8660254037844386,0.5000000000000001,0,Heavy Rain,1,2,1
1.0,heavy rains,Thiruvananthapuram,Kerala,IMD,565.0,32.0,2010.0,11.0,16.0,0,2010.0,11.0,16.0,4.0,-0.5000000000000004,0.8660254037844384,0,Heavy Rain,1,1,1
5.0,heavy rains,"Kozhikode, Palakkad, Pathanamthitta, Thiruvananthapuram,Wayanad",Kerala,IMD,,32.0,2010.0,11.0,20.0,0,2010.0,11.0,20.0,4.0,-0.5000000000000004,0.8660254037844384,0,Heavy Rain,1,5,1
2.0,heavy rains,"Pathanamthitta,Thiruvananthapuram",Kerala,IMD,,32.0,2010.0,11.0,27.0,0,2010.0,11.0,27.0,4.0,-0.5000000000000004,0.8660254037844384,0,Heavy Rain,1,2,1
1.0,heavy rains,Thiruvananthapuram,Kerala,IMD,565.0,32.0,2010.0,12.0,8.0,0,2010.0,12.0,8.0,4.0,-2.4492935982947064e-16,1.0,0,Heavy Rain,1,1,1
1.0,heavy rains,Dhar,Madhya Pradesh,IMD,536.0,23.0,2010.0,6.0,13.0,0,2010.0,6.0,13.0,2.0,1.2246467991473532e-16,-1.0,0,Heavy Rain,1,1,1
1.0,heavy rains,Chhindwara,Madhya Pradesh,IMD,399.0,23.0,2010.0,7.0,3.0,0,2010.0,7.0,3.0,3.0,-0.4999999999999997,-0.8660254037844388,0,Heavy Rain,1,1,1
3.0,heavy rains,"Ahmednagar, Akola, Buldhana, Parbhani, Pune,Satara",Maharashtra,IMD,,27.0,2010.0,3.0,12.0,0,2010.0,3.0,12.0,1.0,1.0,6.123233995736766e-17,0,Heavy Rain,1,6,1
4.0,heavy rains,"Aurangabad, Nandurbar, Pune,Thane",Maharashtra,IMD,,27.0,2010.0,6.0,11.0,1,2010.0,6.0,11.0,2.0,1.2246467991473532e-16,-1.0,0,Heavy Rain,1,4,1
1.0,heavy rains,"Beed,Mumbai",Maharashtra,IMD,,27.0,2010.0,6.0,16.0,0,2010.0,6.0,16.0,2.0,1.2246467991473532e-16,-1.0,0,Heavy Rain,1,2,1
3.0,heavy rains,"Beed,Bhandara, Mumbai,Yavatmal",Maharashtra,IMD,,27.0,2010.0,6.0,18.0,0,2010.0,6.0,18.0,2.0,1.2246467991473532e-16,-1.0,0,Heavy Rain,1,4,1
3.0,heavy rains,"Mumbai, Nandurbar, Ratnagiri,Yavatmal",Maharashtra,IMD,,27.0,2010.0,6.0,24.0,0,2010.0,6.0,24.0,2.0,1.2246467991473532e-16,-1.0,0,Heavy Rain,1,4,1
3.0,heavy rains,"Amravati,Washim",Maharashtra,IMD,,27.0,2010.0,6.0,29.0,0,2010.0,6.0,29.0,2.0,1.2246467991473532e-16,-1.0,0,Heavy Rain,1,2,1
1.0,heavy rains,"Mumbai, Nanded, Parbhani",Maharashtra,IMD,,27.0,2010.0,7.0,3.0,0,2010.0,7.0,3.0,3.0,-0.4999999999999997,-0.8660254037844388,0,Heavy Rain,1,3,1
2.0,heavy rains,"Chandrapur,Gadchiroli",Maharashtra,IMD,,27.0,2010.0,7.0,7.0,0,2010.0,7.0,7.0,3.0,-0.4999999999999997,-0.8660254037844388,0,Heavy Rain,1,2,1
3.0,heavy rains,"Mumbai,Ratnagiri",Maharashtra,IMD,,27.0,2010.0,7.0,23.0,1,2010.0,7.0,23.0,3.0,-0.4999999999999997,-0.8660254037844388,0,Heavy Rain,1,2,1
1.0,heavy rains,"Raigarh,Satara",Maharashtra,IMD,,27.0,2010.0,7.0,26.0,1,2010.0,7.0,26.0,3.0,-0.4999999999999997,-0.8660254037844388,0,Heavy Rain,1,2,1
2.0,heavy rains,"Gadchiroli,Mumbai",Maharashtra,IMD,,27.0,2010.0,8.0,5.0,0,2010.0,8.0,5.0,3.0,-0.8660254037844385,-0.5000000000000004,0,Heavy Rain,1,2,1
1.0,heavy rains,"Akola, Amravati, Buldhana,Washim",Maharashtra,IMD,,27.0,2010.0,8.0,9.0,1,2010.0,8.0,9.0,3.0,-0.8660254037844385,-0.5000000000000004,0,Heavy Rain,1,4,1
4.0,heavy rains,"Buldhana, Mumbai,Yavatmal",Maharashtra,IMD,,27.0,2010.0,8.0,17.0,1,2010.0,8.0,17.0,3.0,-0.8660254037844385,-0.5000000000000004,0,Heavy Rain,1,3,1
1.0,heavy rains,Thane,Maharashtra,IMD,497.0,27.0,2010.0,8.0,30.0,0,2010.0,8.0,30.0,3.0,-0.8660254037844385,-0.5000000000000004,0,Heavy Rain,1,1,1
1.0,heavy rains,Gadchiroli,Maharashtra,IMD,475.0,27.0,2010.0,9.0,5.0,0,2010.0,9.0,5.0,3.0,-1.0,-1.8369701987210297e-16,0,Heavy Rain,1,1,1
2.0,,"Amravati, Chandrapur,Gondia",Maharashtra,IMD,,27.0,2010.0,9.0,9.0,1,2010.0,9.0,9.0,3.0,-1.0,-1.8369701987210297e-16,0,Other,1,3,1
1.0,heavy rains,Nagpur,Maharashtra,IMD,484.0,27.0,2010.0,9.0,16.0,0,2010.0,9.0,16.0,3.0,-1.0,-1.8369701987210297e-16,0,Heavy Rain,1,1,1
8.0,heavy rains,"Jalgaon, Pune,Satara",Maharashtra,IMD,,27.0,2010.0,9.0,23.0,0,2010.0,9.0,23.0,3.0,-1.0,-1.8369701987210297e-16,1,Heavy Rain,1,3,1
1.0,heavy rains,Pune,Maharashtra,IMD,490.0,27.0,2010.0,10.0,4.0,0,2010.0,10.0,4.0,4.0,-0.8660254037844386,0.5000000000000001,0,Heavy Rain,1,1,1
1.0,heavy rains,Aizawl,Mizoram,IMD,261.0,15.0,2010.0,9.0,14.0,0,2010.0,9.0,14.0,3.0,-1.0,-1.8369701987210297e-16,0,Heavy Rain,1,1,1
2.0,heavy rains,Parts of Orissa,Odisha,IMD,,21.0,2010.0,7.0,24.0,0,2010.0,7.0,24.0,3.0,-0.4999999999999997,-0.8660254037844388,0,Heavy Rain,1,1,1
2.0,heavy rains,"Bargarh, Kalahandi, Koraput, Malkangiri",Odisha,IMD,,21.0,2010.0,8.0,5.0,0,2010.0,8.0,5.0,3.0,-0.8660254037844385,-0.5000000000000004,0,Heavy Rain,1,4,1
2.0,heavy rains,"Ludhiana,Patiala",Punjab,IMD,,3.0,2010.0,7.0,7.0,0,2010.0,7.0,7.0,3.0,-0.4999999999999997,-0.8660254037844388,0,Heavy Rain,1,2,1
1.0,heavy rains,"Sirohi,Udaipur",Rajasthan,IMD,,8.0,2010.0,7.0,4.0,0,2010.0,7.0,4.0,3.0,-0.4999999999999997,-0.8660254037844388,0,Heavy Rain,1,2,1
4.0,heavy rains,"Ajmer,Barmer, Bikaner, Churu, Dholpur, Jaisalmer,Jalore, Jodhpur,Tonk",Rajasthan,IMD,,8.0,2010.0,7.0,22.0,0,2010.0,7.0,22.0,3.0,-0.4999999999999997,-0.8660254037844388,0,Heavy Rain,1,9,1
5.0,heavy rains,"Banswara, Jaipur,Jaisalmer, Kota, Pali, Sikar,Sirohi",Rajasthan,IMD,,8.0,2010.0,8.0,14.0,1,2010.0,8.0,14.0,3.0,-0.8660254037844385,-0.5000000000000004,0,Heavy Rain,1,7,1
1.0,heavy rains,Bharatpur,Rajasthan,IMD,760.0,8.0,2010.0,9.0,2.0,0,2010.0,9.0,2.0,3.0,-1.0,-1.8369701987210297e-16,0,Heavy Rain,1,1,1
5.0,heavy rains,"Kanniyakumariumari, Salem,  Tiruchirappalli,Thoothukkudi",Tamil Nadu,IMD,,33.0,2010.0,5.0,1.0,0,2010.0,5.0,1.0,2.0,0.49999999999999994,-0.8660254037844387,0,Heavy Rain,1,4,1
1.0,heavy rains,Kancheepuram,Tamil Nadu,IMD,574.0,33.0,2010.0,7.0,9.0,0,2010.0,7.0,9.0,3.0,-0.4999999999999997,-0.8660254037844388,0,Heavy Rain,1,1,1
1.0,heavy rains,"Chennai, Cuddalore, Tiruchirappalli,Tiruvannamalai, Vellore,Viluppuram",Tamil Nadu,IMD,,33.0,2010.0,11.0,7.0,0,2010.0,11.0,7.0,4.0,-0.5000000000000004,0.8660254037844384,0,Heavy Rain,1,6,1
2.0,heavy rains,Many districts of Tamil Nadu.,Tamil Nadu,IMD,,33.0,2010.0,11.0,22.0,1,2010.0,11.0,22.0,4.0,-0.5000000000000004,0.8660254037844384,0,Heavy Rain,1,1,1
3.0,heavy rains,"Ariyalur, Ramanathapuram, Thanjavur,Thoothukkudi",Tamil Nadu,IMD,,33.0,2010.0,12.0,1.0,1,2010.0,12.0,1.0,4.0,-2.4492935982947064e-16,1.0,0,Heavy Rain,1,4,1
1.0,heavy rains,West Tripura,Tripura,IMD,272.0,16.0,2010.0,5.0,29.0,0,2010.0,5.0,29.0,2.0,0.49999999999999994,-0.8660254037844387,0,Heavy Rain,1,1,1
1.0,heavy rains,Mathura,Uttarakhand,IMD,167.0,5.0,2010.0,7.0,5.0,0,2010.0,7.0,5.0,3.0,-0.4999999999999997,-0.8660254037844388,0,Heavy Rain,1,1,1
1.0,heavy rains,Bageshwar,Uttarakhand,IMD,46.0,5.0,2010.0,8.0,18.0,1,2010.0,8.0,18.0,3.0,-0.8660254037844385,-0.5000000000000004,0,Heavy Rain,1,1,1
1.0,heavy rains,"Agra, Kheri,Sitapur",Uttar Pradesh,IMD,,9.0,2010.0,9.0,6.0,0,2010.0,9.0,6.0,3.0,-1.0,-1.8369701987210297e-16,0,Heavy Rain,1,3,1
3.0,"flood (ganga, yamuna,sarayu)",Many districts of Uttar Kashi Pradesh,Uttar Pradesh,IMD,,9.0,2010.0,9.0,12.0,0,2010.0,9.0,12.0,3.0,-1.0,-1.8369701987210297e-16,0,Other,1,1,1
2.0,heavy rains,"Almora, Dehradun,Nainital",Uttarakhand,IMD,,5.0,2010.0,9.0,18.0,1,2010.0,9.0,18.0,3.0,-1.0,-1.8369701987210297e-16,0,Heavy Rain,1,3,1
2.0,heavy rains,"Jalpaiguri, Kalimpong,Mangalbari",West Bengal,IMD,,19.0,2010.0,6.0,15.0,0,2010.0,6.0,15.0,2.0,1.2246467991473532e-16,-1.0,0,Heavy Rain,1,3,1
2.0,"flood ( ganga,phulhar)",Malda,West Bengal,IMD,316.0,19.0,2010.0,8.0,27.0,0,2010.0,8.0,27.0,3.0,-0.8660254037844385,-0.5000000000000004,0,Other,1,1,1
1.0,heavy rains,Papum Pare,Arunachal Pradesh,IMD,237.0,12.0,2011.0,7.0,19.0,0,2011.0,7.0,19.0,3.0,-0.4999999999999997,-0.8660254037844388,0,Heavy Rain,1,1,1
7.0,"severe flood (brahmaputra,tributaries)","Barpeta, Dhemaji, Jorhat, Lakhimpur, Golaghat,Sonitpur",Assam,IMD,,18.0,2011.0,7.0,14.0,0,2011.0,7.0,14.0,3.0,-0.4999999999999997,-0.8660254037844388,1,River/Water System,1,6,1
8.0,"severe flood (brahmaputra,tributaries)","Barpeta, Darrang, Dhemaji, Dhubri, Golaghat, Jorhat, Lakhimpur,,Sonitpur",Assam,IMD,,18.0,2011.0,8.0,16.0,0,2011.0,8.0,16.0,3.0,-0.8660254037844385,-0.5000000000000004,1,River/Water System,1,8,1
1.0,heavy rains,"Goalpara, Kamrup,Karbi Anglong",Assam,IMD,,18.0,2011.0,9.0,23.0,0,2011.0,9.0,23.0,3.0,-1.0,-1.8369701987210297e-16,0,Heavy Rain,1,3,1
3.0,heavy rains,"Purbi Champaran, Kishanganj, Madhubani,Sitamarhi",Bihar,IMD,,10.0,2011.0,7.0,4.0,0,2011.0,7.0,4.0,3.0,-0.4999999999999997,-0.8660254037844388,0,Heavy Rain,1,4,1
3.0,heavy rains,"Bilaspur, Janjgir-Champa, Korba, Mahasamund, Rajnandgaon, Raigarh,Raipur",Chhattisgarh,IMD,,22.0,2011.0,9.0,6.0,0,2011.0,9.0,6.0,3.0,-1.0,-1.8369701987210297e-16,0,Heavy Rain,1,7,1
31.0,"severe flood (narmada,sabarmati)","Valsad, Amreli, Dangs, Banas Kantha, Patan, Mahesana, Gandhinagar, Ahmedabad, Panch Mahals, Dahod, Vadodara, Bharuch, Porbandar, Narmada, Surat, Tapi, Arvalli, Botad, Chota Udaipur, Mahisagar, Gir Somnath, Sabar Kantha, Kachchh, Surendranagar, Rajkot, Kheda, Anand, Bhavnagar, Junagadh, Jamnagar, Devbhumi Dwarka Dwarka, Morbi, Navsari",Gujarat,IMD,,24.0,2011.0,7.0,1.0,1,2011.0,7.0,1.0,3.0,-0.4999999999999997,-0.8660254037844388,1,Other,1,33,1
31.0,"severe flood (tapi,mahanadi)","Valsad, Amreli, Dangs, Banas Kantha, Patan, Mahesana, Gandhinagar, Ahmedabad, Panch Mahals, Dahod, Vadodara, Bharuch, Porbandar, Narmada, Surat, Tapi, Arvalli, Botad, Chota Udaipur, Mahisagar, Gir Somnath, Sabar Kantha, Kachchh, Surendranagar, Rajkot, Kheda, Anand, Bhavnagar, Junagadh, Jamnagar, Devbhumi Dwarka Dwarka, Morbi, Navsari",Gujarat,IMD,,24.0,2011.0,8.0,1.0,1,2011.0,8.0,1.0,3.0,-0.8660254037844385,-0.5000000000000004,1,Other,1,33,1
30.0,severe floodi) (narmada),"Valsad, Amreli, Dangs, Banas Kantha, Patan, Mahesana, Gandhinagar, Ahmedabad, Panch Mahals, Dahod, Vadodara, Bharuch, Porbandar, Narmada, Surat, Tapi, Arvalli, Botad, Chota Udaipur, Mahisagar, Gir Somnath, Sabar Kantha, Kachchh, Surendranagar, Rajkot, Kheda, Anand, Bhavnagar, Junagadh, Jamnagar, Devbhumi Dwarka Dwarka, Morbi, Navsari",Gujarat,IMD,,24.0,2011.0,9.0,1.0,1,2011.0,9.0,1.0,3.0,-1.0,-1.8369701987210297e-16,1,Other,1,33,1
1.0,heavy rains (cloud burst),Chamba,Himachal Pradesh,IMD,16.0,2.0,2011.0,6.0,1.0,0,2011.0,6.0,1.0,2.0,1.2246467991473532e-16,-1.0,0,Heavy Rain,1,1,1
4.0,heavy rains,"Mandi, Kangra, Kullu, Sirmaur",Himachal Pradesh,IMD,,2.0,2011.0,9.0,12.0,0,2011.0,9.0,12.0,3.0,-1.0,-1.8369701987210297e-16,0,Heavy Rain,1,4,1
1.0,heavy rains,Budgam,Jammu and Kashmir,IMD,2.0,,2011.0,2.0,14.0,0,2011.0,2.0,14.0,1.0,0.8660254037844386,0.5000000000000001,0,Heavy Rain,1,1,1
1.0,heavy rains,Doda,Jammu and Kashmir,IMD,461.0,,2011.0,4.0,18.0,0,2011.0,4.0,18.0,2.0,0.8660254037844387,-0.4999999999999998,0,Heavy Rain,1,1,1
2.0,flash flood (jhelum),Parts of Jammu,Jammu and Kashmir,IMD,,,2011.0,9.0,15.0,0,2011.0,9.0,15.0,3.0,-1.0,-1.8369701987210297e-16,0,Flash Flood,1,1,1
1.0,heavy rains,Ranchi,Jharkhand,IMD,339.0,20.0,2011.0,7.0,11.0,0,2011.0,7.0,11.0,3.0,-0.4999999999999997,-0.8660254037844388,0,Heavy Rain,1,1,1
2.0,heavy rains,"Garhwa, Hazaribagh, Lohardaga, Palamu,Ranchi",Jharkhand,IMD,,20.0,2011.0,9.0,23.0,1,2011.0,9.0,23.0,3.0,-1.0,-1.8369701987210297e-16,0,Heavy Rain,1,5,1
1.0,heavy rains,"Bengaluru Urban,Ramanagara",Karnataka,IMD,,29.0,2011.0,4.0,23.0,0,2011.0,4.0,23.0,2.0,0.8660254037844387,-0.4999999999999998,0,Heavy Rain,1,2,1
2.0,heavy rains,"Dakshina Kannada, Haveri, Kodagu,Shivamogga",Karnataka,IMD,,29.0,2011.0,7.0,17.0,0,2011.0,7.0,17.0,3.0,-0.4999999999999997,-0.8660254037844388,0,Heavy Rain,1,4,1
3.0,heavy rains,Thiruvananthapuram,Kerala,IMD,565.0,32.0,2011.0,4.0,28.0,0,2011.0,4.0,28.0,2.0,0.8660254037844387,-0.4999999999999998,0,Heavy Rain,1,1,1
3.0,heavy rains,"Alappuzha, Idukki, Kollam, Kottayam, Kozhikode, Malappuram, Pathanamthitta, Thrissur, Thiruvananthapuram,Wayanad",Kerala,IMD,,32.0,2011.0,6.0,1.0,0,2011.0,6.0,1.0,2.0,1.2246467991473532e-16,-1.0,0,Heavy Rain,1,10,1
4.0,heavy rains,"Alappuzha, Ernakulam, Idukki, Kottayam, Malappuram, Pathanamthitta, Thiruvananthapuram,Thrissur",Kerala,IMD,,32.0,2011.0,6.0,5.0,0,2011.0,6.0,5.0,2.0,1.2246467991473532e-16,-1.0,0,Heavy Rain,1,8,1
5.0,heavy rains,"Malappuram, Kasaragod, Kozhikode,Wayanad",Kerala,IMD,,32.0,2011.0,7.0,16.0,0,2011.0,7.0,16.0,3.0,-0.4999999999999997,-0.8660254037844388,0,Heavy Rain,1,4,1
2.0,heavy rains,"Idukki, Kannur, Kottayam, Pathanamthitta,Thiruvananthapuram",Kerala,IMD,,32.0,2011.0,8.0,6.0,0,2011.0,8.0,6.0,3.0,-0.8660254037844385,-0.5000000000000004,0,Heavy Rain,1,5,1
8.0,heavy rains,"Kozhikode, Malappuram, Palakkad, Thiruvananthapuram, Thrissur,Wayanad",Kerala,IMD,,32.0,2011.0,8.0,28.0,0,2011.0,8.0,28.0,3.0,-0.8660254037844385,-0.5000000000000004,1,Heavy Rain,1,6,1
4.0,heavy rains,"Idukki,Wayanad",Kerala,IMD,,32.0,2011.0,10.0,14.0,0,2011.0,10.0,14.0,4.0,-0.8660254037844386,0.5000000000000001,0,Heavy Rain,1,2,1
2.0,,"Ashoknagar, Guna, Indore,Ujjain",Madhya Pradesh,IMD,,23.0,2011.0,7.0,17.0,0,2011.0,7.0,17.0,3.0,-0.4999999999999997,-0.8660254037844388,0,Other,1,4,1
1.0,flood(dhasan),"Morena,Raisen",Madhya Pradesh,IMD,,23.0,2011.0,8.0,1.0,1,2011.0,8.0,1.0,3.0,-0.8660254037844385,-0.5000000000000004,0,Other,1,2,1
1.0,heavy rains,"Ahmednagar,Pune",Maharashtra,IMD,,27.0,2011.0,2.0,23.0,0,2011.0,2.0,23.0,1.0,0.8660254037844386,0.5000000000000001,0,Heavy Rain,1,2,1
3.0,"flood(jagbudi, kajali,vashishthi)","Ratnagiri, Sindhudurg,Satara",Maharashtra,IMD,,27.0,2011.0,6.0,16.0,0,2011.0,6.0,16.0,2.0,1.2246467991473532e-16,-1.0,0,Other,1,3,1
1.0,heavy rains,Pune,Maharashtra,IMD,490.0,27.0,2011.0,6.0,23.0,0,2011.0,6.0,23.0,2.0,1.2246467991473532e-16,-1.0,0,Heavy Rain,1,1,1
1.0,heavy rains,Mumbai,Maharashtra,IMD,482.0,27.0,2011.0,7.0,8.0,1,2011.0,7.0,8.0,3.0,-0.4999999999999997,-0.8660254037844388,0,Heavy Rain,1,1,1
3.0,heavy rains,"Mumbai, Ratnagiri,Thane",Maharashtra,IMD,,27.0,2011.0,8.0,27.0,0,2011.0,8.0,27.0,3.0,-0.8660254037844385,-0.5000000000000004,0,Heavy Rain,1,3,1
1.0,heavy rains,"Buldhana, Chandrapur, Nagpur,Pune",Maharashtra,IMD,,27.0,2011.0,8.0,29.0,0,2011.0,8.0,29.0,3.0,-0.8660254037844385,-0.5000000000000004,0,Heavy Rain,1,4,1
1.0,heavy rains,"Dhule, Jalgaon, Mumbai,Nandurbar",Maharashtra,IMD,,27.0,2011.0,9.0,3.0,0,2011.0,9.0,3.0,3.0,-1.0,-1.8369701987210297e-16,0,Heavy Rain,1,4,1
1.0,heavy rains,Nagpur,Maharashtra,IMD,484.0,27.0,2011.0,9.0,21.0,0,2011.0,9.0,21.0,3.0,-1.0,-1.8369701987210297e-16,0,Heavy Rain,1,1,1
14.0,severe flood (mahanadi & its tributaries),19 districts of Orissa,Odisha,IMD,,21.0,2011.0,9.0,8.0,1,2011.0,9.0,8.0,3.0,-1.0,-1.8369701987210297e-16,1,Other,1,1,1
1.0,heavy rains,Jodhpur,Rajasthan,IMD,107.0,8.0,2011.0,2.0,14.0,0,2011.0,2.0,14.0,1.0,0.8660254037844386,0.5000000000000001,0,Heavy Rain,1,1,1
1.0,heavy rains,Bikaner,Rajasthan,IMD,93.0,8.0,2011.0,7.0,27.0,0,2011.0,7.0,27.0,3.0,-0.4999999999999997,-0.8660254037844388,0,Heavy Rain,1,1,1
1.0,flood,"Bikaner,Jodhpur",Rajasthan,IMD,,8.0,2011.0,8.0,24.0,0,2011.0,8.0,24.0,3.0,-0.8660254037844385,-0.5000000000000004,0,Other,1,2,1
1.0,heavy rains,Jaipur,Rajasthan,IMD,102.0,8.0,2011.0,9.0,5.0,0,2011.0,9.0,5.0,3.0,-1.0,-1.8369701987210297e-16,0,Heavy Rain,1,1,1
1.0,heavy rains,The Nilgiris,Tamil Nadu,IMD,587.0,33.0,2011.0,4.0,21.0,0,2011.0,4.0,21.0,2.0,0.8660254037844387,-0.4999999999999998,0,Heavy Rain,1,1,1
1.0,heavy rains,Kancheepuram,Tamil Nadu,IMD,574.0,33.0,2011.0,9.0,16.0,0,2011.0,9.0,16.0,3.0,-1.0,-1.8369701987210297e-16,0,Heavy Rain,1,1,1
9.0,heavy rains,"Districts of Cauvery delta zone, Chennai,Dindigul",Tamil Nadu,IMD,,33.0,2011.0,11.0,1.0,1,2011.0,11.0,1.0,4.0,-0.5000000000000004,0.8660254037844384,1,Heavy Rain,1,3,1
1.0,heavy rains,"Lucknow,Shahjahanpur",Uttar Pradesh,IMD,,9.0,2011.0,6.0,29.0,0,2011.0,6.0,29.0,2.0,1.2246467991473532e-16,-1.0,0,Heavy Rain,1,2,1
1.0,"flood (ghagra,sharada)","Ballia, Hardoi, Kaushambi,,Pratapgarh",Uttar Pradesh,IMD,,9.0,2011.0,8.0,15.0,1,2011.0,8.0,15.0,3.0,-0.8660254037844385,-0.5000000000000004,0,Other,1,4,1
1.0,heavy rains,Almora,Uttarakhand,IMD,45.0,5.0,2011.0,7.0,21.0,0,2011.0,7.0,21.0,3.0,-0.4999999999999997,-0.8660254037844388,0,Heavy Rain,1,1,1
1.0,heavy rains,Parts of Uttar Kashiakhand,Uttarakhand,IMD,,5.0,2011.0,8.0,23.0,0,2011.0,8.0,23.0,3.0,-0.8660254037844385,-0.5000000000000004,0,Heavy Rain,1,1,1
4.0,heavy rains,"Darjeeling, Kolkata,Purba Purba Medinipur",West Bengal,IMD,,19.0,2011.0,6.0,16.0,0,2011.0,6.0,16.0,2.0,1.2246467991473532e-16,-1.0,0,Heavy Rain,1,3,1
2.0,heavy rains,"Birbhum, howrah, Kolkata,Purba Purba Medinipur",West Bengal,IMD,,19.0,2011.0,8.0,7.0,0,2011.0,8.0,7.0,3.0,-0.8660254037844385,-0.5000000000000004,0,Heavy Rain,1,4,1
1.0,heavy rains,"Purba Purba Medinipur,Nadia",West Bengal,IMD,,19.0,2011.0,9.0,19.0,0,2011.0,9.0,19.0,3.0,-1.0,-1.8369701987210297e-16,0,Heavy Rain,1,2,1
1.0,heavy rains,New New Delhi,Delhi,IMD,,7.0,2011.0,9.0,9.0,0,2011.0,9.0,9.0,3.0,-1.0,-1.8369701987210297e-16,0,Heavy Rain,1,1,1
1.0,heavy rains,"Kurnool, Medak,Prakasam",Andhra Pradesh,IMD,,28.0,2012.0,4.0,7.0,0,2012.0,4.0,7.0,2.0,0.8660254037844387,-0.4999999999999998,0,Heavy Rain,1,3,1
1.0,heavy rains,Hyderabad,Andhra Pradesh,IMD,507.0,28.0,2012.0,7.0,21.0,0,2012.0,7.0,21.0,3.0,-0.4999999999999997,-0.8660254037844388,0,Heavy Rain,1,1,1
1.0,heavy rains,"Krishna,Nizamabad",Andhra Pradesh,IMD,,28.0,2012.0,9.0,4.0,0,2012.0,9.0,4.0,3.0,-1.0,-1.8369701987210297e-16,0,Heavy Rain,1,2,1
2.0,heavy rains,"East & West Godavari, East Godavari, West Godavari, Guntur, Krishna,  Sri Potti Sriramulu Nellore, Prakasam, Palnadu, Guntur, Dakshina Kannada, West Godavari, Ntr,Kurnool, Krishna, Prakasam",Andhra Pradesh,IMD,,28.0,2012.0,10.0,2.0,0,2012.0,10.0,2.0,4.0,-0.8660254037844386,0.5000000000000001,0,Heavy Rain,1,15,1
6.0,heavy rains,"Chittoor, East Godavari, Guntur, Hyderabad, Khammam, Krishna,  Sri Potti Sriramulu Nellore, Prakasam, Visakhapatnam,West Godavari",Andhra Pradesh,IMD,,28.0,2012.0,11.0,1.0,1,2012.0,11.0,1.0,4.0,-0.5000000000000004,0.8660254037844384,0,Heavy Rain,1,10,1
14.0,heavy rains,"Most Upper Lower Subansiri, Anjaw, Changlang, Tawang, Papum Pare, Tirap, East Siang, Lohit, Kurung Kumey, Lower Lower Subansiri, East Kameng, West Kameng, West Kameng, West Kameng, Kra Daadi, Namsai, Longding, Upper Siang, Lower Siang, Dibang Valley, Lower Dibang Valley, Siang, Shi Yomi, Pak",Arunachal Pradesh,IMD,,12.0,2012.0,9.0,15.0,0,2012.0,9.0,15.0,3.0,-1.0,-1.8369701987210297e-16,1,Heavy Rain,1,24,1
8.0,"flood (brahmaputra,its tributories)",14 districts of Assam,Assam,IMD,,18.0,2012.0,6.0,11.0,0,2012.0,6.0,11.0,2.0,1.2246467991473532e-16,-1.0,1,River/Water System,1,1,1
9.0,"flood (brahmaputra,its tributories)","Tinsukia, Dhemaji, Dibrugarh, Lakhimpur, Sivasagar, Jorhat, Sonitpur, Golaghat, Udalguri, Chirang, Baksa, Nagaon, Kokrajhar, Darrang, Barpeta, Nalbari, Marigaon, Kamrup, Bongaigaon, Dhubri, Kamrup Metro, Goalpara, Dima Hasao, Karimganj, Hailakandi, Charaideo, Majuli, Biswanath, Hojai, South Salmara Mancachar, Karbi Anglong, West Karbi Anglong",Assam,IMD,,18.0,2012.0,6.0,22.0,1,2012.0,6.0,22.0,2.0,1.2246467991473532e-16,-1.0,1,River/Water System,1,32,1
1.0,heavy rains,Lakhimpur,Assam,IMD,295.0,18.0,2012.0,7.0,10.0,0,2012.0,7.0,10.0,3.0,-0.4999999999999997,-0.8660254037844388,0,Heavy Rain,1,1,1
1.0,heavy rains,Lakhimpur,Assam,IMD,295.0,18.0,2012.0,7.0,29.0,0,2012.0,7.0,29.0,3.0,-0.4999999999999997,-0.8660254037844388,0,Heavy Rain,1,1,1
14.0,"flood (brahmaputra,its tributories)","Tinsukia, Dhemaji, Dibrugarh, Lakhimpur, Sivasagar, Jorhat, Sonitpur, Golaghat, Udalguri, Chirang, Baksa, Nagaon, Kokrajhar, Darrang, Barpeta, Nalbari, Marigaon, Kamrup, Bongaigaon, Dhubri, Kamrup Metro, Goalpara, Dima Hasao, Cachar, Karimganj, Hailakandi, Charaideo, Majuli, Biswanath, Hojai, South Salmara Mancachar, Karbi Anglong, West Karbi Anglong",Assam,IMD,,18.0,2012.0,9.0,15.0,1,2012.0,9.0,15.0,3.0,-1.0,-1.8369701987210297e-16,1,River/Water System,1,33,1
1.0,heavy rains,Patna,Bihar,IMD,520.0,10.0,2012.0,6.0,18.0,0,2012.0,6.0,18.0,2.0,1.2246467991473532e-16,-1.0,0,Heavy Rain,1,1,1
1.0,heavy rains,Raipur,Chhattisgarh,IMD,387.0,22.0,2012.0,8.0,2.0,0,2012.0,8.0,2.0,3.0,-0.8660254037844385,-0.5000000000000004,0,Heavy Rain,1,1,1
31.0,heavy rains,"Amreli, Bharuch,Dangs, Gir Somnath, Junagadh, Kachchh, Navsari, Tapi",Gujarat,IMD,,24.0,2012.0,8.0,1.0,0,2012.0,8.0,1.0,3.0,-0.8660254037844385,-0.5000000000000004,1,Heavy Rain,1,8,1
30.0,heavy rains,"Amreli, Bharuch,Dangs, Gir Somnath, Junagadh, Kachchh, Navsari, Tapi",Gujarat,IMD,,24.0,2012.0,9.0,1.0,0,2012.0,9.0,1.0,3.0,-1.0,-1.8369701987210297e-16,1,Heavy Rain,1,8,1
5.0,heavy rains,"Shimla, Sirmaur,Solan",Himachal Pradesh,IMD,,2.0,2012.0,7.0,7.0,0,2012.0,7.0,7.0,3.0,-0.4999999999999997,-0.8660254037844388,0,Heavy Rain,1,3,1
6.0,heavy rains,"Chamba, Kangra,Kinnaur",Himachal Pradesh,IMD,,2.0,2012.0,8.0,20.0,0,2012.0,8.0,20.0,3.0,-0.8660254037844385,-0.5000000000000004,0,Heavy Rain,1,3,1
1.0,heavy rains,"Bokaro, Hazaribagh,Ranchi",Jharkhand,IMD,,20.0,2012.0,8.0,14.0,0,2012.0,8.0,14.0,3.0,-0.8660254037844385,-0.5000000000000004,0,Heavy Rain,1,3,1
2.0,heavy rains,"Kodagu, Shivamogga,Udupi",Karnataka,IMD,,29.0,2012.0,8.0,6.0,0,2012.0,8.0,6.0,3.0,-0.8660254037844385,-0.5000000000000004,0,Heavy Rain,1,3,1
1.0,heavy rains,Bengaluru Rural,Karnataka,IMD,526.0,29.0,2012.0,8.0,25.0,0,2012.0,8.0,25.0,3.0,-0.8660254037844385,-0.5000000000000004,0,Heavy Rain,1,1,1
1.0,heavy rains,Pathanamthitta,Kerala,IMD,564.0,32.0,2012.0,4.0,23.0,0,2012.0,4.0,23.0,2.0,0.8660254037844387,-0.4999999999999998,0,Heavy Rain,1,1,1
4.0,heavy rains,Thrissur,Kerala,IMD,566.0,32.0,2012.0,4.0,24.0,0,2012.0,4.0,24.0,2.0,0.8660254037844387,-0.4999999999999998,0,Heavy Rain,1,1,1
1.0,heavy rains,Kottayam,Kerala,IMD,560.0,32.0,2012.0,6.0,12.0,1,2012.0,6.0,12.0,2.0,1.2246467991473532e-16,-1.0,0,Heavy Rain,1,1,1
2.0,heavy rains,Thiruvananthapuram,Kerala,IMD,565.0,32.0,2012.0,7.0,2.0,0,2012.0,7.0,2.0,3.0,-0.4999999999999997,-0.8660254037844388,0,Heavy Rain,1,1,1
5.0,heavy rains,"Kannur, Kozhikode,Wayanad",Kerala,IMD,,32.0,2012.0,8.0,4.0,1,2012.0,8.0,4.0,3.0,-0.8660254037844385,-0.5000000000000004,0,Heavy Rain,1,3,1
2.0,heavy rains,"Ernakulam, Idukki, Kottayam, Pathanamthitta,Thiruvananthapuram",Kerala,IMD,,32.0,2012.0,11.0,17.0,0,2012.0,11.0,17.0,4.0,-0.5000000000000004,0.8660254037844384,0,Heavy Rain,1,5,1
1.0,heavy rains,"Bhopal,Chhindwara",Madhya Pradesh,IMD,,23.0,2012.0,8.0,7.0,0,2012.0,8.0,7.0,3.0,-0.8660254037844385,-0.5000000000000004,0,Heavy Rain,1,2,1
3.0,heavy rains,"Indore, Sehore,Shajapur",Madhya Pradesh,IMD,,23.0,2012.0,9.0,3.0,0,2012.0,9.0,3.0,3.0,-1.0,-1.8369701987210297e-16,0,Heavy Rain,1,3,1
1.0,heavy rains,Dausa,Rajasthan,IMD,97.0,8.0,2012.0,8.0,21.0,0,2012.0,8.0,21.0,3.0,-0.8660254037844385,-0.5000000000000004,0,Heavy Rain,1,1,1
1.0,heavy rains,Namchi,Sikkim,IMD,227.0,11.0,2012.0,9.0,1.0,0,2012.0,9.0,1.0,3.0,-1.0,-1.8369701987210297e-16,0,Heavy Rain,1,1,1
1.0,"flood (dikchu, lachen, lachung, rangpo,singtam)",Mangan,Sikkim,IMD,226.0,11.0,2012.0,9.0,21.0,1,2012.0,9.0,21.0,3.0,-1.0,-1.8369701987210297e-16,0,Other,1,1,1
1.0,heavy rains,North Tripura,Tripura,IMD,270.0,16.0,2012.0,6.0,4.0,0,2012.0,6.0,4.0,2.0,1.2246467991473532e-16,-1.0,0,Heavy Rain,1,1,1
1.0,heavy rains,Sultanpur,Uttar Pradesh,IMD,185.0,9.0,2012.0,9.0,18.0,0,2012.0,9.0,18.0,3.0,-1.0,-1.8369701987210297e-16,0,Heavy Rain,1,1,1
1.0,heavy rains (cloud burst),Chamoli,Uttarakhand,IMD,47.0,5.0,2012.0,8.0,4.0,0,2012.0,8.0,4.0,3.0,-0.8660254037844385,-0.5000000000000004,0,Heavy Rain,1,1,1
1.0,heavy rains (cloud burst),Rudra Prayag,Uttarakhand,IMD,54.0,5.0,2012.0,9.0,13.0,0,2012.0,9.0,13.0,3.0,-1.0,-1.8369701987210297e-16,0,Heavy Rain,1,1,1
1.0,heavy rains,Jalpaiguri,West Bengal,IMD,314.0,19.0,2012.0,7.0,15.0,0,2012.0,7.0,15.0,3.0,-0.4999999999999997,-0.8660254037844388,0,Heavy Rain,1,1,1
1.0,heavy rains,"Adilabad, Karimnagar, Khammam, Hyderabad,Visakhapatnam",Andhra Pradesh,IMD,,28.0,2013.0,7.0,12.0,1,2013.0,7.0,12.0,3.0,-0.4999999999999997,-0.8660254037844388,0,Heavy Rain,1,5,1
10.0,heavy rains,"Adilabad, Khammam, Warangal, Warangal, Warangal, Warangal,West Godavari",Andhra Pradesh,IMD,,28.0,2013.0,7.0,16.0,0,2013.0,7.0,16.0,3.0,-0.4999999999999997,-0.8660254037844388,1,Heavy Rain,1,7,1
1.0,heavy rains,Adilabad,Andhra Pradesh,IMD,501.0,28.0,2013.0,7.0,31.0,0,2013.0,7.0,31.0,3.0,-0.4999999999999997,-0.8660254037844388,0,Heavy Rain,1,1,1
4.0,heavy rains,"East Godavari, Khammam,Nalgonda,Warangal, Warangal, Warangal, Warangal",Andhra Pradesh,IMD,,28.0,2013.0,8.0,1.0,0,2013.0,8.0,1.0,3.0,-0.8660254037844385,-0.5000000000000004,0,Heavy Rain,1,7,1
2.0,heavy rains,"Khammam, Nalgonda,Prakasam",Andhra Pradesh,IMD,,28.0,2013.0,8.0,16.0,0,2013.0,8.0,16.0,3.0,-0.8660254037844385,-0.5000000000000004,0,Heavy Rain,1,3,1
1.0,heavy rains,"Guntur,Y.S.R.",Andhra Pradesh,IMD,,28.0,2013.0,9.0,13.0,0,2013.0,9.0,13.0,3.0,-1.0,-1.8369701987210297e-16,0,Heavy Rain,1,2,1
4.0,heavy rains,"Srikakulam, Visakhapatnam,Vizianagaram",Andhra Pradesh,IMD,,28.0,2013.0,10.0,11.0,0,2013.0,10.0,11.0,4.0,-0.8660254037844386,0.5000000000000001,0,Heavy Rain,1,3,1
9.0,heavy rains,"East Godavari, Y.S.R., Karimnagar, Krishna, Kurnool, Mahabubnagar, Nalgonda, Hyderabad, Prakasam, Visakhapatnam, Warangal, Warangal, Warangal, Warangal,West Godavari",Andhra Pradesh,IMD,,28.0,2013.0,10.0,20.0,1,2013.0,10.0,20.0,4.0,-0.8660254037844386,0.5000000000000001,1,Heavy Rain,1,15,1
1.0,heavy rains,Kamrup,Assam,IMD,291.0,18.0,2013.0,10.0,6.0,0,2013.0,10.0,6.0,4.0,-0.8660254037844386,0.5000000000000001,0,Heavy Rain,1,1,1
1.0,heavy rains,"Nalanda, Nawada,Patna",Bihar,IMD,,10.0,2013.0,5.0,27.0,0,2013.0,5.0,27.0,2.0,0.49999999999999994,-0.8660254037844387,0,Heavy Rain,1,3,1
1.0,heavy rains,Muzaffarpur,Bihar,IMD,208.0,10.0,2013.0,6.0,18.0,0,2013.0,6.0,18.0,2.0,1.2246467991473532e-16,-1.0,0,Heavy Rain,1,1,1
5.0,heavy rains,"Araria, Katihar, Kishanganj, Madhepura, Purnia,Supaul",Bihar,IMD,,10.0,2013.0,7.0,11.0,1,2013.0,7.0,11.0,3.0,-0.4999999999999997,-0.8660254037844388,0,Heavy Rain,1,6,1
1.0,heavy rains,"Bhojpur,Munger",Bihar,IMD,,10.0,2013.0,8.0,7.0,0,2013.0,8.0,7.0,3.0,-0.8660254037844385,-0.5000000000000004,0,Heavy Rain,1,2,1
1.0,heavy rains,Bhagalpur,Bihar,IMD,192.0,10.0,2013.0,8.0,18.0,0,2013.0,8.0,18.0,3.0,-0.8660254037844385,-0.5000000000000004,0,Heavy Rain,1,1,1
3.0,heavy rains,"Gopalganj, Samastipur, Saran,Vaishali",Bihar,IMD,,10.0,2013.0,8.0,26.0,0,2013.0,8.0,26.0,3.0,-0.8660254037844385,-0.5000000000000004,0,Heavy Rain,1,4,1
2.0,heavy rains,"Durg, Janjgir-Champa, Raigarh, Raipur,Rajnandgaon",Chhattisgarh,IMD,,22.0,2013.0,7.0,30.0,0,2013.0,7.0,30.0,3.0,-0.4999999999999997,-0.8660254037844388,0,Heavy Rain,1,5,1
1.0,heavy rains,,Gujarat,IMD,,24.0,2013.0,6.0,18.0,0,2013.0,6.0,18.0,2.0,1.2246467991473532e-16,-1.0,0,Heavy Rain,1,0,1
7.0,heavy rains,"Valsad, Amreli, Dangs, Banas Kantha, Patan, Mahesana, Gandhinagar, Ahmedabad, Panch Mahals, Dahod, Vadodara, Bharuch, Porbandar, Narmada, Surat, Tapi, Arvalli, Botad, Chota Udaipur, Mahisagar, Gir Somnath, Sabar Kantha, Kachchh, Surendranagar, Rajkot, Kheda, Anand, Bhavnagar, Junagadh, Jamnagar, Devbhumi Dwarka Dwarka, Morbi, Navsari",Gujarat,IMD,,24.0,2013.0,9.0,26.0,1,2013.0,9.0,26.0,3.0,-1.0,-1.8369701987210297e-16,1,Heavy Rain,1,33,1
7.0,heavy rains,Kinnaur,Himachal Pradesh,IMD,19.0,2.0,2013.0,6.0,15.0,1,2013.0,6.0,15.0,2.0,1.2246467991473532e-16,-1.0,1,Heavy Rain,1,1,1
2.0,heavy rains,"Kangra, Mandi, Sirmaur,Una",Himachal Pradesh,IMD,,2.0,2013.0,7.0,6.0,0,2013.0,7.0,6.0,3.0,-0.4999999999999997,-0.8660254037844388,0,Heavy Rain,1,4,1
5.0,heavy rains,"Mandi, Hamirpur, Kangra, Shimla, Sirmaur,Una",Himachal Pradesh,IMD,,2.0,2013.0,7.0,16.0,0,2013.0,7.0,16.0,3.0,-0.4999999999999997,-0.8660254037844388,0,Heavy Rain,1,6,1
5.0,heavy rains,"Chamba, Mandi, Kangra, Parts of Lahul & Spitti,Shimla",Himachal Pradesh,IMD,,2.0,2013.0,8.0,2.0,0,2013.0,8.0,2.0,3.0,-0.8660254037844385,-0.5000000000000004,0,Heavy Rain,1,5,1
7.0,heavy rains,"Chamba, Hamirpur, Kangra, Kullu, Mandi,Sirmaur",Himachal Pradesh,IMD,,2.0,2013.0,8.0,13.0,0,2013.0,8.0,13.0,3.0,-0.8660254037844385,-0.5000000000000004,1,Heavy Rain,1,6,1
1.0,heavy rains,Shimla,Himachal Pradesh,IMD,23.0,2.0,2013.0,9.0,9.0,0,2013.0,9.0,9.0,3.0,-1.0,-1.8369701987210297e-16,0,Heavy Rain,1,1,1
1.0,heavy rains(cloud burst),Anantnag,Jammu and Kashmir,IMD,1.0,,2013.0,5.0,29.0,0,2013.0,5.0,29.0,2.0,0.49999999999999994,-0.8660254037844387,0,Heavy Rain,1,1,1
1.0,heavy rains,"Jammu, Kathua,Samba",Jammu and Kashmir,IMD,,,2013.0,7.0,20.0,0,2013.0,7.0,20.0,3.0,-0.4999999999999997,-0.8660254037844388,0,Heavy Rain,1,3,1
1.0,heavy rains,"Jammu, Kathua,Samba",Jammu and Kashmir,IMD,,,2013.0,8.0,9.0,0,2013.0,8.0,9.0,3.0,-0.8660254037844385,-0.5000000000000004,0,Heavy Rain,1,3,1
1.0,heavy rains,"Poonch,Ramban",Jammu and Kashmir,IMD,,,2013.0,8.0,14.0,1,2013.0,8.0,14.0,3.0,-0.8660254037844385,-0.5000000000000004,0,Heavy Rain,1,2,1
1.0,heavy rains,"Baramulla,Pulwama",Jammu and Kashmir,IMD,,,2013.0,8.0,19.0,0,2013.0,8.0,19.0,3.0,-0.8660254037844385,-0.5000000000000004,0,Heavy Rain,1,2,1
1.0,heavy rains,Rajouri,Jammu and Kashmir,IMD,12.0,,2013.0,9.0,9.0,0,2013.0,9.0,9.0,3.0,-1.0,-1.8369701987210297e-16,0,Heavy Rain,1,1,1
1.0,heavy rains(cloud burst),Shopian,Jammu and Kashmir,IMD,625.0,,2013.0,9.0,13.0,0,2013.0,9.0,13.0,3.0,-1.0,-1.8369701987210297e-16,0,Heavy Rain,1,1,1
1.0,belgaum,Deoghar,Jharkhand,IMD,324.0,20.0,2013.0,8.0,19.0,0,2013.0,8.0,19.0,3.0,-0.8660254037844385,-0.5000000000000004,0,Other,1,1,1
1.0,heavy rains,Ranchi,Jharkhand,IMD,339.0,20.0,2013.0,10.0,2.0,0,2013.0,10.0,2.0,4.0,-0.8660254037844386,0.5000000000000001,0,Heavy Rain,1,1,1
1.0,heavy rains,Bengaluru Urban,Karnataka,IMD,525.0,29.0,2013.0,5.0,31.0,0,2013.0,5.0,31.0,2.0,0.49999999999999994,-0.8660254037844387,0,Heavy Rain,1,1,1
1.0,heavy rains,Belagavi,Karnataka,IMD,527.0,29.0,2013.0,6.0,5.0,0,2013.0,6.0,5.0,2.0,1.2246467991473532e-16,-1.0,0,Heavy Rain,1,1,1
9.0,heavy rains,Dakshina Kannada,Karnataka,IMD,534.0,29.0,2013.0,6.0,10.0,0,2013.0,6.0,10.0,2.0,1.2246467991473532e-16,-1.0,1,Heavy Rain,1,1,1
4.0,heavy rains,"Belagavi, Dakshina Kannada,Kodagu",Karnataka,IMD,,29.0,2013.0,7.0,2.0,0,2013.0,7.0,2.0,3.0,-0.4999999999999997,-0.8660254037844388,0,Heavy Rain,1,3,1
1.0,heavy rains,Davangere,Karnataka,IMD,535.0,29.0,2013.0,7.0,20.0,0,2013.0,7.0,20.0,3.0,-0.4999999999999997,-0.8660254037844388,0,Heavy Rain,1,1,1
1.0,heavy rains,Kodagu,Karnataka,IMD,541.0,29.0,2013.0,8.0,1.0,0,2013.0,8.0,1.0,3.0,-0.8660254037844385,-0.5000000000000004,0,Heavy Rain,1,1,1
1.0,heavy rains,Udupi,Karnataka,IMD,549.0,29.0,2013.0,8.0,5.0,0,2013.0,8.0,5.0,3.0,-0.8660254037844385,-0.5000000000000004,0,Heavy Rain,1,1,1
16.0,heavy rains,Thiruvananthapuram,Kerala,IMD,565.0,32.0,2013.0,6.0,11.0,0,2013.0,6.0,11.0,2.0,1.2246467991473532e-16,-1.0,1,Heavy Rain,1,1,1
1.0,heavy rains,Kasaragod,Kerala,IMD,558.0,32.0,2013.0,6.0,17.0,0,2013.0,6.0,17.0,2.0,1.2246467991473532e-16,-1.0,0,Heavy Rain,1,1,1
5.0,heavy rains,"Idukki, Ernakulam, Kollam, Kozhikode, Palakkad,Pathanamthitta",Kerala,IMD,,32.0,2013.0,6.0,25.0,0,2013.0,6.0,25.0,2.0,1.2246467991473532e-16,-1.0,0,Heavy Rain,1,6,1
3.0,heavy rains,Alappuzha,Kerala,IMD,554.0,32.0,2013.0,6.0,27.0,0,2013.0,6.0,27.0,2.0,1.2246467991473532e-16,-1.0,0,Heavy Rain,1,1,1
3.0,heavy rains,"Alappuzha, Ernakulam, Kollam,Kottayam",Kerala,IMD,,32.0,2013.0,7.0,11.0,0,2013.0,7.0,11.0,3.0,-0.4999999999999997,-0.8660254037844388,0,Heavy Rain,1,4,1
1.0,heavy rains,Ernakulam,Kerala,IMD,555.0,32.0,2013.0,7.0,23.0,0,2013.0,7.0,23.0,3.0,-0.4999999999999997,-0.8660254037844388,0,Heavy Rain,1,1,1
1.0,heavy rains,Pathanamthitta,Kerala,IMD,564.0,32.0,2013.0,7.0,29.0,0,2013.0,7.0,29.0,3.0,-0.4999999999999997,-0.8660254037844388,0,Heavy Rain,1,1,1
5.0,heavy rains,"Alappuzha, Ernakulam,Idukki,",Kerala,IMD,,32.0,2013.0,8.0,4.0,1,2013.0,8.0,4.0,3.0,-0.8660254037844385,-0.5000000000000004,0,Heavy Rain,1,3,1
4.0,heavy rains,"Betul,Harda",Madhya Pradesh,IMD,,23.0,2013.0,7.0,13.0,1,2013.0,7.0,13.0,3.0,-0.4999999999999997,-0.8660254037844388,0,Heavy Rain,1,2,1
1.0,heavy rains,Wardha,Maharashtra,IMD,498.0,27.0,2013.0,2.0,23.0,0,2013.0,2.0,23.0,1.0,0.8660254037844386,0.5000000000000001,0,Heavy Rain,1,1,1
1.0,heavy rains,Jalgaon,Maharashtra,IMD,478.0,27.0,2013.0,4.0,17.0,0,2013.0,4.0,17.0,2.0,0.8660254037844387,-0.4999999999999998,0,Heavy Rain,1,1,1
1.0,heavy rains,Mumbai,Maharashtra,IMD,482.0,27.0,2013.0,6.0,9.0,0,2013.0,6.0,9.0,2.0,1.2246467991473532e-16,-1.0,0,Heavy Rain,1,1,1
3.0,heavy rains,"Pune,Thane",Maharashtra,IMD,,27.0,2013.0,6.0,16.0,0,2013.0,6.0,16.0,2.0,1.2246467991473532e-16,-1.0,0,Heavy Rain,1,2,1
7.0,flood,"Akola, Amravati, Bhandara, Buldhana, Chandrapur, Gondia, Nagpur, Wardha,Washim,Yavatmal",Maharashtra,IMD,,27.0,2013.0,6.0,22.0,0,2013.0,6.0,22.0,2.0,1.2246467991473532e-16,-1.0,1,Other,1,10,1
1.0,heavy rains,"Raigarh,Ratnagiri",Maharashtra,IMD,,27.0,2013.0,7.0,3.0,0,2013.0,7.0,3.0,3.0,-0.4999999999999997,-0.8660254037844388,0,Heavy Rain,1,2,1
6.0,flood,"Amravati, Chandrapur, Gondia,Nagpur, Wardha, Washim,Yavatmal",Maharashtra,IMD,,27.0,2013.0,7.0,14.0,1,2013.0,7.0,14.0,3.0,-0.4999999999999997,-0.8660254037844388,0,Other,1,7,1
3.0,heavy rains,"Amravati, Chandrapur, Nagpur, Wardha,Yavatmal",Maharashtra,IMD,,27.0,2013.0,8.0,1.0,0,2013.0,8.0,1.0,3.0,-0.8660254037844385,-0.5000000000000004,0,Heavy Rain,1,5,1
1.0,heavy rains,Pune,Maharashtra,IMD,490.0,27.0,2013.0,9.0,19.0,0,2013.0,9.0,19.0,3.0,-1.0,-1.8369701987210297e-16,0,Heavy Rain,1,1,1
1.0,heavy rains,Nandurbar,Maharashtra,IMD,486.0,27.0,2013.0,9.0,26.0,0,2013.0,9.0,26.0,3.0,-1.0,-1.8369701987210297e-16,0,Heavy Rain,1,1,1
1.0,heavy rains,Jalgaon,Maharashtra,IMD,478.0,27.0,2013.0,10.0,11.0,0,2013.0,10.0,11.0,4.0,-0.8660254037844386,0.5000000000000001,0,Heavy Rain,1,1,1
1.0,heavy rains,Aizawl,Mizoram,IMD,261.0,15.0,2013.0,5.0,11.0,1,2013.0,5.0,11.0,2.0,0.49999999999999994,-0.8660254037844387,0,Heavy Rain,1,1,1
1.0,heavy rains,Bhadrak,Odisha,IMD,348.0,21.0,2013.0,8.0,2.0,0,2013.0,8.0,2.0,3.0,-0.8660254037844385,-0.5000000000000004,0,Heavy Rain,1,1,1
1.0,heavy rains,Koraput,Odisha,IMD,363.0,21.0,2013.0,8.0,10.0,0,2013.0,8.0,10.0,3.0,-0.8660254037844385,-0.5000000000000004,0,Heavy Rain,1,1,1
1.0,heavy rains,Bhadrak,Odisha,IMD,348.0,21.0,2013.0,8.0,23.0,0,2013.0,8.0,23.0,3.0,-0.8660254037844385,-0.5000000000000004,0,Heavy Rain,1,1,1
1.0,heavy rains,Cuttack,Odisha,IMD,350.0,21.0,2013.0,9.0,16.0,0,2013.0,9.0,16.0,3.0,-1.0,-1.8369701987210297e-16,0,Heavy Rain,1,1,1
1.0,heavy rains,"Banswara, Dholpur,Sawai Madhopur",Rajasthan,IMD,,8.0,2013.0,2.0,16.0,0,2013.0,2.0,16.0,1.0,0.8660254037844386,0.5000000000000001,0,Heavy Rain,1,3,1
1.0,heavy rains,"Kota, Tonk,Udaipur",Rajasthan,IMD,,8.0,2013.0,6.0,8.0,0,2013.0,6.0,8.0,2.0,1.2246467991473532e-16,-1.0,0,Heavy Rain,1,3,1
1.0,heavy rains,Jaipur,Rajasthan,IMD,102.0,8.0,2013.0,6.0,11.0,0,2013.0,6.0,11.0,2.0,1.2246467991473532e-16,-1.0,0,Heavy Rain,1,1,1
1.0,heavy rains,"Chennai,Tiruvannamalai",Tamil Nadu,IMD,,33.0,2013.0,9.0,11.0,0,2013.0,9.0,11.0,3.0,-1.0,-1.8369701987210297e-16,0,Heavy Rain,1,2,1
1.0,heavy rains,"Coimbatore,Tiruvannamalai",Tamil Nadu,IMD,,33.0,2013.0,10.0,20.0,0,2013.0,10.0,20.0,4.0,-0.8660254037844386,0.5000000000000001,0,Heavy Rain,1,2,1
1.0,heavy rains,"Cuddalore, Dharmapuri,Kanniyakumariumari, Nagapattinam, Thanjavur, Thiruvarur,Viluppuram",Tamil Nadu,IMD,,33.0,2013.0,11.0,16.0,1,2013.0,11.0,16.0,4.0,-0.5000000000000004,0.8660254037844384,0,Heavy Rain,1,7,1
1.0,heavy rains,Pudukkottai,Tamil Nadu,IMD,582.0,33.0,2013.0,11.0,25.0,0,2013.0,11.0,25.0,4.0,-0.5000000000000004,0.8660254037844384,0,Heavy Rain,1,1,1
1.0,heavy rains,Nagapattinam,Tamil Nadu,IMD,579.0,33.0,2013.0,12.0,13.0,0,2013.0,12.0,13.0,4.0,-2.4492935982947064e-16,1.0,0,Heavy Rain,1,1,1
1.0,heavy rains,Kannauj,Uttar Pradesh,IMD,155.0,9.0,2013.0,6.0,12.0,1,2013.0,6.0,12.0,2.0,1.2246467991473532e-16,-1.0,0,Heavy Rain,1,1,1
1.0,heavy rains,Muzaffarnagar,Uttar Pradesh,IMD,172.0,9.0,2013.0,6.0,17.0,0,2013.0,6.0,17.0,2.0,1.2246467991473532e-16,-1.0,0,Heavy Rain,1,1,1
1.0,heavy rains,"Bara Banki,Bahraich",Uttar Pradesh,IMD,,9.0,2013.0,6.0,19.0,0,2013.0,6.0,19.0,2.0,1.2246467991473532e-16,-1.0,0,Heavy Rain,1,2,1
1.0,heavy rains,"Ayodhya, Gonda,Sitapur",Uttar Pradesh,IMD,,9.0,2013.0,6.0,25.0,1,2013.0,6.0,25.0,2.0,1.2246467991473532e-16,-1.0,0,Heavy Rain,1,3,1
1.0,heavy rains,Ayodhya,Uttar Pradesh,IMD,140.0,9.0,2013.0,7.0,15.0,0,2013.0,7.0,15.0,3.0,-0.4999999999999997,-0.8660254037844388,0,Heavy Rain,1,1,1
1.0,heavy rains,Balrampur,Uttar Pradesh,IMD,649.0,9.0,2013.0,7.0,26.0,0,2013.0,7.0,26.0,3.0,-0.4999999999999997,-0.8660254037844388,0,Heavy Rain,1,1,1
1.0,heavy rains,Kannauj,Uttar Pradesh,IMD,155.0,9.0,2013.0,8.0,17.0,1,2013.0,8.0,17.0,3.0,-0.8660254037844385,-0.5000000000000004,0,Heavy Rain,1,1,1
5.0,"heavy to very rainfall/flash floods (saraswati,mandakini rivers,its tributaries triggered by very heavy rainfall,lake burst), cloudburst on jun16 &17 jun, massive landslides,avalanches reported at multiple places.","Chamoli, Pithoragarh, Rudra Prayag,Uttar Kashi Kashi",Uttarakhand,IMD,,5.0,2013.0,6.0,14.0,1,2013.0,6.0,14.0,2.0,1.2246467991473532e-16,-1.0,0,River/Water System,1,4,1
2.0,heavy rains,South Andamans,Andaman & Nicobar Islands,IMD,602.0,,2013.0,5.0,24.0,0,2013.0,5.0,24.0,2.0,0.49999999999999994,-0.8660254037844387,0,Heavy Rain,1,1,1
1.0,heavy rains,Pondicherry,Puducherry,IMD,600.0,34.0,2013.0,11.0,25.0,0,2013.0,11.0,25.0,4.0,-0.5000000000000004,0.8660254037844384,0,Heavy Rain,1,1,1
4.0,heavy rains,"East & West Godavari,Srikakulam",Andhra Pradesh,IMD,,28.0,2014.0,9.0,6.0,0,2014.0,9.0,6.0,3.0,-1.0,-1.8369701987210297e-16,0,Heavy Rain,1,2,1
5.0,heavy rains,"East Siang,Lohit",Arunachal Pradesh,IMD,,12.0,2014.0,8.0,14.0,0,2014.0,8.0,14.0,3.0,-0.8660254037844385,-0.5000000000000004,0,Heavy Rain,1,2,1
7.0,"flood (brahmaputra,its tributories)","Darrang, Kamrup Metro, Lakhimpur, Sonitpur,Udalguri",Assam,IMD,,18.0,2014.0,6.0,22.0,0,2014.0,6.0,22.0,2.0,1.2246467991473532e-16,-1.0,1,River/Water System,1,5,1
8.0,"flood (singra,soansiri rivers)","Cachar, Lakhimpur,Sonitpur",Assam,IMD,,18.0,2014.0,7.0,23.0,1,2014.0,7.0,23.0,3.0,-0.4999999999999997,-0.8660254037844388,1,River/Water System,1,3,1
9.0,"flood (brahmaputra,its tributaries)","Barpeta, Darrang, Dhemaji, Dhubri, Goalpara, Kamrup Metro, Kokrajhar, Lakhimpur, Marigaon, Nagaon, Sonitpur,Udalguri",Assam,IMD,,18.0,2014.0,9.0,22.0,1,2014.0,9.0,22.0,3.0,-1.0,-1.8369701987210297e-16,1,River/Water System,1,12,1
14.0,"flood (gandaki,kosi)","Darbhanga, Purbi Champaran, Madhubani, Muzaffarpur, Nalanda, Nawada, Saharsa, Supaul,Pashchim Champaran",Bihar,IMD,,10.0,2014.0,8.0,14.0,1,2014.0,8.0,14.0,3.0,-0.8660254037844385,-0.5000000000000004,1,Other,1,9,1
7.0,heavy rains,"Banka, Begusarai, Bhagalpur, Gaya, Khagaria,Kishanganj",Bihar,IMD,,10.0,2014.0,9.0,14.0,1,2014.0,9.0,14.0,3.0,-1.0,-1.8369701987210297e-16,1,Heavy Rain,1,6,1
1.0,heavy rains,"Madhubani, Muzaffarpur, Sheohar,Sitamarhi",Bihar,IMD,,10.0,2014.0,10.0,14.0,0,2014.0,10.0,14.0,4.0,-0.8660254037844386,0.5000000000000001,0,Heavy Rain,1,4,1
2.0,heavy rains,"Bilaspur,Durg",Chhattisgarh,IMD,,22.0,2014.0,7.0,22.0,0,2014.0,7.0,22.0,3.0,-0.4999999999999997,-0.8660254037844388,0,Heavy Rain,1,2,1
3.0,heavy rains,"Bastar, Durg, Mahasamund, Mungeli, Jalpaiguri, Raipur,Surguja",Chhattisgarh,IMD,,22.0,2014.0,10.0,13.0,0,2014.0,10.0,13.0,4.0,-0.8660254037844386,0.5000000000000001,0,Heavy Rain,1,7,1
4.0,heavy rains,"Kangra, Kullu, Mandi,Sirmaur,Una",Himachal Pradesh,IMD,,2.0,2014.0,7.0,15.0,0,2014.0,7.0,15.0,3.0,-0.4999999999999997,-0.8660254037844388,0,Heavy Rain,1,5,1
8.0,heavy rains,"Kangra, Kullu, Mandi,Shimla",Himachal Pradesh,IMD,,2.0,2014.0,7.0,23.0,0,2014.0,7.0,23.0,3.0,-0.4999999999999997,-0.8660254037844388,1,Heavy Rain,1,4,1
3.0,heavy rains,"Bilaspur,Mandi",Himachal Pradesh,IMD,,2.0,2014.0,8.0,6.0,0,2014.0,8.0,6.0,3.0,-0.8660254037844385,-0.5000000000000004,0,Heavy Rain,1,2,1
3.0,heavy rains,"Hamirpur,Mandi",Himachal Pradesh,IMD,,2.0,2014.0,8.0,13.0,0,2014.0,8.0,13.0,3.0,-0.8660254037844385,-0.5000000000000004,0,Heavy Rain,1,2,1
1.0,heavy rains,Udhampur,Jammu and Kashmir,IMD,14.0,,2014.0,1.0,22.0,0,2014.0,1.0,22.0,1.0,0.49999999999999994,0.8660254037844387,0,Heavy Rain,1,1,1
7.0,"flood (jehlum,chenab, tawi)","Anantnag, Budgam, Baramulla, Ganderbal, Kulgam, Poonch, Pulwama, Rajouri, Reasi,Srinagar",Jammu and Kashmir,IMD,,,2014.0,9.0,8.0,1,2014.0,9.0,8.0,3.0,-1.0,-1.8369701987210297e-16,1,Other,1,10,1
3.0,heavy rains,"Belagavi,Bijapur",Karnataka,IMD,,29.0,2014.0,3.0,8.0,0,2014.0,3.0,8.0,1.0,1.0,6.123233995736766e-17,0,Heavy Rain,1,2,1
2.0,heavy rains,"Chamarajanagaraa,Shivamogga",Karnataka,IMD,,29.0,2014.0,5.0,19.0,0,2014.0,5.0,19.0,2.0,0.49999999999999994,-0.8660254037844387,0,Heavy Rain,1,2,1
5.0,heavy rains,"Ballari, Gadag,Koppal",Karnataka,IMD,,29.0,2014.0,6.0,2.0,0,2014.0,6.0,2.0,2.0,1.2246467991473532e-16,-1.0,0,Heavy Rain,1,3,1
2.0,heavy rains,"Bengaluru Urban,Gadag",Karnataka,IMD,,29.0,2014.0,6.0,28.0,0,2014.0,6.0,28.0,2.0,1.2246467991473532e-16,-1.0,0,Heavy Rain,1,2,1
6.0,heavy rains,"Bengaluru Rural, Gadag, Haveri,Kolar",Karnataka,IMD,,29.0,2014.0,7.0,4.0,0,2014.0,7.0,4.0,3.0,-0.4999999999999997,-0.8660254037844388,0,Heavy Rain,1,4,1
1.0,heavy rains,"Haveri,Uttar Kashia Kannada",Karnataka,IMD,,29.0,2014.0,7.0,31.0,0,2014.0,7.0,31.0,3.0,-0.4999999999999997,-0.8660254037844388,0,Heavy Rain,1,2,1
8.0,heavy rains,"Chikkamagaluru, Dakshina Kannada, Dharwad, Raichur,Uttar Kashia Kannada",Karnataka,IMD,,29.0,2014.0,8.0,1.0,0,2014.0,8.0,1.0,3.0,-0.8660254037844385,-0.5000000000000004,1,Heavy Rain,1,5,1
9.0,heavy rains,"Beedar, Bijapur, Chamarajanagaraa Gadag,  Kalaburagi, Raichur, Tumakuru",Karnataka,IMD,,29.0,2014.0,8.0,23.0,0,2014.0,8.0,23.0,3.0,-0.8660254037844385,-0.5000000000000004,1,Heavy Rain,1,6,1
1.0,heavy rains,Chitradurga,Karnataka,IMD,533.0,29.0,2014.0,9.0,1.0,0,2014.0,9.0,1.0,3.0,-1.0,-1.8369701987210297e-16,0,Heavy Rain,1,1,1
1.0,heavy rains,Ballari,Karnataka,IMD,528.0,29.0,2014.0,9.0,24.0,0,2014.0,9.0,24.0,3.0,-1.0,-1.8369701987210297e-16,0,Heavy Rain,1,1,1
1.0,heavy rains,Tumakuru,Karnataka,IMD,548.0,29.0,2014.0,10.0,1.0,0,2014.0,10.0,1.0,4.0,-0.8660254037844386,0.5000000000000001,0,Heavy Rain,1,1,1
5.0,heavy rains,"Bengaluru Urban, Chikkaballapura,Dharwad",Karnataka,IMD,,29.0,2014.0,10.0,5.0,0,2014.0,10.0,5.0,4.0,-0.8660254037844386,0.5000000000000001,0,Heavy Rain,1,3,1
1.0,heavy rains,Bengaluru Rural,Karnataka,IMD,526.0,29.0,2014.0,10.0,28.0,0,2014.0,10.0,28.0,4.0,-0.8660254037844386,0.5000000000000001,0,Heavy Rain,1,1,1
7.0,heavy rains,"Alappuzha, Kasaragod, Kozhikode, Thiruvananthapuram, Thrissur,Wayanad",Kerala,IMD,,32.0,2014.0,4.0,10.0,0,2014.0,4.0,10.0,2.0,0.8660254037844387,-0.4999999999999998,1,Heavy Rain,1,6,1
7.0,heavy rains,"Alappuzha, Ernakulam, Kozhikode, Malappuram, Thrissur, Thiruvananthapuram,Wayanad",Kerala,IMD,,32.0,2014.0,5.0,3.0,0,2014.0,5.0,3.0,2.0,0.49999999999999994,-0.8660254037844387,1,Heavy Rain,1,7,1
4.0,heavy rains,"Kannur, Kasaragod, Kozhikode, Malappuram,Wayanad",Kerala,IMD,,32.0,2014.0,7.0,12.0,0,2014.0,7.0,12.0,3.0,-0.4999999999999997,-0.8660254037844388,0,Heavy Rain,1,5,1
3.0,heavy rains,"Kottayam, Pathanamthitta, Thiruvananthapuram,Wayanad",Kerala,IMD,,32.0,2014.0,8.0,22.0,0,2014.0,8.0,22.0,3.0,-0.8660254037844385,-0.5000000000000004,0,Heavy Rain,1,4,1
2.0,heavy rains,"Burhanpur,Vidisha",Madhya Pradesh,IMD,,23.0,2014.0,7.0,15.0,0,2014.0,7.0,15.0,3.0,-0.4999999999999997,-0.8660254037844388,0,Heavy Rain,1,2,1
1.0,heavy rains,Ahmednagar,Maharashtra,IMD,466.0,27.0,2014.0,6.0,10.0,0,2014.0,6.0,10.0,2.0,1.2246467991473532e-16,-1.0,0,Heavy Rain,1,1,1
1.0,heavy rains,Mumbai,Maharashtra,IMD,482.0,27.0,2014.0,7.0,13.0,0,2014.0,7.0,13.0,3.0,-0.4999999999999997,-0.8660254037844388,0,Heavy Rain,1,1,1
1.0,heavy rains,Mumbai,Maharashtra,IMD,482.0,27.0,2014.0,7.0,31.0,0,2014.0,7.0,31.0,3.0,-0.4999999999999997,-0.8660254037844388,0,Heavy Rain,1,1,1
1.0,heavy rains,Pune,Maharashtra,IMD,490.0,27.0,2014.0,8.0,5.0,1,2014.0,8.0,5.0,3.0,-0.8660254037844385,-0.5000000000000004,0,Heavy Rain,1,1,1
2.0,heavy rains,"Bhandara, Gondia,Ratnagiri",Maharashtra,IMD,,27.0,2014.0,8.0,5.0,0,2014.0,8.0,5.0,3.0,-0.8660254037844385,-0.5000000000000004,0,Heavy Rain,1,3,1
2.0,heavy rains,"Chandrapur, Gadchiroli,Wardha",Maharashtra,IMD,,27.0,2014.0,9.0,8.0,0,2014.0,9.0,8.0,3.0,-1.0,-1.8369701987210297e-16,0,Heavy Rain,1,3,1
8.0,heavy rains,"South Garo Hills, West Garo Hills, East Garo Hills,North Garo Hills, South West Garo Hills",Meghalaya,IMD,,17.0,2014.0,9.0,23.0,1,2014.0,9.0,23.0,3.0,-1.0,-1.8369701987210297e-16,1,Heavy Rain,1,5,1
2.0,heavy rains,"Balangir,Nayagarh",Odisha,IMD,,21.0,2014.0,5.0,27.0,0,2014.0,5.0,27.0,2.0,0.49999999999999994,-0.8660254037844387,0,Heavy Rain,1,2,1
6.0,heavy rains,"Baleshwar, Bhadrak, Bargarh,Jajapur, Kalahandi, Kendujhar, Khordha, Mayurbhanj, Nuapada,Sundargarh",Odisha,IMD,,21.0,2014.0,7.0,19.0,1,2014.0,7.0,19.0,3.0,-0.4999999999999997,-0.8660254037844388,0,Heavy Rain,1,10,1
4.0,heavy rains,"Bargarh, Balangir, Boudh, Kandhamal, Koraput,Nayagarh",Odisha,IMD,,21.0,2014.0,7.0,27.0,0,2014.0,7.0,27.0,3.0,-0.4999999999999997,-0.8660254037844388,0,Heavy Rain,1,6,1
14.0,"flood (baitrani, budhaba langa, subarnarekha,mahanadi)","Bhadrak, Cuttack, Jagatsinghapur,Jajapur, Jharsuguda, Kendrapara, Khordha,Puri",Odisha,IMD,,21.0,2014.0,8.0,3.0,1,2014.0,8.0,3.0,3.0,-0.8660254037844385,-0.5000000000000004,1,Other,1,8,1
5.0,heavy rains,"Boudh, Gajapati, Kandhamal, Nayagarh,Subarnapur",Odisha,IMD,,21.0,2014.0,9.0,5.0,0,2014.0,9.0,5.0,3.0,-1.0,-1.8369701987210297e-16,0,Heavy Rain,1,5,1
7.0,heavy rains,"Amritsar, Fazilka,Gurdaspur",Punjab,IMD,,3.0,2014.0,9.0,4.0,1,2014.0,9.0,4.0,3.0,-1.0,-1.8369701987210297e-16,1,Heavy Rain,1,3,1
1.0,heavy rains,Bhilwara,Rajasthan,IMD,92.0,8.0,2014.0,7.0,29.0,0,2014.0,7.0,29.0,3.0,-0.4999999999999997,-0.8660254037844388,0,Heavy Rain,1,1,1
1.0,heavy rains,Hanumangarh,Rajasthan,IMD,101.0,8.0,2014.0,8.0,3.0,0,2014.0,8.0,3.0,3.0,-0.8660254037844385,-0.5000000000000004,0,Heavy Rain,1,1,1
1.0,heavy rains,"Ajmer, Baran, Dausa, Jaipur,Tonk",Rajasthan,IMD,,8.0,2014.0,8.0,11.0,1,2014.0,8.0,11.0,3.0,-0.8660254037844385,-0.5000000000000004,0,Heavy Rain,1,5,1
1.0,heavy rains,,Rajasthan,IMD,,8.0,2014.0,9.0,5.0,0,2014.0,9.0,5.0,3.0,-1.0,-1.8369701987210297e-16,0,Heavy Rain,1,0,1
3.0,heavy rains,"Kanniyakumariumari, Madurai, The Nilgiris,Theni",Tamil Nadu,IMD,,33.0,2014.0,5.0,6.0,0,2014.0,5.0,6.0,2.0,0.49999999999999994,-0.8660254037844387,0,Heavy Rain,1,4,1
1.0,heavy rains,"Coimbatore,Krishnagiri",Tamil Nadu,IMD,,33.0,2014.0,5.0,21.0,0,2014.0,5.0,21.0,2.0,0.49999999999999994,-0.8660254037844387,0,Heavy Rain,1,2,1
1.0,heavy rains,Erode,Tamil Nadu,IMD,573.0,33.0,2014.0,8.0,22.0,0,2014.0,8.0,22.0,3.0,-0.8660254037844385,-0.5000000000000004,0,Heavy Rain,1,1,1
1.0,heavy rains,"Dindigul, Erode,Virudhunagar",Tamil Nadu,IMD,,33.0,2014.0,9.0,23.0,0,2014.0,9.0,23.0,3.0,-1.0,-1.8369701987210297e-16,0,Heavy Rain,1,3,1
4.0,heavy rains,"Adilabad, Khammam, Karimnagar,Warangal, Warangal, Warangal, Warangal",Telangana,IMD,,36.0,2014.0,9.0,6.0,0,2014.0,9.0,6.0,3.0,-1.0,-1.8369701987210297e-16,0,Heavy Rain,1,7,1
14.0,"flood (ghagra, rapti, sarayu,sharda)","Bahraich, SShrawasti, Balrampur, Gonda, Bara Banki, Sitapur, Ayodhya, Basti, Sant Kabir Nagar, Azamgarh, Muzaffarnagar,Siddharthnagar",Uttar Pradesh,IMD,,9.0,2014.0,8.0,14.0,1,2014.0,8.0,14.0,3.0,-0.8660254037844385,-0.5000000000000004,1,Other,1,12,1
1.0,heavy rains,Pithoragarh,Uttarakhand,IMD,53.0,5.0,2014.0,7.0,27.0,0,2014.0,7.0,27.0,3.0,-0.4999999999999997,-0.8660254037844388,0,Heavy Rain,1,1,1
1.0,heavy rains,Tehri Garhwal,Uttarakhand,IMD,55.0,5.0,2014.0,7.0,31.0,0,2014.0,7.0,31.0,3.0,-0.4999999999999997,-0.8660254037844388,0,Heavy Rain,1,1,1
9.0,heavy rains,"Ananthapuramuamu, Chittoor,  East Godavari, Krishna,  Sri Potti Sriramulu Nellore, Prakasam, West Godavari, Y.S.R.",Andhra Pradesh,IMD,,28.0,2015.0,11.0,15.0,1,2015.0,11.0,15.0,4.0,-0.5000000000000004,0.8660254037844384,1,Heavy Rain,1,8,1
1.0,heavy rains,Visakhapatnam,Andhra Pradesh,IMD,520.0,28.0,2015.0,12.0,22.0,0,2015.0,12.0,22.0,4.0,-2.4492935982947064e-16,1.0,0,Heavy Rain,1,1,1
1.0,heavy rains,"Upper Lower Subansiri, Anjaw, Changlang, Tawang, Papum Pare, Tirap, East Siang, Lohit, Kurung Kumey, Lower Lower Subansiri, East Kameng, West Kameng, West Kameng, West Kameng, Kra Daadi, Namsai, Longding, Upper Siang, Lower Siang, Dibang Valley, Lower Dibang Valley, Siang, Shi Yomi, Pak",Arunachal Pradesh,IMD,,12.0,2015.0,6.0,10.0,0,2015.0,6.0,10.0,2.0,1.2246467991473532e-16,-1.0,0,Heavy Rain,1,24,1
1.0,heavy rains,"Tinsukia, Dhemaji, Dibrugarh, Lakhimpur, Sivasagar, Jorhat, Sonitpur, Golaghat, Udalguri, Chirang, Baksa, Nagaon, Kokrajhar, Darrang, Barpeta, Nalbari, Marigaon, Kamrup, Bongaigaon, Dhubri, Kamrup Metro, Goalpara, Dima Hasao, Cachar, Karimganj, Hailakandi, Charaideo, Majuli, Biswanath, Hojai, South Salmara Mancachar, Karbi Anglong, West Karbi Anglong",Assam,IMD,,18.0,2015.0,2.0,19.0,0,2015.0,2.0,19.0,1.0,0.8660254037844386,0.5000000000000001,0,Heavy Rain,1,33,1
9.0,flood,"Baksa, Barpeta, Darrang, Dhemaji, Dibrugarh, Goalpara,Jorhat, Kamrup, Kamrup Metro, Lakhimpur, Marigaon, Nagaon, Nalbari, Sivasagar, Sonitpur,Tinsukia",Assam,IMD,,18.0,2015.0,6.0,9.0,0,2015.0,6.0,9.0,2.0,1.2246467991473532e-16,-1.0,1,Other,1,16,1
5.0,flood,"Barpeta, Dhemaji, Lakhimpur, Marigaon,Tinsukia",Assam,IMD,,18.0,2015.0,6.0,20.0,0,2015.0,6.0,20.0,2.0,1.2246467991473532e-16,-1.0,0,Other,1,5,1
4.0,flood,"Tinsukia, Dhemaji, Dibrugarh, Lakhimpur, Sivasagar, Jorhat, Sonitpur, Golaghat, Udalguri, Chirang, Baksa, Nagaon, Kokrajhar, Darrang, Barpeta, Nalbari, Marigaon, Kamrup, Bongaigaon, Dhubri, Kamrup Metro, Goalpara, Dima Hasao, Cachar, Karimganj, Hailakandi, Charaideo, Majuli, Biswanath, Hojai, South Salmara Mancachar, Karbi Anglong, West Karbi Anglong",Assam,IMD,,18.0,2015.0,7.0,14.0,0,2015.0,7.0,14.0,3.0,-0.4999999999999997,-0.8660254037844388,0,Other,1,33,1
5.0,flood,"Barpeta, Bongaigaon, Chirang, Darrang, Dhemaji, Dhubri, Dibrugarh, Golaghat, Goalpara, Jorhat, Kamrup, Kokrajhar, Lakhimpur, Marigaon, Nagaon, Nalbari, Sivasagar, Sonitpur,Tinsukia",Assam,IMD,,18.0,2015.0,8.0,19.0,0,2015.0,8.0,19.0,3.0,-0.8660254037844385,-0.5000000000000004,0,Other,1,19,1
7.0,flood,"Barpeta, Baksa, Darrang, Dhemaji, Dhubri, Dibrugarh, Golaghat, Goalpara, Jorhat, Kamrup, Kamrup Metro, Kokrajhar, Lakhimpur, Marigaon, Nagaon, Nalbari, Sivasagar,Tinsukia",Assam,IMD,,18.0,2015.0,8.0,25.0,0,2015.0,8.0,25.0,3.0,-0.8660254037844385,-0.5000000000000004,1,Other,1,18,1
12.0,flood,"Barpeta, Baksa, Bongaigaon, Cachar, Darrang, Dhemaji, Dhubri, Dibrugarh, Golaghat, Goalpara, Jorhat, Kamrup, Kamrup Metro, Kokrajhar, Lakhimpur, Marigaon, Nagaon, Nalbari, Sivasagar, Sonitpur,Tinsukia",Assam,IMD,,18.0,2015.0,9.0,1.0,1,2015.0,9.0,1.0,3.0,-1.0,-1.8369701987210297e-16,1,Other,1,21,1
1.0,heavy rains,"Pashchim Champaran, Purbi Champaran, Sitamarhi, Sheohar, Gopalganj, Samastipur, Katihar, Khagaria, Bhojpur, Buxar, Darbhanga, Saharsa, Kaimur (Bhabua), Rohtas, Jamui, Banka, Nawada, Gaya, Munger, Vaishali, Begusarai, Bhagalpur, Lakhisarai, Sheikhpura, Arwal, Jehanabad, Nalanda, Patna, Saran, Siwan, Muzaffarpur, Madhepura, Araria, Supaul, Madhubani, Purnia, Kishanganj, Aurangabad",Bihar,IMD,,10.0,2015.0,7.0,24.0,0,2015.0,7.0,24.0,3.0,-0.4999999999999997,-0.8660254037844388,0,Heavy Rain,1,38,1
1.0,heavy rains,Mungeli,Chhattisgarh,IMD,647.0,22.0,2015.0,9.0,3.0,0,2015.0,9.0,3.0,3.0,-1.0,-1.8369701987210297e-16,0,Heavy Rain,1,1,1
5.0,heavy rains,"Bastar, Mahasamund, Raipur, Rajnandgaon",Chhattisgarh,IMD,,22.0,2015.0,9.0,18.0,0,2015.0,9.0,18.0,3.0,-1.0,-1.8369701987210297e-16,0,Heavy Rain,1,4,1
25.0,heavy rains,"Amreli,  Ahmedabad,Porbandar,  Botad, Gir Somnath, Surendranagar, Rajkot, Bhavnagar, Junagadh, Jamnagar, Devbhumi Dwarka Dwarka, Morbi,Kachchh",Gujarat,IMD,,24.0,2015.0,6.0,13.0,1,2015.0,6.0,13.0,2.0,1.2246467991473532e-16,-1.0,1,Heavy Rain,1,13,1
2.0,heavy rains,Shimla,Himachal Pradesh,IMD,23.0,2.0,2015.0,4.0,3.0,0,2015.0,4.0,3.0,2.0,0.8660254037844387,-0.4999999999999998,0,Heavy Rain,1,1,1
2.0,heavy rains,Chamba,Himachal Pradesh,IMD,16.0,2.0,2015.0,6.0,20.0,0,2015.0,6.0,20.0,2.0,1.2246467991473532e-16,-1.0,0,Heavy Rain,1,1,1
2.0,heavy rains,"Hamirpur, Kangra, Shimla,Sirmaur,Solan",Himachal Pradesh,IMD,,2.0,2015.0,7.0,16.0,0,2015.0,7.0,16.0,3.0,-0.4999999999999997,-0.8660254037844388,0,Heavy Rain,1,5,1
1.0,heavy rains,Shimla,Himachal Pradesh,IMD,23.0,2.0,2015.0,7.0,26.0,0,2015.0,7.0,26.0,3.0,-0.4999999999999997,-0.8660254037844388,0,Heavy Rain,1,1,1
5.0,heavy rains,"Bilaspur, Chamba, Hamirpur, Kangra, Mandi, Shimla, Sirmaur, Una",Himachal Pradesh,IMD,,2.0,2015.0,8.0,8.0,0,2015.0,8.0,8.0,3.0,-0.8660254037844385,-0.5000000000000004,0,Heavy Rain,1,8,1
1.0,heavy rains,Kullu,Himachal Pradesh,IMD,20.0,2.0,2015.0,8.0,19.0,1,2015.0,8.0,19.0,3.0,-0.8660254037844385,-0.5000000000000004,0,Heavy Rain,1,1,1
1.0,heavy rains,Pulwama,Jammu and Kashmir,IMD,11.0,,2015.0,3.0,21.0,0,2015.0,3.0,21.0,1.0,1.0,6.123233995736766e-17,0,Heavy Rain,1,1,1
1.0,heavy rains,Budgam,Jammu and Kashmir,IMD,2.0,,2015.0,3.0,30.0,1,2015.0,3.0,30.0,1.0,1.0,6.123233995736766e-17,0,Heavy Rain,1,1,1
1.0,heavy rains,"Jammu,Kashmir",Jammu and Kashmir,IMD,,,2015.0,4.0,4.0,1,2015.0,4.0,4.0,2.0,0.8660254037844387,-0.4999999999999998,0,Heavy Rain,1,2,1
1.0,heavy rains,Pulwama,Jammu and Kashmir,IMD,11.0,,2015.0,7.0,6.0,0,2015.0,7.0,6.0,3.0,-0.4999999999999997,-0.8660254037844388,0,Heavy Rain,1,1,1
8.0,heavy rains,"Anantnag, Ganderbal",Jammu and Kashmir,IMD,,,2015.0,7.0,9.0,1,2015.0,7.0,9.0,3.0,-0.4999999999999997,-0.8660254037844388,1,Heavy Rain,1,2,1
1.0,heavy rains,Jammu,Jammu and Kashmir,IMD,5.0,,2015.0,7.0,24.0,0,2015.0,7.0,24.0,3.0,-0.4999999999999997,-0.8660254037844388,0,Heavy Rain,1,1,1
7.0,heavy rains,"Budgam, Ganderbal, Kishtwar,Ramban",Jammu and Kashmir,IMD,,,2015.0,7.0,25.0,0,2015.0,7.0,25.0,3.0,-0.4999999999999997,-0.8660254037844388,1,Heavy Rain,1,4,1
9.0,heavy rains,"Ballari, Dakshina Kannada, Gadag, Hassan, Uttar Kashia Kannada",Karnataka,IMD,,29.0,2015.0,3.0,6.0,0,2015.0,3.0,6.0,1.0,1.0,6.123233995736766e-17,1,Heavy Rain,1,5,1
6.0,heavy rains,"Ballari, Beedar, Hassan, Kodagu, Raichur",Karnataka,IMD,,29.0,2015.0,4.0,7.0,0,2015.0,4.0,7.0,2.0,0.8660254037844387,-0.4999999999999998,0,Heavy Rain,1,5,1
2.0,heavy rains,"Bengaluru Rural, Urban, Shivamogga, Tumakuru",Karnataka,IMD,,29.0,2015.0,4.0,22.0,0,2015.0,4.0,22.0,2.0,0.8660254037844387,-0.4999999999999998,0,Heavy Rain,1,4,1
8.0,heavy rains,"Raichur, Tumakuru",Karnataka,IMD,,29.0,2015.0,5.0,4.0,0,2015.0,5.0,4.0,2.0,0.49999999999999994,-0.8660254037844387,1,Heavy Rain,1,2,1
5.0,heavy rains,"Bengaluru Rural, Rural, Bengaluru Rural, Chitradurga, Hassan",Karnataka,IMD,,29.0,2015.0,5.0,27.0,0,2015.0,5.0,27.0,2.0,0.49999999999999994,-0.8660254037844387,0,Heavy Rain,1,5,1
6.0,"heavy rains,flood","Chikkamagaluru, Dakshina Kannada, Hassan, Kodagu, Shivamogga",Karnataka,IMD,,29.0,2015.0,6.0,20.0,0,2015.0,6.0,20.0,2.0,1.2246467991473532e-16,-1.0,0,Heavy Rain,1,5,1
11.0,heavy rains,"Ballari, Dakshina Kannada, Udupi",Karnataka,IMD,,29.0,2015.0,7.0,10.0,1,2015.0,7.0,10.0,3.0,-0.4999999999999997,-0.8660254037844388,1,Heavy Rain,1,3,1
3.0,heavy rains,"Ballari, Bengaluru Rural, Chitradurga",Karnataka,IMD,,29.0,2015.0,9.0,5.0,0,2015.0,9.0,5.0,3.0,-1.0,-1.8369701987210297e-16,0,Heavy Rain,1,3,1
4.0,heavy rains,"Bagalkotee Belagavi, Ballari, Chitradurga, Davangere, Dharwad,  Kalaburagi, Tumakuru",Karnataka,IMD,,29.0,2015.0,10.0,1.0,0,2015.0,10.0,1.0,4.0,-0.8660254037844386,0.5000000000000001,0,Heavy Rain,1,7,1
5.0,heavy rains,"Alappuzha, Ernakulam, Palakkad, Idukki, Kollam",Kerala,IMD,,32.0,2015.0,4.0,6.0,0,2015.0,4.0,6.0,2.0,0.8660254037844387,-0.4999999999999998,0,Heavy Rain,1,5,1
6.0,heavy rains,"Ernakulam, Idukki, Kollam, Kozhikode, Malappuram, Pathanamthitta, Thiruvananthapuram, Wayanad",Kerala,IMD,,32.0,2015.0,4.0,11.0,0,2015.0,4.0,11.0,2.0,0.8660254037844387,-0.4999999999999998,0,Heavy Rain,1,8,1
7.0,,"Alappuzha, Idukki, Kasaragod, Kannur, Malappuram, Palakkad, Pathanamthitta, Thiruvananthapuram",Kerala,IMD,,32.0,2015.0,4.0,19.0,0,2015.0,4.0,19.0,2.0,0.8660254037844387,-0.4999999999999998,1,Other,1,8,1
14.0,heavy rains,"Kasaragod, Kollam, Thiruvananthapuram",Kerala,IMD,,32.0,2015.0,5.0,15.0,0,2015.0,5.0,15.0,2.0,0.49999999999999994,-0.8660254037844387,1,Heavy Rain,1,3,1
9.0,,"Alappuzha, Kannur, Kollam, Thrissur, Thiruvananthapuram",Kerala,IMD,,32.0,2015.0,6.0,8.0,0,2015.0,6.0,8.0,2.0,1.2246467991473532e-16,-1.0,1,Other,1,5,1
11.0,heavy rains,"Alappuzha, Ernakulam, Idukki, Kasaragod, Kottayam, Palakkad, Pathanamthitta, Thrissur, Thiruvananthapuram, Wayanad",Kerala,IMD,,32.0,2015.0,6.0,19.0,1,2015.0,6.0,19.0,2.0,1.2246467991473532e-16,-1.0,1,Heavy Rain,1,10,1
3.0,heavy rains,Kannur,Kerala,IMD,557.0,32.0,2015.0,7.0,18.0,0,2015.0,7.0,18.0,3.0,-0.4999999999999997,-0.8660254037844388,0,Heavy Rain,1,1,1
21.0,heavy rains,"Ernakulam, Malappuram, Pathanamthitta, Thiruvananthapuram",Kerala,IMD,,32.0,2015.0,11.0,1.0,0,2015.0,11.0,1.0,4.0,-0.5000000000000004,0.8660254037844384,1,Heavy Rain,1,4,1
3.0,"heavy rains,flood","Betul, Burhanpur, Harda, Indore, Chhindwara, Sehore, Ujjain, Vidisha",Madhya Pradesh,IMD,,23.0,2015.0,7.0,19.0,1,2015.0,7.0,19.0,3.0,-0.4999999999999997,-0.8660254037844388,0,Heavy Rain,1,8,1
1.0,flood,Betul,Madhya Pradesh,IMD,394.0,23.0,2015.0,8.0,13.0,0,2015.0,8.0,13.0,3.0,-0.8660254037844385,-0.5000000000000004,0,Other,1,1,1
10.0,heavy rains,"Aurangabad, Beed, Hingoli, Jalna, Latur, Nanded, Dharashiv, Parbhani",Maharashtra,IMD,,27.0,2015.0,6.0,7.0,1,2015.0,6.0,7.0,2.0,1.2246467991473532e-16,-1.0,1,Heavy Rain,1,8,1
1.0,heavy rains,"Pune, Nagpur",Maharashtra,IMD,,27.0,2015.0,6.0,23.0,0,2015.0,6.0,23.0,2.0,1.2246467991473532e-16,-1.0,0,Heavy Rain,1,2,1
1.0,heavy rains,Pune,Maharashtra,IMD,490.0,27.0,2015.0,7.0,20.0,0,2015.0,7.0,20.0,3.0,-0.4999999999999997,-0.8660254037844388,0,Heavy Rain,1,1,1
1.0,heavy rains,Mumbai,Maharashtra,IMD,482.0,27.0,2015.0,7.0,28.0,0,2015.0,7.0,28.0,3.0,-0.4999999999999997,-0.8660254037844388,0,Heavy Rain,1,1,1
1.0,heavy rains,"Mumbai,Mumbai Suburban, Thane",Maharashtra,IMD,,27.0,2015.0,7.0,29.0,0,2015.0,7.0,29.0,3.0,-0.4999999999999997,-0.8660254037844388,0,Heavy Rain,1,3,1
9.0,heavy rains,"Akola, Amravati, Chandrapur, Nagpur, Wardha",Maharashtra,IMD,,27.0,2015.0,8.0,6.0,0,2015.0,8.0,6.0,3.0,-0.8660254037844385,-0.5000000000000004,1,Heavy Rain,1,5,1
1.0,heavy rains,Parts of Meghalaya,Meghalaya,IMD,,17.0,2015.0,6.0,17.0,0,2015.0,6.0,17.0,2.0,1.2246467991473532e-16,-1.0,0,Heavy Rain,1,1,1
1.0,heavy rains,Kendujhar,Odisha,IMD,361.0,21.0,2015.0,8.0,1.0,0,2015.0,8.0,1.0,3.0,-0.8660254037844385,-0.5000000000000004,0,Heavy Rain,1,1,1
1.0,heavy rains,"Anugul, Kendujhar",Odisha,IMD,,21.0,2015.0,8.0,2.0,0,2015.0,8.0,2.0,3.0,-0.8660254037844385,-0.5000000000000004,0,Heavy Rain,1,2,1
3.0,"heavy rains,flood","Koraput, Nabarangpur, Kalahandi, Kandhamal, Malkangiri",Odisha,IMD,,21.0,2015.0,9.0,14.0,0,2015.0,9.0,14.0,3.0,-1.0,-1.8369701987210297e-16,0,Heavy Rain,1,5,1
30.0,heavy rains,"Amritsar, Bathinda, Barnala, Ferozepur, Fazilka, Jalandhar, Moga, Pathankot, Rupnagar, Sangrur, Sri Sri Muktsar Sahib Sahib, Tarn Taran",Punjab,IMD,,3.0,2015.0,9.0,1.0,1,2015.0,9.0,1.0,3.0,-1.0,-1.8369701987210297e-16,1,Heavy Rain,1,12,1
2.0,heavy rains,26 districts of Rajasthan,Rajasthan,IMD,,8.0,2015.0,3.0,14.0,1,2015.0,3.0,14.0,1.0,1.0,6.123233995736766e-17,0,Heavy Rain,1,1,1
10.0,heavy rains,"Ajmer, Barmer, Bhilwara, Bikaner, Dholpur, Jalore, Jhalawar, Nagaur, Pali, Sirohi",Rajasthan,IMD,,8.0,2015.0,7.0,22.0,1,2015.0,7.0,22.0,3.0,-0.4999999999999997,-0.8660254037844388,1,Heavy Rain,1,10,1
5.0,heavy rains,Parts of Rajasthan,Rajasthan,IMD,,8.0,2015.0,8.0,1.0,1,2015.0,8.0,1.0,3.0,-0.8660254037844385,-0.5000000000000004,0,Heavy Rain,1,1,1
1.0,heavy rains,Pali,Rajasthan,IMD,111.0,8.0,2015.0,8.0,16.0,0,2015.0,8.0,16.0,3.0,-0.8660254037844385,-0.5000000000000004,0,Heavy Rain,1,1,1
1.0,heavy rains,Parts of Sikkim,Sikkim,IMD,,11.0,2015.0,7.0,1.0,1,2015.0,7.0,1.0,3.0,-0.4999999999999997,-0.8660254037844388,0,Heavy Rain,1,1,1
1.0,heavy rains,Parts of Sikkim,Sikkim,IMD,,11.0,2015.0,7.0,5.0,1,2015.0,7.0,5.0,3.0,-0.4999999999999997,-0.8660254037844388,0,Heavy Rain,1,1,1
1.0,heavy rains,Thiruvarur,Tamil Nadu,IMD,590.0,33.0,2015.0,4.0,21.0,0,2015.0,4.0,21.0,2.0,0.8660254037844387,-0.4999999999999998,0,Heavy Rain,1,1,1
1.0,heavy rains,Vellore,Tamil Nadu,IMD,595.0,33.0,2015.0,4.0,25.0,0,2015.0,4.0,25.0,2.0,0.8660254037844387,-0.4999999999999998,0,Heavy Rain,1,1,1
1.0,heavy rains,"Coimbatore,Pudukkottai",Tamil Nadu,IMD,,33.0,2015.0,5.0,14.0,0,2015.0,5.0,14.0,2.0,0.49999999999999994,-0.8660254037844387,0,Heavy Rain,1,2,1
3.0,heavy rains,"Thiruvallur, Virudhunagar",Tamil Nadu,IMD,,33.0,2015.0,5.0,17.0,1,2015.0,5.0,17.0,2.0,0.49999999999999994,-0.8660254037844387,0,Heavy Rain,1,2,1
1.0,heavy rains,Chennai,Tamil Nadu,IMD,568.0,33.0,2015.0,6.0,17.0,0,2015.0,6.0,17.0,2.0,1.2246467991473532e-16,-1.0,0,Heavy Rain,1,1,1
1.0,heavy rains,The Nilgiris,Tamil Nadu,IMD,587.0,33.0,2015.0,6.0,21.0,0,2015.0,6.0,21.0,2.0,1.2246467991473532e-16,-1.0,0,Heavy Rain,1,1,1
1.0,heavy rains,Chennai,Tamil Nadu,IMD,568.0,33.0,2015.0,7.0,17.0,0,2015.0,7.0,17.0,3.0,-0.4999999999999997,-0.8660254037844388,0,Heavy Rain,1,1,1
1.0,heavy rains,"Thiruvallur, Chennai, Krishnagiri, Tiruvannamalai, Dharmapuri, Salem, Erode, The Nilgiris, Namakkal, Perambalur, Coimbatore, Tiruchirappalli, Ariyalur, Tiruppur, Thanjavur, Karur, Thiruvarur, Dindigul, Madurai, Theni, Virudhunagar, Thoothukkudi, Kanniyakumari",Tamil Nadu,IMD,,33.0,2015.0,11.0,9.0,1,2015.0,11.0,9.0,4.0,-0.5000000000000004,0.8660254037844384,0,Heavy Rain,1,23,1
3.0,heavy rains,"Chennai, Cuddalore, Dharmapuri, Erode, The Nilgiris, Thiruvallur, Thoothukkudi, Viluppuram",Tamil Nadu,IMD,,33.0,2015.0,11.0,11.0,1,2015.0,11.0,11.0,4.0,-0.5000000000000004,0.8660254037844384,0,Heavy Rain,1,8,1
5.0,heavy rains,"Chennai, Cuddalore, Kancheepuram, Kanniyakumariumari, Krishnagiri, Nagapattinam, Pudukkottai, Tirunelveli, Tiruvannamalai, Thiruvarur, Thoothukkudi, Viluppuram",Tamil Nadu,IMD,,33.0,2015.0,11.0,18.0,1,2015.0,11.0,18.0,4.0,-0.5000000000000004,0.8660254037844384,0,Heavy Rain,1,12,1
1.0,heavy rains,"Thiruvallur, Chennai, Krishnagiri, Tiruvannamalai, Dharmapuri, Salem, Erode, The Nilgiris, Namakkal, Perambalur, Coimbatore, Tiruchirappalli, Ariyalur, Tiruppur, Thanjavur, Karur, Thiruvarur, Dindigul, Madurai, Theni, Virudhunagar, Thoothukkudi, Kanniyakumari",Tamil Nadu,IMD,,33.0,2015.0,11.0,23.0,1,2015.0,11.0,23.0,4.0,-0.5000000000000004,0.8660254037844384,0,Heavy Rain,1,23,1
3.0,heavy rains,"Chennai, Viluppuram",Tamil Nadu,IMD,,33.0,2015.0,11.0,28.0,1,2015.0,11.0,28.0,4.0,-0.5000000000000004,0.8660254037844384,0,Heavy Rain,1,2,1
3.0,heavy rains,"Thiruvallur, Chennai, Krishnagiri, Tiruvannamalai, Dharmapuri, Salem, Erode, The Nilgiris, Namakkal, Perambalur, Coimbatore, Tiruchirappalli, Ariyalur, Tiruppur, Thanjavur, Karur, Thiruvarur, Dindigul, Madurai, Theni, Virudhunagar, Thoothukkudi, Kanniyakumari",Tamil Nadu,IMD,,33.0,2015.0,12.0,1.0,1,2015.0,12.0,1.0,4.0,-2.4492935982947064e-16,1.0,0,Heavy Rain,1,23,1
4.0,heavy rains,"Thiruvallur, Chennai, Krishnagiri, Tiruvannamalai, Dharmapuri, Salem, Erode, The Nilgiris, Namakkal, Perambalur, Coimbatore, Tiruchirappalli, Ariyalur, Tiruppur, Thanjavur, Karur, Thiruvarur, Dindigul, Madurai, Theni, Virudhunagar, Thoothukkudi, Kanniyakumari",Tamil Nadu,IMD,,33.0,2015.0,12.0,8.0,1,2015.0,12.0,8.0,4.0,-2.4492935982947064e-16,1.0,0,Heavy Rain,1,23,1
7.0,heavy rains,"Adilabad, Karimnagar, Khammam, Medak, Nalgonda, Nizamabad,Warangal, Warangal, Warangal, Warangal",Telangana,IMD,,36.0,2015.0,9.0,6.0,0,2015.0,9.0,6.0,3.0,-1.0,-1.8369701987210297e-16,1,Heavy Rain,1,10,1
1.0,heavy rains,"Bara Banki, Mainpuri, Sitapur",Uttar Pradesh,IMD,,9.0,2015.0,4.0,4.0,1,2015.0,4.0,4.0,2.0,0.8660254037844387,-0.4999999999999998,0,Heavy Rain,1,3,1
2.0,heavy rains,"Bareilly, Budaun, Bulandshahr, Etah, Etawah, Farrukhabad, Hamirpur, Sitapur, Shahjahanpur, Unnao",Uttar Pradesh,IMD,,9.0,2015.0,7.0,11.0,1,2015.0,7.0,11.0,3.0,-0.4999999999999997,-0.8660254037844388,0,Heavy Rain,1,10,1
1.0,heavy rains,"Meerut, Bulandshahr, Gautam Buddha Nagar, Ghaziabad, Hapur, Baghpat, Saharanpur, Muzaffarnagar, Shamli, Moradabad, Bijnor, Rampur, Amroha, Sambhal, Bareilly, Budaun, Pilibhit, Shahjahanpur, Agra, Firozabad, Mainpuri, Mathura, Aligarh, Etah, Hathras, Kasganj, Etawah, Auraiya,Farrukhabad",Uttar Pradesh,IMD,,9.0,2015.0,10.0,28.0,0,2015.0,10.0,28.0,4.0,-0.8660254037844386,0.5000000000000001,0,Heavy Rain,1,29,1
1.0,heavy rains,,Uttar Pradesh,IMD,,9.0,2015.0,12.0,1.0,0,2015.0,12.0,1.0,4.0,-2.4492935982947064e-16,1.0,0,Heavy Rain,1,0,1
1.0,heavy rains,Parts of Uttar Kashiakhand,Uttarakhand,IMD,,5.0,2015.0,7.0,26.0,0,2015.0,7.0,26.0,3.0,-0.4999999999999997,-0.8660254037844388,0,Heavy Rain,1,1,1
10.0,heavy rains,"Darjeelingm, Kolkata",West Bengal,IMD,,19.0,2015.0,7.0,1.0,1,2015.0,7.0,1.0,3.0,-0.4999999999999997,-0.8660254037844388,1,Heavy Rain,1,2,1
5.0,heavy rains,"South 24 Parganas, Dakshin Dinajpur",West Bengal,IMD,,19.0,2015.0,7.0,20.0,0,2015.0,7.0,20.0,3.0,-0.4999999999999997,-0.8660254037844388,0,Heavy Rain,1,2,1
1.0,heavy rains,Pondicherry,Puducherry,IMD,600.0,34.0,2015.0,12.0,2.0,0,2015.0,12.0,2.0,4.0,-2.4492935982947064e-16,1.0,0,Heavy Rain,1,1,1
30.0,heavy rains & floods,"Guntur, Kurnool, Visakhapatnam, Vizianagaram",Andhra Pradesh,IMD,,28.0,2016.0,9.0,1.0,1,2016.0,9.0,1.0,3.0,-1.0,-1.8369701987210297e-16,1,Heavy Rain,1,4,1
1.0,heavy rains(massive landslide),Tawang,Arunachal Pradesh,IMD,238.0,12.0,2016.0,4.0,22.0,1,2016.0,4.0,22.0,2.0,0.8660254037844387,-0.4999999999999998,0,Landslide,1,1,1
1.0,massive landslide,"West Kameng, West Kameng",Arunachal Pradesh,IMD,,12.0,2016.0,7.0,1.0,1,2016.0,7.0,1.0,3.0,-0.4999999999999997,-0.8660254037844388,0,Landslide,1,2,1
1.0,heavy rains(landslide),Tawang,Arunachal Pradesh,IMD,238.0,12.0,2016.0,8.0,5.0,0,2016.0,8.0,5.0,3.0,-0.8660254037844385,-0.5000000000000004,0,Landslide,1,1,1
1.0,flood (janji river),Jorhat,Assam,IMD,290.0,18.0,2016.0,4.0,21.0,1,2016.0,4.0,21.0,2.0,0.8660254037844387,-0.4999999999999998,0,River/Water System,1,1,1
4.0,"flood ( brahmaputra,tributaries)","Cachar, Charaideo, Dhubri, Dibrugarh, Jorhat, Lakhimpur, Sivasagar",Assam,IMD,,18.0,2016.0,4.0,24.0,0,2016.0,4.0,24.0,2.0,0.8660254037844387,-0.4999999999999998,0,River/Water System,1,7,1
1.0,landslide,"Hailakandi, Karimganj",Assam,IMD,,18.0,2016.0,5.0,17.0,1,2016.0,5.0,17.0,2.0,0.49999999999999994,-0.8660254037844387,0,Landslide,1,2,1
5.0,"flood ( brahmaputra,tributaries)","Barpeta, Golaghat, Jorhat, Kamrup Metro, Lakhimpur, Mancachar, Nagaon, Sonitpur",Assam,IMD,,18.0,2016.0,7.0,3.0,0,2016.0,7.0,3.0,3.0,-0.4999999999999997,-0.8660254037844388,0,River/Water System,1,8,1
1.0,heavy rain,Kamrup Metro,Assam,IMD,618.0,18.0,2016.0,7.0,7.0,0,2016.0,7.0,7.0,3.0,-0.4999999999999997,-0.8660254037844388,0,Heavy Rain,1,1,1
6.0,"flood( brahmaputra,tributaries)","Golaghat, Jorhat, Lakhimpur, Mancachar, Sonitpur",Assam,IMD,,18.0,2016.0,7.0,13.0,0,2016.0,7.0,13.0,3.0,-0.4999999999999997,-0.8660254037844388,0,River/Water System,1,5,1
1.0,landslide,Kamrup Metro,Assam,IMD,618.0,18.0,2016.0,7.0,14.0,0,2016.0,7.0,14.0,3.0,-0.4999999999999997,-0.8660254037844388,0,Landslide,1,1,1
11.0,"flood( brahmaputra,tributaries)","Barpeta, Bongaigaon, Chirang, Darrang, Dhemaji, Dhubri, Dibrugarh, Golaghat, Goalpara, Jorhat, Kamrup, Karbi Anglong, Kokrajhar, Lakhimpur, Mancachar, Nagaon, Nalbari, Sivasagar, Sonitpur, Tinsukia",Assam,IMD,,18.0,2016.0,7.0,21.0,1,2016.0,7.0,21.0,3.0,-0.4999999999999997,-0.8660254037844388,1,River/Water System,1,20,1
5.0,"flood( brahmaputra,tributaries)","Barpeta, Bongaigaon,Chirang, Darrang, Dhemaji, Dhubri, Dibrugarh, Golaghat, Goalpara, Jorhat, Karbi Anglong, Kamrup Metro, Kokrajhar, Lakhimpur, Mancachar, Nagaon, Nalbari, Sivasagar, Sonitpur,Kamrup, Tinsukia",Assam,IMD,,18.0,2016.0,8.0,1.0,0,2016.0,8.0,1.0,3.0,-0.8660254037844385,-0.5000000000000004,0,River/Water System,1,21,1
1.0,heavy rains(landslide),Kamrup Metro,Assam,IMD,618.0,18.0,2016.0,8.0,13.0,0,2016.0,8.0,13.0,3.0,-0.8660254037844385,-0.5000000000000004,0,Landslide,1,1,1
5.0,floods in ganga & tributaries,"Patna, Saran, Vaishali",Bihar,IMD,,10.0,2016.0,8.0,17.0,0,2016.0,8.0,17.0,3.0,-0.8660254037844385,-0.5000000000000004,0,Other,1,3,1
2.0,floods in ganga & tributaries,"Begusarai, Bhojpur, Samastipur, Khagaria, Vaishali",Bihar,IMD,,10.0,2016.0,9.0,1.0,1,2016.0,9.0,1.0,3.0,-1.0,-1.8369701987210297e-16,0,Other,1,5,1
1.0,heavy rain,"Begusarai , Lakhisarai, Patna, Samastipur, Saran",Bihar,IMD,,10.0,2016.0,9.0,3.0,1,2016.0,9.0,3.0,3.0,-1.0,-1.8369701987210297e-16,0,Heavy Rain,1,5,1
1.0,heavy rains & flood in sheonath river,"Uttar Kashi Bastar Kanker, Rajnandgaon",Chhattisgarh,IMD,,22.0,2016.0,8.0,2.0,0,2016.0,8.0,2.0,3.0,-0.8660254037844385,-0.5000000000000004,0,River/Water System,1,2,1
1.0,heavy rains,Surguja,Chhattisgarh,IMD,389.0,22.0,2016.0,8.0,19.0,0,2016.0,8.0,19.0,3.0,-0.8660254037844385,-0.5000000000000004,0,Heavy Rain,1,1,1
6.0,heavy rains,"Mahasamund, Raipur",Chhattisgarh,IMD,,22.0,2016.0,8.0,26.0,0,2016.0,8.0,26.0,3.0,-0.8660254037844385,-0.5000000000000004,0,Heavy Rain,1,2,1
3.0,heavy rains,"Jagdalpur, Janjgir-Champa, Narayanpur, Rajnandgaon",Chhattisgarh,IMD,,22.0,2016.0,9.0,11.0,0,2016.0,9.0,11.0,3.0,-1.0,-1.8369701987210297e-16,0,Heavy Rain,1,4,1
120.0,heavy rains & floods,"Ahmedabad, Amreli, Bharuch, Bhavnagar, Botad,Udaiur, Devbhumi Dwarka, Devbhumi Dwarka Dwarka, Dahod, Gandhinagar, Gir Somnath, Jamnagar, Junagadh, Kachchh, Mahesana, Morbi, Navsari, Panch Mahals, Patan, Rajkot, Sabar Kantha,Tapi, Dangs, Vadodara, Valsad",Gujarat,IMD,,24.0,2016.0,6.0,1.0,1,2016.0,6.0,1.0,2.0,1.2246467991473532e-16,-1.0,1,Heavy Rain,1,25,1
1.0,cloud burst,Shimla,Himachal Pradesh,IMD,23.0,2.0,2016.0,5.0,10.0,0,2016.0,5.0,10.0,2.0,0.49999999999999994,-0.8660254037844387,0,Other,1,1,1
9.0,heavy rains & landslide,"Hamirpur, Kullu, Shimla, Sirmaur, Solan",Himachal Pradesh,IMD,,2.0,2016.0,7.0,23.0,0,2016.0,7.0,23.0,3.0,-0.4999999999999997,-0.8660254037844388,1,Landslide,1,5,1
2.0,heavy rains,"Chamba, Hamirpur, Kangra, Kullu, Mandi, Shimla,Sirmaur, Una",Himachal Pradesh,IMD,,2.0,2016.0,8.0,1.0,0,2016.0,8.0,1.0,3.0,-0.8660254037844385,-0.5000000000000004,0,Heavy Rain,1,8,1
3.0,heavy rains & landslide,"Bilaspur, Chamba, Hamirpur, Kangra, Kullu, Mandi, Shimla, Solan, Una",Himachal Pradesh,IMD,,2.0,2016.0,8.0,5.0,0,2016.0,8.0,5.0,3.0,-0.8660254037844385,-0.5000000000000004,0,Landslide,1,9,1
3.0,heavy rains,"Bilaspur, Chamba, Hamirpur, Kangra, Kinnaur, Kullu, Mandi,",Himachal Pradesh,IMD,,2.0,2016.0,8.0,10.0,0,2016.0,8.0,10.0,3.0,-0.8660254037844385,-0.5000000000000004,0,Heavy Rain,1,7,1
2.0,heavy rains,"Shimla, Sirmaur, Solan, Una",Himachal Pradesh,IMD,,2.0,2016.0,8.0,17.0,0,2016.0,8.0,17.0,3.0,-0.8660254037844385,-0.5000000000000004,0,Heavy Rain,1,4,1
2.0,heavy rains & cloud burst in shimla.,"Bilaspur, Chamba, Hamirpur, Kangra, Kullu, Mandi, Shimla, Sirmaur, Solan, Una",Himachal Pradesh,IMD,,2.0,2016.0,8.0,25.0,0,2016.0,8.0,25.0,3.0,-0.8660254037844385,-0.5000000000000004,0,Heavy Rain,1,10,1
1.0,heavy rains,"Anantnag, Bandipora",Jammu and Kashmir,IMD,,,2016.0,6.0,7.0,0,2016.0,6.0,7.0,2.0,1.2246467991473532e-16,-1.0,0,Heavy Rain,1,2,1
1.0,flash flood,"Jammu, Rajouri",Jammu and Kashmir,IMD,,,2016.0,7.0,27.0,0,2016.0,7.0,27.0,3.0,-0.4999999999999997,-0.8660254037844388,0,Flash Flood,1,2,1
1.0,heavy rains & landslide,"Kathua, Reasi",Jammu and Kashmir,IMD,,,2016.0,8.0,5.0,0,2016.0,8.0,5.0,3.0,-0.8660254037844385,-0.5000000000000004,0,Landslide,1,2,1
2.0,heavy rains & cloudburst,"Doda, Kathua, Pulwama",Jammu and Kashmir,IMD,,,2016.0,8.0,6.0,0,2016.0,8.0,6.0,3.0,-0.8660254037844385,-0.5000000000000004,0,Heavy Rain,1,3,1
1.0,flash flood in tawi river & landslide,"Jammu, Reasi",Jammu and Kashmir,IMD,,,2016.0,8.0,24.0,0,2016.0,8.0,24.0,3.0,-0.8660254037844385,-0.5000000000000004,0,River/Water System,1,2,1
3.0,heavy rains,"Chatra, Garhwa, Hazaribagh, Ramgarh, Ranchi",Jharkhand,IMD,,20.0,2016.0,7.0,3.0,0,2016.0,7.0,3.0,3.0,-0.4999999999999997,-0.8660254037844388,0,Heavy Rain,1,5,1
1.0,heavy rains,Ramgarh,Jharkhand,IMD,607.0,20.0,2016.0,8.0,3.0,0,2016.0,8.0,3.0,3.0,-0.8660254037844385,-0.5000000000000004,0,Heavy Rain,1,1,1
1.0,heavy rains,East West Singhbhum,Jharkhand,IMD,,20.0,2016.0,8.0,12.0,0,2016.0,8.0,12.0,3.0,-0.8660254037844385,-0.5000000000000004,0,Heavy Rain,1,1,1
3.0,heavy rains,"Chatra, Garhwa, Hazaribagh, Khunti, Ranchi",Jharkhand,IMD,,20.0,2016.0,9.0,16.0,0,2016.0,9.0,16.0,3.0,-1.0,-1.8369701987210297e-16,0,Heavy Rain,1,5,1
4.0,heavy rains,"Chatra, Hazaribagh, Khunti, Ranchi",Jharkhand,IMD,,20.0,2016.0,9.0,9.0,0,2016.0,9.0,9.0,3.0,-1.0,-1.8369701987210297e-16,0,Heavy Rain,1,4,1
1.0,heavy rains,"Chatra, Hazaribagh",Jharkhand,IMD,,20.0,2016.0,10.0,9.0,0,2016.0,10.0,9.0,4.0,-0.8660254037844386,0.5000000000000001,0,Heavy Rain,1,2,1
1.0,heavy rains,Raichur,Karnataka,IMD,546.0,29.0,2016.0,6.0,20.0,0,2016.0,6.0,20.0,2.0,1.2246467991473532e-16,-1.0,0,Heavy Rain,1,1,1
1.0,heavy rains,"Dakshina Kannada, Udupi",Karnataka,IMD,,29.0,2016.0,6.0,22.0,0,2016.0,6.0,22.0,2.0,1.2246467991473532e-16,-1.0,0,Heavy Rain,1,2,1
1.0,heavy rains,Dakshina Kannada,Karnataka,IMD,534.0,29.0,2016.0,6.0,27.0,0,2016.0,6.0,27.0,2.0,1.2246467991473532e-16,-1.0,0,Heavy Rain,1,1,1
2.0,heavy rains,"Belagavi, Chikkamagaluru, Kodagu, Uttar Kashia Kannada",Karnataka,IMD,,29.0,2016.0,7.0,11.0,0,2016.0,7.0,11.0,3.0,-0.4999999999999997,-0.8660254037844388,0,Heavy Rain,1,4,1
1.0,heavy rains,Kannur,Kerala,IMD,557.0,32.0,2016.0,4.0,14.0,0,2016.0,4.0,14.0,2.0,0.8660254037844387,-0.4999999999999998,0,Heavy Rain,1,1,1
1.0,heavy rains,Kozhikode,Kerala,IMD,561.0,32.0,2016.0,5.0,31.0,0,2016.0,5.0,31.0,2.0,0.49999999999999994,-0.8660254037844387,0,Heavy Rain,1,1,1
3.0,"heavy rains, flood & landslides","Idukki, Kottayam, Thiruvananthapuram, Wayanad",Kerala,IMD,,32.0,2016.0,6.0,7.0,0,2016.0,6.0,7.0,2.0,1.2246467991473532e-16,-1.0,0,Landslide,1,4,1
4.0,heavy rain,"Idukki, Kannur, Kollam, Pathanamthitta, Thiruvananthapuram, Wayanad",Kerala,IMD,,32.0,2016.0,6.0,10.0,0,2016.0,6.0,10.0,2.0,1.2246467991473532e-16,-1.0,0,Heavy Rain,1,6,1
6.0,heavy rain,"Idukki, Kasaragod, Wayanad",Kerala,IMD,,32.0,2016.0,7.0,10.0,0,2016.0,7.0,10.0,3.0,-0.4999999999999997,-0.8660254037844388,0,Heavy Rain,1,3,1
1.0,heavy rain,Kozhikode,Kerala,IMD,561.0,32.0,2016.0,9.0,18.0,0,2016.0,9.0,18.0,3.0,-1.0,-1.8369701987210297e-16,0,Heavy Rain,1,1,1
1.0,floods & heavy rains,"Rewa, Sehore",Madhya Pradesh,IMD,,23.0,2016.0,7.0,6.0,0,2016.0,7.0,6.0,3.0,-0.4999999999999997,-0.8660254037844388,0,Heavy Rain,1,2,1
1.0,flood in tamas river,"Bhind, Panna, Rewa",Madhya Pradesh,IMD,,23.0,2016.0,7.0,7.0,0,2016.0,7.0,7.0,3.0,-0.4999999999999997,-0.8660254037844388,0,River/Water System,1,3,1
3.0,floods & heavy rains,"Bhopal, Damoh, Malda, Morena, Seoni",Madhya Pradesh,IMD,,23.0,2016.0,7.0,8.0,1,2016.0,7.0,8.0,3.0,-0.4999999999999997,-0.8660254037844388,0,Heavy Rain,1,5,1
1.0,heavy rains,Vidisha,Madhya Pradesh,IMD,437.0,23.0,2016.0,8.0,2.0,0,2016.0,8.0,2.0,3.0,-0.8660254037844385,-0.5000000000000004,0,Heavy Rain,1,1,1
2.0,floods & heavy rains,"Raisen, Rewa, Sagar, Satna, Vidisha",Madhya Pradesh,IMD,,23.0,2016.0,8.0,19.0,1,2016.0,8.0,19.0,3.0,-0.8660254037844385,-0.5000000000000004,0,Heavy Rain,1,5,1
1.0,heavy rains,"Bhandara, Gadchiroli, Gondia",Maharashtra,IMD,,27.0,2016.0,5.0,21.0,0,2016.0,5.0,21.0,2.0,0.49999999999999994,-0.8660254037844387,0,Heavy Rain,1,3,1
1.0,heavy rains,Parts of Maharashtra,Maharashtra,IMD,,27.0,2016.0,6.0,6.0,0,2016.0,6.0,6.0,2.0,1.2246467991473532e-16,-1.0,0,Heavy Rain,1,1,1
1.0,heavy rains,Mumbai,Maharashtra,IMD,482.0,27.0,2016.0,6.0,20.0,0,2016.0,6.0,20.0,2.0,1.2246467991473532e-16,-1.0,0,Heavy Rain,1,1,1
1.0,heavy rains,Mumbai,Maharashtra,IMD,482.0,27.0,2016.0,6.0,25.0,0,2016.0,6.0,25.0,2.0,1.2246467991473532e-16,-1.0,0,Heavy Rain,1,1,1
3.0,heavy rains,"Ahmednagar, Dhule, Jalgaon, Mumbai, Nandurbar, Nashik, Pune",Maharashtra,IMD,,27.0,2016.0,7.0,1.0,1,2016.0,7.0,1.0,3.0,-0.4999999999999997,-0.8660254037844388,0,Heavy Rain,1,7,1
3.0,"heavy rains & flood in narmada, tapi wainganga","Chandrapur, Gadchiroli, Nandurbar",Maharashtra,IMD,,27.0,2016.0,7.0,8.0,0,2016.0,7.0,8.0,3.0,-0.4999999999999997,-0.8660254037844388,0,Heavy Rain,1,3,1
2.0,heavy rains,"Kolhapur, Mumbai, Mumbai Suburban, Raigad, Ratnagiri, Sindhudurg, Thane, Palghar",Maharashtra,IMD,,27.0,2016.0,7.0,11.0,0,2016.0,7.0,11.0,3.0,-0.4999999999999997,-0.8660254037844388,0,Heavy Rain,1,8,1
1.0,heavy rains,"Akola, Amravati, Chandrapur, Gadchiroli Yavotmal, Washim",Maharashtra,IMD,,27.0,2016.0,7.0,12.0,0,2016.0,7.0,12.0,3.0,-0.4999999999999997,-0.8660254037844388,0,Heavy Rain,1,5,1
1.0,heavy rains,"Akola, Amravati",Maharashtra,IMD,,27.0,2016.0,7.0,28.0,0,2016.0,7.0,28.0,3.0,-0.4999999999999997,-0.8660254037844388,0,Heavy Rain,1,2,1
2.0,heavy rains,Mumbai,Maharashtra,IMD,482.0,27.0,2016.0,7.0,30.0,0,2016.0,7.0,30.0,3.0,-0.4999999999999997,-0.8660254037844388,0,Heavy Rain,1,1,1
1.0,heavy rains,Thane,Maharashtra,IMD,497.0,27.0,2016.0,8.0,1.0,0,2016.0,8.0,1.0,3.0,-0.8660254037844385,-0.5000000000000004,0,Heavy Rain,1,1,1
3.0,heavy rain & flash flood,Parts of Maharashtra,Maharashtra,IMD,,27.0,2016.0,9.0,24.0,0,2016.0,9.0,24.0,3.0,-1.0,-1.8369701987210297e-16,0,Flash Flood,1,1,1
1.0,landslide,Aizawl,Mizoram,IMD,261.0,15.0,2016.0,5.0,23.0,0,2016.0,5.0,23.0,2.0,0.49999999999999994,-0.8660254037844387,0,Landslide,1,1,1
1.0,landslip,Aizawl,Mizoram,IMD,261.0,15.0,2016.0,9.0,18.0,0,2016.0,9.0,18.0,3.0,-1.0,-1.8369701987210297e-16,0,Other,1,1,1
6.0,heavy rains,"Koraput, Sambalpur",Odisha,IMD,,21.0,2016.0,8.0,3.0,0,2016.0,8.0,3.0,3.0,-0.8660254037844385,-0.5000000000000004,0,Heavy Rain,1,2,1
15.0,heavy rains,"Baran, Jhalawar, Pali",Rajasthan,IMD,,8.0,2016.0,8.0,6.0,1,2016.0,8.0,6.0,3.0,-0.8660254037844385,-0.5000000000000004,1,Heavy Rain,1,3,1
3.0,"flood(kuzhithurai ,sitraru rivers)",Kanniyakumariumari,Tamil Nadu,IMD,,33.0,2016.0,6.0,11.0,0,2016.0,6.0,11.0,2.0,1.2246467991473532e-16,-1.0,0,River/Water System,1,1,1
1.0,heavy rains,Krishnagiri,Tamil Nadu,IMD,577.0,33.0,2016.0,7.0,26.0,0,2016.0,7.0,26.0,3.0,-0.4999999999999997,-0.8660254037844388,0,Heavy Rain,1,1,1
30.0,heavy rains & floods,"Hyderabad, Kamareddy, Karimnagar, Medak, Medchal Malkajgiri, Nalgonda, Nizamabad, Sangareddy, Vikarabad, Warangal, Yadadri Yadadri Bhuvanagiri",Telangana,IMD,,36.0,2016.0,9.0,1.0,1,2016.0,9.0,1.0,3.0,-1.0,-1.8369701987210297e-16,1,Heavy Rain,1,11,1
1.0,heavy rains,Meerut,Uttar Pradesh,IMD,169.0,9.0,2016.0,3.0,12.0,0,2016.0,3.0,12.0,1.0,1.0,6.123233995736766e-17,0,Heavy Rain,1,1,1
3.0,heavy rains,"Bahraich, Gonda, Basti, Gorakhpur, Deoria, Ballia, Azamgarh, Ayodhya, Sultanpur, Jaunpur, Ghazipurr, Varanasi, Mirzapur, Prayagraj, Pratapgarh",Uttar Pradesh,IMD,,9.0,2016.0,7.0,1.0,1,2016.0,7.0,1.0,3.0,-0.4999999999999997,-0.8660254037844388,0,Heavy Rain,1,15,1
1.0,heavy rains,"Meerut, Bulandshahr, Gautam Buddha Nagar, Ghaziabad, Hapur, Baghpat, Saharanpur, Muzaffarnagar, Shamli, Moradabad, Bijnor, Rampur, Amroha, Sambhal, Bareilly, Budaun, Pilibhit, Shahjahanpur, Agra, Firozabad, Mainpuri, Mathura, Aligarh, Etah, Hathras, Kasganj, Etawah, Auraiya,Farrukhabad",Uttar Pradesh,IMD,,9.0,2016.0,7.0,18.0,1,2016.0,7.0,18.0,3.0,-0.4999999999999997,-0.8660254037844388,0,Heavy Rain,1,29,1
1.0,heavy rains,"Bahraich, Gonda, Basti, Gorakhpur, Deoria, Ballia, Azamgarh, Ayodhya, Sultanpur, Jaunpur, Ghazipurr, Varanasi, Mirzapur, Prayagraj, Pratapgarh",Uttar Pradesh,IMD,,9.0,2016.0,7.0,30.0,0,2016.0,7.0,30.0,3.0,-0.4999999999999997,-0.8660254037844388,0,Heavy Rain,1,15,1
1.0,heavy rains,"Bahraich, Gonda, Basti, Gorakhpur, Deoria, Ballia, Azamgarh, Ayodhya, Sultanpur, Jaunpur, Ghazipurr, Varanasi, Mirzapur, Prayagraj, Pratapgarh",Uttar Pradesh,IMD,,9.0,2016.0,8.0,16.0,0,2016.0,8.0,16.0,3.0,-0.8660254037844385,-0.5000000000000004,0,Heavy Rain,1,15,1
1.0,landslide,Dehradun,Uttarakhand,IMD,49.0,5.0,2016.0,5.0,22.0,1,2016.0,5.0,22.0,2.0,0.49999999999999994,-0.8660254037844387,0,Landslide,1,1,1
1.0,cloud burst,"Tehri Garhwal,Uttar Kashi Kashi",Uttarakhand,IMD,,5.0,2016.0,5.0,28.0,0,2016.0,5.0,28.0,2.0,0.49999999999999994,-0.8660254037844387,0,Other,1,2,1
1.0,cloud burst,"Chamoli, Pithoragarh",Uttarakhand,IMD,,5.0,2016.0,7.0,3.0,1,2016.0,7.0,3.0,3.0,-0.4999999999999997,-0.8660254037844388,0,Other,1,2,1
2.0,heavy rains & heavy rains &,"Dehradun, Nainital, Tehri Garhwal, Uttar Kashi Kashi",Uttarakhand,IMD,,5.0,2016.0,7.0,16.0,1,2016.0,7.0,16.0,3.0,-0.4999999999999997,-0.8660254037844388,0,Heavy Rain,1,4,1
3.0,landslide,Dehradun,Uttarakhand,IMD,49.0,5.0,2016.0,7.0,21.0,1,2016.0,7.0,21.0,3.0,-0.4999999999999997,-0.8660254037844388,0,Landslide,1,1,1
1.0,heavy rains & landslides,Darjeeling,West Bengal,IMD,309.0,19.0,2016.0,7.0,20.0,0,2016.0,7.0,20.0,3.0,-0.4999999999999997,-0.8660254037844388,0,Landslide,1,1,1
2.0,flood,"North westdusar, Cooch Behar, Darjeeling, Jalpaiguri",West Bengal,IMD,,19.0,2016.0,7.0,24.0,0,2016.0,7.0,24.0,3.0,-0.4999999999999997,-0.8660254037844388,0,Other,1,4,1
1.0,heavy rains,Kolkata,West Bengal,IMD,315.0,19.0,2016.0,8.0,17.0,0,2016.0,8.0,17.0,3.0,-0.8660254037844385,-0.5000000000000004,0,Heavy Rain,1,1,1
7.0,heavy rains & flood in mahananda river,"Hooghly, Howrah",West Bengal,IMD,,19.0,2016.0,8.0,23.0,0,2016.0,8.0,23.0,3.0,-0.8660254037844385,-0.5000000000000004,1,River/Water System,1,2,1
1.0,landslide,Papum Pare,Andhra Pradesh,IMD,237.0,28.0,2017.0,7.0,11.0,1,2017.0,7.0,11.0,3.0,-0.4999999999999997,-0.8660254037844388,0,Landslide,1,1,1
1.0,heavy,"Dibrugarh, Tinsukia",Assam,IMD,,18.0,2017.0,2.0,22.0,0,2017.0,2.0,22.0,1.0,0.8660254037844386,0.5000000000000001,0,Other,1,2,1
1.0,heavy rain,Cachar,Assam,IMD,282.0,18.0,2017.0,3.0,31.0,0,2017.0,3.0,31.0,1.0,1.0,6.123233995736766e-17,0,Heavy Rain,1,1,1
3.0,"flood (brahmaputra,tributaries)","Darrang, Dima Hasao, Hailakandi, Kamrup, Lakhimpur",Assam,IMD,,18.0,2017.0,6.0,13.0,0,2017.0,6.0,13.0,2.0,1.2246467991473532e-16,-1.0,0,River/Water System,1,5,1
3.0,"flood (brahmaputra,tributaries)","Darrang, Karimganj, Lakhimpur, Nalbari",Assam,IMD,,18.0,2017.0,6.0,18.0,0,2017.0,6.0,18.0,2.0,1.2246467991473532e-16,-1.0,0,River/Water System,1,4,1
7.0,"flood (brahmaputra,tributaries)","Barpeta, Biswanath, Bongaigaon, Chirang, Dhemaji, Golaghat, Hailakandi, Jorhat, Karimganj, Kokrajhar, Kamrup, Lakhimpur, Mancachar, Nagaon, Nalbari, Sivasagar, Sonitpur",Assam,IMD,,18.0,2017.0,1.0,7.0,1,2017.0,1.0,7.0,1.0,0.49999999999999994,0.8660254037844387,1,River/Water System,1,17,1
5.0,"flood (brahmaputra,tributaries)","Barpeta, Biswanath, Bongaigaon, Cachar, Charaideo, Chirang, Darrang, Dhemaji, Dhubri, Dibrugarh,Golaghat, Goalpara, Hailakandi, Jorhat, Karimganj, Kamrup, Karbi Anglong, Kokrajhar, Lakhimpur, Majuli, Mancachar, Nagaon, Nalbari, Sivasagar, Sonitpur, South Salmara Mancachar",Assam,IMD,,18.0,2017.0,9.0,7.0,1,2017.0,9.0,7.0,3.0,-1.0,-1.8369701987210297e-16,0,River/Water System,1,26,1
10.0,"flood (brahmaputra,tributaries)","Barpeta, Biswanath, Cachar, Chirang, Dibrugarh, Golaghat, Goalpara, Hailakandi, Jorhat, Karbi Anglong, Karimganj, Lakhimpur, Nagaon, Sivasagar",Assam,IMD,,18.0,2017.0,7.0,15.0,1,2017.0,7.0,15.0,3.0,-0.4999999999999997,-0.8660254037844388,1,River/Water System,1,14,1
12.0,"flood (brahmaputra,tributaries)","Barpeta, Biswanath, Bongaigaon, Charaideo, Chirang, Darrang, Dhemaji, Dibrugarh, Dhubri, Goalpara, Golaghat, Jorhat, Kamrup, Kamrup Metro, Karbi Anglong, Kokrajhar, Lakhimpur, Majuli, Mancachar, Nagaon, Nalbari, Sivasagar, Sonitpur, South Salmara Mancachar",Assam,IMD,,18.0,2017.0,10.0,8.0,1,2017.0,10.0,8.0,4.0,-0.8660254037844386,0.5000000000000001,1,River/Water System,1,24,1
5.0,"flood (brahmaputra,tributaries)","Cachar, Chirang, Dhemaji, Jorhat, Lakhimpur, Marigaon, Nagaon, Sonitpur,Udalguri",Assam,IMD,,18.0,2017.0,7.0,9.0,0,2017.0,7.0,9.0,3.0,-0.4999999999999997,-0.8660254037844388,0,River/Water System,1,9,1
1.0,heavy rain,"Araria, Aurangabad, Begusarai, Lakhisarai, Madhubani,Munger, Nalanda,Patna, Purnia, Supaul",Bihar,IMD,,10.0,2017.0,9.0,5.0,1,2017.0,9.0,5.0,3.0,-1.0,-1.8369701987210297e-16,0,Heavy Rain,1,10,1
3.0,"floods in koshi, bagmati, mahananda & gandak river due to heavy rain in nepal","Araria, Darbhanga, Purbi Champaran, Gopalganj, Katihar, Khagaria, Kishanganj, Madhepura, Madhubani, Muzaffarpur, Purnia, Rohtas, Saran, Sitamarhi, Supaul, Vaishali, Pashchim Champaran",Bihar,IMD,,10.0,2017.0,11.0,7.0,0,2017.0,11.0,7.0,4.0,-0.5000000000000004,0.8660254037844384,0,River/Water System,1,17,1
3.0,heavy rains & floods,"Araria, Purbi Champaran, Katihar, Kishanganj, Madhepura, Nalanda, Purnia, Pashchim Champaran",Bihar,IMD,,10.0,2017.0,8.0,13.0,1,2017.0,8.0,13.0,3.0,-0.8660254037844385,-0.5000000000000004,0,Heavy Rain,1,8,1
1.0,floods due to heavy rains in nepal,"Madhubani, Muzaffarpur, Samastipur, Sheohar",Bihar,IMD,,10.0,2017.0,8.0,25.0,1,2017.0,8.0,25.0,3.0,-0.8660254037844385,-0.5000000000000004,0,Heavy Rain,1,4,1
1.0,heavy rains,Surguja,Chhattisgarh,IMD,389.0,22.0,2017.0,11.0,7.0,0,2017.0,11.0,7.0,4.0,-0.5000000000000004,0.8660254037844384,0,Heavy Rain,1,1,1
1.0,heavy rains,"Balrampur, Bemetara, Dakshin Bastar Dantewada, Durg, Raigarh, Raipur, Rajnandgaon, Surguja",Chhattisgarh,IMD,,22.0,2017.0,7.0,29.0,1,2017.0,7.0,29.0,3.0,-0.4999999999999997,-0.8660254037844388,0,Heavy Rain,1,8,1
122.0,heavy rains & floods,"Ahmedabad, Amreli, Anand, Arvalli, Bharuch, Banas Kantha, Devbhumi Dwarka Dwarka, Gandhinagar, Gir Somnath, Jamnagar, Junagadh, Kheda, Kachchh, Mahisagar, Mahesana, Morbi, Navsari, Panch Mahals, Patan, Rajkot, Surat, Surendranagar, Dangs, Valsad",Gujarat,IMD,,24.0,2017.0,1.0,6.0,1,2017.0,1.0,6.0,1.0,0.49999999999999994,0.8660254037844387,1,Heavy Rain,1,24,1
1.0,heavy rains,"Bilaspur, Hamirpur, Shimla, Solan,Chamba",Himachal Pradesh,IMD,,2.0,2017.0,6.0,6.0,0,2017.0,6.0,6.0,2.0,1.2246467991473532e-16,-1.0,0,Heavy Rain,1,5,1
1.0,heavy rains,"Chamba, Solan",Himachal Pradesh,IMD,,2.0,2017.0,6.0,21.0,0,2017.0,6.0,21.0,2.0,1.2246467991473532e-16,-1.0,0,Heavy Rain,1,2,1
1.0,heavy rains,Mandi,Himachal Pradesh,IMD,22.0,2.0,2017.0,12.0,7.0,0,2017.0,12.0,7.0,4.0,-2.4492935982947064e-16,1.0,0,Heavy Rain,1,1,1
1.0,cloud burst & heavy rains,"Chamba, Hamirpur, Kullu, Mandi, Shimla,",Himachal Pradesh,IMD,,2.0,2017.0,7.0,16.0,0,2017.0,7.0,16.0,3.0,-0.4999999999999997,-0.8660254037844388,0,Heavy Rain,1,5,1
2.0,heavy rains & landslide,"Chamba, Shimla, Una",Himachal Pradesh,IMD,,2.0,2017.0,7.0,17.0,0,2017.0,7.0,17.0,3.0,-0.4999999999999997,-0.8660254037844388,0,Landslide,1,3,1
1.0,heavy rains & landslide,"Solan, Una",Himachal Pradesh,IMD,,2.0,2017.0,5.0,8.0,0,2017.0,5.0,8.0,2.0,0.49999999999999994,-0.8660254037844387,0,Landslide,1,2,1
2.0,heavy rains & landslide,"Chamba, Hamirpur, Kangra, Kullu, Shimla",Himachal Pradesh,IMD,,2.0,2018.0,6.0,8.0,0,2018.0,6.0,8.0,2.0,1.2246467991473532e-16,-1.0,0,Landslide,1,5,1
2.0,heavy rains & massive landslide,Mandi,Himachal Pradesh,IMD,22.0,2.0,2017.0,8.0,13.0,1,2017.0,8.0,13.0,3.0,-0.8660254037844385,-0.5000000000000004,0,Landslide,1,1,1
3.0,heavy rain,"Bilaspur, Solan, Una",Himachal Pradesh,IMD,,2.0,2017.0,8.0,18.0,0,2017.0,8.0,18.0,3.0,-0.8660254037844385,-0.5000000000000004,0,Heavy Rain,1,3,1
1.0,landslide,Kishtwar,Jammu and Kashmir,IMD,620.0,,2017.0,4.0,22.0,0,2017.0,4.0,22.0,2.0,0.8660254037844387,-0.4999999999999998,0,Landslide,1,1,1
1.0,flash floods,Udhampur,Jammu and Kashmir,IMD,14.0,,2017.0,7.0,17.0,0,2017.0,7.0,17.0,3.0,-0.4999999999999997,-0.8660254037844388,0,Flash Flood,1,1,1
1.0,flash flood & cloud burst,"Doda, Kishtwar",Jammu and Kashmir,IMD,,,2017.0,7.0,20.0,0,2017.0,7.0,20.0,3.0,-0.4999999999999997,-0.8660254037844388,0,Flash Flood,1,2,1
1.0,flash flood caused by cloud burst,Baramulla,Jammu and Kashmir,IMD,3.0,,2017.0,10.0,9.0,0,2017.0,10.0,9.0,4.0,-0.8660254037844386,0.5000000000000001,0,Flash Flood,1,1,1
1.0,heavy rains,Tumakuru,Karnataka,IMD,548.0,29.0,2017.0,5.0,24.0,0,2017.0,5.0,24.0,2.0,0.49999999999999994,-0.8660254037844387,0,Heavy Rain,1,1,1
1.0,heavy rains,Mysuru,Karnataka,IMD,545.0,29.0,2017.0,5.0,27.0,0,2017.0,5.0,27.0,2.0,0.49999999999999994,-0.8660254037844387,0,Heavy Rain,1,1,1
1.0,heavy rains & floods,"Bagalkotee Ballari, Beedar,  Kalaburagi",Karnataka,IMD,,29.0,2017.0,7.0,6.0,0,2017.0,7.0,6.0,3.0,-0.4999999999999997,-0.8660254037844388,0,Heavy Rain,1,3,1
2.0,heavy rains,"Beedar, Shivamogga, Udupi, Uttar Kashia Kannada",Karnataka,IMD,,29.0,2017.0,11.0,6.0,0,2017.0,11.0,6.0,4.0,-0.5000000000000004,0.8660254037844384,0,Heavy Rain,1,4,1
7.0,heavy rains,"Dakshina Kannada, Haveri, Yadgir",Karnataka,IMD,,29.0,2017.0,6.0,21.0,0,2017.0,6.0,21.0,2.0,1.2246467991473532e-16,-1.0,1,Heavy Rain,1,3,1
1.0,heavy rains,"Belagavi, Kodagu",Karnataka,IMD,,29.0,2017.0,7.0,19.0,0,2017.0,7.0,19.0,3.0,-0.4999999999999997,-0.8660254037844388,0,Heavy Rain,1,2,1
1.0,heavy rains,Belagavi,Karnataka,IMD,527.0,29.0,2017.0,7.0,21.0,0,2017.0,7.0,21.0,3.0,-0.4999999999999997,-0.8660254037844388,0,Heavy Rain,1,1,1
2.0,heavy rains,"Gadag, Koppal",Karnataka,IMD,,29.0,2017.0,10.0,8.0,0,2017.0,10.0,8.0,4.0,-0.8660254037844386,0.5000000000000001,0,Heavy Rain,1,2,1
2.0,heavy rains,"Bengaluru Urban, Gadag",Karnataka,IMD,,29.0,2017.0,8.0,14.0,0,2017.0,8.0,14.0,3.0,-0.8660254037844385,-0.5000000000000004,0,Heavy Rain,1,2,1
2.0,heavy rains,"Beedar, Dakshina Kannada, Yadgir",Karnataka,IMD,,29.0,2017.0,8.0,26.0,0,2017.0,8.0,26.0,3.0,-0.8660254037844385,-0.5000000000000004,0,Heavy Rain,1,3,1
1.0,heavy rains,"Kodagu, Uttar Kashia Kannada",Karnataka,IMD,,29.0,2017.0,8.0,28.0,0,2017.0,8.0,28.0,3.0,-0.8660254037844385,-0.5000000000000004,0,Heavy Rain,1,2,1
2.0,heavy rains,Mysuru,Karnataka,IMD,545.0,29.0,2017.0,5.0,9.0,0,2017.0,5.0,9.0,2.0,0.49999999999999994,-0.8660254037844387,0,Heavy Rain,1,1,1
3.0,heavy rains,"Bagalkotee Bengaluru Urban, Ballari, Bijapur, Hassan, Mysuru, Yadgir",Karnataka,IMD,,29.0,2017.0,8.0,9.0,1,2017.0,8.0,9.0,3.0,-0.8660254037844385,-0.5000000000000004,0,Heavy Rain,1,6,1
3.0,heavy rains,"Bagalkotee Bengaluru Urban, Raichur",Karnataka,IMD,,29.0,2017.0,9.0,13.0,0,2017.0,9.0,13.0,3.0,-1.0,-1.8369701987210297e-16,0,Heavy Rain,1,2,1
1.0,heavy rains,Bijapur,Karnataka,IMD,636.0,29.0,2017.0,9.0,17.0,0,2017.0,9.0,17.0,3.0,-1.0,-1.8369701987210297e-16,0,Heavy Rain,1,1,1
3.0,heavy rains,"Bagalkotee Bengaluru Urban, Dharwad, Gadag, Mandya, Mysuru, Raichur",Karnataka,IMD,,29.0,2017.0,9.0,26.0,0,2017.0,9.0,26.0,3.0,-1.0,-1.8369701987210297e-16,0,Heavy Rain,1,6,1
2.0,heavy rains,"Gadag,  Kalaburagi",Karnataka,IMD,,29.0,2017.0,9.0,29.0,0,2017.0,9.0,29.0,3.0,-1.0,-1.8369701987210297e-16,0,Heavy Rain,1,2,1
3.0,heavy rains,"Bengaluru Urban, Gadag, Hassan, Kolar, Raichur",Karnataka,IMD,,29.0,2017.0,10.0,13.0,1,2017.0,10.0,13.0,4.0,-0.8660254037844386,0.5000000000000001,0,Heavy Rain,1,5,1
1.0,heavy rains,Pathanamthitta,Kerala,IMD,564.0,32.0,2017.0,4.0,8.0,0,2017.0,4.0,8.0,2.0,0.8660254037844387,-0.4999999999999998,0,Heavy Rain,1,1,1
2.0,heavy rains,Idukki,Kerala,IMD,556.0,32.0,2017.0,6.0,8.0,0,2017.0,6.0,8.0,2.0,1.2246467991473532e-16,-1.0,0,Heavy Rain,1,1,1
3.0,heavy rains,"Idukki, Kozhikode,  Thiruvananthapuram",Kerala,IMD,,32.0,2017.0,8.0,9.0,0,2017.0,8.0,9.0,3.0,-0.8660254037844385,-0.5000000000000004,0,Heavy Rain,1,3,1
1.0,heavy rains & landslide,"Idukki, Kottayam,  Thiruvananthapuram",Kerala,IMD,,32.0,2017.0,9.0,17.0,0,2017.0,9.0,17.0,3.0,-1.0,-1.8369701987210297e-16,0,Landslide,1,3,1
2.0,heavy rains & landslide,"Idukki, Kottayam, Kozhikode,  Thiruvananthapuram, Thrissur, Wayanad",Kerala,IMD,,32.0,2017.0,9.0,18.0,0,2017.0,9.0,18.0,3.0,-1.0,-1.8369701987210297e-16,0,Landslide,1,6,1
1.0,heavy rains,"Kolhapur, Dharashiv, Sangli",Maharashtra,IMD,,27.0,2017.0,3.0,5.0,0,2017.0,3.0,5.0,1.0,1.0,6.123233995736766e-17,0,Heavy Rain,1,3,1
1.0,heavy rains,Thane,Maharashtra,IMD,497.0,27.0,2017.0,6.0,24.0,0,2017.0,6.0,24.0,2.0,1.2246467991473532e-16,-1.0,0,Heavy Rain,1,1,1
1.0,heavy rains,Gondia,Maharashtra,IMD,476.0,27.0,2017.0,7.0,16.0,0,2017.0,7.0,16.0,3.0,-0.4999999999999997,-0.8660254037844388,0,Heavy Rain,1,1,1
1.0,flood in bhav river,Ratnagiri,Maharashtra,IMD,492.0,27.0,2017.0,7.0,17.0,0,2017.0,7.0,17.0,3.0,-0.4999999999999997,-0.8660254037844388,0,River/Water System,1,1,1
1.0,heavy rains & floods,Pune,Maharashtra,IMD,490.0,27.0,2017.0,7.0,18.0,0,2017.0,7.0,18.0,3.0,-0.4999999999999997,-0.8660254037844388,0,Heavy Rain,1,1,1
1.0,heavy rains,"Gadchiroli, Nagpur",Maharashtra,IMD,,27.0,2017.0,7.0,19.0,0,2017.0,7.0,19.0,3.0,-0.4999999999999997,-0.8660254037844388,0,Heavy Rain,1,2,1
1.0,heavy rains,"Beed, Nanded, Parbhani",Maharashtra,IMD,,27.0,2017.0,8.0,20.0,0,2017.0,8.0,20.0,3.0,-0.8660254037844385,-0.5000000000000004,0,Heavy Rain,1,3,1
1.0,landslide,Pune,Maharashtra,IMD,490.0,27.0,2017.0,8.0,21.0,0,2017.0,8.0,21.0,3.0,-0.8660254037844385,-0.5000000000000004,0,Landslide,1,1,1
1.0,heavy rains,Thane,Maharashtra,IMD,497.0,27.0,2017.0,8.0,29.0,0,2017.0,8.0,29.0,3.0,-0.8660254037844385,-0.5000000000000004,0,Heavy Rain,1,1,1
1.0,heavy rains,"Palghar, Thane, Mumbai",Maharashtra,IMD,,27.0,2017.0,8.0,30.0,1,2017.0,8.0,30.0,3.0,-0.8660254037844385,-0.5000000000000004,0,Heavy Rain,1,3,1
3.0,heavy rains & floods,"Imphal West, Imphal East",Manipur,IMD,,14.0,2017.0,5.0,29.0,0,2017.0,5.0,29.0,2.0,0.49999999999999994,-0.8660254037844387,0,Heavy Rain,1,2,1
1.0,heavy rains & landslide,Ri Bhoi,Meghalaya,IMD,276.0,17.0,2017.0,6.0,17.0,0,2017.0,6.0,17.0,2.0,1.2246467991473532e-16,-1.0,0,Landslide,1,1,1
1.0,heavy rains & flood in tizu river,Phek,Nagaland,IMD,248.0,13.0,2017.0,2.0,6.0,0,2017.0,2.0,6.0,1.0,0.8660254037844386,0.5000000000000001,0,River/Water System,1,1,1
5.0,heavy rains,"Kalahandi, Koraput, Malkangiri, Nabarangpur, Rayagada",Odisha,IMD,,21.0,2017.0,7.0,15.0,0,2017.0,7.0,15.0,3.0,-0.4999999999999997,-0.8660254037844388,0,Heavy Rain,1,5,1
1.0,heavy rains/floods,Jajapur,Odisha,IMD,356.0,21.0,2017.0,2.0,8.0,0,2017.0,2.0,8.0,1.0,0.8660254037844386,0.5000000000000001,0,Heavy Rain,1,1,1
1.0,heavy rains,Tonk,Rajasthan,IMD,116.0,8.0,2017.0,5.0,23.0,0,2017.0,5.0,23.0,2.0,0.49999999999999994,-0.8660254037844387,0,Heavy Rain,1,1,1
1.0,heavy rains,Pali,Rajasthan,IMD,111.0,8.0,2017.0,1.0,7.0,0,2017.0,1.0,7.0,1.0,0.49999999999999994,0.8660254037844387,0,Heavy Rain,1,1,1
1.0,heavy rains,Banswara,Rajasthan,IMD,88.0,8.0,2017.0,7.0,14.0,0,2017.0,7.0,14.0,3.0,-0.4999999999999997,-0.8660254037844388,0,Heavy Rain,1,1,1
5.0,heavy rains,"Pali, Barmer, Jalore, Nagaur, Udaipur",Rajasthan,IMD,,8.0,2017.0,7.0,24.0,1,2017.0,7.0,24.0,3.0,-0.4999999999999997,-0.8660254037844388,0,Heavy Rain,1,5,1
1.0,heavy rains,"Pali, Bilaspur, Jodhpur",Rajasthan,IMD,,8.0,2017.0,7.0,30.0,0,2017.0,7.0,30.0,3.0,-0.4999999999999997,-0.8660254037844388,0,Heavy Rain,1,3,1
1.0,heavy rains,Baran,Rajasthan,IMD,366.0,8.0,2017.0,8.0,8.0,0,2017.0,8.0,8.0,3.0,-0.8660254037844385,-0.5000000000000004,0,Heavy Rain,1,1,1
1.0,heavy rains,Jodhpur,Rajasthan,IMD,107.0,8.0,2017.0,12.0,9.0,0,2017.0,12.0,9.0,4.0,-2.4492935982947064e-16,1.0,0,Heavy Rain,1,1,1
1.0,heavy rains,"Mangan, Gyalshing, Namchi, Gangtok",Sikkim,IMD,,11.0,2017.0,9.0,20.0,0,2017.0,9.0,20.0,3.0,-1.0,-1.8369701987210297e-16,0,Heavy Rain,1,4,1
1.0,floods & heavy rains,"Coimbatore, Nagapattinam, Tiruppur",Tamil Nadu,IMD,,33.0,2017.0,6.0,9.0,0,2017.0,6.0,9.0,2.0,1.2246467991473532e-16,-1.0,0,Heavy Rain,1,3,1
2.0,heavy rains,Krishnagiri,Tamil Nadu,IMD,577.0,33.0,2017.0,4.0,10.0,0,2017.0,4.0,10.0,2.0,0.8660254037844387,-0.4999999999999998,0,Heavy Rain,1,1,1
1.0,heavy rains & flood in palar river,Vellore,Tamil Nadu,IMD,595.0,33.0,2017.0,12.0,10.0,0,2017.0,12.0,10.0,4.0,-2.4492935982947064e-16,1.0,0,River/Water System,1,1,1
3.0,heavy rains,"Chennai, Cuddalore, Kanniyakumariumari, Karaikal, Nagarkoil, Tirunelveli",Tamil Nadu,IMD,,33.0,2017.0,2.0,11.0,1,2017.0,2.0,11.0,1.0,0.8660254037844386,0.5000000000000001,0,Heavy Rain,1,6,1
1.0,landslide,West Tripura,Tripura,IMD,272.0,16.0,2017.0,4.0,6.0,0,2017.0,4.0,6.0,2.0,0.8660254037844387,-0.4999999999999998,0,Landslide,1,1,1
3.0,heavy rains,West Tripura,Tripura,IMD,272.0,16.0,2017.0,11.0,8.0,0,2017.0,11.0,8.0,4.0,-0.5000000000000004,0.8660254037844384,0,Heavy Rain,1,1,1
1.0,heavy rains,"Bara Banki, Gonda",Uttar Pradesh,IMD,,9.0,2017.0,8.0,7.0,0,2017.0,8.0,7.0,3.0,-0.8660254037844385,-0.5000000000000004,0,Heavy Rain,1,2,1
1.0,heavy rains,"Bahraich, Bara Banki, Kheri",Uttar Pradesh,IMD,,9.0,2017.0,11.0,7.0,1,2017.0,11.0,7.0,4.0,-0.5000000000000004,0.8660254037844384,0,Heavy Rain,1,3,1
3.0,"floods in ghaghara, rapti & gandak ri vers","Bahraich, Balrampur, Bara Banki, Gonda, SShrawasti & Parts of East U.P.",Uttar Pradesh,IMD,,9.0,2017.0,8.0,14.0,1,2017.0,8.0,14.0,3.0,-0.8660254037844385,-0.5000000000000004,0,Other,1,5,1
7.0,"heavy rain & flood in ghaghara, gomati & rapti rivers","Azamgarh, Amethi, Bahraich, Ballia, Basti, Bhadohi, Chandauli, Deoria, Ayodhya, Ghazipurr, Gorakhpur, Jaunpur, Kushinagar, Kheri, Mahrajganj, Mau, Mirzapur, Pilibhit, Sant Kabir Nagar, SShrawasti, Siddharthnagar, Sonbhadra, Varanasi",Uttar Pradesh,IMD,,9.0,2017.0,4.0,9.0,1,2017.0,4.0,9.0,2.0,0.8660254037844387,-0.4999999999999998,1,River/Water System,1,23,1
1.0,landslide,Chamoli,Uttarakhand,IMD,47.0,5.0,2017.0,5.0,20.0,1,2017.0,5.0,20.0,2.0,0.49999999999999994,-0.8660254037844387,0,Landslide,1,1,1
1.0,landslide,Pithoragarh,Uttarakhand,IMD,53.0,5.0,2017.0,8.0,13.0,0,2017.0,8.0,13.0,3.0,-0.8660254037844385,-0.5000000000000004,0,Landslide,1,1,1
11.0,flood,"Bankura, Birbhum, Purba Purba Bardhaman, Hooghly, Howrah, Murshidabad, Nadia, Dakshin Dinajpur, Purba Purba Medinipur,Dakshin Dinajpur, South 24 Parganas",West Bengal,IMD,,19.0,2017.0,7.0,21.0,1,2017.0,7.0,21.0,3.0,-0.4999999999999997,-0.8660254037844388,1,Other,1,11,1
7.0,flood,"Jalpaiguri, Cooch Behar, North westduar, Maldah, North,Dakshin Dinajpur, Darjeeling,",West Bengal,IMD,,19.0,2017.0,8.0,8.0,1,2017.0,8.0,8.0,3.0,-0.8660254037844385,-0.5000000000000004,1,Other,1,7,1
1.0,heavy rains & cloudburst,"East Godavari, Guntur, Srikakulam, Vizianagaram",Andhra Pradesh,IMD,,28.0,2018.0,1.0,5.0,0,2018.0,1.0,5.0,1.0,0.49999999999999994,0.8660254037844387,0,Heavy Rain,1,4,1
2.0,"heavy rains & floods (krishna,godavari rivers)","East Godavari, Guntur, Krishna, West Godavari",Andhra Pradesh,IMD,,28.0,2018.0,8.0,20.0,0,2018.0,8.0,20.0,3.0,-0.8660254037844385,-0.5000000000000004,0,River/Water System,1,4,1
1.0,flash flood,"Upper Lower Subansiri, Anjaw, Changlang, Tawang, Papum Pare, Tirap, East Siang, Lohit, Kurung Kumey, Lower Lower Subansiri, East Kameng, West Kameng, West Kameng, West Kameng, Kra Daadi, Namsai, Longding, Upper Siang, Lower Siang, Dibang Valley, Lower Dibang Valley, Siang, Shi Yomi, Pak",Arunachal Pradesh,IMD,,12.0,2018.0,9.0,14.0,0,2018.0,9.0,14.0,3.0,-1.0,-1.8369701987210297e-16,0,Flash Flood,1,24,1
16.0,"flood (brahmaputra,tributaries)","Cachar, Charaideo, Dhemaji, Golaghat, Hailakandi, Hojai, Jorhat, Karbi Anglong, Karimganj, Lakhimpur",Assam,IMD,,18.0,2018.0,6.0,14.0,1,2018.0,6.0,14.0,2.0,1.2246467991473532e-16,-1.0,1,River/Water System,1,10,1
3.0,"flood (brahmaputra,tributaries)","Dhemaji, Golaghat, Lakhimpur, Sivasagar",Assam,IMD,,18.0,2018.0,7.0,29.0,0,2018.0,7.0,29.0,3.0,-0.4999999999999997,-0.8660254037844388,0,River/Water System,1,4,1
31.0,flood & landslide,"Barpeta, Biswanath, Charaideo, Darrang, Dhemaji, Golaghat, Lakhimpur, Sivasagar, Tinsukia, Udalguri",Assam,IMD,,18.0,2018.0,1.0,8.0,1,2018.0,1.0,8.0,1.0,0.49999999999999994,0.8660254037844387,1,Landslide,1,10,1
30.0,"heavy rains/flood (brahmaputra,tributaries)","Barpeta, Biswanath, Chirang, Dibrugarh, Dhemaji, Golaghat, Karbi Anglong, Lakhimpur,Majuli, Udalguri",Assam,IMD,,18.0,2018.0,1.0,9.0,0,2018.0,1.0,9.0,1.0,0.49999999999999994,0.8660254037844387,1,River/Water System,1,10,1
2.0,heavy rains,"Surat, Bharuch, Narmada, Navsari, Dangs, Valsad, Tapi",Gujarat,IMD,,24.0,2018.0,6.0,25.0,0,2018.0,6.0,25.0,2.0,1.2246467991473532e-16,-1.0,0,Heavy Rain,1,7,1
1.0,heavy rains,"Amreli,  Ahmedabad,Porbandar,  Botad, Gir Somnath, Surendranagar, Rajkot, Bhavnagar, Junagadh, Jamnagar, Devbhumi Dwarka Dwarka, Morbi",Gujarat,IMD,,24.0,2018.0,7.0,13.0,0,2018.0,7.0,13.0,3.0,-0.4999999999999997,-0.8660254037844388,0,Heavy Rain,1,12,1
1.0,heavy rains / flood,"Amreli, Bhavnagar, Surat",Gujarat,IMD,,24.0,2018.0,7.0,17.0,1,2018.0,7.0,17.0,3.0,-0.4999999999999997,-0.8660254037844388,0,Heavy Rain,1,3,1
2.0,heavy rains & landslide,Parts of Himachal Pradesh,Himachal Pradesh,IMD,,2.0,2018.0,12.0,8.0,1,2018.0,12.0,8.0,4.0,-2.4492935982947064e-16,1.0,0,Landslide,1,1,1
1.0,heavy rains / flood (beas river),"Kangra, Kullu, Lahul And Spiti, Una",Himachal Pradesh,IMD,,2.0,2018.0,9.0,23.0,0,2018.0,9.0,23.0,3.0,-1.0,-1.8369701987210297e-16,0,River/Water System,1,4,1
1.0,"heavy rains & landslide, flash flood","Ganderbal,Pulwama",Jammu and Kashmir,IMD,,,2018.0,3.0,7.0,0,2018.0,3.0,7.0,1.0,1.0,6.123233995736766e-17,0,Landslide,1,2,1
1.0,cloudburst & flash floods,"Jammu, Kupwara",Jammu and Kashmir,IMD,,,2018.0,8.0,14.0,0,2018.0,8.0,14.0,3.0,-0.8660254037844385,-0.5000000000000004,0,Flash Flood,1,2,1
1.0,landslide,Doda,Jammu and Kashmir,IMD,461.0,,2018.0,9.0,24.0,0,2018.0,9.0,24.0,3.0,-1.0,-1.8369701987210297e-16,0,Landslide,1,1,1
1.0,landslide,Rajouri,Jammu and Kashmir,IMD,12.0,,2018.0,3.0,11.0,0,2018.0,3.0,11.0,1.0,1.0,6.123233995736766e-17,0,Landslide,1,1,1
1.0,landslide,Ramban,Jammu and Kashmir,IMD,621.0,,2018.0,5.0,11.0,0,2018.0,5.0,11.0,2.0,0.49999999999999994,-0.8660254037844387,0,Landslide,1,1,1
1.0,heavy rains,Udupi,Karnataka,IMD,549.0,29.0,2018.0,5.0,29.0,0,2018.0,5.0,29.0,2.0,0.49999999999999994,-0.8660254037844387,0,Heavy Rain,1,1,1
1.0,heavy rains,"Bengaluru Urban, Belagavi",Karnataka,IMD,,29.0,2018.0,2.0,6.0,0,2018.0,2.0,6.0,1.0,0.8660254037844386,0.5000000000000001,0,Heavy Rain,1,2,1
4.0,heavy rains,"Bengaluru Rural, Chikkamagaluru, Dakshina Kannada, Kodagu, Uttar Kashia Kannada",Karnataka,IMD,,29.0,2018.0,8.0,6.0,0,2018.0,8.0,6.0,3.0,-0.8660254037844385,-0.5000000000000004,0,Heavy Rain,1,5,1
22.0,heavy rains / floods,"Chikkamagaluru, Dakshina Kannada, Hassan, Kodagu, Mysuru, Shivamogga, Udupi, Uttar Kashia Kannada",Karnataka,IMD,,29.0,2018.0,1.0,8.0,0,2018.0,1.0,8.0,1.0,0.49999999999999994,0.8660254037844387,1,Heavy Rain,1,8,1
1.0,heavy rains / floods,Thiruvananthapuram,Kerala,IMD,565.0,32.0,2018.0,5.0,21.0,0,2018.0,5.0,21.0,2.0,0.49999999999999994,-0.8660254037844387,0,Heavy Rain,1,1,1
34.0,heavy rains / floods,"Alappuzha, Ernakulam, Idukki, Kannur, Kasaragod, Kollam, Kottayam, Kozhikode, Malappuram, Palakkad, Pathanamthitta, Thrissur, Thiruvananthapuram, Wayanad",Kerala,IMD,,32.0,2018.0,5.0,29.0,1,2018.0,5.0,29.0,2.0,0.49999999999999994,-0.8660254037844387,1,Heavy Rain,1,14,1
30.0,heavy rains / floods,"Alappuzha, Ernakulam, Idukki, Kannur, Kasaragod, Kollam, Kottayam, Kozhikode, Malappuram, Palakkad, Pathanamthitta, Thrissur, Thiruvananthapuram, Wayanad",Kerala,IMD,,32.0,2018.0,1.0,8.0,1,2018.0,1.0,8.0,1.0,0.49999999999999994,0.8660254037844387,1,Heavy Rain,1,14,1
1.0,heavy rains,Khargone (Khargone (West Nimar)),Madhya Pradesh,IMD,,23.0,2018.0,6.0,22.0,0,2018.0,6.0,22.0,2.0,1.2246467991473532e-16,-1.0,0,Heavy Rain,1,1,1
1.0,heavy rains,"Burhanpur, Harda",Madhya Pradesh,IMD,,23.0,2018.0,12.0,7.0,0,2018.0,12.0,7.0,4.0,-2.4492935982947064e-16,1.0,0,Heavy Rain,1,2,1
1.0,heavy rains,Bhopal,Madhya Pradesh,IMD,396.0,23.0,2018.0,7.0,17.0,0,2018.0,7.0,17.0,3.0,-0.4999999999999997,-0.8660254037844388,0,Heavy Rain,1,1,1
1.0,flood in besla river,Bhind,Madhya Pradesh,IMD,395.0,23.0,2018.0,4.0,9.0,0,2018.0,4.0,9.0,2.0,0.8660254037844387,-0.4999999999999998,0,River/Water System,1,1,1
1.0,floods & heavy rains,Chhindwara,Madhya Pradesh,IMD,399.0,23.0,2018.0,9.0,22.0,0,2018.0,9.0,22.0,3.0,-1.0,-1.8369701987210297e-16,0,Heavy Rain,1,1,1
1.0,heavy rains,Pune,Maharashtra,IMD,490.0,27.0,2018.0,5.0,27.0,0,2018.0,5.0,27.0,2.0,0.49999999999999994,-0.8660254037844387,0,Heavy Rain,1,1,1
1.0,heavy rains,Pune,Maharashtra,IMD,490.0,27.0,2018.0,6.0,6.0,0,2018.0,6.0,6.0,2.0,1.2246467991473532e-16,-1.0,0,Heavy Rain,1,1,1
1.0,heavy rains,Thane,Maharashtra,IMD,497.0,27.0,2018.0,10.0,6.0,0,2018.0,10.0,6.0,4.0,-0.8660254037844386,0.5000000000000001,0,Heavy Rain,1,1,1
1.0,heavy rains,"Mumbai, Mumbai Suburban, Palghar, Raigarh, Sindhudurg, Thane",Maharashtra,IMD,,27.0,2018.0,6.0,25.0,0,2018.0,6.0,25.0,2.0,1.2246467991473532e-16,-1.0,0,Heavy Rain,1,6,1
1.0,floods & heavy rains,Mumbai,Maharashtra,IMD,482.0,27.0,2018.0,3.0,7.0,0,2018.0,3.0,7.0,1.0,1.0,6.123233995736766e-17,0,Heavy Rain,1,1,1
1.0,floods & heavy rains,Nagpur,Maharashtra,IMD,484.0,27.0,2018.0,7.0,7.0,0,2018.0,7.0,7.0,3.0,-0.4999999999999997,-0.8660254037844388,0,Heavy Rain,1,1,1
1.0,floods & heavy rains,"Chandrapur, Nagpur, Wardha",Maharashtra,IMD,,27.0,2018.0,8.0,7.0,0,2018.0,8.0,7.0,3.0,-0.8660254037844385,-0.5000000000000004,0,Heavy Rain,1,3,1
1.0,floods & heavy rains,"Amravati, Mumbai",Maharashtra,IMD,,27.0,2018.0,10.0,7.0,0,2018.0,10.0,7.0,4.0,-0.8660254037844386,0.5000000000000001,0,Heavy Rain,1,2,1
1.0,floods & heavy rains,Yavatmal,Maharashtra,IMD,500.0,27.0,2018.0,11.0,7.0,0,2018.0,11.0,7.0,4.0,-0.5000000000000004,0.8660254037844384,0,Heavy Rain,1,1,1
2.0,floods & heavy rains,"Akola, Buldhana, Nandurbar, Pune, Washim, Yavatmal",Maharashtra,IMD,,27.0,2018.0,8.0,17.0,0,2018.0,8.0,17.0,3.0,-0.8660254037844385,-0.5000000000000004,0,Heavy Rain,1,6,1
1.0,heavy rains & floods (mutha river),Pune,Maharashtra,IMD,490.0,27.0,2018.0,8.0,19.0,0,2018.0,8.0,19.0,3.0,-0.8660254037844385,-0.5000000000000004,0,River/Water System,1,1,1
2.0,,"Akola, Amravati, Aurangabad, Beed, Bhandara, Buldhana, Chandrapur, Gadchiroli, Gondia, Hingoli, Jalgaon, Jalna, Latur, Nagpur, Nashik, Nanded, Dharashiv, Parbhani, Wardha, Washim, Yavatmal",Maharashtra,IMD,,27.0,2018.0,8.0,20.0,1,2018.0,8.0,20.0,3.0,-0.8660254037844385,-0.5000000000000004,0,Other,1,21,1
1.0,landslide,Tamenglong,Manipur,IMD,258.0,14.0,2018.0,11.0,7.0,0,2018.0,11.0,7.0,4.0,-0.5000000000000004,0.8660254037844384,0,Landslide,1,1,1
1.0,landslide,Aizawl,Mizoram,IMD,261.0,15.0,2018.0,5.0,13.0,0,2018.0,5.0,13.0,2.0,0.49999999999999994,-0.8660254037844387,0,Landslide,1,1,1
31.0,heavy rains & flash floods,"Kiphire, Kohima, Zunheboto",Nagaland,IMD,,13.0,2018.0,1.0,8.0,1,2018.0,1.0,8.0,1.0,0.49999999999999994,0.8660254037844387,1,Flash Flood,1,3,1
6.0,,"Kalahandi, Malkangiri, Nayagarh, Rayagada, Sambalpur",Odisha,IMD,,21.0,2018.0,7.0,15.0,1,2018.0,7.0,15.0,3.0,-0.4999999999999997,-0.8660254037844388,0,Other,1,5,1
5.0,,"Bhadrak, Dhenkanal, Jajapur, Subarnapur, Nuapada, Balangir, Boudh, Cuttack, Kandhamal, Nayagarh, Khordha, Kalahandi, Jagatsinghapur, Puri, Nagpur, Rayagada, Koraput, Malkangiri, Anugul, Kendrapara, Ganjam, Gajapati, Mayurbhanj, Sundargarh, Kendujhar, Baleshwar, Jharsuguda, Bargarh, Deogarh, Sambalpur",Odisha,IMD,,21.0,2018.0,8.0,14.0,0,2018.0,8.0,14.0,3.0,-0.8660254037844385,-0.5000000000000004,0,Other,1,30,1
1.0,floods & heavy rains,"Amritsar, Jalandhar, Kapurthala",Punjab,IMD,,3.0,2018.0,9.0,23.0,0,2018.0,9.0,23.0,3.0,-1.0,-1.8369701987210297e-16,0,Heavy Rain,1,3,1
1.0,floods & heavy rains,"Jalandhar, Kapurthala",Punjab,IMD,,3.0,2018.0,9.0,24.0,0,2018.0,9.0,24.0,3.0,-1.0,-1.8369701987210297e-16,0,Heavy Rain,1,2,1
1.0,heavy rains,Alwar,Rajasthan,IMD,87.0,8.0,2018.0,6.0,28.0,0,2018.0,6.0,28.0,2.0,1.2246467991473532e-16,-1.0,0,Heavy Rain,1,1,1
1.0,heavy rains / floods,"Baran, Sawai Madhopur, Udaipur",Rajasthan,IMD,,8.0,2018.0,7.0,24.0,0,2018.0,7.0,24.0,3.0,-0.4999999999999997,-0.8660254037844388,0,Heavy Rain,1,3,1
1.0,heavy rains / floods,"Barmer, Sikar",Rajasthan,IMD,,8.0,2018.0,7.0,25.0,0,2018.0,7.0,25.0,3.0,-0.4999999999999997,-0.8660254037844388,0,Heavy Rain,1,2,1
1.0,heavy rains / floods,"Jaipur, Jaisalmer",Rajasthan,IMD,,8.0,2018.0,8.0,20.0,0,2018.0,8.0,20.0,3.0,-0.8660254037844385,-0.5000000000000004,0,Heavy Rain,1,2,1
1.0,heavy rains / floods,"Baran, Bundi, Jhalawar",Rajasthan,IMD,,8.0,2018.0,8.0,22.0,0,2018.0,8.0,22.0,3.0,-0.8660254037844385,-0.5000000000000004,0,Heavy Rain,1,3,1
1.0,heavy rains,"Baran, Jhalawar, Kota",Rajasthan,IMD,,8.0,2018.0,8.0,9.0,0,2018.0,8.0,9.0,3.0,-0.8660254037844385,-0.5000000000000004,0,Heavy Rain,1,3,1
1.0,heavy rains / floods,Baran,Rajasthan,IMD,366.0,8.0,2018.0,9.0,9.0,0,2018.0,9.0,9.0,3.0,-1.0,-1.8369701987210297e-16,0,Heavy Rain,1,1,1
1.0,heavy rain,Salem,Tamil Nadu,IMD,584.0,33.0,2018.0,5.0,20.0,0,2018.0,5.0,20.0,2.0,0.49999999999999994,-0.8660254037844387,0,Heavy Rain,1,1,1
1.0,heavy rain,Viluppuram,Tamil Nadu,IMD,596.0,33.0,2018.0,11.0,22.0,0,2018.0,11.0,22.0,4.0,-0.5000000000000004,0.8660254037844384,0,Heavy Rain,1,1,1
1.0,heavy rain,Thanjavur,Tamil Nadu,IMD,586.0,33.0,2018.0,11.0,24.0,0,2018.0,11.0,24.0,4.0,-0.5000000000000004,0.8660254037844384,0,Heavy Rain,1,1,1
1.0,flash floods & landslide,West Tripura,Tripura,IMD,272.0,16.0,2018.0,5.0,20.0,0,2018.0,5.0,20.0,2.0,0.49999999999999994,-0.8660254037844387,0,Landslide,1,1,1
1.0,heavy rains,"Agra, Ambedkar Nagar, Bahraich, Bara Banki, Kushinagar, Mathura, Rae Bareli, SShrawasti, Sitapur",Uttar Pradesh,IMD,,9.0,2018.0,6.0,4.0,0,2018.0,6.0,4.0,2.0,1.2246467991473532e-16,-1.0,0,Heavy Rain,1,9,1
1.0,heavy rains,"Agra, Firozabad, Mathura, Sultanpur",Uttar Pradesh,IMD,,9.0,2018.0,11.0,4.0,1,2018.0,11.0,4.0,4.0,-0.5000000000000004,0.8660254037844384,0,Heavy Rain,1,4,1
1.0,heavy rains,Parts of Uttar Pradesh,Uttar Pradesh,IMD,,9.0,2018.0,8.0,6.0,1,2018.0,8.0,6.0,3.0,-0.8660254037844385,-0.5000000000000004,0,Heavy Rain,1,1,1
1.0,,Parts of Uttar Pradesh,Uttar Pradesh,IMD,,9.0,2018.0,11.0,7.0,0,2018.0,11.0,7.0,4.0,-0.5000000000000004,0.8660254037844384,0,Other,1,1,1
1.0,heavy rains & floods in ghagara river,"Prayagraj, Bara Banki, Sitapur",Uttar Pradesh,IMD,,9.0,2018.0,7.0,13.0,0,2018.0,7.0,13.0,3.0,-0.4999999999999997,-0.8660254037844388,0,River/Water System,1,3,1
1.0,heavy rains & floods (ganga & tributaries),"Agra, Prayagraj, Bahraich, Gautam Buddha Nagar, Ghaziabad, Kannauj, Kanpur nagar Dehat, Kanpur nagar Nagar, Kaushambi, Kheri, Lucknow, Mainpuri, Pratapgarh",Uttar Pradesh,IMD,,9.0,2018.0,7.0,26.0,1,2018.0,7.0,26.0,3.0,-0.4999999999999997,-0.8660254037844388,0,Heavy Rain,1,13,1
1.0,heavy rains & floods (ganga & tributaries),"Agra, Amethi, Bareilly, Bulandshahr, Firozabad, Ghaziabad, Hapur, Jalaun, Jaunpur, Kanpur nagar Dehat, Kasganj, Mainpuri, Mathura, Meerut, Muzaffarnagar, Pratapgarh, Rae Bareli",Uttar Pradesh,IMD,,9.0,2018.0,7.0,27.0,1,2018.0,7.0,27.0,3.0,-0.4999999999999997,-0.8660254037844388,0,Heavy Rain,1,17,1
1.0,heavy rains & floods (ganga & tributaries),"Agra, Amroha, Balrampur, Kannauj, Meerut, Saharanpur",Uttar Pradesh,IMD,,9.0,2018.0,7.0,28.0,1,2018.0,7.0,28.0,3.0,-0.4999999999999997,-0.8660254037844388,0,Heavy Rain,1,6,1
1.0,heavy rains & floods (ganga & tributaries),"Prayagraj, Amroha, Ballia, Chandauli, Ayodhya, Gonda, Kasganj, Kheri, Rae Bareli, Sambhal",Uttar Pradesh,IMD,,9.0,2018.0,7.0,29.0,0,2018.0,7.0,29.0,3.0,-0.4999999999999997,-0.8660254037844388,0,Heavy Rain,1,10,1
1.0,heavy rains,"Chitrakoot, Etawah, Farrukhabad,Fatehpur, Jalaun, Jaunpur, Kannauj, Kanpur nagar Nagar,Kanpur nagar Dehat, Kaushambi, Kheri, Lucknow, Mau, Pratapgarh, Sitapur, Unnao, Varanasi",Uttar Pradesh,IMD,,9.0,2018.0,7.0,30.0,0,2018.0,7.0,30.0,3.0,-0.4999999999999997,-0.8660254037844388,0,Heavy Rain,1,17,1
1.0,heavy rains & floods (ganga & tributaries),"Amethi, Bara Banki, Bahraich, Chitrakoot, Fatehpur,Hardoi, Kannauj, Kanpur nagar Dehat, Kanpur nagar Nagar, Lakhimpur, Sitapur",Uttar Pradesh,IMD,,9.0,2018.0,7.0,31.0,1,2018.0,7.0,31.0,3.0,-0.4999999999999997,-0.8660254037844388,0,Heavy Rain,1,11,1
1.0,heavy rains & floods (ganga & tributaries),"Agra, Bara Banki, Firozabad, Hardoi, Kanpur nagar Dehat, Mainpuri, Rae Bareli",Uttar Pradesh,IMD,,9.0,2018.0,1.0,8.0,1,2018.0,1.0,8.0,1.0,0.49999999999999994,0.8660254037844387,0,Heavy Rain,1,7,1
1.0,heavy rains & floods (ganga & tributaries),"Prayagraj, Ambedkar Nagar, Amethi,  Ayodhya, Bahraich, Balrampur, Bara Banki, Basti, Ayodhya, Fatehpur, Gonda, Hardoi, Jaunpur, Kanpur nagar Nagar,Kanpur nagar Dehat, Kaushambi, Kheri, Lucknow, Mathura, Pratapgarh, Rae Bareli, Sant Kabir Nagar,Shrawasti, Siddharthnagar, Sitapur, Sultanpur, Unnao, Varanasi",Uttar Pradesh,IMD,,9.0,2018.0,2.0,8.0,1,2018.0,2.0,8.0,1.0,0.8660254037844386,0.5000000000000001,0,Heavy Rain,1,28,1
1.0,heavy rains & floods (ganga & tributaries),"Amethi, Azamgarh, Gonda, Lucknow",Uttar Pradesh,IMD,,9.0,2018.0,3.0,8.0,1,2018.0,3.0,8.0,1.0,1.0,6.123233995736766e-17,0,Heavy Rain,1,4,1
1.0,heavy rains & floods (ganga & tributaries),"Budaun, Chandauli, Hardoi, Kheri, Mirzapur, Shahjahanpur, Unnao",Uttar Pradesh,IMD,,9.0,2018.0,4.0,8.0,0,2018.0,4.0,8.0,2.0,0.8660254037844387,-0.4999999999999998,0,Heavy Rain,1,7,1
1.0,heavy rains & floods (ganga & tributaries),"Bara Banki, Ghazipurr, Gorakhpur, Hardoi, Rampur, Sultanpur",Uttar Pradesh,IMD,,9.0,2018.0,5.0,8.0,1,2018.0,5.0,8.0,2.0,0.49999999999999994,-0.8660254037844387,0,Heavy Rain,1,6,1
1.0,heavy rains & floods (rapti river),"Bahraich, Balrampur",Uttar Pradesh,IMD,,9.0,2018.0,6.0,8.0,0,2018.0,6.0,8.0,2.0,1.2246467991473532e-16,-1.0,0,River/Water System,1,2,1
1.0,heavy rains & floods (ganga & tributaries),"Budaun, Hardoi, Kheri, Sitapur",Uttar Pradesh,IMD,,9.0,2018.0,12.0,8.0,0,2018.0,12.0,8.0,4.0,-2.4492935982947064e-16,1.0,0,Heavy Rain,1,4,1
1.0,heavy rains & floods (ganga & tributaries),"Basti, Bijnor, Kannauj, Sitapur, Sonbhadra",Uttar Pradesh,IMD,,9.0,2018.0,8.0,13.0,0,2018.0,8.0,13.0,3.0,-0.8660254037844385,-0.5000000000000004,0,Heavy Rain,1,5,1
1.0,heavy rains & floods (ganga & tributaries),Saharanpur,Uttar Pradesh,IMD,177.0,9.0,2018.0,8.0,14.0,0,2018.0,8.0,14.0,3.0,-0.8660254037844385,-0.5000000000000004,0,Heavy Rain,1,1,1
1.0,heavy rains & floods (ganga & tributaries),"Gonda, Sitapur",Uttar Pradesh,IMD,,9.0,2018.0,8.0,19.0,0,2018.0,8.0,19.0,3.0,-0.8660254037844385,-0.5000000000000004,0,Heavy Rain,1,2,1
1.0,heavy rains & floods (ganga & tributaries),"Aligarh, Amethi, Bahraich, Budaun, Sambhal, Sitapur",Uttar Pradesh,IMD,,9.0,2018.0,8.0,24.0,1,2018.0,8.0,24.0,3.0,-0.8660254037844385,-0.5000000000000004,0,Heavy Rain,1,6,1
1.0,heavy rains & floods (ganga & tributaries),"Amethi, Bahraich, Bara Banki, Ayodhya, Sitapur, Sultanpur",Uttar Pradesh,IMD,,9.0,2018.0,8.0,27.0,1,2018.0,8.0,27.0,3.0,-0.8660254037844385,-0.5000000000000004,0,Heavy Rain,1,6,1
1.0,heavy rains,Sitapur,Uttar Pradesh,IMD,183.0,9.0,2018.0,8.0,30.0,0,2018.0,8.0,30.0,3.0,-0.8660254037844385,-0.5000000000000004,0,Heavy Rain,1,1,1
1.0,heavy rains & floods (ganga & tributaries),"Auraiya, Banda, Bara Banki, Chitrakoot, Fatehpur, Firozabad,Ghaziabad, Hamirpur, Jalaun, Jhansi, Shamli, Kasganj, Lalitpur, Mahoba, Sambhal, Unnao, Central Part of Uttar Kashi Pradesh",Uttar Pradesh,IMD,,9.0,2018.0,1.0,9.0,1,2018.0,1.0,9.0,1.0,0.49999999999999994,0.8660254037844387,0,Heavy Rain,1,17,1
1.0,heavy rains & floods (ganga & tributaries),"Firozabad, Jalaun, Jhansi, Lalitpur, Shamli, Unnao",Uttar Pradesh,IMD,,9.0,2018.0,2.0,9.0,0,2018.0,2.0,9.0,1.0,0.8660254037844386,0.5000000000000001,0,Heavy Rain,1,6,1
1.0,heavy rains & floods (ganga & tributaries),"Ambedkar Nagar, Auraiya, Bara Banki, Etawah, Farrukhabad, Ayodhya, Gonda, Hardoi, Kannauj, Kanpur nagar Dehat, Kanpur nagar Nagar, Kheri, Lucknow, Rae Bareli, Sitapur, Sultanpur, Unnao",Uttar Pradesh,IMD,,9.0,2018.0,4.0,9.0,1,2018.0,4.0,9.0,2.0,0.8660254037844387,-0.4999999999999998,0,Heavy Rain,1,17,1
1.0,heavy rains & floods (ganga & tributaries),"Auraiya, Etah, Hardoi, Kannauj, Kanpur nagar Dehat, Unnao",Uttar Pradesh,IMD,,9.0,2018.0,5.0,9.0,1,2018.0,5.0,9.0,2.0,0.49999999999999994,-0.8660254037844387,0,Heavy Rain,1,6,1
1.0,heavy rains,"Auraiya, Bara Banki, Etawah, Farrukhabad, Hardoi, Kannauj, Kanpur nagar Dehat, Kanpur nagar Nagar, Kheri, Lucknow, Rae Bareli, Sitapur, Unnao",Uttar Pradesh,IMD,,9.0,2018.0,7.0,9.0,0,2018.0,7.0,9.0,3.0,-0.4999999999999997,-0.8660254037844388,0,Heavy Rain,1,13,1
1.0,heavy rains & floods,"Azamgarh, Ballia, Varanasi",Uttar Pradesh,IMD,,9.0,2018.0,9.0,9.0,0,2018.0,9.0,9.0,3.0,-1.0,-1.8369701987210297e-16,0,Heavy Rain,1,3,1
1.0,heavy rains & floods,"Bijnor, Meerut, Saharanpur",Uttar Pradesh,IMD,,9.0,2018.0,9.0,24.0,0,2018.0,9.0,24.0,3.0,-1.0,-1.8369701987210297e-16,0,Heavy Rain,1,3,1
1.0,heavy rains,Dehradun,Uttarakhand,IMD,49.0,5.0,2018.0,11.0,7.0,0,2018.0,11.0,7.0,4.0,-0.5000000000000004,0.8660254037844384,0,Heavy Rain,1,1,1
1.0,landslide,Tehri Garhwal,Uttarakhand,IMD,55.0,5.0,2018.0,8.0,30.0,0,2018.0,8.0,30.0,3.0,-0.8660254037844385,-0.5000000000000004,0,Landslide,1,1,1
1.0,heavy rains & floods (sutunga & hooghly river),"Cooch Behar, Hooghly, Howrah, Kolkata, Nadia, North 24 Parganas",West Bengal,IMD,,19.0,2018.0,6.0,25.0,0,2018.0,6.0,25.0,2.0,1.2246467991473532e-16,-1.0,0,River/Water System,1,6,1
1.0,heavy rains,Kolkata,West Bengal,IMD,315.0,19.0,2018.0,7.0,23.0,0,2018.0,7.0,23.0,3.0,-0.4999999999999997,-0.8660254037844388,0,Heavy Rain,1,1,1
20.0,"heavy rains & flood (brahmaputra,tributaries)","Baksa, Barpeta, Biswanath, Bongaigaon, Cachar, Chirang, Darrang, Dibrugarh, Dhemaji, Dhubri, Goalpara, Golaghat, Hailakandi, Hojai, Jorhat, Karbi Anglong, Kamrup, Karimganj, Kamrup Metro, Kokrajhar, Lakhimpur, Majuli, Marigaon, Nagaon, Nalbari, Sivasagar, Sonitpur, South Salmara Mancachar - Mankachar, Tinsukia, Udalguri",Assam,IMD,,18.0,2019.0,10.0,7.0,1,2019.0,10.0,7.0,4.0,-0.8660254037844386,0.5000000000000001,1,River/Water System,1,30,1
6.0,heavy rains & floods,"Barpeta, Biswanath, Charaideo, Chirang, Darrang, Dhemaji, Dibrugarh, Jorhat, Kamrup, Lakhimpur, Marigaon, Nagaon",Assam,IMD,,18.0,2019.0,1.0,8.0,0,2019.0,1.0,8.0,1.0,0.49999999999999994,0.8660254037844387,0,Heavy Rain,1,12,1
1.0,heavy rains,"Buxar, Madhepura, Siwan",Bihar,IMD,,10.0,2019.0,11.0,7.0,0,2019.0,11.0,7.0,4.0,-0.5000000000000004,0.8660254037844384,0,Heavy Rain,1,3,1
3.0,heavy rains & floods,"Araria, Darbhanga, Purbi Champaran, Katihar, Kishanganj, Madhepura, Madhubani, Purnia, Saharsa, Sheohar, Sitamarhi, Siwan, Supaul, Vaishali, Pashchim Champaran",Bihar,IMD,,10.0,2019.0,12.0,7.0,1,2019.0,12.0,7.0,4.0,-2.4492935982947064e-16,1.0,0,Heavy Rain,1,15,1
4.0,heavy rains & floods,"Darbhanga, Katihar, Khagaria, Madhubani, Sheohar, Sitamarhi, Pashchim Champaran",Bihar,IMD,,10.0,2019.0,7.0,15.0,1,2019.0,7.0,15.0,3.0,-0.4999999999999997,-0.8660254037844388,0,Heavy Rain,1,7,1
1.0,heavy rains & floods,"Darbhanga, Madhubani, Sheohar, Sitamarhi, Pashchim Champaran",Bihar,IMD,,10.0,2019.0,7.0,22.0,1,2019.0,7.0,22.0,3.0,-0.4999999999999997,-0.8660254037844388,0,Heavy Rain,1,5,1
1.0,heavy rains,Saran,Bihar,IMD,218.0,10.0,2019.0,1.0,8.0,0,2019.0,1.0,8.0,1.0,0.49999999999999994,0.8660254037844387,0,Heavy Rain,1,1,1
1.0,heavy rains,"Gaya, Saharsa",Bihar,IMD,,10.0,2019.0,8.0,13.0,0,2019.0,8.0,13.0,3.0,-0.8660254037844385,-0.5000000000000004,0,Heavy Rain,1,2,1
1.0,heavy rains,"Arwal, Bhojpur, Purbi Champaran, Gaya, Kaimur (Bhabua), Katihar, Patna, Siwan",Bihar,IMD,,10.0,2019.0,9.0,17.0,1,2019.0,9.0,17.0,3.0,-1.0,-1.8369701987210297e-16,0,Heavy Rain,1,8,1
1.0,heavy rains,"Bhojpur, Gaya, Jehanabad, Kaimur (Bhabua), Nawada, Patna, Siwan",Bihar,IMD,,10.0,2019.0,9.0,18.0,1,2019.0,9.0,18.0,3.0,-1.0,-1.8369701987210297e-16,0,Heavy Rain,1,7,1
1.0,heavy rains,"Begusarai , Bhojpur, Gopalganj, Kaimur (Bhabua), Patna, Purnia, Samastipur",Bihar,IMD,,10.0,2019.0,9.0,28.0,1,2019.0,9.0,28.0,3.0,-1.0,-1.8369701987210297e-16,0,Heavy Rain,1,7,1
1.0,heavy rains,"Bhagalpur, Patna",Bihar,IMD,,10.0,2019.0,9.0,30.0,1,2019.0,9.0,30.0,3.0,-1.0,-1.8369701987210297e-16,0,Heavy Rain,1,2,1
1.0,heavy rains,"Arwal , Begusarai, Bhagalpur, Bhojpur, Buxar, Darbhanga, Jehanabad, Katihar, Khagaria, Lakhisarai, Nawada, Nalanda, Patna, Samastipur, Vaishali",Bihar,IMD,,10.0,2019.0,1.0,10.0,1,2019.0,1.0,10.0,1.0,0.49999999999999994,0.8660254037844387,0,Heavy Rain,1,15,1
2.0,heavy rains,"Begusarai, Bhojpur, Buxar, Nalanda, Patna, Siwan",Bihar,IMD,,10.0,2019.0,2.0,10.0,1,2019.0,2.0,10.0,1.0,0.8660254037844386,0.5000000000000001,0,Heavy Rain,1,6,1
1.0,heavy rains,Bastar,Chhattisgarh,IMD,374.0,22.0,2019.0,7.0,9.0,0,2019.0,7.0,9.0,3.0,-0.4999999999999997,-0.8660254037844388,0,Heavy Rain,1,1,1
1.0,heavy rains & floods,North Goa,Goa,IMD,551.0,30.0,2019.0,9.0,8.0,0,2019.0,9.0,8.0,3.0,-1.0,-1.8369701987210297e-16,0,Heavy Rain,1,1,1
1.0,heavy rains & floods (vishwamitri river),Vadodara,Gujarat,IMD,461.0,24.0,2019.0,1.0,8.0,0,2019.0,1.0,8.0,1.0,0.49999999999999994,0.8660254037844387,0,River/Water System,1,1,1
8.0,heavy rains & floods,"Amreli, Arvalli, Bhavnagar, Surat, Surendranagar, Vadodara",Gujarat,IMD,,24.0,2019.0,7.0,8.0,1,2019.0,7.0,8.0,3.0,-0.4999999999999997,-0.8660254037844388,1,Heavy Rain,1,6,1
1.0,heavy rains,Kheda,Gujarat,IMD,450.0,24.0,2019.0,9.0,8.0,0,2019.0,9.0,8.0,3.0,-1.0,-1.8369701987210297e-16,0,Heavy Rain,1,1,1
1.0,heavy rains,Ahmedabad,Gujarat,IMD,438.0,24.0,2019.0,10.0,8.0,0,2019.0,10.0,8.0,4.0,-0.8660254037844386,0.5000000000000001,0,Heavy Rain,1,1,1
1.0,heavy rains & floods,Devbhumi Dwarka Dwarka,Gujarat,IMD,,24.0,2019.0,12.0,8.0,0,2019.0,12.0,8.0,4.0,-2.4492935982947064e-16,1.0,0,Heavy Rain,1,1,1
31.0,heavy rains & floods,"Amreli, Bharuch,Dangs, Gir Somnath, Junagadh, Kachchh, Navsari, Tapi",Gujarat,IMD,,24.0,2019.0,1.0,8.0,1,2019.0,1.0,8.0,1.0,0.49999999999999994,0.8660254037844387,1,Heavy Rain,1,8,1
30.0,heavy rains & floods,"Bhavnagar, Botad, Gandhinagar, Gir Somnath, Junagadh, Kachchh, Narmada, Patan, Tapi",Gujarat,IMD,,24.0,2019.0,1.0,9.0,1,2019.0,1.0,9.0,1.0,0.49999999999999994,0.8660254037844387,1,Heavy Rain,1,9,1
1.0,heavy rains,Solan,Himachal Pradesh,IMD,25.0,2.0,2019.0,7.0,14.0,0,2019.0,7.0,14.0,3.0,-0.4999999999999997,-0.8660254037844388,0,Heavy Rain,1,1,1
2.0,"heavy rains & floods (rapti,beas, etc river)","Bilaspur, Chamba, Hamirpur, Kangra, Kinnaur, Kullu, Lahul And Spiti, Mandi, Shimla, Sirmaur, Solan, Una",Himachal Pradesh,IMD,,2.0,2019.0,8.0,17.0,1,2019.0,8.0,17.0,3.0,-0.8660254037844385,-0.5000000000000004,0,River/Water System,1,12,1
2.0,heavy rains,"Ranchi, Sahebganj",Jharkhand,IMD,,20.0,2019.0,1.0,10.0,0,2019.0,1.0,10.0,1.0,0.49999999999999994,0.8660254037844387,0,Heavy Rain,1,2,1
1.0,heavy rains,Chamarajanagaraa  Kalaburagi,Karnataka,IMD,,29.0,2019.0,5.0,22.0,0,2019.0,5.0,22.0,2.0,0.49999999999999994,-0.8660254037844387,0,Heavy Rain,1,1,1
1.0,heavy rains,"Bagalkotee Udupi, Uttar Kashia Kannada",Karnataka,IMD,,29.0,2019.0,7.0,20.0,0,2019.0,7.0,20.0,3.0,-0.4999999999999997,-0.8660254037844388,0,Heavy Rain,1,2,1
1.0,heavy rains,Uttar Kashia Kannada,Karnataka,IMD,,29.0,2019.0,7.0,24.0,0,2019.0,7.0,24.0,3.0,-0.4999999999999997,-0.8660254037844388,0,Heavy Rain,1,1,1
4.0,heavy rains & floods in krishna & its tributaries,"Belagavi, Chikkaballapura, Dakshina Kannada, Dharwad, Kodagu, Raichur, Shivamogga, Udupi, Uttar Kashia Kannada, Yadgir",Karnataka,IMD,,29.0,2019.0,5.0,8.0,1,2019.0,5.0,8.0,2.0,0.49999999999999994,-0.8660254037844387,0,Heavy Rain,1,10,1
1.0,heavy rain,Belagavi,Karnataka,IMD,527.0,29.0,2019.0,7.0,9.0,0,2019.0,7.0,9.0,3.0,-0.4999999999999997,-0.8660254037844388,0,Heavy Rain,1,1,1
2.0,heavy rain,"Ballari, Dharwad",Karnataka,IMD,,29.0,2019.0,9.0,23.0,0,2019.0,9.0,23.0,3.0,-1.0,-1.8369701987210297e-16,0,Heavy Rain,1,2,1
1.0,heavy rain,Bagalkote,Karnataka,IMD,524.0,29.0,2019.0,6.0,10.0,0,2019.0,6.0,10.0,2.0,1.2246467991473532e-16,-1.0,0,Heavy Rain,1,1,1
1.0,heavy rain,Koppal,Karnataka,IMD,543.0,29.0,2019.0,10.0,15.0,0,2019.0,10.0,15.0,4.0,-0.8660254037844386,0.5000000000000001,0,Heavy Rain,1,1,1
3.0,heavy rain,"Ballari, Belagavi, Dharwad, Davangere, Haveri, Koppal, Raichur",Karnataka,IMD,,29.0,2019.0,10.0,19.0,0,2019.0,10.0,19.0,4.0,-0.8660254037844386,0.5000000000000001,0,Heavy Rain,1,7,1
1.0,heavy rain,"Chikkaballapura, Mysuru, Udupi",Karnataka,IMD,,29.0,2019.0,10.0,25.0,0,2019.0,10.0,25.0,4.0,-0.8660254037844386,0.5000000000000001,0,Heavy Rain,1,3,1
3.0,heavy rain,"Malappuram, Thiruvananthapuram, Wayanad",Kerala,IMD,,32.0,2019.0,4.0,24.0,0,2019.0,4.0,24.0,2.0,0.8660254037844387,-0.4999999999999998,0,Heavy Rain,1,3,1
1.0,heavy rain,Thiruvananthapuram,Kerala,IMD,565.0,32.0,2019.0,5.0,24.0,0,2019.0,5.0,24.0,2.0,0.49999999999999994,-0.8660254037844387,0,Heavy Rain,1,1,1
5.0,heavy rain,Thiruvananthapuram,Kerala,IMD,565.0,32.0,2019.0,9.0,6.0,0,2019.0,9.0,6.0,3.0,-1.0,-1.8369701987210297e-16,0,Heavy Rain,1,1,1
3.0,heavy rains,"Alappuzha , Ernakulam, Idukki, Kannur, Kasaragod, Kollam, Kottayam, Kozhikode, Pathanamthitta, Thrissur, Thiruvananthapuram, Wayanad",Kerala,IMD,,32.0,2019.0,7.0,18.0,1,2019.0,7.0,18.0,3.0,-0.4999999999999997,-0.8660254037844388,0,Heavy Rain,1,12,1
1.0,"heavy rains, floods (muvattupuzha & kabani river) & landslip","Ernakulam, Idukki, Kannur, Kasaragod, Kozhikode, Malappuram, Palakkad, Thiruvananthapuram, Thrissur, Wayanad",Kerala,IMD,,32.0,2019.0,8.0,8.0,1,2019.0,8.0,8.0,3.0,-0.8660254037844385,-0.5000000000000004,0,River/Water System,1,10,1
1.0,heavy rains & landslide,"Ernakulam, Idukki, Kannur, Malappuram, Palakkad, Thiruvananthapuram, Thrissur, Wayanad",Kerala,IMD,,32.0,2019.0,9.0,8.0,1,2019.0,9.0,8.0,3.0,-1.0,-1.8369701987210297e-16,0,Landslide,1,8,1
1.0,"heavy rains, floods & landslide","Alappuzha, Ernakulam, Idukki, Kannur, Kasaragod, Kollam, Kottayam, Kozhikode, Malappuram, Palakkad, Pathanamthitta, Thiruvananthapuram, Thrissur, Wayanad",Kerala,IMD,,32.0,2019.0,10.0,8.0,0,2019.0,10.0,8.0,4.0,-0.8660254037844386,0.5000000000000001,0,Landslide,1,14,1
4.0,heavy rains & landslide,"Alappuzha, Idukki, Kollam, Malappuram, Thiruvananthapuram, Wayanad",Kerala,IMD,,32.0,2019.0,11.0,8.0,0,2019.0,11.0,8.0,4.0,-0.5000000000000004,0.8660254037844384,0,Landslide,1,6,1
1.0,heavy rains & landslide,"Alappuzha, Ernakulam, Idukki, Kannur, Kasaragod, Kollam, Kottayam, Kozhikode, Malappuram, Palakkad, Pathanamthitta, Thiruvananthapuram, Thrissur, Wayanad",Kerala,IMD,,32.0,2019.0,10.0,21.0,0,2019.0,10.0,21.0,4.0,-0.8660254037844386,0.5000000000000001,0,Landslide,1,14,1
1.0,heavy rains,"Kannur, Malappuram, Thiruvananthapuram",Kerala,IMD,,32.0,2019.0,11.0,20.0,0,2019.0,11.0,20.0,4.0,-0.5000000000000004,0.8660254037844384,0,Heavy Rain,1,3,1
1.0,heavy rains & flood,Raigarh,Madhya Pradesh,IMD,386.0,23.0,2019.0,1.0,8.0,0,2019.0,1.0,8.0,1.0,0.49999999999999994,0.8660254037844387,0,Heavy Rain,1,1,1
1.0,heavy rains & flood,"Alirajpur, Burhanpur",Madhya Pradesh,IMD,,23.0,2019.0,8.0,13.0,0,2019.0,8.0,13.0,3.0,-0.8660254037844385,-0.5000000000000004,0,Heavy Rain,1,2,1
1.0,heavy rains & flood,"Bhopal, Ratlam, Sagar",Madhya Pradesh,IMD,,23.0,2019.0,8.0,18.0,0,2019.0,8.0,18.0,3.0,-0.8660254037844385,-0.5000000000000004,0,Heavy Rain,1,3,1
1.0,heavy rains & flood,Raisen,Madhya Pradesh,IMD,421.0,23.0,2019.0,8.0,30.0,0,2019.0,8.0,30.0,3.0,-0.8660254037844385,-0.5000000000000004,0,Heavy Rain,1,1,1
1.0,heavy rains & flood,"Bhopal, Sehore",Madhya Pradesh,IMD,,23.0,2019.0,8.0,9.0,0,2019.0,8.0,9.0,3.0,-0.8660254037844385,-0.5000000000000004,0,Heavy Rain,1,2,1
1.0,heavy rains & flood,"Sehore, Seoni",Madhya Pradesh,IMD,,23.0,2019.0,9.0,9.0,0,2019.0,9.0,9.0,3.0,-1.0,-1.8369701987210297e-16,0,Heavy Rain,1,2,1
1.0,heavy rains & flood,Seoni,Madhya Pradesh,IMD,428.0,23.0,2019.0,9.0,28.0,0,2019.0,9.0,28.0,3.0,-1.0,-1.8369701987210297e-16,0,Heavy Rain,1,1,1
1.0,heavy rains,Solapur,Maharashtra,IMD,496.0,27.0,2019.0,5.0,21.0,0,2019.0,5.0,21.0,2.0,0.49999999999999994,-0.8660254037844387,0,Heavy Rain,1,1,1
1.0,heavy rains,"Mumbai, Nashik, Palghar, Pune",Maharashtra,IMD,,27.0,2019.0,1.0,7.0,1,2019.0,1.0,7.0,1.0,0.49999999999999994,0.8660254037844387,0,Heavy Rain,1,4,1
1.0,"heavy rains , incessant rains leading to flood-like situation.","Mumbai,Thane,Ratnagiri",Maharashtra,IMD,,27.0,2019.0,2.0,7.0,1,2019.0,2.0,7.0,1.0,0.8660254037844386,0.5000000000000001,0,Heavy Rain,1,3,1
1.0,heavy rains & flood,"Palghar, Thane",Maharashtra,IMD,,27.0,2019.0,7.0,28.0,0,2019.0,7.0,28.0,3.0,-0.4999999999999997,-0.8660254037844388,0,Heavy Rain,1,2,1
1.0,heavy rains & flood,Thane,Maharashtra,IMD,497.0,27.0,2019.0,7.0,31.0,0,2019.0,7.0,31.0,3.0,-0.4999999999999997,-0.8660254037844388,0,Heavy Rain,1,1,1
1.0,heavy rains,Mumbai,Maharashtra,IMD,482.0,27.0,2019.0,2.0,8.0,0,2019.0,2.0,8.0,1.0,0.8660254037844386,0.5000000000000001,0,Heavy Rain,1,1,1
1.0,heavy rains & flood,"Mumbai, Palghar",Maharashtra,IMD,,27.0,2019.0,3.0,8.0,0,2019.0,3.0,8.0,1.0,1.0,6.123233995736766e-17,0,Heavy Rain,1,2,1
1.0,heavy rains & flood,"Nashik, Thane",Maharashtra,IMD,,27.0,2019.0,4.0,8.0,0,2019.0,4.0,8.0,2.0,0.8660254037844387,-0.4999999999999998,0,Heavy Rain,1,2,1
1.0,heavy rains & flood,Palghar,Maharashtra,IMD,665.0,27.0,2019.0,5.0,8.0,0,2019.0,5.0,8.0,2.0,0.49999999999999994,-0.8660254037844387,0,Heavy Rain,1,1,1
2.0,heavy rains & flood,"Kolhapur, Pune, Sangli, Satara",Maharashtra,IMD,,27.0,2019.0,7.0,8.0,1,2019.0,7.0,8.0,3.0,-0.4999999999999997,-0.8660254037844388,0,Heavy Rain,1,4,1
1.0,heavy rains & flood,"Akola, Gadchiroli",Maharashtra,IMD,,27.0,2019.0,9.0,8.0,0,2019.0,9.0,8.0,3.0,-1.0,-1.8369701987210297e-16,0,Heavy Rain,1,2,1
1.0,heavy rains & flood,Nanded,Maharashtra,IMD,485.0,27.0,2019.0,1.0,9.0,0,2019.0,1.0,9.0,1.0,0.49999999999999994,0.8660254037844387,0,Heavy Rain,1,1,1
1.0,heavy rains & flood,"Chandrapur, Wardha",Maharashtra,IMD,,27.0,2019.0,4.0,9.0,0,2019.0,4.0,9.0,2.0,0.8660254037844387,-0.4999999999999998,0,Heavy Rain,1,2,1
1.0,heavy rains & flood,Mumbai,Maharashtra,IMD,482.0,27.0,2019.0,5.0,9.0,0,2019.0,5.0,9.0,2.0,0.49999999999999994,-0.8660254037844387,0,Heavy Rain,1,1,1
1.0,heavy rains & flood,Mumbai,Maharashtra,IMD,482.0,27.0,2019.0,6.0,9.0,0,2019.0,6.0,9.0,2.0,1.2246467991473532e-16,-1.0,0,Heavy Rain,1,1,1
1.0,heavy rains & flood,Akola,Maharashtra,IMD,467.0,27.0,2019.0,9.0,23.0,0,2019.0,9.0,23.0,3.0,-1.0,-1.8369701987210297e-16,0,Heavy Rain,1,1,1
1.0,heavy rains & flood,"Wardha, Yavatmal",Maharashtra,IMD,,27.0,2019.0,9.0,24.0,0,2019.0,9.0,24.0,3.0,-1.0,-1.8369701987210297e-16,0,Heavy Rain,1,2,1
1.0,heavy rains & flood,"Nashik, Pune, Solapur",Maharashtra,IMD,,27.0,2019.0,9.0,25.0,0,2019.0,9.0,25.0,3.0,-1.0,-1.8369701987210297e-16,0,Heavy Rain,1,3,1
1.0,heavy rains & flood,"Pune,Nashik",Maharashtra,IMD,,27.0,2019.0,9.0,26.0,1,2019.0,9.0,26.0,3.0,-1.0,-1.8369701987210297e-16,0,Heavy Rain,1,2,1
1.0,heavy rains & flood,"Pune, Thane",Maharashtra,IMD,,27.0,2019.0,9.0,10.0,0,2019.0,9.0,10.0,3.0,-1.0,-1.8369701987210297e-16,0,Heavy Rain,1,2,1
5.0,heavy rains & flood (khawthlangtuipui river),Lunglei,Mizoram,IMD,265.0,15.0,2019.0,8.0,7.0,0,2019.0,8.0,7.0,3.0,-0.8660254037844385,-0.5000000000000004,0,River/Water System,1,1,1
10.0,heavy rains & flood,"Kalahandi,Kandhamal, Koraput",Odisha,IMD,,21.0,2019.0,1.0,8.0,0,2019.0,1.0,8.0,1.0,0.49999999999999994,0.8660254037844387,1,Heavy Rain,1,3,1
10.0,heavy rains & flood,"Bhadrak, Dhenkanal, Jajapur, Subarnapur, Nuapada, Balangir, Boudh, Cuttack, Kandhamal, Nayagarh, Khordha, Kalahandi, Jagatsinghapur, Puri, Nagpur, Rayagada, Koraput, Malkangiri, Anugul, Kendrapara, Ganjam, Gajapati, Mayurbhanj, Sundargarh, Kendujhar, Baleshwar, Jharsuguda, Bargarh, Deogarh, Sambalpur",Odisha,IMD,,21.0,2019.0,11.0,8.0,0,2019.0,11.0,8.0,4.0,-0.5000000000000004,0.8660254037844384,1,Heavy Rain,1,30,1
26.0,heavy rains & flood,"Gurdaspur, Hoshiarpur, Amritsar, Jalandhar, Tarn Taran, Rupnagar, Shahid Bhagat Singh Nagar, Fazilka, Moga, Ludhiana, S.A.S Nagar*, Faridkot, Fatehgarh Sahib, Sri Sri Muktsar Sahib Sahib, Sangrur, Barnala, Bathinda, Patiala, Mansa, Ferozepur, Pathankot, Kapurthala",Punjab,IMD,,3.0,2019.0,1.0,8.0,1,2019.0,1.0,8.0,1.0,0.49999999999999994,0.8660254037844387,1,Heavy Rain,1,22,1
5.0,heavy rains & flood,"Gurdaspur, Hoshiarpur, Amritsar, Jalandhar, Tarn Taran, Rupnagar, Shahid Bhagat Singh Nagar, Fazilka, Moga, Ludhiana, S.A.S Nagar*, Faridkot, Fatehgarh Sahib, Sri Sri Muktsar Sahib Sahib, Sangrur, Barnala, Bathinda, Patiala, Mansa, Ferozepur, Pathankot, Kapurthala",Punjab,IMD,,3.0,2019.0,1.0,9.0,0,2019.0,1.0,9.0,1.0,0.49999999999999994,0.8660254037844387,0,Heavy Rain,1,22,1
5.0,heavy rains & flood,"Baran, Bundi, Dholpur, Jaipur, Jodhpur, Pali, Sikar",Rajasthan,IMD,,8.0,2019.0,7.0,25.0,1,2019.0,7.0,25.0,3.0,-0.4999999999999997,-0.8660254037844388,0,Heavy Rain,1,7,1
1.0,heavy rains & flood,Bundi,Rajasthan,IMD,94.0,8.0,2019.0,7.0,31.0,0,2019.0,7.0,31.0,3.0,-0.4999999999999997,-0.8660254037844388,0,Heavy Rain,1,1,1
1.0,heavy rain,Ajmer,Rajasthan,IMD,86.0,8.0,2019.0,1.0,8.0,0,2019.0,1.0,8.0,1.0,0.49999999999999994,0.8660254037844387,0,Heavy Rain,1,1,1
1.0,heavy rain,Pratapgarh,Rajasthan,IMD,629.0,8.0,2019.0,5.0,8.0,0,2019.0,5.0,8.0,2.0,0.49999999999999994,-0.8660254037844387,0,Heavy Rain,1,1,1
1.0,heavy rain,"Bundi, Nagaur",Rajasthan,IMD,,8.0,2019.0,7.0,8.0,0,2019.0,7.0,8.0,3.0,-0.4999999999999997,-0.8660254037844388,0,Heavy Rain,1,2,1
1.0,heavy rain,Bundi,Rajasthan,IMD,94.0,8.0,2019.0,8.0,14.0,0,2019.0,8.0,14.0,3.0,-0.8660254037844385,-0.5000000000000004,0,Heavy Rain,1,1,1
4.0,heavy rains & flood,"Ajmer, Alwar, Baran, Bhilwara, Bundi, Jhalawar, Jodhpur, Kota, Nagaur, Pali, Sawai Madhopur, Sikar, Tonk",Rajasthan,IMD,,8.0,2019.0,8.0,16.0,1,2019.0,8.0,16.0,3.0,-0.8660254037844385,-0.5000000000000004,0,Heavy Rain,1,13,1
1.0,heavy rains & flood,Kota,Rajasthan,IMD,109.0,8.0,2019.0,8.0,27.0,0,2019.0,8.0,27.0,3.0,-0.8660254037844385,-0.5000000000000004,0,Heavy Rain,1,1,1
1.0,heavy rain,"Bhilwara, Jhalawar",Rajasthan,IMD,,8.0,2019.0,9.0,13.0,0,2019.0,9.0,13.0,3.0,-1.0,-1.8369701987210297e-16,0,Heavy Rain,1,2,1
2.0,heavy rains & flood,"Baran, Bundi, Dholpur, Jhalawar, Kota, Tonk",Rajasthan,IMD,,8.0,2019.0,9.0,16.0,1,2019.0,9.0,16.0,3.0,-1.0,-1.8369701987210297e-16,0,Heavy Rain,1,6,1
1.0,landslide,Gyalshing,Sikkim,IMD,228.0,11.0,2019.0,9.0,16.0,0,2019.0,9.0,16.0,3.0,-1.0,-1.8369701987210297e-16,0,Landslide,1,1,1
3.0,heavy rain,Coimbatore,Tamil Nadu,IMD,569.0,33.0,2019.0,1.0,5.0,0,2019.0,1.0,5.0,1.0,0.49999999999999994,0.8660254037844387,0,Heavy Rain,1,1,1
1.0,heavy rain,Thanjavur,Tamil Nadu,IMD,586.0,33.0,2019.0,11.0,30.0,0,2019.0,11.0,30.0,4.0,-0.5000000000000004,0.8660254037844384,0,Heavy Rain,1,1,1
1.0,heavy rain,Tirunelveli,Tamil Nadu,IMD,592.0,33.0,2019.0,1.0,12.0,0,2019.0,1.0,12.0,1.0,0.49999999999999994,0.8660254037844387,0,Heavy Rain,1,1,1
1.0,heavy rains & flood,"Chennai, Coimbatore, Cuddalore, Thoothukkudi, Tirunelveli",Tamil Nadu,IMD,,33.0,2019.0,2.0,12.0,1,2019.0,2.0,12.0,1.0,0.8660254037844386,0.5000000000000001,0,Heavy Rain,1,5,1
1.0,landslide,Narayanpet,Telangana,IMD,721.0,36.0,2019.0,10.0,4.0,1,2019.0,10.0,4.0,4.0,-0.8660254037844386,0.5000000000000001,0,Landslide,1,1,1
1.0,heavy rains & floods,"North Tripura, Dhalai, Sepahijala, Gomati, Khowai, West Tripura, South Tripura, Unakoti",Tripura,IMD,,16.0,2019.0,7.0,15.0,0,2019.0,7.0,15.0,3.0,-0.4999999999999997,-0.8660254037844388,0,Heavy Rain,1,8,1
1.0,heavy rains,"Ambedkar Nagar, Ballia, Bara Banki, Deoria, Firozabad, Hardoi, Kheri, Prayagraj, Rae Bareli, Sitapur, Sonbhadra, Unnao",Uttar Pradesh,IMD,,9.0,2019.0,9.0,26.0,1,2019.0,9.0,26.0,3.0,-1.0,-1.8369701987210297e-16,0,Heavy Rain,1,12,1
1.0,heavy rains,Lucknow,Uttar Pradesh,IMD,162.0,9.0,2019.0,2.0,10.0,0,2019.0,2.0,10.0,1.0,0.8660254037844386,0.5000000000000001,0,Heavy Rain,1,1,1
1.0,flash floods,"Almora, Chamoli",Uttarakhand,IMD,,5.0,2019.0,2.0,6.0,0,2019.0,2.0,6.0,1.0,0.8660254037844386,0.5000000000000001,0,Flash Flood,1,2,1
1.0,heavy rains & flash flood as a result of cloud burst,Uttar Kashi Kashi,Uttarakhand,IMD,,5.0,2019.0,6.0,21.0,0,2019.0,6.0,21.0,2.0,1.2246467991473532e-16,-1.0,0,Flash Flood,1,1,1
2.0,"heavy rains, flash flood as a result of cloud burst","Chamoli, Garhwal, Rudra Prayag, Tehri Garhwal",Uttarakhand,IMD,,5.0,2019.0,8.0,8.0,0,2019.0,8.0,8.0,3.0,-0.8660254037844385,-0.5000000000000004,0,Flash Flood,1,4,1
1.0,"heavy rains, flash floods & landslide","Bageshwar, Chamoli",Uttarakhand,IMD,,5.0,2019.0,12.0,8.0,0,2019.0,12.0,8.0,4.0,-2.4492935982947064e-16,1.0,0,Landslide,1,2,1
1.0,"heavy rains & flash floods (in tons, pabbar river) & landslide","Dehradun, Garhwal, Tehri Garhwal, Uttar Kashi Kashi",Uttarakhand,IMD,,5.0,2019.0,8.0,18.0,1,2019.0,8.0,18.0,3.0,-0.8660254037844385,-0.5000000000000004,0,River/Water System,1,4,1
3.0,heavy rains & flash flood as a result of cloud burst,"Chamoli, Pithoragarh",Uttarakhand,IMD,,5.0,2019.0,6.0,9.0,0,2019.0,6.0,9.0,2.0,1.2246467991473532e-16,-1.0,0,Flash Flood,1,2,1
1.0,landslide,Darjeeling,West Bengal,IMD,309.0,19.0,2019.0,9.0,7.0,0,2019.0,9.0,7.0,3.0,-1.0,-1.8369701987210297e-16,0,Landslide,1,1,1
1.0,heavy rains,"Cooch Behar, Jalpaiguri",West Bengal,IMD,,19.0,2019.0,7.0,14.0,0,2019.0,7.0,14.0,3.0,-0.4999999999999997,-0.8660254037844388,0,Heavy Rain,1,2,1
61.0,,"South 24 Parganas*, Darjeeling, Jalpaiguri, Dakshin Dinajpur, Maldah, Murshidabad, Birbhum, Nadia, Purba Purba Bardhaman, Purulia, Bankura, North 24 Parganas",West Bengal,IMD,,19.0,2019.0,1.0,8.0,1,2019.0,1.0,8.0,1.0,0.49999999999999994,0.8660254037844387,1,Other,1,12,1
1.0,landslide,Ramban,Jammu and Kashmir,IMD,621.0,,2019.0,3.0,17.0,0,2019.0,3.0,17.0,1.0,1.0,6.123233995736766e-17,0,Landslide,1,1,1
1.0,landslide,Doda,Jammu and Kashmir,IMD,461.0,,2019.0,3.0,23.0,0,2019.0,3.0,23.0,1.0,1.0,6.123233995736766e-17,0,Landslide,1,1,1
1.0,landslide,Baramulla,Jammu and Kashmir,IMD,3.0,,2019.0,3.0,29.0,0,2019.0,3.0,29.0,1.0,1.0,6.123233995736766e-17,0,Landslide,1,1,1
2.0,landslide,Doda,Jammu and Kashmir,IMD,461.0,,2019.0,4.0,22.0,0,2019.0,4.0,22.0,2.0,0.8660254037844387,-0.4999999999999998,0,Landslide,1,1,1
1.0,cloud burst,Anantnag,Jammu and Kashmir,IMD,1.0,,2019.0,5.0,13.0,0,2019.0,5.0,13.0,2.0,0.49999999999999994,-0.8660254037844387,0,Other,1,1,1
1.0,landslide,Kishtwar,Jammu and Kashmir,IMD,620.0,,2019.0,5.0,7.0,0,2019.0,5.0,7.0,2.0,0.49999999999999994,-0.8660254037844387,0,Landslide,1,1,1
1.0,flash flood in aans river,Rajouri,Jammu and Kashmir,IMD,12.0,,2019.0,9.0,7.0,0,2019.0,9.0,7.0,3.0,-1.0,-1.8369701987210297e-16,0,River/Water System,1,1,1
1.0,heavy rain & flash floods,Poonch,Jammu and Kashmir,IMD,10.0,,2019.0,7.0,24.0,0,2019.0,7.0,24.0,3.0,-0.4999999999999997,-0.8660254037844388,0,Flash Flood,1,1,1
1.0,heavy rain / flash floods,Kupwara,Jammu and Kashmir,IMD,8.0,,2019.0,7.0,25.0,0,2019.0,7.0,25.0,3.0,-0.4999999999999997,-0.8660254037844388,0,Flash Flood,1,1,1
1.0,heavy rain & flash floods,Poonch,Jammu and Kashmir,IMD,10.0,,2019.0,7.0,26.0,0,2019.0,7.0,26.0,3.0,-0.4999999999999997,-0.8660254037844388,0,Flash Flood,1,1,1
1.0,"cloud burst, landslide","Pulwama, Doda",Jammu and Kashmir,IMD,,,2019.0,7.0,27.0,0,2019.0,7.0,27.0,3.0,-0.4999999999999997,-0.8660254037844388,0,Landslide,1,2,1
1.0,heavy rain,Udhampur,Jammu and Kashmir,IMD,14.0,,2019.0,7.0,31.0,0,2019.0,7.0,31.0,3.0,-0.4999999999999997,-0.8660254037844388,0,Heavy Rain,1,1,1
1.0,landslide,Pulwama,Jammu and Kashmir,IMD,11.0,,2019.0,11.0,19.0,0,2019.0,11.0,19.0,4.0,-0.5000000000000004,0.8660254037844384,0,Landslide,1,1,1
3.0,heavy rains,Ananthapuramuamu,Andhra Pradesh,IMD,,28.0,2020.0,6.0,28.0,0,2020.0,6.0,28.0,2.0,1.2246467991473532e-16,-1.0,0,Heavy Rain,1,1,1
1.0,heavy rains & flood,"Ananthapuramuamu, Chittoor, Y.S.R., Kurnool, West Godavari",Andhra Pradesh,IMD,,28.0,2020.0,9.0,13.0,0,2020.0,9.0,13.0,3.0,-1.0,-1.8369701987210297e-16,0,Heavy Rain,1,5,1
1.0,heavy rains & flood,"Krishna, West Godavari",Andhra Pradesh,IMD,,28.0,2020.0,9.0,14.0,0,2020.0,9.0,14.0,3.0,-1.0,-1.8369701987210297e-16,0,Heavy Rain,1,2,1
1.0,heavy rains,West Godavari,Andhra Pradesh,IMD,523.0,28.0,2020.0,9.0,25.0,0,2020.0,9.0,25.0,3.0,-1.0,-1.8369701987210297e-16,0,Heavy Rain,1,1,1
1.0,flash flood,Prakasam,Andhra Pradesh,IMD,517.0,28.0,2020.0,9.0,26.0,0,2020.0,9.0,26.0,3.0,-1.0,-1.8369701987210297e-16,0,Flash Flood,1,1,1
2.0,heavy rains & flood,"East Godavari, Guntur, Krishna, Visakhapatnam, West Godavari, Y.S.R.",Andhra Pradesh,IMD,,28.0,2020.0,10.0,13.0,0,2020.0,10.0,13.0,4.0,-0.8660254037844386,0.5000000000000001,0,Heavy Rain,1,6,1
1.0,heavy rains & flood,"Visakhapatnam, West Godavari",Andhra Pradesh,IMD,,28.0,2020.0,10.0,24.0,0,2020.0,10.0,24.0,4.0,-0.8660254037844386,0.5000000000000001,0,Heavy Rain,1,2,1
1.0,landslide,Dibang Valley,Arunachal Pradesh,IMD,230.0,12.0,2020.0,5.0,25.0,0,2020.0,5.0,25.0,2.0,0.49999999999999994,-0.8660254037844387,0,Landslide,1,1,1
3.0,landslide,Itanagar,Arunachal Pradesh,IMD,,12.0,2020.0,6.0,23.0,0,2020.0,6.0,23.0,2.0,1.2246467991473532e-16,-1.0,0,Landslide,1,1,1
1.0,heavy rain triggered landslips,"Itanagar, Papum Pare",Arunachal Pradesh,IMD,,12.0,2020.0,10.0,7.0,0,2020.0,10.0,7.0,4.0,-0.8660254037844386,0.5000000000000001,0,Heavy Rain,1,2,1
7.0,floods & heavy rains,"Barpeta, Darrang, Dhemaji, Dibrugarh, Goalpara, Hojai, Kamrup, Lakhimpur, Nagaon, Nalbari, Karbi Anglong, Tinsukia,",Assam,IMD,,18.0,2020.0,5.0,25.0,0,2020.0,5.0,25.0,2.0,0.49999999999999994,-0.8660254037844387,1,Heavy Rain,1,12,1
30.0,"heavy rains & flood (brahmaputra,tributaries)","Barpeta, Biswanath, Bongaigaon, Chirang, Darrang, Dhemaji, Dhubri, Dibrugarh, Goalpara, Golaghat, Hojai, Jorhat, Karbi Anglong, Kamrup, Kokrajhar, Lakhimpur, Majuli, Marigaon, Nagaon, Nalbari, South Salmara Mancachar, Sivasagar, Tinsukia, Udalguri",Assam,IMD,,18.0,2020.0,1.0,6.0,1,2020.0,1.0,6.0,1.0,0.49999999999999994,0.8660254037844387,1,River/Water System,1,24,1
31.0,"heavy rains & flood (brahmaputra,tributaries)","Baksa, Barpeta, Biswanath, Bongaigaon, Cachar, Charaideo, Chirang, Darrang, Dibrugarh, Dhemaji, Dhubri, Goalpara, Golaghat, Hojai, Jorhat, Karbi Anglong, Kamrup, Kamrup Metro, Kokrajhar, Lakhimpur, Majuli, Marigaon, Nagaon, Nalbari, Sivasagar, Sonitpur, South Salmara Mancachar- Mankachar, Tinsukia",Assam,IMD,,18.0,2020.0,1.0,7.0,1,2020.0,1.0,7.0,1.0,0.49999999999999994,0.8660254037844387,1,River/Water System,1,28,1
31.0,"heavy rains & flood (brahmaputra,tributaries)","Baksa, Barpeta, Biswanath, Bongaigaon, Charaideo, Chirang, Darrang, Dhemaji, Dhubri, Goalpara, Golaghat, Jorhat, Kamrup, Kamrup Metro, Kokrajhar, Lakhimpur, Majuli, Marigaon, Nagaon, Nalbari, Sivasagar, South Salmara Mancachar",Assam,IMD,,18.0,2020.0,1.0,8.0,0,2020.0,1.0,8.0,1.0,0.49999999999999994,0.8660254037844387,1,River/Water System,1,22,1
30.0,"heavy rains & flood (brahmaputra,tributaries)","Biswanath, Chirang, Dhemaji, Dibrugarh, Golaghat, Hojai, Jorhat, Lakhimpur, Majuli, Marigaon, Nagaon, Sivasagar, Tinsukia, West Karbi Anglong",Assam,IMD,,18.0,2020.0,1.0,9.0,0,2020.0,1.0,9.0,1.0,0.49999999999999994,0.8660254037844387,1,River/Water System,1,14,1
31.0,"heavy rains & flood (brahmaputra,tributaries)","Barpeta, Biswanath, Dhemaji, Goalpara, Hojai, Marigaon, Nagaon, Sonitpur, West Karbi Anglong",Assam,IMD,,18.0,2020.0,1.0,10.0,0,2020.0,1.0,10.0,1.0,0.49999999999999994,0.8660254037844387,1,River/Water System,1,9,1
1.0,heavy rains & flood,"Darbhanga, Purbi Champaran, Madhubani, Muzaffarpur, Samastipur",Bihar,IMD,,10.0,2020.0,7.0,26.0,1,2020.0,7.0,26.0,3.0,-0.4999999999999997,-0.8660254037844388,0,Heavy Rain,1,5,1
20.0,heavy rains & floods in ganga & tributaries,"Darbhanga, Purbi Champaran, Gopalganj, Khagaria, Kishanganj, Madhepura, Madhubani, Muzaffarpur, Saharsa, Samastipur, Saran, Sheohar, Sitamarhi, Siwan, Supaul, Pashchim Champaran",Bihar,IMD,,10.0,2020.0,1.0,8.0,1,2020.0,1.0,8.0,1.0,0.49999999999999994,0.8660254037844387,1,Heavy Rain,1,16,1
37.0,heavy rains & floods,"Devbhumi Dwarka Dwarka, Jamnagar, Junagadh, Kachchh, Navsari, Porbandar, Rajkot, Surat, Valsad",Gujarat,IMD,,24.0,2020.0,1.0,6.0,1,2020.0,1.0,6.0,1.0,0.49999999999999994,0.8660254037844387,1,Heavy Rain,1,9,1
2.0,heavy rains & floods,"Devbhumi Dwarka Dwarka, Porbandar, Surat",Gujarat,IMD,,24.0,2020.0,8.0,15.0,0,2020.0,8.0,15.0,3.0,-0.8660254037844385,-0.5000000000000004,0,Heavy Rain,1,3,1
1.0,heavy rains & floods,"Ahmedabad, Bhavnagar, Junagadh, Mahesana, Morbi, Narmada, Patan, Sabar Kantha, Tapi",Gujarat,IMD,,24.0,2020.0,8.0,24.0,0,2020.0,8.0,24.0,3.0,-0.8660254037844385,-0.5000000000000004,0,Heavy Rain,1,9,1
1.0,heavy rains & floods,"Bhavnagar, Botad, Gandhinagar, Gir Somnath, Junagadh, Kachchh, Narmada, Patan, Tapi",Gujarat,IMD,,24.0,2020.0,8.0,29.0,1,2020.0,8.0,29.0,3.0,-0.8660254037844385,-0.5000000000000004,0,Heavy Rain,1,9,1
1.0,heavy rains & floods,"Ahmedabad, Amreli, Banas Kantha, Bharuch, Botad, Devbhumi Dwarka Dwarka, Junagadh, Kachchh, Rajkot, Mahisagar, Narmada, Panch Mahals, Porbandar,Surat, Vadodara, Valsad",Gujarat,IMD,,24.0,2020.0,8.0,30.0,0,2020.0,8.0,30.0,3.0,-0.8660254037844385,-0.5000000000000004,0,Heavy Rain,1,16,1
1.0,heavy rains & floods,"Bhavnagar, Botad, Gandhinagar, Gir Somnath, Junagadh, Kachchh, Narmada, Patan, Tapi",Gujarat,IMD,,24.0,2020.0,10.0,22.0,0,2020.0,10.0,22.0,4.0,-0.8660254037844386,0.5000000000000001,0,Heavy Rain,1,9,1
1.0,heavy rains,Gurugram,Haryana,IMD,62.0,6.0,2020.0,8.0,19.0,0,2020.0,8.0,19.0,3.0,-0.8660254037844385,-0.5000000000000004,0,Heavy Rain,1,1,1
99.0,heavy rains & landslide,"Bilaspur, Chamba, Hamirpur, Kangra, Kinnaur, Kullu, Lahul And Spiti, Mandi, Shimla, Sirmaur, Solan, Una",Himachal Pradesh,IMD,,2.0,2020.0,6.0,24.0,1,2020.0,6.0,24.0,2.0,1.2246467991473532e-16,-1.0,1,Landslide,1,12,1
1.0,landslide,Solan,Himachal Pradesh,IMD,25.0,2.0,2020.0,6.0,28.0,0,2020.0,6.0,28.0,2.0,1.2246467991473532e-16,-1.0,0,Landslide,1,1,1
1.0,landslide,Mandi,Himachal Pradesh,IMD,22.0,2.0,2020.0,8.0,14.0,0,2020.0,8.0,14.0,3.0,-0.8660254037844385,-0.5000000000000004,0,Landslide,1,1,1
1.0,heavy rains & landslide,Kangra,Himachal Pradesh,IMD,18.0,2.0,2020.0,8.0,18.0,0,2020.0,8.0,18.0,3.0,-0.8660254037844385,-0.5000000000000004,0,Landslide,1,1,1
1.0,heavy rains,"Bokaro, Chatra, Dhanbad, Hazaribagh, Palamu, Ramgarh",Jharkhand,IMD,,20.0,2020.0,3.0,14.0,0,2020.0,3.0,14.0,1.0,1.0,6.123233995736766e-17,0,Heavy Rain,1,6,1
30.0,heavy rains & flood,"Bengaluru Rural, Belagavi, Ballari, Beedar, Bijapur, Chamarajanagaraa Chikkaballapura, Chitradurga, Dakshina Kannada, Dharwad, Davangere, Gadag,  Kalaburagi, Hassan, Haveri, Kodagu, Kolar, Koppal, Mandya, Mysuru, Raichur, Ramanagara, Shivamogga, Tumakuru, Udupi, Uttar Kashia Kannada",Karnataka,IMD,,29.0,2020.0,1.0,4.0,1,2020.0,1.0,4.0,1.0,0.49999999999999994,0.8660254037844387,1,Heavy Rain,1,25,1
31.0,heavy rains & flood,"Bagalkotee, Bengaluru Rural, Bengaluru Urban, Belagavi, Ballari, Beedar, Bijapur, Chamarajanagaraa Chikkaballapura, Chitradurga, Dakshina Kannada, Dharwad, Davangere, Gadag,  Kalaburagi, Hassan, Haveri, Kodagu, Kolar, Koppal, Mandya, Mysuru, Raichur, Shivamogga, Tumakuru, Udupi, Uttar Kashia Kannada, Yadgir",Karnataka,IMD,,29.0,2020.0,1.0,5.0,1,2020.0,1.0,5.0,1.0,0.49999999999999994,0.8660254037844387,1,Heavy Rain,1,27,1
30.0,heavy rains & flood,"Bagalkotee, Bengaluru Rural, Belagavi, Ballari, Bijapur, Chamarajanagaraa Chitradurga, Dakshina Kannada, Davangere, Dharwad, Gadag,  Kalaburagi, Hassan, Haveri, Mandya, Mysuru, Raichur, Ramanagara, Shivamogga, Udupi, Uttar Kashia Kannada, Yadgir",Karnataka,IMD,,29.0,2020.0,1.0,6.0,1,2020.0,1.0,6.0,1.0,0.49999999999999994,0.8660254037844387,1,Heavy Rain,1,21,1
31.0,heavy rains & flood,"Bagalkotee, Belagavi, Ballari, Beedar, Bijapur, Chamarajanagaraa Chikkaballapura, Chikkaballapura, Chitradurga, Dakshina Kannada, Davangere, Gadag, Haveri, Mysuru, Raichur, Ramanagara, Shivamogga, Tumakuru, Udupi, Uttar Kashia Kannada, Yadgir",Karnataka,IMD,,29.0,2020.0,1.0,7.0,1,2020.0,1.0,7.0,1.0,0.49999999999999994,0.8660254037844387,1,Heavy Rain,1,20,1
31.0,heavy rains & flood,"Bagalkotee, Bengaluru Urban, Belagavi, Ballari, Bijapur, Chamarajanagaraa Chikkaballapura, Chikkaballapura, Dakshina Kannada, Dharwad, Davangere, Gadag,  Kalaburagi, Hassan, Haveri, Kodagu, Koppal, Mandya, Mysuru, Raichur, Shivamogga, Tumakuru, Udupi, Uttar Kashia Kannada, Yadgir",Karnataka,IMD,,29.0,2020.0,1.0,8.0,1,2020.0,1.0,8.0,1.0,0.49999999999999994,0.8660254037844387,1,Heavy Rain,1,24,1
30.0,heavy rains & flood,"Bagalkotee, Bengaluru Urban, Belagavi, Ballari, Beedar, Bijapur, Chamarajanagaraa Chikkaballapura, Chitradurga, Dakshina Kannada, Dharwad, Davangere, Gadag,  Kalaburagi, Hassan, Haveri, Kodagu, Kolar, Koppal, Mysuru, Raichur, Ramanagara, Tumakuru, Udupi, Uttar Kashia Kannada, Yadgir",Karnataka,IMD,,29.0,2020.0,1.0,9.0,1,2020.0,1.0,9.0,1.0,0.49999999999999994,0.8660254037844387,1,Heavy Rain,1,25,1
31.0,heavy rains & flood,"Bagalkotee, Bengaluru Rural, Bengaluru Urban, Belagavi, Ballari, Beedar, Bijapur, Chamarajanagaraa Chikkaballapura, Chitradurga, Dakshina Kannada, Dharwad, Davangere, Gadag,  Kalaburagi, Hassan, Haveri, Kodagu, Koppal, Mandya, Mysuru, Raichur, Ramanagara, Shivamogga, Tumakuru, Udupi, Uttar Kashia Kannada, Yadgir",Karnataka,IMD,,29.0,2020.0,1.0,10.0,0,2020.0,1.0,10.0,1.0,0.49999999999999994,0.8660254037844387,1,Heavy Rain,1,27,1
1.0,flash flood,Kozhikode,Kerala,IMD,561.0,32.0,2020.0,3.0,7.0,0,2020.0,3.0,7.0,1.0,1.0,6.123233995736766e-17,0,Flash Flood,1,1,1
1.0,heavy rains & floods,Wayanad,Kerala,IMD,567.0,32.0,2020.0,5.0,8.0,0,2020.0,5.0,8.0,2.0,0.49999999999999994,-0.8660254037844387,0,Heavy Rain,1,1,1
1.0,landslide,Idukki,Kerala,IMD,556.0,32.0,2020.0,6.0,8.0,1,2020.0,6.0,8.0,2.0,1.2246467991473532e-16,-1.0,0,Landslide,1,1,1
1.0,heavy rains & floods,Alappuzha,Kerala,IMD,554.0,32.0,2020.0,7.0,8.0,0,2020.0,7.0,8.0,3.0,-0.4999999999999997,-0.8660254037844388,0,Heavy Rain,1,1,1
1.0,heavy rains & floods,"Alappuzha, Ernakulam, Kollam, Kottayam",Kerala,IMD,,32.0,2020.0,9.0,8.0,0,2020.0,9.0,8.0,3.0,-1.0,-1.8369701987210297e-16,0,Heavy Rain,1,4,1
1.0,heavy rains & flood,"Kannur, Kasaragod, Palakkad",Kerala,IMD,,32.0,2020.0,9.0,21.0,0,2020.0,9.0,21.0,3.0,-1.0,-1.8369701987210297e-16,0,Heavy Rain,1,3,1
1.0,heavy rains & flood,"Kollam, Thiruvananthapuram",Kerala,IMD,,32.0,2020.0,9.0,22.0,0,2020.0,9.0,22.0,3.0,-1.0,-1.8369701987210297e-16,0,Heavy Rain,1,2,1
1.0,heavy rains,Thiruvananthapuram,Kerala,IMD,565.0,32.0,2020.0,10.0,29.0,0,2020.0,10.0,29.0,4.0,-0.8660254037844386,0.5000000000000001,0,Heavy Rain,1,1,1
4.0,heavy rains & floods in narmada & tributaries,"Ashoknagar, Balaghat, Barwani, Betul, Bhopal, Chhatarpur, Chhindwara, Dewas, Dhar, Harda, Narmadapuram, Indore, Jabalpur, Katni, Mandsaur, Narsimhapur, Raisen, Sehore, Seoni, Tikamgarh, Ujjain, Vidisha",Madhya Pradesh,IMD,,23.0,2020.0,8.0,28.0,1,2020.0,8.0,28.0,3.0,-0.8660254037844385,-0.5000000000000004,0,Heavy Rain,1,22,1
1.0,heavy rains,Mumbai,Maharashtra,IMD,482.0,27.0,2020.0,6.0,18.0,0,2020.0,6.0,18.0,2.0,1.2246467991473532e-16,-1.0,0,Heavy Rain,1,1,1
1.0,heavy rains,Mumbai,Maharashtra,IMD,482.0,27.0,2020.0,7.0,16.0,0,2020.0,7.0,16.0,3.0,-0.4999999999999997,-0.8660254037844388,0,Heavy Rain,1,1,1
3.0,heavy rains & landslide,"Kolhapur, Mumbai, Nagpur, Palghar, Pune, Raigarh, Ratnagiri, Sindhudurg, Thane",Maharashtra,IMD,,27.0,2020.0,4.0,8.0,0,2020.0,4.0,8.0,2.0,0.8660254037844387,-0.4999999999999998,0,Landslide,1,9,1
3.0,heavy rains & floods,"Bhandara, Chandrapur, Gadchiroli, Nagpur, Washim",Maharashtra,IMD,,27.0,2020.0,8.0,29.0,0,2020.0,8.0,29.0,3.0,-0.8660254037844385,-0.5000000000000004,0,Heavy Rain,1,5,1
6.0,heavy rains & floods,"Ahmednagar, Aurangabad, Beed, Buldhana, Hingoli, Jalna, Latur, Nagpur, Nashik, Nanded, Dharashiv, Parbhani, Pune, Sindhudurg, Solapur, Washim",Maharashtra,IMD,,27.0,2020.0,9.0,19.0,1,2020.0,9.0,19.0,3.0,-1.0,-1.8369701987210297e-16,0,Heavy Rain,1,16,1
1.0,heavy rains,Thane,Maharashtra,IMD,497.0,27.0,2020.0,9.0,22.0,0,2020.0,9.0,22.0,3.0,-1.0,-1.8369701987210297e-16,0,Heavy Rain,1,1,1
2.0,heavy rains,"Akola, Aurangabad, Beed, Hingoli, Jalna, Kolhapur, Nanded, Nashik, Parbhani, Palghar, Pune, Raigarh, Ratnagiri, Sangli, Sindhudurg, Thane, Dharashiv",Maharashtra,IMD,,27.0,2020.0,10.0,10.0,0,2020.0,10.0,10.0,4.0,-0.8660254037844386,0.5000000000000001,0,Heavy Rain,1,17,1
1.0,heavy rains & floods,"Beed, Hingoli, Kolhapur, Latur, Dharashiv, Pune, Ratnagiri, Sangli, Satara, Sindhudurg, Solapur, Yavatmal",Maharashtra,IMD,,27.0,2020.0,10.0,14.0,0,2020.0,10.0,14.0,4.0,-0.8660254037844386,0.5000000000000001,0,Heavy Rain,1,12,1
1.0,heavy rains & floods,Solapur,Maharashtra,IMD,496.0,27.0,2020.0,10.0,15.0,0,2020.0,10.0,15.0,4.0,-0.8660254037844386,0.5000000000000001,0,Heavy Rain,1,1,1
1.0,heavy rains & floods,"Beed, Kolhapur, Pune, Satara, Sindhudurg, Solapur",Maharashtra,IMD,,27.0,2020.0,10.0,16.0,1,2020.0,10.0,16.0,4.0,-0.8660254037844386,0.5000000000000001,0,Heavy Rain,1,6,1
1.0,heavy rains & floods,Parts of Meghalaya,Meghalaya,IMD,,17.0,2020.0,5.0,25.0,0,2020.0,5.0,25.0,2.0,0.49999999999999994,-0.8660254037844387,0,Heavy Rain,1,1,1
1.0,heavy rains & floods,West Khasi Hills,Meghalaya,IMD,740.0,17.0,2020.0,9.0,22.0,0,2020.0,9.0,22.0,3.0,-1.0,-1.8369701987210297e-16,0,Heavy Rain,1,1,1
1.0,"heavy rains, floods & landslide","East Khasi Hills, Ri Bhoi, West Khasi Hills",Meghalaya,IMD,,17.0,2020.0,9.0,22.0,0,2020.0,9.0,22.0,3.0,-1.0,-1.8369701987210297e-16,0,Landslide,1,3,1
1.0,landslide,East Khasi Hills,Meghalaya,IMD,274.0,17.0,2020.0,9.0,25.0,0,2020.0,9.0,25.0,3.0,-1.0,-1.8369701987210297e-16,0,Landslide,1,1,1
1.0,heavy rains & floods,"East Khasi Hills, West Khasi Hills",Meghalaya,IMD,,17.0,2020.0,10.0,25.0,0,2020.0,10.0,25.0,4.0,-0.8660254037844386,0.5000000000000001,0,Heavy Rain,1,2,1
4.0,heavy rains & floods,Parts of Nagaland,Nagaland,IMD,,13.0,2020.0,3.0,7.0,0,2020.0,3.0,7.0,1.0,1.0,6.123233995736766e-17,0,Heavy Rain,1,1,1
16.0,heavy rains & floods,"Anugul, Baleshwar, Bargarh, Bhadrak, Bargarh, Boudh, Cuttack, Deogarh, Dhenkanal,Jagatsinghapur,Jajapur, Jharsuguda, Kalahandi, Kandhamal, Kendrapara, Kendujhar, Khordha,Koraput, Malkangiri, Mayurbhanj, Nabarangpur, Nayagarh, Nayagarh, Puri, Sambalpur, Subarnapur, Sundargarh",Odisha,IMD,,21.0,2020.0,7.0,23.0,1,2020.0,7.0,23.0,3.0,-0.4999999999999997,-0.8660254037844388,1,Heavy Rain,1,27,1
7.0,,"Gurdaspur, Hoshiarpur, Amritsar, Jalandhar, Tarn Taran, Rupnagar, Shahid Bhagat Singh Nagar, Fazilka, Moga, Ludhiana, S.A.S Nagar*, Faridkot, Fatehgarh Sahib, Sri Sri Muktsar Sahib Sahib, Sangrur, Barnala, Bathinda, Patiala, Mansa, Ferozepur, Pathankot, Kapurthala",Punjab,IMD,,3.0,2020.0,1.0,7.0,0,2020.0,1.0,7.0,1.0,0.49999999999999994,0.8660254037844387,1,Other,1,22,1
1.0,heavy rains,Bharatpur,Rajasthan,IMD,760.0,8.0,2020.0,5.0,8.0,0,2020.0,5.0,8.0,2.0,0.49999999999999994,-0.8660254037844387,0,Heavy Rain,1,1,1
1.0,heavy rains,Jaipur,Rajasthan,IMD,102.0,8.0,2020.0,8.0,14.0,0,2020.0,8.0,14.0,3.0,-0.8660254037844385,-0.5000000000000004,0,Heavy Rain,1,1,1
1.0,heavy rains,"Alwar, Bharatpur, Tonk",Rajasthan,IMD,,8.0,2020.0,8.0,16.0,0,2020.0,8.0,16.0,3.0,-0.8660254037844385,-0.5000000000000004,0,Heavy Rain,1,3,1
1.0,heavy rains,Banswara,Rajasthan,IMD,88.0,8.0,2020.0,8.0,22.0,0,2020.0,8.0,22.0,3.0,-0.8660254037844385,-0.5000000000000004,0,Heavy Rain,1,1,1
1.0,landslide,Mangan,Sikkim,IMD,226.0,11.0,2020.0,5.0,24.0,0,2020.0,5.0,24.0,2.0,0.49999999999999994,-0.8660254037844387,0,Landslide,1,1,1
1.0,landslide,Namchi,Sikkim,IMD,227.0,11.0,2020.0,6.0,6.0,0,2020.0,6.0,6.0,2.0,1.2246467991473532e-16,-1.0,0,Landslide,1,1,1
1.0,landslide,Gyalshing,Sikkim,IMD,228.0,11.0,2020.0,2.0,10.0,0,2020.0,2.0,10.0,1.0,0.8660254037844386,0.5000000000000001,0,Landslide,1,1,1
1.0,heavy rains,Siddipet,Telangana,IMD,692.0,36.0,2020.0,8.0,15.0,0,2020.0,8.0,15.0,3.0,-0.8660254037844385,-0.5000000000000004,0,Heavy Rain,1,1,1
1.0,heavy rains,Hyderabad,Telangana,IMD,507.0,36.0,2020.0,9.0,25.0,0,2020.0,9.0,25.0,3.0,-1.0,-1.8369701987210297e-16,0,Heavy Rain,1,1,1
20.0,"heavy rains,floods",Hyderabad & Parts of Telangana,Telangana,IMD,,36.0,2020.0,1.0,10.0,1,2020.0,1.0,10.0,1.0,0.49999999999999994,0.8660254037844387,1,Heavy Rain,1,1,1
1.0,heavy rains,"Fatehpur, Jalaun, Unnao",Uttar Pradesh,IMD,,9.0,2020.0,6.0,23.0,0,2020.0,6.0,23.0,2.0,1.2246467991473532e-16,-1.0,0,Heavy Rain,1,3,1
2.0,heavy rains,"Prayagraj, Ambedkar Nagar, Bara Banki, Deoria, Kushinagar, Mirzapur, Sant Kabir Nagar, Bhadohi, Siddharthnagar, Sonbhadra, Unnao",Uttar Pradesh,IMD,,9.0,2020.0,6.0,25.0,0,2020.0,6.0,25.0,2.0,1.2246467991473532e-16,-1.0,0,Heavy Rain,1,11,1
1.0,"heavy rains & floods in sharada, rapti, sharayu & ghagara river","Ambedkar Nagar,  Ayodhya, Azamgarh, Bahraich, Ballia, Balrampur, Bara Banki, Basti, Deoria, Gonda, Gorakhpur, Kushinagar, Kheri, Mahrajganj, Mau, Sant Kabir Nagar, Siddharthnagar, Sitapur",Uttar Pradesh,IMD,,9.0,2020.0,8.0,18.0,1,2020.0,8.0,18.0,3.0,-0.8660254037844385,-0.5000000000000004,0,River/Water System,1,18,1
1.0,heavy rains,Dehradun,Uttarakhand,IMD,49.0,5.0,2020.0,7.0,15.0,0,2020.0,7.0,15.0,3.0,-0.4999999999999997,-0.8660254037844388,0,Heavy Rain,1,1,1
2.0,heavy rains & cloud burst,Pithoragarh,Uttarakhand,IMD,53.0,5.0,2020.0,7.0,18.0,0,2020.0,7.0,18.0,3.0,-0.4999999999999997,-0.8660254037844388,0,Heavy Rain,1,1,1
1.0,heavy rains & cloud burst,Chamoli,Uttarakhand,IMD,47.0,5.0,2020.0,8.0,25.0,0,2020.0,8.0,25.0,3.0,-0.8660254037844385,-0.5000000000000004,0,Heavy Rain,1,1,1
1.0,landslide,Darjeeling,West Bengal,IMD,309.0,19.0,2020.0,3.0,14.0,0,2020.0,3.0,14.0,1.0,1.0,6.123233995736766e-17,0,Landslide,1,1,1
37.0,heavy rains & floods,Parts of West Bengal,West Bengal,IMD,,19.0,2020.0,1.0,6.0,1,2020.0,1.0,6.0,1.0,0.49999999999999994,0.8660254037844387,1,Heavy Rain,1,1,1
13.0,heavy rains & floods,Parts of West Bengal,West Bengal,IMD,,19.0,2020.0,8.0,7.0,1,2020.0,8.0,7.0,3.0,-0.8660254037844385,-0.5000000000000004,1,Heavy Rain,1,1,1
1.0,heavy rain,New Delhi,New Delhi,IMD,79.0,,2020.0,7.0,19.0,0,2020.0,7.0,19.0,3.0,-0.4999999999999997,-0.8660254037844388,0,Heavy Rain,1,1,1
1.0,rains,Rajouri,Jammu and Kashmir,IMD,12.0,,2020.0,4.0,19.0,0,2020.0,4.0,19.0,2.0,0.8660254037844387,-0.4999999999999998,0,Heavy Rain,1,1,1
1.0,flash floods,"Budgam, Shopian",Jammu and Kashmir,IMD,,,2020.0,4.0,27.0,0,2020.0,4.0,27.0,2.0,0.8660254037844387,-0.4999999999999998,0,Flash Flood,1,2,1
1.0,cloudburst,Kishtwar,Jammu and Kashmir,IMD,620.0,,2020.0,2.0,5.0,0,2020.0,2.0,5.0,1.0,0.8660254037844386,0.5000000000000001,0,Other,1,1,1
1.0,cloudburst / flash floods,Pulwama,Jammu and Kashmir,IMD,11.0,,2020.0,9.0,8.0,0,2020.0,9.0,8.0,3.0,-1.0,-1.8369701987210297e-16,0,Flash Flood,1,1,1
1.0,heavy rains & landslide,"Kathua, Poonch, Rajouri, Reasi, Udhampur",Jammu and Kashmir,IMD,,,2020.0,8.0,26.0,0,2020.0,8.0,26.0,3.0,-0.8660254037844385,-0.5000000000000004,0,Landslide,1,5,1
1.0,,"Kishtwar, Poonch, Udhampur",Jammu and Kashmir,IMD,,,2020.0,8.0,27.0,0,2020.0,8.0,27.0,3.0,-0.8660254037844385,-0.5000000000000004,0,Other,1,3,1
1.0,heavy rains & floods,West Godavari,Andhra Pradesh,IMD,523.0,28.0,2021.0,9.0,6.0,0,2021.0,9.0,6.0,3.0,-1.0,-1.8369701987210297e-16,0,Heavy Rain,1,1,1
14.0,heavy rains & floods,Ananthapuramuamu,Andhra Pradesh,IMD,,28.0,2021.0,11.0,8.0,0,2021.0,11.0,8.0,4.0,-0.5000000000000004,0.8660254037844384,1,Heavy Rain,1,1,1
14.0,heavy rains & floods,Chittoor,Andhra Pradesh,IMD,503.0,28.0,2021.0,11.0,8.0,1,2021.0,11.0,8.0,4.0,-0.5000000000000004,0.8660254037844384,1,Heavy Rain,1,1,1
14.0,heavy rains & floods,Y.S.R.,Andhra Pradesh,IMD,504.0,28.0,2021.0,11.0,8.0,1,2021.0,11.0,8.0,4.0,-0.5000000000000004,0.8660254037844384,1,Heavy Rain,1,1,1
14.0,heavy rains & floods,Kurnool,Andhra Pradesh,IMD,511.0,28.0,2021.0,11.0,8.0,0,2021.0,11.0,8.0,4.0,-0.5000000000000004,0.8660254037844384,1,Heavy Rain,1,1,1
14.0,heavy rains & floods,Parts of Andhra Pradesh,Andhra Pradesh,IMD,,28.0,2021.0,11.0,8.0,0,2021.0,11.0,8.0,4.0,-0.5000000000000004,0.8660254037844384,1,Heavy Rain,1,1,1
1.0,"heavy rains  & flood (brahmaputra,tributaries)",Barpeta,Assam,IMD,280.0,18.0,2021.0,8.0,30.0,0,2021.0,8.0,30.0,3.0,-0.8660254037844385,-0.5000000000000004,0,River/Water System,1,1,1
1.0,"heavy rains  & flood (brahmaputra,tributaries)",Marigaon,Assam,IMD,296.0,18.0,2021.0,8.0,30.0,0,2021.0,8.0,30.0,3.0,-0.8660254037844385,-0.5000000000000004,0,River/Water System,1,1,1
1.0,"heavy rains  & flood (brahmaputra,tributaries)",Marigaon,Assam,IMD,296.0,18.0,2021.0,8.0,31.0,0,2021.0,8.0,31.0,3.0,-0.8660254037844385,-0.5000000000000004,0,River/Water System,1,1,1
1.0,"heavy rains  & flood (brahmaputra,tributaries)",Barpeta,Assam,IMD,280.0,18.0,2021.0,9.0,1.0,0,2021.0,9.0,1.0,3.0,-1.0,-1.8369701987210297e-16,0,River/Water System,1,1,1
1.0,"heavy rains  & flood (brahmaputra,tributaries)",Majuli,Assam,IMD,706.0,18.0,2021.0,9.0,1.0,0,2021.0,9.0,1.0,3.0,-1.0,-1.8369701987210297e-16,0,River/Water System,1,1,1
1.0,"heavy rains  & flood (brahmaputra,tributaries)","Kamrup,",Assam,IMD,,18.0,2021.0,9.0,2.0,0,2021.0,9.0,2.0,3.0,-1.0,-1.8369701987210297e-16,0,River/Water System,1,1,1
1.0,"heavy rains  & flood (brahmaputra,tributaries)","Marigaon,",Assam,IMD,,18.0,2021.0,9.0,2.0,0,2021.0,9.0,2.0,3.0,-1.0,-1.8369701987210297e-16,0,River/Water System,1,1,1
1.0,"heavy rains  & flood (brahmaputra,tributaries)",Goalpara,Assam,IMD,287.0,18.0,2021.0,9.0,3.0,0,2021.0,9.0,3.0,3.0,-1.0,-1.8369701987210297e-16,0,River/Water System,1,1,1
1.0,"heavy rains  & flood (brahmaputra,tributaries)",Marigaon,Assam,IMD,296.0,18.0,2021.0,9.0,4.0,0,2021.0,9.0,4.0,3.0,-1.0,-1.8369701987210297e-16,0,River/Water System,1,1,1
1.0,"heavy rains  & flood (brahmaputra,tributaries)",Marigaon,Assam,IMD,296.0,18.0,2021.0,9.0,5.0,0,2021.0,9.0,5.0,3.0,-1.0,-1.8369701987210297e-16,0,River/Water System,1,1,1
1.0,"heavy rains  & flood (brahmaputra,tributaries)",Marigaon,Assam,IMD,296.0,18.0,2021.0,9.0,6.0,0,2021.0,9.0,6.0,3.0,-1.0,-1.8369701987210297e-16,0,River/Water System,1,1,1
1.0,"heavy rains  & flood (brahmaputra,tributaries)",Marigaon,Assam,IMD,296.0,18.0,2021.0,9.0,7.0,0,2021.0,9.0,7.0,3.0,-1.0,-1.8369701987210297e-16,0,River/Water System,1,1,1
11.0,heavy rains & floods in ganga & tributaries,"Begusarai, Bhagalpur, Bhojpur, Buxar, Darbhanga, Katihar, Khagaria, Lakhisarai, Munger, Muzaffarpur, Patna, Saharsa, Samastipur, Saran, Vaishali",Bihar,IMD,,10.0,2021.0,8.0,7.0,1,2021.0,8.0,7.0,3.0,-0.8660254037844385,-0.5000000000000004,1,Heavy Rain,1,15,1
8.0,heavy rains & floods,"Ahmedabad, Jamnagar, Junagadh, Porbandar, Rajkot, Valsad",Gujarat,IMD,,24.0,2021.0,9.0,7.0,0,2021.0,9.0,7.0,3.0,-1.0,-1.8369701987210297e-16,1,Heavy Rain,1,6,1
1.0,heavy rains & floods,"North Goa,",Goa,IMD,,30.0,2021.0,7.0,22.0,0,2021.0,7.0,22.0,3.0,-0.4999999999999997,-0.8660254037844388,0,Heavy Rain,1,1,1
1.0,cloud burst & floods (manjhi river),Kangra,Himachal Pradesh,IMD,18.0,2.0,2021.0,7.0,12.0,0,2021.0,7.0,12.0,3.0,-0.4999999999999997,-0.8660254037844388,0,River/Water System,1,1,1
1.0,landslide,Kangra,Himachal Pradesh,IMD,18.0,2.0,2021.0,7.0,12.0,0,2021.0,7.0,12.0,3.0,-0.4999999999999997,-0.8660254037844388,0,Landslide,1,1,1
1.0,"heavy rains, floods (ravi river) & landslide at balogi",Chamba,Himachal Pradesh,IMD,16.0,2.0,2021.0,7.0,19.0,0,2021.0,7.0,19.0,3.0,-0.4999999999999997,-0.8660254037844388,0,River/Water System,1,1,1
1.0,landslide,Kinnaur,Himachal Pradesh,IMD,19.0,2.0,2021.0,7.0,25.0,0,2021.0,7.0,25.0,3.0,-0.4999999999999997,-0.8660254037844388,0,Landslide,1,1,1
1.0,flash floods triggered by cloudburst,Chamba,Himachal Pradesh,IMD,16.0,2.0,2021.0,7.0,27.0,0,2021.0,7.0,27.0,3.0,-0.4999999999999997,-0.8660254037844388,0,Flash Flood,1,1,1
1.0,flash floods triggered by cloudburst,Kullu,Himachal Pradesh,IMD,20.0,2.0,2021.0,7.0,27.0,0,2021.0,7.0,27.0,3.0,-0.4999999999999997,-0.8660254037844388,0,Flash Flood,1,1,1
1.0,flash floods triggered by cloudburst,Lahul And Spiti,Himachal Pradesh,IMD,21.0,2.0,2021.0,7.0,27.0,0,2021.0,7.0,27.0,3.0,-0.4999999999999997,-0.8660254037844388,0,Flash Flood,1,1,1
1.0,landslide,Solan,Himachal Pradesh,IMD,25.0,2.0,2021.0,8.0,3.0,0,2021.0,8.0,3.0,3.0,-0.8660254037844385,-0.5000000000000004,0,Landslide,1,1,1
1.0,landslide,Kinnaur,Himachal Pradesh,IMD,19.0,2.0,2021.0,8.0,11.0,1,2021.0,8.0,11.0,3.0,-0.8660254037844385,-0.5000000000000004,0,Landslide,1,1,1
2.0,heavy rains,Davangere����,Karnataka,IMD,,29.0,2021.0,4.0,11.0,0,2021.0,4.0,11.0,2.0,0.8660254037844387,-0.4999999999999998,0,Heavy Rain,1,1,1
3.0,"heavy rains, flood & landslides",Belagavi,Karnataka,IMD,527.0,29.0,2021.0,7.0,22.0,0,2021.0,7.0,22.0,3.0,-0.4999999999999997,-0.8660254037844388,0,Landslide,1,1,1
3.0,"heavy rains, flood & landslides",Chikkaballapura,Karnataka,IMD,630.0,29.0,2021.0,7.0,22.0,0,2021.0,7.0,22.0,3.0,-0.4999999999999997,-0.8660254037844388,0,Landslide,1,1,1
3.0,"heavy rains, flood & landslides",Dharwad,Karnataka,IMD,536.0,29.0,2021.0,7.0,22.0,0,2021.0,7.0,22.0,3.0,-0.4999999999999997,-0.8660254037844388,0,Landslide,1,1,1
3.0,"heavy rains, flood & landslides",Haveri,Karnataka,IMD,540.0,29.0,2021.0,7.0,22.0,0,2021.0,7.0,22.0,3.0,-0.4999999999999997,-0.8660254037844388,0,Landslide,1,1,1
3.0,"heavy rains, flood & landslides",Uttar Kashia Kannada,Karnataka,IMD,,29.0,2021.0,7.0,22.0,0,2021.0,7.0,22.0,3.0,-0.4999999999999997,-0.8660254037844388,0,Landslide,1,1,1
4.0,heavy rains,Belagavi,Karnataka,IMD,527.0,29.0,2021.0,10.0,3.0,0,2021.0,10.0,3.0,4.0,-0.8660254037844386,0.5000000000000001,0,Heavy Rain,1,1,1
4.0,heavy rains,Tumakuru,Karnataka,IMD,548.0,29.0,2021.0,10.0,3.0,0,2021.0,10.0,3.0,4.0,-0.8660254037844386,0.5000000000000001,0,Heavy Rain,1,1,1
6.0,heavy rains & floods,"Chitradurga,",Karnataka,IMD,,29.0,2021.0,11.0,15.0,0,2021.0,11.0,15.0,4.0,-0.5000000000000004,0.8660254037844384,0,Heavy Rain,1,1,1
6.0,heavy rains & floods,Chikkaballapura,Karnataka,IMD,630.0,29.0,2021.0,11.0,15.0,0,2021.0,11.0,15.0,4.0,-0.5000000000000004,0.8660254037844384,0,Heavy Rain,1,1,1
6.0,heavy rains & floods,Tumakuru,Karnataka,IMD,548.0,29.0,2021.0,11.0,15.0,0,2021.0,11.0,15.0,4.0,-0.5000000000000004,0.8660254037844384,0,Heavy Rain,1,1,1
6.0,heavy rains & floods,Parts of Karnataka,Karnataka,IMD,,29.0,2021.0,11.0,15.0,0,2021.0,11.0,15.0,4.0,-0.5000000000000004,0.8660254037844384,0,Heavy Rain,1,1,1
3.0,"heavy rains, flood & mudslide",Thiruvananthapuram,Kerala,IMD,565.0,32.0,2021.0,5.0,23.0,0,2021.0,5.0,23.0,2.0,0.49999999999999994,-0.8660254037844387,0,Heavy Rain,1,1,1
2.0,heavy rains,Wayanad,Kerala,IMD,567.0,32.0,2021.0,7.0,14.0,0,2021.0,7.0,14.0,3.0,-0.4999999999999997,-0.8660254037844388,0,Heavy Rain,1,1,1
1.0,heavy rains & mudslide,Kollam,Kerala,IMD,559.0,32.0,2021.0,10.0,11.0,0,2021.0,10.0,11.0,4.0,-0.8660254037844386,0.5000000000000001,0,Heavy Rain,1,1,1
1.0,heavy rains & mudslide,Malappuram,Kerala,IMD,562.0,32.0,2021.0,10.0,11.0,0,2021.0,10.0,11.0,4.0,-0.8660254037844386,0.5000000000000001,0,Heavy Rain,1,1,1
1.0,"heavy rains, floods & landslides",Kozhikode,Kerala,IMD,561.0,32.0,2021.0,10.0,12.0,0,2021.0,10.0,12.0,4.0,-0.8660254037844386,0.5000000000000001,0,Landslide,1,1,1
1.0,"heavy rains, floods & landslides",Pathanamthitta,Kerala,IMD,564.0,32.0,2021.0,10.0,12.0,0,2021.0,10.0,12.0,4.0,-0.8660254037844386,0.5000000000000001,0,Landslide,1,1,1
1.0,"heavy rains, floods & landslips",Idukki,Kerala,IMD,556.0,32.0,2021.0,10.0,16.0,1,2021.0,10.0,16.0,4.0,-0.8660254037844386,0.5000000000000001,0,Heavy Rain,1,1,1
1.0,"heavy rains, floods & landslips",Kollam,Kerala,IMD,559.0,32.0,2021.0,10.0,16.0,0,2021.0,10.0,16.0,4.0,-0.8660254037844386,0.5000000000000001,0,Heavy Rain,1,1,1
1.0,"heavy rains, floods & landslips",Kottayam,Kerala,IMD,560.0,32.0,2021.0,10.0,16.0,1,2021.0,10.0,16.0,4.0,-0.8660254037844386,0.5000000000000001,0,Heavy Rain,1,1,1
1.0,"heavy rains, floods & landslips",Palakkad,Kerala,IMD,563.0,32.0,2021.0,10.0,16.0,0,2021.0,10.0,16.0,4.0,-0.8660254037844386,0.5000000000000001,0,Heavy Rain,1,1,1
1.0,"heavy rains, floods & landslips",Thiruvananthapuram,Kerala,IMD,565.0,32.0,2021.0,10.0,16.0,0,2021.0,10.0,16.0,4.0,-0.8660254037844386,0.5000000000000001,0,Heavy Rain,1,1,1
1.0,heavy rains & floods,Thrissur,Kerala,IMD,566.0,32.0,2021.0,10.0,17.0,0,2021.0,10.0,17.0,4.0,-0.8660254037844386,0.5000000000000001,0,Heavy Rain,1,1,1
9.0,"heavy rains, floods & landslides",Alappuzha,Kerala,IMD,554.0,32.0,2021.0,10.0,11.0,0,2021.0,10.0,11.0,4.0,-0.8660254037844386,0.5000000000000001,1,Landslide,1,1,1
9.0,"heavy rains, floods & landslides",Kannur,Kerala,IMD,557.0,32.0,2021.0,10.0,11.0,0,2021.0,10.0,11.0,4.0,-0.8660254037844386,0.5000000000000001,1,Landslide,1,1,1
9.0,"heavy rains, floods & landslides",Thrissur,Kerala,IMD,566.0,32.0,2021.0,10.0,11.0,0,2021.0,10.0,11.0,4.0,-0.8660254037844386,0.5000000000000001,1,Landslide,1,1,1
1.0,heavy rains & floods,Kannur,Kerala,IMD,557.0,32.0,2021.0,11.0,14.0,0,2021.0,11.0,14.0,4.0,-0.5000000000000004,0.8660254037844384,0,Heavy Rain,1,1,1
1.0,heavy rains & floods,Thiruvananthapuram,Kerala,IMD,565.0,32.0,2021.0,11.0,14.0,0,2021.0,11.0,14.0,4.0,-0.5000000000000004,0.8660254037844384,0,Heavy Rain,1,1,1
1.0,heavy rains & floods,Thrissur,Kerala,IMD,566.0,32.0,2021.0,11.0,14.0,0,2021.0,11.0,14.0,4.0,-0.5000000000000004,0.8660254037844384,0,Heavy Rain,1,1,1
6.0,heavy rains,Ernakulam,Kerala,IMD,555.0,32.0,2021.0,11.0,10.0,0,2021.0,11.0,10.0,4.0,-0.5000000000000004,0.8660254037844384,0,Heavy Rain,1,1,1
2.0,heavy rains & floods,Thiruvananthapuram,Kerala,IMD,565.0,32.0,2021.0,11.0,15.0,0,2021.0,11.0,15.0,4.0,-0.5000000000000004,0.8660254037844384,0,Heavy Rain,1,1,1
1.0,heavy rains & floods,Thiruvananthapuram,Kerala,IMD,565.0,32.0,2021.0,11.0,17.0,0,2021.0,11.0,17.0,4.0,-0.5000000000000004,0.8660254037844384,0,Heavy Rain,1,1,1
1.0,heavy rains & floods,Thrissur,Kerala,IMD,566.0,32.0,2021.0,11.0,17.0,0,2021.0,11.0,17.0,4.0,-0.5000000000000004,0.8660254037844384,0,Heavy Rain,1,1,1
1.0,"heavy rains & floods (kanthen, jawar river)",Vidisha,Madhya Pradesh,IMD,437.0,23.0,2021.0,7.0,22.0,0,2021.0,7.0,22.0,3.0,-0.4999999999999997,-0.8660254037844388,0,River/Water System,1,1,1
1.0,heavy rains & floods (siwani river),Dindori,Madhya Pradesh,IMD,404.0,23.0,2021.0,7.0,24.0,0,2021.0,7.0,24.0,3.0,-0.4999999999999997,-0.8660254037844388,0,River/Water System,1,1,1
7.0,heavy rains & floods,Bhind,Madhya Pradesh,IMD,395.0,23.0,2021.0,8.0,1.0,0,2021.0,8.0,1.0,3.0,-0.8660254037844385,-0.5000000000000004,1,Heavy Rain,1,1,1
7.0,heavy rains & floods,Gwalior,Madhya Pradesh,IMD,407.0,23.0,2021.0,8.0,1.0,0,2021.0,8.0,1.0,3.0,-0.8660254037844385,-0.5000000000000004,1,Heavy Rain,1,1,1
7.0,heavy rains & floods,Rewa,Madhya Pradesh,IMD,72.0,23.0,2021.0,8.0,1.0,0,2021.0,8.0,1.0,3.0,-0.8660254037844385,-0.5000000000000004,1,Heavy Rain,1,1,1
7.0,heavy rains & floods,Sheopur,Madhya Pradesh,IMD,431.0,23.0,2021.0,8.0,1.0,0,2021.0,8.0,1.0,3.0,-0.8660254037844385,-0.5000000000000004,1,Heavy Rain,1,1,1
7.0,heavy rains & floods,Shivpuri,Madhya Pradesh,IMD,432.0,23.0,2021.0,8.0,1.0,0,2021.0,8.0,1.0,3.0,-0.8660254037844385,-0.5000000000000004,1,Heavy Rain,1,1,1
7.0,heavy rains & floods,Singrauli,Madhya Pradesh,IMD,638.0,23.0,2021.0,8.0,1.0,0,2021.0,8.0,1.0,3.0,-0.8660254037844385,-0.5000000000000004,1,Heavy Rain,1,1,1
7.0,heavy rains & floods,"Ashoknagar, Bhind, Datia, Gwalior, Guna, Morena, Rewa, Sheopur, Shivpuri, Singrauli",Madhya Pradesh,IMD,,23.0,2021.0,8.0,1.0,1,2021.0,8.0,1.0,3.0,-0.8660254037844385,-0.5000000000000004,1,Heavy Rain,1,10,1
1.0,floods & heavy rains,Tikamgarh,Madhya Pradesh,IMD,434.0,23.0,2021.0,8.0,30.0,0,2021.0,8.0,30.0,3.0,-0.8660254037844385,-0.5000000000000004,0,Heavy Rain,1,1,1
1.0,heavy rains,Kolhapur,Maharashtra,IMD,480.0,27.0,2021.0,6.0,3.0,0,2021.0,6.0,3.0,2.0,1.2246467991473532e-16,-1.0,0,Heavy Rain,1,1,1
1.0,heavy rains,Mumbai Suburban,Maharashtra,IMD,483.0,27.0,2021.0,6.0,9.0,1,2021.0,6.0,9.0,2.0,1.2246467991473532e-16,-1.0,0,Heavy Rain,1,1,1
1.0,heavy rains & floods,Dharashiv,Maharashtra,IMD,488.0,27.0,2021.0,7.0,9.0,0,2021.0,7.0,9.0,3.0,-0.4999999999999997,-0.8660254037844388,0,Heavy Rain,1,1,1
1.0,heavy rains,Ratnagiri,Maharashtra,IMD,492.0,27.0,2021.0,7.0,11.0,0,2021.0,7.0,11.0,3.0,-0.4999999999999997,-0.8660254037844388,0,Heavy Rain,1,1,1
1.0,heavy rains & floods,Nanded,Maharashtra,IMD,485.0,27.0,2021.0,7.0,11.0,0,2021.0,7.0,11.0,3.0,-0.4999999999999997,-0.8660254037844388,0,Heavy Rain,1,1,1
1.0,heavy rains & floods,Hingoli,Maharashtra,IMD,477.0,27.0,2021.0,7.0,12.0,0,2021.0,7.0,12.0,3.0,-0.4999999999999997,-0.8660254037844388,0,Heavy Rain,1,1,1
1.0,heavy rains & floods,Ratnagiri,Maharashtra,IMD,492.0,27.0,2021.0,7.0,12.0,0,2021.0,7.0,12.0,3.0,-0.4999999999999997,-0.8660254037844388,0,Heavy Rain,1,1,1
3.0,"heavy rains,  floods & landslides",Ratnagiri,Maharashtra,IMD,492.0,27.0,2021.0,7.0,13.0,0,2021.0,7.0,13.0,3.0,-0.4999999999999997,-0.8660254037844388,0,Landslide,1,1,1
3.0,"heavy rains,  floods & landslides",Sindhudurg,Maharashtra,IMD,495.0,27.0,2021.0,7.0,13.0,0,2021.0,7.0,13.0,3.0,-0.4999999999999997,-0.8660254037844388,0,Landslide,1,1,1
1.0,"heavy rains,  floods & landslides",Mumbai,Maharashtra,IMD,482.0,27.0,2021.0,7.0,17.0,1,2021.0,7.0,17.0,3.0,-0.4999999999999997,-0.8660254037844388,0,Landslide,1,1,1
1.0,"heavy rains,  floods & landslides",Mumbai Suburban,Maharashtra,IMD,483.0,27.0,2021.0,7.0,17.0,1,2021.0,7.0,17.0,3.0,-0.4999999999999997,-0.8660254037844388,0,Landslide,1,1,1
1.0,"heavy rains,  floods & landslides",Thane,Maharashtra,IMD,497.0,27.0,2021.0,7.0,17.0,0,2021.0,7.0,17.0,3.0,-0.4999999999999997,-0.8660254037844388,0,Landslide,1,1,1
1.0,landslide,Thane,Maharashtra,IMD,497.0,27.0,2021.0,7.0,19.0,0,2021.0,7.0,19.0,3.0,-0.4999999999999997,-0.8660254037844388,0,Landslide,1,1,1
1.0,landslide,Kolhapur,Maharashtra,IMD,480.0,27.0,2021.0,7.0,22.0,0,2021.0,7.0,22.0,3.0,-0.4999999999999997,-0.8660254037844388,0,Landslide,1,1,1
1.0,landslide,Raigarh,Maharashtra,IMD,386.0,27.0,2021.0,7.0,22.0,1,2021.0,7.0,22.0,3.0,-0.4999999999999997,-0.8660254037844388,0,Landslide,1,1,1
1.0,heavy rains & floods,Palghar,Maharashtra,IMD,665.0,27.0,2021.0,7.0,22.0,0,2021.0,7.0,22.0,3.0,-0.4999999999999997,-0.8660254037844388,0,Heavy Rain,1,1,1
1.0,heavy rains & floods,Chandrapur,Maharashtra,IMD,473.0,27.0,2021.0,7.0,22.0,0,2021.0,7.0,22.0,3.0,-0.4999999999999997,-0.8660254037844388,0,Heavy Rain,1,1,1
1.0,heavy rains & floods,Wardha,Maharashtra,IMD,498.0,27.0,2021.0,7.0,22.0,0,2021.0,7.0,22.0,3.0,-0.4999999999999997,-0.8660254037844388,0,Heavy Rain,1,1,1
2.0,"heavy rains & floods, landslide",Ratnagiri,Maharashtra,IMD,492.0,27.0,2021.0,7.0,22.0,0,2021.0,7.0,22.0,3.0,-0.4999999999999997,-0.8660254037844388,0,Landslide,1,1,1
1.0,heavy rains & floods (venna river),Satara,Maharashtra,IMD,494.0,27.0,2021.0,7.0,22.0,0,2021.0,7.0,22.0,3.0,-0.4999999999999997,-0.8660254037844388,0,River/Water System,1,1,1
1.0,heavy rains & floods,Satara,Maharashtra,IMD,494.0,27.0,2021.0,7.0,23.0,0,2021.0,7.0,23.0,3.0,-0.4999999999999997,-0.8660254037844388,0,Heavy Rain,1,1,1
1.0,landslide,Satara,Maharashtra,IMD,494.0,27.0,2021.0,7.0,23.0,0,2021.0,7.0,23.0,3.0,-0.4999999999999997,-0.8660254037844388,0,Landslide,1,1,1
1.0,heavy rains & floods,Wardha,Maharashtra,IMD,498.0,27.0,2021.0,7.0,23.0,0,2021.0,7.0,23.0,3.0,-0.4999999999999997,-0.8660254037844388,0,Heavy Rain,1,1,1
1.0,heavy rains & floods,Hingoli,Maharashtra,IMD,477.0,27.0,2021.0,7.0,23.0,0,2021.0,7.0,23.0,3.0,-0.4999999999999997,-0.8660254037844388,0,Heavy Rain,1,1,1
1.0,landslide,Sindhudurg,Maharashtra,IMD,495.0,27.0,2021.0,7.0,23.0,0,2021.0,7.0,23.0,3.0,-0.4999999999999997,-0.8660254037844388,0,Landslide,1,1,1
1.0,heavy rains & floods,Sindhudurg,Maharashtra,IMD,495.0,27.0,2021.0,7.0,23.0,0,2021.0,7.0,23.0,3.0,-0.4999999999999997,-0.8660254037844388,0,Heavy Rain,1,1,1
1.0,heavy rains,Mumbai Suburban,Maharashtra,IMD,483.0,27.0,2021.0,7.0,23.0,0,2021.0,7.0,23.0,3.0,-0.4999999999999997,-0.8660254037844388,0,Heavy Rain,1,1,1
1.0,landslide,Thane,Maharashtra,IMD,497.0,27.0,2021.0,7.0,23.0,0,2021.0,7.0,23.0,3.0,-0.4999999999999997,-0.8660254037844388,0,Landslide,1,1,1
1.0,heavy rains,Jalgaon,Maharashtra,IMD,478.0,27.0,2021.0,7.0,25.0,0,2021.0,7.0,25.0,3.0,-0.4999999999999997,-0.8660254037844388,0,Heavy Rain,1,1,1
1.0,heavy rains & floods,Pune,Maharashtra,IMD,490.0,27.0,2021.0,7.0,26.0,0,2021.0,7.0,26.0,3.0,-0.4999999999999997,-0.8660254037844388,0,Heavy Rain,1,1,1
1.0,heavy rains & floods,Latur,Maharashtra,IMD,481.0,27.0,2021.0,8.0,30.0,0,2021.0,8.0,30.0,3.0,-0.8660254037844385,-0.5000000000000004,0,Heavy Rain,1,1,1
1.0,heavy rains & floods,Nanded,Maharashtra,IMD,485.0,27.0,2021.0,8.0,30.0,0,2021.0,8.0,30.0,3.0,-0.8660254037844385,-0.5000000000000004,0,Heavy Rain,1,1,1
1.0,heavy rains & floods,Yavatmal,Maharashtra,IMD,500.0,27.0,2021.0,8.0,30.0,0,2021.0,8.0,30.0,3.0,-0.8660254037844385,-0.5000000000000004,0,Heavy Rain,1,1,1
1.0,"heavy rains, floods &  landslide",Ahmednagar,Maharashtra,IMD,466.0,27.0,2021.0,8.0,31.0,0,2021.0,8.0,31.0,3.0,-0.8660254037844385,-0.5000000000000004,0,Landslide,1,1,1
1.0,"heavy rains, floods &  landslide",Beed,Maharashtra,IMD,470.0,27.0,2021.0,8.0,31.0,0,2021.0,8.0,31.0,3.0,-0.8660254037844385,-0.5000000000000004,0,Landslide,1,1,1
1.0,"heavy rains, floods &  landslide",Jalgaon,Maharashtra,IMD,478.0,27.0,2021.0,8.0,31.0,0,2021.0,8.0,31.0,3.0,-0.8660254037844385,-0.5000000000000004,0,Landslide,1,1,1
1.0,heavy rains & floods,Akola,Maharashtra,IMD,467.0,27.0,2021.0,9.0,1.0,0,2021.0,9.0,1.0,3.0,-1.0,-1.8369701987210297e-16,0,Heavy Rain,1,1,1
1.0,heavy rains & floods,"Beed,",Maharashtra,IMD,,27.0,2021.0,9.0,6.0,0,2021.0,9.0,6.0,3.0,-1.0,-1.8369701987210297e-16,0,Heavy Rain,1,1,1
1.0,heavy rains & floods,Akola,Maharashtra,IMD,467.0,27.0,2021.0,9.0,7.0,0,2021.0,9.0,7.0,3.0,-1.0,-1.8369701987210297e-16,0,Heavy Rain,1,1,1
1.0,heavy rains & floods,Beed,Maharashtra,IMD,470.0,27.0,2021.0,9.0,7.0,0,2021.0,9.0,7.0,3.0,-1.0,-1.8369701987210297e-16,0,Heavy Rain,1,1,1
1.0,heavy rains & floods,Gondia,Maharashtra,IMD,476.0,27.0,2021.0,9.0,7.0,0,2021.0,9.0,7.0,3.0,-1.0,-1.8369701987210297e-16,0,Heavy Rain,1,1,1
1.0,heavy rains & floods,Nanded,Maharashtra,IMD,485.0,27.0,2021.0,9.0,7.0,0,2021.0,9.0,7.0,3.0,-1.0,-1.8369701987210297e-16,0,Heavy Rain,1,1,1
1.0,heavy rains & floods,Washim,Maharashtra,IMD,499.0,27.0,2021.0,9.0,7.0,0,2021.0,9.0,7.0,3.0,-1.0,-1.8369701987210297e-16,0,Heavy Rain,1,1,1
1.0,heavy rains & floods,Yavatmal,Maharashtra,IMD,500.0,27.0,2021.0,9.0,7.0,0,2021.0,9.0,7.0,3.0,-1.0,-1.8369701987210297e-16,0,Heavy Rain,1,1,1
2.0,heavy rains & floods,Chandrapur,Maharashtra,IMD,473.0,27.0,2021.0,9.0,20.0,0,2021.0,9.0,20.0,3.0,-1.0,-1.8369701987210297e-16,0,Heavy Rain,1,1,1
1.0,heavy rains & floods,Washim,Maharashtra,IMD,499.0,27.0,2021.0,9.0,26.0,0,2021.0,9.0,26.0,3.0,-1.0,-1.8369701987210297e-16,0,Heavy Rain,1,1,1
1.0,heavy rains & floods,"Aurangabad,",Maharashtra,IMD,,27.0,2021.0,9.0,28.0,1,2021.0,9.0,28.0,3.0,-1.0,-1.8369701987210297e-16,0,Heavy Rain,1,1,1
1.0,heavy rains & floods,Beed,Maharashtra,IMD,470.0,27.0,2021.0,9.0,28.0,0,2021.0,9.0,28.0,3.0,-1.0,-1.8369701987210297e-16,0,Heavy Rain,1,1,1
1.0,heavy rains & floods,Jalna,Maharashtra,IMD,479.0,27.0,2021.0,9.0,28.0,0,2021.0,9.0,28.0,3.0,-1.0,-1.8369701987210297e-16,0,Heavy Rain,1,1,1
1.0,heavy rains & floods,Latur,Maharashtra,IMD,481.0,27.0,2021.0,9.0,28.0,0,2021.0,9.0,28.0,3.0,-1.0,-1.8369701987210297e-16,0,Heavy Rain,1,1,1
1.0,heavy rains & floods,Nashik,Maharashtra,IMD,487.0,27.0,2021.0,9.0,28.0,0,2021.0,9.0,28.0,3.0,-1.0,-1.8369701987210297e-16,0,Heavy Rain,1,1,1
1.0,heavy rains & floods,Dharashiv,Maharashtra,IMD,488.0,27.0,2021.0,9.0,28.0,0,2021.0,9.0,28.0,3.0,-1.0,-1.8369701987210297e-16,0,Heavy Rain,1,1,1
1.0,heavy rains & floods,Parbhani,Maharashtra,IMD,489.0,27.0,2021.0,9.0,28.0,0,2021.0,9.0,28.0,3.0,-1.0,-1.8369701987210297e-16,0,Heavy Rain,1,1,1
1.0,heavy rains & floods,Yavatmal,Maharashtra,IMD,500.0,27.0,2021.0,9.0,28.0,0,2021.0,9.0,28.0,3.0,-1.0,-1.8369701987210297e-16,0,Heavy Rain,1,1,1
1.0,heavy rains & floods (girija river),Aurangabad,Maharashtra,IMD,189.0,27.0,2021.0,10.0,6.0,0,2021.0,10.0,6.0,4.0,-0.8660254037844386,0.5000000000000001,0,River/Water System,1,1,1
1.0,heavy rains & floods,Ahmednagar,Maharashtra,IMD,466.0,27.0,2021.0,10.0,9.0,0,2021.0,10.0,9.0,4.0,-0.8660254037844386,0.5000000000000001,0,Heavy Rain,1,1,1
1.0,heavy rains & floods,Dharashiv,Maharashtra,IMD,488.0,27.0,2021.0,10.0,9.0,0,2021.0,10.0,9.0,4.0,-0.8660254037844386,0.5000000000000001,0,Heavy Rain,1,1,1
1.0,heavy rains,Washim,Maharashtra,IMD,499.0,27.0,2021.0,10.0,20.0,0,2021.0,10.0,20.0,4.0,-0.8660254037844386,0.5000000000000001,0,Heavy Rain,1,1,1
2.0,heavy rains & floods,Kendrapara,Odisha,IMD,360.0,21.0,2021.0,9.0,12.0,0,2021.0,9.0,12.0,3.0,-1.0,-1.8369701987210297e-16,0,Heavy Rain,1,1,1
2.0,heavy rains & floods,Khordha,Odisha,IMD,362.0,21.0,2021.0,9.0,12.0,0,2021.0,9.0,12.0,3.0,-1.0,-1.8369701987210297e-16,0,Heavy Rain,1,1,1
1.0,heavy rains,Bikaner,Rajasthan,IMD,93.0,8.0,2021.0,6.0,20.0,0,2021.0,6.0,20.0,2.0,1.2246467991473532e-16,-1.0,0,Heavy Rain,1,1,1
1.0,heavy rains,Karauli,Rajasthan,IMD,108.0,8.0,2021.0,8.0,3.0,0,2021.0,8.0,3.0,3.0,-0.8660254037844385,-0.5000000000000004,0,Heavy Rain,1,1,1
1.0,heavy rains,Bundi,Rajasthan,IMD,94.0,8.0,2021.0,8.0,5.0,0,2021.0,8.0,5.0,3.0,-0.8660254037844385,-0.5000000000000004,0,Heavy Rain,1,1,1
1.0,heavy rains,Tonk,Rajasthan,IMD,116.0,8.0,2021.0,8.0,5.0,0,2021.0,8.0,5.0,3.0,-0.8660254037844385,-0.5000000000000004,0,Heavy Rain,1,1,1
1.0,landslide,Gangtok,Sikkim,IMD,225.0,11.0,2021.0,6.0,10.0,0,2021.0,6.0,10.0,2.0,1.2246467991473532e-16,-1.0,0,Landslide,1,1,1
1.0,heavy rains,Namchi,Sikkim,IMD,227.0,11.0,2021.0,7.0,29.0,0,2021.0,7.0,29.0,3.0,-0.4999999999999997,-0.8660254037844388,0,Heavy Rain,1,1,1
1.0,heavy rains,Tiruvannamalai,Tamil Nadu,IMD,593.0,33.0,2021.0,7.0,17.0,0,2021.0,7.0,17.0,3.0,-0.4999999999999997,-0.8660254037844388,0,Heavy Rain,1,1,1
1.0,heavy rains,Pudukkottai,Tamil Nadu,IMD,582.0,33.0,2021.0,9.0,17.0,0,2021.0,9.0,17.0,3.0,-1.0,-1.8369701987210297e-16,0,Heavy Rain,1,1,1
16.0,heavy rains & floods,Chennai,Tamil Nadu,IMD,568.0,33.0,2021.0,11.0,6.0,0,2021.0,11.0,6.0,4.0,-0.5000000000000004,0.8660254037844384,1,Heavy Rain,1,1,1
1.0,heavy rains,Chennai,Tamil Nadu,IMD,568.0,33.0,2021.0,11.0,7.0,0,2021.0,11.0,7.0,4.0,-0.5000000000000004,0.8660254037844384,0,Heavy Rain,1,1,1
1.0,heavy rains,Thanjavur,Tamil Nadu,IMD,586.0,33.0,2021.0,11.0,10.0,0,2021.0,11.0,10.0,4.0,-0.5000000000000004,0.8660254037844384,0,Heavy Rain,1,1,1
1.0,heavy rains,Vellore,Tamil Nadu,IMD,595.0,33.0,2021.0,11.0,18.0,0,2021.0,11.0,18.0,4.0,-0.5000000000000004,0.8660254037844384,0,Heavy Rain,1,1,1
1.0,heavy rains,"Krishnagiri, Tiruvannamalai",Tamil Nadu,IMD,,33.0,2021.0,11.0,19.0,0,2021.0,11.0,19.0,4.0,-0.5000000000000004,0.8660254037844384,0,Heavy Rain,1,2,1
1.0,heavy rains,"Krishnagiri, Tiruvannamalai",Tamil Nadu,IMD,,33.0,2021.0,11.0,19.0,0,2021.0,11.0,19.0,4.0,-0.5000000000000004,0.8660254037844384,0,Heavy Rain,1,2,1
1.0,heavy rains,Kallakurichi,Tamil Nadu,IMD,729.0,33.0,2021.0,11.0,21.0,0,2021.0,11.0,21.0,4.0,-0.5000000000000004,0.8660254037844384,0,Heavy Rain,1,1,1
1.0,heavy rains,Chennai,Tamil Nadu,IMD,568.0,33.0,2021.0,12.0,30.0,0,2021.0,12.0,30.0,4.0,-2.4492935982947064e-16,1.0,0,Heavy Rain,1,1,1
1.0,flash flood,"Mahabubabad, Nirmal",Telangana,IMD,,36.0,2021.0,7.0,22.0,0,2021.0,7.0,22.0,3.0,-0.4999999999999997,-0.8660254037844388,0,Flash Flood,1,2,1
1.0,heavy rains & floods,Ranga Reddy,Telangana,IMD,518.0,36.0,2021.0,8.0,28.0,0,2021.0,8.0,28.0,3.0,-0.8660254037844385,-0.5000000000000004,0,Heavy Rain,1,1,1
1.0,heavy rains & floods,Kumuram Bheem Asifabad,Telangana,IMD,699.0,36.0,2021.0,8.0,30.0,0,2021.0,8.0,30.0,3.0,-0.8660254037844385,-0.5000000000000004,0,Heavy Rain,1,1,1
1.0,heavy rains & floods,Vikarabad,Telangana,IMD,698.0,36.0,2021.0,8.0,30.0,0,2021.0,8.0,30.0,3.0,-0.8660254037844385,-0.5000000000000004,0,Heavy Rain,1,1,1
1.0,heavy rains & floods,Yadadri Yadadri Bhuvanagiri Yadadri Bhuvanagiri,Telangana,IMD,,36.0,2021.0,8.0,30.0,0,2021.0,8.0,30.0,3.0,-0.8660254037844385,-0.5000000000000004,0,Heavy Rain,1,1,1
1.0,heavy rains & floods,Nizamabad,Telangana,IMD,516.0,36.0,2021.0,8.0,31.0,0,2021.0,8.0,31.0,3.0,-0.8660254037844385,-0.5000000000000004,0,Heavy Rain,1,1,1
1.0,heavy rains & floods,Bhadradri Bhadradri Kothagudem,Telangana,IMD,,36.0,2021.0,9.0,6.0,0,2021.0,9.0,6.0,3.0,-1.0,-1.8369701987210297e-16,0,Heavy Rain,1,1,1
1.0,heavy rains & floods,"Warangal, Warangal, Warangal, Warangal",Telangana,IMD,,36.0,2021.0,9.0,6.0,0,2021.0,9.0,6.0,3.0,-1.0,-1.8369701987210297e-16,0,Heavy Rain,1,4,1
1.0,heavy rains & floods,Hyderabad,Telangana,IMD,507.0,36.0,2021.0,10.0,8.0,0,2021.0,10.0,8.0,4.0,-0.8660254037844386,0.5000000000000001,0,Heavy Rain,1,1,1
1.0,heavy rains,Sambhal,Uttar Pradesh,IMD,659.0,9.0,2021.0,7.0,19.0,0,2021.0,7.0,19.0,3.0,-0.4999999999999997,-0.8660254037844388,0,Heavy Rain,1,1,1
1.0,heavy rains,Sitapur,Uttar Pradesh,IMD,183.0,9.0,2021.0,7.0,19.0,0,2021.0,7.0,19.0,3.0,-0.4999999999999997,-0.8660254037844388,0,Heavy Rain,1,1,1
9.0,heavy rains & floods,"Banda, Baghpat, Ballia, Budaun, Chitrakoot, Etawah, Gonda, Hamirpur, Jalaun, Prayagraj, Varanasi",Uttar Pradesh,IMD,,9.0,2021.0,8.0,1.0,0,2021.0,8.0,1.0,3.0,-0.8660254037844385,-0.5000000000000004,1,Heavy Rain,1,11,1
1.0,heavy rains,Chitrakoot,Uttar Pradesh,IMD,136.0,9.0,2021.0,9.0,14.0,0,2021.0,9.0,14.0,3.0,-1.0,-1.8369701987210297e-16,0,Heavy Rain,1,1,1
1.0,heavy rains,Ballia,Uttar Pradesh,IMD,126.0,9.0,2021.0,9.0,15.0,0,2021.0,9.0,15.0,3.0,-1.0,-1.8369701987210297e-16,0,Heavy Rain,1,1,1
1.0,heavy rains,Bara Banki,Uttar Pradesh,IMD,129.0,9.0,2021.0,9.0,15.0,0,2021.0,9.0,15.0,3.0,-1.0,-1.8369701987210297e-16,0,Heavy Rain,1,1,1
1.0,heavy rains,Fatehpur,Uttar Pradesh,IMD,142.0,9.0,2021.0,9.0,15.0,0,2021.0,9.0,15.0,3.0,-1.0,-1.8369701987210297e-16,0,Heavy Rain,1,1,1
1.0,heavy rains,Ghazipurr,Uttar Pradesh,IMD,,9.0,2021.0,9.0,15.0,0,2021.0,9.0,15.0,3.0,-1.0,-1.8369701987210297e-16,0,Heavy Rain,1,1,1
1.0,heavy rains,Jaunpur,Uttar Pradesh,IMD,152.0,9.0,2021.0,9.0,15.0,0,2021.0,9.0,15.0,3.0,-1.0,-1.8369701987210297e-16,0,Heavy Rain,1,1,1
1.0,heavy rains,Kaushambi,Uttar Pradesh,IMD,158.0,9.0,2021.0,9.0,15.0,0,2021.0,9.0,15.0,3.0,-1.0,-1.8369701987210297e-16,0,Heavy Rain,1,1,1
1.0,heavy rains,Pratapgarh,Uttar Pradesh,IMD,629.0,9.0,2021.0,9.0,15.0,0,2021.0,9.0,15.0,3.0,-1.0,-1.8369701987210297e-16,0,Heavy Rain,1,1,1
3.0,heavy rains & floods,Bara Banki,Uttar Pradesh,IMD,129.0,9.0,2021.0,9.0,15.0,0,2021.0,9.0,15.0,3.0,-1.0,-1.8369701987210297e-16,0,Heavy Rain,1,1,1
3.0,heavy rains & floods,Lucknow,Uttar Pradesh,IMD,162.0,9.0,2021.0,9.0,15.0,0,2021.0,9.0,15.0,3.0,-1.0,-1.8369701987210297e-16,0,Heavy Rain,1,1,1
1.0,heavy rains & floods,Fatehpur,Uttar Pradesh,IMD,142.0,9.0,2021.0,9.0,17.0,0,2021.0,9.0,17.0,3.0,-1.0,-1.8369701987210297e-16,0,Heavy Rain,1,1,1
1.0,heavy rains & floods,Jaunpur,Uttar Pradesh,IMD,152.0,9.0,2021.0,9.0,17.0,0,2021.0,9.0,17.0,3.0,-1.0,-1.8369701987210297e-16,0,Heavy Rain,1,1,1
1.0,heavy rains & floods,Kushinagar,Uttar Pradesh,IMD,160.0,9.0,2021.0,9.0,17.0,0,2021.0,9.0,17.0,3.0,-1.0,-1.8369701987210297e-16,0,Heavy Rain,1,1,1
1.0,heavy rains & floods,Sultanpur,Uttar Pradesh,IMD,185.0,9.0,2021.0,9.0,17.0,0,2021.0,9.0,17.0,3.0,-1.0,-1.8369701987210297e-16,0,Heavy Rain,1,1,1
1.0,heavy rains & floods,Basti,Uttar Pradesh,IMD,131.0,9.0,2021.0,9.0,18.0,0,2021.0,9.0,18.0,3.0,-1.0,-1.8369701987210297e-16,0,Heavy Rain,1,1,1
1.0,nandadevi glacier breaks off at joshimath,Chamoli,Uttarakhand,IMD,47.0,5.0,2021.0,2.0,7.0,1,2021.0,2.0,7.0,1.0,0.8660254037844386,0.5000000000000001,0,Other,1,1,1
1.0,landslide,Bageshwar,Uttarakhand,IMD,46.0,5.0,2021.0,7.0,11.0,0,2021.0,7.0,11.0,3.0,-0.4999999999999997,-0.8660254037844388,0,Landslide,1,1,1
1.0,landslide,Chamoli,Uttarakhand,IMD,47.0,5.0,2021.0,7.0,11.0,0,2021.0,7.0,11.0,3.0,-0.4999999999999997,-0.8660254037844388,0,Landslide,1,1,1
1.0,heavy rains,Uttar Kashi Kashi,Uttarakhand,IMD,,5.0,2021.0,7.0,19.0,0,2021.0,7.0,19.0,3.0,-0.4999999999999997,-0.8660254037844388,0,Heavy Rain,1,1,1
1.0,heavy rains,Pithoragarh,Uttarakhand,IMD,53.0,5.0,2021.0,8.0,29.0,0,2021.0,8.0,29.0,3.0,-0.8660254037844385,-0.5000000000000004,0,Heavy Rain,1,1,1
4.0,"heavy rain, landslides & floods","Almora, Bageshwar, Chamoli, Champawat, Nainital, Garhwal, Pithoragarh, Udam Singh Nagar",Uttarakhand,IMD,,5.0,2021.0,10.0,16.0,1,2021.0,10.0,16.0,4.0,-0.8660254037844386,0.5000000000000001,0,Landslide,1,8,1
1.0,heavy rains,Kolkata,West Bengal,IMD,315.0,19.0,2021.0,5.0,11.0,0,2021.0,5.0,11.0,2.0,0.49999999999999994,-0.8660254037844387,0,Heavy Rain,1,1,1
2.0,heavy rains,"Purba Purba Bardhaman, Howrah, Hooghly, North 24 Parganas",West Bengal,IMD,,19.0,2021.0,8.0,2.0,1,2021.0,8.0,2.0,3.0,-0.8660254037844385,-0.5000000000000004,0,Heavy Rain,1,4,1
5.0,heavy rains & floods,"Hooghly, North 24 Parganas",West Bengal,IMD,,19.0,2021.0,9.0,14.0,1,2021.0,9.0,14.0,3.0,-1.0,-1.8369701987210297e-16,0,Heavy Rain,1,2,1
1.0,heavy rains,Paschim Purba Bardhaman,West Bengal,IMD,,19.0,2021.0,9.0,30.0,0,2021.0,9.0,30.0,3.0,-1.0,-1.8369701987210297e-16,0,Heavy Rain,1,1,1
1.0,landslide,Darjeeling,West Bengal,IMD,309.0,19.0,2021.0,10.0,19.0,0,2021.0,10.0,19.0,4.0,-0.8660254037844386,0.5000000000000001,0,Landslide,1,1,1
1.0,landslide,North westduar,West Bengal,IMD,,19.0,2021.0,10.0,19.0,0,2021.0,10.0,19.0,4.0,-0.8660254037844386,0.5000000000000001,0,Landslide,1,1,1
1.0,floods (torsa river),North westduar,West Bengal,IMD,,19.0,2021.0,10.0,19.0,0,2021.0,10.0,19.0,4.0,-0.8660254037844386,0.5000000000000001,0,River/Water System,1,1,1
1.0,heavy rains,New Delhi,Delhi,IMD,79.0,7.0,2021.0,7.0,19.0,0,2021.0,7.0,19.0,3.0,-0.4999999999999997,-0.8660254037844388,0,Heavy Rain,1,1,1
1.0,landslide,Udhampur,Jammu and Kashmir,IMD,14.0,,2021.0,3.0,26.0,0,2021.0,3.0,26.0,1.0,1.0,6.123233995736766e-17,0,Landslide,1,1,1
1.0,flash floods,Anantnag,Jammu and Kashmir,IMD,1.0,,2021.0,5.0,6.0,0,2021.0,5.0,6.0,2.0,0.49999999999999994,-0.8660254037844387,0,Flash Flood,1,1,1
1.0,flash floods,Anantnag,Jammu and Kashmir,IMD,1.0,,2021.0,7.0,19.0,0,2021.0,7.0,19.0,3.0,-0.4999999999999997,-0.8660254037844388,0,Flash Flood,1,1,1
1.0,cloud burst & flash floods,Kishtwar,Jammu and Kashmir,IMD,620.0,,2021.0,7.0,28.0,0,2021.0,7.0,28.0,3.0,-0.4999999999999997,-0.8660254037844388,0,Flash Flood,1,1,1
2.0,cloud burst,Baramulla,Jammu and Kashmir,IMD,3.0,,2021.0,9.0,11.0,0,2021.0,9.0,11.0,3.0,-1.0,-1.8369701987210297e-16,0,Other,1,1,1
1.0,flash floods,Rajouri,Jammu and Kashmir,IMD,12.0,,2021.0,9.0,12.0,0,2021.0,9.0,12.0,3.0,-1.0,-1.8369701987210297e-16,0,Flash Flood,1,1,1
1.0,flash floods,Rajouri,Jammu and Kashmir,IMD,12.0,,2021.0,10.0,1.0,0,2021.0,10.0,1.0,4.0,-0.8660254037844386,0.5000000000000001,0,Flash Flood,1,1,1
1.0,heavy rains & mudslide,Pulwama,Jammu and Kashmir,IMD,11.0,,2021.0,10.0,23.0,0,2021.0,10.0,23.0,4.0,-0.8660254037844386,0.5000000000000001,0,Heavy Rain,1,1,1
1.0,heavy rains & floods,Pondicherry,Puducherry,IMD,600.0,34.0,2021.0,2.0,21.0,0,2021.0,2.0,21.0,1.0,0.8660254037844386,0.5000000000000001,0,Heavy Rain,1,1,1
8.0,heavy rains & floods (godavari river),West Godavari,Andhra Pradesh,IMD,523.0,28.0,2022.0,7.0,18.0,0,2022.0,7.0,18.0,3.0,-0.4999999999999997,-0.8660254037844388,1,River/Water System,1,1,1
8.0,heavy rains & floods (godavari river),Kurnool,Andhra Pradesh,IMD,511.0,28.0,2022.0,7.0,18.0,0,2022.0,7.0,18.0,3.0,-0.4999999999999997,-0.8660254037844388,1,River/Water System,1,1,1
8.0,heavy rains & floods (godavari river),West Godavari,Andhra Pradesh,IMD,523.0,28.0,2022.0,7.0,18.0,0,2022.0,7.0,18.0,3.0,-0.4999999999999997,-0.8660254037844388,1,River/Water System,1,1,1
1.0,landslide,Kurung Kumey,Arunachal Pradesh,IMD,233.0,12.0,2022.0,4.0,17.0,0,2022.0,4.0,17.0,2.0,0.8660254037844387,-0.4999999999999998,0,Landslide,1,1,1
1.0,massive landslide,Itanagar,Arunachal Pradesh,IMD,,12.0,2022.0,5.0,15.0,0,2022.0,5.0,15.0,2.0,0.49999999999999994,-0.8660254037844387,0,Landslide,1,1,1
1.0,landslides,Itanagar,Arunachal Pradesh,IMD,,12.0,2022.0,5.0,16.0,0,2022.0,5.0,16.0,2.0,0.49999999999999994,-0.8660254037844387,0,Landslide,1,1,1
1.0,landslide,Kurung Kumey,Arunachal Pradesh,IMD,233.0,12.0,2022.0,5.0,17.0,0,2022.0,5.0,17.0,2.0,0.49999999999999994,-0.8660254037844387,0,Landslide,1,1,1
1.0,massive landslide,"West Kameng, West Kameng",Arunachal Pradesh,IMD,,12.0,2022.0,6.0,18.0,0,2022.0,6.0,18.0,2.0,1.2246467991473532e-16,-1.0,0,Landslide,1,2,1
1.0,landslide,Itanagar,Arunachal Pradesh,IMD,,12.0,2022.0,6.0,19.0,0,2022.0,6.0,19.0,2.0,1.2246467991473532e-16,-1.0,0,Landslide,1,1,1
1.0,massive landslide,Papum Pare,Arunachal Pradesh,IMD,237.0,12.0,2022.0,6.0,19.0,0,2022.0,6.0,19.0,2.0,1.2246467991473532e-16,-1.0,0,Landslide,1,1,1
1.0,landslide,Papum Pare,Arunachal Pradesh,IMD,237.0,12.0,2022.0,6.0,28.0,0,2022.0,6.0,28.0,2.0,1.2246467991473532e-16,-1.0,0,Landslide,1,1,1
1.0,landslide,Itanagar,Arunachal Pradesh,IMD,,12.0,2022.0,6.0,28.0,0,2022.0,6.0,28.0,2.0,1.2246467991473532e-16,-1.0,0,Landslide,1,1,1
1.0,massive landslide,West Siang,Arunachal Pradesh,IMD,243.0,12.0,2022.0,6.0,28.0,0,2022.0,6.0,28.0,2.0,1.2246467991473532e-16,-1.0,0,Landslide,1,1,1
1.0,"heavy rains, landslide",Itanagar,Arunachal Pradesh,IMD,,12.0,2022.0,6.0,29.0,0,2022.0,6.0,29.0,2.0,1.2246467991473532e-16,-1.0,0,Landslide,1,1,1
1.0,massive landslide,Kra Daadi,Arunachal Pradesh,IMD,677.0,12.0,2022.0,8.0,5.0,0,2022.0,8.0,5.0,3.0,-0.8660254037844385,-0.5000000000000004,0,Landslide,1,1,1
1.0,landslide,Itanagar,Arunachal Pradesh,IMD,,12.0,2022.0,8.0,8.0,0,2022.0,8.0,8.0,3.0,-0.8660254037844385,-0.5000000000000004,0,Landslide,1,1,1
1.0,landslides,Upper Siang,Arunachal Pradesh,IMD,240.0,12.0,2022.0,10.0,17.0,0,2022.0,10.0,17.0,4.0,-0.8660254037844386,0.5000000000000001,0,Landslide,1,1,1
1.0,landslide,Dima Hasao,Assam,IMD,299.0,18.0,2022.0,5.0,12.0,0,2022.0,5.0,12.0,2.0,0.49999999999999994,-0.8660254037844387,0,Landslide,1,1,1
1.0,"heavy rains & floods (brahmaputra,tributaries)",Cachar,Assam,IMD,282.0,18.0,2022.0,5.0,15.0,0,2022.0,5.0,15.0,2.0,0.49999999999999994,-0.8660254037844387,0,River/Water System,1,1,1
1.0,"heavy rains & floods (brahmaputra,tributaries)",Udalguri,Assam,IMD,617.0,18.0,2022.0,5.0,16.0,0,2022.0,5.0,16.0,2.0,0.49999999999999994,-0.8660254037844387,0,River/Water System,1,1,1
1.0,"heavy rains & floods (brahmaputra,tributaries)",Darrang,Assam,IMD,283.0,18.0,2022.0,5.0,17.0,0,2022.0,5.0,17.0,2.0,0.49999999999999994,-0.8660254037844387,0,River/Water System,1,1,1
1.0,"heavy rains & floods (brahmaputra,tributaries)",Nagaon,Assam,IMD,297.0,18.0,2022.0,5.0,18.0,0,2022.0,5.0,18.0,2.0,0.49999999999999994,-0.8660254037844387,0,River/Water System,1,1,1
1.0,"heavy rains & floods (brahmaputra,tributaries)",Cachar,Assam,IMD,282.0,18.0,2022.0,5.0,19.0,0,2022.0,5.0,19.0,2.0,0.49999999999999994,-0.8660254037844387,0,River/Water System,1,1,1
1.0,"heavy rains & floods (brahmaputra,tributaries)",Lakhimpur,Assam,IMD,295.0,18.0,2022.0,5.0,19.0,0,2022.0,5.0,19.0,2.0,0.49999999999999994,-0.8660254037844387,0,River/Water System,1,1,1
1.0,"heavy rains & floods (brahmaputra,tributaries)",Nagaon,Assam,IMD,297.0,18.0,2022.0,5.0,19.0,0,2022.0,5.0,19.0,2.0,0.49999999999999994,-0.8660254037844387,0,River/Water System,1,1,1
1.0,"heavy rains & floods (brahmaputra,tributaries)",Cachar,Assam,IMD,282.0,18.0,2022.0,5.0,20.0,0,2022.0,5.0,20.0,2.0,0.49999999999999994,-0.8660254037844387,0,River/Water System,1,1,1
1.0,"heavy rains & floods (brahmaputra,tributaries)",Hojai,Assam,IMD,709.0,18.0,2022.0,5.0,20.0,0,2022.0,5.0,20.0,2.0,0.49999999999999994,-0.8660254037844387,0,River/Water System,1,1,1
1.0,"heavy rains & floods (brahmaputra,tributaries)",Nagaon,Assam,IMD,297.0,18.0,2022.0,5.0,20.0,0,2022.0,5.0,20.0,2.0,0.49999999999999994,-0.8660254037844387,0,River/Water System,1,1,1
1.0,"heavy rains & floods (brahmaputra,tributaries)",Cachar,Assam,IMD,282.0,18.0,2022.0,5.0,21.0,0,2022.0,5.0,21.0,2.0,0.49999999999999994,-0.8660254037844387,0,River/Water System,1,1,1
1.0,"heavy rains & floods (brahmaputra,tributaries)",Hojai,Assam,IMD,709.0,18.0,2022.0,5.0,21.0,0,2022.0,5.0,21.0,2.0,0.49999999999999994,-0.8660254037844387,0,River/Water System,1,1,1
1.0,"heavy rains & floods (brahmaputra,tributaries)",Nagaon,Assam,IMD,297.0,18.0,2022.0,5.0,21.0,0,2022.0,5.0,21.0,2.0,0.49999999999999994,-0.8660254037844387,0,River/Water System,1,1,1
1.0,"heavy rains & floods (brahmaputra,tributaries)",Cachar,Assam,IMD,282.0,18.0,2022.0,5.0,22.0,0,2022.0,5.0,22.0,2.0,0.49999999999999994,-0.8660254037844387,0,River/Water System,1,1,1
1.0,"heavy rains & floods (brahmaputra,tributaries)","Cachar,",Assam,IMD,,18.0,2022.0,5.0,23.0,0,2022.0,5.0,23.0,2.0,0.49999999999999994,-0.8660254037844387,0,River/Water System,1,1,1
1.0,"heavy rains & floods (brahmaputra,tributaries)",Nagaon,Assam,IMD,297.0,18.0,2022.0,5.0,23.0,0,2022.0,5.0,23.0,2.0,0.49999999999999994,-0.8660254037844387,0,River/Water System,1,1,1
1.0,"heavy rains & floods (brahmaputra,tributaries)",Cachar,Assam,IMD,282.0,18.0,2022.0,5.0,24.0,0,2022.0,5.0,24.0,2.0,0.49999999999999994,-0.8660254037844387,0,River/Water System,1,1,1
1.0,"heavy rains & floods (brahmaputra,tributaries)",Nagaon,Assam,IMD,297.0,18.0,2022.0,5.0,24.0,0,2022.0,5.0,24.0,2.0,0.49999999999999994,-0.8660254037844387,0,River/Water System,1,1,1
1.0,"heavy rains & floods (brahmaputra,tributaries)",Nagaon,Assam,IMD,297.0,18.0,2022.0,5.0,25.0,0,2022.0,5.0,25.0,2.0,0.49999999999999994,-0.8660254037844387,0,River/Water System,1,1,1
1.0,"heavy rains & floods (brahmaputra,tributaries)",Nagaon,Assam,IMD,297.0,18.0,2022.0,5.0,27.0,0,2022.0,5.0,27.0,2.0,0.49999999999999994,-0.8660254037844387,0,River/Water System,1,1,1
1.0,"heavy rains & floods (brahmaputra,tributaries)",Cachar,Assam,IMD,282.0,18.0,2022.0,5.0,29.0,0,2022.0,5.0,29.0,2.0,0.49999999999999994,-0.8660254037844387,0,River/Water System,1,1,1
1.0,"heavy rains & floods (brahmaputra,tributaries)",Nagaon,Assam,IMD,297.0,18.0,2022.0,5.0,29.0,0,2022.0,5.0,29.0,2.0,0.49999999999999994,-0.8660254037844387,0,River/Water System,1,1,1
1.0,"heavy rains & floods (brahmaputra,tributaries)",Cachar,Assam,IMD,282.0,18.0,2022.0,5.0,31.0,0,2022.0,5.0,31.0,2.0,0.49999999999999994,-0.8660254037844387,0,River/Water System,1,1,1
1.0,landslide,Kamrup,Assam,IMD,291.0,18.0,2022.0,6.0,14.0,0,2022.0,6.0,14.0,2.0,1.2246467991473532e-16,-1.0,0,Landslide,1,1,1
1.0,"heavy rains & flood (brahmaputra,tributaries)","Baksa,",Assam,IMD,,18.0,2022.0,6.0,14.0,0,2022.0,6.0,14.0,2.0,1.2246467991473532e-16,-1.0,0,River/Water System,1,1,1
1.0,"heavy rains & flood (brahmaputra,tributaries)",Dima Hasao,Assam,IMD,299.0,18.0,2022.0,6.0,15.0,0,2022.0,6.0,15.0,2.0,1.2246467991473532e-16,-1.0,0,River/Water System,1,1,1
1.0,"heavy rains & flood (brahmaputra,tributaries)",Udalguri,Assam,IMD,617.0,18.0,2022.0,6.0,15.0,0,2022.0,6.0,15.0,2.0,1.2246467991473532e-16,-1.0,0,River/Water System,1,1,1
1.0,landslide,Goalpara,Assam,IMD,287.0,18.0,2022.0,6.0,16.0,0,2022.0,6.0,16.0,2.0,1.2246467991473532e-16,-1.0,0,Landslide,1,1,1
1.0,"heavy rains & flood (brahmaputra,tributaries)",Baksa,Assam,IMD,616.0,18.0,2022.0,6.0,16.0,0,2022.0,6.0,16.0,2.0,1.2246467991473532e-16,-1.0,0,River/Water System,1,1,1
1.0,"heavy rains & flood (brahmaputra,tributaries)",Dhubri,Assam,IMD,285.0,18.0,2022.0,6.0,16.0,0,2022.0,6.0,16.0,2.0,1.2246467991473532e-16,-1.0,0,River/Water System,1,1,1
1.0,"heavy rains & flood (brahmaputra,tributaries)",Hojai,Assam,IMD,709.0,18.0,2022.0,6.0,16.0,0,2022.0,6.0,16.0,2.0,1.2246467991473532e-16,-1.0,0,River/Water System,1,1,1
1.0,"heavy rains & flood (brahmaputra,tributaries)",Kamrup,Assam,IMD,291.0,18.0,2022.0,6.0,16.0,0,2022.0,6.0,16.0,2.0,1.2246467991473532e-16,-1.0,0,River/Water System,1,1,1
1.0,"heavy rains & flood (brahmaputra,tributaries)",Kokrajhar,Assam,IMD,294.0,18.0,2022.0,6.0,16.0,0,2022.0,6.0,16.0,2.0,1.2246467991473532e-16,-1.0,0,River/Water System,1,1,1
1.0,"heavy rains & flood (brahmaputra,tributaries)",Nalbari,Assam,IMD,298.0,18.0,2022.0,6.0,16.0,0,2022.0,6.0,16.0,2.0,1.2246467991473532e-16,-1.0,0,River/Water System,1,1,1
1.0,"heavy rains & flood (brahmaputra,tributaries)",Sonitpur,Assam,IMD,301.0,18.0,2022.0,6.0,16.0,0,2022.0,6.0,16.0,2.0,1.2246467991473532e-16,-1.0,0,River/Water System,1,1,1
1.0,"heavy rains & flood (brahmaputra,tributaries)",Barpeta,Assam,IMD,280.0,18.0,2022.0,6.0,17.0,0,2022.0,6.0,17.0,2.0,1.2246467991473532e-16,-1.0,0,River/Water System,1,1,1
1.0,"heavy rains & flood (brahmaputra,tributaries)",Darrang,Assam,IMD,283.0,18.0,2022.0,6.0,17.0,0,2022.0,6.0,17.0,2.0,1.2246467991473532e-16,-1.0,0,River/Water System,1,1,1
1.0,"heavy rains & flood (brahmaputra,tributaries)",Nalbari,Assam,IMD,298.0,18.0,2022.0,6.0,17.0,0,2022.0,6.0,17.0,2.0,1.2246467991473532e-16,-1.0,0,River/Water System,1,1,1
1.0,"heavy rains & flood (brahmaputra,tributaries)",Sonitpur,Assam,IMD,301.0,18.0,2022.0,6.0,17.0,0,2022.0,6.0,17.0,2.0,1.2246467991473532e-16,-1.0,0,River/Water System,1,1,1
1.0,landslides,Hailakandi,Assam,IMD,289.0,18.0,2022.0,6.0,18.0,0,2022.0,6.0,18.0,2.0,1.2246467991473532e-16,-1.0,0,Landslide,1,1,1
1.0,landslides,Karimganj,Assam,IMD,293.0,18.0,2022.0,6.0,18.0,0,2022.0,6.0,18.0,2.0,1.2246467991473532e-16,-1.0,0,Landslide,1,1,1
1.0,"heavy rains & flood (brahmaputra,tributaries)",Baksa,Assam,IMD,616.0,18.0,2022.0,6.0,18.0,0,2022.0,6.0,18.0,2.0,1.2246467991473532e-16,-1.0,0,River/Water System,1,1,1
1.0,"heavy rains & flood (brahmaputra,tributaries)",Barpeta,Assam,IMD,280.0,18.0,2022.0,6.0,18.0,0,2022.0,6.0,18.0,2.0,1.2246467991473532e-16,-1.0,0,River/Water System,1,1,1
1.0,"heavy rains & flood (brahmaputra,tributaries)",Kamrup,Assam,IMD,291.0,18.0,2022.0,6.0,18.0,0,2022.0,6.0,18.0,2.0,1.2246467991473532e-16,-1.0,0,River/Water System,1,1,1
1.0,"heavy rains & flood (brahmaputra,tributaries)",Karimganj,Assam,IMD,293.0,18.0,2022.0,6.0,18.0,0,2022.0,6.0,18.0,2.0,1.2246467991473532e-16,-1.0,0,River/Water System,1,1,1
1.0,"heavy rains & flood (brahmaputra,tributaries)",Udalguri,Assam,IMD,617.0,18.0,2022.0,6.0,18.0,0,2022.0,6.0,18.0,2.0,1.2246467991473532e-16,-1.0,0,River/Water System,1,1,1
1.0,landslide,Cachar,Assam,IMD,282.0,18.0,2022.0,6.0,19.0,0,2022.0,6.0,19.0,2.0,1.2246467991473532e-16,-1.0,0,Landslide,1,1,1
1.0,"heavy rains & flood (brahmaputra,tributaries)",Cachar,Assam,IMD,282.0,18.0,2022.0,6.0,19.0,0,2022.0,6.0,19.0,2.0,1.2246467991473532e-16,-1.0,0,River/Water System,1,1,1
1.0,"heavy rains & flood (brahmaputra,tributaries)",Darrang,Assam,IMD,283.0,18.0,2022.0,6.0,19.0,0,2022.0,6.0,19.0,2.0,1.2246467991473532e-16,-1.0,0,River/Water System,1,1,1
1.0,"heavy rains & flood (brahmaputra,tributaries)",Dibrugarh,Assam,IMD,286.0,18.0,2022.0,6.0,19.0,0,2022.0,6.0,19.0,2.0,1.2246467991473532e-16,-1.0,0,River/Water System,1,1,1
1.0,"heavy rains & flood (brahmaputra,tributaries)",Hailakandi,Assam,IMD,289.0,18.0,2022.0,6.0,19.0,0,2022.0,6.0,19.0,2.0,1.2246467991473532e-16,-1.0,0,River/Water System,1,1,1
1.0,"heavy rains & flood (brahmaputra,tributaries)",Hojai,Assam,IMD,709.0,18.0,2022.0,6.0,19.0,0,2022.0,6.0,19.0,2.0,1.2246467991473532e-16,-1.0,0,River/Water System,1,1,1
1.0,"heavy rains & flood (brahmaputra,tributaries)",Kamrup,Assam,IMD,291.0,18.0,2022.0,6.0,19.0,0,2022.0,6.0,19.0,2.0,1.2246467991473532e-16,-1.0,0,River/Water System,1,1,1
1.0,"heavy rains & flood (brahmaputra,tributaries)",Lakhimpur,Assam,IMD,295.0,18.0,2022.0,6.0,19.0,0,2022.0,6.0,19.0,2.0,1.2246467991473532e-16,-1.0,0,River/Water System,1,1,1
1.0,"heavy rains & flood (brahmaputra,tributaries)",Nagaon,Assam,IMD,297.0,18.0,2022.0,6.0,19.0,0,2022.0,6.0,19.0,2.0,1.2246467991473532e-16,-1.0,0,River/Water System,1,1,1
1.0,"heavy rains & flood (brahmaputra,tributaries)",Darrang,Assam,IMD,283.0,18.0,2022.0,6.0,20.0,0,2022.0,6.0,20.0,2.0,1.2246467991473532e-16,-1.0,0,River/Water System,1,1,1
1.0,"heavy rains & flood (brahmaputra,tributaries)",Kamrup,Assam,IMD,291.0,18.0,2022.0,6.0,20.0,0,2022.0,6.0,20.0,2.0,1.2246467991473532e-16,-1.0,0,River/Water System,1,1,1
1.0,"heavy rains & flood (brahmaputra,tributaries)",Karimganj,Assam,IMD,293.0,18.0,2022.0,6.0,20.0,0,2022.0,6.0,20.0,2.0,1.2246467991473532e-16,-1.0,0,River/Water System,1,1,1
1.0,"heavy rains & flood (brahmaputra,tributaries)",Baksa,Assam,IMD,616.0,18.0,2022.0,6.0,20.0,0,2022.0,6.0,20.0,2.0,1.2246467991473532e-16,-1.0,0,River/Water System,1,1,1
1.0,"heavy rains & flood (brahmaputra,tributaries)",Udalguri,Assam,IMD,617.0,18.0,2022.0,6.0,20.0,0,2022.0,6.0,20.0,2.0,1.2246467991473532e-16,-1.0,0,River/Water System,1,1,1
1.0,"heavy rains & flood (brahmaputra,tributaries)",Barpeta,Assam,IMD,280.0,18.0,2022.0,6.0,21.0,0,2022.0,6.0,21.0,2.0,1.2246467991473532e-16,-1.0,0,River/Water System,1,1,1
1.0,"heavy rains & flood (brahmaputra,tributaries)",Hojai,Assam,IMD,709.0,18.0,2022.0,6.0,21.0,0,2022.0,6.0,21.0,2.0,1.2246467991473532e-16,-1.0,0,River/Water System,1,1,1
1.0,"heavy rains & flood (brahmaputra,tributaries)",Kamrup,Assam,IMD,291.0,18.0,2022.0,6.0,21.0,0,2022.0,6.0,21.0,2.0,1.2246467991473532e-16,-1.0,0,River/Water System,1,1,1
1.0,"heavy rains & flood (brahmaputra,tributaries)",Nalbari,Assam,IMD,298.0,18.0,2022.0,6.0,21.0,0,2022.0,6.0,21.0,2.0,1.2246467991473532e-16,-1.0,0,River/Water System,1,1,1
1.0,"heavy rains & flood (brahmaputra,tributaries)",Baksa,Assam,IMD,616.0,18.0,2022.0,6.0,22.0,0,2022.0,6.0,22.0,2.0,1.2246467991473532e-16,-1.0,0,River/Water System,1,1,1
1.0,"heavy rains & flood (brahmaputra,tributaries)",Barpeta,Assam,IMD,280.0,18.0,2022.0,6.0,22.0,0,2022.0,6.0,22.0,2.0,1.2246467991473532e-16,-1.0,0,River/Water System,1,1,1
1.0,"heavy rains & flood (brahmaputra,tributaries)",Cachar,Assam,IMD,282.0,18.0,2022.0,6.0,22.0,0,2022.0,6.0,22.0,2.0,1.2246467991473532e-16,-1.0,0,River/Water System,1,1,1
1.0,"heavy rains & flood (brahmaputra,tributaries)",Dhubri,Assam,IMD,285.0,18.0,2022.0,6.0,22.0,0,2022.0,6.0,22.0,2.0,1.2246467991473532e-16,-1.0,0,River/Water System,1,1,1
1.0,"heavy rains & flood (brahmaputra,tributaries)",Baksa,Assam,IMD,616.0,18.0,2022.0,6.0,22.0,0,2022.0,6.0,22.0,2.0,1.2246467991473532e-16,-1.0,0,River/Water System,1,1,1
1.0,"heavy rains & flood  (brahmaputra,tributaries)",Barpeta,Assam,IMD,280.0,18.0,2022.0,6.0,23.0,0,2022.0,6.0,23.0,2.0,1.2246467991473532e-16,-1.0,0,River/Water System,1,1,1
1.0,"heavy rains & flood  (brahmaputra,tributaries)",Cachar,Assam,IMD,282.0,18.0,2022.0,6.0,23.0,0,2022.0,6.0,23.0,2.0,1.2246467991473532e-16,-1.0,0,River/Water System,1,1,1
1.0,"heavy rains & flood  (brahmaputra,tributaries)",Dhubri,Assam,IMD,285.0,18.0,2022.0,6.0,23.0,0,2022.0,6.0,23.0,2.0,1.2246467991473532e-16,-1.0,0,River/Water System,1,1,1
1.0,"heavy rains & flood  (brahmaputra,tributaries)",Karimganj,Assam,IMD,293.0,18.0,2022.0,6.0,23.0,0,2022.0,6.0,23.0,2.0,1.2246467991473532e-16,-1.0,0,River/Water System,1,1,1
1.0,"heavy rains & flood  (brahmaputra,tributaries)",Marigaon,Assam,IMD,296.0,18.0,2022.0,6.0,23.0,0,2022.0,6.0,23.0,2.0,1.2246467991473532e-16,-1.0,0,River/Water System,1,1,1
1.0,"heavy rains & flood  (brahmaputra,tributaries)",Udalguri,Assam,IMD,617.0,18.0,2022.0,6.0,23.0,0,2022.0,6.0,23.0,2.0,1.2246467991473532e-16,-1.0,0,River/Water System,1,1,1
1.0,"heavy rains & flood  (brahmaputra,tributaries)",Barpeta,Assam,IMD,280.0,18.0,2022.0,6.0,24.0,0,2022.0,6.0,24.0,2.0,1.2246467991473532e-16,-1.0,0,River/Water System,1,1,1
1.0,"heavy rains & flood  (brahmaputra,tributaries)",Cachar,Assam,IMD,282.0,18.0,2022.0,6.0,24.0,0,2022.0,6.0,24.0,2.0,1.2246467991473532e-16,-1.0,0,River/Water System,1,1,1
1.0,"heavy rains & flood  (brahmaputra,tributaries)",Darrang,Assam,IMD,283.0,18.0,2022.0,6.0,24.0,0,2022.0,6.0,24.0,2.0,1.2246467991473532e-16,-1.0,0,River/Water System,1,1,1
1.0,"heavy rains & flood  (brahmaputra,tributaries)",Golaghat,Assam,IMD,288.0,18.0,2022.0,6.0,24.0,0,2022.0,6.0,24.0,2.0,1.2246467991473532e-16,-1.0,0,River/Water System,1,1,1
1.0,"heavy rains & flood  (brahmaputra,tributaries)",Barpeta,Assam,IMD,280.0,18.0,2022.0,6.0,25.0,0,2022.0,6.0,25.0,2.0,1.2246467991473532e-16,-1.0,0,River/Water System,1,1,1
1.0,"heavy rains & flood  (brahmaputra,tributaries)",Cachar,Assam,IMD,282.0,18.0,2022.0,6.0,25.0,0,2022.0,6.0,25.0,2.0,1.2246467991473532e-16,-1.0,0,River/Water System,1,1,1
1.0,"heavy rains & flood  (brahmaputra,tributaries)",Darrang,Assam,IMD,283.0,18.0,2022.0,6.0,25.0,0,2022.0,6.0,25.0,2.0,1.2246467991473532e-16,-1.0,0,River/Water System,1,1,1
1.0,"heavy rains & flood  (brahmaputra,tributaries)",Karimganj,Assam,IMD,293.0,18.0,2022.0,6.0,25.0,0,2022.0,6.0,25.0,2.0,1.2246467991473532e-16,-1.0,0,River/Water System,1,1,1
1.0,"heavy rains & flood  (brahmaputra,tributaries)",Marigaon,Assam,IMD,296.0,18.0,2022.0,6.0,25.0,0,2022.0,6.0,25.0,2.0,1.2246467991473532e-16,-1.0,0,River/Water System,1,1,1
1.0,"heavy rains & flood (brahmaputra,tributaries)",Cachar,Assam,IMD,282.0,18.0,2022.0,6.0,26.0,0,2022.0,6.0,26.0,2.0,1.2246467991473532e-16,-1.0,0,River/Water System,1,1,1
1.0,"heavy rains & flood (brahmaputra,tributaries)",Kamrup Metro,Assam,IMD,618.0,18.0,2022.0,6.0,26.0,0,2022.0,6.0,26.0,2.0,1.2246467991473532e-16,-1.0,0,River/Water System,1,1,1
1.0,"heavy rains & flood (brahmaputra,tributaries)",Marigaon,Assam,IMD,296.0,18.0,2022.0,6.0,26.0,0,2022.0,6.0,26.0,2.0,1.2246467991473532e-16,-1.0,0,River/Water System,1,1,1
1.0,"heavy rains & flood (brahmaputra,tributaries)",Nagaon,Assam,IMD,297.0,18.0,2022.0,6.0,26.0,0,2022.0,6.0,26.0,2.0,1.2246467991473532e-16,-1.0,0,River/Water System,1,1,1
1.0,"heavy rains & flood (brahmaputra,tributaries)",Cachar,Assam,IMD,282.0,18.0,2022.0,6.0,27.0,0,2022.0,6.0,27.0,2.0,1.2246467991473532e-16,-1.0,0,River/Water System,1,1,1
1.0,"heavy rains & flood (brahmaputra,tributaries)",Dhubri,Assam,IMD,285.0,18.0,2022.0,6.0,27.0,0,2022.0,6.0,27.0,2.0,1.2246467991473532e-16,-1.0,0,River/Water System,1,1,1
1.0,"heavy rains & flood (brahmaputra,tributaries)",Marigaon,Assam,IMD,296.0,18.0,2022.0,6.0,27.0,0,2022.0,6.0,27.0,2.0,1.2246467991473532e-16,-1.0,0,River/Water System,1,1,1
1.0,"heavy rains & flood (brahmaputra,tributaries)",Barpeta,Assam,IMD,280.0,18.0,2022.0,6.0,28.0,0,2022.0,6.0,28.0,2.0,1.2246467991473532e-16,-1.0,0,River/Water System,1,1,1
1.0,"heavy rains & flood (brahmaputra,tributaries)",Biswanath,Assam,IMD,705.0,18.0,2022.0,6.0,28.0,0,2022.0,6.0,28.0,2.0,1.2246467991473532e-16,-1.0,0,River/Water System,1,1,1
1.0,"heavy rains & flood (brahmaputra,tributaries)",Cachar,Assam,IMD,282.0,18.0,2022.0,6.0,28.0,0,2022.0,6.0,28.0,2.0,1.2246467991473532e-16,-1.0,0,River/Water System,1,1,1
1.0,"heavy rains & flood (brahmaputra,tributaries)",Chirang,Assam,IMD,612.0,18.0,2022.0,6.0,28.0,0,2022.0,6.0,28.0,2.0,1.2246467991473532e-16,-1.0,0,River/Water System,1,1,1
1.0,"heavy rains & flood (brahmaputra,tributaries)",Darrang,Assam,IMD,283.0,18.0,2022.0,6.0,28.0,0,2022.0,6.0,28.0,2.0,1.2246467991473532e-16,-1.0,0,River/Water System,1,1,1
1.0,"heavy rains & flood (brahmaputra,tributaries)",Dhemaji,Assam,IMD,284.0,18.0,2022.0,6.0,28.0,0,2022.0,6.0,28.0,2.0,1.2246467991473532e-16,-1.0,0,River/Water System,1,1,1
1.0,"heavy rains & flood (brahmaputra,tributaries)",Golaghat,Assam,IMD,288.0,18.0,2022.0,6.0,28.0,0,2022.0,6.0,28.0,2.0,1.2246467991473532e-16,-1.0,0,River/Water System,1,1,1
1.0,"heavy rains & flood (brahmaputra,tributaries)",Lakhimpur,Assam,IMD,295.0,18.0,2022.0,6.0,28.0,0,2022.0,6.0,28.0,2.0,1.2246467991473532e-16,-1.0,0,River/Water System,1,1,1
1.0,"heavy rains & flood (brahmaputra,tributaries)",Nagaon,Assam,IMD,297.0,18.0,2022.0,6.0,28.0,0,2022.0,6.0,28.0,2.0,1.2246467991473532e-16,-1.0,0,River/Water System,1,1,1
1.0,landslide,Kamrup Metro,Assam,IMD,618.0,18.0,2022.0,6.0,29.0,0,2022.0,6.0,29.0,2.0,1.2246467991473532e-16,-1.0,0,Landslide,1,1,1
1.0,"heavy rains & flood (brahmaputra,tributaries)",Barpeta,Assam,IMD,280.0,18.0,2022.0,6.0,29.0,0,2022.0,6.0,29.0,2.0,1.2246467991473532e-16,-1.0,0,River/Water System,1,1,1
1.0,"heavy rains & flood (brahmaputra,tributaries)",Biswanath,Assam,IMD,705.0,18.0,2022.0,6.0,29.0,0,2022.0,6.0,29.0,2.0,1.2246467991473532e-16,-1.0,0,River/Water System,1,1,1
1.0,"heavy rains & flood (brahmaputra,tributaries)",Dhemaji,Assam,IMD,284.0,18.0,2022.0,6.0,29.0,0,2022.0,6.0,29.0,2.0,1.2246467991473532e-16,-1.0,0,River/Water System,1,1,1
1.0,"heavy rains & flood (brahmaputra,tributaries)",Lakhimpur,Assam,IMD,295.0,18.0,2022.0,6.0,29.0,0,2022.0,6.0,29.0,2.0,1.2246467991473532e-16,-1.0,0,River/Water System,1,1,1
1.0,"heavy rains & flood (brahmaputra,tributaries)",Marigaon,Assam,IMD,296.0,18.0,2022.0,6.0,29.0,0,2022.0,6.0,29.0,2.0,1.2246467991473532e-16,-1.0,0,River/Water System,1,1,1
1.0,"heavy rains & flood (brahmaputra,tributaries)",Nagaon,Assam,IMD,297.0,18.0,2022.0,6.0,29.0,0,2022.0,6.0,29.0,2.0,1.2246467991473532e-16,-1.0,0,River/Water System,1,1,1
1.0,"heavy rains & flood (brahmaputra,tributaries)",Barpeta,Assam,IMD,280.0,18.0,2022.0,6.0,30.0,0,2022.0,6.0,30.0,2.0,1.2246467991473532e-16,-1.0,0,River/Water System,1,1,1
1.0,"heavy rains & flood (brahmaputra,tributaries)",Cachar,Assam,IMD,282.0,18.0,2022.0,6.0,30.0,0,2022.0,6.0,30.0,2.0,1.2246467991473532e-16,-1.0,0,River/Water System,1,1,1
1.0,"heavy rains & flood (brahmaputra,tributaries)",Karimganj,Assam,IMD,293.0,18.0,2022.0,6.0,30.0,0,2022.0,6.0,30.0,2.0,1.2246467991473532e-16,-1.0,0,River/Water System,1,1,1
1.0,"heavy rains & flood (brahmaputra,tributaries)",Kokrajhar,Assam,IMD,294.0,18.0,2022.0,6.0,30.0,0,2022.0,6.0,30.0,2.0,1.2246467991473532e-16,-1.0,0,River/Water System,1,1,1
1.0,"heavy rains & flood (brahmaputra,tributaries)",Lakhimpur,Assam,IMD,295.0,18.0,2022.0,6.0,30.0,0,2022.0,6.0,30.0,2.0,1.2246467991473532e-16,-1.0,0,River/Water System,1,1,1
1.0,"heavy rains & flood (brahmaputra,tributaries)",Nagaon,Assam,IMD,297.0,18.0,2022.0,6.0,30.0,0,2022.0,6.0,30.0,2.0,1.2246467991473532e-16,-1.0,0,River/Water System,1,1,1
1.0,"heavy rains & flood (brahmaputra,tributaries)",Cachar,Assam,IMD,282.0,18.0,2022.0,7.0,1.0,0,2022.0,7.0,1.0,3.0,-0.4999999999999997,-0.8660254037844388,0,River/Water System,1,1,1
1.0,"heavy rains & flood (brahmaputra,tributaries)",Karimganj,Assam,IMD,293.0,18.0,2022.0,7.0,2.0,0,2022.0,7.0,2.0,3.0,-0.4999999999999997,-0.8660254037844388,0,River/Water System,1,1,1
1.0,"heavy rains & flood (brahmaputra,tributaries)",Lakhimpur,Assam,IMD,295.0,18.0,2022.0,7.0,2.0,0,2022.0,7.0,2.0,3.0,-0.4999999999999997,-0.8660254037844388,0,River/Water System,1,1,1
1.0,"heavy rains & flood (brahmaputra,tributaries)",Nagaon,Assam,IMD,297.0,18.0,2022.0,7.0,2.0,0,2022.0,7.0,2.0,3.0,-0.4999999999999997,-0.8660254037844388,0,River/Water System,1,1,1
1.0,"heavy rains & flood (brahmaputra,tributaries)",Sivasagar,Assam,IMD,300.0,18.0,2022.0,7.0,2.0,0,2022.0,7.0,2.0,3.0,-0.4999999999999997,-0.8660254037844388,0,River/Water System,1,1,1
1.0,"heavy rains & flood (brahmaputra,tributaries)",Cachar,Assam,IMD,282.0,18.0,2022.0,7.0,3.0,0,2022.0,7.0,3.0,3.0,-0.4999999999999997,-0.8660254037844388,0,River/Water System,1,1,1
1.0,"heavy rains & flood (brahmaputra,tributaries)",Cachar,Assam,IMD,282.0,18.0,2022.0,7.0,4.0,0,2022.0,7.0,4.0,3.0,-0.4999999999999997,-0.8660254037844388,0,River/Water System,1,1,1
1.0,"heavy rains & flood (brahmaputra,tributaries)",Marigaon,Assam,IMD,296.0,18.0,2022.0,7.0,4.0,0,2022.0,7.0,4.0,3.0,-0.4999999999999997,-0.8660254037844388,0,River/Water System,1,1,1
1.0,"heavy rains & flood (brahmaputra,tributaries)",Nagaon,Assam,IMD,297.0,18.0,2022.0,7.0,4.0,0,2022.0,7.0,4.0,3.0,-0.4999999999999997,-0.8660254037844388,0,River/Water System,1,1,1
1.0,"heavy rains & flood (brahmaputra,tributaries)",Kamrup Metro,Assam,IMD,618.0,18.0,2022.0,7.0,5.0,0,2022.0,7.0,5.0,3.0,-0.4999999999999997,-0.8660254037844388,0,River/Water System,1,1,1
1.0,"heavy rains & flood (brahmaputra,tributaries)",Nagaon,Assam,IMD,297.0,18.0,2022.0,7.0,5.0,0,2022.0,7.0,5.0,3.0,-0.4999999999999997,-0.8660254037844388,0,River/Water System,1,1,1
1.0,"heavy rains & flood (brahmaputra,tributaries)",Cachar,Assam,IMD,282.0,18.0,2022.0,7.0,6.0,0,2022.0,7.0,6.0,3.0,-0.4999999999999997,-0.8660254037844388,0,River/Water System,1,1,1
1.0,"heavy rains & flood (brahmaputra,tributaries)",Cachar,Assam,IMD,282.0,18.0,2022.0,7.0,7.0,0,2022.0,7.0,7.0,3.0,-0.4999999999999997,-0.8660254037844388,0,River/Water System,1,1,1
1.0,"heavy rains & flood (brahmaputra,tributaries)",Nagaon,Assam,IMD,297.0,18.0,2022.0,7.0,7.0,0,2022.0,7.0,7.0,3.0,-0.4999999999999997,-0.8660254037844388,0,River/Water System,1,1,1
1.0,landslide,Hailakandi,Assam,IMD,289.0,18.0,2022.0,7.0,8.0,0,2022.0,7.0,8.0,3.0,-0.4999999999999997,-0.8660254037844388,0,Landslide,1,1,1
1.0,"heavy rains & flood (brahmaputra,tributaries)",Hailakandi,Assam,IMD,289.0,18.0,2022.0,7.0,9.0,0,2022.0,7.0,9.0,3.0,-0.4999999999999997,-0.8660254037844388,0,River/Water System,1,1,1
1.0,"heavy rains & flood (brahmaputra,tributaries)",Nagaon,Assam,IMD,297.0,18.0,2022.0,7.0,12.0,0,2022.0,7.0,12.0,3.0,-0.4999999999999997,-0.8660254037844388,0,River/Water System,1,1,1
1.0,"heavy rains & flood (brahmaputra,tributaries)",Cachar,Assam,IMD,282.0,18.0,2022.0,7.0,14.0,0,2022.0,7.0,14.0,3.0,-0.4999999999999997,-0.8660254037844388,0,River/Water System,1,1,1
1.0,"heavy rains & flood (brahmaputra,tributaries)",Dibrugarh,Assam,IMD,286.0,18.0,2022.0,7.0,17.0,0,2022.0,7.0,17.0,3.0,-0.4999999999999997,-0.8660254037844388,0,River/Water System,1,1,1
1.0,"heavy rains & flood (brahmaputra,tributaries)",Cachar,Assam,IMD,282.0,18.0,2022.0,7.0,19.0,0,2022.0,7.0,19.0,3.0,-0.4999999999999997,-0.8660254037844388,0,River/Water System,1,1,1
1.0,"heavy rains & flood (brahmaputra,tributaries)",Dhemaji,Assam,IMD,284.0,18.0,2022.0,9.0,16.0,0,2022.0,9.0,16.0,3.0,-1.0,-1.8369701987210297e-16,0,River/Water System,1,1,1
3.0,heavy rains & floods,Darbhanga,Bihar,IMD,195.0,10.0,2022.0,5.0,19.0,0,2022.0,5.0,19.0,2.0,0.49999999999999994,-0.8660254037844387,0,Heavy Rain,1,1,1
3.0,heavy rains & floods,Katihar,Bihar,IMD,201.0,10.0,2022.0,5.0,19.0,0,2022.0,5.0,19.0,2.0,0.49999999999999994,-0.8660254037844387,0,Heavy Rain,1,1,1
3.0,heavy rains & floods,Kishanganj,Bihar,IMD,203.0,10.0,2022.0,5.0,19.0,0,2022.0,5.0,19.0,2.0,0.49999999999999994,-0.8660254037844387,0,Heavy Rain,1,1,1
1.0,heavy rains & floods,Durg,Chhattisgarh,IMD,378.0,22.0,2022.0,7.0,11.0,0,2022.0,7.0,11.0,3.0,-0.4999999999999997,-0.8660254037844388,0,Heavy Rain,1,1,1
1.0,heavy rains & floods,Dhamtari,Chhattisgarh,IMD,377.0,22.0,2022.0,7.0,14.0,0,2022.0,7.0,14.0,3.0,-0.4999999999999997,-0.8660254037844388,0,Heavy Rain,1,1,1
1.0,heavy rains & floods,Janjgir-Champa,Chhattisgarh,IMD,379.0,22.0,2022.0,7.0,14.0,0,2022.0,7.0,14.0,3.0,-0.4999999999999997,-0.8660254037844388,0,Heavy Rain,1,1,1
1.0,heavy rains & floods,Durg,Chhattisgarh,IMD,378.0,22.0,2022.0,8.0,10.0,0,2022.0,8.0,10.0,3.0,-0.8660254037844385,-0.5000000000000004,0,Heavy Rain,1,1,1
1.0,heavy rains & floods,Rajnandgaon,Chhattisgarh,IMD,388.0,22.0,2022.0,8.0,10.0,0,2022.0,8.0,10.0,3.0,-0.8660254037844385,-0.5000000000000004,0,Heavy Rain,1,1,1
1.0,heavy rains,South Goa,Goa,IMD,552.0,30.0,2022.0,7.0,5.0,0,2022.0,7.0,5.0,3.0,-0.4999999999999997,-0.8660254037844388,0,Heavy Rain,1,1,1
1.0,heavy rains,North Goa,Goa,IMD,551.0,30.0,2022.0,8.0,10.0,0,2022.0,8.0,10.0,3.0,-0.8660254037844385,-0.5000000000000004,0,Heavy Rain,1,1,1
1.0,heavy rains,Morbi,Gujarat,IMD,673.0,24.0,2022.0,6.0,12.0,0,2022.0,6.0,12.0,2.0,1.2246467991473532e-16,-1.0,0,Heavy Rain,1,1,1
1.0,heavy rains & floods,"Ahmedabad, Chota Udaipur, The Dangs, Kheda, Narmada, Navsari, Panch Mahals, Surat, Tapi, Valsad",Gujarat,IMD,,24.0,2022.0,7.0,11.0,0,2022.0,7.0,11.0,3.0,-0.4999999999999997,-0.8660254037844388,0,Heavy Rain,1,10,1
2.0,heavy rains & floods,"Amreli, Bharuch,Dangs, Gir Somnath, Junagadh, Kachchh, Navsari, Tapi",Gujarat,IMD,,24.0,2022.0,7.0,12.0,1,2022.0,7.0,12.0,3.0,-0.4999999999999997,-0.8660254037844388,0,Heavy Rain,1,8,1
1.0,landslide,Sirmaur,Himachal Pradesh,IMD,24.0,2.0,2022.0,1.0,17.0,0,2022.0,1.0,17.0,1.0,0.49999999999999994,0.8660254037844387,0,Landslide,1,1,1
1.0,heavy rains & floods,Sirmaur,Himachal Pradesh,IMD,24.0,2.0,2022.0,5.0,22.0,0,2022.0,5.0,22.0,2.0,0.49999999999999994,-0.8660254037844387,0,Heavy Rain,1,1,1
1.0,"heavy rains, floods & landslide",Kangra,Himachal Pradesh,IMD,18.0,2.0,2022.0,5.0,29.0,0,2022.0,5.0,29.0,2.0,0.49999999999999994,-0.8660254037844387,0,Landslide,1,1,1
1.0,"heavy rains, floods & landslide",Mandi,Himachal Pradesh,IMD,22.0,2.0,2022.0,5.0,29.0,0,2022.0,5.0,29.0,2.0,0.49999999999999994,-0.8660254037844387,0,Landslide,1,1,1
1.0,"heavy rains, floods & landslide",Shimla,Himachal Pradesh,IMD,23.0,2.0,2022.0,5.0,29.0,0,2022.0,5.0,29.0,2.0,0.49999999999999994,-0.8660254037844387,0,Landslide,1,1,1
2.0,heavy rains,Chamba,Himachal Pradesh,IMD,16.0,2.0,2022.0,6.0,29.0,1,2022.0,6.0,29.0,2.0,1.2246467991473532e-16,-1.0,0,Heavy Rain,1,1,1
1.0,landslide,Shimla,Himachal Pradesh,IMD,23.0,2.0,2022.0,7.0,6.0,0,2022.0,7.0,6.0,3.0,-0.4999999999999997,-0.8660254037844388,0,Landslide,1,1,1
1.0,"heavy rains, flash floods & cloudburst",Kullu,Himachal Pradesh,IMD,20.0,2.0,2022.0,7.0,6.0,0,2022.0,7.0,6.0,3.0,-0.4999999999999997,-0.8660254037844388,0,Flash Flood,1,1,1
1.0,land slide,Kullu,Himachal Pradesh,IMD,20.0,2.0,2022.0,7.0,14.0,0,2022.0,7.0,14.0,3.0,-0.4999999999999997,-0.8660254037844388,0,Other,1,1,1
1.0,cloudburst,Chamba,Himachal Pradesh,IMD,16.0,2.0,2022.0,8.0,8.0,0,2022.0,8.0,8.0,3.0,-0.8660254037844385,-0.5000000000000004,0,Other,1,1,1
1.0,landslide,Kullu,Himachal Pradesh,IMD,20.0,2.0,2022.0,8.0,8.0,0,2022.0,8.0,8.0,3.0,-0.8660254037844385,-0.5000000000000004,0,Landslide,1,1,1
1.0,landslide,Kullu,Himachal Pradesh,IMD,20.0,2.0,2022.0,8.0,11.0,0,2022.0,8.0,11.0,3.0,-0.8660254037844385,-0.5000000000000004,0,Landslide,1,1,1
1.0,heavy rains & flash floods,Lahul And Spiti,Himachal Pradesh,IMD,21.0,2.0,2022.0,8.0,15.0,0,2022.0,8.0,15.0,3.0,-0.8660254037844385,-0.5000000000000004,0,Flash Flood,1,1,1
1.0,"heavy rains, flash floods & landslide",Kangra,Himachal Pradesh,IMD,18.0,2.0,2022.0,8.0,19.0,0,2022.0,8.0,19.0,3.0,-0.8660254037844385,-0.5000000000000004,0,Landslide,1,1,1
1.0,landslide,Mandi,Himachal Pradesh,IMD,22.0,2.0,2022.0,8.0,19.0,0,2022.0,8.0,19.0,3.0,-0.8660254037844385,-0.5000000000000004,0,Landslide,1,1,1
1.0,heavy rains & floods,Mandi,Himachal Pradesh,IMD,22.0,2.0,2022.0,8.0,19.0,1,2022.0,8.0,19.0,3.0,-0.8660254037844385,-0.5000000000000004,0,Heavy Rain,1,1,1
1.0,landslide,Chamba,Himachal Pradesh,IMD,16.0,2.0,2022.0,8.0,20.0,0,2022.0,8.0,20.0,3.0,-0.8660254037844385,-0.5000000000000004,0,Landslide,1,1,1
1.0,flash floods triggered by heavy rains,Chamba,Himachal Pradesh,IMD,16.0,2.0,2022.0,9.0,25.0,0,2022.0,9.0,25.0,3.0,-1.0,-1.8369701987210297e-16,0,Flash Flood,1,1,1
1.0,cloudburst,Sirmaur,Himachal Pradesh,IMD,24.0,2.0,2022.0,9.0,25.0,0,2022.0,9.0,25.0,3.0,-1.0,-1.8369701987210297e-16,0,Other,1,1,1
1.0,landslide,Sirmaur,Himachal Pradesh,IMD,24.0,2.0,2022.0,9.0,25.0,0,2022.0,9.0,25.0,3.0,-1.0,-1.8369701987210297e-16,0,Landslide,1,1,1
1.0,landslide,Sirmaur,Himachal Pradesh,IMD,24.0,2.0,2022.0,9.0,26.0,0,2022.0,9.0,26.0,3.0,-1.0,-1.8369701987210297e-16,0,Landslide,1,1,1
1.0,heavy rains & floods,Ramgarh,Jharkhand,IMD,607.0,20.0,2022.0,8.0,20.0,0,2022.0,8.0,20.0,3.0,-0.8660254037844385,-0.5000000000000004,0,Heavy Rain,1,1,1
1.0,heavy rains & floods,Pashchimi West Singhbhum,Jharkhand,IMD,,20.0,2022.0,8.0,20.0,0,2022.0,8.0,20.0,3.0,-0.8660254037844385,-0.5000000000000004,0,Heavy Rain,1,1,1
1.0,heavy rains & floods,Ranchi,Jharkhand,IMD,339.0,20.0,2022.0,8.0,21.0,0,2022.0,8.0,21.0,3.0,-0.8660254037844385,-0.5000000000000004,0,Heavy Rain,1,1,1
1.0,heavy rain,Bengaluru Urban,Karnataka,IMD,525.0,29.0,2022.0,4.0,14.0,0,2022.0,4.0,14.0,2.0,0.8660254037844387,-0.4999999999999998,0,Heavy Rain,1,1,1
1.0,heavy rains,Dharwad,Karnataka,IMD,536.0,29.0,2022.0,5.0,1.0,0,2022.0,5.0,1.0,2.0,0.49999999999999994,-0.8660254037844387,0,Heavy Rain,1,1,1
1.0,heavy rains,Dharwad,Karnataka,IMD,536.0,29.0,2022.0,5.0,4.0,0,2022.0,5.0,4.0,2.0,0.49999999999999994,-0.8660254037844387,0,Heavy Rain,1,1,1
1.0,heavy rains,Hassan,Karnataka,IMD,539.0,29.0,2022.0,5.0,18.0,0,2022.0,5.0,18.0,2.0,0.49999999999999994,-0.8660254037844387,0,Heavy Rain,1,1,1
1.0,heavy rains & floods,Shivamogga,Karnataka,IMD,547.0,29.0,2022.0,5.0,19.0,0,2022.0,5.0,19.0,2.0,0.49999999999999994,-0.8660254037844387,0,Heavy Rain,1,1,1
1.0,heavy rains,Chikkaballapura,Karnataka,IMD,630.0,29.0,2022.0,7.0,4.0,0,2022.0,7.0,4.0,3.0,-0.4999999999999997,-0.8660254037844388,0,Heavy Rain,1,1,1
1.0,landslide,Dakshina Kannada,Karnataka,IMD,534.0,29.0,2022.0,7.0,6.0,0,2022.0,7.0,6.0,3.0,-0.4999999999999997,-0.8660254037844388,0,Landslide,1,1,1
1.0,heavy rains & floods,Kalaburagi,Karnataka,IMD,538.0,29.0,2022.0,7.0,22.0,0,2022.0,7.0,22.0,3.0,-0.4999999999999997,-0.8660254037844388,0,Heavy Rain,1,1,1
1.0,landslide,Dakshina Kannada,Karnataka,IMD,534.0,29.0,2022.0,8.0,1.0,0,2022.0,8.0,1.0,3.0,-0.8660254037844385,-0.5000000000000004,0,Landslide,1,1,1
1.0,landslide,Uttar Kashia Kannada,Karnataka,IMD,,29.0,2022.0,8.0,1.0,0,2022.0,8.0,1.0,3.0,-0.8660254037844385,-0.5000000000000004,0,Landslide,1,1,1
1.0,heavy rains & floods,Tumakuru,Karnataka,IMD,548.0,29.0,2022.0,8.0,4.0,0,2022.0,8.0,4.0,3.0,-0.8660254037844385,-0.5000000000000004,0,Heavy Rain,1,1,1
2.0,heavy rains & floods,Dharwad,Karnataka,IMD,536.0,29.0,2022.0,8.0,30.0,0,2022.0,8.0,30.0,3.0,-0.8660254037844385,-0.5000000000000004,0,Heavy Rain,1,1,1
2.0,heavy rains & floods,Haveri,Karnataka,IMD,540.0,29.0,2022.0,8.0,30.0,0,2022.0,8.0,30.0,3.0,-0.8660254037844385,-0.5000000000000004,0,Heavy Rain,1,1,1
1.0,heavy rains & floods,Haveri,Karnataka,IMD,540.0,29.0,2022.0,8.0,31.0,0,2022.0,8.0,31.0,3.0,-0.8660254037844385,-0.5000000000000004,0,Heavy Rain,1,1,1
2.0,heavy rains & floods,Bengaluru Urban,Karnataka,IMD,525.0,29.0,2022.0,9.0,4.0,0,2022.0,9.0,4.0,3.0,-1.0,-1.8369701987210297e-16,0,Heavy Rain,1,1,1
1.0,heavy rains & floods,Chamarajanagara,Karnataka,IMD,531.0,29.0,2022.0,9.0,6.0,0,2022.0,9.0,6.0,3.0,-1.0,-1.8369701987210297e-16,0,Heavy Rain,1,1,1
1.0,heavy rains & floods,Belagavi,Karnataka,IMD,527.0,29.0,2022.0,9.0,9.0,0,2022.0,9.0,9.0,3.0,-1.0,-1.8369701987210297e-16,0,Heavy Rain,1,1,1
1.0,heavy rains,Belagavi,Karnataka,IMD,527.0,29.0,2022.0,9.0,11.0,0,2022.0,9.0,11.0,3.0,-1.0,-1.8369701987210297e-16,0,Heavy Rain,1,1,1
1.0,heavy rains & floods,Uttar Kashia Kannada,Karnataka,IMD,,29.0,2022.0,9.0,12.0,0,2022.0,9.0,12.0,3.0,-1.0,-1.8369701987210297e-16,0,Heavy Rain,1,1,1
1.0,heavy rains & floods,Koppal,Karnataka,IMD,543.0,29.0,2022.0,10.0,1.0,0,2022.0,10.0,1.0,4.0,-0.8660254037844386,0.5000000000000001,0,Heavy Rain,1,1,1
1.0,heavy rains,Bengaluru Urban,Karnataka,IMD,525.0,29.0,2022.0,10.0,11.0,0,2022.0,10.0,11.0,4.0,-0.8660254037844386,0.5000000000000001,0,Heavy Rain,1,1,1
1.0,heavy rains,Thrissur,Kerala,IMD,566.0,32.0,2022.0,5.0,17.0,0,2022.0,5.0,17.0,2.0,0.49999999999999994,-0.8660254037844387,0,Heavy Rain,1,1,1
1.0,heavy rains,Ernakulam,Kerala,IMD,555.0,32.0,2022.0,5.0,18.0,0,2022.0,5.0,18.0,2.0,0.49999999999999994,-0.8660254037844387,0,Heavy Rain,1,1,1
1.0,heavy rains,Kozhikode,Kerala,IMD,561.0,32.0,2022.0,5.0,18.0,0,2022.0,5.0,18.0,2.0,0.49999999999999994,-0.8660254037844387,0,Heavy Rain,1,1,1
1.0,heavy rains,Idukki,Kerala,IMD,556.0,32.0,2022.0,5.0,20.0,0,2022.0,5.0,20.0,2.0,0.49999999999999994,-0.8660254037844387,0,Heavy Rain,1,1,1
1.0,mud slip,Wayanad,Kerala,IMD,567.0,32.0,2022.0,6.0,16.0,0,2022.0,6.0,16.0,2.0,1.2246467991473532e-16,-1.0,0,Other,1,1,1
1.0,heavy rains,Kannur,Kerala,IMD,557.0,32.0,2022.0,7.0,1.0,0,2022.0,7.0,1.0,3.0,-0.4999999999999997,-0.8660254037844388,0,Heavy Rain,1,1,1
1.0,heavy rains,Kannur,Kerala,IMD,557.0,32.0,2022.0,7.0,2.0,0,2022.0,7.0,2.0,3.0,-0.4999999999999997,-0.8660254037844388,0,Heavy Rain,1,1,1
1.0,landslide,Idukki,Kerala,IMD,556.0,32.0,2022.0,7.0,4.0,0,2022.0,7.0,4.0,3.0,-0.4999999999999997,-0.8660254037844388,0,Landslide,1,1,1
1.0,heavy rains,Idukki,Kerala,IMD,556.0,32.0,2022.0,7.0,5.0,0,2022.0,7.0,5.0,3.0,-0.4999999999999997,-0.8660254037844388,0,Heavy Rain,1,1,1
1.0,heavy rains,Kannur,Kerala,IMD,557.0,32.0,2022.0,7.0,7.0,0,2022.0,7.0,7.0,3.0,-0.4999999999999997,-0.8660254037844388,0,Heavy Rain,1,1,1
1.0,heavy rains,Ernakulam,Kerala,IMD,555.0,32.0,2022.0,7.0,10.0,0,2022.0,7.0,10.0,3.0,-0.4999999999999997,-0.8660254037844388,0,Heavy Rain,1,1,1
1.0,landslide,Idukki,Kerala,IMD,556.0,32.0,2022.0,7.0,15.0,0,2022.0,7.0,15.0,3.0,-0.4999999999999997,-0.8660254037844388,0,Landslide,1,1,1
1.0,heavy rains & floods,"Kasaragod, Wayanad, Kozhikode, Malappuram, Palakkad, Thrissur, Idukki, Ernakulam, Alappuzha, Kottayam, Pathanamthitta, Kollam, Thiruvananthapuram, Kannur",Kerala,IMD,,32.0,2022.0,7.0,16.0,0,2022.0,7.0,16.0,3.0,-0.4999999999999997,-0.8660254037844388,0,Heavy Rain,1,14,1
1.0,heavy rains & floods,Malappuram,Kerala,IMD,562.0,32.0,2022.0,7.0,19.0,0,2022.0,7.0,19.0,3.0,-0.4999999999999997,-0.8660254037844388,0,Heavy Rain,1,1,1
1.0,heavy rains & floods,Malappuram,Kerala,IMD,562.0,32.0,2022.0,7.0,20.0,0,2022.0,7.0,20.0,3.0,-0.4999999999999997,-0.8660254037844388,0,Heavy Rain,1,1,1
1.0,heavy rains,Ernakulam,Kerala,IMD,555.0,32.0,2022.0,7.0,28.0,0,2022.0,7.0,28.0,3.0,-0.4999999999999997,-0.8660254037844388,0,Heavy Rain,1,1,1
1.0,heavy rains & floods,Kollam,Kerala,IMD,559.0,32.0,2022.0,8.0,1.0,0,2022.0,8.0,1.0,3.0,-0.8660254037844385,-0.5000000000000004,0,Heavy Rain,1,1,1
1.0,heavy rains & floods,Kottayam,Kerala,IMD,560.0,32.0,2022.0,8.0,1.0,0,2022.0,8.0,1.0,3.0,-0.8660254037844385,-0.5000000000000004,0,Heavy Rain,1,1,1
1.0,heavy rains & floods,Malappuram,Kerala,IMD,562.0,32.0,2022.0,8.0,1.0,0,2022.0,8.0,1.0,3.0,-0.8660254037844385,-0.5000000000000004,0,Heavy Rain,1,1,1
1.0,heavy rains & floods,Pathanamthitta,Kerala,IMD,564.0,32.0,2022.0,8.0,1.0,0,2022.0,8.0,1.0,3.0,-0.8660254037844385,-0.5000000000000004,0,Heavy Rain,1,1,1
1.0,heavy rains & floods,Thiruvananthapuram,Kerala,IMD,565.0,32.0,2022.0,8.0,1.0,0,2022.0,8.0,1.0,3.0,-0.8660254037844385,-0.5000000000000004,0,Heavy Rain,1,1,1
1.0,landslide,Kannur,Kerala,IMD,557.0,32.0,2022.0,8.0,1.0,0,2022.0,8.0,1.0,3.0,-0.8660254037844385,-0.5000000000000004,0,Landslide,1,1,1
1.0,heavy rains & floods,Ernakulam,Kerala,IMD,555.0,32.0,2022.0,8.0,2.0,0,2022.0,8.0,2.0,3.0,-0.8660254037844385,-0.5000000000000004,0,Heavy Rain,1,1,1
1.0,heavy rains & floods,Kannur,Kerala,IMD,557.0,32.0,2022.0,8.0,2.0,0,2022.0,8.0,2.0,3.0,-0.8660254037844385,-0.5000000000000004,0,Heavy Rain,1,1,1
1.0,heavy rains & floods,Kottayam,Kerala,IMD,560.0,32.0,2022.0,8.0,2.0,0,2022.0,8.0,2.0,3.0,-0.8660254037844385,-0.5000000000000004,0,Heavy Rain,1,1,1
1.0,heavy rains & floods,Thiruvananthapuram,Kerala,IMD,565.0,32.0,2022.0,8.0,2.0,0,2022.0,8.0,2.0,3.0,-0.8660254037844385,-0.5000000000000004,0,Heavy Rain,1,1,1
1.0,landslide,Idukki,Kerala,IMD,556.0,32.0,2022.0,8.0,29.0,0,2022.0,8.0,29.0,3.0,-0.8660254037844385,-0.5000000000000004,0,Landslide,1,1,1
1.0,heavy rains,Thiruvananthapuram,Kerala,IMD,565.0,32.0,2022.0,9.0,4.0,0,2022.0,9.0,4.0,3.0,-1.0,-1.8369701987210297e-16,0,Heavy Rain,1,1,1
1.0,heavy rains & flood,Chhindwara,Madhya Pradesh,IMD,399.0,23.0,2022.0,6.0,22.0,0,2022.0,6.0,22.0,2.0,1.2246467991473532e-16,-1.0,0,Heavy Rain,1,1,1
1.0,heavy rains,Aurangabad,Maharashtra,IMD,189.0,27.0,2022.0,6.0,24.0,0,2022.0,6.0,24.0,2.0,1.2246467991473532e-16,-1.0,0,Heavy Rain,1,1,1
1.0,heavy rains & floods,Gadchiroli,Maharashtra,IMD,475.0,27.0,2022.0,7.0,1.0,0,2022.0,7.0,1.0,3.0,-0.4999999999999997,-0.8660254037844388,0,Heavy Rain,1,1,1
1.0,heavy rains & floods,Gadchiroli,Maharashtra,IMD,475.0,27.0,2022.0,7.0,4.0,0,2022.0,7.0,4.0,3.0,-0.4999999999999997,-0.8660254037844388,0,Heavy Rain,1,1,1
1.0,heavy rains,Thane,Maharashtra,IMD,497.0,27.0,2022.0,7.0,6.0,0,2022.0,7.0,6.0,3.0,-0.4999999999999997,-0.8660254037844388,0,Heavy Rain,1,1,1
1.0,heavy rains & floods,Wardha,Maharashtra,IMD,498.0,27.0,2022.0,7.0,8.0,0,2022.0,7.0,8.0,3.0,-0.4999999999999997,-0.8660254037844388,0,Heavy Rain,1,1,1
1.0,heavy rains & floods,Gadchiroli,Maharashtra,IMD,475.0,27.0,2022.0,7.0,9.0,0,2022.0,7.0,9.0,3.0,-0.4999999999999997,-0.8660254037844388,0,Heavy Rain,1,1,1
1.0,heavy rains & floods,Sindhudurg,Maharashtra,IMD,495.0,27.0,2022.0,7.0,9.0,0,2022.0,7.0,9.0,3.0,-0.4999999999999997,-0.8660254037844388,0,Heavy Rain,1,1,1
1.0,heavy rains & floods,Wardha,Maharashtra,IMD,498.0,27.0,2022.0,7.0,9.0,0,2022.0,7.0,9.0,3.0,-0.4999999999999997,-0.8660254037844388,0,Heavy Rain,1,1,1
1.0,heavy rains & floods,Nagpur,Maharashtra,IMD,484.0,27.0,2022.0,7.0,10.0,0,2022.0,7.0,10.0,3.0,-0.4999999999999997,-0.8660254037844388,0,Heavy Rain,1,1,1
1.0,heavy rains & floods,Gadchiroli,Maharashtra,IMD,475.0,27.0,2022.0,7.0,11.0,0,2022.0,7.0,11.0,3.0,-0.4999999999999997,-0.8660254037844388,0,Heavy Rain,1,1,1
1.0,heavy rains & floods,Mumbai Suburban,Maharashtra,IMD,483.0,27.0,2022.0,7.0,11.0,0,2022.0,7.0,11.0,3.0,-0.4999999999999997,-0.8660254037844388,0,Heavy Rain,1,1,1
1.0,heavy rains & floods,Pune,Maharashtra,IMD,490.0,27.0,2022.0,7.0,11.0,0,2022.0,7.0,11.0,3.0,-0.4999999999999997,-0.8660254037844388,0,Heavy Rain,1,1,1
1.0,heavy rains & floods,Mumbai,Maharashtra,IMD,482.0,27.0,2022.0,7.0,12.0,0,2022.0,7.0,12.0,3.0,-0.4999999999999997,-0.8660254037844388,0,Heavy Rain,1,1,1
1.0,heavy rains & floods,Nagpur,Maharashtra,IMD,484.0,27.0,2022.0,7.0,12.0,0,2022.0,7.0,12.0,3.0,-0.4999999999999997,-0.8660254037844388,0,Heavy Rain,1,1,1
1.0,heavy rains & floods,Nashik,Maharashtra,IMD,487.0,27.0,2022.0,7.0,12.0,0,2022.0,7.0,12.0,3.0,-0.4999999999999997,-0.8660254037844388,0,Heavy Rain,1,1,1
1.0,heavy rains & floods,Palghar,Maharashtra,IMD,665.0,27.0,2022.0,7.0,12.0,0,2022.0,7.0,12.0,3.0,-0.4999999999999997,-0.8660254037844388,0,Heavy Rain,1,1,1
1.0,heavy rains & floods,Wardha,Maharashtra,IMD,498.0,27.0,2022.0,7.0,12.0,0,2022.0,7.0,12.0,3.0,-0.4999999999999997,-0.8660254037844388,0,Heavy Rain,1,1,1
1.0,landslide,Palghar,Maharashtra,IMD,665.0,27.0,2022.0,7.0,13.0,0,2022.0,7.0,13.0,3.0,-0.4999999999999997,-0.8660254037844388,0,Landslide,1,1,1
1.0,heavy rains & floods,Gadchiroli,Maharashtra,IMD,475.0,27.0,2022.0,7.0,13.0,0,2022.0,7.0,13.0,3.0,-0.4999999999999997,-0.8660254037844388,0,Heavy Rain,1,1,1
1.0,heavy rains & floods,Nagpur,Maharashtra,IMD,484.0,27.0,2022.0,7.0,13.0,0,2022.0,7.0,13.0,3.0,-0.4999999999999997,-0.8660254037844388,0,Heavy Rain,1,1,1
1.0,heavy rains & floods,Palghar,Maharashtra,IMD,665.0,27.0,2022.0,7.0,13.0,0,2022.0,7.0,13.0,3.0,-0.4999999999999997,-0.8660254037844388,0,Heavy Rain,1,1,1
1.0,heavy rains & floods,Pune,Maharashtra,IMD,490.0,27.0,2022.0,7.0,13.0,0,2022.0,7.0,13.0,3.0,-0.4999999999999997,-0.8660254037844388,0,Heavy Rain,1,1,1
1.0,heavy rains & floods,Raigarh,Maharashtra,IMD,386.0,27.0,2022.0,7.0,13.0,0,2022.0,7.0,13.0,3.0,-0.4999999999999997,-0.8660254037844388,0,Heavy Rain,1,1,1
1.0,heavy rains & floods,Wardha,Maharashtra,IMD,498.0,27.0,2022.0,7.0,13.0,0,2022.0,7.0,13.0,3.0,-0.4999999999999997,-0.8660254037844388,0,Heavy Rain,1,1,1
1.0,heavy rains & floods,Gadchiroli,Maharashtra,IMD,475.0,27.0,2022.0,7.0,14.0,0,2022.0,7.0,14.0,3.0,-0.4999999999999997,-0.8660254037844388,0,Heavy Rain,1,1,1
1.0,heavy rains & floods,Nagpur,Maharashtra,IMD,484.0,27.0,2022.0,7.0,14.0,0,2022.0,7.0,14.0,3.0,-0.4999999999999997,-0.8660254037844388,0,Heavy Rain,1,1,1
1.0,heavy rains & floods,Nanded,Maharashtra,IMD,485.0,27.0,2022.0,7.0,14.0,0,2022.0,7.0,14.0,3.0,-0.4999999999999997,-0.8660254037844388,0,Heavy Rain,1,1,1
1.0,heavy rains,Gadchiroli,Maharashtra,IMD,475.0,27.0,2022.0,7.0,16.0,0,2022.0,7.0,16.0,3.0,-0.4999999999999997,-0.8660254037844388,0,Heavy Rain,1,1,1
1.0,heavy rains & floods,Nagpur,Maharashtra,IMD,484.0,27.0,2022.0,7.0,18.0,0,2022.0,7.0,18.0,3.0,-0.4999999999999997,-0.8660254037844388,0,Heavy Rain,1,1,1
1.0,heavy rains & floods,Nashik,Maharashtra,IMD,487.0,27.0,2022.0,7.0,18.0,1,2022.0,7.0,18.0,3.0,-0.4999999999999997,-0.8660254037844388,0,Heavy Rain,1,1,1
1.0,heavy rains,Amravati,Maharashtra,IMD,468.0,27.0,2022.0,7.0,19.0,0,2022.0,7.0,19.0,3.0,-0.4999999999999997,-0.8660254037844388,0,Heavy Rain,1,1,1
1.0,heavy rains & floods,Wardha,Maharashtra,IMD,498.0,27.0,2022.0,7.0,28.0,0,2022.0,7.0,28.0,3.0,-0.4999999999999997,-0.8660254037844388,0,Heavy Rain,1,1,1
4.0,heavy rains & floods,Amravati,Maharashtra,IMD,468.0,27.0,2022.0,8.0,4.0,0,2022.0,8.0,4.0,3.0,-0.8660254037844385,-0.5000000000000004,0,Heavy Rain,1,1,1
1.0,heavy rains & floods,Washim,Maharashtra,IMD,499.0,27.0,2022.0,8.0,7.0,0,2022.0,8.0,7.0,3.0,-0.8660254037844385,-0.5000000000000004,0,Heavy Rain,1,1,1
1.0,heavy rains & floods,Amravati,Maharashtra,IMD,468.0,27.0,2022.0,8.0,8.0,0,2022.0,8.0,8.0,3.0,-0.8660254037844385,-0.5000000000000004,0,Heavy Rain,1,1,1
1.0,heavy rains & floods,Nagpur,Maharashtra,IMD,484.0,27.0,2022.0,8.0,8.0,0,2022.0,8.0,8.0,3.0,-0.8660254037844385,-0.5000000000000004,0,Heavy Rain,1,1,1
1.0,heavy rains & floods,Yavatmal,Maharashtra,IMD,500.0,27.0,2022.0,8.0,8.0,0,2022.0,8.0,8.0,3.0,-0.8660254037844385,-0.5000000000000004,0,Heavy Rain,1,1,1
2.0,heavy rains & floods,Amravati,Maharashtra,IMD,468.0,27.0,2022.0,8.0,9.0,0,2022.0,8.0,9.0,3.0,-0.8660254037844385,-0.5000000000000004,0,Heavy Rain,1,1,1
2.0,heavy rains & floods,Palghar,Maharashtra,IMD,665.0,27.0,2022.0,8.0,9.0,0,2022.0,8.0,9.0,3.0,-0.8660254037844385,-0.5000000000000004,0,Heavy Rain,1,1,1
2.0,heavy rains & floods,Washim,Maharashtra,IMD,499.0,27.0,2022.0,8.0,9.0,0,2022.0,8.0,9.0,3.0,-0.8660254037844385,-0.5000000000000004,0,Heavy Rain,1,1,1
2.0,heavy rains & floods,Yavatmal,Maharashtra,IMD,500.0,27.0,2022.0,8.0,9.0,0,2022.0,8.0,9.0,3.0,-0.8660254037844385,-0.5000000000000004,0,Heavy Rain,1,1,1
1.0,heavy rains & floods,Wardha,Maharashtra,IMD,498.0,27.0,2022.0,8.0,10.0,0,2022.0,8.0,10.0,3.0,-0.8660254037844385,-0.5000000000000004,0,Heavy Rain,1,1,1
1.0,heavy rains & floods,Ratnagiri,Maharashtra,IMD,492.0,27.0,2022.0,8.0,12.0,0,2022.0,8.0,12.0,3.0,-0.8660254037844385,-0.5000000000000004,0,Heavy Rain,1,1,1
2.0,heavy rains & floods,Gadchiroli,Maharashtra,IMD,475.0,27.0,2022.0,8.0,16.0,0,2022.0,8.0,16.0,3.0,-0.8660254037844385,-0.5000000000000004,0,Heavy Rain,1,1,1
1.0,heavy rains & floods,Palghar,Maharashtra,IMD,665.0,27.0,2022.0,8.0,17.0,0,2022.0,8.0,17.0,3.0,-0.8660254037844385,-0.5000000000000004,0,Heavy Rain,1,1,1
4.0,heavy rains & floods,Akola,Maharashtra,IMD,467.0,27.0,2022.0,9.0,11.0,0,2022.0,9.0,11.0,3.0,-1.0,-1.8369701987210297e-16,0,Heavy Rain,1,1,1
4.0,heavy rains & floods,Amravati,Maharashtra,IMD,468.0,27.0,2022.0,9.0,11.0,0,2022.0,9.0,11.0,3.0,-1.0,-1.8369701987210297e-16,0,Heavy Rain,1,1,1
4.0,heavy rains & floods,Bhandara,Maharashtra,IMD,471.0,27.0,2022.0,9.0,11.0,0,2022.0,9.0,11.0,3.0,-1.0,-1.8369701987210297e-16,0,Heavy Rain,1,1,1
4.0,heavy rains & floods,Gadchiroli,Maharashtra,IMD,475.0,27.0,2022.0,9.0,11.0,0,2022.0,9.0,11.0,3.0,-1.0,-1.8369701987210297e-16,0,Heavy Rain,1,1,1
4.0,heavy rains & floods,Thane,Maharashtra,IMD,497.0,27.0,2022.0,9.0,11.0,0,2022.0,9.0,11.0,3.0,-1.0,-1.8369701987210297e-16,0,Heavy Rain,1,1,1
4.0,heavy rains & floods,Wardha,Maharashtra,IMD,498.0,27.0,2022.0,9.0,11.0,0,2022.0,9.0,11.0,3.0,-1.0,-1.8369701987210297e-16,0,Heavy Rain,1,1,1
4.0,heavy rains & floods,Yavatmal,Maharashtra,IMD,500.0,27.0,2022.0,9.0,11.0,0,2022.0,9.0,11.0,3.0,-1.0,-1.8369701987210297e-16,0,Heavy Rain,1,1,1
1.0,heavy rains & floods,Pune,Maharashtra,IMD,490.0,27.0,2022.0,9.0,16.0,0,2022.0,9.0,16.0,3.0,-1.0,-1.8369701987210297e-16,0,Heavy Rain,1,1,1
2.0,heavy rains & floods,Gondia,Maharashtra,IMD,476.0,27.0,2022.0,9.0,20.0,0,2022.0,9.0,20.0,3.0,-1.0,-1.8369701987210297e-16,0,Heavy Rain,1,1,1
1.0,heavy rains & floods,Gadchiroli,Maharashtra,IMD,475.0,27.0,2022.0,9.0,24.0,0,2022.0,9.0,24.0,3.0,-1.0,-1.8369701987210297e-16,0,Heavy Rain,1,1,1
1.0,heavy rains,Nagpur,Maharashtra,IMD,484.0,27.0,2022.0,10.0,5.0,0,2022.0,10.0,5.0,4.0,-0.8660254037844386,0.5000000000000001,0,Heavy Rain,1,1,1
3.0,heavy rains,Pune,Maharashtra,IMD,490.0,27.0,2022.0,10.0,17.0,0,2022.0,10.0,17.0,4.0,-0.8660254037844386,0.5000000000000001,0,Heavy Rain,1,1,1
1.0,heavy rains & floods,Beed,Maharashtra,IMD,470.0,27.0,2022.0,10.0,20.0,0,2022.0,10.0,20.0,4.0,-0.8660254037844386,0.5000000000000001,0,Heavy Rain,1,1,1
1.0,massive landslide,Noney,Manipur,IMD,714.0,14.0,2022.0,6.0,30.0,1,2022.0,6.0,30.0,2.0,1.2246467991473532e-16,-1.0,0,Landslide,1,1,1
1.0,landslide,East Khasi Hills,Meghalaya,IMD,274.0,17.0,2022.0,4.0,4.0,0,2022.0,4.0,4.0,2.0,0.8660254037844387,-0.4999999999999998,0,Landslide,1,1,1
1.0,heavy rains & floods,East Khasi Hills,Meghalaya,IMD,274.0,17.0,2022.0,5.0,14.0,0,2022.0,5.0,14.0,2.0,0.49999999999999994,-0.8660254037844387,0,Heavy Rain,1,1,1
1.0,landslide,East Khasi Hills,Meghalaya,IMD,274.0,17.0,2022.0,5.0,16.0,0,2022.0,5.0,16.0,2.0,0.49999999999999994,-0.8660254037844387,0,Landslide,1,1,1
1.0,"heavy rains, floods",Ri Bhoi,Meghalaya,IMD,276.0,17.0,2022.0,5.0,16.0,0,2022.0,5.0,16.0,2.0,0.49999999999999994,-0.8660254037844387,0,Heavy Rain,1,1,1
1.0,heavy rains,Ri Bhoi,Meghalaya,IMD,276.0,17.0,2022.0,5.0,19.0,0,2022.0,5.0,19.0,2.0,0.49999999999999994,-0.8660254037844387,0,Heavy Rain,1,1,1
1.0,landslide,South Garo Hills,Meghalaya,IMD,277.0,17.0,2022.0,6.0,9.0,0,2022.0,6.0,9.0,2.0,1.2246467991473532e-16,-1.0,0,Landslide,1,1,1
1.0,landslide,East Khasi Hills,Meghalaya,IMD,274.0,17.0,2022.0,6.0,16.0,0,2022.0,6.0,16.0,2.0,1.2246467991473532e-16,-1.0,0,Landslide,1,1,1
1.0,landslide,South West Khasi Hills,Meghalaya,IMD,658.0,17.0,2022.0,6.0,16.0,0,2022.0,6.0,16.0,2.0,1.2246467991473532e-16,-1.0,0,Landslide,1,1,1
1.0,heavy rains,Dimapur,Nagaland,IMD,244.0,13.0,2022.0,5.0,23.0,0,2022.0,5.0,23.0,2.0,0.49999999999999994,-0.8660254037844387,0,Heavy Rain,1,1,1
1.0,heavy rains,Kohima,Nagaland,IMD,245.0,13.0,2022.0,5.0,23.0,0,2022.0,5.0,23.0,2.0,0.49999999999999994,-0.8660254037844387,0,Heavy Rain,1,1,1
1.0,heavy rains,Peren,Nagaland,IMD,613.0,13.0,2022.0,5.0,23.0,0,2022.0,5.0,23.0,2.0,0.49999999999999994,-0.8660254037844387,0,Heavy Rain,1,1,1
2.0,heavy rains & floods,Khordha,Odisha,IMD,362.0,21.0,2022.0,8.0,13.0,0,2022.0,8.0,13.0,3.0,-0.8660254037844385,-0.5000000000000004,0,Heavy Rain,1,1,1
1.0,landslide,Koraput,Odisha,IMD,363.0,21.0,2022.0,8.0,17.0,0,2022.0,8.0,17.0,3.0,-0.8660254037844385,-0.5000000000000004,0,Landslide,1,1,1
1.0,heavy rains,Baleshwar,Odisha,IMD,346.0,21.0,2022.0,8.0,19.0,0,2022.0,8.0,19.0,3.0,-0.8660254037844385,-0.5000000000000004,0,Heavy Rain,1,1,1
1.0,heavy rains,Kendujhar,Odisha,IMD,361.0,21.0,2022.0,8.0,19.0,0,2022.0,8.0,19.0,3.0,-0.8660254037844385,-0.5000000000000004,0,Heavy Rain,1,1,1
1.0,heavy rains,Koraput,Odisha,IMD,363.0,21.0,2022.0,8.0,19.0,0,2022.0,8.0,19.0,3.0,-0.8660254037844385,-0.5000000000000004,0,Heavy Rain,1,1,1
1.0,heavy rains,Mayurbhanj,Odisha,IMD,365.0,21.0,2022.0,8.0,19.0,0,2022.0,8.0,19.0,3.0,-0.8660254037844385,-0.5000000000000004,0,Heavy Rain,1,1,1
1.0,heavy rains,Sambalpur,Odisha,IMD,371.0,21.0,2022.0,8.0,21.0,0,2022.0,8.0,21.0,3.0,-0.8660254037844385,-0.5000000000000004,0,Heavy Rain,1,1,1
1.0,heavy rains,Mayurbhanj,Odisha,IMD,365.0,21.0,2022.0,8.0,22.0,0,2022.0,8.0,22.0,3.0,-0.8660254037844385,-0.5000000000000004,0,Heavy Rain,1,1,1
1.0,heavy rains,Fatehgarh Sahib,Punjab,IMD,30.0,3.0,2022.0,6.0,19.0,0,2022.0,6.0,19.0,2.0,1.2246467991473532e-16,-1.0,0,Heavy Rain,1,1,1
1.0,heavy rains,Bikaner,Rajasthan,IMD,93.0,8.0,2022.0,7.0,2.0,0,2022.0,7.0,2.0,3.0,-0.4999999999999997,-0.8660254037844388,0,Heavy Rain,1,1,1
1.0,heavy rains & flood,Jhalawar,Rajasthan,IMD,105.0,8.0,2022.0,7.0,8.0,0,2022.0,7.0,8.0,3.0,-0.4999999999999997,-0.8660254037844388,0,Heavy Rain,1,1,1
1.0,heavy rains & flood,Udaipur,Rajasthan,IMD,117.0,8.0,2022.0,7.0,8.0,0,2022.0,7.0,8.0,3.0,-0.4999999999999997,-0.8660254037844388,0,Heavy Rain,1,1,1
1.0,heavy rains,Banswara,Rajasthan,IMD,88.0,8.0,2022.0,7.0,13.0,0,2022.0,7.0,13.0,3.0,-0.4999999999999997,-0.8660254037844388,0,Heavy Rain,1,1,1
4.0,heavy rains & flood,Ganganagar,Rajasthan,IMD,100.0,8.0,2022.0,7.0,14.0,0,2022.0,7.0,14.0,3.0,-0.4999999999999997,-0.8660254037844388,0,Heavy Rain,1,1,1
1.0,heavy rains & flood,Jhalawar,Rajasthan,IMD,105.0,8.0,2022.0,7.0,18.0,0,2022.0,7.0,18.0,3.0,-0.4999999999999997,-0.8660254037844388,0,Heavy Rain,1,1,1
1.0,heavy rains & flood (mahi erav river),Pratapgarh,Rajasthan,IMD,629.0,8.0,2022.0,7.0,19.0,0,2022.0,7.0,19.0,3.0,-0.4999999999999997,-0.8660254037844388,0,River/Water System,1,1,1
1.0,heavy rains & flood,Banswara,Rajasthan,IMD,88.0,8.0,2022.0,7.0,20.0,0,2022.0,7.0,20.0,3.0,-0.4999999999999997,-0.8660254037844388,0,Heavy Rain,1,1,1
1.0,heavy rains & flood,Udaipur,Rajasthan,IMD,117.0,8.0,2022.0,7.0,20.0,0,2022.0,7.0,20.0,3.0,-0.4999999999999997,-0.8660254037844388,0,Heavy Rain,1,1,1
1.0,heavy rains & flood,Kota,Rajasthan,IMD,109.0,8.0,2022.0,7.0,24.0,0,2022.0,7.0,24.0,3.0,-0.4999999999999997,-0.8660254037844388,0,Heavy Rain,1,1,1
1.0,heavy rains & flood,Alwar,Rajasthan,IMD,87.0,8.0,2022.0,7.0,25.0,0,2022.0,7.0,25.0,3.0,-0.4999999999999997,-0.8660254037844388,0,Heavy Rain,1,1,1
1.0,heavy rains & flood,Jodhpur,Rajasthan,IMD,107.0,8.0,2022.0,7.0,25.0,0,2022.0,7.0,25.0,3.0,-0.4999999999999997,-0.8660254037844388,0,Heavy Rain,1,1,1
2.0,heavy rains & flood,Jodhpur,Rajasthan,IMD,107.0,8.0,2022.0,7.0,26.0,1,2022.0,7.0,26.0,3.0,-0.4999999999999997,-0.8660254037844388,0,Heavy Rain,1,1,1
1.0,heavy rains,Bikaner,Rajasthan,IMD,93.0,8.0,2022.0,7.0,28.0,0,2022.0,7.0,28.0,3.0,-0.4999999999999997,-0.8660254037844388,0,Heavy Rain,1,1,1
1.0,heavy rains,Bikaner,Rajasthan,IMD,93.0,8.0,2022.0,8.0,1.0,0,2022.0,8.0,1.0,3.0,-0.8660254037844385,-0.5000000000000004,0,Heavy Rain,1,1,1
1.0,heavy rains & flood,Udaipur,Rajasthan,IMD,117.0,8.0,2022.0,8.0,8.0,0,2022.0,8.0,8.0,3.0,-0.8660254037844385,-0.5000000000000004,0,Heavy Rain,1,1,1
1.0,heavy rains,Dungarpur,Rajasthan,IMD,99.0,8.0,2022.0,8.0,10.0,0,2022.0,8.0,10.0,3.0,-0.8660254037844385,-0.5000000000000004,0,Heavy Rain,1,1,1
1.0,heavy rains,Pratapgarh,Rajasthan,IMD,629.0,8.0,2022.0,8.0,16.0,0,2022.0,8.0,16.0,3.0,-0.8660254037844385,-0.5000000000000004,0,Heavy Rain,1,1,1
1.0,heavy rains,Dholpur,Rajasthan,IMD,98.0,8.0,2022.0,8.0,20.0,0,2022.0,8.0,20.0,3.0,-0.8660254037844385,-0.5000000000000004,0,Heavy Rain,1,1,1
1.0,heavy rains & flood,Baran,Rajasthan,IMD,366.0,8.0,2022.0,8.0,22.0,0,2022.0,8.0,22.0,3.0,-0.8660254037844385,-0.5000000000000004,0,Heavy Rain,1,1,1
1.0,heavy rains & flood,Bundi,Rajasthan,IMD,94.0,8.0,2022.0,8.0,22.0,0,2022.0,8.0,22.0,3.0,-0.8660254037844385,-0.5000000000000004,0,Heavy Rain,1,1,1
1.0,heavy rains & flood,Tonk,Rajasthan,IMD,116.0,8.0,2022.0,8.0,22.0,0,2022.0,8.0,22.0,3.0,-0.8660254037844385,-0.5000000000000004,0,Heavy Rain,1,1,1
1.0,heavy rains,Udaipur,Rajasthan,IMD,117.0,8.0,2022.0,9.0,15.0,0,2022.0,9.0,15.0,3.0,-1.0,-1.8369701987210297e-16,0,Heavy Rain,1,1,1
1.0,landslide,Mangan,Sikkim,IMD,226.0,11.0,2022.0,5.0,4.0,0,2022.0,5.0,4.0,2.0,0.49999999999999994,-0.8660254037844387,0,Landslide,1,1,1
1.0,landslide,Namchi,Sikkim,IMD,227.0,11.0,2022.0,5.0,18.0,0,2022.0,5.0,18.0,2.0,0.49999999999999994,-0.8660254037844387,0,Landslide,1,1,1
1.0,landslide,Gangtok,Sikkim,IMD,225.0,11.0,2022.0,6.0,14.0,0,2022.0,6.0,14.0,2.0,1.2246467991473532e-16,-1.0,0,Landslide,1,1,1
1.0,landslide,Namchi,Sikkim,IMD,227.0,11.0,2022.0,6.0,16.0,0,2022.0,6.0,16.0,2.0,1.2246467991473532e-16,-1.0,0,Landslide,1,1,1
1.0,landslide,Gangtok,Sikkim,IMD,225.0,11.0,2022.0,6.0,28.0,0,2022.0,6.0,28.0,2.0,1.2246467991473532e-16,-1.0,0,Landslide,1,1,1
1.0,heavy rains & floods,Erode,Tamil Nadu,IMD,573.0,33.0,2022.0,10.0,21.0,0,2022.0,10.0,21.0,4.0,-0.8660254037844386,0.5000000000000001,0,Heavy Rain,1,1,1
1.0,heavy rains,Chennai,Tamil Nadu,IMD,568.0,33.0,2022.0,11.0,1.0,0,2022.0,11.0,1.0,4.0,-0.5000000000000004,0.8660254037844384,0,Heavy Rain,1,1,1
2.0,heavy rains,Bhadradri Kothagudem,Telangana,IMD,690.0,36.0,2022.0,6.0,19.0,0,2022.0,6.0,19.0,2.0,1.2246467991473532e-16,-1.0,0,Heavy Rain,1,1,1
2.0,heavy rains,Nizamabad,Telangana,IMD,516.0,36.0,2022.0,6.0,19.0,0,2022.0,6.0,19.0,2.0,1.2246467991473532e-16,-1.0,0,Heavy Rain,1,1,1
31.0,heavy rains,Nizamabad,Telangana,IMD,516.0,36.0,2022.0,7.0,1.0,0,2022.0,7.0,1.0,3.0,-0.4999999999999997,-0.8660254037844388,1,Heavy Rain,1,1,1
81.0,heavy rains,Jayashankar Bhupalapally,Telangana,IMD,687.0,36.0,2022.0,7.0,4.0,0,2022.0,7.0,4.0,3.0,-0.4999999999999997,-0.8660254037844388,1,Heavy Rain,1,1,1
1.0,heavy rains,Nalgonda,Telangana,IMD,514.0,36.0,2022.0,7.0,8.0,0,2022.0,7.0,8.0,3.0,-0.4999999999999997,-0.8660254037844388,0,Heavy Rain,1,1,1
107.0,heavy rains & floods,Medak,Telangana,IMD,513.0,36.0,2022.0,7.0,9.0,0,2022.0,7.0,9.0,3.0,-0.4999999999999997,-0.8660254037844388,1,Heavy Rain,1,1,1
1.0,heavy rains & floods,Karimnagar,Telangana,IMD,508.0,36.0,2022.0,7.0,12.0,0,2022.0,7.0,12.0,3.0,-0.4999999999999997,-0.8660254037844388,0,Heavy Rain,1,1,1
1.0,heavy rains & floods,Kumuram Bheem Asifabad,Telangana,IMD,699.0,36.0,2022.0,7.0,14.0,0,2022.0,7.0,14.0,3.0,-0.4999999999999997,-0.8660254037844388,0,Heavy Rain,1,1,1
1.0,heavy rains & floods,Yadadri Bhuvanagiri,Telangana,IMD,697.0,36.0,2022.0,7.0,14.0,0,2022.0,7.0,14.0,3.0,-0.4999999999999997,-0.8660254037844388,0,Heavy Rain,1,1,1
1.0,heavy rains & floods,"Warangal, Warangal, Warangal, Warangal",Telangana,IMD,,36.0,2022.0,7.0,22.0,0,2022.0,7.0,22.0,3.0,-0.4999999999999997,-0.8660254037844388,0,Heavy Rain,1,4,1
1.0,heavy rains,Bhadradri Bhadradri Kothagudem Bhadradri Kothagudem,Telangana,IMD,,36.0,2022.0,9.0,10.0,0,2022.0,9.0,10.0,3.0,-1.0,-1.8369701987210297e-16,0,Heavy Rain,1,1,1
1.0,heavy rains,Mahabubnagar,Telangana,IMD,512.0,36.0,2022.0,10.0,8.0,0,2022.0,10.0,8.0,4.0,-0.8660254037844386,0.5000000000000001,0,Heavy Rain,1,1,1
1.0,heavy rains,Mahabubnagar,Telangana,IMD,512.0,36.0,2022.0,10.0,14.0,0,2022.0,10.0,14.0,4.0,-0.8660254037844386,0.5000000000000001,0,Heavy Rain,1,1,1
30.0,heavy rains & floods,Hyderabad,Telangana,IMD,507.0,36.0,2022.0,11.0,1.0,0,2022.0,11.0,1.0,4.0,-0.5000000000000004,0.8660254037844384,1,Heavy Rain,1,1,1
1.0,heavy rains & floods,Agra,Uttar Pradesh,IMD,118.0,9.0,2022.0,5.0,23.0,0,2022.0,5.0,23.0,2.0,0.49999999999999994,-0.8660254037844387,0,Heavy Rain,1,1,1
1.0,heavy rains & floods,Ghazipurr,Uttar Pradesh,IMD,,9.0,2022.0,5.0,23.0,0,2022.0,5.0,23.0,2.0,0.49999999999999994,-0.8660254037844387,0,Heavy Rain,1,1,1
1.0,heavy rains & floods,Kaushambi,Uttar Pradesh,IMD,158.0,9.0,2022.0,5.0,23.0,0,2022.0,5.0,23.0,2.0,0.49999999999999994,-0.8660254037844387,0,Heavy Rain,1,1,1
1.0,heavy rains & floods,Pratapgarh,Uttar Pradesh,IMD,629.0,9.0,2022.0,5.0,23.0,0,2022.0,5.0,23.0,2.0,0.49999999999999994,-0.8660254037844387,0,Heavy Rain,1,1,1
1.0,heavy rains & floods,Varanasi,Uttar Pradesh,IMD,187.0,9.0,2022.0,5.0,23.0,0,2022.0,5.0,23.0,2.0,0.49999999999999994,-0.8660254037844387,0,Heavy Rain,1,1,1
1.0,heavy rains,Kaushambi,Uttar Pradesh,IMD,158.0,9.0,2022.0,6.0,20.0,0,2022.0,6.0,20.0,2.0,1.2246467991473532e-16,-1.0,0,Heavy Rain,1,1,1
1.0,heavy rains,Amethi,Uttar Pradesh,IMD,640.0,9.0,2022.0,6.0,23.0,0,2022.0,6.0,23.0,2.0,1.2246467991473532e-16,-1.0,0,Heavy Rain,1,1,1
1.0,heavy rains,Azamgarh,Uttar Pradesh,IMD,123.0,9.0,2022.0,6.0,24.0,0,2022.0,6.0,24.0,2.0,1.2246467991473532e-16,-1.0,0,Heavy Rain,1,1,1
2.0,heavy rains,Kanpur nagar Dehat,Uttar Pradesh,IMD,,9.0,2022.0,6.0,29.0,0,2022.0,6.0,29.0,2.0,1.2246467991473532e-16,-1.0,0,Heavy Rain,1,1,1
2.0,heavy rains,Mau,Uttar Pradesh,IMD,24.0,9.0,2022.0,6.0,29.0,0,2022.0,6.0,29.0,2.0,1.2246467991473532e-16,-1.0,0,Heavy Rain,1,1,1
1.0,heavy rains,Saharanpur,Uttar Pradesh,IMD,177.0,9.0,2022.0,7.0,5.0,0,2022.0,7.0,5.0,3.0,-0.4999999999999997,-0.8660254037844388,0,Heavy Rain,1,1,1
1.0,heavy rains,Banda,Uttar Pradesh,IMD,456.0,9.0,2022.0,7.0,21.0,0,2022.0,7.0,21.0,3.0,-0.4999999999999997,-0.8660254037844388,0,Heavy Rain,1,1,1
1.0,heavy rains,Fatehpur,Uttar Pradesh,IMD,142.0,9.0,2022.0,7.0,25.0,0,2022.0,7.0,25.0,3.0,-0.4999999999999997,-0.8660254037844388,0,Heavy Rain,1,1,1
1.0,heavy rains,Pratapgarh,Uttar Pradesh,IMD,629.0,9.0,2022.0,7.0,25.0,0,2022.0,7.0,25.0,3.0,-0.4999999999999997,-0.8660254037844388,0,Heavy Rain,1,1,1
1.0,heavy rains,Ambedkar Nagar,Uttar Pradesh,IMD,121.0,9.0,2022.0,7.0,26.0,0,2022.0,7.0,26.0,3.0,-0.4999999999999997,-0.8660254037844388,0,Heavy Rain,1,1,1
1.0,heavy rains,Sonbhadra,Uttar Pradesh,IMD,184.0,9.0,2022.0,7.0,28.0,0,2022.0,7.0,28.0,3.0,-0.4999999999999997,-0.8660254037844388,0,Heavy Rain,1,1,1
1.0,heavy rains,Shamli,Uttar Pradesh,IMD,660.0,9.0,2022.0,7.0,29.0,0,2022.0,7.0,29.0,3.0,-0.4999999999999997,-0.8660254037844388,0,Heavy Rain,1,1,1
1.0,heavy rains,Sonbhadra,Uttar Pradesh,IMD,184.0,9.0,2022.0,7.0,29.0,0,2022.0,7.0,29.0,3.0,-0.4999999999999997,-0.8660254037844388,0,Heavy Rain,1,1,1
1.0,heavy rains,Banda,Uttar Pradesh,IMD,456.0,9.0,2022.0,7.0,30.0,0,2022.0,7.0,30.0,3.0,-0.4999999999999997,-0.8660254037844388,0,Heavy Rain,1,1,1
1.0,heavy rains,Ghazipurr,Uttar Pradesh,IMD,,9.0,2022.0,7.0,30.0,0,2022.0,7.0,30.0,3.0,-0.4999999999999997,-0.8660254037844388,0,Heavy Rain,1,1,1
1.0,heavy rains,Hardoi,Uttar Pradesh,IMD,150.0,9.0,2022.0,7.0,30.0,0,2022.0,7.0,30.0,3.0,-0.4999999999999997,-0.8660254037844388,0,Heavy Rain,1,1,1
1.0,heavy rains,Hardoi,Uttar Pradesh,IMD,150.0,9.0,2022.0,8.0,1.0,0,2022.0,8.0,1.0,3.0,-0.8660254037844385,-0.5000000000000004,0,Heavy Rain,1,1,1
1.0,heavy rains,Unnao,Uttar Pradesh,IMD,186.0,9.0,2022.0,8.0,3.0,0,2022.0,8.0,3.0,3.0,-0.8660254037844385,-0.5000000000000004,0,Heavy Rain,1,1,1
1.0,heavy rains,Fatehpur,Uttar Pradesh,IMD,142.0,9.0,2022.0,8.0,5.0,0,2022.0,8.0,5.0,3.0,-0.8660254037844385,-0.5000000000000004,0,Heavy Rain,1,1,1
1.0,heavy rains,Farrukhabad,Uttar Pradesh,IMD,141.0,9.0,2022.0,8.0,6.0,0,2022.0,8.0,6.0,3.0,-0.8660254037844385,-0.5000000000000004,0,Heavy Rain,1,1,1
1.0,heavy rains & floods,Muzaffarnagar,Uttar Pradesh,IMD,172.0,9.0,2022.0,8.0,7.0,0,2022.0,8.0,7.0,3.0,-0.8660254037844385,-0.5000000000000004,0,Heavy Rain,1,1,1
1.0,heavy rains,Etawah,Uttar Pradesh,IMD,139.0,9.0,2022.0,8.0,8.0,0,2022.0,8.0,8.0,3.0,-0.8660254037844385,-0.5000000000000004,0,Heavy Rain,1,1,1
1.0,heavy rains,Muzaffarnagar,Uttar Pradesh,IMD,172.0,9.0,2022.0,8.0,8.0,0,2022.0,8.0,8.0,3.0,-0.8660254037844385,-0.5000000000000004,0,Heavy Rain,1,1,1
1.0,heavy rains,Kanpur nagar Dehat,Uttar Pradesh,IMD,,9.0,2022.0,8.0,12.0,0,2022.0,8.0,12.0,3.0,-0.8660254037844385,-0.5000000000000004,0,Heavy Rain,1,1,1
1.0,heavy rains,Kanpur nagar Dehat,Uttar Pradesh,IMD,,9.0,2022.0,8.0,14.0,0,2022.0,8.0,14.0,3.0,-0.8660254037844385,-0.5000000000000004,0,Heavy Rain,1,1,1
1.0,heavy rains,Shahjahanpur,Uttar Pradesh,IMD,180.0,9.0,2022.0,8.0,16.0,0,2022.0,8.0,16.0,3.0,-0.8660254037844385,-0.5000000000000004,0,Heavy Rain,1,1,1
1.0,heavy rains,Chitrakoot,Uttar Pradesh,IMD,136.0,9.0,2022.0,8.0,20.0,0,2022.0,8.0,20.0,3.0,-0.8660254037844385,-0.5000000000000004,0,Heavy Rain,1,1,1
1.0,heavy rains,Ghazipurr,Uttar Pradesh,IMD,,9.0,2022.0,8.0,20.0,0,2022.0,8.0,20.0,3.0,-0.8660254037844385,-0.5000000000000004,0,Heavy Rain,1,1,1
1.0,heavy rains,Hamirpur,Uttar Pradesh,IMD,17.0,9.0,2022.0,8.0,20.0,0,2022.0,8.0,20.0,3.0,-0.8660254037844385,-0.5000000000000004,0,Heavy Rain,1,1,1
1.0,heavy rains,Kanpur nagar Dehat,Uttar Pradesh,IMD,,9.0,2022.0,8.0,20.0,0,2022.0,8.0,20.0,3.0,-0.8660254037844385,-0.5000000000000004,0,Heavy Rain,1,1,1
1.0,heavy rains,Sitapur,Uttar Pradesh,IMD,183.0,9.0,2022.0,8.0,20.0,0,2022.0,8.0,20.0,3.0,-0.8660254037844385,-0.5000000000000004,0,Heavy Rain,1,1,1
1.0,heavy rains,Mahoba,Uttar Pradesh,IMD,165.0,9.0,2022.0,8.0,21.0,0,2022.0,8.0,21.0,3.0,-0.8660254037844385,-0.5000000000000004,0,Heavy Rain,1,1,1
1.0,heavy rains,Lalitpur,Uttar Pradesh,IMD,161.0,9.0,2022.0,8.0,25.0,0,2022.0,8.0,25.0,3.0,-0.8660254037844385,-0.5000000000000004,0,Heavy Rain,1,1,1
1.0,heavy rains,Sonbhadra,Uttar Pradesh,IMD,184.0,9.0,2022.0,8.0,25.0,0,2022.0,8.0,25.0,3.0,-0.8660254037844385,-0.5000000000000004,0,Heavy Rain,1,1,1
1.0,flood,Ballia,Uttar Pradesh,IMD,126.0,9.0,2022.0,8.0,27.0,0,2022.0,8.0,27.0,3.0,-0.8660254037844385,-0.5000000000000004,0,Other,1,1,1
1.0,heavy rains,Hamirpur,Uttar Pradesh,IMD,17.0,9.0,2022.0,8.0,29.0,0,2022.0,8.0,29.0,3.0,-0.8660254037844385,-0.5000000000000004,0,Heavy Rain,1,1,1
1.0,heavy rains,Bareilly,Uttar Pradesh,IMD,130.0,9.0,2022.0,8.0,29.0,0,2022.0,8.0,29.0,3.0,-0.8660254037844385,-0.5000000000000004,0,Heavy Rain,1,1,1
1.0,heavy rains,Sitapur,Uttar Pradesh,IMD,183.0,9.0,2022.0,8.0,29.0,0,2022.0,8.0,29.0,3.0,-0.8660254037844385,-0.5000000000000004,0,Heavy Rain,1,1,1
1.0,heavy rains & floods,Etawah,Uttar Pradesh,IMD,139.0,9.0,2022.0,9.0,13.0,0,2022.0,9.0,13.0,3.0,-1.0,-1.8369701987210297e-16,0,Heavy Rain,1,1,1
1.0,heavy rains & floods,Mirzapur,Uttar Pradesh,IMD,170.0,9.0,2022.0,9.0,13.0,0,2022.0,9.0,13.0,3.0,-1.0,-1.8369701987210297e-16,0,Heavy Rain,1,1,1
1.0,heavy rains,Sant Kabir Nagar,Uttar Pradesh,IMD,178.0,9.0,2022.0,9.0,14.0,0,2022.0,9.0,14.0,3.0,-1.0,-1.8369701987210297e-16,0,Heavy Rain,1,1,1
1.0,heavy rains,Banda,Uttar Pradesh,IMD,456.0,9.0,2022.0,9.0,16.0,0,2022.0,9.0,16.0,3.0,-1.0,-1.8369701987210297e-16,0,Heavy Rain,1,1,1
1.0,heavy rains,Etawah,Uttar Pradesh,IMD,139.0,9.0,2022.0,9.0,16.0,0,2022.0,9.0,16.0,3.0,-1.0,-1.8369701987210297e-16,0,Heavy Rain,1,1,1
1.0,heavy rains,Fatehpur,Uttar Pradesh,IMD,142.0,9.0,2022.0,9.0,16.0,0,2022.0,9.0,16.0,3.0,-1.0,-1.8369701987210297e-16,0,Heavy Rain,1,1,1
1.0,heavy rains,Kanpur nagar Dehat,Uttar Pradesh,IMD,,9.0,2022.0,9.0,16.0,0,2022.0,9.0,16.0,3.0,-1.0,-1.8369701987210297e-16,0,Heavy Rain,1,1,1
1.0,heavy rains,Lucknow,Uttar Pradesh,IMD,162.0,9.0,2022.0,9.0,16.0,0,2022.0,9.0,16.0,3.0,-1.0,-1.8369701987210297e-16,0,Heavy Rain,1,1,1
1.0,heavy rains,Prayagraj,Uttar Pradesh,IMD,120.0,9.0,2022.0,9.0,16.0,0,2022.0,9.0,16.0,3.0,-1.0,-1.8369701987210297e-16,0,Heavy Rain,1,1,1
1.0,heavy rains,Bareilly,Uttar Pradesh,IMD,130.0,9.0,2022.0,9.0,16.0,0,2022.0,9.0,16.0,3.0,-1.0,-1.8369701987210297e-16,0,Heavy Rain,1,1,1
1.0,heavy rains,Sant Kabir Nagar,Uttar Pradesh,IMD,178.0,9.0,2022.0,9.0,16.0,0,2022.0,9.0,16.0,3.0,-1.0,-1.8369701987210297e-16,0,Heavy Rain,1,1,1
1.0,heavy rains,Sitapur,Uttar Pradesh,IMD,183.0,9.0,2022.0,9.0,16.0,0,2022.0,9.0,16.0,3.0,-1.0,-1.8369701987210297e-16,0,Heavy Rain,1,1,1
1.0,heavy rains,Unnao,Uttar Pradesh,IMD,186.0,9.0,2022.0,9.0,16.0,0,2022.0,9.0,16.0,3.0,-1.0,-1.8369701987210297e-16,0,Heavy Rain,1,1,1
1.0,heavy rains,Deoria,Uttar Pradesh,IMD,137.0,9.0,2022.0,9.0,17.0,0,2022.0,9.0,17.0,3.0,-1.0,-1.8369701987210297e-16,0,Heavy Rain,1,1,1
1.0,heavy rains,Sitapur,Uttar Pradesh,IMD,183.0,9.0,2022.0,9.0,18.0,0,2022.0,9.0,18.0,3.0,-1.0,-1.8369701987210297e-16,0,Heavy Rain,1,1,1
1.0,heavy rains,Bara Banki,Uttar Pradesh,IMD,129.0,9.0,2022.0,9.0,19.0,0,2022.0,9.0,19.0,3.0,-1.0,-1.8369701987210297e-16,0,Heavy Rain,1,1,1
1.0,heavy rains,Deoria,Uttar Pradesh,IMD,137.0,9.0,2022.0,9.0,19.0,0,2022.0,9.0,19.0,3.0,-1.0,-1.8369701987210297e-16,0,Heavy Rain,1,1,1
1.0,heavy rains,Mahoba,Uttar Pradesh,IMD,165.0,9.0,2022.0,9.0,19.0,0,2022.0,9.0,19.0,3.0,-1.0,-1.8369701987210297e-16,0,Heavy Rain,1,1,1
1.0,heavy rains,Mau,Uttar Pradesh,IMD,24.0,9.0,2022.0,9.0,19.0,0,2022.0,9.0,19.0,3.0,-1.0,-1.8369701987210297e-16,0,Heavy Rain,1,1,1
1.0,heavy rains,Sultanpur,Uttar Pradesh,IMD,185.0,9.0,2022.0,9.0,20.0,0,2022.0,9.0,20.0,3.0,-1.0,-1.8369701987210297e-16,0,Heavy Rain,1,1,1
6.0,heavy rains & floods,Agra,Uttar Pradesh,IMD,118.0,9.0,2022.0,9.0,21.0,0,2022.0,9.0,21.0,3.0,-1.0,-1.8369701987210297e-16,0,Heavy Rain,1,1,1
6.0,heavy rains & floods,Aligarh,Uttar Pradesh,IMD,119.0,9.0,2022.0,9.0,21.0,0,2022.0,9.0,21.0,3.0,-1.0,-1.8369701987210297e-16,0,Heavy Rain,1,1,1
6.0,heavy rains & floods,Amethi,Uttar Pradesh,IMD,640.0,9.0,2022.0,9.0,21.0,0,2022.0,9.0,21.0,3.0,-1.0,-1.8369701987210297e-16,0,Heavy Rain,1,1,1
6.0,heavy rains & floods,Balrampur,Uttar Pradesh,IMD,649.0,9.0,2022.0,9.0,21.0,0,2022.0,9.0,21.0,3.0,-1.0,-1.8369701987210297e-16,0,Heavy Rain,1,1,1
6.0,heavy rains & floods,Bulandshahr,Uttar Pradesh,IMD,134.0,9.0,2022.0,9.0,21.0,0,2022.0,9.0,21.0,3.0,-1.0,-1.8369701987210297e-16,0,Heavy Rain,1,1,1
6.0,heavy rains & floods,Chandauli,Uttar Pradesh,IMD,135.0,9.0,2022.0,9.0,21.0,0,2022.0,9.0,21.0,3.0,-1.0,-1.8369701987210297e-16,0,Heavy Rain,1,1,1
6.0,heavy rains & floods,Deoria,Uttar Pradesh,IMD,137.0,9.0,2022.0,9.0,21.0,0,2022.0,9.0,21.0,3.0,-1.0,-1.8369701987210297e-16,0,Heavy Rain,1,1,1
6.0,heavy rains & floods,Etawah,Uttar Pradesh,IMD,139.0,9.0,2022.0,9.0,21.0,1,2022.0,9.0,21.0,3.0,-1.0,-1.8369701987210297e-16,0,Heavy Rain,1,1,1
6.0,heavy rains & floods,Fatehpur,Uttar Pradesh,IMD,142.0,9.0,2022.0,9.0,21.0,0,2022.0,9.0,21.0,3.0,-1.0,-1.8369701987210297e-16,0,Heavy Rain,1,1,1
6.0,heavy rains & floods,Firozabad,Uttar Pradesh,IMD,143.0,9.0,2022.0,9.0,21.0,0,2022.0,9.0,21.0,3.0,-1.0,-1.8369701987210297e-16,0,Heavy Rain,1,1,1
6.0,heavy rains & floods,Gorakhpur,Uttar Pradesh,IMD,148.0,9.0,2022.0,9.0,21.0,0,2022.0,9.0,21.0,3.0,-1.0,-1.8369701987210297e-16,0,Heavy Rain,1,1,1
6.0,heavy rains & floods,Hamirpur,Uttar Pradesh,IMD,17.0,9.0,2022.0,9.0,21.0,0,2022.0,9.0,21.0,3.0,-1.0,-1.8369701987210297e-16,0,Heavy Rain,1,1,1
6.0,heavy rains & floods,Jalaun,Uttar Pradesh,IMD,151.0,9.0,2022.0,9.0,21.0,0,2022.0,9.0,21.0,3.0,-1.0,-1.8369701987210297e-16,0,Heavy Rain,1,1,1
6.0,heavy rains & floods,Kanpur nagar Dehat,Uttar Pradesh,IMD,,9.0,2022.0,9.0,21.0,0,2022.0,9.0,21.0,3.0,-1.0,-1.8369701987210297e-16,0,Heavy Rain,1,1,1
6.0,heavy rains & floods,Mainpuri,Uttar Pradesh,IMD,166.0,9.0,2022.0,9.0,21.0,0,2022.0,9.0,21.0,3.0,-1.0,-1.8369701987210297e-16,0,Heavy Rain,1,1,1
6.0,heavy rains & floods,Mathura,Uttar Pradesh,IMD,167.0,9.0,2022.0,9.0,21.0,0,2022.0,9.0,21.0,3.0,-1.0,-1.8369701987210297e-16,0,Heavy Rain,1,1,1
6.0,heavy rains & floods,Muzaffarnagar,Uttar Pradesh,IMD,172.0,9.0,2022.0,9.0,21.0,0,2022.0,9.0,21.0,3.0,-1.0,-1.8369701987210297e-16,0,Heavy Rain,1,1,1
6.0,heavy rains & floods,Sitapur,Uttar Pradesh,IMD,183.0,9.0,2022.0,9.0,21.0,0,2022.0,9.0,21.0,3.0,-1.0,-1.8369701987210297e-16,0,Heavy Rain,1,1,1
6.0,heavy rains & floods,Sultanpur,Uttar Pradesh,IMD,185.0,9.0,2022.0,9.0,21.0,0,2022.0,9.0,21.0,3.0,-1.0,-1.8369701987210297e-16,0,Heavy Rain,1,1,1
1.0,heavy rains,Farrukhabad,Uttar Pradesh,IMD,141.0,9.0,2022.0,9.0,29.0,0,2022.0,9.0,29.0,3.0,-1.0,-1.8369701987210297e-16,0,Heavy Rain,1,1,1
1.0,heavy rains,Firozabad,Uttar Pradesh,IMD,143.0,9.0,2022.0,10.0,3.0,0,2022.0,10.0,3.0,4.0,-0.8660254037844386,0.5000000000000001,0,Heavy Rain,1,1,1
1.0,heavy rains,Ayodhya,Uttar Pradesh,IMD,140.0,9.0,2022.0,10.0,5.0,0,2022.0,10.0,5.0,4.0,-0.8660254037844386,0.5000000000000001,0,Heavy Rain,1,1,1
1.0,heavy rains,Fatehpur,Uttar Pradesh,IMD,142.0,9.0,2022.0,10.0,5.0,0,2022.0,10.0,5.0,4.0,-0.8660254037844386,0.5000000000000001,0,Heavy Rain,1,1,1
1.0,heavy rains,Fatehpur,Uttar Pradesh,IMD,142.0,9.0,2022.0,10.0,6.0,0,2022.0,10.0,6.0,4.0,-0.8660254037844386,0.5000000000000001,0,Heavy Rain,1,1,1
1.0,heavy rains,Gonda,Uttar Pradesh,IMD,514.0,9.0,2022.0,10.0,6.0,0,2022.0,10.0,6.0,4.0,-0.8660254037844386,0.5000000000000001,0,Heavy Rain,1,1,1
1.0,heavy rains,Kanpur nagar,Uttar Pradesh,IMD,157.0,9.0,2022.0,10.0,6.0,0,2022.0,10.0,6.0,4.0,-0.8660254037844386,0.5000000000000001,0,Heavy Rain,1,1,1
1.0,heavy rains,Prayagraj,Uttar Pradesh,IMD,120.0,9.0,2022.0,10.0,6.0,0,2022.0,10.0,6.0,4.0,-0.8660254037844386,0.5000000000000001,0,Heavy Rain,1,1,1
1.0,heavy rains,Rae Bareli,Uttar Pradesh,IMD,175.0,9.0,2022.0,10.0,6.0,0,2022.0,10.0,6.0,4.0,-0.8660254037844386,0.5000000000000001,0,Heavy Rain,1,1,1
1.0,heavy rains,Amethi,Uttar Pradesh,IMD,640.0,9.0,2022.0,10.0,7.0,0,2022.0,10.0,7.0,4.0,-0.8660254037844386,0.5000000000000001,0,Heavy Rain,1,1,1
1.0,heavy rains,Banda,Uttar Pradesh,IMD,456.0,9.0,2022.0,10.0,7.0,0,2022.0,10.0,7.0,4.0,-0.8660254037844386,0.5000000000000001,0,Heavy Rain,1,1,1
1.0,heavy rains,Fatehpur,Uttar Pradesh,IMD,142.0,9.0,2022.0,10.0,7.0,0,2022.0,10.0,7.0,4.0,-0.8660254037844386,0.5000000000000001,0,Heavy Rain,1,1,1
1.0,heavy rains,Hamirpur,Uttar Pradesh,IMD,17.0,9.0,2022.0,10.0,7.0,0,2022.0,10.0,7.0,4.0,-0.8660254037844386,0.5000000000000001,0,Heavy Rain,1,1,1
1.0,heavy rains,Jalaun,Uttar Pradesh,IMD,151.0,9.0,2022.0,10.0,7.0,0,2022.0,10.0,7.0,4.0,-0.8660254037844386,0.5000000000000001,0,Heavy Rain,1,1,1
1.0,heavy rains,Prayagraj,Uttar Pradesh,IMD,120.0,9.0,2022.0,10.0,7.0,0,2022.0,10.0,7.0,4.0,-0.8660254037844386,0.5000000000000001,0,Heavy Rain,1,1,1
1.0,heavy rains,SShrawasti,Uttar Pradesh,IMD,,9.0,2022.0,10.0,7.0,0,2022.0,10.0,7.0,4.0,-0.8660254037844386,0.5000000000000001,0,Heavy Rain,1,1,1
1.0,heavy rains,Ambedkar Nagar,Uttar Pradesh,IMD,121.0,9.0,2022.0,10.0,8.0,0,2022.0,10.0,8.0,4.0,-0.8660254037844386,0.5000000000000001,0,Heavy Rain,1,1,1
1.0,heavy rains,Etah,Uttar Pradesh,IMD,138.0,9.0,2022.0,10.0,8.0,0,2022.0,10.0,8.0,4.0,-0.8660254037844386,0.5000000000000001,0,Heavy Rain,1,1,1
1.0,heavy rains,Kheri,Uttar Pradesh,IMD,159.0,9.0,2022.0,10.0,8.0,0,2022.0,10.0,8.0,4.0,-0.8660254037844386,0.5000000000000001,0,Heavy Rain,1,1,1
1.0,heavy rains,Pilibhit,Uttar Pradesh,IMD,173.0,9.0,2022.0,10.0,8.0,0,2022.0,10.0,8.0,4.0,-0.8660254037844386,0.5000000000000001,0,Heavy Rain,1,1,1
1.0,heavy rains,SShrawasti,Uttar Pradesh,IMD,,9.0,2022.0,10.0,8.0,0,2022.0,10.0,8.0,4.0,-0.8660254037844386,0.5000000000000001,0,Heavy Rain,1,1,1
1.0,heavy rains,Bulandshahr,Uttar Pradesh,IMD,134.0,9.0,2022.0,10.0,9.0,0,2022.0,10.0,9.0,4.0,-0.8660254037844386,0.5000000000000001,0,Heavy Rain,1,1,1
1.0,heavy rains,Firozabad,Uttar Pradesh,IMD,143.0,9.0,2022.0,10.0,9.0,0,2022.0,10.0,9.0,4.0,-0.8660254037844386,0.5000000000000001,0,Heavy Rain,1,1,1
1.0,heavy rains,Gautam Buddha Nagar,Uttar Pradesh,IMD,144.0,9.0,2022.0,10.0,9.0,0,2022.0,10.0,9.0,4.0,-0.8660254037844386,0.5000000000000001,0,Heavy Rain,1,1,1
1.0,heavy rains,Ghaziabad,Uttar Pradesh,IMD,145.0,9.0,2022.0,10.0,9.0,0,2022.0,10.0,9.0,4.0,-0.8660254037844386,0.5000000000000001,0,Heavy Rain,1,1,1
1.0,heavy rains,Gorakhpur,Uttar Pradesh,IMD,148.0,9.0,2022.0,10.0,9.0,0,2022.0,10.0,9.0,4.0,-0.8660254037844386,0.5000000000000001,0,Heavy Rain,1,1,1
1.0,heavy rains,Moradabad,Uttar Pradesh,IMD,171.0,9.0,2022.0,10.0,9.0,0,2022.0,10.0,9.0,4.0,-0.8660254037844386,0.5000000000000001,0,Heavy Rain,1,1,1
1.0,heavy rains,Shahjahanpur,Uttar Pradesh,IMD,180.0,9.0,2022.0,10.0,9.0,0,2022.0,10.0,9.0,4.0,-0.8660254037844386,0.5000000000000001,0,Heavy Rain,1,1,1
1.0,heavy rains,Sitapur,Uttar Pradesh,IMD,183.0,9.0,2022.0,10.0,9.0,0,2022.0,10.0,9.0,4.0,-0.8660254037844386,0.5000000000000001,0,Heavy Rain,1,1,1
1.0,heavy rains,Basti,Uttar Pradesh,IMD,131.0,9.0,2022.0,10.0,10.0,0,2022.0,10.0,10.0,4.0,-0.8660254037844386,0.5000000000000001,0,Heavy Rain,1,1,1
1.0,heavy rains,Fatehpur,Uttar Pradesh,IMD,142.0,9.0,2022.0,10.0,10.0,0,2022.0,10.0,10.0,4.0,-0.8660254037844386,0.5000000000000001,0,Heavy Rain,1,1,1
1.0,heavy rains,Kanpur nagar Dehat,Uttar Pradesh,IMD,,9.0,2022.0,10.0,10.0,0,2022.0,10.0,10.0,4.0,-0.8660254037844386,0.5000000000000001,0,Heavy Rain,1,1,1
1.0,heavy rains,Pratapgarh,Uttar Pradesh,IMD,629.0,9.0,2022.0,10.0,10.0,0,2022.0,10.0,10.0,4.0,-0.8660254037844386,0.5000000000000001,0,Heavy Rain,1,1,1
1.0,heavy rains,Ayodhya,Uttar Pradesh,IMD,140.0,9.0,2022.0,10.0,11.0,0,2022.0,10.0,11.0,4.0,-0.8660254037844386,0.5000000000000001,0,Heavy Rain,1,1,1
1.0,heavy rains,Ballia,Uttar Pradesh,IMD,126.0,9.0,2022.0,10.0,11.0,0,2022.0,10.0,11.0,4.0,-0.8660254037844386,0.5000000000000001,0,Heavy Rain,1,1,1
1.0,heavy rains,Gonda,Uttar Pradesh,IMD,514.0,9.0,2022.0,10.0,11.0,0,2022.0,10.0,11.0,4.0,-0.8660254037844386,0.5000000000000001,0,Heavy Rain,1,1,1
1.0,heavy rains,Sitapur,Uttar Pradesh,IMD,183.0,9.0,2022.0,10.0,11.0,0,2022.0,10.0,11.0,4.0,-0.8660254037844386,0.5000000000000001,0,Heavy Rain,1,1,1
1.0,heavy rains,Etah,Uttar Pradesh,IMD,138.0,9.0,2022.0,10.0,12.0,0,2022.0,10.0,12.0,4.0,-0.8660254037844386,0.5000000000000001,0,Heavy Rain,1,1,1
1.0,heavy rains,Fatehpur,Uttar Pradesh,IMD,142.0,9.0,2022.0,10.0,12.0,0,2022.0,10.0,12.0,4.0,-0.8660254037844386,0.5000000000000001,0,Heavy Rain,1,1,1
1.0,heavy rains,Sitapur,Uttar Pradesh,IMD,183.0,9.0,2022.0,10.0,12.0,0,2022.0,10.0,12.0,4.0,-0.8660254037844386,0.5000000000000001,0,Heavy Rain,1,1,1
1.0,heavy rains & floods,Gonda,Uttar Pradesh,IMD,514.0,9.0,2022.0,10.0,13.0,0,2022.0,10.0,13.0,4.0,-0.8660254037844386,0.5000000000000001,0,Heavy Rain,1,1,1
1.0,heavy rains & floods,Kanpur nagar Dehat,Uttar Pradesh,IMD,,9.0,2022.0,10.0,13.0,0,2022.0,10.0,13.0,4.0,-0.8660254037844386,0.5000000000000001,0,Heavy Rain,1,1,1
1.0,heavy rains & floods,Mahoba,Uttar Pradesh,IMD,165.0,9.0,2022.0,10.0,13.0,0,2022.0,10.0,13.0,4.0,-0.8660254037844386,0.5000000000000001,0,Heavy Rain,1,1,1
1.0,heavy rains & floods,Sitapur,Uttar Pradesh,IMD,183.0,9.0,2022.0,10.0,13.0,0,2022.0,10.0,13.0,4.0,-0.8660254037844386,0.5000000000000001,0,Heavy Rain,1,1,1
1.0,flood,Gonda,Uttar Pradesh,IMD,514.0,9.0,2022.0,10.0,15.0,0,2022.0,10.0,15.0,4.0,-0.8660254037844386,0.5000000000000001,0,Other,1,1,1
1.0,heavy rains,Etawah,Uttar Pradesh,IMD,139.0,9.0,2022.0,10.0,17.0,0,2022.0,10.0,17.0,4.0,-0.8660254037844386,0.5000000000000001,0,Heavy Rain,1,1,1
1.0,heavy rains,Bara Banki,Uttar Pradesh,IMD,129.0,9.0,2022.0,10.0,18.0,0,2022.0,10.0,18.0,4.0,-0.8660254037844386,0.5000000000000001,0,Heavy Rain,1,1,1
1.0,heavy rains,Fatehpur,Uttar Pradesh,IMD,142.0,9.0,2022.0,10.0,20.0,0,2022.0,10.0,20.0,4.0,-0.8660254037844386,0.5000000000000001,0,Heavy Rain,1,1,1
1.0,heavy rains,Sultanpur,Uttar Pradesh,IMD,185.0,9.0,2022.0,10.0,21.0,0,2022.0,10.0,21.0,4.0,-0.8660254037844386,0.5000000000000001,0,Heavy Rain,1,1,1
1.0,heavy rains,Bara Banki,Uttar Pradesh,IMD,129.0,9.0,2022.0,10.0,28.0,0,2022.0,10.0,28.0,4.0,-0.8660254037844386,0.5000000000000001,0,Heavy Rain,1,1,1
1.0,heavy rains,Rudra Prayag,Uttarakhand,IMD,54.0,5.0,2022.0,7.0,19.0,0,2022.0,7.0,19.0,3.0,-0.4999999999999997,-0.8660254037844388,0,Heavy Rain,1,1,1
1.0,cloudburst,Garhwal,Uttarakhand,IMD,52.0,5.0,2022.0,8.0,19.0,0,2022.0,8.0,19.0,3.0,-0.8660254037844385,-0.5000000000000004,0,Other,1,1,1
1.0,cloudburst,Tehri Garhwal,Uttarakhand,IMD,55.0,5.0,2022.0,8.0,19.0,0,2022.0,8.0,19.0,3.0,-0.8660254037844385,-0.5000000000000004,0,Other,1,1,1
1.0,heavy rains,Dehradun,Uttarakhand,IMD,49.0,5.0,2022.0,8.0,28.0,0,2022.0,8.0,28.0,3.0,-0.8660254037844385,-0.5000000000000004,0,Heavy Rain,1,1,1
1.0,landslides triggered by heavy rains,Uttar Kashi Kashi,Uttarakhand,IMD,,5.0,2022.0,9.0,22.0,0,2022.0,9.0,22.0,3.0,-1.0,-1.8369701987210297e-16,0,Landslide,1,1,1
1.0,flash flood (mal river),Jalpaiguri,West Bengal,IMD,314.0,19.0,2022.0,10.0,5.0,0,2022.0,10.0,5.0,4.0,-0.8660254037844386,0.5000000000000001,0,River/Water System,1,1,1
1.0,heavy rains,Central,Delhi,IMD,77.0,7.0,2022.0,10.0,9.0,0,2022.0,10.0,9.0,4.0,-0.8660254037844386,0.5000000000000001,0,Heavy Rain,1,1,1
1.0,heavy rains,Ramban,Jammu and Kashmir,IMD,621.0,,2022.0,1.0,5.0,0,2022.0,1.0,5.0,1.0,0.49999999999999994,0.8660254037844387,0,Heavy Rain,1,1,1
1.0,cloudburst,Budgam,Jammu and Kashmir,IMD,2.0,,2022.0,5.0,9.0,0,2022.0,5.0,9.0,2.0,0.49999999999999994,-0.8660254037844387,0,Other,1,1,1
1.0,landslide,Poonch,Jammu and Kashmir,IMD,10.0,,2022.0,6.0,19.0,0,2022.0,6.0,19.0,2.0,1.2246467991473532e-16,-1.0,0,Landslide,1,1,1
1.0,landslide,Poonch,Jammu and Kashmir,IMD,10.0,,2022.0,7.0,7.0,0,2022.0,7.0,7.0,3.0,-0.4999999999999997,-0.8660254037844388,0,Landslide,1,1,1
1.0,cloudburst triggered flash floods.,Anantnag,Jammu and Kashmir,IMD,1.0,,2022.0,7.0,8.0,1,2022.0,7.0,8.0,3.0,-0.4999999999999997,-0.8660254037844388,0,Flash Flood,1,1,1
1.0,landslide,Reasi,Jammu and Kashmir,IMD,627.0,,2022.0,7.0,13.0,0,2022.0,7.0,13.0,3.0,-0.4999999999999997,-0.8660254037844388,0,Landslide,1,1,1
1.0,landslide,Rajouri,Jammu and Kashmir,IMD,12.0,,2022.0,7.0,20.0,0,2022.0,7.0,20.0,3.0,-0.4999999999999997,-0.8660254037844388,0,Landslide,1,1,1
1.0,flash floods,Budgam,Jammu and Kashmir,IMD,2.0,,2022.0,7.0,27.0,0,2022.0,7.0,27.0,3.0,-0.4999999999999997,-0.8660254037844388,0,Flash Flood,1,1,1
1.0,heavy rains,Reasi,Jammu and Kashmir,IMD,627.0,,2022.0,7.0,30.0,0,2022.0,7.0,30.0,3.0,-0.4999999999999997,-0.8660254037844388,0,Heavy Rain,1,1,1
2.0,heavy rains &  flash foods,Kathua,Jammu and Kashmir,IMD,7.0,,2022.0,7.0,30.0,0,2022.0,7.0,30.0,3.0,-0.4999999999999997,-0.8660254037844388,0,Flash Flood,1,1,1
1.0,heavy rain & flash floods,Kathua,Jammu and Kashmir,IMD,7.0,,2022.0,7.0,31.0,0,2022.0,7.0,31.0,3.0,-0.4999999999999997,-0.8660254037844388,0,Flash Flood,1,1,1
1.0,landslide,Rajouri,Jammu and Kashmir,IMD,12.0,,2022.0,8.0,7.0,0,2022.0,8.0,7.0,3.0,-0.8660254037844385,-0.5000000000000004,0,Landslide,1,1,1
1.0,heavy rain,Reasi,Jammu and Kashmir,IMD,627.0,,2022.0,8.0,8.0,0,2022.0,8.0,8.0,3.0,-0.8660254037844385,-0.5000000000000004,0,Heavy Rain,1,1,1
1.0,heavy rain & flash floods,Ramban,Jammu and Kashmir,IMD,621.0,,2022.0,8.0,11.0,0,2022.0,8.0,11.0,3.0,-0.8660254037844385,-0.5000000000000004,0,Flash Flood,1,1,1
1.0,heavy rain & flash floods,Samba,Jammu and Kashmir,IMD,624.0,,2022.0,8.0,11.0,0,2022.0,8.0,11.0,3.0,-0.8660254037844385,-0.5000000000000004,0,Flash Flood,1,1,1
1.0,landslide,Udhampur,Jammu and Kashmir,IMD,14.0,,2022.0,8.0,20.0,0,2022.0,8.0,20.0,3.0,-0.8660254037844385,-0.5000000000000004,0,Landslide,1,1,1
1.0,landslide,Doda,Jammu and Kashmir,IMD,461.0,,2022.0,11.0,15.0,0,2022.0,11.0,15.0,4.0,-0.5000000000000004,0.8660254037844384,0,Landslide,1,1,1
1.0,massive landslide,Tawang,Arunachal Pradesh,IMD,238.0,12.0,2023.0,3.0,27.0,0,2023.0,3.0,27.0,1.0,1.0,6.123233995736766e-17,0,Landslide,1,1,1
1.0,"heavy rains, floods & landslides",Upper Siang,Arunachal Pradesh,IMD,240.0,12.0,2023.0,6.0,19.0,0,2023.0,6.0,19.0,2.0,1.2246467991473532e-16,-1.0,0,Landslide,1,1,1
1.0,"heavy rains, floods & landslides",Upper Siang,Arunachal Pradesh,IMD,240.0,12.0,2023.0,6.0,23.0,0,2023.0,6.0,23.0,2.0,1.2246467991473532e-16,-1.0,0,Landslide,1,1,1
1.0,heavy rains,Kamrup,Assam,IMD,291.0,18.0,2023.0,6.0,17.0,0,2023.0,6.0,17.0,2.0,1.2246467991473532e-16,-1.0,0,Heavy Rain,1,1,1
1.0,heavy rains & floods,Baksa,Assam,IMD,616.0,18.0,2023.0,6.0,21.0,0,2023.0,6.0,21.0,2.0,1.2246467991473532e-16,-1.0,0,Heavy Rain,1,1,1
1.0,heavy rains & floods,Nalbari,Assam,IMD,298.0,18.0,2023.0,6.0,22.0,0,2023.0,6.0,22.0,2.0,1.2246467991473532e-16,-1.0,0,Heavy Rain,1,1,1
1.0,heavy rains & floods,Nalbari,Assam,IMD,298.0,18.0,2023.0,6.0,23.0,0,2023.0,6.0,23.0,2.0,1.2246467991473532e-16,-1.0,0,Heavy Rain,1,1,1
1.0,heavy rains & floods,Barpeta,Assam,IMD,280.0,18.0,2023.0,6.0,25.0,0,2023.0,6.0,25.0,2.0,1.2246467991473532e-16,-1.0,0,Heavy Rain,1,1,1
1.0,heavy rains & floods,Barpeta,Assam,IMD,280.0,18.0,2023.0,6.0,26.0,0,2023.0,6.0,26.0,2.0,1.2246467991473532e-16,-1.0,0,Heavy Rain,1,1,1
1.0,heavy rains & floods,Goalpara,Assam,IMD,287.0,18.0,2023.0,6.0,27.0,0,2023.0,6.0,27.0,2.0,1.2246467991473532e-16,-1.0,0,Heavy Rain,1,1,1
1.0,heavy rains & floods,Sivasagar,Assam,IMD,300.0,18.0,2023.0,7.0,16.0,0,2023.0,7.0,16.0,3.0,-0.4999999999999997,-0.8660254037844388,0,Heavy Rain,1,1,1
1.0,heavy rains & floods,Sivasagar,Assam,IMD,300.0,18.0,2023.0,7.0,18.0,0,2023.0,7.0,18.0,3.0,-0.4999999999999997,-0.8660254037844388,0,Heavy Rain,1,1,1
1.0,heavy rains & floods,Golaghat,Assam,IMD,288.0,18.0,2023.0,8.0,7.0,0,2023.0,8.0,7.0,3.0,-0.8660254037844385,-0.5000000000000004,0,Heavy Rain,1,1,1
1.0,heavy rains & floods,Dibrugarh,Assam,IMD,286.0,18.0,2023.0,8.0,10.0,0,2023.0,8.0,10.0,3.0,-0.8660254037844385,-0.5000000000000004,0,Heavy Rain,1,1,1
1.0,heavy rains & floods,Sivasagar,Assam,IMD,300.0,18.0,2023.0,8.0,12.0,0,2023.0,8.0,12.0,3.0,-0.8660254037844385,-0.5000000000000004,0,Heavy Rain,1,1,1
1.0,heavy rains & floods,Sonitpur,Assam,IMD,301.0,18.0,2023.0,8.0,13.0,0,2023.0,8.0,13.0,3.0,-0.8660254037844385,-0.5000000000000004,0,Heavy Rain,1,1,1
1.0,heavy rains & floods,Sivasagar,Assam,IMD,300.0,18.0,2023.0,8.0,27.0,0,2023.0,8.0,27.0,3.0,-0.8660254037844385,-0.5000000000000004,0,Heavy Rain,1,1,1
1.0,heavy rains & floods,Golaghat,Assam,IMD,288.0,18.0,2023.0,8.0,30.0,0,2023.0,8.0,30.0,3.0,-0.8660254037844385,-0.5000000000000004,0,Heavy Rain,1,1,1
1.0,heavy rains & floods,Darrang,Assam,IMD,283.0,18.0,2023.0,9.0,1.0,0,2023.0,9.0,1.0,3.0,-1.0,-1.8369701987210297e-16,0,Heavy Rain,1,1,1
1.0,heavy rains,Munger,Bihar,IMD,207.0,10.0,2023.0,7.0,4.0,0,2023.0,7.0,4.0,3.0,-0.4999999999999997,-0.8660254037844388,0,Heavy Rain,1,1,1
1.0,heavy rains,Korea,Chhattisgarh,IMD,384.0,22.0,2023.0,6.0,26.0,0,2023.0,6.0,26.0,2.0,1.2246467991473532e-16,-1.0,0,Heavy Rain,1,1,1
1.0,unseasonal heavy rains,Dahod,Gujarat,IMD,445.0,24.0,2023.0,3.0,17.0,0,2023.0,3.0,17.0,1.0,1.0,6.123233995736766e-17,0,Heavy Rain,1,1,1
3.0,,Navsari,Gujarat,IMD,453.0,24.0,2023.0,7.0,21.0,0,2023.0,7.0,21.0,3.0,-0.4999999999999997,-0.8660254037844388,0,Other,1,1,1
4.0,heavy rains & floods,,Haryana,IMD,,6.0,2023.0,7.0,8.0,0,2023.0,7.0,8.0,3.0,-0.4999999999999997,-0.8660254037844388,0,Heavy Rain,1,0,1
2.0,heavy rains & floods,Hamirpur,Himachal Pradesh,IMD,17.0,2.0,2023.0,6.0,24.0,0,2023.0,6.0,24.0,2.0,1.2246467991473532e-16,-1.0,0,Heavy Rain,1,1,1
2.0,heavy rains & floods,Shimla,Himachal Pradesh,IMD,23.0,2.0,2023.0,6.0,24.0,0,2023.0,6.0,24.0,2.0,1.2246467991473532e-16,-1.0,0,Heavy Rain,1,1,1
2.0,heavy rains & floods,Parts of Himachal Pradesh,Himachal Pradesh,IMD,,2.0,2023.0,6.0,24.0,0,2023.0,6.0,24.0,2.0,1.2246467991473532e-16,-1.0,0,Heavy Rain,1,1,1
1.0,heavy rains,"Sirmaur,",Himachal Pradesh,IMD,,2.0,2023.0,7.0,6.0,0,2023.0,7.0,6.0,3.0,-0.4999999999999997,-0.8660254037844388,0,Heavy Rain,1,1,1
3.0,"heavy rains,  floods & landslides",& Parts of Himachal Pradesh,Himachal Pradesh,IMD,,2.0,2023.0,7.0,9.0,1,2023.0,7.0,9.0,3.0,-0.4999999999999997,-0.8660254037844388,0,Landslide,1,1,1
3.0,"heavy rains,  floods & landslides",Chamba,Himachal Pradesh,IMD,16.0,2.0,2023.0,7.0,9.0,0,2023.0,7.0,9.0,3.0,-0.4999999999999997,-0.8660254037844388,0,Landslide,1,1,1
3.0,"heavy rains,  floods & landslides",Kullu,Himachal Pradesh,IMD,20.0,2.0,2023.0,7.0,9.0,0,2023.0,7.0,9.0,3.0,-0.4999999999999997,-0.8660254037844388,0,Landslide,1,1,1
3.0,"heavy rains,  floods & landslides",Shimla,Himachal Pradesh,IMD,23.0,2.0,2023.0,7.0,9.0,1,2023.0,7.0,9.0,3.0,-0.4999999999999997,-0.8660254037844388,0,Landslide,1,1,1
1.0,heavy rains,Kullu,Himachal Pradesh,IMD,20.0,2.0,2023.0,7.0,16.0,0,2023.0,7.0,16.0,3.0,-0.4999999999999997,-0.8660254037844388,0,Heavy Rain,1,1,1
1.0,heavy rains,Shimla,Himachal Pradesh,IMD,23.0,2.0,2023.0,7.0,18.0,0,2023.0,7.0,18.0,3.0,-0.4999999999999997,-0.8660254037844388,0,Heavy Rain,1,1,1
1.0,landslide,Shimla,Himachal Pradesh,IMD,23.0,2.0,2023.0,7.0,22.0,0,2023.0,7.0,22.0,3.0,-0.4999999999999997,-0.8660254037844388,0,Landslide,1,1,1
1.0,heavy rains & flash  floods,Shimla,Himachal Pradesh,IMD,23.0,2.0,2023.0,7.0,22.0,0,2023.0,7.0,22.0,3.0,-0.4999999999999997,-0.8660254037844388,0,Flash Flood,1,1,1
1.0,heavy rains,Sirmaur,Himachal Pradesh,IMD,24.0,2.0,2023.0,8.0,9.0,0,2023.0,8.0,9.0,3.0,-0.8660254037844385,-0.5000000000000004,0,Heavy Rain,1,1,1
1.0,landslide,Chamba,Himachal Pradesh,IMD,16.0,2.0,2023.0,8.0,11.0,0,2023.0,8.0,11.0,3.0,-0.8660254037844385,-0.5000000000000004,0,Landslide,1,1,1
1.0,"heavy rains, cloud burst,  floods",Hamirpur,Himachal Pradesh,IMD,17.0,2.0,2023.0,8.0,13.0,0,2023.0,8.0,13.0,3.0,-0.8660254037844385,-0.5000000000000004,0,Heavy Rain,1,1,1
1.0,"heavy rains, cloud burst,  floods",Kangra,Himachal Pradesh,IMD,18.0,2.0,2023.0,8.0,13.0,0,2023.0,8.0,13.0,3.0,-0.8660254037844385,-0.5000000000000004,0,Heavy Rain,1,1,1
1.0,"heavy rains, cloud burst,  floods",Sirmaur,Himachal Pradesh,IMD,24.0,2.0,2023.0,8.0,13.0,0,2023.0,8.0,13.0,3.0,-0.8660254037844385,-0.5000000000000004,0,Heavy Rain,1,1,1
1.0,"heavy rains, cloud burst,  floods",Solan,Himachal Pradesh,IMD,25.0,2.0,2023.0,8.0,13.0,0,2023.0,8.0,13.0,3.0,-0.8660254037844385,-0.5000000000000004,0,Heavy Rain,1,1,1
1.0,landslides,Hamirpur,Himachal Pradesh,IMD,17.0,2.0,2023.0,8.0,13.0,0,2023.0,8.0,13.0,3.0,-0.8660254037844385,-0.5000000000000004,0,Landslide,1,1,1
1.0,landslides,Solan,Himachal Pradesh,IMD,25.0,2.0,2023.0,8.0,13.0,0,2023.0,8.0,13.0,3.0,-0.8660254037844385,-0.5000000000000004,0,Landslide,1,1,1
1.0,landslides,Mandi,Himachal Pradesh,IMD,22.0,2.0,2023.0,8.0,13.0,1,2023.0,8.0,13.0,3.0,-0.8660254037844385,-0.5000000000000004,0,Landslide,1,1,1
1.0,landslides,Shimla,Himachal Pradesh,IMD,23.0,2.0,2023.0,8.0,14.0,1,2023.0,8.0,14.0,3.0,-0.8660254037844385,-0.5000000000000004,0,Landslide,1,1,1
1.0,landslide,Mandi,Himachal Pradesh,IMD,22.0,2.0,2023.0,8.0,14.0,0,2023.0,8.0,14.0,3.0,-0.8660254037844385,-0.5000000000000004,0,Landslide,1,1,1
1.0,landslide,Shimla,Himachal Pradesh,IMD,23.0,2.0,2023.0,8.0,15.0,0,2023.0,8.0,15.0,3.0,-0.8660254037844385,-0.5000000000000004,0,Landslide,1,1,1
1.0,landslides,Mandi,Himachal Pradesh,IMD,22.0,2.0,2023.0,8.0,23.0,0,2023.0,8.0,23.0,3.0,-0.8660254037844385,-0.5000000000000004,0,Landslide,1,1,1
1.0,landslide,Shimla,Himachal Pradesh,IMD,23.0,2.0,2023.0,8.0,23.0,0,2023.0,8.0,23.0,3.0,-0.8660254037844385,-0.5000000000000004,0,Landslide,1,1,1
1.0,heavy rains & floods,Bengaluru Rural,Karnataka,IMD,526.0,29.0,2023.0,5.0,21.0,0,2023.0,5.0,21.0,2.0,0.49999999999999994,-0.8660254037844387,0,Heavy Rain,1,1,1
1.0,heavy rains,Dakshina Kannada,Karnataka,IMD,534.0,29.0,2023.0,7.0,5.0,0,2023.0,7.0,5.0,3.0,-0.4999999999999997,-0.8660254037844388,0,Heavy Rain,1,1,1
1.0,heavy rains & floods,Udupi,Karnataka,IMD,549.0,29.0,2023.0,7.0,23.0,0,2023.0,7.0,23.0,3.0,-0.4999999999999997,-0.8660254037844388,0,Heavy Rain,1,1,1
1.0,heavy rains & floods,Dakshina Kannada,Karnataka,IMD,534.0,29.0,2023.0,7.0,25.0,0,2023.0,7.0,25.0,3.0,-0.4999999999999997,-0.8660254037844388,0,Heavy Rain,1,1,1
5.0,heavy rains & floods,,Kerala,IMD,,32.0,2023.0,7.0,3.0,1,2023.0,7.0,3.0,3.0,-0.4999999999999997,-0.8660254037844388,0,Heavy Rain,1,0,1
1.0,heavy rains & floods (nilambur river),Malappuram,Kerala,IMD,562.0,32.0,2023.0,7.0,10.0,0,2023.0,7.0,10.0,3.0,-0.4999999999999997,-0.8660254037844388,0,River/Water System,1,1,1
1.0,heavy rains & floods,Thrissur,Kerala,IMD,566.0,32.0,2023.0,7.0,23.0,0,2023.0,7.0,23.0,3.0,-0.4999999999999997,-0.8660254037844388,0,Heavy Rain,1,1,1
1.0,heavy rains & floods,Wayanad,Kerala,IMD,567.0,32.0,2023.0,7.0,23.0,0,2023.0,7.0,23.0,3.0,-0.4999999999999997,-0.8660254037844388,0,Heavy Rain,1,1,1
1.0,heavy rains & floods,Ashoknagar,Madhya Pradesh,IMD,391.0,23.0,2023.0,8.0,21.0,0,2023.0,8.0,21.0,3.0,-0.8660254037844385,-0.5000000000000004,0,Heavy Rain,1,1,1
1.0,heavy rains & floods,Bhopal,Madhya Pradesh,IMD,396.0,23.0,2023.0,8.0,21.0,0,2023.0,8.0,21.0,3.0,-0.8660254037844385,-0.5000000000000004,0,Heavy Rain,1,1,1
,updated report not yet received,Barwani,Madhya Pradesh,IMD,393.0,23.0,,,,0,,,,,,,0,Other,1,1,1
1.0,heavy rains,Indore,Madhya Pradesh,IMD,410.0,23.0,2023.0,7.0,1.0,0,2023.0,7.0,1.0,3.0,-0.4999999999999997,-0.8660254037844388,0,Heavy Rain,1,1,1
1.0,heavy rains,Umaria,Madhya Pradesh,IMD,436.0,23.0,2023.0,7.0,2.0,0,2023.0,7.0,2.0,3.0,-0.4999999999999997,-0.8660254037844388,0,Heavy Rain,1,1,1
1.0,heavy rains,Indore,Madhya Pradesh,IMD,410.0,23.0,2023.0,7.0,10.0,0,2023.0,7.0,10.0,3.0,-0.4999999999999997,-0.8660254037844388,0,Heavy Rain,1,1,1
1.0,heavy rains,Alirajpur,Madhya Pradesh,IMD,639.0,23.0,2023.0,7.0,30.0,0,2023.0,7.0,30.0,3.0,-0.4999999999999997,-0.8660254037844388,0,Heavy Rain,1,1,1
1.0,flash floods triggered by torrential rain,Nashik,Maharashtra,IMD,487.0,27.0,2023.0,4.0,9.0,0,2023.0,4.0,9.0,2.0,0.8660254037844387,-0.4999999999999998,0,Flash Flood,1,1,1
1.0,heavy rain,Nanded,Maharashtra,IMD,485.0,27.0,2023.0,4.0,28.0,0,2023.0,4.0,28.0,2.0,0.8660254037844387,-0.4999999999999998,0,Heavy Rain,1,1,1
1.0,heavy rains & floods,Mumbai,Maharashtra,IMD,482.0,27.0,2023.0,6.0,28.0,0,2023.0,6.0,28.0,2.0,1.2246467991473532e-16,-1.0,0,Heavy Rain,1,1,1
1.0,heavy rains & floods,Mumbai Suburban,Maharashtra,IMD,483.0,27.0,2023.0,6.0,28.0,0,2023.0,6.0,28.0,2.0,1.2246467991473532e-16,-1.0,0,Heavy Rain,1,1,1
1.0,heavy rains & floods,Palghar,Maharashtra,IMD,665.0,27.0,2023.0,6.0,28.0,0,2023.0,6.0,28.0,2.0,1.2246467991473532e-16,-1.0,0,Heavy Rain,1,1,1
1.0,heavy rains & floods,Thane,Maharashtra,IMD,497.0,27.0,2023.0,6.0,28.0,0,2023.0,6.0,28.0,2.0,1.2246467991473532e-16,-1.0,0,Heavy Rain,1,1,1
1.0,heavy rains,Mumbai,Maharashtra,IMD,482.0,27.0,2023.0,6.0,29.0,0,2023.0,6.0,29.0,2.0,1.2246467991473532e-16,-1.0,0,Heavy Rain,1,1,1
1.0,heavy rains & floods,Akola,Maharashtra,IMD,467.0,27.0,2023.0,7.0,12.0,0,2023.0,7.0,12.0,3.0,-0.4999999999999997,-0.8660254037844388,0,Heavy Rain,1,1,1
1.0,heavy rains & floods,Buldhana,Maharashtra,IMD,472.0,27.0,2023.0,7.0,19.0,0,2023.0,7.0,19.0,3.0,-0.4999999999999997,-0.8660254037844388,0,Heavy Rain,1,1,1
1.0,heavy rains & floods,Gadchiroli,Maharashtra,IMD,475.0,27.0,2023.0,7.0,19.0,0,2023.0,7.0,19.0,3.0,-0.4999999999999997,-0.8660254037844388,0,Heavy Rain,1,1,1
1.0,heavy rains & floods,Thane,Maharashtra,IMD,497.0,27.0,2023.0,7.0,19.0,0,2023.0,7.0,19.0,3.0,-0.4999999999999997,-0.8660254037844388,0,Heavy Rain,1,1,1
1.0,heavy rains & floods,Washim,Maharashtra,IMD,499.0,27.0,2023.0,7.0,19.0,0,2023.0,7.0,19.0,3.0,-0.4999999999999997,-0.8660254037844388,0,Heavy Rain,1,1,1
1.0,massive landslide,Raigarh,Maharashtra,IMD,386.0,27.0,2023.0,7.0,19.0,1,2023.0,7.0,19.0,3.0,-0.4999999999999997,-0.8660254037844388,0,Landslide,1,1,1
1.0,heavy rains & floods,Mumbai Suburban,Maharashtra,IMD,483.0,27.0,2023.0,7.0,20.0,0,2023.0,7.0,20.0,3.0,-0.4999999999999997,-0.8660254037844388,0,Heavy Rain,1,1,1
1.0,heavy rains & floods,Thane,Maharashtra,IMD,497.0,27.0,2023.0,7.0,20.0,0,2023.0,7.0,20.0,3.0,-0.4999999999999997,-0.8660254037844388,0,Heavy Rain,1,1,1
2.0,heavy rains & floods,Akola,Maharashtra,IMD,467.0,27.0,2023.0,7.0,21.0,0,2023.0,7.0,21.0,3.0,-0.4999999999999997,-0.8660254037844388,0,Heavy Rain,1,1,1
2.0,heavy rains & floods,Amravati,Maharashtra,IMD,468.0,27.0,2023.0,7.0,21.0,0,2023.0,7.0,21.0,3.0,-0.4999999999999997,-0.8660254037844388,0,Heavy Rain,1,1,1
2.0,heavy rains & floods,Buldhana,Maharashtra,IMD,472.0,27.0,2023.0,7.0,21.0,0,2023.0,7.0,21.0,3.0,-0.4999999999999997,-0.8660254037844388,0,Heavy Rain,1,1,1
2.0,heavy rains & floods,Thane,Maharashtra,IMD,497.0,27.0,2023.0,7.0,21.0,0,2023.0,7.0,21.0,3.0,-0.4999999999999997,-0.8660254037844388,0,Heavy Rain,1,1,1
2.0,heavy rains & floods,Wardha,Maharashtra,IMD,498.0,27.0,2023.0,7.0,21.0,0,2023.0,7.0,21.0,3.0,-0.4999999999999997,-0.8660254037844388,0,Heavy Rain,1,1,1
2.0,heavy rains & floods,Yavatmal,Maharashtra,IMD,500.0,27.0,2023.0,7.0,21.0,0,2023.0,7.0,21.0,3.0,-0.4999999999999997,-0.8660254037844388,0,Heavy Rain,1,1,1
1.0,heavy rains & floods,Ratnagiri,Maharashtra,IMD,492.0,27.0,2023.0,7.0,26.0,0,2023.0,7.0,26.0,3.0,-0.4999999999999997,-0.8660254037844388,0,Heavy Rain,1,1,1
1.0,heavy rains & floods,Buldhana,Maharashtra,IMD,472.0,27.0,2023.0,7.0,27.0,0,2023.0,7.0,27.0,3.0,-0.4999999999999997,-0.8660254037844388,0,Heavy Rain,1,1,1
1.0,heavy rains & floods,Kolhapur,Maharashtra,IMD,480.0,27.0,2023.0,7.0,27.0,0,2023.0,7.0,27.0,3.0,-0.4999999999999997,-0.8660254037844388,0,Heavy Rain,1,1,1
1.0,heavy rains & floods,Nagpur,Maharashtra,IMD,484.0,27.0,2023.0,7.0,27.0,0,2023.0,7.0,27.0,3.0,-0.4999999999999997,-0.8660254037844388,0,Heavy Rain,1,1,1
1.0,heavy rains & floods,Nanded,Maharashtra,IMD,485.0,27.0,2023.0,7.0,27.0,0,2023.0,7.0,27.0,3.0,-0.4999999999999997,-0.8660254037844388,0,Heavy Rain,1,1,1
1.0,heavy rains & floods,Sindhudurg,Maharashtra,IMD,495.0,27.0,2023.0,7.0,27.0,0,2023.0,7.0,27.0,3.0,-0.4999999999999997,-0.8660254037844388,0,Heavy Rain,1,1,1
1.0,heavy rains & floods,Thane,Maharashtra,IMD,497.0,27.0,2023.0,7.0,27.0,0,2023.0,7.0,27.0,3.0,-0.4999999999999997,-0.8660254037844388,0,Heavy Rain,1,1,1
1.0,heavy rains,Gondia,Maharashtra,IMD,476.0,27.0,2023.0,8.0,19.0,0,2023.0,8.0,19.0,3.0,-0.8660254037844385,-0.5000000000000004,0,Heavy Rain,1,1,1
1.0,landslide,West Khasi Hills,Meghalaya,IMD,740.0,17.0,2023.0,6.0,3.0,0,2023.0,6.0,3.0,2.0,1.2246467991473532e-16,-1.0,0,Landslide,1,1,1
1.0,heavy rains & floods,Ri Bhoi,Meghalaya,IMD,276.0,17.0,2023.0,6.0,11.0,0,2023.0,6.0,11.0,2.0,1.2246467991473532e-16,-1.0,0,Heavy Rain,1,1,1
1.0,heavy rains & floods,Ri Bhoi,Meghalaya,IMD,276.0,17.0,2023.0,6.0,16.0,0,2023.0,6.0,16.0,2.0,1.2246467991473532e-16,-1.0,0,Heavy Rain,1,1,1
1.0,mudslide,West Khasi Hills,Meghalaya,IMD,740.0,17.0,2023.0,6.0,17.0,0,2023.0,6.0,17.0,2.0,1.2246467991473532e-16,-1.0,0,Other,1,1,1
1.0,heavy rains & floods,West Khasi Hills,Meghalaya,IMD,740.0,17.0,2023.0,6.0,17.0,0,2023.0,6.0,17.0,2.0,1.2246467991473532e-16,-1.0,0,Heavy Rain,1,1,1
1.0,massive landslide,Aizawl,Mizoram,IMD,261.0,15.0,2023.0,5.0,6.0,0,2023.0,5.0,6.0,2.0,0.49999999999999994,-0.8660254037844387,0,Landslide,1,1,1
2.0,heavy rains & floods,Baleshwar,Odisha,IMD,346.0,21.0,2023.0,8.0,20.0,0,2023.0,8.0,20.0,3.0,-0.8660254037844385,-0.5000000000000004,0,Heavy Rain,1,1,1
2.0,heavy rains & floods,Kendujhar,Odisha,IMD,361.0,21.0,2023.0,8.0,20.0,0,2023.0,8.0,20.0,3.0,-0.8660254037844385,-0.5000000000000004,0,Heavy Rain,1,1,1
2.0,heavy rains & floods,Mayurbhanj,Odisha,IMD,365.0,21.0,2023.0,8.0,20.0,0,2023.0,8.0,20.0,3.0,-0.8660254037844385,-0.5000000000000004,0,Heavy Rain,1,1,1
7.0,heavy rains & floods,"Gurdaspur, Hoshiarpur, Amritsar, Jalandhar, Tarn Taran, Rupnagar, Shahid Bhagat Singh Nagar, Fazilka, Moga, Ludhiana, S.A.S Nagar*, Faridkot, Fatehgarh Sahib, Sri Sri Muktsar Sahib Sahib, Sangrur, Barnala, Bathinda, Patiala, Mansa, Ferozepur, Pathankot, Kapurthala",Punjab,IMD,,3.0,2023.0,7.0,5.0,0,2023.0,7.0,5.0,3.0,-0.4999999999999997,-0.8660254037844388,1,Heavy Rain,1,22,1
7.0,heavy rains & floods,Patiala,Punjab,IMD,41.0,3.0,2023.0,7.0,5.0,0,2023.0,7.0,5.0,3.0,-0.4999999999999997,-0.8660254037844388,1,Heavy Rain,1,1,1
1.0,heavy rains & flood,Jodhpur,Rajasthan,IMD,107.0,8.0,2023.0,6.0,18.0,0,2023.0,6.0,18.0,2.0,1.2246467991473532e-16,-1.0,0,Heavy Rain,1,1,1
1.0,heavy rains & flood,Rajsamand,Rajasthan,IMD,112.0,8.0,2023.0,6.0,18.0,0,2023.0,6.0,18.0,2.0,1.2246467991473532e-16,-1.0,0,Heavy Rain,1,1,1
1.0,heavy rains & flood,Ajmer,Rajasthan,IMD,86.0,8.0,2023.0,6.0,19.0,0,2023.0,6.0,19.0,2.0,1.2246467991473532e-16,-1.0,0,Heavy Rain,1,1,1
1.0,heavy rains & flood,Dholpur,Rajasthan,IMD,98.0,8.0,2023.0,6.0,19.0,0,2023.0,6.0,19.0,2.0,1.2246467991473532e-16,-1.0,0,Heavy Rain,1,1,1
1.0,heavy rains & flood,Jodhpur,Rajasthan,IMD,107.0,8.0,2023.0,6.0,19.0,0,2023.0,6.0,19.0,2.0,1.2246467991473532e-16,-1.0,0,Heavy Rain,1,1,1
1.0,heavy rains & flood,Rajsamand,Rajasthan,IMD,112.0,8.0,2023.0,6.0,19.0,0,2023.0,6.0,19.0,2.0,1.2246467991473532e-16,-1.0,0,Heavy Rain,1,1,1
1.0,heavy rains & flood,Jaloree,Rajasthan,IMD,,8.0,2023.0,6.0,20.0,0,2023.0,6.0,20.0,2.0,1.2246467991473532e-16,-1.0,0,Heavy Rain,1,1,1
1.0,heavy rains & flood,Jaloree,Rajasthan,IMD,,8.0,2023.0,6.0,21.0,0,2023.0,6.0,21.0,2.0,1.2246467991473532e-16,-1.0,0,Heavy Rain,1,1,1
1.0,heavy rains & flood,Pali,Rajasthan,IMD,111.0,8.0,2023.0,6.0,21.0,0,2023.0,6.0,21.0,2.0,1.2246467991473532e-16,-1.0,0,Heavy Rain,1,1,1
1.0,heavy rains,Udaipur,Rajasthan,IMD,117.0,8.0,2023.0,6.0,26.0,0,2023.0,6.0,26.0,2.0,1.2246467991473532e-16,-1.0,0,Heavy Rain,1,1,1
1.0,heavy rains,Sikar,Rajasthan,IMD,114.0,8.0,2023.0,6.0,27.0,0,2023.0,6.0,27.0,2.0,1.2246467991473532e-16,-1.0,0,Heavy Rain,1,1,1
1.0,heavy rains,Udaipur,Rajasthan,IMD,117.0,8.0,2023.0,7.0,7.0,0,2023.0,7.0,7.0,3.0,-0.4999999999999997,-0.8660254037844388,0,Heavy Rain,1,1,1
1.0,heavy rains,Bikaner,Rajasthan,IMD,93.0,8.0,2023.0,7.0,20.0,0,2023.0,7.0,20.0,3.0,-0.4999999999999997,-0.8660254037844388,0,Heavy Rain,1,1,1
1.0,heavy rains,Sirohi,Rajasthan,IMD,115.0,8.0,2023.0,7.0,24.0,0,2023.0,7.0,24.0,3.0,-0.4999999999999997,-0.8660254037844388,0,Heavy Rain,1,1,1
1.0,heavy rains,Udaipur,Rajasthan,IMD,117.0,8.0,2023.0,7.0,24.0,0,2023.0,7.0,24.0,3.0,-0.4999999999999997,-0.8660254037844388,0,Heavy Rain,1,1,1
1.0,heavy rains,Bikaner,Rajasthan,IMD,93.0,8.0,2023.0,7.0,26.0,0,2023.0,7.0,26.0,3.0,-0.4999999999999997,-0.8660254037844388,0,Heavy Rain,1,1,1
1.0,heavy rains,Kota,Rajasthan,IMD,109.0,8.0,2023.0,7.0,20.0,0,2023.0,7.0,20.0,3.0,-0.4999999999999997,-0.8660254037844388,0,Heavy Rain,1,1,1
1.0,heavy rains,Sirohi,Rajasthan,IMD,115.0,8.0,2023.0,7.0,30.0,0,2023.0,7.0,30.0,3.0,-0.4999999999999997,-0.8660254037844388,0,Heavy Rain,1,1,1
1.0,heavy rains,Udaipur,Rajasthan,IMD,117.0,8.0,2023.0,7.0,30.0,0,2023.0,7.0,30.0,3.0,-0.4999999999999997,-0.8660254037844388,0,Heavy Rain,1,1,1
1.0,heavy rains & floods,Ajmer,Rajasthan,IMD,86.0,8.0,2023.0,7.0,9.0,0,2023.0,7.0,9.0,3.0,-0.4999999999999997,-0.8660254037844388,0,Heavy Rain,1,1,1
1.0,heavy rains & floods,Jaipur,Rajasthan,IMD,102.0,8.0,2023.0,7.0,9.0,0,2023.0,7.0,9.0,3.0,-0.4999999999999997,-0.8660254037844388,0,Heavy Rain,1,1,1
1.0,heavy rains & floods,Nagaur,Rajasthan,IMD,110.0,8.0,2023.0,7.0,9.0,0,2023.0,7.0,9.0,3.0,-0.4999999999999997,-0.8660254037844388,0,Heavy Rain,1,1,1
1.0,heavy rains & floods,Sawai Madhopur,Rajasthan,IMD,113.0,8.0,2023.0,7.0,9.0,0,2023.0,7.0,9.0,3.0,-0.4999999999999997,-0.8660254037844388,0,Heavy Rain,1,1,1
1.0,heavy rains & floods,Tonk,Rajasthan,IMD,116.0,8.0,2023.0,7.0,9.0,0,2023.0,7.0,9.0,3.0,-0.4999999999999997,-0.8660254037844388,0,Heavy Rain,1,1,1
1.0,heavy rains & flood (karmvachhni river),Pratapgarh,Rajasthan,IMD,629.0,8.0,2023.0,7.0,10.0,0,2023.0,7.0,10.0,3.0,-0.4999999999999997,-0.8660254037844388,0,River/Water System,1,1,1
1.0,unprecedented heavy rain,Gyalshing,Sikkim,IMD,228.0,11.0,2023.0,6.0,15.0,0,2023.0,6.0,15.0,2.0,1.2246467991473532e-16,-1.0,0,Heavy Rain,1,1,1
8.0,unprecedented heavy rains & floods,Bhadradri Kothagudem,Telangana,IMD,690.0,36.0,2023.0,7.0,22.0,0,2023.0,7.0,22.0,3.0,-0.4999999999999997,-0.8660254037844388,1,Heavy Rain,1,1,1
8.0,unprecedented heavy rains & floods,"Warangal, Warangal, Warangal, Warangal",Telangana,IMD,,36.0,2023.0,7.0,22.0,0,2023.0,7.0,22.0,3.0,-0.4999999999999997,-0.8660254037844388,1,Heavy Rain,1,4,1
8.0,unprecedented heavy rains & floods,Jayashankar Bhupalapally,Telangana,IMD,687.0,36.0,2023.0,7.0,22.0,0,2023.0,7.0,22.0,3.0,-0.4999999999999997,-0.8660254037844388,1,Heavy Rain,1,1,1
8.0,unprecedented heavy rains & floods,Khammam,Telangana,IMD,509.0,36.0,2023.0,7.0,22.0,0,2023.0,7.0,22.0,3.0,-0.4999999999999997,-0.8660254037844388,1,Heavy Rain,1,1,1
8.0,unprecedented heavy rains & floods,Mahabubabad,Telangana,IMD,688.0,36.0,2023.0,7.0,22.0,0,2023.0,7.0,22.0,3.0,-0.4999999999999997,-0.8660254037844388,1,Heavy Rain,1,1,1
8.0,unprecedented heavy rains & floods,Mahabubnagar,Telangana,IMD,512.0,36.0,2023.0,7.0,22.0,0,2023.0,7.0,22.0,3.0,-0.4999999999999997,-0.8660254037844388,1,Heavy Rain,1,1,1
8.0,unprecedented heavy rains & floods,Mulugu,Telangana,IMD,720.0,36.0,2023.0,7.0,22.0,1,2023.0,7.0,22.0,3.0,-0.4999999999999997,-0.8660254037844388,1,Heavy Rain,1,1,1
2.0,heavy rains & water from mountains,Sonbhadra,Uttar Pradesh,IMD,184.0,9.0,2023.0,3.0,17.0,0,2023.0,3.0,17.0,1.0,1.0,6.123233995736766e-17,0,Heavy Rain,1,1,1
3.0,heavy rains & floods,Budaun,Uttar Pradesh,IMD,133.0,9.0,2023.0,7.0,7.0,0,2023.0,7.0,7.0,3.0,-0.4999999999999997,-0.8660254037844388,0,Heavy Rain,1,1,1
3.0,heavy rains & floods,Bareilly,Uttar Pradesh,IMD,130.0,9.0,2023.0,7.0,7.0,0,2023.0,7.0,7.0,3.0,-0.4999999999999997,-0.8660254037844388,0,Heavy Rain,1,1,1
3.0,heavy rains & floods,Bareilly,Uttar Pradesh,IMD,130.0,9.0,2023.0,7.0,7.0,0,2023.0,7.0,7.0,3.0,-0.4999999999999997,-0.8660254037844388,0,Heavy Rain,1,1,1
3.0,heavy rains & floods,Sant Kabir Nagar,Uttar Pradesh,IMD,178.0,9.0,2023.0,7.0,7.0,0,2023.0,7.0,7.0,3.0,-0.4999999999999997,-0.8660254037844388,0,Heavy Rain,1,1,1
1.0,heavy rains & floods,Gautam Buddha Nagar,Uttar Pradesh,IMD,144.0,9.0,2023.0,7.0,11.0,0,2023.0,7.0,11.0,3.0,-0.4999999999999997,-0.8660254037844388,0,Heavy Rain,1,1,1
4.0,heavy rains & floods,Bijnor,Uttar Pradesh,IMD,132.0,9.0,2023.0,7.0,12.0,0,2023.0,7.0,12.0,3.0,-0.4999999999999997,-0.8660254037844388,0,Heavy Rain,1,1,1
4.0,heavy rains & floods,Mathura,Uttar Pradesh,IMD,167.0,9.0,2023.0,7.0,12.0,0,2023.0,7.0,12.0,3.0,-0.4999999999999997,-0.8660254037844388,0,Heavy Rain,1,1,1
4.0,heavy rains & floods,Rampur,Uttar Pradesh,IMD,649.0,9.0,2023.0,7.0,12.0,0,2023.0,7.0,12.0,3.0,-0.4999999999999997,-0.8660254037844388,0,Heavy Rain,1,1,1
4.0,heavy rains & floods,& Parts of Uttar Pradesh,Uttar Pradesh,IMD,,9.0,2023.0,7.0,12.0,1,2023.0,7.0,12.0,3.0,-0.4999999999999997,-0.8660254037844388,0,Heavy Rain,1,1,1
1.0,heavy rains & floods,Baghpat,Uttar Pradesh,IMD,124.0,9.0,2023.0,7.0,16.0,0,2023.0,7.0,16.0,3.0,-0.4999999999999997,-0.8660254037844388,0,Heavy Rain,1,1,1
1.0,heavy rains & floods,Balrampur,Uttar Pradesh,IMD,649.0,9.0,2023.0,7.0,16.0,0,2023.0,7.0,16.0,3.0,-0.4999999999999997,-0.8660254037844388,0,Heavy Rain,1,1,1
1.0,heavy rains & floods,Farrukhabad,Uttar Pradesh,IMD,141.0,9.0,2023.0,7.0,16.0,0,2023.0,7.0,16.0,3.0,-0.4999999999999997,-0.8660254037844388,0,Heavy Rain,1,1,1
1.0,heavy rains & floods,Kanpur nagar Nagar,Uttar Pradesh,IMD,,9.0,2023.0,7.0,16.0,0,2023.0,7.0,16.0,3.0,-0.4999999999999997,-0.8660254037844388,0,Heavy Rain,1,1,1
1.0,heavy rains & floods,Amroha,Uttar Pradesh,IMD,154.0,9.0,2023.0,7.0,19.0,0,2023.0,7.0,19.0,3.0,-0.4999999999999997,-0.8660254037844388,0,Heavy Rain,1,1,1
1.0,heavy rains & floods,Farrukhabad,Uttar Pradesh,IMD,141.0,9.0,2023.0,7.0,19.0,0,2023.0,7.0,19.0,3.0,-0.4999999999999997,-0.8660254037844388,0,Heavy Rain,1,1,1
1.0,heavy rains & floods,,Uttar Pradesh,IMD,,9.0,2023.0,7.0,19.0,0,2023.0,7.0,19.0,3.0,-0.4999999999999997,-0.8660254037844388,0,Heavy Rain,1,0,1
1.0,heavy rains,Hathras,Uttar Pradesh,IMD,163.0,9.0,2023.0,8.0,4.0,0,2023.0,8.0,4.0,3.0,-0.8660254037844385,-0.5000000000000004,0,Heavy Rain,1,1,1
1.0,heavy rains,Bareilly,Uttar Pradesh,IMD,130.0,9.0,2023.0,8.0,7.0,0,2023.0,8.0,7.0,3.0,-0.8660254037844385,-0.5000000000000004,0,Heavy Rain,1,1,1
1.0,heavy rains,Rudra Prayag,Uttarakhand,IMD,54.0,5.0,2023.0,6.0,25.0,0,2023.0,6.0,25.0,2.0,1.2246467991473532e-16,-1.0,0,Heavy Rain,1,1,1
1.0,heavy rains,Uttar Kashi Kashi,Uttarakhand,IMD,,5.0,2023.0,6.0,25.0,0,2023.0,6.0,25.0,2.0,1.2246467991473532e-16,-1.0,0,Heavy Rain,1,1,1
1.0,landslide,Dehradun,Uttarakhand,IMD,49.0,5.0,2023.0,7.0,9.0,0,2023.0,7.0,9.0,3.0,-0.4999999999999997,-0.8660254037844388,0,Landslide,1,1,1
1.0,heavy rains,Udam Singh Nagar,Uttarakhand,IMD,56.0,5.0,2023.0,7.0,9.0,0,2023.0,7.0,9.0,3.0,-0.4999999999999997,-0.8660254037844388,0,Heavy Rain,1,1,1
1.0,heavy rains,Uttar Kashi Kashi,Uttarakhand,IMD,,5.0,2023.0,7.0,10.0,0,2023.0,7.0,10.0,3.0,-0.4999999999999997,-0.8660254037844388,0,Heavy Rain,1,1,1
1.0,heavy rains & landslides,Pithoragarh,Uttarakhand,IMD,53.0,5.0,2023.0,7.0,11.0,0,2023.0,7.0,11.0,3.0,-0.4999999999999997,-0.8660254037844388,0,Landslide,1,1,1
1.0,heavy rains & landslides,Rudra Prayag,Uttarakhand,IMD,54.0,5.0,2023.0,7.0,11.0,0,2023.0,7.0,11.0,3.0,-0.4999999999999997,-0.8660254037844388,0,Landslide,1,1,1
1.0,heavy rains & floods,Chamoli,Uttarakhand,IMD,47.0,5.0,2023.0,7.0,16.0,0,2023.0,7.0,16.0,3.0,-0.4999999999999997,-0.8660254037844388,0,Heavy Rain,1,1,1
1.0,massive landslide,Rudra Prayag,Uttarakhand,IMD,54.0,5.0,2023.0,8.0,4.0,1,2023.0,8.0,4.0,3.0,-0.8660254037844385,-0.5000000000000004,0,Landslide,1,1,1
1.0,heavy rains,Tehri Garhwal,Uttarakhand,IMD,55.0,5.0,2023.0,8.0,6.0,0,2023.0,8.0,6.0,3.0,-0.8660254037844385,-0.5000000000000004,0,Heavy Rain,1,1,1
1.0,landslide,Rudra Prayag,Uttarakhand,IMD,54.0,5.0,2023.0,8.0,7.0,0,2023.0,8.0,7.0,3.0,-0.8660254037844385,-0.5000000000000004,0,Landslide,1,1,1
1.0,landslides,Rudra Prayag,Uttarakhand,IMD,54.0,5.0,2023.0,8.0,9.0,0,2023.0,8.0,9.0,3.0,-0.8660254037844385,-0.5000000000000004,0,Landslide,1,1,1
1.0,heavy rains,Garhwal,Uttarakhand,IMD,52.0,5.0,2023.0,8.0,10.0,0,2023.0,8.0,10.0,3.0,-0.8660254037844385,-0.5000000000000004,0,Heavy Rain,1,1,1
1.0,landslide,Rudra Prayag,Uttarakhand,IMD,54.0,5.0,2023.0,8.0,10.0,0,2023.0,8.0,10.0,3.0,-0.8660254037844385,-0.5000000000000004,0,Landslide,1,1,1
1.0,torrential rains & landslides,Dehradun,Uttarakhand,IMD,49.0,5.0,2023.0,8.0,14.0,0,2023.0,8.0,14.0,3.0,-0.8660254037844385,-0.5000000000000004,0,Landslide,1,1,1
1.0,landslide,Tehri Garhwal,Uttarakhand,IMD,55.0,5.0,2023.0,8.0,14.0,0,2023.0,8.0,14.0,3.0,-0.8660254037844385,-0.5000000000000004,0,Landslide,1,1,1
1.0,landslide,Tehri Garhwal,Uttarakhand,IMD,55.0,5.0,2023.0,8.0,21.0,0,2023.0,8.0,21.0,3.0,-0.8660254037844385,-0.5000000000000004,0,Landslide,1,1,1
1.0,heavy rains,Garhwal,Uttarakhand,IMD,52.0,5.0,2023.0,8.0,23.0,0,2023.0,8.0,23.0,3.0,-0.8660254037844385,-0.5000000000000004,0,Heavy Rain,1,1,1
1.0,heavy rains & floods     (kaljani river),North westduar,West Bengal,IMD,,19.0,2023.0,7.0,13.0,0,2023.0,7.0,13.0,3.0,-0.4999999999999997,-0.8660254037844388,0,River/Water System,1,1,1
1.0,heavy rains,Chandigarh,Chandigarh,IMD,44.0,4.0,2023.0,7.0,9.0,0,2023.0,7.0,9.0,3.0,-0.4999999999999997,-0.8660254037844388,0,Heavy Rain,1,1,1
1.0,heavy rains & floods,Dadra And Nagar Haveli,Dadar&Nagar Haveli,IMD,465.0,,2023.0,7.0,21.0,0,2023.0,7.0,21.0,3.0,-0.4999999999999997,-0.8660254037844388,0,Heavy Rain,1,1,1
1.0,heavy rains & floods (yamuna river),North,Delhi,IMD,632.0,7.0,2023.0,7.0,9.0,0,2023.0,7.0,9.0,3.0,-0.4999999999999997,-0.8660254037844388,0,River/Water System,1,1,1
1.0,landslide,Kishtwar,Jammu and Kashmir,IMD,620.0,,2023.0,1.0,15.0,0,2023.0,1.0,15.0,1.0,0.49999999999999994,0.8660254037844387,0,Landslide,1,1,1
1.0,massive landslide,Ramban,Jammu and Kashmir,IMD,621.0,,2023.0,3.0,7.0,0,2023.0,3.0,7.0,1.0,1.0,6.123233995736766e-17,0,Landslide,1,1,1
1.0,cloudburst,Pulwama,Jammu and Kashmir,IMD,11.0,,2023.0,5.0,6.0,0,2023.0,5.0,6.0,2.0,0.49999999999999994,-0.8660254037844387,0,Other,1,1,1
1.0,heavy rains & floods,Poonch,Jammu and Kashmir,IMD,10.0,,2023.0,5.0,23.0,0,2023.0,5.0,23.0,2.0,0.49999999999999994,-0.8660254037844387,0,Heavy Rain,1,1,1
1.0,heavy rains,Kishtwar,Jammu and Kashmir,IMD,620.0,,2023.0,5.0,25.0,0,2023.0,5.0,25.0,2.0,0.49999999999999994,-0.8660254037844387,0,Heavy Rain,1,1,1
1.0,flash  floods,Poonch,Jammu and Kashmir,IMD,10.0,,2023.0,7.0,9.0,0,2023.0,7.0,9.0,3.0,-0.4999999999999997,-0.8660254037844388,0,Flash Flood,1,1,1
1.0,landslide,Doda,Jammu and Kashmir,IMD,461.0,,2023.0,7.0,9.0,0,2023.0,7.0,9.0,3.0,-0.4999999999999997,-0.8660254037844388,0,Landslide,1,1,1
1.0,flash  floods,Kathua,Jammu and Kashmir,IMD,7.0,,2023.0,7.0,15.0,0,2023.0,7.0,15.0,3.0,-0.4999999999999997,-0.8660254037844388,0,Flash Flood,1,1,1
1.0,flash  floods,Poonch,Jammu and Kashmir,IMD,10.0,,2023.0,7.0,15.0,0,2023.0,7.0,15.0,3.0,-0.4999999999999997,-0.8660254037844388,0,Flash Flood,1,1,1
1.0,heavy rains & landslides,Kathua,Jammu and Kashmir,IMD,7.0,,2023.0,7.0,19.0,0,2023.0,7.0,19.0,3.0,-0.4999999999999997,-0.8660254037844388,0,Landslide,1,1,1
1.0,heavy rains & flash  floods,Kupwara,Jammu and Kashmir,IMD,8.0,,2023.0,7.0,23.0,0,2023.0,7.0,23.0,3.0,-0.4999999999999997,-0.8660254037844388,0,Flash Flood,1,1,1
1.0,landslide,Kishtwar,Jammu and Kashmir,IMD,620.0,,2023.0,7.0,25.0,0,2023.0,7.0,25.0,3.0,-0.4999999999999997,-0.8660254037844388,0,Landslide,1,1,1
1.0,heavy rains & mudslide,Udhampur,Jammu and Kashmir,IMD,14.0,,2023.0,7.0,28.0,0,2023.0,7.0,28.0,3.0,-0.4999999999999997,-0.8660254037844388,0,Heavy Rain,1,1,1
1.0,"heavy rains, flash floods landslide",Kathua,Jammu and Kashmir,IMD,7.0,,2023.0,8.0,18.0,0,2023.0,8.0,18.0,3.0,-0.8660254037844385,-0.5000000000000004,0,Landslide,1,1,1
1.0,heavy rains,"Leh ladakh, Kargil",Ladakh,IMD,,37.0,2023.0,7.0,9.0,0,2023.0,7.0,9.0,3.0,-0.4999999999999997,-0.8660254037844388,0,Heavy Rain,1,2,1
1.0,heavy rains,Anand,Gujarat,IMD,440.0,24.0,2023.0,9.0,8.0,0,2023.0,9.0,8.0,3.0,-1.0,-1.8369701987210297e-16,0,Heavy Rain,1,1,1
1.0,heavy rains,Chandrapur,Maharashtra,IMD,473.0,27.0,2023.0,9.0,9.0,0,2023.0,9.0,9.0,3.0,-1.0,-1.8369701987210297e-16,0,Heavy Rain,1,1,1
1.0,landslide,Serchhip,Mizoram,IMD,268.0,15.0,2023.0,9.0,10.0,0,2023.0,9.0,10.0,3.0,-1.0,-1.8369701987210297e-16,0,Landslide,1,1,1
1.0,heavy rains & floods,Chamoli,Uttarakhand,IMD,47.0,5.0,2023.0,8.0,26.0,0,2023.0,8.0,26.0,3.0,-0.8660254037844385,-0.5000000000000004,0,Heavy Rain,1,1,1
1.0,landslide,Ramban,Jammu and Kashmir,IMD,621.0,,2023.0,9.0,12.0,0,2023.0,9.0,12.0,3.0,-1.0,-1.8369701987210297e-16,0,Landslide,1,1,1
1.0,landslide,Gyalshing,Sikkim,IMD,228.0,11.0,2023.0,8.0,25.0,0,2023.0,8.0,25.0,3.0,-0.8660254037844385,-0.5000000000000004,0,Landslide,1,1,1
1.0,landslide,Darjeeling,West Bengal,IMD,309.0,19.0,2023.0,8.0,25.0,0,2023.0,8.0,25.0,3.0,-0.8660254037844385,-0.5000000000000004,0,Landslide,1,1,1
2.0,heavy rains & floods,Deoria,Uttar Pradesh,IMD,137.0,9.0,2023.0,9.0,10.0,0,2023.0,9.0,10.0,3.0,-1.0,-1.8369701987210297e-16,0,Heavy Rain,1,1,1
2.0,heavy rains & floods,Hardoi,Uttar Pradesh,IMD,150.0,9.0,2023.0,9.0,10.0,0,2023.0,9.0,10.0,3.0,-1.0,-1.8369701987210297e-16,0,Heavy Rain,1,1,1
2.0,heavy rains & floods,Kannauj,Uttar Pradesh,IMD,155.0,9.0,2023.0,9.0,10.0,0,2023.0,9.0,10.0,3.0,-1.0,-1.8369701987210297e-16,0,Heavy Rain,1,1,1
2.0,heavy rains & floods,Muzaffarnagar,Uttar Pradesh,IMD,172.0,9.0,2023.0,9.0,10.0,0,2023.0,9.0,10.0,3.0,-1.0,-1.8369701987210297e-16,0,Heavy Rain,1,1,1
