Station_Names,Year,Month,Max_Temp,Min_Temp,Rainfall,Relative_Humidity,Wind_Speed,Cloud_Coverage,Bright_Sunshine,LATITUDE,LONGITUDE,ALT,Flood?,Season,Rainfall_Category,Temperature_Range,Humidity_Rainfall_Index
Dinajpur,1948,5,36.8,23.5,244.0,82.0,1.027777778,4.0,6.848,25.63,88.66,37,1,Pre-Monsoon,High,13.299999999999995,20008.0
Mymensingh,1948,5,34.3,23.6,537.0,81.0,1.692592593,6.3,6.122857143,24.75,90.41,19,1,Pre-Monsoon,Extreme,10.699999999999996,43497.0
Comilla,1948,6,34.3,25.4,619.0,88.0,2.501851852,5.7,4.927272727,23.48,91.19,10,1,Monsoon,Extreme,8.899999999999999,54472.0
Cox's Bazar,1948,6,33.2,25.1,827.0,89.0,3.238888889,5.6,4.033962264,21.46,91.98,4,1,Monsoon,Extreme,8.100000000000001,73603.0
Dinajpur,1948,6,35.3,25.4,285.0,86.0,1.024074074,5.7,5.228,25.63,88.66,37,1,Monsoon,High,9.9,24510.0
Faridpur,1948,6,33.9,25.3,402.0,82.0,1.833333333,7.0,5.0,23.61,89.84,9,1,Monsoon,High,8.599999999999998,32964.0
Bogra,1948,7,33.1,26.4,363.71875,86.1875,1.577777778,6.2,4.435849057,24.88,89.36,20,1,Monsoon,High,6.700000000000003,31348.009765625
Comilla,1948,7,33.9,25.5,1045.0,95.0,2.481481481,5.7,4.566666667,23.48,91.19,10,1,Monsoon,Extreme,8.399999999999999,99275.0
Cox's Bazar,1948,7,32.4,25.0,969.0,91.0,3.298148148,6.5,3.724528302,21.46,91.98,4,1,Monsoon,Extreme,7.399999999999999,88179.0
Dinajpur,1948,7,33.0,25.9,442.0,87.0,0.955555556,6.3,4.288,25.63,88.66,37,1,Monsoon,High,7.100000000000001,38454.0
Mymensingh,1948,7,34.7,25.8,513.0,84.0,1.544444444,7.5,3.691428571,24.75,90.41,19,1,Monsoon,Extreme,8.900000000000002,43092.0
Satkhira,1948,7,34.0,25.9,363.0,89.0,1.514814815,7.0,3.93,22.68,89.07,6,1,Monsoon,High,8.100000000000001,32307.0
Cox's Bazar,1948,8,32.2,24.9,958.0,90.0,2.898148148,6.2,4.483018868,21.46,91.98,4,1,Monsoon,Extreme,7.300000000000004,86220.0
Dinajpur,1948,8,34.4,26.0,362.0,85.0,0.885185185,5.3,5.208,25.63,88.66,37,1,Monsoon,High,8.399999999999999,30770.0
Faridpur,1948,8,31.5,26.0,410.0,84.0,1.640740741,6.8,4.95862069,23.61,89.84,9,1,Monsoon,High,5.5,34440.0
Jessore,1948,8,33.1,25.9,379.0,87.0,2.637037037,4.2,4.461702128,23.17,89.22,7,1,Monsoon,High,7.200000000000003,32973.0
Satkhira,1948,8,33.2,26.0,384.0,89.0,1.364814815,7.1,4.373333333,22.68,89.07,6,1,Monsoon,High,7.200000000000003,34176.0
Comilla,1948,9,33.9,24.9,388.0,91.0,1.537037037,5.4,5.548484848,23.48,91.19,10,1,Monsoon,High,9.0,35308.0
Dinajpur,1948,9,34.4,25.1,231.0,85.0,0.753703704,4.7,5.184,25.63,88.66,37,1,Monsoon,High,9.299999999999995,19635.0
Mymensingh,1948,9,34.3,25.5,432.0,87.0,1.114814815,6.7,4.231428571,24.75,90.41,19,1,Monsoon,High,8.799999999999997,37584.0
Dinajpur,1948,10,33.7,22.2,236.0,81.0,0.542592593,2.5,6.916,25.63,88.66,37,1,Post-Monsoon,High,11.500000000000004,19116.0
Faridpur,1948,10,31.7,23.8,481.0,79.0,0.862962963,3.7,6.906896552,23.61,89.84,9,1,Post-Monsoon,High,7.899999999999999,37999.0
Satkhira,1948,10,33.2,23.7,308.0,83.0,0.864814815,4.6,6.62,22.68,89.07,6,1,Post-Monsoon,High,9.500000000000004,25564.0
Comilla,1949,4,34.3,22.0,494.0,80.0,2.374074074,5.2,7.790909091,23.48,91.19,10,1,Pre-Monsoon,High,12.299999999999995,39520.0
Comilla,1949,5,34.4,24.3,665.0,85.0,2.285185185,4.8,6.587878788,23.48,91.19,10,1,Pre-Monsoon,Extreme,10.099999999999998,56525.0
Dinajpur,1949,5,34.3,22.5,450.0,80.0,1.027777778,4.8,6.848,25.63,88.66,37,1,Pre-Monsoon,High,11.799999999999995,36000.0
Faridpur,1949,5,33.5,23.6,417.0,84.0,2.016666667,5.3,7.020689655,23.61,89.84,9,1,Pre-Monsoon,High,9.9,35028.0
Satkhira,1949,5,37.0,25.4,368.0,82.0,1.925925926,5.2,7.856666667,22.68,89.07,6,1,Pre-Monsoon,High,11.6,30176.0
Barisal,1949,6,34.4,25.7,512.0,80.0,1.631481481,5.6,4.072340426,22.7,90.36,4,1,Monsoon,Extreme,8.7,40960.0
Chittagong (IAP-Patenga),1949,6,33.3,25.5,624.0,87.0,4.477777778,6.2,4.254716981,22.34,91.79,6,1,Monsoon,Extreme,7.799999999999997,54288.0
Comilla,1949,6,33.3,26.1,884.0,88.0,2.501851852,7.0,4.927272727,23.48,91.19,10,1,Monsoon,Extreme,7.199999999999996,77792.0
Cox's Bazar,1949,6,32.6,25.0,789.0,89.0,3.238888889,6.1,4.033962264,21.46,91.98,4,1,Monsoon,Extreme,7.600000000000001,70221.0
Dinajpur,1949,6,35.6,24.9,586.0,87.0,1.024074074,6.3,5.228,25.63,88.66,37,1,Monsoon,Extreme,10.700000000000005,50982.0
Faridpur,1949,6,34.4,25.4,482.0,88.0,1.833333333,7.1,5.0,23.61,89.84,9,1,Monsoon,High,9.0,42416.0
Satkhira,1949,6,36.9,25.2,384.0,88.0,1.701851852,5.6,4.386666667,22.68,89.07,6,1,Monsoon,High,11.7,33792.0
Srimangal,1949,6,34.5,24.4,639.0,91.0,0.914814815,7.0,4.346428571,24.29,91.73,23,1,Monsoon,Extreme,10.1,58149.0
Barisal,1949,7,33.4,25.8,575.0,85.0,1.57037037,5.4,3.738297872,22.7,90.36,4,1,Monsoon,Extreme,7.599999999999998,48875.0
Bogra,1949,7,32.0,26.1,363.71875,86.1875,1.577777778,6.1,4.435849057,24.88,89.36,20,1,Monsoon,High,5.899999999999999,31348.009765625
Chittagong (IAP-Patenga),1949,7,32.3,24.6,870.0,89.0,4.577777778,6.4,4.28490566,22.34,91.79,6,1,Monsoon,Extreme,7.699999999999996,77430.0
Comilla,1949,7,33.3,25.4,747.0,88.0,2.481481481,6.6,4.566666667,23.48,91.19,10,1,Monsoon,Extreme,7.899999999999999,65736.0
Cox's Bazar,1949,7,33.7,24.5,960.0,89.0,3.298148148,6.3,3.724528302,21.46,91.98,4,1,Monsoon,Extreme,9.200000000000005,85440.0
Dinajpur,1949,7,34.3,25.6,296.0,87.0,0.955555556,5.9,4.288,25.63,88.66,37,1,Monsoon,High,8.699999999999996,25752.0
Faridpur,1949,7,31.7,25.9,412.0,89.0,1.774074074,6.7,4.431034483,23.61,89.84,9,1,Monsoon,High,5.800000000000001,36668.0
Jessore,1949,7,35.0,25.7,343.0,87.0,2.955555556,5.1,3.972340426,23.17,89.22,7,1,Monsoon,High,9.3,29841.0
Mymensingh,1949,7,31.8,25.8,398.0,86.0,1.544444444,6.5,3.691428571,24.75,90.41,19,1,Monsoon,High,6.0,34228.0
Barisal,1949,8,33.5,25.7,349.0,86.0,1.32962963,5.6,4.272340426,22.7,90.36,4,1,Monsoon,High,7.800000000000001,30014.0
Chittagong (IAP-Patenga),1949,8,32.6,25.1,504.0,87.0,4.088888889,2.0,4.886792453,22.34,91.79,6,1,Monsoon,Extreme,7.5,43848.0
Comilla,1949,8,33.6,25.5,661.0,88.0,2.209259259,6.1,5.233333333,23.48,91.19,10,1,Monsoon,Extreme,8.100000000000001,58168.0
Cox's Bazar,1949,8,31.7,24.7,683.0,91.0,2.898148148,6.4,4.483018868,21.46,91.98,4,1,Monsoon,Extreme,7.0,62153.0
Dinajpur,1949,8,33.6,25.9,291.0,88.0,0.885185185,5.8,5.208,25.63,88.66,37,1,Monsoon,High,7.700000000000003,25608.0
Satkhira,1949,8,33.5,25.5,419.0,89.0,1.364814815,6.5,4.373333333,22.68,89.07,6,1,Monsoon,High,8.0,37291.0
Chittagong (IAP-Patenga),1949,9,32.9,25.0,577.0,86.0,2.955555556,6.1,5.824528302,22.34,91.79,6,1,Monsoon,Extreme,7.899999999999999,49622.0
Cox's Bazar,1949,9,32.5,24.4,359.0,87.0,2.190740741,5.4,5.873584906,21.46,91.98,4,1,Monsoon,High,8.100000000000001,31233.0
Dinajpur,1949,9,36.7,25.8,330.0,86.0,0.753703704,4.5,5.184,25.63,88.66,37,1,Monsoon,High,10.900000000000002,28380.0
Barisal,1950,5,36.1,25.5,87.0,78.0,1.703703704,4.8,7.046808511,22.7,90.36,4,1,Pre-Monsoon,Moderate,10.6,6786.0
Barisal,1950,6,33.9,26.0,476.0,87.0,1.631481481,7.2,4.072340426,22.7,90.36,4,1,Monsoon,High,7.899999999999999,41412.0
Chittagong (IAP-Patenga),1950,6,33.9,25.4,1676.0,84.0,4.477777778,6.4,4.254716981,22.34,91.79,6,1,Monsoon,Extreme,8.5,140784.0
Comilla,1950,6,33.0,25.7,426.0,89.0,2.501851852,6.6,4.927272727,23.48,91.19,10,1,Monsoon,High,7.300000000000001,37914.0
Cox's Bazar,1950,6,33.3,25.0,790.0,85.0,3.238888889,5.0,4.033962264,21.46,91.98,4,1,Monsoon,Extreme,8.299999999999997,67150.0
Dinajpur,1950,6,36.3,24.9,393.0,84.0,1.024074074,5.7,5.228,25.63,88.66,37,1,Monsoon,High,11.4,33012.0
Faridpur,1950,6,33.2,25.5,708.0,88.0,1.833333333,6.9,5.0,23.61,89.84,9,1,Monsoon,Extreme,7.700000000000003,62304.0
Jessore,1950,6,37.4,25.1,557.0,88.0,3.233333333,6.2,4.655319149,23.17,89.22,7,1,Monsoon,Extreme,12.299999999999995,49016.0
Mymensingh,1950,6,35.4,25.3,502.0,86.0,1.7,6.8,4.02,24.75,90.41,19,1,Monsoon,Extreme,10.099999999999998,43172.0
Satkhira,1950,6,37.2,25.6,599.0,89.0,1.701851852,6.6,4.386666667,22.68,89.07,6,1,Monsoon,Extreme,11.6,53311.0
Barisal,1950,7,32.2,25.9,546.0,89.0,1.57037037,6.8,3.738297872,22.7,90.36,4,1,Monsoon,Extreme,6.300000000000004,48594.0
Chittagong (IAP-Patenga),1950,7,32.7,24.7,997.0,85.0,4.577777778,6.7,4.28490566,22.34,91.79,6,1,Monsoon,Extreme,8.000000000000004,84745.0
Cox's Bazar,1950,7,32.3,24.5,1368.0,88.0,3.298148148,4.6,3.724528302,21.46,91.98,4,1,Monsoon,Extreme,7.799999999999997,120384.0
Dinajpur,1950,7,35.0,26.1,189.0,85.0,0.955555556,5.3,4.288,25.63,88.66,37,1,Monsoon,Moderate,8.899999999999999,16065.0
Faridpur,1950,7,31.0,25.9,419.0,88.0,1.774074074,6.9,4.431034483,23.61,89.84,9,1,Monsoon,High,5.100000000000001,36872.0
Barisal,1950,8,32.8,25.6,337.0,90.0,1.32962963,7.4,4.272340426,22.7,90.36,4,1,Monsoon,High,7.199999999999996,30330.0
Bogra,1950,8,32.2,26.2,555.0,89.0,1.424074074,7.1,5.001886792,24.88,89.36,20,1,Monsoon,Extreme,6.000000000000004,49395.0
Chittagong (IAP-Patenga),1950,8,32.2,24.8,669.0,88.0,4.088888889,6.9,4.886792453,22.34,91.79,6,1,Monsoon,Extreme,7.400000000000002,58872.0
Comilla,1950,8,31.9,24.8,530.0,91.0,2.209259259,7.1,5.233333333,23.48,91.19,10,1,Monsoon,Extreme,7.099999999999998,48230.0
Cox's Bazar,1950,8,32.2,24.7,744.0,88.0,2.898148148,4.8,4.483018868,21.46,91.98,4,1,Monsoon,Extreme,7.5000000000000036,65472.0
Dinajpur,1950,8,33.9,25.1,288.0,88.0,0.885185185,6.3,5.208,25.63,88.66,37,1,Monsoon,High,8.799999999999997,25344.0
Faridpur,1950,8,31.1,25.8,441.0,88.0,1.640740741,7.5,4.95862069,23.61,89.84,9,1,Monsoon,High,5.300000000000001,38808.0
Mymensingh,1950,8,35.4,24.6,498.0,90.0,1.411111111,7.9,4.377142857,24.75,90.41,19,1,Monsoon,High,10.799999999999995,44820.0
Satkhira,1950,8,32.9,25.6,311.0,91.0,1.364814815,6.8,4.373333333,22.68,89.07,6,1,Monsoon,High,7.299999999999997,28301.0
Cox's Bazar,1950,9,34.2,24.9,440.0,84.0,2.190740741,3.2,5.873584906,21.46,91.98,4,1,Monsoon,High,9.300000000000004,36960.0
Barisal,1950,10,33.3,24.5,339.0,85.0,0.490740741,5.8,7.0,22.7,90.36,4,1,Post-Monsoon,High,8.799999999999997,28815.0
Barisal,1951,6,33.9,26.2,394.0,87.0,1.631481481,6.7,4.072340426,22.7,90.36,4,1,Monsoon,High,7.699999999999999,34278.0
Chittagong (IAP-Patenga),1951,6,33.5,25.1,458.0,87.0,4.477777778,6.4,4.254716981,22.34,91.79,6,1,Monsoon,High,8.399999999999999,39846.0
Comilla,1951,6,32.8,25.5,539.0,87.0,2.501851852,7.1,4.927272727,23.48,91.19,10,1,Monsoon,Extreme,7.299999999999997,46893.0
Cox's Bazar,1951,6,34.4,24.3,691.0,87.0,3.238888889,6.1,4.033962264,21.46,91.98,4,1,Monsoon,Extreme,10.099999999999998,60117.0
Dinajpur,1951,6,35.4,24.8,384.0,85.0,1.024074074,5.8,5.228,25.63,88.66,37,1,Monsoon,High,10.599999999999998,32640.0
Maijdee Court,1951,6,32.0,25.4,586.0,86.14516129,1.998148148,5.8,3.872413793,22.83,91.08,6,1,Monsoon,Extreme,6.600000000000001,50481.06451594
Mymensingh,1951,6,36.0,25.4,401.0,88.0,1.7,6.2,4.02,24.75,90.41,19,1,Monsoon,High,10.6,35288.0
Barisal,1951,7,35.0,26.0,375.0,89.0,1.57037037,7.2,3.738297872,22.7,90.36,4,1,Monsoon,High,9.0,33375.0
Bogra,1951,7,32.0,26.1,390.0,86.0,1.577777778,6.8,4.435849057,24.88,89.36,20,1,Monsoon,High,5.899999999999999,33540.0
Chittagong (IAP-Patenga),1951,7,35.0,24.8,670.0,86.0,4.577777778,6.1,4.28490566,22.34,91.79,6,1,Monsoon,Extreme,10.2,57620.0
Comilla,1951,7,32.3,24.9,857.0,87.0,2.481481481,7.0,4.566666667,23.48,91.19,10,1,Monsoon,Extreme,7.399999999999999,74559.0
Cox's Bazar,1951,7,34.1,24.3,661.0,87.0,3.298148148,6.5,3.724528302,21.46,91.98,4,1,Monsoon,Extreme,9.8,57507.0
Dinajpur,1951,7,35.6,25.8,373.0,85.0,0.955555556,5.6,4.288,25.63,88.66,37,1,Monsoon,High,9.8,31705.0
Khulna,1951,7,33.9,25.7,475.0,86.0,1.596296296,5.7,3.89,22.8,89.58,4,1,Monsoon,High,8.2,40850.0
Maijdee Court,1951,7,30.6,25.4,712.0,87.64516129,2.0,6.3,3.575862069,22.83,91.08,6,1,Monsoon,Extreme,5.200000000000003,62403.35483848
Satkhira,1951,7,34.5,25.6,316.0,87.0,1.514814815,7.1,3.93,22.68,89.07,6,1,Monsoon,High,8.899999999999999,27492.0
Chittagong (IAP-Patenga),1951,8,33.4,25.3,747.0,86.0,4.088888889,5.5,4.886792453,22.34,91.79,6,1,Monsoon,Extreme,8.099999999999998,64242.0
Comilla,1951,8,33.3,25.6,596.0,86.0,2.209259259,6.5,5.233333333,23.48,91.19,10,1,Monsoon,Extreme,7.699999999999996,51256.0
Cox's Bazar,1951,8,33.3,24.6,765.0,87.0,2.898148148,6.5,4.483018868,21.46,91.98,4,1,Monsoon,Extreme,8.699999999999996,66555.0
Dinajpur,1951,8,35.3,26.5,480.0,84.0,0.885185185,5.2,5.208,25.63,88.66,37,1,Monsoon,High,8.799999999999997,40320.0
Comilla,1951,9,32.7,25.5,401.0,86.0,1.537037037,5.4,5.548484848,23.48,91.19,10,1,Monsoon,High,7.200000000000003,34486.0
Cox's Bazar,1951,9,33.3,24.7,799.0,85.0,2.190740741,4.0,5.873584906,21.46,91.98,4,1,Monsoon,Extreme,8.599999999999998,67915.0
Barisal,1951,10,33.3,25.1,301.0,85.0,0.490740741,4.8,7.0,22.7,90.36,4,1,Post-Monsoon,High,8.199999999999996,25585.0
Chittagong (IAP-Patenga),1951,10,33.1,24.4,488.0,83.0,1.764814815,4.2,7.056603774,22.34,91.79,6,1,Post-Monsoon,High,8.700000000000003,40504.0
Comilla,1951,10,32.2,24.3,427.0,88.0,0.912962963,4.5,6.839393939,23.48,91.19,10,1,Post-Monsoon,High,7.900000000000002,37576.0
Cox's Bazar,1951,10,33.9,24.1,606.0,82.0,1.635185185,3.6,7.533962264,21.46,91.98,4,1,Post-Monsoon,Extreme,9.799999999999995,49692.0
Comilla,1952,5,33.4,24.9,541.0,83.0,2.285185185,4.8,6.587878788,23.48,91.19,10,1,Pre-Monsoon,Extreme,8.5,44903.0
Dinajpur,1952,5,34.4,22.6,290.0,79.0,1.027777778,4.0,6.848,25.63,88.66,37,1,Pre-Monsoon,High,11.799999999999995,22910.0
Barisal,1952,6,32.9,25.7,406.0,87.0,1.631481481,6.2,4.072340426,22.7,90.36,4,1,Monsoon,High,7.199999999999999,35322.0
Bogra,1952,6,37.1,25.7,393.0,82.0,1.701851852,5.8,4.939622642,24.88,89.36,20,1,Monsoon,High,11.400000000000002,32226.0
Chittagong (IAP-Patenga),1952,6,33.6,25.4,687.0,84.0,4.477777778,5.8,4.254716981,22.34,91.79,6,1,Monsoon,Extreme,8.200000000000003,57708.0
Comilla,1952,6,34.4,25.7,899.0,87.0,2.501851852,6.4,4.927272727,23.48,91.19,10,1,Monsoon,Extreme,8.7,78213.0
Cox's Bazar,1952,6,32.8,24.8,809.0,88.0,3.238888889,6.1,4.033962264,21.46,91.98,4,1,Monsoon,Extreme,7.9999999999999964,71192.0
Dinajpur,1952,6,37.2,25.7,372.0,83.0,1.024074074,4.1,5.228,25.63,88.66,37,1,Monsoon,High,11.500000000000004,30876.0
Maijdee Court,1952,6,34.8,25.7,798.0,86.0,1.998148148,6.2,3.872413793,22.83,91.08,6,1,Monsoon,Extreme,9.099999999999998,68628.0
Barisal,1952,7,31.2,25.6,414.0,88.0,1.57037037,6.5,3.738297872,22.7,90.36,4,1,Monsoon,High,5.599999999999998,36432.0
Bogra,1952,7,35.8,26.0,336.0,84.0,1.577777778,6.8,4.435849057,24.88,89.36,20,1,Monsoon,High,9.799999999999995,28224.0
Chittagong (IAP-Patenga),1952,7,33.7,25.1,491.0,86.0,4.577777778,6.2,4.28490566,22.34,91.79,6,1,Monsoon,High,8.600000000000001,42226.0
Comilla,1952,7,32.7,25.3,644.0,88.0,2.481481481,7.1,4.566666667,23.48,91.19,10,1,Monsoon,Extreme,7.400000000000002,56672.0
Cox's Bazar,1952,7,32.3,25.1,1266.0,91.0,3.298148148,6.8,3.724528302,21.46,91.98,4,1,Monsoon,Extreme,7.199999999999996,115206.0
Dinajpur,1952,7,34.4,25.6,637.0,85.0,0.955555556,5.7,4.288,25.63,88.66,37,1,Monsoon,Extreme,8.799999999999997,54145.0
Faridpur,1952,7,34.4,25.5,468.0,88.0,1.774074074,6.7,4.431034483,23.61,89.84,9,1,Monsoon,High,8.899999999999999,41184.0
Khulna,1952,7,34.1,25.6,496.0,88.0,1.596296296,6.5,3.89,22.8,89.58,4,1,Monsoon,High,8.5,43648.0
Maijdee Court,1952,7,32.3,25.5,740.0,88.0,2.0,6.6,3.575862069,22.83,91.08,6,1,Monsoon,Extreme,6.799999999999997,65120.0
Satkhira,1952,7,33.8,25.8,522.0,90.0,1.514814815,7.2,3.93,22.68,89.07,6,1,Monsoon,Extreme,7.9999999999999964,46980.0
Barisal,1952,8,31.4,25.7,349.0,88.0,1.32962963,6.4,4.272340426,22.7,90.36,4,1,Monsoon,High,5.699999999999999,30712.0
Chittagong (IAP-Patenga),1952,8,32.8,25.0,401.0,86.0,4.088888889,6.3,4.886792453,22.34,91.79,6,1,Monsoon,High,7.799999999999997,34486.0
Comilla,1952,8,34.4,25.5,419.0,86.0,2.209259259,6.8,5.233333333,23.48,91.19,10,1,Monsoon,High,8.899999999999999,36034.0
Cox's Bazar,1952,8,31.7,24.7,439.0,91.0,2.898148148,6.5,4.483018868,21.46,91.98,4,1,Monsoon,High,7.0,39949.0
Maijdee Court,1952,8,32.2,25.7,448.0,87.0,1.77962963,6.3,4.64137931,22.83,91.08,6,1,Monsoon,High,6.500000000000004,38976.0
Bogra,1952,9,35.4,25.9,376.0,84.0,1.205555556,6.2,5.447169811,24.88,89.36,20,1,Monsoon,High,9.5,31584.0
Comilla,1952,9,31.8,25.2,570.0,90.0,1.537037037,7.0,5.548484848,23.48,91.19,10,1,Monsoon,Extreme,6.600000000000001,51300.0
Cox's Bazar,1952,9,32.1,24.5,617.0,92.0,2.190740741,6.3,5.873584906,21.46,91.98,4,1,Monsoon,Extreme,7.600000000000001,56764.0
Dinajpur,1952,9,35.6,25.4,511.0,87.0,0.753703704,5.6,5.184,25.63,88.66,37,1,Monsoon,Extreme,10.200000000000005,44457.0
Mymensingh,1952,9,32.8,26.1,468.0,88.0,1.114814815,7.0,4.231428571,24.75,90.41,19,1,Monsoon,High,6.699999999999996,41184.0
Chittagong (IAP-Patenga),1952,10,33.9,24.4,307.0,86.0,1.764814815,4.4,7.056603774,22.34,91.79,6,1,Post-Monsoon,High,9.5,26402.0
Comilla,1952,10,33.1,24.4,422.0,87.0,0.912962963,4.8,6.839393939,23.48,91.19,10,1,Post-Monsoon,High,8.700000000000003,36714.0
Cox's Bazar,1952,10,34.2,24.3,505.0,84.0,1.635185185,4.9,7.533962264,21.46,91.98,4,1,Post-Monsoon,Extreme,9.900000000000002,42420.0
Maijdee Court,1952,10,32.9,24.2,399.0,87.0,0.814814815,3.6,6.631034483,22.83,91.08,6,1,Post-Monsoon,High,8.7,34713.0
Dhaka,1953,1,26.7,10.9,10.0,70.0,0.725925926,1.7,7.343396226,23.78,90.39,9,0,Winter,Low,15.8,700.0
Dhaka,1953,2,33.6,14.7,2.0,65.0,0.924074074,2.1,8.130188679,23.78,90.39,9,0,Winter,Low,18.9,130.0
Barisal,1953,5,36.1,25.2,339.0,81.0,1.703703704,5.3,7.046808511,22.7,90.36,4,1,Pre-Monsoon,High,10.900000000000002,27459.0
Chittagong (IAP-Patenga),1953,5,35.3,24.6,508.0,80.0,3.762962963,4.8,7.128301887,22.34,91.79,6,1,Pre-Monsoon,Extreme,10.699999999999996,40640.0
Maijdee Court,1953,5,33.3,24.6,480.0,82.0,1.703703704,5.0,6.513793103,22.83,91.08,6,1,Pre-Monsoon,High,8.699999999999996,39360.0
Barisal,1953,6,35.6,25.2,715.0,88.0,1.631481481,7.3,4.072340426,22.7,90.36,4,1,Monsoon,Extreme,10.400000000000002,62920.0
Chittagong (IAP-Patenga),1953,6,33.4,25.1,527.0,83.0,4.477777778,5.9,4.254716981,22.34,91.79,6,1,Monsoon,Extreme,8.299999999999997,43741.0
Comilla,1953,6,34.4,24.9,661.0,87.0,2.501851852,5.6,4.927272727,23.48,91.19,10,1,Monsoon,Extreme,9.5,57507.0
Cox's Bazar,1953,6,32.8,24.5,722.0,89.0,3.238888889,6.1,4.033962264,21.46,91.98,4,1,Monsoon,Extreme,8.299999999999997,64258.0
Dinajpur,1953,6,35.6,25.1,254.0,82.0,1.024074074,5.4,5.228,25.63,88.66,37,1,Monsoon,High,10.5,20828.0
Faridpur,1953,6,35.6,24.7,591.0,87.0,1.833333333,6.6,5.0,23.61,89.84,9,1,Monsoon,Extreme,10.900000000000002,51417.0
Khulna,1953,6,35.7,25.4,553.0,86.0,1.72037037,6.5,4.546666667,22.8,89.58,4,1,Monsoon,Extreme,10.300000000000004,47558.0
Maijdee Court,1953,6,33.3,25.0,692.0,84.0,1.998148148,6.3,3.872413793,22.83,91.08,6,1,Monsoon,Extreme,8.299999999999997,58128.0
Mymensingh,1953,6,35.7,25.7,473.0,89.0,1.7,7.6,4.02,24.75,90.41,19,1,Monsoon,High,10.000000000000004,42097.0
Satkhira,1953,6,36.7,25.6,505.0,86.0,1.701851852,6.9,4.386666667,22.68,89.07,6,1,Monsoon,Extreme,11.1,43430.0
Srimangal,1953,6,34.9,23.9,650.0,89.0,0.914814815,6.3,4.346428571,24.29,91.73,23,1,Monsoon,Extreme,11.0,57850.0
Barisal,1953,7,35.0,25.5,526.0,91.0,1.57037037,6.9,3.738297872,22.7,90.36,4,1,Monsoon,Extreme,9.5,47866.0
Chittagong (IAP-Patenga),1953,7,35.2,24.9,764.0,89.0,4.577777778,6.4,4.28490566,22.34,91.79,6,1,Monsoon,Extreme,10.300000000000004,67996.0
Comilla,1953,7,34.4,25.5,612.0,89.0,2.481481481,6.9,4.566666667,23.48,91.19,10,1,Monsoon,Extreme,8.899999999999999,54468.0
Cox's Bazar,1953,7,33.4,24.9,1084.0,89.0,3.298148148,6.7,3.724528302,21.46,91.98,4,1,Monsoon,Extreme,8.5,96476.0
Dinajpur,1953,7,36.1,26.1,715.0,88.0,0.955555556,5.9,4.288,25.63,88.66,37,1,Monsoon,Extreme,10.0,62920.0
Faridpur,1953,7,35.0,25.5,677.0,89.0,1.774074074,6.4,4.431034483,23.61,89.84,9,1,Monsoon,Extreme,9.5,60253.0
Khulna,1953,7,34.3,25.9,525.0,89.0,1.596296296,6.3,3.89,22.8,89.58,4,1,Monsoon,Extreme,8.399999999999999,46725.0
Maijdee Court,1953,7,34.0,25.1,845.0,89.0,2.0,6.7,3.575862069,22.83,91.08,6,1,Monsoon,Extreme,8.899999999999999,75205.0
Mymensingh,1953,7,36.0,26.2,407.0,89.0,1.544444444,7.3,3.691428571,24.75,90.41,19,1,Monsoon,High,9.8,36223.0
Satkhira,1953,7,34.1,26.1,368.0,88.0,1.514814815,6.8,3.93,22.68,89.07,6,1,Monsoon,High,8.0,32384.0
Chittagong (IAP-Patenga),1953,8,33.2,24.6,529.0,86.0,4.088888889,6.1,4.886792453,22.34,91.79,6,1,Monsoon,Extreme,8.600000000000001,45494.0
Cox's Bazar,1953,8,32.9,23.9,606.0,90.0,2.898148148,6.9,4.483018868,21.46,91.98,4,1,Monsoon,Extreme,9.0,54540.0
Dinajpur,1953,8,36.7,26.2,136.0,81.0,0.885185185,5.6,5.208,25.63,88.66,37,1,Monsoon,Moderate,10.500000000000004,11016.0
Jessore,1953,8,34.8,26.0,476.0,89.0,2.637037037,5.9,4.461702128,23.17,89.22,7,1,Monsoon,High,8.799999999999997,42364.0
Bogra,1953,9,32.5,25.6,351.0,87.0,1.205555556,6.0,5.447169811,24.88,89.36,20,1,Monsoon,High,6.899999999999999,30537.0
Chittagong (IAP-Patenga),1953,9,33.6,25.0,622.0,87.0,2.955555556,5.8,5.824528302,22.34,91.79,6,1,Monsoon,Extreme,8.600000000000001,54114.0
Comilla,1953,9,33.9,25.5,493.0,87.0,1.537037037,6.4,5.548484848,23.48,91.19,10,1,Monsoon,High,8.399999999999999,42891.0
Cox's Bazar,1953,9,32.8,24.7,401.0,86.0,2.190740741,6.6,5.873584906,21.46,91.98,4,1,Monsoon,High,8.099999999999998,34486.0
Dinajpur,1953,9,36.0,25.1,217.0,85.0,0.753703704,4.7,5.184,25.63,88.66,37,1,Monsoon,High,10.9,18445.0
Maijdee Court,1953,9,33.3,25.1,609.0,87.0,1.266666667,6.5,4.951724138,22.83,91.08,6,1,Monsoon,Extreme,8.199999999999996,52983.0
Mymensingh,1953,9,36.0,25.4,788.0,89.0,1.114814815,6.0,4.231428571,24.75,90.41,19,1,Monsoon,Extreme,10.6,70132.0
Satkhira,1953,9,33.7,25.7,346.0,87.0,1.140740741,6.8,4.913333333,22.68,89.07,6,1,Monsoon,High,8.000000000000004,30102.0
Dhaka,1953,10,32.3,22.9,52.0,80.0,0.714814815,3.4,6.903773585,23.78,90.39,9,0,Post-Monsoon,Moderate,9.4,4160.0
Dhaka,1953,11,30.3,17.2,13.0,75.0,0.555555556,2.1,7.822641509,23.78,90.39,9,0,Post-Monsoon,Low,13.1,975.0
Dhaka,1953,12,29.4,13.7,0.0,72.0,0.562962963,1.5,7.49245283,23.78,90.39,9,0,Winter,Low,15.7,0.0
Dhaka,1954,1,29.2,9.9,14.0,70.0,0.725925926,0.9,7.343396226,23.78,90.39,9,0,Winter,Low,19.3,980.0
Dhaka,1954,2,33.6,16.0,0.0,65.0,0.924074074,2.1,8.130188679,23.78,90.39,9,0,Winter,Low,17.6,0.0
Dinajpur,1954,5,36.7,23.7,125.0,69.0,1.027777778,3.0,6.848,25.63,88.66,37,1,Pre-Monsoon,Moderate,13.000000000000004,8625.0
Barisal,1954,6,36.0,25.4,500.0,86.0,1.631481481,6.4,4.072340426,22.7,90.36,4,1,Monsoon,High,10.6,43000.0
Bogra,1954,6,33.9,25.2,597.0,89.0,1.701851852,6.6,4.939622642,24.88,89.36,20,1,Monsoon,Extreme,8.7,53133.0
Chittagong (IAP-Patenga),1954,6,32.9,24.8,1270.0,92.0,4.477777778,6.5,4.254716981,22.34,91.79,6,1,Monsoon,Extreme,8.099999999999998,116840.0
Comilla,1954,6,34.6,24.6,979.0,92.0,2.501851852,6.8,4.927272727,23.48,91.19,10,1,Monsoon,Extreme,10.0,90068.0
Cox's Bazar,1954,6,31.6,23.9,1504.0,91.0,3.238888889,7.2,4.033962264,21.46,91.98,4,1,Monsoon,Extreme,7.700000000000003,136864.0
Dinajpur,1954,6,34.6,24.6,647.0,85.0,1.024074074,6.4,5.228,25.63,88.66,37,1,Monsoon,Extreme,10.0,54995.0
Faridpur,1954,6,33.7,24.9,788.0,91.0,1.833333333,6.2,5.0,23.61,89.84,9,1,Monsoon,Extreme,8.800000000000004,71708.0
Jessore,1954,6,35.7,25.3,606.0,90.0,3.233333333,5.9,4.655319149,23.17,89.22,7,1,Monsoon,Extreme,10.400000000000002,54540.0
Khulna,1954,6,36.2,25.9,555.0,89.0,1.72037037,6.2,4.546666667,22.8,89.58,4,1,Monsoon,Extreme,10.300000000000004,49395.0
Maijdee Court,1954,6,31.5,25.2,1120.0,88.0,1.998148148,6.4,3.872413793,22.83,91.08,6,1,Monsoon,Extreme,6.300000000000001,98560.0
Rangpur,1954,6,35.63157895,24.94210526,944.0,85.0,1.542592593,6.5,4.894285714,25.72,89.26,34,1,Monsoon,Extreme,10.689473689999996,80240.0
Srimangal,1954,6,33.4,24.2,653.0,89.0,0.914814815,6.6,4.346428571,24.29,91.73,23,1,Monsoon,Extreme,9.2,58117.0
Bogra,1954,7,32.0,26.1,501.0,89.0,1.577777778,7.0,4.435849057,24.88,89.36,20,1,Monsoon,Extreme,5.899999999999999,44589.0
Chittagong (IAP-Patenga),1954,7,33.3,25.2,488.0,87.0,4.577777778,5.9,4.28490566,22.34,91.79,6,1,Monsoon,High,8.099999999999998,42456.0
Comilla,1954,7,33.1,23.9,389.0,90.0,2.481481481,5.6,4.566666667,23.48,91.19,10,1,Monsoon,High,9.200000000000005,35010.0
Cox's Bazar,1954,7,32.1,24.8,858.0,89.0,3.298148148,6.8,3.724528302,21.46,91.98,4,1,Monsoon,Extreme,7.300000000000001,76362.0
Dinajpur,1954,7,33.9,25.8,339.0,86.0,0.955555556,6.2,4.288,25.63,88.66,37,1,Monsoon,High,8.099999999999998,29154.0
Faridpur,1954,7,32.6,25.8,414.0,86.0,1.774074074,6.7,4.431034483,23.61,89.84,9,1,Monsoon,High,6.800000000000001,35604.0
Rangpur,1954,7,34.69298246,25.8754386,602.0,86.07272727,1.474074074,6.2,4.348571429,25.72,89.26,34,1,Monsoon,Extreme,8.817543860000004,51815.78181654
Satkhira,1954,7,33.8,26.2,391.0,85.0,1.514814815,6.7,3.93,22.68,89.07,6,1,Monsoon,High,7.599999999999998,33235.0
Chittagong (IAP-Patenga),1954,8,32.8,25.3,1120.0,90.0,4.088888889,6.9,4.886792453,22.34,91.79,6,1,Monsoon,Extreme,7.4999999999999964,100800.0
Comilla,1954,8,34.4,24.5,376.0,92.0,2.209259259,6.1,5.233333333,23.48,91.19,10,1,Monsoon,High,9.9,34592.0
Cox's Bazar,1954,8,32.1,24.8,884.0,91.0,2.898148148,6.8,4.483018868,21.46,91.98,4,1,Monsoon,Extreme,7.300000000000001,80444.0
Dinajpur,1954,8,34.4,26.5,301.0,84.0,0.885185185,5.0,5.208,25.63,88.66,37,1,Monsoon,High,7.899999999999999,25284.0
Jessore,1954,8,34.4,26.0,427.0,90.0,2.637037037,6.6,4.461702128,23.17,89.22,7,1,Monsoon,High,8.399999999999999,38430.0
Maijdee Court,1954,8,33.3,25.8,530.0,88.0,1.77962963,6.7,4.64137931,22.83,91.08,6,1,Monsoon,Extreme,7.4999999999999964,46640.0
Dinajpur,1954,9,35.6,26.0,227.0,81.0,0.753703704,3.2,5.184,25.63,88.66,37,1,Monsoon,High,9.6,18387.0
Maijdee Court,1954,9,34.2,25.7,412.0,85.0,1.266666667,4.8,4.951724138,22.83,91.08,6,1,Monsoon,High,8.500000000000004,35020.0
Chittagong (IAP-Patenga),1954,10,32.5,23.2,306.0,87.0,1.764814815,4.1,7.056603774,22.34,91.79,6,1,Post-Monsoon,High,9.3,26622.0
Cox's Bazar,1954,10,32.4,23.4,413.0,86.0,1.635185185,4.1,7.533962264,21.46,91.98,4,1,Post-Monsoon,High,9.0,35518.0
Dhaka,1954,10,33.1,22.4,218.0,82.0,0.714814815,4.2,6.903773585,23.78,90.39,9,0,Post-Monsoon,High,10.700000000000005,17876.0
Dhaka,1954,11,29.9,15.8,0.0,74.0,0.555555556,1.2,7.822641509,23.78,90.39,9,0,Post-Monsoon,Low,14.099999999999998,0.0
Dhaka,1954,12,29.1,12.7,10.0,73.0,0.562962963,1.6,7.49245283,23.78,90.39,9,0,Winter,Low,16.400000000000002,730.0
Dhaka,1955,1,27.4,11.0,0.0,71.0,0.725925926,1.4,7.343396226,23.78,90.39,9,0,Winter,Low,16.4,0.0
Dhaka,1955,2,32.9,12.1,0.0,54.0,0.924074074,0.8,8.130188679,23.78,90.39,9,0,Winter,Low,20.8,0.0
Barisal,1955,6,32.9,25.7,406.0,87.0,1.631481481,6.2,4.072340426,22.7,90.36,4,1,Monsoon,High,7.199999999999999,35322.0
Chittagong (IAP-Patenga),1955,6,33.3,25.3,482.0,88.0,4.477777778,5.5,4.254716981,22.34,91.79,6,1,Monsoon,High,7.9999999999999964,42416.0
Cox's Bazar,1955,6,32.6,25.0,611.0,91.0,3.238888889,6.5,4.033962264,21.46,91.98,4,1,Monsoon,Extreme,7.600000000000001,55601.0
Dinajpur,1955,6,35.0,25.2,269.0,82.0,1.024074074,5.4,5.228,25.63,88.66,37,1,Monsoon,High,9.8,22058.0
Maijdee Court,1955,6,32.8,25.8,643.0,87.0,1.998148148,5.8,3.872413793,22.83,91.08,6,1,Monsoon,Extreme,6.9999999999999964,55941.0
Mymensingh,1955,6,34.3,24.7,583.0,86.0,1.7,6.5,4.02,24.75,90.41,19,1,Monsoon,Extreme,9.599999999999998,50138.0
Rangpur,1955,6,35.63157895,24.94210526,566.0,85.0,1.542592593,5.3,4.894285714,25.72,89.26,34,1,Monsoon,Extreme,10.689473689999996,48110.0
Barisal,1955,7,31.2,25.6,414.0,88.0,1.57037037,6.5,3.738297872,22.7,90.36,4,1,Monsoon,High,5.599999999999998,36432.0
Bogra,1955,7,32.0,26.1,504.0,89.0,1.577777778,6.8,4.435849057,24.88,89.36,20,1,Monsoon,Extreme,5.899999999999999,44856.0
Chittagong (IAP-Patenga),1955,7,31.3,24.4,898.0,92.0,4.577777778,6.9,4.28490566,22.34,91.79,6,1,Monsoon,Extreme,6.900000000000002,82616.0
Comilla,1955,7,31.3,25.3,663.0,88.0,2.481481481,6.8,4.566666667,23.48,91.19,10,1,Monsoon,Extreme,6.0,58344.0
Cox's Bazar,1955,7,30.5,24.3,972.0,94.0,3.298148148,7.4,3.724528302,21.46,91.98,4,1,Monsoon,Extreme,6.199999999999999,91368.0
Dinajpur,1955,7,32.8,25.5,506.0,89.0,0.955555556,6.7,4.288,25.63,88.66,37,1,Monsoon,Extreme,7.299999999999997,45034.0
Khulna,1955,7,33.6,25.5,550.0,89.0,1.596296296,7.6,3.89,22.8,89.58,4,1,Monsoon,Extreme,8.100000000000001,48950.0
Maijdee Court,1955,7,31.1,25.1,632.0,91.0,2.0,7.1,3.575862069,22.83,91.08,6,1,Monsoon,Extreme,6.0,57512.0
Mymensingh,1955,7,32.7,25.6,536.0,88.0,1.544444444,7.2,3.691428571,24.75,90.41,19,1,Monsoon,Extreme,7.100000000000001,47168.0
Rangpur,1955,7,34.69298246,25.8754386,892.0,86.07272727,1.474074074,6.2,4.348571429,25.72,89.26,34,1,Monsoon,Extreme,8.817543860000004,76776.87272484
Satkhira,1955,7,32.5,25.9,334.0,86.0,1.514814815,5.9,3.93,22.68,89.07,6,1,Monsoon,High,6.600000000000001,28724.0
Barisal,1955,8,31.4,25.7,349.0,88.0,1.32962963,6.4,4.272340426,22.7,90.36,4,1,Monsoon,High,5.699999999999999,30712.0
Bogra,1955,8,32.2,26.2,505.0,89.0,1.424074074,6.6,5.001886792,24.88,89.36,20,1,Monsoon,Extreme,6.000000000000004,44945.0
Chittagong (IAP-Patenga),1955,8,33.1,24.6,410.0,89.0,4.088888889,6.3,4.886792453,22.34,91.79,6,1,Monsoon,High,8.5,36490.0
Comilla,1955,8,31.8,25.3,329.0,87.0,2.209259259,5.7,5.233333333,23.48,91.19,10,1,Monsoon,High,6.5,28623.0
Dinajpur,1955,8,36.7,25.4,627.0,88.0,0.885185185,5.7,5.208,25.63,88.66,37,1,Monsoon,Extreme,11.300000000000004,55176.0
Maijdee Court,1955,8,32.2,25.0,726.0,89.0,1.77962963,6.5,4.64137931,22.83,91.08,6,1,Monsoon,Extreme,7.200000000000003,64614.0
Mymensingh,1955,8,33.2,25.6,702.0,90.0,1.411111111,6.5,4.377142857,24.75,90.41,19,1,Monsoon,Extreme,7.600000000000001,63180.0
Rangpur,1955,8,35.03859649,26.26140351,562.0,85.27272727,1.383333333,5.8,5.145714286,25.72,89.26,34,1,Monsoon,Extreme,8.777192980000002,47923.27272574
Bogra,1955,9,32.5,25.6,332.0,86.0,1.205555556,5.8,5.447169811,24.88,89.36,20,1,Monsoon,High,6.899999999999999,28552.0
Cox's Bazar,1955,9,34.0,24.6,373.0,87.0,2.190740741,5.8,5.873584906,21.46,91.98,4,1,Monsoon,High,9.4,32451.0
Dinajpur,1955,9,34.4,25.1,453.0,85.0,0.753703704,4.8,5.184,25.63,88.66,37,1,Monsoon,High,9.299999999999995,38505.0
Dhaka,1955,10,33.9,24.2,71.0,82.0,0.714814815,4.3,6.903773585,23.78,90.39,9,0,Post-Monsoon,Moderate,9.7,5822.0
Dhaka,1955,11,31.3,18.8,99.0,78.0,0.555555556,3.1,7.822641509,23.78,90.39,9,0,Post-Monsoon,Moderate,12.5,7722.0
Dhaka,1955,12,28.2,11.8,0.0,73.0,0.562962963,1.0,7.49245283,23.78,90.39,9,0,Winter,Low,16.4,0.0
Dhaka,1956,1,28.0,11.2,12.0,68.0,0.725925926,0.6,7.343396226,23.78,90.39,9,0,Winter,Low,16.8,816.0
Dhaka,1956,2,34.1,11.9,5.0,59.0,0.924074074,1.3,8.130188679,23.78,90.39,9,0,Winter,Low,22.200000000000003,295.0
Barisal,1956,5,34.4,26.2,343.0,83.0,1.703703704,5.6,7.046808511,22.7,90.36,4,1,Pre-Monsoon,High,8.2,28469.0
Chittagong (IAP-Patenga),1956,5,33.1,25.0,505.0,89.0,3.762962963,5.9,7.128301887,22.34,91.79,6,1,Pre-Monsoon,Extreme,8.100000000000001,44945.0
Cox's Bazar,1956,5,33.5,24.7,664.0,88.0,2.774074074,6.2,7.452830189,21.46,91.98,4,1,Pre-Monsoon,Extreme,8.8,58432.0
Dinajpur,1956,5,36.1,24.3,162.0,78.0,1.027777778,4.5,6.848,25.63,88.66,37,1,Pre-Monsoon,Moderate,11.8,12636.0
Maijdee Court,1956,5,34.1,25.3,443.0,86.0,1.703703704,4.6,6.513793103,22.83,91.08,6,1,Pre-Monsoon,High,8.8,38098.0
Mymensingh,1956,5,34.9,24.7,471.0,85.0,1.692592593,6.4,6.122857143,24.75,90.41,19,1,Pre-Monsoon,High,10.2,40035.0
Sylhet,1956,5,35.0,23.4,907.0,81.33333333,1.668518519,6.7,6.025,24.88,91.93,35,1,Pre-Monsoon,Extreme,11.6,73769.33333031001
Barisal,1956,6,32.2,25.2,784.0,87.0,1.631481481,6.3,4.072340426,22.7,90.36,4,1,Monsoon,Extreme,7.000000000000004,68208.0
Bogra,1956,6,37.8,25.3,467.0,88.0,1.701851852,6.6,4.939622642,24.88,89.36,20,1,Monsoon,High,12.499999999999996,41096.0
Chittagong (IAP-Patenga),1956,6,32.4,24.8,688.0,88.0,4.477777778,6.4,4.254716981,22.34,91.79,6,1,Monsoon,Extreme,7.599999999999998,60544.0
Comilla,1956,6,33.8,24.8,703.0,87.0,2.501851852,6.3,4.927272727,23.48,91.19,10,1,Monsoon,Extreme,8.999999999999996,61161.0
Cox's Bazar,1956,6,31.8,24.4,810.0,93.0,3.238888889,6.6,4.033962264,21.46,91.98,4,1,Monsoon,Extreme,7.400000000000002,75330.0
Dinajpur,1956,6,35.0,24.5,449.0,85.0,1.024074074,6.1,5.228,25.63,88.66,37,1,Monsoon,High,10.5,38165.0
Faridpur,1956,6,32.7,24.5,459.0,89.0,1.833333333,6.8,5.0,23.61,89.84,9,1,Monsoon,High,8.200000000000003,40851.0
Jessore,1956,6,34.4,25.2,367.0,89.0,3.233333333,5.9,4.655319149,23.17,89.22,7,1,Monsoon,High,9.2,32663.0
Maijdee Court,1956,6,31.9,24.8,836.0,89.0,1.998148148,6.1,3.872413793,22.83,91.08,6,1,Monsoon,Extreme,7.099999999999998,74404.0
Mymensingh,1956,6,33.2,25.0,602.0,89.0,1.7,7.1,4.02,24.75,90.41,19,1,Monsoon,Extreme,8.200000000000003,53578.0
Rangpur,1956,6,35.63157895,24.94210526,769.0,85.0,1.542592593,6.4,4.894285714,25.72,89.26,34,1,Monsoon,Extreme,10.689473689999996,65365.0
Satkhira,1956,6,32.6,25.0,490.0,87.0,1.701851852,3.6,4.386666667,22.68,89.07,6,1,Monsoon,High,7.600000000000001,42630.0
Srimangal,1956,6,35.6,24.2,769.0,87.0,0.914814815,6.4,4.346428571,24.29,91.73,23,1,Monsoon,Extreme,11.400000000000002,66903.0
Sylhet,1956,6,32.8,24.9,977.0,87.14035088,1.566666667,7.2,3.644230769,24.88,91.93,35,1,Monsoon,Extreme,7.899999999999999,85136.12280976
Barisal,1956,7,33.8,25.8,319.0,86.0,1.57037037,5.7,3.738297872,22.7,90.36,4,1,Monsoon,High,7.9999999999999964,27434.0
Comilla,1956,7,33.7,25.0,423.0,84.0,2.481481481,5.9,4.566666667,23.48,91.19,10,1,Monsoon,High,8.700000000000003,35532.0
Cox's Bazar,1956,7,35.3,24.6,623.0,90.0,3.298148148,6.2,3.724528302,21.46,91.98,4,1,Monsoon,Extreme,10.699999999999996,56070.0
Dinajpur,1956,7,35.0,25.2,404.0,82.0,0.955555556,5.3,4.288,25.63,88.66,37,1,Monsoon,High,9.8,33128.0
Khulna,1956,7,32.1,26.1,330.0,88.0,1.596296296,5.8,3.89,22.8,89.58,4,1,Monsoon,High,6.0,29040.0
Maijdee Court,1956,7,32.7,25.1,580.0,87.0,2.0,5.9,3.575862069,22.83,91.08,6,1,Monsoon,Extreme,7.600000000000001,50460.0
Mymensingh,1956,7,34.3,25.3,433.0,86.0,1.544444444,6.9,3.691428571,24.75,90.41,19,1,Monsoon,High,8.999999999999996,37238.0
Rangpur,1956,7,34.69298246,25.8754386,488.0,86.07272727,1.474074074,5.1,4.348571429,25.72,89.26,34,1,Monsoon,High,8.817543860000004,42003.49090776
Sylhet,1956,7,35.0,24.6,872.0,87.24561404,1.512962963,7.1,3.719230769,24.88,91.93,35,1,Monsoon,Extreme,10.4,76078.17544288
Barisal,1956,8,33.3,26.0,497.0,87.0,1.32962963,5.6,4.272340426,22.7,90.36,4,1,Monsoon,High,7.299999999999997,43239.0
Bogra,1956,8,32.2,26.2,515.0,87.0,1.424074074,6.2,5.001886792,24.88,89.36,20,1,Monsoon,Extreme,6.000000000000004,44805.0
Chittagong (IAP-Patenga),1956,8,32.8,25.1,728.0,87.0,4.088888889,6.4,4.886792453,22.34,91.79,6,1,Monsoon,Extreme,7.699999999999996,63336.0
Cox's Bazar,1956,8,32.2,24.7,726.0,90.0,2.898148148,6.8,4.483018868,21.46,91.98,4,1,Monsoon,Extreme,7.5000000000000036,65340.0
Dinajpur,1956,8,35.0,25.0,634.0,86.0,0.885185185,6.2,5.208,25.63,88.66,37,1,Monsoon,Extreme,10.0,54524.0
Faridpur,1956,8,32.2,25.6,435.0,87.0,1.640740741,6.8,4.95862069,23.61,89.84,9,1,Monsoon,High,6.600000000000001,37845.0
Maijdee Court,1956,8,32.2,25.5,845.0,88.0,1.77962963,6.4,4.64137931,22.83,91.08,6,1,Monsoon,Extreme,6.700000000000003,74360.0
Mymensingh,1956,8,34.2,25.3,727.0,86.0,1.411111111,7.2,4.377142857,24.75,90.41,19,1,Monsoon,Extreme,8.900000000000002,62522.0
Rangpur,1956,8,35.03859649,26.26140351,501.0,85.27272727,1.383333333,6.2,5.145714286,25.72,89.26,34,1,Monsoon,Extreme,8.777192980000002,42721.63636227
Sylhet,1956,8,34.4,25.1,605.0,86.54385965,1.390740741,7.0,4.473076923,24.88,91.93,35,1,Monsoon,Extreme,9.299999999999995,52359.03508825
Barisal,1956,9,33.4,25.7,700.0,85.0,0.937037037,4.8,4.823404255,22.7,90.36,4,1,Monsoon,Extreme,7.699999999999999,59500.0
Chittagong (IAP-Patenga),1956,9,32.6,24.7,513.0,87.0,2.955555556,6.3,5.824528302,22.34,91.79,6,1,Monsoon,Extreme,7.900000000000002,44631.0
Comilla,1956,9,35.9,24.5,444.0,85.0,1.537037037,5.4,5.548484848,23.48,91.19,10,1,Monsoon,High,11.4,37740.0
Cox's Bazar,1956,9,32.4,24.3,554.0,90.0,2.190740741,6.7,5.873584906,21.46,91.98,4,1,Monsoon,Extreme,8.099999999999998,49860.0
Dinajpur,1956,9,35.0,24.4,217.0,84.0,0.753703704,4.5,5.184,25.63,88.66,37,1,Monsoon,High,10.6,18228.0
Dhaka,1956,10,33.7,24.0,121.0,82.0,0.714814815,4.6,6.903773585,23.78,90.39,9,0,Post-Monsoon,Moderate,9.700000000000005,9922.0
Dinajpur,1956,10,36.1,21.6,221.0,83.0,0.542592593,3.0,6.916,25.63,88.66,37,1,Post-Monsoon,High,14.5,18343.0
Dhaka,1956,11,30.4,18.5,53.0,77.0,0.555555556,2.3,7.822641509,23.78,90.39,9,0,Post-Monsoon,Moderate,11.9,4081.0
Dhaka,1956,12,28.1,12.7,13.0,75.0,0.562962963,0.9,7.49245283,23.78,90.39,9,0,Winter,Low,15.400000000000002,975.0
Dhaka,1957,1,28.0,13.0,68.0,77.0,0.725925926,2.0,7.343396226,23.78,90.39,9,0,Winter,Moderate,15.0,5236.0
Dhaka,1957,2,30.8,13.4,69.0,70.0,0.924074074,2.0,8.130188679,23.78,90.39,9,0,Winter,Moderate,17.4,4830.0
Sylhet,1957,5,34.9,22.4,893.0,87.0,1.668518519,5.8,6.025,24.88,91.93,35,1,Pre-Monsoon,Extreme,12.5,77691.0
Comilla,1957,6,34.6,24.8,374.0,85.0,2.501851852,5.3,4.927272727,23.48,91.19,10,1,Monsoon,High,9.8,31790.0
Cox's Bazar,1957,6,33.3,25.1,493.0,86.0,3.238888889,6.5,4.033962264,21.46,91.98,4,1,Monsoon,High,8.199999999999996,42398.0
Dinajpur,1957,6,37.2,23.9,240.0,77.0,1.024074074,4.9,5.228,25.63,88.66,37,1,Monsoon,High,13.300000000000004,18480.0
Maijdee Court,1957,6,34.4,24.9,695.0,84.0,1.998148148,5.3,3.872413793,22.83,91.08,6,1,Monsoon,Extreme,9.5,58380.0
Mymensingh,1957,6,34.9,24.2,579.0,87.0,1.7,6.6,4.02,24.75,90.41,19,1,Monsoon,Extreme,10.7,50373.0
Rangpur,1957,6,35.0,24.0,439.0,85.0,1.542592593,5.5,4.894285714,25.72,89.26,34,1,Monsoon,High,11.0,37315.0
Srimangal,1957,6,34.4,23.6,611.0,86.0,0.914814815,5.7,4.346428571,24.29,91.73,23,1,Monsoon,Extreme,10.799999999999995,52546.0
Sylhet,1957,6,33.6,24.4,625.0,90.0,1.566666667,6.6,3.644230769,24.88,91.93,35,1,Monsoon,Extreme,9.200000000000005,56250.0
Barisal,1957,7,33.3,26.0,564.0,87.0,1.57037037,5.8,3.738297872,22.7,90.36,4,1,Monsoon,Extreme,7.299999999999997,49068.0
Bogra,1957,7,32.0,26.1,490.0,87.0,1.577777778,6.0,4.435849057,24.88,89.36,20,1,Monsoon,High,5.899999999999999,42630.0
Chittagong (IAP-Patenga),1957,7,33.6,25.4,560.0,87.0,4.577777778,6.2,4.28490566,22.34,91.79,6,1,Monsoon,Extreme,8.200000000000003,48720.0
Comilla,1957,7,33.3,25.5,384.0,85.0,2.481481481,5.8,4.566666667,23.48,91.19,10,1,Monsoon,High,7.799999999999997,32640.0
Cox's Bazar,1957,7,33.2,24.7,1027.0,91.0,3.298148148,6.8,3.724528302,21.46,91.98,4,1,Monsoon,Extreme,8.500000000000004,93457.0
Dinajpur,1957,7,34.4,24.1,449.0,85.0,0.955555556,6.2,4.288,25.63,88.66,37,1,Monsoon,High,10.299999999999995,38165.0
Jessore,1957,7,34.4,25.9,381.0,89.0,2.955555556,6.4,3.972340426,23.17,89.22,7,1,Monsoon,High,8.5,33909.0
Khulna,1957,7,35.2,26.1,414.0,90.0,1.596296296,6.8,3.89,22.8,89.58,4,1,Monsoon,High,9.1,37260.0
Maijdee Court,1957,7,32.2,25.7,578.0,85.0,2.0,6.0,3.575862069,22.83,91.08,6,1,Monsoon,Extreme,6.500000000000004,49130.0
Sylhet,1957,7,33.9,25.5,447.0,88.0,1.512962963,6.9,3.719230769,24.88,91.93,35,1,Monsoon,High,8.399999999999999,39336.0
Dinajpur,1957,8,36.7,23.5,218.0,85.0,0.885185185,5.0,5.208,25.63,88.66,37,1,Monsoon,High,13.200000000000005,18530.0
Maijdee Court,1957,8,35.2,25.5,492.0,86.0,1.77962963,6.2,4.64137931,22.83,91.08,6,1,Monsoon,High,9.700000000000005,42312.0
Sylhet,1957,8,36.2,25.0,524.0,86.0,1.390740741,6.3,4.473076923,24.88,91.93,35,1,Monsoon,Extreme,11.200000000000005,45064.0
Comilla,1957,9,34.5,25.3,366.0,86.0,1.537037037,4.9,5.548484848,23.48,91.19,10,1,Monsoon,High,9.2,31476.0
Cox's Bazar,1957,9,34.0,24.8,407.0,85.0,2.190740741,5.6,5.873584906,21.46,91.98,4,1,Monsoon,High,9.2,34595.0
Dhaka,1957,10,32.9,22.8,29.0,79.0,0.714814815,3.5,6.903773585,23.78,90.39,9,0,Post-Monsoon,Low,10.099999999999998,2291.0
Dhaka,1957,11,30.6,15.9,0.0,70.0,0.555555556,1.8,7.822641509,23.78,90.39,9,0,Post-Monsoon,Low,14.7,0.0
Dhaka,1957,12,28.8,12.7,0.0,74.0,0.562962963,0.7,7.49245283,23.78,90.39,9,0,Winter,Low,16.1,0.0
Dhaka,1958,1,30.6,12.6,0.0,71.0,0.725925926,1.8,7.343396226,23.78,90.39,9,0,Winter,Low,18.0,0.0
Dhaka,1958,2,31.0,14.8,95.0,70.0,0.924074074,2.5,8.130188679,23.78,90.39,9,0,Winter,Moderate,16.2,6650.0
Barisal,1958,5,36.1,26.2,289.0,83.0,1.703703704,4.0,7.046808511,22.7,90.36,4,1,Pre-Monsoon,High,9.900000000000002,23987.0
Sylhet,1958,5,34.5,23.0,667.0,84.0,1.668518519,5.3,6.025,24.88,91.93,35,1,Pre-Monsoon,Extreme,11.5,56028.0
Dinajpur,1958,6,37.2,25.6,346.0,77.0,1.024074074,4.0,5.228,25.63,88.66,37,1,Monsoon,High,11.6,26642.0
Maijdee Court,1958,6,34.4,26.1,668.0,83.0,1.998148148,6.1,3.872413793,22.83,91.08,6,1,Monsoon,Extreme,8.299999999999997,55444.0
Mymensingh,1958,6,35.9,25.5,432.0,87.0,1.7,5.7,4.02,24.75,90.41,19,1,Monsoon,High,10.4,37584.0
Sylhet,1958,6,35.2,24.9,512.0,86.0,1.566666667,6.0,3.644230769,24.88,91.93,35,1,Monsoon,Extreme,10.300000000000004,44032.0
Barisal,1958,7,33.3,26.2,414.0,90.0,1.57037037,6.0,3.738297872,22.7,90.36,4,1,Monsoon,High,7.099999999999998,37260.0
Bogra,1958,7,37.8,26.7,372.0,83.0,1.577777778,5.5,4.435849057,24.88,89.36,20,1,Monsoon,High,11.099999999999998,30876.0
Cox's Bazar,1958,7,32.7,25.0,831.0,90.0,3.298148148,7.0,3.724528302,21.46,91.98,4,1,Monsoon,Extreme,7.700000000000003,74790.0
Dinajpur,1958,7,35.0,26.6,207.0,84.0,0.955555556,5.2,4.288,25.63,88.66,37,1,Monsoon,High,8.399999999999999,17388.0
Maijdee Court,1958,7,32.2,25.2,596.0,86.0,2.0,6.2,3.575862069,22.83,91.08,6,1,Monsoon,Extreme,7.000000000000004,51256.0
Rangpur,1958,7,32.2,25.8,412.0,86.07272727,1.474074074,5.9,4.348571429,25.72,89.26,34,1,Monsoon,High,6.400000000000002,35461.96363524
Satkhira,1958,7,34.7,26.1,320.0,89.0,1.514814815,1.9,3.93,22.68,89.07,6,1,Monsoon,High,8.600000000000001,28480.0
Bogra,1958,8,34.7,26.1,442.0,88.0,1.424074074,6.2,5.001886792,24.88,89.36,20,1,Monsoon,High,8.600000000000001,38896.0
Chittagong (IAP-Patenga),1958,8,33.7,25.0,455.0,85.0,4.088888889,6.3,4.886792453,22.34,91.79,6,1,Monsoon,High,8.700000000000003,38675.0
Comilla,1958,8,33.9,25.5,373.0,86.0,2.209259259,5.9,5.233333333,23.48,91.19,10,1,Monsoon,High,8.399999999999999,32078.0
Cox's Bazar,1958,8,32.2,25.0,504.0,89.0,2.898148148,6.9,4.483018868,21.46,91.98,4,1,Monsoon,Extreme,7.200000000000003,44856.0
Dinajpur,1958,8,34.4,25.9,502.0,89.0,0.885185185,6.5,5.208,25.63,88.66,37,1,Monsoon,Extreme,8.5,44678.0
Maijdee Court,1958,8,33.1,25.5,590.0,86.0,1.77962963,6.2,4.64137931,22.83,91.08,6,1,Monsoon,Extreme,7.600000000000001,50740.0
Mymensingh,1958,8,33.5,25.6,523.0,88.0,1.411111111,7.1,4.377142857,24.75,90.41,19,1,Monsoon,Extreme,7.899999999999999,46024.0
Sylhet,1958,8,34.4,25.0,640.0,90.0,1.390740741,6.8,4.473076923,24.88,91.93,35,1,Monsoon,Extreme,9.4,57600.0
Barisal,1958,9,34.4,26.0,321.0,85.0,0.937037037,5.4,4.823404255,22.7,90.36,4,1,Monsoon,High,8.399999999999999,27285.0
Bogra,1958,9,33.4,26.5,303.0,85.0,1.205555556,5.0,5.447169811,24.88,89.36,20,1,Monsoon,High,6.899999999999999,25755.0
Chittagong (IAP-Patenga),1958,9,33.3,25.0,503.0,85.0,2.955555556,6.2,5.824528302,22.34,91.79,6,1,Monsoon,Extreme,8.299999999999997,42755.0
Cox's Bazar,1958,9,33.8,25.0,421.0,88.0,2.190740741,6.7,5.873584906,21.46,91.98,4,1,Monsoon,High,8.799999999999997,37048.0
Dinajpur,1958,9,35.0,26.1,203.0,85.0,0.753703704,3.7,5.184,25.63,88.66,37,1,Monsoon,High,8.899999999999999,17255.0
Sylhet,1958,9,34.8,25.0,453.0,87.0,1.175925926,5.5,4.711538462,24.88,91.93,35,1,Monsoon,High,9.799999999999995,39411.0
Dhaka,1958,10,33.9,24.4,191.0,83.0,0.714814815,4.8,6.903773585,23.78,90.39,9,0,Post-Monsoon,Moderate,9.5,15853.0
Faridpur,1958,10,33.7,24.8,364.0,84.0,0.862962963,4.9,6.906896552,23.61,89.84,9,1,Post-Monsoon,High,8.900000000000002,30576.0
Dhaka,1958,11,33.1,18.5,0.0,77.0,0.555555556,2.6,7.822641509,23.78,90.39,9,0,Post-Monsoon,Low,14.6,0.0
Dhaka,1958,12,29.6,13.4,0.0,77.0,0.562962963,1.7,7.49245283,23.78,90.39,9,0,Winter,Low,16.200000000000003,0.0
Dhaka,1959,1,29.1,12.1,15.0,75.0,0.725925926,1.9,7.343396226,23.78,90.39,9,0,Winter,Low,17.0,1125.0
Dhaka,1959,2,31.0,13.4,4.0,66.0,0.924074074,1.7,8.130188679,23.78,90.39,9,0,Winter,Low,17.6,264.0
Dinajpur,1959,4,37.2,22.6,133.0,67.0,1.155555556,1.2,7.424,25.63,88.66,37,1,Pre-Monsoon,Moderate,14.6,8911.0
Dinajpur,1959,5,36.7,24.1,166.0,75.0,1.027777778,4.2,6.848,25.63,88.66,37,1,Pre-Monsoon,Moderate,12.6,12450.0
Maijdee Court,1959,5,34.9,25.1,467.0,82.0,1.703703704,4.4,6.513793103,22.83,91.08,6,1,Pre-Monsoon,High,9.799999999999995,38294.0
Sylhet,1959,5,34.1,22.3,800.0,85.0,1.668518519,6.0,6.025,24.88,91.93,35,1,Pre-Monsoon,Extreme,11.8,68000.0
Barisal,1959,6,34.6,25.8,377.0,85.0,1.631481481,5.4,4.072340426,22.7,90.36,4,1,Monsoon,High,8.8,32045.0
Chittagong (IAP-Patenga),1959,6,35.1,25.4,519.0,86.0,4.477777778,6.3,4.254716981,22.34,91.79,6,1,Monsoon,Extreme,9.700000000000005,44634.0
Cox's Bazar,1959,6,33.8,25.1,550.0,85.0,3.238888889,6.8,4.033962264,21.46,91.98,4,1,Monsoon,Extreme,8.699999999999996,46750.0
Dinajpur,1959,6,35.6,25.3,293.0,84.0,1.024074074,6.0,5.228,25.63,88.66,37,1,Monsoon,High,10.3,24612.0
Maijdee Court,1959,6,33.7,25.7,613.0,88.0,1.998148148,6.2,3.872413793,22.83,91.08,6,1,Monsoon,Extreme,8.000000000000004,53944.0
Mymensingh,1959,6,35.3,25.2,505.0,87.0,1.7,6.3,4.02,24.75,90.41,19,1,Monsoon,Extreme,10.099999999999998,43935.0
Rangpur,1959,6,34.4,24.9,583.0,87.0,1.542592593,6.0,4.894285714,25.72,89.26,34,1,Monsoon,Extreme,9.5,50721.0
Sylhet,1959,6,35.1,24.6,1106.0,90.0,1.566666667,6.5,3.644230769,24.88,91.93,35,1,Monsoon,Extreme,10.5,99540.0
Barisal,1959,7,33.8,25.8,751.0,87.0,1.57037037,6.5,3.738297872,22.7,90.36,4,1,Monsoon,Extreme,7.9999999999999964,65337.0
Chittagong (IAP-Patenga),1959,7,33.6,25.5,553.0,87.0,4.577777778,6.5,4.28490566,22.34,91.79,6,1,Monsoon,Extreme,8.100000000000001,48111.0
Comilla,1959,7,33.9,25.5,396.0,85.0,2.481481481,6.9,4.566666667,23.48,91.19,10,1,Monsoon,High,8.399999999999999,33660.0
Cox's Bazar,1959,7,33.2,24.9,1023.0,87.0,3.298148148,6.9,3.724528302,21.46,91.98,4,1,Monsoon,Extreme,8.300000000000004,89001.0
Dinajpur,1959,7,35.6,26.3,234.0,84.0,0.955555556,4.9,4.288,25.63,88.66,37,1,Monsoon,High,9.3,19656.0
Khulna,1959,7,33.4,26.2,463.0,90.0,1.596296296,6.7,3.89,22.8,89.58,4,1,Monsoon,High,7.199999999999999,41670.0
Maijdee Court,1959,7,33.2,25.5,775.0,85.0,2.0,6.6,3.575862069,22.83,91.08,6,1,Monsoon,Extreme,7.700000000000003,65875.0
Satkhira,1959,7,34.5,26.1,407.0,88.0,1.514814815,2.5,3.93,22.68,89.07,6,1,Monsoon,High,8.399999999999999,35816.0
Barisal,1959,8,32.7,25.8,621.0,87.0,1.32962963,6.1,4.272340426,22.7,90.36,4,1,Monsoon,Extreme,6.900000000000002,54027.0
Bogra,1959,8,34.1,26.2,722.0,87.0,1.424074074,6.1,5.001886792,24.88,89.36,20,1,Monsoon,Extreme,7.900000000000002,62814.0
Chittagong (IAP-Patenga),1959,8,31.9,24.9,696.0,89.0,4.088888889,6.6,4.886792453,22.34,91.79,6,1,Monsoon,Extreme,7.0,61944.0
Comilla,1959,8,35.6,25.2,581.0,86.0,2.209259259,6.4,5.233333333,23.48,91.19,10,1,Monsoon,Extreme,10.400000000000002,49966.0
Cox's Bazar,1959,8,31.1,24.8,853.0,92.0,2.898148148,7.1,4.483018868,21.46,91.98,4,1,Monsoon,Extreme,6.300000000000001,78476.0
Dinajpur,1959,8,35.6,26.3,213.0,83.0,0.885185185,5.1,5.208,25.63,88.66,37,1,Monsoon,High,9.3,17679.0
Faridpur,1959,8,33.1,25.4,489.0,86.0,1.640740741,6.2,4.95862069,23.61,89.84,9,1,Monsoon,High,7.700000000000003,42054.0
Jessore,1959,8,33.3,25.7,478.0,91.0,2.637037037,6.3,4.461702128,23.17,89.22,7,1,Monsoon,High,7.599999999999998,43498.0
Khulna,1959,8,32.8,25.9,402.0,88.0,1.583333333,6.4,4.363333333,22.8,89.58,4,1,Monsoon,High,6.899999999999999,35376.0
Maijdee Court,1959,8,32.4,25.3,502.0,87.0,1.77962963,5.7,4.64137931,22.83,91.08,6,1,Monsoon,Extreme,7.099999999999998,43674.0
Mymensingh,1959,8,36.8,25.7,931.0,86.0,1.411111111,6.1,4.377142857,24.75,90.41,19,1,Monsoon,Extreme,11.099999999999998,80066.0
Rangamati,1959,8,33.0,24.5,412.0,90.0,1.351851852,6.3,4.744444444,22.67,92.2,63,1,Monsoon,High,8.5,37080.0
Satkhira,1959,8,33.4,25.9,430.0,88.0,1.364814815,2.0,4.373333333,22.68,89.07,6,1,Monsoon,High,7.5,37840.0
Sylhet,1959,8,34.3,25.4,600.0,87.0,1.390740741,6.1,4.473076923,24.88,91.93,35,1,Monsoon,Extreme,8.899999999999999,52200.0
Barisal,1959,9,33.8,25.3,608.0,91.0,0.937037037,5.7,4.823404255,22.7,90.36,4,1,Monsoon,Extreme,8.499999999999996,55328.0
Cox's Bazar,1959,9,32.2,24.5,372.0,90.0,2.190740741,7.0,5.873584906,21.46,91.98,4,1,Monsoon,High,7.700000000000003,33480.0
Dinajpur,1959,9,36.7,25.6,119.0,85.0,0.753703704,4.5,5.184,25.63,88.66,37,1,Monsoon,Moderate,11.1,10115.0
Faridpur,1959,9,33.3,24.7,528.0,89.0,1.375925926,6.3,5.14137931,23.61,89.84,9,1,Monsoon,Extreme,8.599999999999998,46992.0
Khulna,1959,9,33.4,25.6,439.0,90.0,1.107407407,6.0,4.906666667,22.8,89.58,4,1,Monsoon,High,7.799999999999997,39510.0
Maijdee Court,1959,9,32.7,25.1,424.0,89.0,1.266666667,6.1,4.951724138,22.83,91.08,6,1,Monsoon,High,7.600000000000001,37736.0
Satkhira,1959,9,33.6,25.6,399.0,90.0,1.140740741,2.3,4.913333333,22.68,89.07,6,1,Monsoon,High,8.0,35910.0
Sylhet,1959,9,34.2,24.6,710.0,87.0,1.175925926,6.1,4.711538462,24.88,91.93,35,1,Monsoon,Extreme,9.6,61770.0
Barisal,1959,10,32.3,24.3,475.0,87.0,0.490740741,4.4,7.0,22.7,90.36,4,1,Post-Monsoon,High,7.9999999999999964,41325.0
Bogra,1959,10,32.2,23.3,633.0,88.0,0.809259259,4.3,7.4,24.88,89.36,20,1,Post-Monsoon,Extreme,8.900000000000002,55704.0
Comilla,1959,10,36.7,23.5,311.0,87.0,0.912962963,4.6,6.839393939,23.48,91.19,10,1,Post-Monsoon,High,13.200000000000005,27057.0
Dhaka,1959,10,32.2,23.3,568.0,89.0,0.714814815,5.4,6.903773585,23.78,90.39,9,0,Post-Monsoon,Extreme,8.900000000000002,50552.0
Dinajpur,1959,10,35.6,22.5,362.0,85.0,0.542592593,3.0,6.916,25.63,88.66,37,1,Post-Monsoon,High,13.1,30770.0
Faridpur,1959,10,31.8,22.7,697.0,88.0,0.862962963,5.0,6.906896552,23.61,89.84,9,1,Post-Monsoon,Extreme,9.1,61336.0
Jessore,1959,10,32.8,23.8,511.0,90.0,1.077777778,5.0,6.574468085,23.17,89.22,7,1,Post-Monsoon,Extreme,8.999999999999996,45990.0
Khulna,1959,10,33.2,24.3,532.0,87.0,0.661111111,3.9,6.9,22.8,89.58,4,1,Post-Monsoon,Extreme,8.900000000000002,46284.0
Mymensingh,1959,10,37.2,22.7,626.0,86.0,0.7,4.4,6.52,24.75,90.41,19,1,Post-Monsoon,Extreme,14.500000000000004,53836.0
Satkhira,1959,10,32.7,24.1,373.0,88.0,0.864814815,2.5,6.62,22.68,89.07,6,1,Post-Monsoon,High,8.600000000000001,32824.0
Dhaka,1959,11,29.7,16.8,0.0,76.0,0.555555556,1.5,7.822641509,23.78,90.39,9,0,Post-Monsoon,Low,12.9,0.0
Dhaka,1959,12,27.4,12.7,0.0,76.0,0.562962963,1.2,7.49245283,23.78,90.39,9,0,Winter,Low,14.7,0.0
Dhaka,1960,1,27.4,10.5,0.0,68.0,1.3,1.3,7.343396226,23.78,90.39,9,0,Winter,Low,16.9,0.0
Dhaka,1960,2,34.3,14.5,0.0,59.0,1.5,0.6,8.130188679,23.78,90.39,9,0,Winter,Low,19.8,0.0
Barisal,1960,5,37.2,26.4,324.0,76.0,1.1,4.2,7.046808511,22.7,90.36,4,1,Pre-Monsoon,High,10.800000000000004,24624.0
Dinajpur,1960,5,37.2,23.4,188.0,60.0,0.4,2.9,6.848,25.63,88.66,37,1,Pre-Monsoon,Moderate,13.800000000000004,11280.0
Maijdee Court,1960,5,35.6,25.6,511.0,80.0,2.7,4.1,6.513793103,22.83,91.08,6,1,Pre-Monsoon,Extreme,10.0,40880.0
Satkhira,1960,5,37.7,26.5,481.0,75.0,1.0,4.0,7.856666667,22.68,89.07,6,1,Pre-Monsoon,High,11.200000000000005,36075.0
Barisal,1960,6,34.4,26.5,433.0,84.0,0.6,5.0,4.072340426,22.7,90.36,4,1,Monsoon,High,7.899999999999999,36372.0
Chittagong (IAP-Patenga),1960,6,35.0,25.7,434.0,85.0,2.8,5.5,4.254716981,22.34,91.79,6,1,Monsoon,High,9.3,36890.0
Comilla,1960,6,35.0,25.8,373.0,84.0,2.1,5.2,4.927272727,23.48,91.19,10,1,Monsoon,High,9.2,31332.0
Cox's Bazar,1960,6,33.8,25.4,644.0,86.0,4.2,6.1,4.033962264,21.46,91.98,4,1,Monsoon,Extreme,8.399999999999999,55384.0
Dinajpur,1960,6,36.1,24.8,219.0,79.0,0.3,4.2,5.228,25.63,88.66,37,1,Monsoon,High,11.3,17301.0
Maijdee Court,1960,6,33.7,25.6,517.0,85.0,1.7,5.0,3.872413793,22.83,91.08,6,1,Monsoon,Extreme,8.100000000000001,43945.0
Rangamati,1960,6,37.7,25.1,419.0,86.0,1.1,5.1,4.381481481,22.67,92.2,63,1,Monsoon,High,12.6,36034.0
Sylhet,1960,6,35.1,24.9,483.0,87.0,0.4,5.9,3.644230769,24.88,91.93,35,1,Monsoon,High,10.200000000000005,42021.0
Barisal,1960,7,32.8,25.5,716.0,89.0,0.4,6.0,3.738297872,22.7,90.36,4,1,Monsoon,Extreme,7.299999999999997,63724.0
Chittagong (IAP-Patenga),1960,7,33.8,25.1,811.0,91.0,3.7,6.9,4.28490566,22.34,91.79,6,1,Monsoon,Extreme,8.699999999999996,73801.0
Comilla,1960,7,34.4,25.2,591.0,88.0,4.0,5.8,4.566666667,23.48,91.19,10,1,Monsoon,Extreme,9.2,52008.0
Cox's Bazar,1960,7,31.6,25.3,705.0,89.0,4.6,7.1,3.724528302,21.46,91.98,4,1,Monsoon,Extreme,6.300000000000001,62745.0
Dinajpur,1960,7,35.0,25.5,573.0,85.0,0.3,5.9,4.288,25.63,88.66,37,1,Monsoon,Extreme,9.5,48705.0
Faridpur,1960,7,33.3,25.4,663.0,87.0,1.3,6.8,4.431034483,23.61,89.84,9,1,Monsoon,Extreme,7.899999999999999,57681.0
Jessore,1960,7,33.4,25.7,546.0,89.0,3.7,6.5,3.972340426,23.17,89.22,7,1,Monsoon,Extreme,7.699999999999999,48594.0
Khulna,1960,7,32.6,25.9,605.0,91.0,1.4,5.9,3.89,22.8,89.58,4,1,Monsoon,Extreme,6.700000000000003,55055.0
Maijdee Court,1960,7,33.3,24.9,845.0,91.0,4.0,6.9,3.575862069,22.83,91.08,6,1,Monsoon,Extreme,8.399999999999999,76895.0
Mymensingh,1960,7,33.3,25.4,384.0,88.0,0.9,6.6,3.691428571,24.75,90.41,19,1,Monsoon,High,7.899999999999999,33792.0
Rangamati,1960,7,34.8,24.6,730.0,90.0,1.2,6.1,3.748148148,22.67,92.2,63,1,Monsoon,Extreme,10.199999999999996,65700.0
Rangpur,1960,7,33.9,25.9,471.0,88.0,1.4,5.8,4.348571429,25.72,89.26,34,1,Monsoon,High,8.0,41448.0
Satkhira,1960,7,33.4,25.8,670.0,87.0,0.7,6.8,3.93,22.68,89.07,6,1,Monsoon,Extreme,7.599999999999998,58290.0
Sylhet,1960,7,34.4,24.8,1118.0,87.0,0.6,7.5,3.719230769,24.88,91.93,35,1,Monsoon,Extreme,9.599999999999998,97266.0
Barisal,1960,8,33.6,26.6,823.0,88.0,0.4,6.2,4.272340426,22.7,90.36,4,1,Monsoon,Extreme,7.0,72424.0
Cox's Bazar,1960,8,31.2,25.0,907.0,90.0,3.9,7.3,4.483018868,21.46,91.98,4,1,Monsoon,Extreme,6.199999999999999,81630.0
Dinajpur,1960,8,35.6,26.1,146.0,84.0,0.2,5.6,5.208,25.63,88.66,37,1,Monsoon,Moderate,9.5,12264.0
Maijdee Court,1960,8,37.7,25.8,508.0,90.0,4.0,6.0,4.64137931,22.83,91.08,6,1,Monsoon,Extreme,11.900000000000002,45720.0
Satkhira,1960,8,36.0,26.5,383.0,89.0,0.3,6.8,4.373333333,22.68,89.07,6,1,Monsoon,High,9.5,34087.0
Barisal,1960,9,34.0,25.9,650.0,88.0,0.3,5.4,4.823404255,22.7,90.36,4,1,Monsoon,Extreme,8.100000000000001,57200.0
Bogra,1960,9,42.6,25.9,406.0,90.0,1.0,6.1,5.447169811,24.88,89.36,20,1,Monsoon,High,16.700000000000003,36540.0
Comilla,1960,9,34.4,24.3,454.0,87.0,2.7,5.4,5.548484848,23.48,91.19,10,1,Monsoon,High,10.099999999999998,39498.0
Dinajpur,1960,9,35.6,24.3,370.0,87.0,0.1,5.1,5.184,25.63,88.66,37,1,Monsoon,High,11.3,32190.0
Maijdee Court,1960,9,33.6,25.5,541.0,89.0,1.2,6.0,4.951724138,22.83,91.08,6,1,Monsoon,Extreme,8.100000000000001,48149.0
Mymensingh,1960,9,34.7,25.6,579.0,88.0,0.6,5.7,4.231428571,24.75,90.41,19,1,Monsoon,Extreme,9.1,50952.0
Rangpur,1960,9,34.4,25.7,488.0,89.0,1.0,5.3,5.2,25.72,89.26,34,1,Monsoon,High,8.7,43432.0
Sylhet,1960,9,34.9,24.8,552.0,86.0,0.5,6.2,4.711538462,24.88,91.93,35,1,Monsoon,Extreme,10.099999999999998,47472.0
Barisal,1960,10,33.8,24.1,316.0,80.0,1.6,2.5,7.0,22.7,90.36,4,1,Post-Monsoon,High,9.699999999999996,25280.0
Dhaka,1960,10,33.4,23.6,38.0,80.0,1.0,3.2,6.903773585,23.78,90.39,9,0,Post-Monsoon,Low,9.799999999999995,3040.0
Dhaka,1960,11,28.9,16.6,24.0,75.0,0.8,2.1,7.822641509,23.78,90.39,9,0,Post-Monsoon,Low,12.299999999999995,1800.0
Dhaka,1960,12,28.7,12.9,0.0,75.0,0.7,1.9,7.49245283,23.78,90.39,9,0,Winter,Low,15.8,0.0
Dhaka,1961,1,29.2,12.4,1.0,71.0,1.0,1.8,8.5,23.78,90.39,9,0,Winter,Low,16.799999999999997,71.0
Dhaka,1961,2,31.7,13.4,12.0,66.0,1.5,2.5,7.7,23.78,90.39,9,0,Winter,Low,18.3,792.0
Barisal,1961,5,36.6,25.5,303.0,81.0,1.2,3.6,7.046808511,22.7,90.36,4,1,Pre-Monsoon,High,11.1,24543.0
Sylhet,1961,5,36.9,23.3,605.0,81.0,1.7,4.9,6.025,24.88,91.93,35,1,Pre-Monsoon,Extreme,13.599999999999998,49005.0
Barisal,1961,6,36.1,25.7,553.0,86.0,0.5,5.9,4.072340426,22.7,90.36,4,1,Monsoon,Extreme,10.400000000000002,47558.0
Chittagong (IAP-Patenga),1961,6,34.4,25.1,948.0,88.0,3.7,6.8,4.5,22.34,91.79,6,1,Monsoon,Extreme,9.299999999999995,83424.0
Comilla,1961,6,36.1,25.2,639.0,85.0,3.3,5.5,4.927272727,23.48,91.19,10,1,Monsoon,Extreme,10.900000000000002,54315.0
Cox's Bazar,1961,6,33.5,25.4,719.0,88.0,3.4,7.1,4.9,21.46,91.98,4,1,Monsoon,Extreme,8.100000000000001,63272.0
Dinajpur,1961,6,37.2,25.6,404.0,83.0,0.4,4.8,5.228,25.63,88.66,37,1,Monsoon,High,11.6,33532.0
Khulna,1961,6,35.4,26.4,411.0,89.0,0.5,5.6,4.546666667,22.8,89.58,4,1,Monsoon,High,9.0,36579.0
Maijdee Court,1961,6,34.3,25.1,654.0,87.0,3.0,6.5,3.872413793,22.83,91.08,6,1,Monsoon,Extreme,9.199999999999996,56898.0
Mymensingh,1961,6,36.9,24.9,456.0,87.0,0.6,5.7,4.02,24.75,90.41,19,1,Monsoon,High,12.0,39672.0
Rangamati,1961,6,35.2,24.5,1081.0,88.0,1.6,5.9,4.381481481,22.67,92.2,63,1,Monsoon,Extreme,10.700000000000005,95128.0
Rangpur,1961,6,36.8,25.2,440.0,86.0,1.3,5.7,4.894285714,25.72,89.26,34,1,Monsoon,High,11.599999999999998,37840.0
Satkhira,1961,6,36.0,26.1,393.0,85.0,0.3,6.7,4.386666667,22.68,89.07,6,1,Monsoon,High,9.9,33405.0
Sylhet,1961,6,35.8,24.6,922.0,87.0,1.5,6.7,3.644230769,24.88,91.93,35,1,Monsoon,Extreme,11.199999999999996,80214.0
Chittagong (IAP-Patenga),1961,7,33.3,25.1,1171.0,91.0,5.0,7.2,4.5,22.34,91.79,6,1,Monsoon,Extreme,8.199999999999996,106561.0
Comilla,1961,7,34.4,25.4,382.0,85.0,2.9,6.2,4.566666667,23.48,91.19,10,1,Monsoon,High,9.0,32470.0
Cox's Bazar,1961,7,31.8,24.7,1387.0,93.0,3.4,7.4,3.5,21.46,91.98,4,1,Monsoon,Extreme,7.100000000000001,128991.0
Dinajpur,1961,7,35.0,26.6,149.0,83.0,0.2,4.8,4.288,25.63,88.66,37,1,Monsoon,Moderate,8.399999999999999,12367.0
Faridpur,1961,7,33.9,25.7,415.0,83.0,1.1,6.2,4.431034483,23.61,89.84,9,1,Monsoon,High,8.2,34445.0
Maijdee Court,1961,7,32.6,25.2,596.0,89.0,2.5,6.7,3.575862069,22.83,91.08,6,1,Monsoon,Extreme,7.400000000000002,53044.0
Rangamati,1961,7,34.3,25.0,857.0,87.0,3.0,5.9,3.748148148,22.67,92.2,63,1,Monsoon,Extreme,9.299999999999995,74559.0
Barisal,1961,8,33.8,26.0,529.0,86.0,0.3,5.5,4.272340426,22.7,90.36,4,1,Monsoon,Extreme,7.799999999999997,45494.0
Bogra,1961,8,34.2,26.3,492.0,89.0,1.0,5.9,5.9,24.88,89.36,20,1,Monsoon,High,7.900000000000002,43788.0
Chittagong (IAP-Patenga),1961,8,34.0,25.3,900.0,89.0,4.6,7.1,6.7,22.34,91.79,6,1,Monsoon,Extreme,8.7,80100.0
Comilla,1961,8,33.9,25.5,577.0,87.0,3.7,6.0,5.233333333,23.48,91.19,10,1,Monsoon,Extreme,8.399999999999999,50199.0
Cox's Bazar,1961,8,31.7,25.1,937.0,92.0,3.5,7.3,4.5,21.46,91.98,4,1,Monsoon,Extreme,6.599999999999998,86204.0
Dinajpur,1961,8,35.0,26.6,192.0,85.0,0.2,5.6,5.208,25.63,88.66,37,1,Monsoon,Moderate,8.399999999999999,16320.0
Jessore,1961,8,34.4,26.3,418.0,86.0,0.9,6.0,4.461702128,23.17,89.22,7,1,Monsoon,High,8.099999999999998,35948.0
Khulna,1961,8,33.2,26.4,412.0,89.0,0.2,5.2,4.363333333,22.8,89.58,4,1,Monsoon,High,6.800000000000004,36668.0
Maijdee Court,1961,8,33.8,25.3,648.0,89.0,2.5,6.7,4.64137931,22.83,91.08,6,1,Monsoon,Extreme,8.499999999999996,57672.0
Rangamati,1961,8,34.1,25.2,660.0,88.0,2.7,6.0,4.744444444,22.67,92.2,63,1,Monsoon,Extreme,8.900000000000002,58080.0
Sylhet,1961,8,35.1,25.4,509.0,86.0,1.3,6.6,4.473076923,24.88,91.93,35,1,Monsoon,Extreme,9.700000000000005,43774.0
Cox's Bazar,1961,9,31.3,24.7,574.0,90.0,3.3,7.0,4.6,21.46,91.98,4,1,Monsoon,Extreme,6.600000000000001,51660.0
Dinajpur,1961,9,35.6,25.9,133.0,82.0,0.1,4.0,5.184,25.63,88.66,37,1,Monsoon,Moderate,9.700000000000005,10906.0
Maijdee Court,1961,9,35.1,24.8,529.0,88.0,2.1,6.3,4.951724138,22.83,91.08,6,1,Monsoon,Extreme,10.3,46552.0
Dhaka,1961,10,32.6,23.7,52.0,84.0,1.0,3.9,7.3,23.78,90.39,9,0,Post-Monsoon,Moderate,8.900000000000002,4368.0
Dhaka,1961,11,30.6,16.4,0.0,76.0,0.7,1.6,9.1,23.78,90.39,9,0,Post-Monsoon,Low,14.200000000000005,0.0
Dhaka,1961,12,31.0,10.3,0.0,77.0,1.3,0.8,9.2,23.78,90.39,9,0,Winter,Low,20.7,0.0
Dhaka,1962,1,29.3,9.5,0.0,70.0,1.2,0.6,9.4,23.78,90.39,9,0,Winter,Low,19.8,0.0
Dhaka,1962,2,31.6,14.0,15.0,66.0,1.1,1.6,9.2,23.78,90.39,9,0,Winter,Low,17.6,990.0
Barisal,1962,6,34.8,25.7,325.0,84.0,1.4,6.5,4.072340426,22.7,90.36,4,1,Monsoon,High,9.099999999999998,27300.0
Chittagong (IAP-Patenga),1962,6,33.6,25.2,714.0,88.0,4.3,6.8,3.9,22.34,91.79,6,1,Monsoon,Extreme,8.400000000000002,62832.0
Comilla,1962,6,34.4,23.9,446.0,87.0,1.9,7.4,4.927272727,23.48,91.19,10,1,Monsoon,High,10.5,38802.0
Cox's Bazar,1962,6,33.2,25.2,1105.0,88.0,4.2,6.9,4.2,21.46,91.98,4,1,Monsoon,Extreme,8.000000000000004,97240.0
Dinajpur,1962,6,35.6,24.9,193.0,81.0,0.3,5.5,5.228,25.63,88.66,37,1,Monsoon,Moderate,10.700000000000005,15633.0
Maijdee Court,1962,6,34.2,25.4,428.0,87.0,2.6,6.9,3.872413793,22.83,91.08,6,1,Monsoon,High,8.800000000000004,37236.0
Mymensingh,1962,6,35.6,25.1,461.0,86.0,0.6,6.3,4.02,24.75,90.41,19,1,Monsoon,High,10.5,39646.0
Rangamati,1962,6,35.8,25.0,542.0,86.0,2.2,6.3,4.381481481,22.67,92.2,63,1,Monsoon,Extreme,10.799999999999995,46612.0
Rangpur,1962,6,35.0,25.1,464.0,87.0,1.2,5.7,4.894285714,25.72,89.26,34,1,Monsoon,High,9.9,40368.0
Satkhira,1962,6,37.4,25.7,330.0,87.0,0.4,6.6,4.386666667,22.68,89.07,6,1,Monsoon,High,11.7,28710.0
Srimangal,1962,6,34.5,24.5,678.0,85.0,0.8,5.0,4.346428571,24.29,91.73,23,1,Monsoon,Extreme,10.0,57630.0
Sylhet,1962,6,34.7,24.8,918.0,89.0,0.7,7.7,3.7,24.88,91.93,35,1,Monsoon,Extreme,9.900000000000002,81702.0
Barisal,1962,7,34.4,26.6,421.0,84.0,1.2,5.7,3.738297872,22.7,90.36,4,1,Monsoon,High,7.799999999999997,35364.0
Chittagong (IAP-Patenga),1962,7,34.1,25.7,511.0,88.0,4.1,6.3,7.0,22.34,91.79,6,1,Monsoon,Extreme,8.400000000000002,44968.0
Comilla,1962,7,36.7,24.8,456.0,87.0,2.1,6.9,4.566666667,23.48,91.19,10,1,Monsoon,High,11.900000000000002,39672.0
Cox's Bazar,1962,7,33.3,25.4,625.0,87.0,4.2,6.7,5.8,21.46,91.98,4,1,Monsoon,Extreme,7.899999999999999,54375.0
Dinajpur,1962,7,36.1,25.5,179.0,84.0,0.2,5.0,4.288,25.63,88.66,37,1,Monsoon,Moderate,10.6,15036.0
Faridpur,1962,7,35.6,26.4,388.0,87.0,1.8,6.3,4.431034483,23.61,89.84,9,1,Monsoon,High,9.200000000000005,33756.0
Khulna,1962,7,32.0,26.0,362.0,89.0,1.6,5.8,3.89,22.8,89.58,4,1,Monsoon,High,6.0,32218.0
Maijdee Court,1962,7,34.4,25.7,848.0,86.0,2.6,6.4,3.575862069,22.83,91.08,6,1,Monsoon,Extreme,8.7,72928.0
Cox's Bazar,1962,8,30.9,25.0,499.0,88.0,3.9,7.0,5.5,21.46,91.98,4,1,Monsoon,High,5.899999999999999,43912.0
Dinajpur,1962,8,35.6,24.7,556.0,86.0,0.2,5.9,5.208,25.63,88.66,37,1,Monsoon,Extreme,10.900000000000002,47816.0
Maijdee Court,1962,8,32.7,25.1,687.0,87.0,2.3,6.8,4.64137931,22.83,91.08,6,1,Monsoon,Extreme,7.600000000000001,59769.0
Rangamati,1962,8,34.1,25.1,530.0,87.0,2.2,6.3,4.744444444,22.67,92.2,63,1,Monsoon,Extreme,9.0,46110.0
Rangpur,1962,8,33.9,25.8,572.0,88.0,1.4,5.8,5.145714286,25.72,89.26,34,1,Monsoon,Extreme,8.099999999999998,50336.0
Satkhira,1962,8,33.4,25.8,327.0,88.0,0.2,6.2,4.373333333,22.68,89.07,6,1,Monsoon,High,7.599999999999998,28776.0
Sylhet,1962,8,33.9,24.7,822.0,89.0,0.6,7.6,3.4,24.88,91.93,35,1,Monsoon,Extreme,9.2,73158.0
Barisal,1962,9,33.8,26.3,333.0,85.0,1.5,5.4,4.823404255,22.7,90.36,4,1,Monsoon,High,7.4999999999999964,28305.0
Dinajpur,1962,9,37.2,24.7,347.0,83.0,0.2,3.6,5.184,25.63,88.66,37,1,Monsoon,High,12.500000000000004,28801.0
Rangamati,1962,9,35.1,25.5,472.0,82.0,1.4,5.7,5.3,22.67,92.2,63,1,Monsoon,High,9.6,38704.0
Dhaka,1962,10,32.5,23.1,180.0,78.0,0.6,3.5,7.0,23.78,90.39,9,0,Post-Monsoon,Moderate,9.4,14040.0
Maijdee Court,1962,10,32.2,23.7,420.0,84.0,1.3,3.5,6.631034483,22.83,91.08,6,1,Post-Monsoon,High,8.500000000000004,35280.0
Dhaka,1962,11,31.1,16.6,0.0,74.0,0.4,0.8,9.9,23.78,90.39,9,0,Post-Monsoon,Low,14.5,0.0
Dhaka,1962,12,28.0,12.2,0.0,74.0,0.7,0.9,9.3,23.78,90.39,9,0,Winter,Low,15.8,0.0
Dhaka,1963,1,28.1,10.6,0.0,67.0,0.5,0.6,9.4,23.78,90.39,9,0,Winter,Low,17.5,0.0
Dhaka,1963,2,33.1,15.2,0.0,56.0,0.8,0.8,9.9,23.78,90.39,9,0,Winter,Low,17.900000000000002,0.0
Cox's Bazar,1963,5,32.7,23.8,617.0,80.0,3.3,5.7,8.0,21.46,91.98,4,1,Pre-Monsoon,Extreme,8.900000000000002,49360.0
Chittagong (IAP-Patenga),1963,6,33.7,25.3,748.0,84.0,4.8,6.9,4.0,22.34,91.79,6,1,Monsoon,Extreme,8.400000000000002,62832.0
Comilla,1963,6,32.2,25.3,414.0,86.0,2.6,5.7,4.927272727,23.48,91.19,10,1,Monsoon,High,6.900000000000002,35604.0
Cox's Bazar,1963,6,36.1,24.8,1027.0,88.0,5.9,7.1,5.3,21.46,91.98,4,1,Monsoon,Extreme,11.3,90376.0
Dinajpur,1963,6,36.1,25.5,246.0,80.0,0.3,4.8,5.228,25.63,88.66,37,1,Monsoon,High,10.6,19680.0
Faridpur,1963,6,35.6,23.6,530.0,87.0,1.2,6.2,5.0,23.61,89.84,9,1,Monsoon,Extreme,12.0,46110.0
Ishurdi,1963,6,35.4,25.6,391.0,86.0,2.7,6.6,5.168965517,24.12,89.04,14,1,Monsoon,High,9.799999999999995,33626.0
Khulna,1963,6,36.1,26.1,535.0,85.0,1.2,6.1,4.546666667,22.8,89.58,4,1,Monsoon,Extreme,10.0,45475.0
Maijdee Court,1963,6,34.4,25.8,520.0,89.0,1.7,6.6,3.872413793,22.83,91.08,6,1,Monsoon,Extreme,8.599999999999998,46280.0
Mymensingh,1963,6,35.4,24.8,518.0,88.0,0.5,6.3,4.02,24.75,90.41,19,1,Monsoon,Extreme,10.599999999999998,45584.0
Rangamati,1963,6,35.9,25.3,773.0,87.0,2.3,6.3,4.381481481,22.67,92.2,63,1,Monsoon,Extreme,10.599999999999998,67251.0
Satkhira,1963,6,37.3,25.9,506.0,84.0,0.8,6.2,4.386666667,22.68,89.07,6,1,Monsoon,Extreme,11.4,42504.0
Sylhet,1963,6,35.8,24.6,810.0,89.0,1.8,6.8,3.9,24.88,91.93,35,1,Monsoon,Extreme,11.199999999999996,72090.0
Barisal,1963,7,32.7,26.2,372.0,87.0,0.7,5.6,3.738297872,22.7,90.36,4,1,Monsoon,High,6.500000000000004,32364.0
Bogra,1963,7,33.9,26.5,457.0,88.0,1.6,6.6,5.3,24.88,89.36,20,1,Monsoon,High,7.399999999999999,40216.0
Chittagong (IAP-Patenga),1963,7,32.2,25.2,970.0,86.0,4.9,7.2,3.1,22.34,91.79,6,1,Monsoon,Extreme,7.000000000000004,83420.0
Comilla,1963,7,31.3,25.3,447.0,87.0,2.6,6.1,4.566666667,23.48,91.19,10,1,Monsoon,High,6.0,38889.0
Cox's Bazar,1963,7,31.6,25.2,1104.0,93.0,6.1,7.4,2.4,21.46,91.98,4,1,Monsoon,Extreme,6.400000000000002,102672.0
Dinajpur,1963,7,35.0,25.9,380.0,86.0,0.3,5.9,4.288,25.63,88.66,37,1,Monsoon,High,9.1,32680.0
Maijdee Court,1963,7,31.5,25.5,583.0,89.0,2.0,6.6,3.575862069,22.83,91.08,6,1,Monsoon,Extreme,6.0,51887.0
Mymensingh,1963,7,33.8,25.9,410.0,91.0,0.5,6.8,3.691428571,24.75,90.41,19,1,Monsoon,High,7.899999999999999,37310.0
Rangamati,1963,7,33.8,25.1,950.0,89.0,2.6,6.1,3.748148148,22.67,92.2,63,1,Monsoon,Extreme,8.699999999999996,84550.0
Rangpur,1963,7,33.3,26.1,566.0,89.0,1.1,5.5,4.348571429,25.72,89.26,34,1,Monsoon,Extreme,7.199999999999996,50374.0
Satkhira,1963,7,36.3,26.3,394.0,87.0,0.5,6.6,3.93,22.68,89.07,6,1,Monsoon,High,9.999999999999996,34278.0
Sylhet,1963,7,35.6,25.4,681.0,89.0,1.4,7.1,4.1,24.88,91.93,35,1,Monsoon,Extreme,10.200000000000005,60609.0
Comilla,1963,8,31.8,25.3,349.0,86.0,2.3,5.8,5.233333333,23.48,91.19,10,1,Monsoon,High,6.5,30014.0
Dinajpur,1963,8,33.3,26.5,287.0,86.0,0.5,5.7,5.208,25.63,88.66,37,1,Monsoon,High,6.799999999999997,24682.0
Maijdee Court,1963,8,32.1,25.6,639.0,88.0,2.2,6.4,4.64137931,22.83,91.08,6,1,Monsoon,Extreme,6.5,56232.0
Sylhet,1963,8,33.4,25.3,557.0,88.0,1.3,6.8,4.5,24.88,91.93,35,1,Monsoon,Extreme,8.099999999999998,49016.0
Cox's Bazar,1963,9,33.3,24.5,403.0,86.0,3.5,6.7,6.1,21.46,91.98,4,1,Monsoon,High,8.799999999999997,34658.0
Dinajpur,1963,9,35.6,25.9,325.0,83.0,0.3,3.2,5.184,25.63,88.66,37,1,Monsoon,High,9.700000000000005,26975.0
Satkhira,1963,9,35.5,25.8,433.0,87.0,0.4,6.6,4.913333333,22.68,89.07,6,1,Monsoon,High,9.7,37671.0
Sylhet,1963,9,34.4,25.0,512.0,85.0,1.2,6.1,6.7,24.88,91.93,35,1,Monsoon,Extreme,9.4,43520.0
Barisal,1963,10,33.4,24.6,385.0,86.0,0.5,3.4,7.0,22.7,90.36,4,1,Post-Monsoon,High,8.799999999999997,33110.0
Dhaka,1963,10,33.2,23.4,182.0,83.0,1.3,4.1,7.4,23.78,90.39,9,0,Post-Monsoon,Moderate,9.800000000000004,15106.0
Dinajpur,1963,10,33.3,22.9,185.0,82.0,0.1,1.7,6.916,25.63,88.66,37,1,Post-Monsoon,Moderate,10.4,15170.0
Maijdee Court,1963,10,33.2,24.2,454.0,85.0,1.3,3.7,6.631034483,22.83,91.08,6,1,Post-Monsoon,High,9.000000000000004,38590.0
Satkhira,1963,10,36.7,24.3,378.0,84.0,0.2,5.1,6.62,22.68,89.07,6,1,Post-Monsoon,High,12.400000000000002,31752.0
Dhaka,1963,11,31.1,17.7,7.0,77.0,0.7,1.4,9.6,23.78,90.39,9,0,Post-Monsoon,Low,13.400000000000002,539.0
Dhaka,1963,12,28.2,13.4,3.0,74.0,0.8,1.6,9.2,23.78,90.39,9,0,Winter,Low,14.8,222.0
Dhaka,1964,1,29.9,11.0,9.0,69.0,0.8,0.9,7.4,23.78,90.39,9,0,Winter,Low,18.9,621.0
Dhaka,1964,2,34.7,15.1,42.0,67.0,1.1,1.9,8.9,23.78,90.39,9,0,Winter,Low,19.6,2814.0
Sylhet,1964,4,33.6,21.0,526.0,80.0,2.2,6.1,7.1,24.88,91.93,35,1,Pre-Monsoon,Extreme,12.6,42080.0
Dinajpur,1964,5,37.2,23.2,231.0,73.0,0.5,2.7,6.848,25.63,88.66,37,1,Pre-Monsoon,High,14.000000000000004,16863.0
Chandpur,1964,6,35.0,25.9,355.5,84.95833333,4.3,3.6,3.637837838,23.26,90.67,7,1,Monsoon,High,9.1,30202.687498815
Chittagong (IAP-Patenga),1964,6,33.4,25.1,419.0,86.0,4.7,6.3,5.4,22.34,91.79,6,1,Monsoon,High,8.299999999999997,36034.0
Comilla,1964,6,33.3,24.2,544.0,93.0,2.8,6.1,4.927272727,23.48,91.19,10,1,Monsoon,Extreme,9.099999999999998,50592.0
Cox's Bazar,1964,6,36.9,25.1,653.0,86.0,4.7,6.2,4.5,21.46,91.98,4,1,Monsoon,Extreme,11.799999999999995,56158.0
Dinajpur,1964,6,37.2,25.5,363.0,81.0,0.7,4.8,5.228,25.63,88.66,37,1,Monsoon,High,11.700000000000005,29403.0
Ishurdi,1964,6,39.4,26.2,557.0,82.0,1.2,7.0,5.168965517,24.12,89.04,14,1,Monsoon,Extreme,13.2,45674.0
Maijdee Court,1964,6,33.3,25.3,485.0,88.0,2.1,6.2,3.872413793,22.83,91.08,6,1,Monsoon,High,7.9999999999999964,42680.0
Mymensingh,1964,6,35.0,24.7,598.0,89.0,0.5,6.6,4.02,24.75,90.41,19,1,Monsoon,Extreme,10.3,53222.0
Rajshahi,1964,6,36.9,26.5,415.0,82.0,1.3,5.3,5.394285714,24.35,88.56,20,1,Monsoon,High,10.4,34030.0
Rangpur,1964,6,36.6,24.8,554.0,86.0,1.7,5.4,4.894285714,25.72,89.26,34,1,Monsoon,Extreme,11.8,47644.0
Sylhet,1964,6,32.5,24.2,1294.0,90.0,1.6,7.4,3.3,24.88,91.93,35,1,Monsoon,Extreme,8.3,116460.0
Barisal,1964,7,31.2,25.6,318.0,88.0,1.9,7.2,3.738297872,22.7,90.36,4,1,Monsoon,High,5.599999999999998,27984.0
Bogra,1964,7,32.9,25.7,461.0,88.0,1.8,6.8,3.4,24.88,89.36,20,1,Monsoon,High,7.199999999999999,40568.0
Chandpur,1964,7,33.3,25.5,423.875,86.45833333,3.9,4.5,3.416216216,23.26,90.67,7,1,Monsoon,High,7.799999999999997,36647.52604025375
Chittagong (IAP-Patenga),1964,7,31.8,24.4,1077.0,89.0,4.5,6.8,3.7,22.34,91.79,6,1,Monsoon,Extreme,7.400000000000002,95853.0
Comilla,1964,7,33.9,24.1,816.0,94.0,2.2,6.4,4.566666667,23.48,91.19,10,1,Monsoon,Extreme,9.799999999999995,76704.0
Cox's Bazar,1964,7,30.5,24.7,1121.0,89.0,5.0,6.8,4.1,21.46,91.98,4,1,Monsoon,Extreme,5.800000000000001,99769.0
Dinajpur,1964,7,36.4,25.6,555.0,88.0,0.4,6.1,4.288,25.63,88.66,37,1,Monsoon,Extreme,10.799999999999995,48840.0
Faridpur,1964,7,32.2,25.6,548.0,89.0,1.0,7.0,4.431034483,23.61,89.84,9,1,Monsoon,Extreme,6.600000000000001,48772.0
Ishurdi,1964,7,32.6,25.4,503.0,89.0,0.7,7.6,4.320689655,24.12,89.04,14,1,Monsoon,Extreme,7.200000000000003,44767.0
Jessore,1964,7,33.6,25.5,549.0,92.0,1.4,6.9,3.972340426,23.17,89.22,7,1,Monsoon,Extreme,8.100000000000001,50508.0
Khulna,1964,7,37.1,25.6,366.0,89.0,1.3,6.1,3.89,22.8,89.58,4,1,Monsoon,High,11.5,32574.0
Maijdee Court,1964,7,31.9,24.9,882.0,89.0,1.5,6.6,3.575862069,22.83,91.08,6,1,Monsoon,Extreme,7.0,78498.0
Mymensingh,1964,7,34.0,25.3,488.0,90.0,0.1,6.6,3.691428571,24.75,90.41,19,1,Monsoon,High,8.7,43920.0
Rajshahi,1964,7,32.9,25.8,346.0,89.0,1.0,6.2,4.38,24.35,88.56,20,1,Monsoon,High,7.099999999999998,30794.0
Rangamati,1964,7,33.9,25.1,412.0,85.0,3.2,5.7,3.748148148,22.67,92.2,63,1,Monsoon,High,8.799999999999997,35020.0
Rangpur,1964,7,34.5,25.5,477.0,89.0,1.5,5.6,4.348571429,25.72,89.26,34,1,Monsoon,High,9.0,42453.0
Satkhira,1964,7,33.2,25.4,337.0,87.0,0.8,6.3,3.93,22.68,89.07,6,1,Monsoon,High,7.800000000000004,29319.0
Sylhet,1964,7,34.4,24.8,1116.0,89.0,1.8,7.5,3.0,24.88,91.93,35,1,Monsoon,Extreme,9.599999999999998,99324.0
Chandpur,1964,8,33.3,25.8,335.9375,85.66666667,4.2,4.0,3.851351351,23.26,90.67,7,1,Monsoon,High,7.4999999999999964,28778.645834453124
Chittagong (IAP-Patenga),1964,8,33.4,25.1,623.0,87.0,4.1,6.5,5.1,22.34,91.79,6,1,Monsoon,Extreme,8.299999999999997,54201.0
Comilla,1964,8,34.7,25.1,540.0,92.0,2.3,5.8,5.233333333,23.48,91.19,10,1,Monsoon,Extreme,9.6,49680.0
Cox's Bazar,1964,8,33.0,24.8,773.0,88.0,4.4,6.3,4.9,21.46,91.98,4,1,Monsoon,Extreme,8.2,68024.0
Dinajpur,1964,8,36.1,26.3,217.0,85.0,0.6,5.1,5.208,25.63,88.66,37,1,Monsoon,High,9.8,18445.0
Maijdee Court,1964,8,33.3,25.1,633.0,85.0,1.5,5.7,4.64137931,22.83,91.08,6,1,Monsoon,Extreme,8.199999999999996,53805.0
Rangamati,1964,8,31.9,24.9,412.0,85.0,1.4,5.9,4.744444444,22.67,92.2,63,1,Monsoon,High,7.0,35020.0
Sylhet,1964,8,34.8,25.4,538.0,86.0,1.5,6.8,5.7,24.88,91.93,35,1,Monsoon,Extreme,9.4,46268.0
Comilla,1964,9,35.6,25.3,428.0,90.0,1.2,5.3,5.548484848,23.48,91.19,10,1,Monsoon,High,10.3,38520.0
Dinajpur,1964,9,35.0,25.8,316.0,85.0,0.2,4.3,5.184,25.63,88.66,37,1,Monsoon,High,9.2,26860.0
Mymensingh,1964,9,35.0,25.7,448.0,88.0,0.1,5.6,4.231428571,24.75,90.41,19,1,Monsoon,High,9.3,39424.0
Sylhet,1964,9,34.2,24.7,582.0,88.0,1.1,6.4,4.8,24.88,91.93,35,1,Monsoon,Extreme,9.500000000000004,51216.0
Comilla,1964,10,33.9,24.1,533.0,86.0,1.1,4.2,6.839393939,23.48,91.19,10,1,Post-Monsoon,Extreme,9.799999999999995,45838.0
Dhaka,1964,10,32.9,24.7,283.0,86.0,1.5,5.0,7.3,23.78,90.39,9,0,Post-Monsoon,High,8.2,24338.0
Dinajpur,1964,10,34.4,23.8,219.0,83.0,0.3,2.9,6.916,25.63,88.66,37,1,Post-Monsoon,High,10.599999999999998,18177.0
Ishurdi,1964,10,33.4,24.6,425.0,87.0,0.5,6.5,7.065517241,24.12,89.04,14,1,Post-Monsoon,High,8.799999999999997,36975.0
Jessore,1964,10,34.0,24.5,440.0,88.0,0.8,5.1,6.574468085,23.17,89.22,7,1,Post-Monsoon,High,9.5,38720.0
Maijdee Court,1964,10,32.7,24.7,414.0,88.0,0.7,4.4,6.631034483,22.83,91.08,6,1,Post-Monsoon,High,8.000000000000004,36432.0
Rangamati,1964,10,32.3,23.9,412.0,83.0,0.9,4.0,6.596296296,22.67,92.2,63,1,Post-Monsoon,High,8.399999999999999,34196.0
Dhaka,1964,11,30.6,19.1,41.0,77.0,0.9,2.5,8.9,23.78,90.39,9,0,Post-Monsoon,Low,11.5,3157.0
Dhaka,1964,12,28.3,13.8,0.0,72.0,0.9,1.2,9.4,23.78,90.39,9,0,Winter,Low,14.5,0.0
Dhaka,1965,1,28.6,11.8,0.0,69.0,0.7,1.3,8.0,23.78,90.39,9,0,Winter,Low,16.8,0.0
Dhaka,1965,2,31.6,14.2,28.0,63.0,1.3,1.6,8.9,23.78,90.39,9,0,Winter,Low,17.400000000000002,1764.0
Barisal,1965,6,32.9,25.7,407.0,87.0,1.8,7.1,4.072340426,22.7,90.36,4,1,Monsoon,High,7.199999999999999,35409.0
Chandpur,1965,6,33.3,25.8,355.5,84.95833333,1.4,4.8,3.637837838,23.26,90.67,7,1,Monsoon,High,7.4999999999999964,30202.687498815
Chittagong (IAP-Patenga),1965,6,34.3,25.0,614.0,88.0,5.3,6.4,3.2,22.34,91.79,6,1,Monsoon,Extreme,9.299999999999995,54032.0
Comilla,1965,6,35.0,24.6,717.0,90.0,2.1,6.3,4.927272727,23.48,91.19,10,1,Monsoon,Extreme,10.4,64530.0
Cox's Bazar,1965,6,31.9,24.7,1123.0,90.0,5.3,7.1,4.2,21.46,91.98,4,1,Monsoon,Extreme,7.199999999999999,101070.0
Dinajpur,1965,6,37.2,25.6,1054.0,82.0,0.9,5.4,5.228,25.63,88.66,37,1,Monsoon,Extreme,11.6,86428.0
Jessore,1965,6,37.6,26.1,574.0,83.0,1.4,5.8,4.655319149,23.17,89.22,7,1,Monsoon,Extreme,11.5,47642.0
Khulna,1965,6,37.4,26.1,407.0,84.0,2.2,5.5,4.546666667,22.8,89.58,4,1,Monsoon,High,11.299999999999995,34188.0
Maijdee Court,1965,6,34.9,25.1,408.0,88.0,1.9,6.4,3.872413793,22.83,91.08,6,1,Monsoon,High,9.799999999999995,35904.0
Mymensingh,1965,6,35.0,24.8,409.0,88.0,0.9,6.5,4.02,24.75,90.41,19,1,Monsoon,High,10.2,35992.0
Rajshahi,1965,6,37.2,25.7,325.0,81.0,0.9,4.8,5.394285714,24.35,88.56,20,1,Monsoon,High,11.500000000000004,26325.0
Rangamati,1965,6,35.8,25.1,681.0,86.0,2.1,5.6,4.381481481,22.67,92.2,63,1,Monsoon,Extreme,10.699999999999996,58566.0
Satkhira,1965,6,37.1,25.8,506.0,82.0,2.1,7.3,4.386666667,22.68,89.07,6,1,Monsoon,Extreme,11.3,41492.0
Srimangal,1965,6,36.1,24.3,845.0,86.0,0.8,4.3,4.346428571,24.29,91.73,23,1,Monsoon,Extreme,11.8,72670.0
Sylhet,1965,6,34.2,24.4,916.0,89.0,2.0,7.0,2.5,24.88,91.93,35,1,Monsoon,Extreme,9.800000000000004,81524.0
Bogra,1965,7,33.4,26.0,546.0,87.0,1.5,6.3,4.1,24.88,89.36,20,1,Monsoon,Extreme,7.399999999999999,47502.0
Chandpur,1965,7,31.8,25.8,423.875,86.45833333,1.4,5.3,3.416216216,23.26,90.67,7,1,Monsoon,High,6.0,36647.52604025375
Chittagong (IAP-Patenga),1965,7,33.4,24.8,971.0,87.0,4.7,6.3,5.3,22.34,91.79,6,1,Monsoon,Extreme,8.599999999999998,84477.0
Comilla,1965,7,33.9,24.7,595.0,96.0,1.1,5.8,4.566666667,23.48,91.19,10,1,Monsoon,Extreme,9.2,57120.0
Cox's Bazar,1965,7,31.7,24.4,1526.0,91.0,5.3,6.9,5.5,21.46,91.98,4,1,Monsoon,Extreme,7.300000000000001,138866.0
Dinajpur,1965,7,33.3,26.0,460.0,85.0,0.9,5.6,4.288,25.63,88.66,37,1,Monsoon,High,7.299999999999997,39100.0
Faridpur,1965,7,32.2,25.3,376.0,88.0,1.1,6.3,4.431034483,23.61,89.84,9,1,Monsoon,High,6.900000000000002,33088.0
Ishurdi,1965,7,33.9,25.7,454.0,87.0,2.0,6.5,4.320689655,24.12,89.04,14,1,Monsoon,High,8.2,39498.0
Maijdee Court,1965,7,32.2,25.0,742.0,87.0,1.7,6.0,3.575862069,22.83,91.08,6,1,Monsoon,Extreme,7.200000000000003,64554.0
Mymensingh,1965,7,33.3,25.4,558.0,87.0,0.6,6.2,3.691428571,24.75,90.41,19,1,Monsoon,Extreme,7.899999999999999,48546.0
Rajshahi,1965,7,35.0,25.7,404.0,87.0,1.3,5.6,4.38,24.35,88.56,20,1,Monsoon,High,9.3,35148.0
Rangamati,1965,7,34.4,25.0,549.0,87.0,2.3,5.5,3.748148148,22.67,92.2,63,1,Monsoon,Extreme,9.4,47763.0
Sylhet,1965,7,33.8,24.9,508.0,88.0,1.7,6.8,3.2,24.88,91.93,35,1,Monsoon,Extreme,8.899999999999999,44704.0
Bogra,1965,8,33.9,25.5,458.0,87.0,1.5,6.3,3.7,24.88,89.36,20,1,Monsoon,High,8.399999999999999,39846.0
Chandpur,1965,8,31.9,25.9,335.9375,85.66666667,1.2,5.3,3.851351351,23.26,90.67,7,1,Monsoon,High,6.0,28778.645834453124
Chittagong (IAP-Patenga),1965,8,33.4,24.7,625.0,90.0,3.6,6.6,3.2,22.34,91.79,6,1,Monsoon,Extreme,8.7,56250.0
Comilla,1965,8,35.0,24.9,810.0,95.0,1.1,6.0,5.233333333,23.48,91.19,10,1,Monsoon,Extreme,10.1,76950.0
Cox's Bazar,1965,8,31.7,24.7,1109.0,92.0,4.1,7.0,4.5,21.46,91.98,4,1,Monsoon,Extreme,7.0,102028.0
Dinajpur,1965,8,34.1,25.5,718.0,87.0,0.8,6.1,5.208,25.63,88.66,37,1,Monsoon,Extreme,8.600000000000001,62466.0
Jessore,1965,8,33.6,25.6,406.0,89.0,1.1,6.2,4.461702128,23.17,89.22,7,1,Monsoon,High,8.0,36134.0
Khulna,1965,8,34.2,25.1,457.0,92.0,1.5,6.3,4.363333333,22.8,89.58,4,1,Monsoon,High,9.1,42044.0
Maijdee Court,1965,8,33.2,25.0,801.0,88.0,1.2,6.1,4.64137931,22.83,91.08,6,1,Monsoon,Extreme,8.200000000000003,70488.0
Mymensingh,1965,8,33.9,24.8,669.0,89.0,0.3,6.9,4.377142857,24.75,90.41,19,1,Monsoon,Extreme,9.099999999999998,59541.0
Rangamati,1965,8,35.0,24.8,402.0,88.0,2.0,5.9,4.744444444,22.67,92.2,63,1,Monsoon,High,10.2,35376.0
Rangpur,1965,8,34.3,25.9,553.0,87.0,1.5,5.0,5.145714286,25.72,89.26,34,1,Monsoon,Extreme,8.399999999999999,48111.0
Satkhira,1965,8,34.1,25.2,531.0,87.0,1.3,7.3,4.373333333,22.68,89.07,6,1,Monsoon,Extreme,8.900000000000002,46197.0
Sylhet,1965,8,33.7,24.3,666.0,90.0,1.8,7.2,3.2,24.88,91.93,35,1,Monsoon,Extreme,9.400000000000002,59940.0
Dinajpur,1965,9,35.2,25.4,334.0,85.0,0.6,4.7,5.184,25.63,88.66,37,1,Monsoon,High,9.800000000000004,28390.0
Satkhira,1965,9,34.1,25.6,422.0,88.0,1.1,5.9,4.913333333,22.68,89.07,6,1,Monsoon,High,8.5,37136.0
Sylhet,1965,9,34.4,24.6,550.0,88.0,1.0,6.3,4.2,24.88,91.93,35,1,Monsoon,Extreme,9.799999999999995,48400.0
Cox's Bazar,1965,10,32.6,23.6,416.0,85.0,2.8,5.0,6.7,21.46,91.98,4,1,Post-Monsoon,High,9.0,35360.0
Dhaka,1965,10,32.9,23.1,50.0,80.0,0.8,4.0,8.1,23.78,90.39,9,0,Post-Monsoon,Low,9.799999999999995,4000.0
Dhaka,1965,11,32.6,18.0,131.0,77.0,1.0,1.3,9.9,23.78,90.39,9,0,Post-Monsoon,Moderate,14.6,10087.0
Dhaka,1965,12,28.9,14.2,0.0,79.0,0.9,2.6,7.7,23.78,90.39,9,0,Winter,Low,14.7,0.0
Dhaka,1966,1,26.3,12.3,1.0,69.0,0.5,1.2,8.1,23.78,90.39,9,0,Winter,Low,14.0,69.0
Dhaka,1966,2,30.3,15.1,8.0,63.0,0.7,1.6,9.6,23.78,90.39,9,0,Winter,Low,15.2,504.0
Sylhet,1966,5,32.1,22.7,551.0,81.0,1.5,5.7,6.2,24.88,91.93,35,1,Pre-Monsoon,Extreme,9.400000000000002,44631.0
Barisal,1966,6,32.9,25.7,416.0,88.0,1.9,5.6,4.072340426,22.7,90.36,4,1,Monsoon,High,7.199999999999999,36608.0
Chandpur,1966,6,35.6,26.1,353.0,87.0,4.1,6.3,3.637837838,23.26,90.67,7,1,Monsoon,High,9.5,30711.0
Chittagong (IAP-Patenga),1966,6,34.3,25.2,531.0,90.0,6.4,7.2,2.4,22.34,91.79,6,1,Monsoon,Extreme,9.099999999999998,47790.0
Comilla,1966,6,35.0,24.9,641.0,94.0,3.2,6.2,4.927272727,23.48,91.19,10,1,Monsoon,Extreme,10.1,60254.0
Cox's Bazar,1966,6,35.2,24.7,1532.0,92.0,7.3,7.5,1.1,21.46,91.98,4,1,Monsoon,Extreme,10.500000000000004,140944.0
Hatiya,1966,6,32.7,25.7,603.0,91.0,3.0,6.8,3.803448276,22.29,91.13,4,1,Monsoon,Extreme,7.000000000000004,54873.0
Khulna,1966,6,36.3,26.3,404.0,85.0,3.0,5.0,4.546666667,22.8,89.58,4,1,Monsoon,High,9.999999999999996,34340.0
Maijdee Court,1966,6,33.5,25.5,580.0,86.0,2.4,7.1,3.872413793,22.83,91.08,6,1,Monsoon,Extreme,8.0,49880.0
Rangamati,1966,6,36.7,25.3,536.0,87.0,3.1,6.2,4.381481481,22.67,92.2,63,1,Monsoon,Extreme,11.400000000000002,46632.0
Sandwip,1966,6,33.0,21.2,591.0,88.08695652,5.2,5.545652174,4.666666667,22.5,91.46,6,1,Monsoon,Extreme,11.8,52059.39130332
Srimangal,1966,6,37.7,24.3,684.0,86.0,1.5,6.9,4.346428571,24.29,91.73,23,1,Monsoon,Extreme,13.400000000000002,58824.0
Cox's Bazar,1966,7,32.3,25.4,699.0,87.0,6.5,7.0,3.1,21.46,91.98,4,1,Monsoon,Extreme,6.899999999999999,60813.0
Dinajpur,1966,7,34.4,26.1,602.0,87.0,1.3,5.9,4.288,25.63,88.66,37,1,Monsoon,Extreme,8.299999999999997,52374.0
Hatiya,1966,7,31.0,25.7,404.0,88.0,1.7,6.4,3.968965517,22.29,91.13,4,1,Monsoon,High,5.300000000000001,35552.0
Maijdee Court,1966,7,33.1,25.4,516.0,87.0,1.1,6.5,3.575862069,22.83,91.08,6,1,Monsoon,Extreme,7.700000000000003,44892.0
Rajshahi,1966,7,35.7,26.2,511.0,85.0,1.2,5.8,4.38,24.35,88.56,20,1,Monsoon,Extreme,9.500000000000004,43435.0
Rangamati,1966,7,35.0,25.7,503.0,85.0,1.9,5.6,3.748148148,22.67,92.2,63,1,Monsoon,Extreme,9.3,42755.0
Sandwip,1966,7,32.5,22.8,709.0,89.82608696,3.1,5.910869565,4.022222222,22.5,91.46,6,1,Monsoon,Extreme,9.7,63686.69565464
Sylhet,1966,7,31.6,25.0,1075.0,87.0,1.6,7.1,4.2,24.88,91.93,35,1,Monsoon,Extreme,6.600000000000001,93525.0
Barisal,1966,8,31.4,25.7,434.0,90.0,1.2,7.8,4.272340426,22.7,90.36,4,1,Monsoon,High,5.699999999999999,39060.0
Bhola,1966,8,31.8,25.3,545.0,89.06382979,5.6,7.2,3.666666667,22.7,90.66,5,1,Monsoon,Extreme,6.5,48539.78723555
Bogra,1966,8,33.7,26.1,342.0,86.0,1.0,5.9,3.3,24.88,89.36,20,1,Monsoon,High,7.600000000000001,29412.0
Chandpur,1966,8,33.3,25.9,317.0,89.0,3.2,6.6,3.851351351,23.26,90.67,7,1,Monsoon,High,7.399999999999999,28213.0
Chittagong (IAP-Patenga),1966,8,32.3,24.9,606.0,89.0,4.8,7.0,3.6,22.34,91.79,6,1,Monsoon,Extreme,7.399999999999999,53934.0
Comilla,1966,8,33.3,25.5,347.0,93.0,1.4,6.3,5.233333333,23.48,91.19,10,1,Monsoon,High,7.799999999999997,32271.0
Cox's Bazar,1966,8,30.6,25.0,1075.0,91.0,5.9,7.1,2.2,21.46,91.98,4,1,Monsoon,Extreme,5.600000000000001,97825.0
Dinajpur,1966,8,33.4,26.2,264.0,89.0,0.8,6.0,5.208,25.63,88.66,37,1,Monsoon,High,7.199999999999999,23496.0
Hatiya,1966,8,31.0,25.4,853.0,89.0,1.1,6.7,4.424137931,22.29,91.13,4,1,Monsoon,Extreme,5.600000000000001,75917.0
Maijdee Court,1966,8,30.7,25.4,607.0,87.0,1.7,6.1,4.64137931,22.83,91.08,6,1,Monsoon,Extreme,5.300000000000001,52809.0
Mymensingh,1966,8,32.2,25.7,472.0,89.0,0.3,6.5,4.377142857,24.75,90.41,19,1,Monsoon,High,6.500000000000004,42008.0
Rajshahi,1966,8,34.7,26.1,380.0,87.0,1.0,6.8,5.111428571,24.35,88.56,20,1,Monsoon,High,8.600000000000001,33060.0
Sandwip,1966,8,31.5,24.5,790.0,88.7173913,2.7,5.667391304,4.962962963,22.5,91.46,6,1,Monsoon,Extreme,7.0,70086.73912700001
Sylhet,1966,8,32.1,25.1,958.0,86.0,1.7,7.2,3.2,24.88,91.93,35,1,Monsoon,Extreme,7.0,82388.0
Bhola,1966,9,32.9,24.3,373.0,88.53191489,4.4,5.8,3.787878788,22.7,90.66,5,1,Monsoon,High,8.599999999999998,33022.404253969995
Chittagong (IAP-Patenga),1966,9,33.4,25.2,403.0,84.0,3.0,6.2,5.3,22.34,91.79,6,1,Monsoon,High,8.2,33852.0
Comilla,1966,9,33.3,24.9,540.0,90.0,0.7,4.5,5.548484848,23.48,91.19,10,1,Monsoon,Extreme,8.399999999999999,48600.0
Dinajpur,1966,9,34.7,25.1,266.0,84.0,0.5,3.6,5.184,25.63,88.66,37,1,Monsoon,High,9.6,22344.0
Hatiya,1966,9,32.9,25.1,474.0,87.0,1.0,4.8,4.965517241,22.29,91.13,4,1,Monsoon,High,7.799999999999997,41238.0
Maijdee Court,1966,9,33.2,25.0,764.0,85.0,1.1,5.3,4.951724138,22.83,91.08,6,1,Monsoon,Extreme,8.200000000000003,64940.0
Sandwip,1966,9,33.8,25.2,771.0,87.06521739,1.6,4.845652174,5.325925926,22.5,91.46,6,1,Monsoon,Extreme,8.599999999999998,67127.28260769
Sylhet,1966,9,32.1,24.5,537.0,86.0,1.3,5.7,5.0,24.88,91.93,35,1,Monsoon,Extreme,7.600000000000001,46182.0
Dhaka,1966,10,31.9,22.4,261.0,80.0,0.9,3.1,7.8,23.78,90.39,9,0,Post-Monsoon,High,9.5,20880.0
Dhaka,1966,11,30.5,19.3,14.0,74.0,0.9,2.5,8.0,23.78,90.39,9,0,Post-Monsoon,Low,11.2,1036.0
Dhaka,1966,12,27.2,13.7,15.0,73.0,0.8,1.7,8.3,23.78,90.39,9,0,Winter,Low,13.5,1095.0
Dhaka,1967,1,27.2,12.8,23.0,71.0,0.7,1.8,8.0,23.78,90.39,9,0,Winter,Low,14.4,1633.0
Dhaka,1967,2,33.6,15.7,12.0,64.0,1.1,0.7,9.0,23.78,90.39,9,0,Winter,Low,17.900000000000002,768.0
Chandpur,1967,4,37.3,23.2,311.0,69.0,3.9,2.4,7.1,23.26,90.67,7,1,Pre-Monsoon,High,14.099999999999998,21459.0
Cox's Bazar,1967,6,33.2,25.4,696.0,86.0,5.3,5.8,4.9,21.46,91.98,4,1,Monsoon,Extreme,7.800000000000004,59856.0
Dinajpur,1967,6,36.1,26.4,226.0,78.0,0.9,4.3,5.228,25.63,88.66,37,1,Monsoon,High,9.700000000000005,17628.0
Faridpur,1967,6,36.1,25.3,403.0,83.0,1.9,5.1,5.0,23.61,89.84,9,1,Monsoon,High,10.8,33449.0
Sylhet,1967,6,34.1,24.0,1019.0,88.0,2.2,6.8,4.7,24.88,91.93,35,1,Monsoon,Extreme,10.1,89672.0
Bhola,1967,7,32.8,25.4,572.0,89.0,4.2,7.1,2.845454545,22.7,90.66,5,1,Monsoon,Extreme,7.399999999999999,50908.0
Bogra,1967,7,33.3,25.7,400.0,86.0,1.6,6.1,5.1,24.88,89.36,20,1,Monsoon,High,7.599999999999998,34400.0
Chandpur,1967,7,35.6,26.0,383.0,88.0,3.1,5.4,3.416216216,23.26,90.67,7,1,Monsoon,High,9.6,33704.0
Comilla,1967,7,34.4,25.2,405.0,87.0,2.2,6.1,4.566666667,23.48,91.19,10,1,Monsoon,High,9.2,35235.0
Cox's Bazar,1967,7,32.1,25.1,1172.0,88.0,5.1,6.6,4.2,21.46,91.98,4,1,Monsoon,Extreme,7.0,103136.0
Dinajpur,1967,7,33.9,26.7,328.0,85.0,0.8,5.1,4.288,25.63,88.66,37,1,Monsoon,High,7.199999999999999,27880.0
Hatiya,1967,7,32.1,24.2,625.0,87.0,2.0,6.6,3.968965517,22.29,91.13,4,1,Monsoon,Extreme,7.900000000000002,54375.0
Khulna,1967,7,32.1,26.1,330.0,88.0,1.6,5.8,3.89,22.8,89.58,4,1,Monsoon,High,6.0,29040.0
Maijdee Court,1967,7,33.4,25.5,545.0,87.0,3.3,5.9,3.575862069,22.83,91.08,6,1,Monsoon,Extreme,7.899999999999999,47415.0
Mymensingh,1967,7,35.0,25.9,451.0,85.0,0.3,6.0,3.691428571,24.75,90.41,19,1,Monsoon,High,9.1,38335.0
Rajshahi,1967,7,34.4,26.3,305.0,86.0,1.3,6.6,4.38,24.35,88.56,20,1,Monsoon,High,8.099999999999998,26230.0
Rangamati,1967,7,35.8,25.6,673.0,84.0,1.6,6.0,3.748148148,22.67,92.2,63,1,Monsoon,Extreme,10.199999999999996,56532.0
Rangpur,1967,7,35.7,25.8,474.0,84.0,1.5,4.6,4.348571429,25.72,89.26,34,1,Monsoon,High,9.900000000000002,39816.0
Sandwip,1967,7,32.1,25.0,509.0,92.0,2.5,3.4,4.022222222,22.5,91.46,6,1,Monsoon,Extreme,7.100000000000001,46828.0
Satkhira,1967,7,32.5,25.9,334.0,86.0,1.6,5.9,3.93,22.68,89.07,6,1,Monsoon,High,6.600000000000001,28724.0
Sylhet,1967,7,34.6,25.3,618.0,86.0,1.9,6.9,4.6,24.88,91.93,35,1,Monsoon,Extreme,9.3,53148.0
Bhola,1967,8,32.9,25.4,606.0,88.0,4.2,6.8,3.666666667,22.7,90.66,5,1,Monsoon,Extreme,7.5,53328.0
Chittagong (IAP-Patenga),1967,8,33.1,25.1,554.0,86.0,5.0,6.6,5.3,22.34,91.79,6,1,Monsoon,Extreme,8.0,47644.0
Cox's Bazar,1967,8,31.1,24.8,1002.0,89.0,5.1,6.8,4.7,21.46,91.98,4,1,Monsoon,Extreme,6.300000000000001,89178.0
Dinajpur,1967,8,34.4,26.1,172.0,81.0,1.1,5.0,5.208,25.63,88.66,37,1,Monsoon,Moderate,8.299999999999997,13932.0
Hatiya,1967,8,32.1,23.4,680.0,88.0,1.9,6.4,4.424137931,22.29,91.13,4,1,Monsoon,Extreme,8.700000000000003,59840.0
Maijdee Court,1967,8,33.3,25.0,487.0,86.0,3.0,6.5,4.64137931,22.83,91.08,6,1,Monsoon,High,8.299999999999997,41882.0
Sandwip,1967,8,31.6,24.5,629.0,91.0,2.3,3.2,4.962962963,22.5,91.46,6,1,Monsoon,Extreme,7.100000000000001,57239.0
Sylhet,1967,8,34.6,25.2,399.0,84.0,1.8,6.6,5.9,24.88,91.93,35,1,Monsoon,High,9.400000000000002,33516.0
Barisal,1967,9,33.5,25.2,547.0,90.0,1.5,6.0,3.6,22.7,90.36,4,1,Monsoon,Extreme,8.3,49230.0
Chandpur,1967,9,33.3,25.7,321.0,89.0,1.6,4.7,4.289189189,23.26,90.67,7,1,Monsoon,High,7.599999999999998,28569.0
Chittagong (IAP-Patenga),1967,9,32.4,25.0,339.0,86.0,4.3,6.3,5.1,22.34,91.79,6,1,Monsoon,High,7.399999999999999,29154.0
Comilla,1967,9,33.3,24.7,443.0,87.0,2.1,5.1,5.548484848,23.48,91.19,10,1,Monsoon,High,8.599999999999998,38541.0
Cox's Bazar,1967,9,31.7,24.8,966.0,89.0,5.0,6.6,4.8,21.46,91.98,4,1,Monsoon,Extreme,6.899999999999999,85974.0
Dinajpur,1967,9,33.9,25.8,407.0,83.0,0.8,3.7,5.184,25.63,88.66,37,1,Monsoon,High,8.099999999999998,33781.0
Hatiya,1967,9,32.7,22.6,726.0,87.0,1.6,5.0,4.965517241,22.29,91.13,4,1,Monsoon,Extreme,10.1,63162.0
Maijdee Court,1967,9,32.4,24.6,669.0,87.0,2.4,6.1,4.951724138,22.83,91.08,6,1,Monsoon,Extreme,7.799999999999997,58203.0
Sandwip,1967,9,31.6,23.9,872.0,93.0,2.2,3.5,5.325925926,22.5,91.46,6,1,Monsoon,Extreme,7.700000000000003,81096.0
Sylhet,1967,9,33.8,24.5,573.0,88.0,1.6,6.6,4.1,24.88,91.93,35,1,Monsoon,Extreme,9.299999999999995,50424.0
Bhola,1967,10,32.4,22.7,441.0,89.0,2.2,2.7,5.606060606,22.7,90.66,5,1,Post-Monsoon,High,9.7,39249.0
Dhaka,1967,10,33.3,22.7,74.0,77.0,0.8,2.6,8.0,23.78,90.39,9,0,Post-Monsoon,Moderate,10.599999999999998,5698.0
Dhaka,1967,11,29.9,15.8,1.0,69.0,0.5,1.1,9.8,23.78,90.39,9,0,Post-Monsoon,Low,14.099999999999998,69.0
Dhaka,1967,12,28.3,13.4,0.0,71.0,0.4,1.8,8.6,23.78,90.39,9,0,Winter,Low,14.9,0.0
Dhaka,1968,1,27.2,12.0,0.0,68.0,0.8,1.4,8.3,23.78,90.39,9,0,Winter,Low,15.2,0.0
Dhaka,1968,2,31.6,13.7,5.0,59.0,0.7,1.7,8.4,23.78,90.39,9,0,Winter,Low,17.900000000000002,295.0
Dinajpur,1968,5,37.4,23.8,154.0,64.0,1.1,3.3,6.848,25.63,88.66,37,1,Pre-Monsoon,Moderate,13.599999999999998,9856.0
Sylhet,1968,5,36.1,22.1,660.0,83.0,0.6,6.9,5.4,24.88,91.93,35,1,Pre-Monsoon,Extreme,14.0,54780.0
Barisal,1968,6,32.5,24.7,847.0,90.0,1.2,7.1,2.3,22.7,90.36,4,1,Monsoon,Extreme,7.800000000000001,76230.0
Bogra,1968,6,33.4,25.2,422.0,85.0,1.8,5.7,5.8,24.88,89.36,20,1,Monsoon,High,8.2,35870.0
Chandpur,1968,6,33.3,25.5,565.0,88.0,1.4,3.1,3.637837838,23.26,90.67,7,1,Monsoon,Extreme,7.799999999999997,49720.0
Chittagong (IAP-Patenga),1968,6,32.3,24.6,585.0,84.0,5.5,6.5,3.6,22.34,91.79,6,1,Monsoon,Extreme,7.699999999999996,49140.0
Comilla,1968,6,35.0,24.9,524.0,89.0,3.0,5.7,4.927272727,23.48,91.19,10,1,Monsoon,Extreme,10.1,46636.0
Cox's Bazar,1968,6,30.7,24.2,1093.0,88.0,5.6,6.9,3.1,21.46,91.98,4,1,Monsoon,Extreme,6.5,96184.0
Dinajpur,1968,6,37.2,25.1,507.0,84.0,0.9,5.8,5.228,25.63,88.66,37,1,Monsoon,Extreme,12.1,42588.0
Hatiya,1968,6,31.0,24.3,905.0,90.0,3.2,6.9,3.803448276,22.29,91.13,4,1,Monsoon,Extreme,6.699999999999999,81450.0
Jessore,1968,6,34.4,25.1,603.0,88.0,4.3,5.8,4.2,23.17,89.22,7,1,Monsoon,Extreme,9.299999999999995,53064.0
Maijdee Court,1968,6,31.6,24.1,1145.0,89.0,1.7,7.2,3.872413793,22.83,91.08,6,1,Monsoon,Extreme,7.5,101905.0
Mymensingh,1968,6,33.3,24.9,464.0,85.0,0.8,5.3,4.02,24.75,90.41,19,1,Monsoon,High,8.399999999999999,39440.0
Rajshahi,1968,6,36.5,25.0,450.0,84.0,2.1,6.8,5.394285714,24.35,88.56,20,1,Monsoon,High,11.5,37800.0
Rangamati,1968,6,34.9,24.5,635.0,88.0,1.6,5.7,4.381481481,22.67,92.2,63,1,Monsoon,Extreme,10.4,55880.0
Sandwip,1968,6,32.1,24.6,1024.0,91.0,2.6,4.8,4.666666667,22.5,91.46,6,1,Monsoon,Extreme,7.5,93184.0
Sylhet,1968,6,36.1,24.4,815.0,88.0,0.9,7.3,3.1,24.88,91.93,35,1,Monsoon,Extreme,11.700000000000005,71720.0
Barisal,1968,7,35.2,25.5,422.0,89.0,1.8,7.0,3.6,22.7,90.36,4,1,Monsoon,High,9.700000000000005,37558.0
Bhola,1968,7,32.7,25.8,505.0,90.0,3.6,7.1,2.845454545,22.7,90.66,5,1,Monsoon,Extreme,6.900000000000002,45450.0
Bogra,1968,7,32.9,26.2,549.0,86.0,1.5,6.1,4.7,24.88,89.36,20,1,Monsoon,Extreme,6.699999999999999,47214.0
Chandpur,1968,7,33.4,26.4,501.0,87.0,1.4,3.7,3.416216216,23.26,90.67,7,1,Monsoon,Extreme,7.0,43587.0
Chittagong (IAP-Patenga),1968,7,33.4,25.1,895.0,86.0,5.0,6.3,6.0,22.34,91.79,6,1,Monsoon,Extreme,8.299999999999997,76970.0
Comilla,1968,7,35.0,25.7,498.0,87.0,2.7,6.1,4.566666667,23.48,91.19,10,1,Monsoon,High,9.3,43326.0
Cox's Bazar,1968,7,31.9,25.1,951.0,89.0,5.3,6.7,4.7,21.46,91.98,4,1,Monsoon,Extreme,6.799999999999997,84639.0
Dinajpur,1968,7,32.8,25.9,533.0,87.0,0.8,6.0,4.288,25.63,88.66,37,1,Monsoon,Extreme,6.899999999999999,46371.0
Hatiya,1968,7,31.8,25.2,901.0,89.0,2.7,5.7,3.968965517,22.29,91.13,4,1,Monsoon,Extreme,6.600000000000001,80189.0
Jessore,1968,7,33.3,26.1,546.0,87.0,3.8,6.3,5.3,23.17,89.22,7,1,Monsoon,Extreme,7.199999999999996,47502.0
Khulna,1968,7,34.6,26.4,424.0,91.0,0.6,5.8,3.89,22.8,89.58,4,1,Monsoon,High,8.200000000000003,38584.0
Maijdee Court,1968,7,32.5,25.4,584.0,88.0,1.6,6.8,3.575862069,22.83,91.08,6,1,Monsoon,Extreme,7.100000000000001,51392.0
Mymensingh,1968,7,32.8,25.9,618.0,87.0,0.4,6.0,3.691428571,24.75,90.41,19,1,Monsoon,Extreme,6.899999999999999,53766.0
Rajshahi,1968,7,33.4,26.2,439.0,88.0,1.2,6.6,4.38,24.35,88.56,20,1,Monsoon,High,7.199999999999999,38632.0
Rangamati,1968,7,35.7,25.2,1124.0,88.0,1.6,6.0,3.748148148,22.67,92.2,63,1,Monsoon,Extreme,10.500000000000004,98912.0
Rangpur,1968,7,32.2,25.8,459.0,86.0,1.4,5.9,4.348571429,25.72,89.26,34,1,Monsoon,High,6.400000000000002,39474.0
Sandwip,1968,7,32.6,26.3,998.0,89.0,1.9,4.0,4.022222222,22.5,91.46,6,1,Monsoon,Extreme,6.300000000000001,88822.0
Satkhira,1968,7,32.5,25.9,334.0,86.0,1.6,0.0,3.93,22.68,89.07,6,1,Monsoon,High,6.600000000000001,28724.0
Sylhet,1968,7,34.1,25.0,812.0,89.0,1.1,7.2,3.2,24.88,91.93,35,1,Monsoon,Extreme,9.1,72268.0
Barisal,1968,8,36.1,25.5,331.0,89.0,1.1,6.8,2.7,22.7,90.36,4,1,Monsoon,High,10.6,29459.0
Bhola,1968,8,33.1,25.7,374.0,90.0,1.9,7.5,3.666666667,22.7,90.66,5,1,Monsoon,High,7.400000000000002,33660.0
Chandpur,1968,8,33.9,26.6,657.0,87.0,1.1,3.9,3.851351351,23.26,90.67,7,1,Monsoon,Extreme,7.299999999999997,57159.0
Chittagong (IAP-Patenga),1968,8,33.4,24.6,363.0,86.0,4.3,6.8,4.9,22.34,91.79,6,1,Monsoon,High,8.799999999999997,31218.0
Comilla,1968,8,32.8,25.5,442.0,88.0,2.1,5.8,5.233333333,23.48,91.19,10,1,Monsoon,High,7.299999999999997,38896.0
Cox's Bazar,1968,8,31.7,24.5,887.0,91.0,5.1,7.0,3.4,21.46,91.98,4,1,Monsoon,Extreme,7.199999999999999,80717.0
Dinajpur,1968,8,33.9,26.3,203.0,85.0,0.5,4.7,5.208,25.63,88.66,37,1,Monsoon,High,7.599999999999998,17255.0
Khulna,1968,8,36.7,26.2,151.0,90.0,0.3,5.7,4.363333333,22.8,89.58,4,1,Monsoon,Moderate,10.500000000000004,13590.0
Maijdee Court,1968,8,32.2,25.3,737.0,87.0,1.0,6.6,4.64137931,22.83,91.08,6,1,Monsoon,Extreme,6.900000000000002,64119.0
Rajshahi,1968,8,34.4,26.3,270.0,87.0,1.3,5.8,5.111428571,24.35,88.56,20,1,Monsoon,High,8.099999999999998,23490.0
Sandwip,1968,8,33.1,25.8,504.0,89.0,1.7,3.7,4.962962963,22.5,91.46,6,1,Monsoon,Extreme,7.300000000000001,44856.0
Srimangal,1968,8,33.8,24.6,544.0,88.0,0.1,6.7,4.939285714,24.29,91.73,23,1,Monsoon,Extreme,9.199999999999996,47872.0
Sylhet,1968,8,33.5,24.7,826.0,88.0,0.8,7.0,4.6,24.88,91.93,35,1,Monsoon,Extreme,8.8,72688.0
Dhaka,1968,9,35.3,26.5,128.0,82.0,1.3,5.4,6.0,23.78,90.39,9,1,Monsoon,Moderate,8.799999999999997,10496.0
Sylhet,1968,9,34.0,24.3,630.0,90.0,0.5,6.1,4.2,24.88,91.93,35,1,Monsoon,Extreme,9.7,56700.0
Dhaka,1968,10,32.8,23.7,69.0,80.0,1.0,3.6,6.7,23.78,90.39,9,0,Post-Monsoon,Moderate,9.099999999999998,5520.0
Dinajpur,1968,10,32.5,22.1,255.0,77.0,0.5,2.1,6.916,25.63,88.66,37,1,Post-Monsoon,High,10.4,19635.0
Dhaka,1968,11,31.2,18.7,74.0,74.0,0.8,2.7,8.3,23.78,90.39,9,0,Post-Monsoon,Moderate,12.5,5476.0
Dhaka,1968,12,29.4,13.7,0.0,73.0,0.7,1.5,8.5,23.78,90.39,9,0,Winter,Low,15.7,0.0
Dhaka,1969,1,28.3,11.7,0.0,67.0,0.9,0.8,9.2,23.78,90.39,9,0,Winter,Low,16.6,0.0
Dhaka,1969,2,35.1,14.3,1.0,60.0,0.9,1.3,8.6,23.78,90.39,9,0,Winter,Low,20.8,60.0
Bhola,1969,4,35.6,23.6,320.0,85.0,4.1,4.1,6.948484848,22.7,90.66,5,1,Pre-Monsoon,High,12.0,27200.0
Dinajpur,1969,5,36.7,24.5,148.0,71.0,0.7,2.1,6.848,25.63,88.66,37,1,Pre-Monsoon,Moderate,12.200000000000005,10508.0
Rangamati,1969,5,37.2,25.3,657.0,85.0,2.5,5.7,6.322222222,22.67,92.2,63,1,Pre-Monsoon,Extreme,11.900000000000002,55845.0
Sylhet,1969,5,35.6,23.3,459.0,78.0,1.2,4.7,8.2,24.88,91.93,35,1,Pre-Monsoon,High,12.3,35802.0
Chandpur,1969,6,34.4,26.4,484.0,89.0,0.9,3.4,3.637837838,23.26,90.67,7,1,Monsoon,High,8.0,43076.0
Chittagong (IAP-Patenga),1969,6,34.0,24.7,677.0,87.0,4.7,6.7,4.7,22.34,91.79,6,1,Monsoon,Extreme,9.3,58899.0
Comilla,1969,6,33.9,24.8,782.0,88.0,2.3,4.7,4.927272727,23.48,91.19,10,1,Monsoon,Extreme,9.099999999999998,68816.0
Cox's Bazar,1969,6,32.8,25.0,952.0,91.0,5.5,6.3,4.5,21.46,91.98,4,1,Monsoon,Extreme,7.799999999999997,86632.0
Dinajpur,1969,6,35.6,25.7,362.0,85.0,0.9,5.3,5.228,25.63,88.66,37,1,Monsoon,High,9.900000000000002,30770.0
Hatiya,1969,6,32.2,25.2,460.0,89.0,2.4,6.1,3.803448276,22.29,91.13,4,1,Monsoon,High,7.000000000000004,40940.0
Maijdee Court,1969,6,32.2,25.4,800.0,87.0,1.5,6.6,3.872413793,22.83,91.08,6,1,Monsoon,Extreme,6.800000000000004,69600.0
Mymensingh,1969,6,31.9,24.8,430.0,86.0,1.7,6.2,4.02,24.75,90.41,19,1,Monsoon,High,7.099999999999998,36980.0
Sandwip,1969,6,32.5,26.0,428.0,84.0,1.3,5.4,4.666666667,22.5,91.46,6,1,Monsoon,High,6.5,35952.0
Sylhet,1969,6,33.9,24.1,704.0,89.0,1.4,7.6,3.8,24.88,91.93,35,1,Monsoon,Extreme,9.799999999999995,62656.0
Barisal,1969,7,31.9,25.5,487.0,91.0,1.5,6.9,4.0,22.7,90.36,4,1,Monsoon,High,6.399999999999999,44317.0
Bhola,1969,7,31.4,25.6,662.0,90.0,4.5,7.7,2.845454545,22.7,90.66,5,1,Monsoon,Extreme,5.799999999999997,59580.0
Chandpur,1969,7,33.9,26.2,423.0,91.0,1.0,3.8,3.416216216,23.26,90.67,7,1,Monsoon,High,7.699999999999999,38493.0
Chittagong (IAP-Patenga),1969,7,33.3,25.0,684.0,87.0,4.8,6.5,5.0,22.34,91.79,6,1,Monsoon,Extreme,8.299999999999997,59508.0
Comilla,1969,7,34.4,24.8,559.0,87.0,2.4,4.5,4.566666667,23.48,91.19,10,1,Monsoon,Extreme,9.599999999999998,48633.0
Cox's Bazar,1969,7,31.7,25.2,1193.0,93.0,6.2,7.0,5.2,21.46,91.98,4,1,Monsoon,Extreme,6.5,110949.0
Dinajpur,1969,7,36.7,26.8,592.0,87.0,0.9,4.9,4.288,25.63,88.66,37,1,Monsoon,Extreme,9.900000000000002,51504.0
Hatiya,1969,7,31.3,25.1,741.0,90.0,2.8,5.9,3.968965517,22.29,91.13,4,1,Monsoon,Extreme,6.199999999999999,66690.0
Maijdee Court,1969,7,31.7,25.4,542.0,88.0,1.4,5.9,3.575862069,22.83,91.08,6,1,Monsoon,Extreme,6.300000000000001,47696.0
Rajshahi,1969,7,32.7,26.0,417.0,85.0,1.4,6.1,4.38,24.35,88.56,20,1,Monsoon,High,6.700000000000003,35445.0
Rangpur,1969,7,37.7,26.2,636.0,85.0,0.7,5.4,4.348571429,25.72,89.26,34,1,Monsoon,Extreme,11.500000000000004,54060.0
Sandwip,1969,7,32.6,25.7,944.0,88.0,1.4,5.5,4.022222222,22.5,91.46,6,1,Monsoon,Extreme,6.900000000000002,83072.0
Sylhet,1969,7,34.7,25.2,738.0,87.0,1.2,7.0,5.0,24.88,91.93,35,1,Monsoon,Extreme,9.500000000000004,64206.0
Barisal,1969,8,33.2,25.4,546.0,91.0,1.2,7.0,2.8,22.7,90.36,4,1,Monsoon,Extreme,7.800000000000004,49686.0
Bhola,1969,8,32.1,25.0,597.0,91.0,3.6,7.6,3.666666667,22.7,90.66,5,1,Monsoon,Extreme,7.100000000000001,54327.0
Bogra,1969,8,32.8,25.6,433.0,88.0,1.3,6.3,3.4,24.88,89.36,20,1,Monsoon,High,7.199999999999996,38104.0
Chandpur,1969,8,33.9,25.8,367.0,90.0,1.1,4.4,3.851351351,23.26,90.67,7,1,Monsoon,High,8.099999999999998,33030.0
Chittagong (IAP-Patenga),1969,8,33.2,24.5,715.0,89.0,4.0,6.5,4.6,22.34,91.79,6,1,Monsoon,Extreme,8.700000000000003,63635.0
Comilla,1969,8,33.9,24.8,644.0,90.0,2.4,5.1,5.233333333,23.48,91.19,10,1,Monsoon,Extreme,9.099999999999998,57960.0
Cox's Bazar,1969,8,31.2,24.5,1062.0,93.0,4.7,7.3,4.4,21.46,91.98,4,1,Monsoon,Extreme,6.699999999999999,98766.0
Dinajpur,1969,8,33.9,26.2,373.0,87.0,0.9,5.6,5.208,25.63,88.66,37,1,Monsoon,High,7.699999999999999,32451.0
Faridpur,1969,8,32.8,25.7,407.0,89.0,1.3,6.1,4.95862069,23.61,89.84,9,1,Monsoon,High,7.099999999999998,36223.0
Hatiya,1969,8,32.4,24.8,838.0,90.0,1.8,5.9,4.424137931,22.29,91.13,4,1,Monsoon,Extreme,7.599999999999998,75420.0
Ishurdi,1969,8,34.6,25.3,659.0,89.0,1.2,6.1,4.944827586,24.12,89.04,14,1,Monsoon,Extreme,9.3,58651.0
Khulna,1969,8,35.7,25.7,507.0,92.0,0.6,5.0,4.363333333,22.8,89.58,4,1,Monsoon,Extreme,10.000000000000004,46644.0
Maijdee Court,1969,8,32.2,24.8,974.0,89.0,1.3,6.8,4.64137931,22.83,91.08,6,1,Monsoon,Extreme,7.400000000000002,86686.0
Mymensingh,1969,8,33.9,25.2,634.0,87.0,0.5,5.9,4.377142857,24.75,90.41,19,1,Monsoon,Extreme,8.7,55158.0
Rajshahi,1969,8,32.8,26.1,591.0,86.0,1.3,5.8,5.111428571,24.35,88.56,20,1,Monsoon,Extreme,6.699999999999996,50826.0
Rangamati,1969,8,34.3,24.7,740.0,89.0,2.2,5.8,4.744444444,22.67,92.2,63,1,Monsoon,Extreme,9.599999999999998,65860.0
Sandwip,1969,8,31.6,25.2,978.0,90.0,2.5,5.7,4.962962963,22.5,91.46,6,1,Monsoon,Extreme,6.400000000000002,88020.0
Satkhira,1969,8,34.4,25.1,578.0,93.0,0.6,6.2,4.373333333,22.68,89.07,6,1,Monsoon,Extreme,9.299999999999995,53754.0
Sylhet,1969,8,33.9,24.5,964.0,90.0,1.3,7.4,3.7,24.88,91.93,35,1,Monsoon,Extreme,9.4,86760.0
Barisal,1969,9,34.3,26.0,366.0,87.0,1.3,5.6,5.9,22.7,90.36,4,1,Monsoon,High,8.299999999999997,31842.0
Bhola,1969,9,33.6,25.2,456.0,87.0,1.2,6.5,3.787878788,22.7,90.66,5,1,Monsoon,High,8.400000000000002,39672.0
Bogra,1969,9,37.8,25.5,357.0,86.0,1.1,4.9,6.0,24.88,89.36,20,1,Monsoon,High,12.299999999999995,30702.0
Cox's Bazar,1969,9,32.4,24.8,465.0,84.0,4.2,5.1,7.9,21.46,91.98,4,1,Monsoon,High,7.599999999999998,39060.0
Dhaka,1969,9,34.4,26.3,201.0,82.0,1.6,4.8,6.3,23.78,90.39,9,0,Monsoon,High,8.099999999999998,16482.0
Dinajpur,1969,9,35.0,25.4,276.0,84.0,0.8,3.8,5.184,25.63,88.66,37,1,Monsoon,High,9.6,23184.0
Hatiya,1969,9,32.9,25.2,544.0,86.0,1.5,4.3,4.965517241,22.29,91.13,4,1,Monsoon,Extreme,7.699999999999999,46784.0
Ishurdi,1969,9,34.4,25.6,447.0,86.0,1.4,5.5,5.220689655,24.12,89.04,14,1,Monsoon,High,8.799999999999997,38442.0
Jessore,1969,9,34.6,25.3,428.0,85.0,2.6,5.6,6.3,23.17,89.22,7,1,Monsoon,High,9.3,36380.0
Khulna,1969,9,36.6,26.2,596.0,91.0,0.4,3.5,4.906666667,22.8,89.58,4,1,Monsoon,Extreme,10.400000000000002,54236.0
Rajshahi,1969,9,32.6,25.7,627.0,84.0,1.1,5.2,5.542857143,24.35,88.56,20,1,Monsoon,Extreme,6.900000000000002,52668.0
Satkhira,1969,9,35.0,25.5,550.0,90.0,0.6,5.1,4.913333333,22.68,89.07,6,1,Monsoon,Extreme,9.5,49500.0
Bhola,1969,10,33.9,23.6,53.0,85.0,2.9,3.9,5.606060606,22.7,90.66,5,1,Post-Monsoon,Moderate,10.299999999999995,4505.0
Dhaka,1969,10,32.8,23.2,103.0,78.0,0.4,3.1,8.2,23.78,90.39,9,0,Post-Monsoon,Moderate,9.599999999999998,8034.0
Dhaka,1969,11,32.2,18.1,2.0,73.0,0.3,2.2,8.9,23.78,90.39,9,0,Post-Monsoon,Low,14.1,146.0
Dhaka,1969,12,27.8,13.9,0.0,72.0,0.6,1.6,8.8,23.78,90.39,9,0,Winter,Low,13.9,0.0
Dhaka,1970,1,27.8,11.8,16.0,70.0,0.6,1.8,9.0,23.78,90.39,9,0,Winter,Low,16.0,1120.0
Dhaka,1970,2,32.3,15.3,8.0,62.0,0.9,1.9,9.8,23.78,90.39,9,0,Winter,Low,16.999999999999996,496.0
Sylhet,1970,5,34.4,23.1,851.0,81.0,1.6,5.0,7.7,24.88,91.93,35,1,Pre-Monsoon,Extreme,11.299999999999995,68931.0
Barisal,1970,6,33.7,25.6,408.0,89.0,2.3,6.7,3.9,22.7,90.36,4,1,Monsoon,High,8.100000000000001,36312.0
Bhola,1970,6,34.7,24.3,402.0,92.0,4.9,7.5,3.306060606,22.7,90.66,5,1,Monsoon,High,10.400000000000002,36984.0
Bogra,1970,6,37.8,25.7,506.0,86.0,1.3,6.1,3.7,24.88,89.36,20,1,Monsoon,Extreme,12.099999999999998,43516.0
Chandpur,1970,6,34.4,25.9,387.0,87.0,1.6,3.7,3.637837838,23.26,90.67,7,1,Monsoon,High,8.5,33669.0
Cox's Bazar,1970,6,32.8,24.4,578.0,85.0,3.6,7.2,4.0,21.46,91.98,4,1,Monsoon,Extreme,8.399999999999999,49130.0
Dinajpur,1970,6,36.7,25.7,253.0,83.0,0.8,5.7,5.228,25.63,88.66,37,1,Monsoon,High,11.000000000000004,20999.0
Hatiya,1970,6,31.8,25.8,468.0,87.0,4.2,6.2,3.803448276,22.29,91.13,4,1,Monsoon,High,6.0,40716.0
Khulna,1970,6,36.7,26.5,548.0,85.0,0.3,3.9,4.546666667,22.8,89.58,4,1,Monsoon,Extreme,10.200000000000005,46580.0
Maijdee Court,1970,6,32.6,24.7,574.0,87.0,1.3,5.9,3.872413793,22.83,91.08,6,1,Monsoon,Extreme,7.900000000000002,49938.0
Mymensingh,1970,6,33.9,25.1,570.0,84.0,0.2,6.0,4.02,24.75,90.41,19,1,Monsoon,Extreme,8.799999999999997,47880.0
Rajshahi,1970,6,35.6,25.8,372.0,84.0,1.0,7.0,5.394285714,24.35,88.56,20,1,Monsoon,High,9.8,31248.0
Rangpur,1970,6,36.7,23.9,527.0,85.0,1.2,5.4,4.894285714,25.72,89.26,34,1,Monsoon,Extreme,12.800000000000004,44795.0
Sylhet,1970,6,35.0,24.7,955.0,88.0,1.7,7.0,4.6,24.88,91.93,35,1,Monsoon,Extreme,10.3,84040.0
Barisal,1970,7,34.4,25.7,530.0,90.0,1.8,6.7,3.4,22.7,90.36,4,1,Monsoon,Extreme,8.7,47700.0
Bhola,1970,7,34.1,26.0,416.0,90.0,2.4,6.7,2.845454545,22.7,90.66,5,1,Monsoon,High,8.100000000000001,37440.0
Bogra,1970,7,33.9,26.1,629.0,88.0,1.4,6.7,3.8,24.88,89.36,20,1,Monsoon,Extreme,7.799999999999997,55352.0
Chandpur,1970,7,34.4,25.8,433.0,89.0,1.4,3.6,3.416216216,23.26,90.67,7,1,Monsoon,High,8.599999999999998,38537.0
Chittagong (IAP-Patenga),1970,7,33.7,24.9,1041.0,89.0,4.3,6.8,3.9,22.34,91.79,6,1,Monsoon,Extreme,8.800000000000004,92649.0
Comilla,1970,7,35.0,26.0,546.0,93.0,1.8,4.5,4.566666667,23.48,91.19,10,1,Monsoon,Extreme,9.0,50778.0
Cox's Bazar,1970,7,31.7,24.2,1424.0,90.0,3.9,7.4,3.4,21.46,91.98,4,1,Monsoon,Extreme,7.5,128160.0
Dinajpur,1970,7,35.0,26.0,586.0,87.0,0.6,6.1,4.288,25.63,88.66,37,1,Monsoon,Extreme,9.0,50982.0
Faridpur,1970,7,34.4,25.5,382.0,89.0,1.4,6.9,4.431034483,23.61,89.84,9,1,Monsoon,High,8.899999999999999,33998.0
Hatiya,1970,7,31.9,25.3,584.0,89.0,3.8,6.4,3.968965517,22.29,91.13,4,1,Monsoon,Extreme,6.599999999999998,51976.0
Jessore,1970,7,35.6,25.9,415.0,87.0,3.1,6.5,4.5,23.17,89.22,7,1,Monsoon,High,9.700000000000005,36105.0
Khulna,1970,7,36.1,26.4,634.0,88.0,0.2,4.8,3.89,22.8,89.58,4,1,Monsoon,Extreme,9.700000000000005,55792.0
Maijdee Court,1970,7,34.9,24.7,692.0,88.0,1.1,6.9,3.575862069,22.83,91.08,6,1,Monsoon,Extreme,10.2,60896.0
Rajshahi,1970,7,32.7,26.0,446.0,86.0,1.1,7.2,4.38,24.35,88.56,20,1,Monsoon,High,6.700000000000003,38356.0
Rangamati,1970,7,35.0,24.9,1276.0,90.0,1.9,5.9,3.748148148,22.67,92.2,63,1,Monsoon,Extreme,10.1,114840.0
Rangpur,1970,7,34.3,24.7,503.0,87.0,0.9,5.3,4.348571429,25.72,89.26,34,1,Monsoon,Extreme,9.599999999999998,43761.0
Sandwip,1970,7,34.1,26.3,812.0,92.0,3.1,4.5,4.022222222,22.5,91.46,6,1,Monsoon,Extreme,7.800000000000001,74704.0
Satkhira,1970,7,34.4,24.1,356.0,91.0,1.2,5.1,3.93,22.68,89.07,6,1,Monsoon,High,10.299999999999995,32396.0
Srimangal,1970,7,34.1,25.0,657.0,89.0,1.4,6.1,4.325,24.29,91.73,23,1,Monsoon,Extreme,9.1,58473.0
Sylhet,1970,7,35.0,24.6,1076.0,90.0,1.5,7.1,3.1,24.88,91.93,35,1,Monsoon,Extreme,10.4,96840.0
Chittagong (IAP-Patenga),1970,8,33.3,25.0,405.0,87.0,3.2,6.6,6.0,22.34,91.79,6,1,Monsoon,High,8.299999999999997,35235.0
Cox's Bazar,1970,8,33.6,24.5,598.0,87.0,2.9,6.7,5.2,21.46,91.98,4,1,Monsoon,Extreme,9.1,52026.0
Dinajpur,1970,8,35.6,26.8,126.0,85.0,0.7,4.7,5.208,25.63,88.66,37,1,Monsoon,Moderate,8.8,10710.0
Hatiya,1970,8,33.3,25.4,512.0,88.0,2.7,6.4,4.424137931,22.29,91.13,4,1,Monsoon,Extreme,7.899999999999999,45056.0
Maijdee Court,1970,8,33.8,25.0,696.0,87.0,1.0,6.1,4.64137931,22.83,91.08,6,1,Monsoon,Extreme,8.799999999999997,60552.0
Sandwip,1970,8,34.3,26.1,597.0,90.0,2.7,4.0,4.962962963,22.5,91.46,6,1,Monsoon,Extreme,8.199999999999996,53730.0
Sylhet,1970,8,34.4,25.2,662.0,87.0,1.0,6.6,5.3,24.88,91.93,35,1,Monsoon,Extreme,9.2,57594.0
Barisal,1970,9,32.8,25.7,571.0,89.0,1.2,5.7,5.1,22.7,90.36,4,1,Monsoon,Extreme,7.099999999999998,50819.0
Bhola,1970,9,32.7,24.8,503.0,92.0,3.4,6.4,3.787878788,22.7,90.66,5,1,Monsoon,Extreme,7.900000000000002,46276.0
Dinajpur,1970,9,35.0,25.8,217.0,86.0,0.9,4.8,5.184,25.63,88.66,37,1,Monsoon,High,9.2,18662.0
Faridpur,1970,9,36.7,25.4,433.0,87.0,1.4,6.3,5.14137931,23.61,89.84,9,1,Monsoon,High,11.300000000000004,37671.0
Hatiya,1970,9,31.6,25.4,521.0,86.0,2.3,6.0,4.965517241,22.29,91.13,4,1,Monsoon,Extreme,6.200000000000003,44806.0
Jessore,1970,9,34.2,25.6,490.0,86.0,2.7,6.2,5.4,23.17,89.22,7,1,Monsoon,High,8.600000000000001,42140.0
Maijdee Court,1970,9,32.4,25.3,554.0,88.0,1.1,6.1,4.951724138,22.83,91.08,6,1,Monsoon,Extreme,7.099999999999998,48752.0
Satkhira,1970,9,33.9,25.7,377.0,89.0,1.2,5.3,4.913333333,22.68,89.07,6,1,Monsoon,High,8.2,33553.0
Sylhet,1970,9,33.9,24.7,622.0,88.0,1.0,6.1,5.1,24.88,91.93,35,1,Monsoon,Extreme,9.2,54736.0
Chittagong (IAP-Patenga),1970,10,33.7,23.8,380.0,86.0,1.6,4.6,6.3,22.34,91.79,6,1,Post-Monsoon,High,9.900000000000002,32680.0
Cox's Bazar,1970,10,33.1,23.9,458.0,84.0,1.6,5.2,4.8,21.46,91.98,4,1,Post-Monsoon,High,9.200000000000005,38472.0
Dhaka,1970,10,32.9,23.9,427.0,85.0,1.4,4.1,7.2,23.78,90.39,9,0,Post-Monsoon,High,9.0,36295.0
Faridpur,1970,10,32.8,23.5,413.0,84.0,1.3,3.6,6.906896552,23.61,89.84,9,1,Post-Monsoon,High,9.299999999999995,34692.0
Maijdee Court,1970,10,33.3,24.1,569.0,86.0,0.8,3.7,6.631034483,22.83,91.08,6,1,Post-Monsoon,Extreme,9.199999999999996,48934.0
Rajshahi,1970,10,32.7,23.2,228.0,84.0,0.9,4.3,7.325714286,24.35,88.56,20,1,Post-Monsoon,High,9.500000000000004,19152.0
Sandwip,1970,10,33.9,24.7,428.0,86.0,1.7,2.5,6.885185185,22.5,91.46,6,1,Post-Monsoon,High,9.2,36808.0
Sylhet,1970,10,33.9,22.1,608.0,86.0,1.4,4.4,6.6,24.88,91.93,35,1,Post-Monsoon,Extreme,11.799999999999995,52288.0
Dhaka,1970,11,30.9,18.6,32.0,74.0,0.8,2.4,9.0,23.78,90.39,9,0,Post-Monsoon,Low,12.299999999999995,2368.0
Dhaka,1970,12,27.8,12.8,0.0,71.0,0.4,0.3,10.2,23.78,90.39,9,0,Winter,Low,15.0,0.0
Dhaka,1971,1,26.7,12.8,3.0,69.0,0.6,1.2,7.9,23.78,90.39,9,0,Winter,Low,13.9,207.0
Dhaka,1971,2,31.6,14.4,28.0,63.0,0.7,1.6,8.4,23.78,90.39,9,0,Winter,Low,17.200000000000003,1764.0
Dinajpur,1971,5,33.3,23.5,162.0,72.0,1.0,3.7,6.848,25.63,88.66,37,1,Pre-Monsoon,Moderate,9.799999999999995,11664.0
Barisal,1971,6,32.8,25.4,503.0,87.0,3.1,6.9,4.1,22.7,90.36,4,1,Monsoon,Extreme,7.399999999999999,43761.0
Bhola,1971,6,31.9,25.2,584.0,88.0,2.5,6.8,3.306060606,22.7,90.66,5,1,Monsoon,Extreme,6.699999999999999,51392.0
Chandpur,1971,6,33.3,25.8,347.0,84.0,1.4,4.8,3.637837838,23.26,90.67,7,1,Monsoon,High,7.4999999999999964,29148.0
Chittagong (IAP-Patenga),1971,6,33.4,24.9,853.0,84.0,4.2,6.9,4.2,22.34,91.79,6,1,Monsoon,Extreme,8.5,71652.0
Cox's Bazar,1971,6,32.8,24.9,1179.0,87.0,3.6,7.0,3.8,21.46,91.98,4,1,Monsoon,Extreme,7.899999999999999,102573.0
Dinajpur,1971,6,33.4,25.4,339.0,82.0,1.0,5.4,5.228,25.63,88.66,37,1,Monsoon,High,8.0,27798.0
Hatiya,1971,6,31.8,25.5,556.0,87.0,3.1,5.8,3.803448276,22.29,91.13,4,1,Monsoon,Extreme,6.300000000000001,48372.0
Jessore,1971,6,34.7,25.3,421.0,84.0,2.8,6.2,4.8,23.17,89.22,7,1,Monsoon,High,9.400000000000002,35364.0
Maijdee Court,1971,6,32.1,25.0,644.0,86.0,1.3,6.8,3.872413793,22.83,91.08,6,1,Monsoon,Extreme,7.100000000000001,55384.0
Rajshahi,1971,6,34.9,25.6,277.0,82.0,1.6,6.6,5.394285714,24.35,88.56,20,1,Monsoon,High,9.299999999999995,22714.0
Rangamati,1971,6,35.0,24.9,693.0,88.0,2.4,6.3,4.381481481,22.67,92.2,63,1,Monsoon,Extreme,10.1,60984.0
Sandwip,1971,6,32.6,26.2,922.0,90.0,3.7,5.1,4.666666667,22.5,91.46,6,1,Monsoon,Extreme,6.400000000000002,82980.0
Satkhira,1971,6,35.0,25.4,401.0,82.0,2.2,5.4,4.386666667,22.68,89.07,6,1,Monsoon,High,9.6,32882.0
Sylhet,1971,6,33.9,24.7,731.0,87.0,1.5,7.3,2.5,24.88,91.93,35,1,Monsoon,Extreme,9.2,63597.0
Bhola,1971,7,32.4,25.2,409.0,90.0,2.0,6.9,2.845454545,22.7,90.66,5,1,Monsoon,High,7.199999999999999,36810.0
Bogra,1971,7,34.4,25.1,353.0,86.0,1.7,6.7,5.7,24.88,89.36,20,1,Monsoon,High,9.299999999999995,30358.0
Chandpur,1971,7,31.8,25.8,426.0,86.0,1.4,5.3,3.416216216,23.26,90.67,7,1,Monsoon,High,6.0,36636.0
Chittagong (IAP-Patenga),1971,7,31.9,24.4,949.0,86.0,4.2,7.1,4.2,22.34,91.79,6,1,Monsoon,Extreme,7.5,81614.0
Cox's Bazar,1971,7,33.1,24.4,1518.0,89.0,3.3,7.3,3.4,21.46,91.98,4,1,Monsoon,Extreme,8.700000000000003,135102.0
Dinajpur,1971,7,32.2,25.9,422.0,85.0,0.9,5.9,4.288,25.63,88.66,37,1,Monsoon,High,6.300000000000004,35870.0
Hatiya,1971,7,34.3,25.0,790.0,89.0,2.4,6.4,3.968965517,22.29,91.13,4,1,Monsoon,Extreme,9.299999999999995,70310.0
Jessore,1971,7,33.3,25.5,489.0,87.0,2.7,6.9,4.4,23.17,89.22,7,1,Monsoon,High,7.799999999999997,42543.0
Maijdee Court,1971,7,32.2,24.7,888.0,87.0,1.1,7.1,3.575862069,22.83,91.08,6,1,Monsoon,Extreme,7.5000000000000036,77256.0
Mymensingh,1971,7,31.8,25.8,398.0,86.0,1.5,6.5,3.691428571,24.75,90.41,19,1,Monsoon,High,6.0,34228.0
Rajshahi,1971,7,34.7,25.9,452.0,87.0,1.1,6.2,4.38,24.35,88.56,20,1,Monsoon,High,8.800000000000004,39324.0
Sandwip,1971,7,32.1,25.8,780.0,92.0,4.0,5.6,4.022222222,22.5,91.46,6,1,Monsoon,Extreme,6.300000000000001,71760.0
Satkhira,1971,7,34.4,25.5,598.0,86.0,1.7,5.9,3.93,22.68,89.07,6,1,Monsoon,Extreme,8.899999999999999,51428.0
Sylhet,1971,7,34.5,24.5,510.0,87.0,1.6,7.1,3.3,24.88,91.93,35,1,Monsoon,Extreme,10.0,44370.0
Barisal,1971,8,31.4,25.2,351.0,88.0,1.7,6.8,4.3,22.7,90.36,4,1,Monsoon,High,6.199999999999999,30888.0
Chandpur,1971,8,31.9,25.9,332.0,85.0,1.2,5.3,3.851351351,23.26,90.67,7,1,Monsoon,High,6.0,28220.0
Chittagong (IAP-Patenga),1971,8,32.3,24.2,707.0,86.0,3.8,6.8,4.8,22.34,91.79,6,1,Monsoon,Extreme,8.099999999999998,60802.0
Cox's Bazar,1971,8,30.8,24.4,680.0,88.0,3.4,7.0,5.0,21.46,91.98,4,1,Monsoon,Extreme,6.400000000000002,59840.0
Dinajpur,1971,8,33.3,25.7,295.0,84.0,1.0,5.7,5.208,25.63,88.66,37,1,Monsoon,High,7.599999999999998,24780.0
Faridpur,1971,8,32.2,24.5,538.0,85.0,1.4,6.3,4.95862069,23.61,89.84,9,1,Monsoon,Extreme,7.700000000000003,45730.0
Hatiya,1971,8,31.5,25.0,989.0,88.0,2.4,6.6,4.424137931,22.29,91.13,4,1,Monsoon,Extreme,6.5,87032.0
Ishurdi,1971,8,32.5,25.4,532.0,85.0,3.5,6.1,4.944827586,24.12,89.04,14,1,Monsoon,Extreme,7.100000000000001,45220.0
Jessore,1971,8,32.4,24.9,500.0,87.0,2.5,7.1,3.1,23.17,89.22,7,1,Monsoon,High,7.5,43500.0
Maijdee Court,1971,8,32.2,24.3,870.0,87.0,1.5,6.9,4.64137931,22.83,91.08,6,1,Monsoon,Extreme,7.900000000000002,75690.0
Rajshahi,1971,8,35.6,24.9,452.0,86.0,1.3,6.6,5.111428571,24.35,88.56,20,1,Monsoon,High,10.700000000000005,38872.0
Rangamati,1971,8,32.9,24.4,507.0,92.0,2.0,6.2,4.744444444,22.67,92.2,63,1,Monsoon,Extreme,8.5,46644.0
Rangpur,1971,8,34.4,25.7,438.0,85.0,1.5,5.4,5.145714286,25.72,89.26,34,1,Monsoon,High,8.7,37230.0
Sandwip,1971,8,31.3,25.2,1113.0,92.0,2.9,5.9,4.962962963,22.5,91.46,6,1,Monsoon,Extreme,6.100000000000001,102396.0
Sylhet,1971,8,33.3,24.3,571.0,86.0,1.3,7.2,3.5,24.88,91.93,35,1,Monsoon,Extreme,8.999999999999996,49106.0
Barisal,1971,9,33.9,25.5,394.0,87.0,1.8,5.7,4.9,22.7,90.36,4,1,Monsoon,High,8.399999999999999,34278.0
Bhola,1971,9,34.1,25.4,409.0,88.0,1.5,6.8,3.787878788,22.7,90.66,5,1,Monsoon,High,8.700000000000003,35992.0
Bogra,1971,9,34.4,24.3,392.0,86.0,1.6,6.0,6.3,24.88,89.36,20,1,Monsoon,High,10.099999999999998,33712.0
Hatiya,1971,9,30.9,24.7,430.0,86.0,2.7,4.7,4.965517241,22.29,91.13,4,1,Monsoon,High,6.199999999999999,36980.0
Maijdee Court,1971,9,33.8,25.5,425.0,85.0,1.0,5.3,4.951724138,22.83,91.08,6,1,Monsoon,High,8.299999999999997,36125.0
Mymensingh,1971,9,35.6,26.1,439.0,85.0,0.6,5.3,4.231428571,24.75,90.41,19,1,Monsoon,High,9.5,37315.0
Dhaka,1971,10,32.8,24.1,118.0,80.0,1.0,3.7,7.3,23.78,90.39,9,0,Post-Monsoon,Moderate,8.699999999999996,9440.0
Dinajpur,1971,10,32.8,23.2,302.0,80.0,0.7,2.8,6.916,25.63,88.66,37,1,Post-Monsoon,High,9.599999999999998,24160.0
Dhaka,1971,11,30.2,17.3,95.0,74.0,0.6,2.1,8.1,23.78,90.39,9,0,Post-Monsoon,Moderate,12.9,7030.0
Dhaka,1971,12,27.7,14.0,3.0,73.0,0.4,1.2,8.1,23.78,90.39,9,0,Winter,Low,13.7,219.0
Dhaka,1972,1,30.5,11.9,0.0,69.0,0.5,0.6,7.9,23.78,90.39,9,0,Winter,Low,18.6,0.0
Dhaka,1972,2,31.7,12.8,11.0,64.0,0.9,1.6,8.1,23.78,90.39,9,0,Winter,Low,18.9,704.0
Sylhet,1972,4,34.0,19.7,445.0,78.0,2.1,5.5,7.2,24.88,91.93,35,1,Pre-Monsoon,High,14.3,34710.0
Dinajpur,1972,5,33.3,23.5,162.0,72.0,1.0,3.7,6.848,25.63,88.66,37,1,Pre-Monsoon,Moderate,9.799999999999995,11664.0
Bhola,1972,6,35.2,25.7,512.0,88.0,1.0,5.4,3.306060606,22.7,90.66,5,1,Monsoon,Extreme,9.500000000000004,45056.0
Chandpur,1972,6,33.3,25.8,347.0,84.0,1.4,4.8,3.637837838,23.26,90.67,7,1,Monsoon,High,7.4999999999999964,29148.0
Chittagong (IAP-Patenga),1972,6,34.3,25.5,457.0,84.0,4.1,6.6,4.2,22.34,91.79,6,1,Monsoon,High,8.799999999999997,38388.0
Comilla,1972,6,37.8,25.6,369.0,86.0,2.9,5.7,4.927272727,23.48,91.19,10,1,Monsoon,High,12.199999999999996,31734.0
Dinajpur,1972,6,37.5,25.6,171.0,82.0,1.0,4.6,5.228,25.63,88.66,37,1,Monsoon,Moderate,11.9,14022.0
Hatiya,1972,6,31.8,25.5,566.0,87.0,3.1,5.9,3.803448276,22.29,91.13,4,1,Monsoon,Extreme,6.300000000000001,49242.0
Khulna,1972,6,34.5,26.1,331.0,85.0,1.8,5.4,4.546666667,22.8,89.58,4,1,Monsoon,High,8.399999999999999,28135.0
Maijdee Court,1972,6,35.5,24.0,490.0,82.0,1.7,5.3,3.872413793,22.83,91.08,6,1,Monsoon,High,11.5,40180.0
Mymensingh,1972,6,35.6,24.9,625.0,85.0,0.6,6.2,4.02,24.75,90.41,19,1,Monsoon,Extreme,10.700000000000005,53125.0
Rangamati,1972,6,36.1,25.7,450.0,82.0,1.8,5.2,4.381481481,22.67,92.2,63,1,Monsoon,High,10.400000000000002,36900.0
Sandwip,1972,6,33.8,27.7,1055.0,87.0,3.9,4.3,4.666666667,22.5,91.46,6,1,Monsoon,Extreme,6.099999999999998,91785.0
Sylhet,1972,6,34.7,23.7,829.0,88.0,1.3,6.4,4.2,24.88,91.93,35,1,Monsoon,Extreme,11.000000000000004,72952.0
Bogra,1972,7,36.7,26.2,307.0,85.0,1.1,5.9,5.0,24.88,89.36,20,1,Monsoon,High,10.500000000000004,26095.0
Chandpur,1972,7,31.8,25.8,426.0,86.0,1.4,5.3,3.416216216,23.26,90.67,7,1,Monsoon,High,6.0,36636.0
Chittagong (IAP-Patenga),1972,7,37.8,25.7,372.0,86.0,5.1,7.1,4.2,22.34,91.79,6,1,Monsoon,High,12.099999999999998,31992.0
Dinajpur,1972,7,37.2,26.3,264.0,85.0,0.8,5.5,4.288,25.63,88.66,37,1,Monsoon,High,10.900000000000002,22440.0
Hatiya,1972,7,30.5,25.4,686.0,89.0,2.9,6.3,3.968965517,22.29,91.13,4,1,Monsoon,Extreme,5.100000000000001,61054.0
Maijdee Court,1972,7,34.4,24.1,538.0,86.0,1.7,5.8,3.575862069,22.83,91.08,6,1,Monsoon,Extreme,10.299999999999995,46268.0
Mymensingh,1972,7,36.7,25.8,418.0,86.0,0.8,6.5,3.691428571,24.75,90.41,19,1,Monsoon,High,10.900000000000002,35948.0
Sandwip,1972,7,33.7,26.5,624.0,81.0,4.3,5.0,4.022222222,22.5,91.46,6,1,Monsoon,Extreme,7.200000000000003,50544.0
Satkhira,1972,7,32.5,25.9,320.0,86.0,1.6,5.7,3.93,22.68,89.07,6,1,Monsoon,High,6.600000000000001,27520.0
Sylhet,1972,7,36.7,25.1,826.0,86.0,1.1,7.0,4.9,24.88,91.93,35,1,Monsoon,Extreme,11.6,71036.0
Barisal,1972,8,33.4,25.1,458.0,90.0,1.6,6.7,4.4,22.7,90.36,4,1,Monsoon,High,8.299999999999997,41220.0
Bhola,1972,8,32.4,25.0,586.0,91.0,1.2,6.0,3.666666667,22.7,90.66,5,1,Monsoon,Extreme,7.399999999999999,53326.0
Chandpur,1972,8,31.9,25.9,332.0,85.0,1.2,5.3,3.851351351,23.26,90.67,7,1,Monsoon,High,6.0,28220.0
Chittagong (IAP-Patenga),1972,8,32.4,24.5,565.0,86.0,4.5,7.6,4.8,22.34,91.79,6,1,Monsoon,Extreme,7.899999999999999,48590.0
Comilla,1972,8,34.2,25.2,385.0,86.0,3.3,6.7,5.233333333,23.48,91.19,10,1,Monsoon,High,9.000000000000004,33110.0
Cox's Bazar,1972,8,31.7,24.4,839.0,90.0,2.9,7.3,3.9,21.46,91.98,4,1,Monsoon,Extreme,7.300000000000001,75510.0
Dinajpur,1972,8,36.4,25.9,371.0,84.0,0.8,4.5,5.208,25.63,88.66,37,1,Monsoon,High,10.5,31164.0
Hatiya,1972,8,30.7,25.3,570.0,88.0,2.4,6.0,4.424137931,22.29,91.13,4,1,Monsoon,Extreme,5.399999999999999,50160.0
Jessore,1972,8,33.9,25.0,372.0,88.0,2.8,6.4,3.5,23.17,89.22,7,1,Monsoon,High,8.899999999999999,32736.0
Maijdee Court,1972,8,32.2,23.5,722.0,87.0,1.1,6.7,4.64137931,22.83,91.08,6,1,Monsoon,Extreme,8.700000000000003,62814.0
Rajshahi,1972,8,34.2,25.6,275.0,86.0,1.1,5.8,5.111428571,24.35,88.56,20,1,Monsoon,High,8.600000000000001,23650.0
Sandwip,1972,8,32.6,26.0,1029.0,85.0,4.2,5.7,4.962962963,22.5,91.46,6,1,Monsoon,Extreme,6.600000000000001,87465.0
Sylhet,1972,8,33.9,24.6,479.0,86.0,0.9,6.8,5.7,24.88,91.93,35,1,Monsoon,High,9.299999999999995,41194.0
Hatiya,1972,9,31.3,25.2,404.0,86.0,1.8,5.2,4.965517241,22.29,91.13,4,1,Monsoon,High,6.100000000000001,34744.0
Cox's Bazar,1972,10,33.3,23.8,440.0,79.0,1.0,3.7,8.8,21.46,91.98,4,1,Post-Monsoon,High,9.499999999999996,34760.0
Dhaka,1972,10,33.8,23.4,105.0,77.0,0.5,3.1,7.3,23.78,90.39,9,0,Post-Monsoon,Moderate,10.4,8085.0
Dhaka,1972,11,31.1,18.2,0.0,71.0,0.4,2.2,8.1,23.78,90.39,9,0,Post-Monsoon,Low,12.900000000000002,0.0
Dhaka,1972,12,30.9,13.4,0.0,68.0,0.6,1.3,8.1,23.78,90.39,9,0,Winter,Low,17.5,0.0
Dhaka,1973,1,31.2,12.4,0.0,64.0,0.8,0.5,9.9,23.78,90.39,9,0,Winter,Low,18.8,0.0
Dhaka,1973,2,33.6,16.5,21.0,62.0,1.2,1.9,9.3,23.78,90.39,9,0,Winter,Low,17.1,1302.0
Barisal,1973,5,34.4,24.4,508.0,86.0,1.7,5.3,6.7,22.7,90.36,4,1,Pre-Monsoon,Extreme,10.0,43688.0
Bhola,1973,5,34.1,24.1,500.0,84.0,1.6,5.4,5.724242424,22.7,90.66,5,1,Pre-Monsoon,High,10.0,42000.0
Chandpur,1973,5,33.3,23.9,454.0,79.0,2.6,3.2,5.840540541,23.26,90.67,7,1,Pre-Monsoon,High,9.4,35866.0
Chittagong (IAP-Patenga),1973,5,33.2,23.8,457.0,82.0,3.5,5.1,7.9,22.34,91.79,6,1,Pre-Monsoon,High,9.400000000000002,37474.0
Comilla,1973,5,34.4,23.9,445.0,79.0,2.4,5.0,6.587878788,23.48,91.19,10,1,Pre-Monsoon,High,10.5,35155.0
Cox's Bazar,1973,5,33.3,24.5,496.0,84.0,2.6,4.6,6.9,21.46,91.98,4,1,Pre-Monsoon,High,8.799999999999997,41664.0
Dinajpur,1973,5,33.3,23.5,162.0,72.0,1.0,3.7,6.848,25.63,88.66,37,1,Pre-Monsoon,Moderate,9.799999999999995,11664.0
Faridpur,1973,5,34.4,22.5,486.0,83.0,1.6,5.6,7.020689655,23.61,89.84,9,1,Pre-Monsoon,High,11.9,40338.0
Ishurdi,1973,5,36.3,23.9,470.0,81.0,4.7,5.6,7.251724138,24.12,89.04,14,1,Pre-Monsoon,High,12.4,38070.0
Khulna,1973,5,36.1,25.4,394.0,78.0,1.9,2.0,7.506666667,22.8,89.58,4,1,Pre-Monsoon,High,10.700000000000005,30732.0
Maijdee Court,1973,5,33.8,23.6,495.0,85.0,1.4,4.4,6.513793103,22.83,91.08,6,1,Pre-Monsoon,High,10.199999999999996,42075.0
Sandwip,1973,5,32.9,26.8,620.0,82.0,3.8,4.2,6.425925926,22.5,91.46,6,1,Pre-Monsoon,Extreme,6.099999999999998,50840.0
Srimangal,1973,5,35.5,22.4,574.0,85.0,0.4,4.3,6.178571429,24.29,91.73,23,1,Pre-Monsoon,Extreme,13.1,48790.0
Sylhet,1973,5,32.1,22.7,551.0,81.0,1.5,5.7,5.8,24.88,91.93,35,1,Pre-Monsoon,Extreme,9.400000000000002,44631.0
Barisal,1973,6,33.9,25.7,502.0,88.0,1.3,6.3,4.5,22.7,90.36,4,1,Monsoon,Extreme,8.2,44176.0
Bhola,1973,6,32.5,25.6,434.0,88.0,1.5,5.9,3.306060606,22.7,90.66,5,1,Monsoon,High,6.899999999999999,38192.0
Bogra,1973,6,34.2,25.4,835.0,88.0,0.9,5.7,4.0,24.88,89.36,20,1,Monsoon,Extreme,8.800000000000004,73480.0
Chittagong (IAP-Patenga),1973,6,33.6,25.6,407.0,87.0,3.6,5.9,4.9,22.34,91.79,6,1,Monsoon,High,8.0,35409.0
Comilla,1973,6,34.7,25.1,489.0,84.0,2.2,6.1,4.927272727,23.48,91.19,10,1,Monsoon,High,9.6,41076.0
Cox's Bazar,1973,6,32.2,25.5,790.0,89.0,2.2,6.0,4.4,21.46,91.98,4,1,Monsoon,Extreme,6.700000000000003,70310.0
Dinajpur,1973,6,33.4,25.4,339.0,82.0,1.0,5.4,5.228,25.63,88.66,37,1,Monsoon,High,8.0,27798.0
Faridpur,1973,6,35.6,24.1,431.0,85.0,1.3,6.5,5.0,23.61,89.84,9,1,Monsoon,High,11.5,36635.0
Feni,1973,6,32.6,25.3,494.0,85.225,1.7,6.2,4.289655172,23.01,91.37,8,1,Monsoon,High,7.300000000000001,42101.15
Hatiya,1973,6,32.1,26.1,335.0,87.0,2.6,5.8,3.803448276,22.29,91.13,4,1,Monsoon,High,6.0,29145.0
Ishurdi,1973,6,37.8,24.9,531.0,84.0,3.8,6.4,5.168965517,24.12,89.04,14,1,Monsoon,Extreme,12.9,44604.0
Jessore,1973,6,35.3,25.2,361.0,85.0,2.2,5.7,4.3,23.17,89.22,7,1,Monsoon,High,10.099999999999998,30685.0
Maijdee Court,1973,6,32.7,26.3,428.0,89.0,1.7,4.5,3.872413793,22.83,91.08,6,1,Monsoon,High,6.400000000000002,38092.0
Patuakhali,1973,6,33.3,25.9,467.2051282,87.82051282,2.1,5.9,3.14137931,22.36,90.34,3,1,Monsoon,High,7.399999999999999,41030.19395065784
Rajshahi,1973,6,36.7,25.4,491.0,87.0,1.0,6.5,5.394285714,24.35,88.56,20,1,Monsoon,High,11.300000000000004,42717.0
Rangamati,1973,6,34.2,25.2,453.0,86.0,1.6,5.4,4.381481481,22.67,92.2,63,1,Monsoon,High,9.000000000000004,38958.0
Rangpur,1973,6,33.0,24.9,744.0,85.0,0.8,4.9,4.894285714,25.72,89.26,34,1,Monsoon,Extreme,8.100000000000001,63240.0
Sandwip,1973,6,33.2,27.1,580.0,85.0,2.0,4.8,4.666666667,22.5,91.46,6,1,Monsoon,Extreme,6.100000000000001,49300.0
Sylhet,1973,6,31.5,24.4,788.0,87.0,1.3,6.8,2.2,24.88,91.93,35,1,Monsoon,Extreme,7.100000000000001,68556.0
Barisal,1973,7,32.8,25.7,392.0,90.0,2.4,6.4,5.6,22.7,90.36,4,1,Monsoon,High,7.099999999999998,35280.0
Bhola,1973,7,32.3,25.9,445.0,90.0,2.6,6.3,2.845454545,22.7,90.66,5,1,Monsoon,High,6.399999999999999,40050.0
Chandpur,1973,7,34.4,25.9,489.0,86.0,2.9,3.6,3.416216216,23.26,90.67,7,1,Monsoon,High,8.5,42054.0
Chittagong (IAP-Patenga),1973,7,33.7,25.4,407.0,87.0,5.2,6.4,5.1,22.34,91.79,6,1,Monsoon,High,8.300000000000004,35409.0
Cox's Bazar,1973,7,32.2,25.4,874.0,86.0,3.5,6.6,4.3,21.46,91.98,4,1,Monsoon,Extreme,6.800000000000004,75164.0
Dinajpur,1973,7,32.2,25.9,422.0,85.0,0.9,5.9,4.288,25.63,88.66,37,1,Monsoon,High,6.300000000000004,35870.0
Feni,1973,7,31.1,25.1,734.0,87.225,1.8,6.6,4.106896552,23.01,91.37,8,1,Monsoon,Extreme,6.0,64023.15
Maijdee Court,1973,7,33.3,25.0,610.0,88.0,1.9,5.1,3.575862069,22.83,91.08,6,1,Monsoon,Extreme,8.299999999999997,53680.0
Patuakhali,1973,7,31.4,25.8,534.5641026,89.87179487,2.0,6.4,3.075862069,22.36,90.34,3,1,Monsoon,Extreme,5.599999999999998,48042.23537373283
Rajshahi,1973,7,34.7,26.2,271.0,84.0,1.4,5.5,4.38,24.35,88.56,20,1,Monsoon,High,8.500000000000004,22764.0
Rangamati,1973,7,34.2,25.6,608.0,83.0,1.9,5.4,3.748148148,22.67,92.2,63,1,Monsoon,Extreme,8.600000000000001,50464.0
Sandwip,1973,7,33.2,26.6,717.0,87.0,4.4,5.0,4.022222222,22.5,91.46,6,1,Monsoon,Extreme,6.600000000000001,62379.0
Sylhet,1973,7,31.6,25.0,778.0,87.0,1.3,7.1,6.1,24.88,91.93,35,1,Monsoon,Extreme,6.600000000000001,67686.0
Barisal,1973,8,32.5,25.7,266.0,91.0,1.7,6.8,5.3,22.7,90.36,4,1,Monsoon,High,6.800000000000001,24206.0
Cox's Bazar,1973,8,31.7,25.0,463.0,87.0,2.9,6.6,4.8,21.46,91.98,4,1,Monsoon,High,6.699999999999999,40281.0
Dinajpur,1973,8,32.6,26.0,336.0,84.0,0.8,5.6,5.208,25.63,88.66,37,1,Monsoon,High,6.600000000000001,28224.0
Faridpur,1973,8,32.8,24.5,472.0,86.0,1.6,6.1,4.95862069,23.61,89.84,9,1,Monsoon,High,8.299999999999997,40592.0
Feni,1973,8,31.8,25.3,510.0,85.95,1.6,6.3,4.782758621,23.01,91.37,8,1,Monsoon,Extreme,6.5,43834.5
Maijdee Court,1973,8,31.6,24.6,608.0,89.0,1.6,5.5,4.64137931,22.83,91.08,6,1,Monsoon,Extreme,7.0,54112.0
Patuakhali,1973,8,31.7,26.1,448.7948718,88.82051282,2.7,6.9,3.672413793,22.36,90.34,3,1,Monsoon,High,5.599999999999998,39862.19066426216
Rangamati,1973,8,32.7,24.9,481.0,86.0,1.4,5.1,4.744444444,22.67,92.2,63,1,Monsoon,High,7.800000000000004,41366.0
Sandwip,1973,8,31.9,26.0,854.0,86.0,2.6,4.6,4.962962963,22.5,91.46,6,1,Monsoon,Extreme,5.899999999999999,73444.0
Satkhira,1973,8,33.5,25.6,320.0,85.0,0.9,5.8,4.373333333,22.68,89.07,6,1,Monsoon,High,7.899999999999999,27200.0
Sylhet,1973,8,32.1,25.1,603.0,86.0,1.1,6.8,6.8,24.88,91.93,35,1,Monsoon,Extreme,7.0,51858.0
Barisal,1973,9,35.6,25.4,398.0,91.0,0.9,6.3,3.9,22.7,90.36,4,1,Monsoon,High,10.200000000000005,36218.0
Bogra,1973,9,32.9,25.6,584.0,88.0,1.0,5.5,5.8,24.88,89.36,20,1,Monsoon,Extreme,7.299999999999997,51392.0
Chittagong (IAP-Patenga),1973,9,33.1,24.9,551.0,87.0,3.0,6.4,6.1,22.34,91.79,6,1,Monsoon,Extreme,8.200000000000003,47937.0
Dinajpur,1973,9,32.4,25.1,302.0,84.0,0.7,4.7,5.184,25.63,88.66,37,1,Monsoon,High,7.299999999999997,25368.0
Faridpur,1973,9,33.3,24.3,397.0,87.0,1.2,6.2,5.14137931,23.61,89.84,9,1,Monsoon,High,8.999999999999996,34539.0
Hatiya,1973,9,33.4,25.4,385.0,86.0,2.9,6.2,4.965517241,22.29,91.13,4,1,Monsoon,High,8.0,33110.0
Ishurdi,1973,9,35.5,25.6,563.0,86.0,3.7,6.6,5.220689655,24.12,89.04,14,1,Monsoon,Extreme,9.9,48418.0
Rajshahi,1973,9,33.6,25.8,586.0,88.0,1.1,5.7,5.542857143,24.35,88.56,20,1,Monsoon,Extreme,7.800000000000001,51568.0
Rangpur,1973,9,32.2,25.2,531.0,86.0,1.0,4.6,5.2,25.72,89.26,34,1,Monsoon,Extreme,7.000000000000004,45666.0
Sandwip,1973,9,32.9,25.7,634.0,87.0,2.2,4.7,5.325925926,22.5,91.46,6,1,Monsoon,Extreme,7.199999999999999,55158.0
Sylhet,1973,9,32.1,24.4,495.0,86.0,0.9,6.1,5.2,24.88,91.93,35,1,Monsoon,High,7.700000000000003,42570.0
Barisal,1973,10,33.3,24.4,308.0,86.0,0.7,4.1,6.8,22.7,90.36,4,1,Post-Monsoon,High,8.899999999999999,26488.0
Dhaka,1973,10,33.2,24.0,128.0,83.0,0.7,4.0,7.7,23.78,90.39,9,0,Post-Monsoon,Moderate,9.200000000000005,10624.0
Dhaka,1973,11,30.6,19.0,64.0,82.0,0.8,3.1,7.6,23.78,90.39,9,0,Post-Monsoon,Moderate,11.6,5248.0
Dhaka,1973,12,26.7,14.0,86.0,78.0,0.7,1.5,9.3,23.78,90.39,9,0,Winter,Moderate,12.7,6708.0
Dhaka,1974,1,26.3,12.3,1.0,69.0,0.5,1.2,9.8,23.78,90.39,9,0,Winter,Low,14.0,69.0
Dhaka,1974,2,30.3,15.1,8.0,63.0,0.7,1.6,10.7,23.78,90.39,9,0,Winter,Low,15.2,504.0
Chandpur,1974,5,37.2,23.8,330.0,79.0,2.6,3.7,5.840540541,23.26,90.67,7,1,Pre-Monsoon,High,13.400000000000002,26070.0
Cox's Bazar,1974,5,34.4,24.5,486.0,82.0,2.7,4.0,7.9,21.46,91.98,4,1,Pre-Monsoon,High,9.9,39852.0
Dinajpur,1974,5,33.3,23.5,162.0,72.0,1.0,3.7,6.848,25.63,88.66,37,1,Pre-Monsoon,Moderate,9.799999999999995,11664.0
Sylhet,1974,5,35.0,22.8,505.0,82.0,1.0,6.0,6.7,24.88,91.93,35,1,Pre-Monsoon,Extreme,12.2,41410.0
Barisal,1974,6,34.4,25.3,289.0,88.0,1.7,6.6,5.0,22.7,90.36,4,1,Monsoon,High,9.099999999999998,25432.0
Bhola,1974,6,33.6,22.8,433.0,89.0,1.1,6.1,3.306060606,22.7,90.66,5,1,Monsoon,High,10.8,38537.0
Chittagong (IAP-Patenga),1974,6,33.4,24.4,958.0,86.0,5.2,6.4,4.9,22.34,91.79,6,1,Monsoon,Extreme,9.0,82388.0
Comilla,1974,6,33.9,24.8,488.0,83.0,3.0,5.6,4.927272727,23.48,91.19,10,1,Monsoon,High,9.099999999999998,40504.0
Cox's Bazar,1974,6,32.8,24.8,532.0,87.0,3.1,6.3,3.6,21.46,91.98,4,1,Monsoon,Extreme,7.9999999999999964,46284.0
Dinajpur,1974,6,33.4,25.4,339.0,82.0,1.0,5.4,5.228,25.63,88.66,37,1,Monsoon,High,8.0,27798.0
Feni,1974,6,33.6,25.0,577.0,84.0,2.4,5.7,4.289655172,23.01,91.37,8,1,Monsoon,Extreme,8.600000000000001,48468.0
Hatiya,1974,6,33.2,25.0,434.0,86.0,3.8,5.0,3.803448276,22.29,91.13,4,1,Monsoon,High,8.200000000000003,37324.0
Khepupara,1974,6,34.76153846,26.25641026,475.2820513,84.0,4.6,6.5,3.807692308,21.98,90.22,3,1,Monsoon,High,8.505128199999998,39923.6923092
Maijdee Court,1974,6,33.0,24.5,833.0,87.0,1.6,5.4,3.872413793,22.83,91.08,6,1,Monsoon,Extreme,8.5,72471.0
Patuakhali,1974,6,33.3,25.9,467.2051282,87.82051282,2.1,5.9,3.14137931,22.36,90.34,3,1,Monsoon,High,7.399999999999999,41030.19395065784
Rangamati,1974,6,35.1,24.9,441.0,84.0,2.0,5.7,4.381481481,22.67,92.2,63,1,Monsoon,High,10.200000000000005,37044.0
Sandwip,1974,6,32.9,25.0,783.0,89.0,2.5,5.9,4.666666667,22.5,91.46,6,1,Monsoon,Extreme,7.899999999999999,69687.0
Srimangal,1974,6,34.9,24.2,677.0,85.0,1.1,4.8,4.346428571,24.29,91.73,23,1,Monsoon,Extreme,10.7,57545.0
Sylhet,1974,6,34.4,24.0,1014.0,88.0,0.8,7.0,4.8,24.88,91.93,35,1,Monsoon,Extreme,10.4,89232.0
Barisal,1974,7,32.8,24.9,684.0,93.0,1.5,7.3,2.5,22.7,90.36,4,1,Monsoon,Extreme,7.899999999999999,63612.0
Bhola,1974,7,31.7,22.2,817.0,93.0,0.8,6.9,2.845454545,22.7,90.66,5,1,Monsoon,Extreme,9.5,75981.0
Bogra,1974,7,37.8,25.1,474.0,90.0,1.2,6.5,2.8,24.88,89.36,20,1,Monsoon,High,12.699999999999996,42660.0
Chandpur,1974,7,32.6,24.8,579.0,90.0,1.3,4.8,3.416216216,23.26,90.67,7,1,Monsoon,Extreme,7.800000000000001,52110.0
Chittagong (IAP-Patenga),1974,7,31.7,24.3,943.0,92.0,6.0,7.1,2.7,22.34,91.79,6,1,Monsoon,Extreme,7.399999999999999,86756.0
Comilla,1974,7,31.1,24.9,763.0,89.0,3.5,7.0,4.566666667,23.48,91.19,10,1,Monsoon,Extreme,6.200000000000003,67907.0
Cox's Bazar,1974,7,30.3,24.4,1291.0,92.0,3.5,7.0,2.4,21.46,91.98,4,1,Monsoon,Extreme,5.900000000000002,118772.0
Dinajpur,1974,7,32.2,25.9,422.0,85.0,0.9,5.9,4.288,25.63,88.66,37,1,Monsoon,High,6.300000000000004,35870.0
Faridpur,1974,7,32.3,23.4,714.0,87.0,1.3,7.4,4.431034483,23.61,89.84,9,1,Monsoon,Extreme,8.899999999999999,62118.0
Feni,1974,7,31.3,24.7,1337.0,90.0,2.2,7.1,4.106896552,23.01,91.37,8,1,Monsoon,Extreme,6.600000000000001,120330.0
Hatiya,1974,7,31.0,25.0,793.0,91.0,3.4,6.6,3.968965517,22.29,91.13,4,1,Monsoon,Extreme,6.0,72163.0
Ishurdi,1974,7,32.8,25.4,492.0,88.0,3.1,7.4,4.320689655,24.12,89.04,14,1,Monsoon,High,7.399999999999999,43296.0
Khepupara,1974,7,33.3974359,25.8974359,616.2307692,87.0,3.8,7.2,3.580769231,21.98,90.22,3,1,Monsoon,Extreme,7.4999999999999964,53612.0769204
Khulna,1974,7,36.8,25.5,792.0,88.0,2.3,7.1,3.89,22.8,89.58,4,1,Monsoon,Extreme,11.299999999999995,69696.0
Maijdee Court,1974,7,31.7,24.4,799.0,91.0,1.6,6.8,3.575862069,22.83,91.08,6,1,Monsoon,Extreme,7.300000000000001,72709.0
Mymensingh,1974,7,36.7,24.4,554.0,86.0,0.3,6.9,3.691428571,24.75,90.41,19,1,Monsoon,Extreme,12.300000000000004,47644.0
Patuakhali,1974,7,31.4,25.8,534.5641026,89.87179487,2.0,6.4,3.075862069,22.36,90.34,3,1,Monsoon,Extreme,5.599999999999998,48042.23537373283
Rajshahi,1974,7,34.0,25.4,513.0,88.0,0.4,6.4,4.38,24.35,88.56,20,1,Monsoon,Extreme,8.600000000000001,45144.0
Rangamati,1974,7,31.2,24.2,489.0,85.0,1.8,6.1,3.748148148,22.67,92.2,63,1,Monsoon,High,7.0,41565.0
Rangpur,1974,7,32.3,25.8,459.0,86.0,1.4,5.9,4.348571429,25.72,89.26,34,1,Monsoon,High,6.4999999999999964,39474.0
Sandwip,1974,7,30.6,24.8,1314.0,93.0,2.3,6.7,4.022222222,22.5,91.46,6,1,Monsoon,Extreme,5.800000000000001,122202.0
Satkhira,1974,7,33.5,25.3,528.0,87.0,1.1,6.7,3.93,22.68,89.07,6,1,Monsoon,Extreme,8.2,45936.0
Sylhet,1974,7,32.5,24.4,1128.0,91.0,0.8,7.7,2.1,24.88,91.93,35,1,Monsoon,Extreme,8.100000000000001,102648.0
Bhola,1974,8,33.4,25.7,437.0,93.0,1.8,6.7,3.666666667,22.7,90.66,5,1,Monsoon,High,7.699999999999999,40641.0
Bogra,1974,8,35.0,26.4,416.0,85.0,1.6,5.5,5.0,24.88,89.36,20,1,Monsoon,High,8.600000000000001,35360.0
Chittagong (IAP-Patenga),1974,8,32.9,25.0,534.0,89.0,5.4,6.6,4.8,22.34,91.79,6,1,Monsoon,Extreme,7.899999999999999,47526.0
Cox's Bazar,1974,8,31.9,24.9,1059.0,91.0,3.4,6.8,3.2,21.46,91.98,4,1,Monsoon,Extreme,7.0,96369.0
Dinajpur,1974,8,32.6,26.0,336.0,84.0,0.8,5.6,5.208,25.63,88.66,37,1,Monsoon,High,6.600000000000001,28224.0
Feni,1974,8,33.6,25.4,514.0,85.0,1.8,6.8,4.782758621,23.01,91.37,8,1,Monsoon,Extreme,8.200000000000003,43690.0
Hatiya,1974,8,32.1,25.3,399.0,90.0,4.1,6.2,4.424137931,22.29,91.13,4,1,Monsoon,High,6.800000000000001,35910.0
Jessore,1974,8,34.5,25.6,436.0,87.0,2.8,6.1,4.3,23.17,89.22,7,1,Monsoon,High,8.899999999999999,37932.0
Khepupara,1974,8,33.46923077,25.92307692,467.2051282,87.0,3.3,6.6,4.111538462,21.98,90.22,3,1,Monsoon,High,7.546153850000003,40646.8461534
Khulna,1974,8,34.4,26.4,442.0,84.0,3.9,7.0,4.363333333,22.8,89.58,4,1,Monsoon,High,8.0,37128.0
Maijdee Court,1974,8,32.8,25.3,404.0,87.0,2.1,5.7,4.64137931,22.83,91.08,6,1,Monsoon,High,7.4999999999999964,35148.0
Patuakhali,1974,8,31.4,25.9,448.7948718,88.82051282,1.9,6.2,3.672413793,22.36,90.34,3,1,Monsoon,High,5.5,39862.19066426216
Rajshahi,1974,8,34.3,26.4,452.0,83.0,0.8,4.9,5.111428571,24.35,88.56,20,1,Monsoon,High,7.899999999999999,37516.0
Sandwip,1974,8,32.9,25.5,533.0,88.0,3.5,6.2,4.962962963,22.5,91.46,6,1,Monsoon,Extreme,7.399999999999999,46904.0
Sylhet,1974,8,34.2,25.1,854.0,87.0,0.7,6.9,4.4,24.88,91.93,35,1,Monsoon,Extreme,9.1,74298.0
Barisal,1974,9,33.3,24.4,361.0,89.0,1.0,5.4,4.6,22.7,90.36,4,1,Monsoon,High,8.899999999999999,32129.0
Chittagong (IAP-Patenga),1974,9,34.1,24.7,347.0,85.0,3.0,5.3,6.5,22.34,91.79,6,1,Monsoon,High,9.400000000000002,29495.0
Comilla,1974,9,33.3,24.9,442.0,82.0,2.9,5.0,5.548484848,23.48,91.19,10,1,Monsoon,High,8.399999999999999,36244.0
Dinajpur,1974,9,32.4,25.1,302.0,84.0,0.7,4.7,5.184,25.63,88.66,37,1,Monsoon,High,7.299999999999997,25368.0
Hatiya,1974,9,33.5,25.1,613.0,87.0,2.8,5.1,4.965517241,22.29,91.13,4,1,Monsoon,Extreme,8.399999999999999,53331.0
Khulna,1974,9,33.4,25.1,452.0,85.0,2.3,6.3,4.906666667,22.8,89.58,4,1,Monsoon,High,8.299999999999997,38420.0
Rangamati,1974,9,34.8,24.7,401.0,84.0,1.2,5.1,5.3,22.67,92.2,63,1,Monsoon,High,10.099999999999998,33684.0
Satkhira,1974,9,35.1,24.8,348.0,85.0,0.6,5.4,4.913333333,22.68,89.07,6,1,Monsoon,High,10.3,29580.0
Sylhet,1974,9,33.9,23.8,714.0,87.0,0.4,6.1,5.6,24.88,91.93,35,1,Monsoon,Extreme,10.099999999999998,62118.0
Dhaka,1974,10,32.0,23.6,153.0,80.0,0.6,3.7,7.6,23.78,90.39,9,0,Post-Monsoon,Moderate,8.399999999999999,12240.0
Feni,1974,10,34.1,24.8,386.0,84.0,0.7,4.1,6.796551724,23.01,91.37,8,1,Post-Monsoon,High,9.3,32424.0
Dhaka,1974,11,30.6,18.6,19.0,74.0,0.4,2.1,8.5,23.78,90.39,9,0,Post-Monsoon,Low,12.0,1406.0
Dhaka,1974,12,27.7,13.7,3.0,73.0,0.4,1.2,9.8,23.78,90.39,9,0,Winter,Low,14.0,219.0
Dhaka,1975,1,27.2,12.3,1.0,69.0,0.5,1.1,9.6,23.78,90.39,9,0,Winter,Low,14.9,69.0
Dhaka,1975,2,31.9,15.5,29.0,63.0,0.7,2.2,9.6,23.78,90.39,9,0,Winter,Low,16.4,1827.0
Dinajpur,1975,5,33.3,23.5,162.0,72.0,1.0,3.7,6.848,25.63,88.66,37,1,Pre-Monsoon,Moderate,9.799999999999995,11664.0
Rangpur,1975,5,32.8,22.9,445.0,85.0,0.8,4.1,6.634285714,25.72,89.26,34,1,Pre-Monsoon,High,9.9,37825.0
Sylhet,1975,5,34.7,22.5,567.0,81.0,0.7,5.5,6.8,24.88,91.93,35,1,Pre-Monsoon,Extreme,12.200000000000005,45927.0
Barisal,1975,6,33.9,25.5,353.0,87.0,1.2,5.2,5.8,22.7,90.36,4,1,Monsoon,High,8.399999999999999,30711.0
Bhola,1975,6,34.9,25.0,428.0,87.0,1.0,5.0,3.306060606,22.7,90.66,5,1,Monsoon,High,9.9,37236.0
Chittagong (IAP-Patenga),1975,6,34.7,25.4,389.0,83.0,4.9,5.6,4.2,22.34,91.79,6,1,Monsoon,High,9.300000000000004,32287.0
Cox's Bazar,1975,6,33.3,24.9,484.0,85.0,3.1,6.0,5.7,21.46,91.98,4,1,Monsoon,High,8.399999999999999,41140.0
Dinajpur,1975,6,33.4,25.4,339.0,82.0,1.0,5.4,5.228,25.63,88.66,37,1,Monsoon,High,8.0,27798.0
Maijdee Court,1975,6,35.6,25.5,426.0,86.0,1.2,4.5,3.872413793,22.83,91.08,6,1,Monsoon,High,10.1,36636.0
Rangamati,1975,6,35.1,25.7,508.0,84.0,1.7,5.1,4.381481481,22.67,92.2,63,1,Monsoon,Extreme,9.400000000000002,42672.0
Sandwip,1975,6,31.8,25.6,651.0,88.0,2.6,5.5,4.666666667,22.5,91.46,6,1,Monsoon,Extreme,6.199999999999999,57288.0
Sylhet,1975,6,31.5,24.4,788.0,87.0,1.3,6.8,5.9,24.88,91.93,35,1,Monsoon,Extreme,7.100000000000001,68556.0
Barisal,1975,7,32.2,24.6,321.0,88.0,1.6,6.4,3.7,22.7,90.36,4,1,Monsoon,High,7.600000000000001,28248.0
Bhola,1975,7,32.4,24.5,597.0,93.0,0.8,6.3,2.845454545,22.7,90.66,5,1,Monsoon,Extreme,7.899999999999999,55521.0
Bogra,1975,7,34.8,25.3,490.0,90.0,1.4,6.0,4.5,24.88,89.36,20,1,Monsoon,High,9.499999999999996,44100.0
Chandpur,1975,7,33.3,25.0,525.0,90.0,1.6,4.6,3.416216216,23.26,90.67,7,1,Monsoon,Extreme,8.299999999999997,47250.0
Chittagong (IAP-Patenga),1975,7,33.0,24.4,906.0,89.0,5.9,6.4,4.2,22.34,91.79,6,1,Monsoon,Extreme,8.600000000000001,80634.0
Comilla,1975,7,31.7,24.8,516.0,85.0,4.3,6.5,4.566666667,23.48,91.19,10,1,Monsoon,Extreme,6.899999999999999,43860.0
Cox's Bazar,1975,7,30.8,24.4,1293.0,90.0,2.0,6.8,3.8,21.46,91.98,4,1,Monsoon,Extreme,6.400000000000002,116370.0
Dinajpur,1975,7,32.2,25.9,422.0,85.0,0.9,5.9,4.288,25.63,88.66,37,1,Monsoon,High,6.300000000000004,35870.0
Faridpur,1975,7,32.1,25.2,581.0,91.0,2.3,6.9,4.431034483,23.61,89.84,9,1,Monsoon,Extreme,6.900000000000002,52871.0
Feni,1975,7,31.8,24.9,710.0,88.0,1.6,6.7,4.106896552,23.01,91.37,8,1,Monsoon,Extreme,6.900000000000002,62480.0
Hatiya,1975,7,30.5,24.7,1235.0,90.0,3.1,6.4,3.968965517,22.29,91.13,4,1,Monsoon,Extreme,5.800000000000001,111150.0
Ishurdi,1975,7,35.2,25.2,624.0,87.0,3.5,7.0,4.320689655,24.12,89.04,14,1,Monsoon,Extreme,10.000000000000004,54288.0
Jessore,1975,7,33.3,25.0,444.0,90.0,3.4,7.0,3.9,23.17,89.22,7,1,Monsoon,High,8.299999999999997,39960.0
Khepupara,1975,7,31.5,25.2,737.0,89.0,4.3,6.9,3.580769231,21.98,90.22,3,1,Monsoon,Extreme,6.300000000000001,65593.0
Khulna,1975,7,32.1,26.1,330.0,88.0,1.6,5.8,3.89,22.8,89.58,4,1,Monsoon,High,6.0,29040.0
Maijdee Court,1975,7,30.6,25.0,995.0,89.0,1.5,5.9,3.575862069,22.83,91.08,6,1,Monsoon,Extreme,5.600000000000001,88555.0
Patuakhali,1975,7,31.8,24.5,479.0,88.0,1.8,6.2,3.075862069,22.36,90.34,3,1,Monsoon,High,7.300000000000001,42152.0
Rajshahi,1975,7,34.6,25.6,381.0,87.0,0.8,6.0,4.38,24.35,88.56,20,1,Monsoon,High,9.0,33147.0
Rangamati,1975,7,32.0,24.8,649.0,87.0,2.1,5.7,3.748148148,22.67,92.2,63,1,Monsoon,Extreme,7.199999999999999,56463.0
Rangpur,1975,7,32.3,25.8,468.0,88.0,0.7,5.6,4.348571429,25.72,89.26,34,1,Monsoon,High,6.4999999999999964,41184.0
Sandwip,1975,7,30.5,25.4,832.0,90.0,2.6,5.8,4.022222222,22.5,91.46,6,1,Monsoon,Extreme,5.100000000000001,74880.0
Satkhira,1975,7,33.4,25.3,692.0,86.0,1.0,6.4,3.93,22.68,89.07,6,1,Monsoon,Extreme,8.099999999999998,59512.0
Sylhet,1975,7,32.8,24.4,1061.0,87.0,0.4,7.4,2.9,24.88,91.93,35,1,Monsoon,Extreme,8.399999999999999,92307.0
Barisal,1975,8,35.0,25.5,351.0,88.0,1.5,6.6,6.0,22.7,90.36,4,1,Monsoon,High,9.5,30888.0
Cox's Bazar,1975,8,31.7,25.0,462.0,86.0,2.3,6.1,4.1,21.46,91.98,4,1,Monsoon,High,6.699999999999999,39732.0
Dinajpur,1975,8,32.6,26.0,336.0,84.0,0.8,5.6,5.208,25.63,88.66,37,1,Monsoon,High,6.600000000000001,28224.0
Hatiya,1975,8,33.0,25.4,449.0,85.0,1.5,5.9,4.424137931,22.29,91.13,4,1,Monsoon,High,7.600000000000001,38165.0
Sandwip,1975,8,30.7,25.5,673.0,89.0,2.4,5.5,4.962962963,22.5,91.46,6,1,Monsoon,Extreme,5.199999999999999,59897.0
Sylhet,1975,8,33.9,24.9,737.0,86.0,0.4,6.6,5.8,24.88,91.93,35,1,Monsoon,Extreme,9.0,63382.0
Dinajpur,1975,9,32.4,25.1,302.0,84.0,0.7,4.7,5.184,25.63,88.66,37,1,Monsoon,High,7.299999999999997,25368.0
Patuakhali,1975,9,32.5,24.7,539.0,86.0,2.5,5.7,4.051724138,22.36,90.34,3,1,Monsoon,Extreme,7.800000000000001,46354.0
Rajshahi,1975,9,34.0,25.8,197.0,85.0,0.9,5.1,5.542857143,24.35,88.56,20,1,Monsoon,Moderate,8.2,16745.0
Sylhet,1975,9,33.3,24.4,466.0,86.0,0.3,6.4,4.6,24.88,91.93,35,1,Monsoon,High,8.899999999999999,40076.0
Cox's Bazar,1975,10,32.2,24.6,667.0,85.0,1.2,4.8,6.8,21.46,91.98,4,1,Post-Monsoon,Extreme,7.600000000000001,56695.0
Dhaka,1975,10,33.2,24.3,232.0,86.0,0.3,4.4,6.5,23.78,90.39,9,0,Post-Monsoon,High,8.900000000000002,19952.0
Feni,1975,10,33.5,25.0,371.0,84.0,0.4,4.5,6.796551724,23.01,91.37,8,1,Post-Monsoon,High,8.5,31164.0
Hatiya,1975,10,33.1,25.4,513.0,85.0,0.6,4.6,6.493103448,22.29,91.13,4,1,Post-Monsoon,Extreme,7.700000000000003,43605.0
Maijdee Court,1975,10,33.3,25.0,599.0,84.0,0.5,2.7,6.631034483,22.83,91.08,6,1,Post-Monsoon,Extreme,8.299999999999997,50316.0
Dhaka,1975,11,30.2,17.9,25.0,77.0,0.4,2.9,8.4,23.78,90.39,9,0,Post-Monsoon,Low,12.3,1925.0
Dhaka,1975,12,26.8,12.0,0.0,70.0,0.2,0.6,9.6,23.78,90.39,9,0,Winter,Low,14.8,0.0
Dhaka,1976,1,29.2,12.3,0.0,66.0,0.4,1.0,9.5,23.78,90.39,9,0,Winter,Low,16.9,0.0
Dhaka,1976,2,32.8,16.4,7.0,67.0,0.6,1.4,9.5,23.78,90.39,9,0,Winter,Low,16.4,469.0
Dinajpur,1976,5,33.3,23.5,162.0,72.0,1.0,3.7,6.848,25.63,88.66,37,1,Pre-Monsoon,Moderate,9.799999999999995,11664.0
Faridpur,1976,5,36.7,23.9,403.0,79.0,1.7,4.5,7.020689655,23.61,89.84,9,1,Pre-Monsoon,High,12.800000000000004,31837.0
Barisal,1976,6,34.2,24.7,330.0,87.0,1.2,6.6,4.3,22.7,90.36,4,1,Monsoon,High,9.500000000000004,28710.0
Bhola,1976,6,32.9,24.0,414.0,89.0,0.7,5.8,3.306060606,22.7,90.66,5,1,Monsoon,High,8.899999999999999,36846.0
Chittagong (IAP-Patenga),1976,6,34.0,23.5,1041.0,87.0,5.6,6.0,4.2,22.34,91.79,6,1,Monsoon,Extreme,10.5,90567.0
Comilla,1976,6,33.3,24.7,521.0,85.0,4.0,6.7,4.927272727,23.48,91.19,10,1,Monsoon,Extreme,8.599999999999998,44285.0
Cox's Bazar,1976,6,32.8,24.5,889.0,86.0,2.8,6.5,3.5,21.46,91.98,4,1,Monsoon,Extreme,8.299999999999997,76454.0
Dinajpur,1976,6,33.4,25.4,339.0,82.0,1.0,5.4,5.228,25.63,88.66,37,1,Monsoon,High,8.0,27798.0
Feni,1976,6,34.5,24.7,1002.0,88.0,1.1,6.6,4.289655172,23.01,91.37,8,1,Monsoon,Extreme,9.8,88176.0
Hatiya,1976,6,31.8,24.5,732.0,88.0,2.8,6.2,3.803448276,22.29,91.13,4,1,Monsoon,Extreme,7.300000000000001,64416.0
Ishurdi,1976,6,35.2,24.7,496.0,80.0,3.4,4.7,5.168965517,24.12,89.04,14,1,Monsoon,High,10.500000000000004,39680.0
Khepupara,1976,6,33.9,25.4,413.0,84.0,5.2,6.5,3.807692308,21.98,90.22,3,1,Monsoon,High,8.5,34692.0
Maijdee Court,1976,6,32.0,25.4,426.0,86.0,1.8,5.8,3.872413793,22.83,91.08,6,1,Monsoon,High,6.600000000000001,36636.0
Mymensingh,1976,6,33.9,24.5,419.0,85.0,0.0,5.8,4.02,24.75,90.41,19,1,Monsoon,High,9.4,35615.0
Patuakhali,1976,6,33.3,26.0,467.0,87.0,2.1,5.9,3.14137931,22.36,90.34,3,1,Monsoon,High,7.299999999999997,40629.0
Rangamati,1976,6,33.9,23.3,874.0,88.0,2.2,5.5,4.381481481,22.67,92.2,63,1,Monsoon,Extreme,10.599999999999998,76912.0
Sandwip,1976,6,32.1,24.5,866.0,88.0,2.1,5.7,4.666666667,22.5,91.46,6,1,Monsoon,Extreme,7.600000000000001,76208.0
Srimangal,1976,6,33.8,23.6,1285.0,85.0,0.1,4.8,4.346428571,24.29,91.73,23,1,Monsoon,Extreme,10.199999999999996,109225.0
Sylhet,1976,6,32.5,23.7,1155.0,90.0,0.7,6.8,3.5,24.88,91.93,35,1,Monsoon,Extreme,8.8,103950.0
Barisal,1976,7,33.2,24.6,350.0,89.0,1.6,6.8,4.6,22.7,90.36,4,1,Monsoon,High,8.600000000000001,31150.0
Bhola,1976,7,32.4,24.6,530.0,91.0,1.3,6.2,2.845454545,22.7,90.66,5,1,Monsoon,Extreme,7.799999999999997,48230.0
Bogra,1976,7,33.8,26.1,429.0,85.0,1.3,4.9,6.6,24.88,89.36,20,1,Monsoon,High,7.699999999999996,36465.0
Chittagong (IAP-Patenga),1976,7,31.5,25.1,693.0,87.0,4.9,6.5,4.2,22.34,91.79,6,1,Monsoon,Extreme,6.399999999999999,60291.0
Comilla,1976,7,32.2,25.3,517.0,85.0,3.8,6.5,4.566666667,23.48,91.19,10,1,Monsoon,Extreme,6.900000000000002,43945.0
Cox's Bazar,1976,7,30.2,24.5,972.0,89.0,3.4,6.8,2.7,21.46,91.98,4,1,Monsoon,Extreme,5.699999999999999,86508.0
Dinajpur,1976,7,32.2,25.9,422.0,85.0,0.9,5.9,4.288,25.63,88.66,37,1,Monsoon,High,6.300000000000004,35870.0
Faridpur,1976,7,31.4,25.6,398.0,87.0,1.3,6.4,4.431034483,23.61,89.84,9,1,Monsoon,High,5.799999999999997,34626.0
Feni,1976,7,33.7,25.1,522.0,87.0,1.2,6.6,4.106896552,23.01,91.37,8,1,Monsoon,Extreme,8.600000000000001,45414.0
Hatiya,1976,7,37.8,25.1,826.0,91.0,3.1,6.5,3.968965517,22.29,91.13,4,1,Monsoon,Extreme,12.699999999999996,75166.0
Ishurdi,1976,7,34.6,25.0,790.0,83.0,3.6,6.2,4.320689655,24.12,89.04,14,1,Monsoon,Extreme,9.6,65570.0
Khepupara,1976,7,37.8,25.3,849.0,91.0,4.8,6.8,3.580769231,21.98,90.22,3,1,Monsoon,Extreme,12.499999999999996,77259.0
Maijdee Court,1976,7,30.6,25.4,995.0,87.0,1.8,6.3,3.575862069,22.83,91.08,6,1,Monsoon,Extreme,5.200000000000003,86565.0
Mymensingh,1976,7,33.9,24.6,648.0,86.0,0.1,5.1,3.691428571,24.75,90.41,19,1,Monsoon,Extreme,9.299999999999995,55728.0
Patuakhali,1976,7,31.4,25.9,498.0,89.0,2.0,6.4,3.075862069,22.36,90.34,3,1,Monsoon,High,5.5,44322.0
Rangamati,1976,7,32.9,24.4,783.0,89.0,2.2,5.8,3.748148148,22.67,92.2,63,1,Monsoon,Extreme,8.5,69687.0
Rangpur,1976,7,32.3,25.8,500.0,91.0,0.8,4.8,4.348571429,25.72,89.26,34,1,Monsoon,High,6.4999999999999964,45500.0
Sandwip,1976,7,31.8,24.9,1064.0,90.0,2.2,6.2,4.022222222,22.5,91.46,6,1,Monsoon,Extreme,6.900000000000002,95760.0
Satkhira,1976,7,33.9,25.6,418.0,85.0,1.1,5.3,3.93,22.68,89.07,6,1,Monsoon,High,8.299999999999997,35530.0
Sylhet,1976,7,34.1,24.7,1096.0,87.0,0.3,6.7,4.8,24.88,91.93,35,1,Monsoon,Extreme,9.400000000000002,95352.0
Barisal,1976,8,34.7,23.8,379.0,90.0,1.1,6.7,4.0,22.7,90.36,4,1,Monsoon,High,10.900000000000002,34110.0
Bhola,1976,8,32.4,24.4,669.0,92.0,0.6,6.1,3.666666667,22.7,90.66,5,1,Monsoon,Extreme,8.0,61548.0
Bogra,1976,8,32.8,25.4,453.0,89.0,1.2,5.5,5.2,24.88,89.36,20,1,Monsoon,High,7.399999999999999,40317.0
Chandpur,1976,8,33.3,26.3,332.0,85.0,1.2,5.3,3.851351351,23.26,90.67,7,1,Monsoon,High,6.9999999999999964,28220.0
Comilla,1976,8,33.3,25.0,435.0,85.0,3.8,6.2,5.233333333,23.48,91.19,10,1,Monsoon,High,8.299999999999997,36975.0
Cox's Bazar,1976,8,31.9,24.4,671.0,88.0,2.4,6.6,5.0,21.46,91.98,4,1,Monsoon,Extreme,7.5,59048.0
Dinajpur,1976,8,32.6,26.0,336.0,84.0,0.8,5.6,5.208,25.63,88.66,37,1,Monsoon,High,6.600000000000001,28224.0
Feni,1976,8,34.3,24.6,722.0,89.0,1.0,6.6,4.782758621,23.01,91.37,8,1,Monsoon,Extreme,9.699999999999996,64258.0
Hatiya,1976,8,37.8,25.0,865.0,89.0,2.3,5.9,4.424137931,22.29,91.13,4,1,Monsoon,Extreme,12.799999999999995,76985.0
Ishurdi,1976,8,33.5,24.8,499.0,84.0,4.3,5.3,4.944827586,24.12,89.04,14,1,Monsoon,High,8.7,41916.0
Khulna,1976,8,33.2,25.5,378.0,86.0,1.5,6.1,4.363333333,22.8,89.58,4,1,Monsoon,High,7.700000000000003,32508.0
Maijdee Court,1976,8,30.7,25.4,388.0,87.0,1.7,6.1,4.64137931,22.83,91.08,6,1,Monsoon,High,5.300000000000001,33756.0
Mymensingh,1976,8,32.8,25.5,571.0,85.0,0.2,5.8,4.377142857,24.75,90.41,19,1,Monsoon,Extreme,7.299999999999997,48535.0
Patuakhali,1976,8,31.4,26.0,447.0,88.0,1.9,6.2,3.672413793,22.36,90.34,3,1,Monsoon,High,5.399999999999999,39336.0
Rajshahi,1976,8,33.6,25.9,389.0,86.0,0.7,5.2,5.111428571,24.35,88.56,20,1,Monsoon,High,7.700000000000003,33454.0
Sandwip,1976,8,32.1,24.5,974.0,89.0,2.1,5.3,4.962962963,22.5,91.46,6,1,Monsoon,Extreme,7.600000000000001,86686.0
Sylhet,1976,8,33.6,24.5,880.0,89.0,0.5,6.6,4.1,24.88,91.93,35,1,Monsoon,Extreme,9.1,78320.0
Dinajpur,1976,9,32.4,25.1,302.0,84.0,0.7,4.7,5.184,25.63,88.66,37,1,Monsoon,High,7.299999999999997,25368.0
Khulna,1976,9,33.8,25.7,363.0,84.0,1.3,5.3,4.906666667,22.8,89.58,4,1,Monsoon,High,8.099999999999998,30492.0
Rajshahi,1976,9,33.9,25.8,257.0,84.0,0.5,3.9,5.542857143,24.35,88.56,20,1,Monsoon,High,8.099999999999998,21588.0
Rangamati,1976,9,34.1,25.3,389.0,82.0,1.6,4.5,5.3,22.67,92.2,63,1,Monsoon,High,8.8,31898.0
Sandwip,1976,9,33.1,24.7,466.0,87.0,1.9,4.0,5.325925926,22.5,91.46,6,1,Monsoon,High,8.400000000000002,40542.0
Dhaka,1976,10,33.1,23.2,114.0,79.0,0.6,2.9,9.2,23.78,90.39,9,0,Post-Monsoon,Moderate,9.900000000000002,9006.0
Maijdee Court,1976,10,31.4,24.3,599.0,83.0,0.6,3.1,6.631034483,22.83,91.08,6,1,Post-Monsoon,Extreme,7.099999999999998,49717.0
Dhaka,1976,11,32.4,20.1,8.0,74.0,0.3,2.6,7.8,23.78,90.39,9,0,Post-Monsoon,Low,12.299999999999995,592.0
Dhaka,1976,12,28.7,12.1,0.0,71.0,0.2,0.8,8.9,23.78,90.39,9,0,Winter,Low,16.6,0.0
Dhaka,1977,1,27.4,11.7,0.0,66.0,0.5,1.0,7.5,23.78,90.39,9,0,Winter,Low,15.7,0.0
Dhaka,1977,2,32.3,14.9,66.0,66.0,0.9,1.8,8.3,23.78,90.39,9,0,Winter,Moderate,17.4,4356.0
Barisal,1977,4,34.7,23.7,307.0,83.0,2.3,5.0,6.9,22.7,90.36,4,1,Pre-Monsoon,High,11.000000000000004,25481.0
Chittagong (IAP-Patenga),1977,4,33.3,21.7,418.0,84.0,3.1,5.4,8.7,22.34,91.79,6,1,Pre-Monsoon,High,11.599999999999998,35112.0
Cox's Bazar,1977,4,31.9,22.5,566.0,82.0,2.6,4.4,7.5,21.46,91.98,4,1,Pre-Monsoon,Extreme,9.4,46412.0
Feni,1977,4,33.8,22.1,435.0,85.0,1.3,5.1,7.451724138,23.01,91.37,8,1,Pre-Monsoon,High,11.699999999999996,36975.0
Hatiya,1977,4,32.5,23.0,513.0,83.0,2.9,4.1,7.965517241,22.29,91.13,4,1,Pre-Monsoon,Extreme,9.5,42579.0
Madaripur,1977,4,34.2,22.3,443.0,82.0,2.9,4.8,7.161538462,23.17,90.18,5,1,Pre-Monsoon,High,11.900000000000002,36326.0
Rangamati,1977,4,36.2,22.6,465.0,80.0,3.4,4.3,7.9,22.67,92.2,63,1,Pre-Monsoon,High,13.6,37200.0
Sandwip,1977,4,32.4,23.0,507.0,87.0,3.1,4.7,8.051851852,22.5,91.46,6,1,Pre-Monsoon,Extreme,9.4,44109.0
Srimangal,1977,4,33.5,19.9,695.0,85.0,0.9,3.5,7.571428571,24.29,91.73,23,1,Pre-Monsoon,Extreme,13.6,59075.0
Sylhet,1977,4,32.1,19.9,759.0,84.0,1.4,6.6,4.0,24.88,91.93,35,1,Pre-Monsoon,Extreme,12.200000000000005,63756.0
Teknaf,1977,4,32.0,21.7,425.0,77.0,1.7,3.8,8.2,20.87,92.26,4,1,Pre-Monsoon,High,10.3,32725.0
Comilla,1977,5,35.6,23.6,392.0,79.0,3.8,5.3,6.587878788,23.48,91.19,10,1,Pre-Monsoon,High,12.0,30968.0
Dinajpur,1977,5,33.3,23.5,162.0,72.0,1.0,3.7,6.848,25.63,88.66,37,1,Pre-Monsoon,Moderate,9.799999999999995,11664.0
Feni,1977,5,34.9,23.7,520.0,83.0,1.0,4.9,6.375862069,23.01,91.37,8,1,Pre-Monsoon,Extreme,11.2,43160.0
Hatiya,1977,5,33.5,24.8,496.0,83.0,1.6,4.3,6.251724138,22.29,91.13,4,1,Pre-Monsoon,High,8.7,41168.0
Maijdee Court,1977,5,32.8,24.9,408.0,80.0,1.5,4.2,6.513793103,22.83,91.08,6,1,Pre-Monsoon,High,7.899999999999999,32640.0
Mymensingh,1977,5,32.8,23.6,729.0,80.0,3.8,5.1,6.122857143,24.75,90.41,19,1,Pre-Monsoon,Extreme,9.199999999999996,58320.0
Patuakhali,1977,5,36.3,24.6,469.0,82.0,3.3,6.6,5.982758621,22.36,90.34,3,1,Pre-Monsoon,High,11.699999999999996,38458.0
Barisal,1977,6,34.4,25.6,557.0,89.0,1.7,6.2,3.4,22.7,90.36,4,1,Monsoon,Extreme,8.799999999999997,49573.0
Bhola,1977,6,33.4,25.2,672.0,89.0,0.4,6.0,3.306060606,22.7,90.66,5,1,Monsoon,Extreme,8.2,59808.0
Chandpur,1977,6,33.3,25.8,347.0,84.0,1.4,4.8,3.6,23.26,90.67,7,1,Monsoon,High,7.4999999999999964,29148.0
Chittagong (IAP-Patenga),1977,6,32.8,24.3,430.0,87.0,2.2,5.7,3.2,22.34,91.79,6,1,Monsoon,High,8.499999999999996,37410.0
Comilla,1977,6,33.1,24.9,417.0,83.0,4.7,6.1,4.927272727,23.48,91.19,10,1,Monsoon,High,8.200000000000003,34611.0
Cox's Bazar,1977,6,32.8,24.5,930.0,87.0,2.5,6.0,2.6,21.46,91.98,4,1,Monsoon,Extreme,8.299999999999997,80910.0
Dinajpur,1977,6,33.4,25.4,339.0,82.0,1.0,5.4,5.228,25.63,88.66,37,1,Monsoon,High,8.0,27798.0
Faridpur,1977,6,33.9,25.0,562.0,88.0,1.0,5.7,5.0,23.61,89.84,9,1,Monsoon,Extreme,8.899999999999999,49456.0
Feni,1977,6,35.1,25.0,572.0,87.0,1.0,6.1,4.289655172,23.01,91.37,8,1,Monsoon,Extreme,10.1,49764.0
Hatiya,1977,6,32.3,24.9,737.0,88.0,2.5,5.9,3.803448276,22.29,91.13,4,1,Monsoon,Extreme,7.399999999999999,64856.0
Ishurdi,1977,6,34.6,23.8,1167.0,85.0,2.8,6.5,5.168965517,24.12,89.04,14,1,Monsoon,Extreme,10.8,99195.0
Khepupara,1977,6,37.8,26.1,668.0,85.0,3.7,6.4,3.807692308,21.98,90.22,3,1,Monsoon,Extreme,11.699999999999996,56780.0
Khulna,1977,6,36.1,26.1,379.0,85.0,1.5,5.9,4.546666667,22.8,89.58,4,1,Monsoon,High,10.0,32215.0
Kutubdia,1977,6,33.95862069,25.69655172,668.0,86.22857143,4.0,5.95862069,4.486666667,21.83,91.84,6,1,Monsoon,Extreme,8.262068969999998,57600.68571524
Madaripur,1977,6,34.0,24.8,528.0,88.0,1.6,5.9,3.838461538,23.17,90.18,5,1,Monsoon,Extreme,9.2,46464.0
Maijdee Court,1977,6,32.0,25.4,592.0,86.0,1.8,5.8,3.872413793,22.83,91.08,6,1,Monsoon,Extreme,6.600000000000001,50912.0
Mymensingh,1977,6,32.2,25.3,794.0,89.0,3.9,6.3,4.02,24.75,90.41,19,1,Monsoon,Extreme,6.900000000000002,70666.0
Patuakhali,1977,6,35.0,24.4,859.0,87.0,2.6,7.6,3.14137931,22.36,90.34,3,1,Monsoon,Extreme,10.6,74733.0
Rajshahi,1977,6,36.5,24.2,543.0,90.0,1.3,6.2,5.394285714,24.35,88.56,20,1,Monsoon,Extreme,12.3,48870.0
Rangamati,1977,6,34.8,24.8,502.0,85.0,2.6,5.6,4.381481481,22.67,92.2,63,1,Monsoon,Extreme,9.999999999999996,42670.0
Rangpur,1977,6,33.0,24.9,550.0,85.0,0.7,5.8,4.894285714,25.72,89.26,34,1,Monsoon,Extreme,8.100000000000001,46750.0
Sandwip,1977,6,35.2,24.7,1065.0,91.0,2.9,5.9,4.666666667,22.5,91.46,6,1,Monsoon,Extreme,10.500000000000004,96915.0
Satkhira,1977,6,36.3,25.7,485.0,85.0,1.0,5.8,4.386666667,22.68,89.07,6,1,Monsoon,High,10.599999999999998,41225.0
Sitakunda,1977,6,34.4,24.8,770.0,84.86111111,3.4,6.1,4.7,22.64,91.64,4,1,Monsoon,Extreme,9.599999999999998,65343.0555547
Sylhet,1977,6,33.4,23.6,787.0,89.0,0.8,7.1,3.2,24.88,91.93,35,1,Monsoon,Extreme,9.799999999999995,70043.0
Teknaf,1977,6,33.0,23.6,884.0,83.0,3.3,6.2,2.9,20.87,92.26,4,1,Monsoon,Extreme,9.4,73372.0
Barisal,1977,7,33.2,26.0,299.0,90.0,1.4,6.3,3.6,22.7,90.36,4,1,Monsoon,High,7.200000000000003,26910.0
Bhola,1977,7,33.2,25.9,462.0,89.0,0.7,6.5,2.845454545,22.7,90.66,5,1,Monsoon,High,7.300000000000004,41118.0
Chandpur,1977,7,31.8,25.8,426.0,86.0,1.4,5.3,3.1,23.26,90.67,7,1,Monsoon,High,6.0,36636.0
Chittagong (IAP-Patenga),1977,7,32.8,25.1,715.0,89.0,2.5,6.5,3.3,22.34,91.79,6,1,Monsoon,Extreme,7.699999999999996,63635.0
Comilla,1977,7,33.3,25.8,435.0,86.0,4.8,5.5,4.566666667,23.48,91.19,10,1,Monsoon,High,7.4999999999999964,37410.0
Cox's Bazar,1977,7,31.7,25.0,1077.0,89.0,3.2,6.7,2.4,21.46,91.98,4,1,Monsoon,Extreme,6.699999999999999,95853.0
Dinajpur,1977,7,32.2,25.9,422.0,85.0,0.9,5.9,4.288,25.63,88.66,37,1,Monsoon,High,6.300000000000004,35870.0
Feni,1977,7,34.6,25.4,773.0,89.0,0.9,6.5,4.106896552,23.01,91.37,8,1,Monsoon,Extreme,9.200000000000005,68797.0
Hatiya,1977,7,32.6,25.8,646.0,90.0,3.2,6.1,3.968965517,22.29,91.13,4,1,Monsoon,Extreme,6.800000000000001,58140.0
Ishurdi,1977,7,37.8,25.9,518.0,84.0,2.8,6.2,4.320689655,24.12,89.04,14,1,Monsoon,Extreme,11.9,43512.0
Kutubdia,1977,7,32.89310345,25.48965517,536.0,88.4,5.5,6.434482759,4.016666667,21.83,91.84,6,1,Monsoon,Extreme,7.403448279999999,47382.4
Madaripur,1977,7,34.0,25.6,436.0,89.0,2.0,6.2,3.661538462,23.17,90.18,5,1,Monsoon,High,8.399999999999999,38804.0
Maijdee Court,1977,7,30.6,25.4,712.0,87.0,1.8,6.3,3.575862069,22.83,91.08,6,1,Monsoon,Extreme,5.200000000000003,61944.0
Patuakhali,1977,7,33.0,25.4,762.0,89.0,2.9,7.0,3.075862069,22.36,90.34,3,1,Monsoon,Extreme,7.600000000000001,67818.0
Rajshahi,1977,7,34.5,26.7,399.0,88.0,1.7,6.3,4.38,24.35,88.56,20,1,Monsoon,High,7.800000000000001,35112.0
Rangamati,1977,7,32.5,24.8,520.0,87.0,2.4,5.9,3.748148148,22.67,92.2,63,1,Monsoon,Extreme,7.699999999999999,45240.0
Sandwip,1977,7,32.8,25.7,1093.0,92.0,2.4,6.3,4.022222222,22.5,91.46,6,1,Monsoon,Extreme,7.099999999999998,100556.0
Satkhira,1977,7,35.5,26.1,621.0,87.0,1.0,6.0,3.93,22.68,89.07,6,1,Monsoon,Extreme,9.4,54027.0
Sitakunda,1977,7,32.3,25.1,995.0,87.02777778,3.5,6.6,3.7,22.64,91.64,4,1,Monsoon,Extreme,7.199999999999996,86592.6388911
Sylhet,1977,7,33.6,25.4,516.0,87.0,0.7,7.0,4.1,24.88,91.93,35,1,Monsoon,Extreme,8.200000000000003,44892.0
Teknaf,1977,7,32.0,24.3,1088.0,86.0,4.4,7.0,3.2,20.87,92.26,4,1,Monsoon,Extreme,7.699999999999999,93568.0
Cox's Bazar,1977,8,32.2,24.6,649.0,87.0,2.7,6.7,4.9,21.46,91.98,4,1,Monsoon,Extreme,7.600000000000001,56463.0
Dinajpur,1977,8,32.6,26.0,336.0,84.0,0.8,5.6,5.208,25.63,88.66,37,1,Monsoon,High,6.600000000000001,28224.0
Feni,1977,8,34.7,25.6,425.0,87.0,0.8,6.2,4.782758621,23.01,91.37,8,1,Monsoon,High,9.1,36975.0
Hatiya,1977,8,31.7,25.7,410.0,88.0,2.7,5.8,4.424137931,22.29,91.13,4,1,Monsoon,High,6.0,36080.0
Khepupara,1977,8,31.1,25.8,559.0,87.0,3.5,6.6,4.111538462,21.98,90.22,3,1,Monsoon,Extreme,5.300000000000001,48633.0
Kutubdia,1977,8,33.14137931,25.58965517,441.0,87.28571429,4.7,6.196551724,4.66,21.83,91.84,6,1,Monsoon,High,7.551724139999997,38493.00000189
Maijdee Court,1977,8,30.7,25.4,607.0,87.0,1.7,6.1,4.64137931,22.83,91.08,6,1,Monsoon,Extreme,5.300000000000001,52809.0
Patuakhali,1977,8,32.5,25.1,476.0,88.0,2.5,6.9,3.672413793,22.36,90.34,3,1,Monsoon,High,7.399999999999999,41888.0
Rangamati,1977,8,33.4,24.9,492.0,85.0,2.2,5.9,4.744444444,22.67,92.2,63,1,Monsoon,High,8.5,41820.0
Sandwip,1977,8,30.7,25.4,727.0,89.0,2.4,6.1,4.962962963,22.5,91.46,6,1,Monsoon,Extreme,5.300000000000001,64703.0
Sitakunda,1977,8,32.3,25.3,495.0,85.97222222,2.9,6.3,4.5,22.64,91.64,4,1,Monsoon,High,6.9999999999999964,42556.249998900006
Sylhet,1977,8,35.0,25.0,743.0,86.0,0.9,6.4,5.4,24.88,91.93,35,1,Monsoon,Extreme,10.0,63898.0
Teknaf,1977,8,31.3,23.8,1008.0,84.0,3.4,6.7,3.7,20.87,92.26,4,1,Monsoon,Extreme,7.5,84672.0
Dinajpur,1977,9,32.4,25.1,302.0,84.0,0.7,4.7,5.184,25.63,88.66,37,1,Monsoon,High,7.299999999999997,25368.0
Dhaka,1977,10,32.2,22.8,273.0,79.0,0.4,3.2,7.8,23.78,90.39,9,0,Post-Monsoon,High,9.400000000000002,21567.0
Rajshahi,1977,10,34.7,23.1,162.0,81.0,0.9,2.8,7.325714286,24.35,88.56,20,1,Post-Monsoon,Moderate,11.6,13122.0
Dhaka,1977,11,31.9,20.2,10.0,78.0,0.3,3.2,7.1,23.78,90.39,9,0,Post-Monsoon,Low,11.7,780.0
Dhaka,1977,12,29.4,13.2,24.0,74.0,0.3,1.2,8.1,23.78,90.39,9,0,Winter,Low,16.2,1776.0
Dhaka,1978,1,34.2,10.6,0.0,67.0,0.5,0.7,8.9,23.78,90.39,9,0,Winter,Low,23.6,0.0
Dhaka,1978,2,33.0,14.1,20.0,61.0,0.6,1.8,9.0,23.78,90.39,9,0,Winter,Low,18.9,1220.0
Barisal,1978,5,35.6,24.1,387.0,82.0,1.6,5.0,7.1,22.7,90.36,4,1,Pre-Monsoon,High,11.5,31734.0
Bhola,1978,5,36.8,24.5,517.0,83.0,1.3,5.3,5.724242424,22.7,90.66,5,1,Pre-Monsoon,Extreme,12.299999999999995,42911.0
Dinajpur,1978,5,33.3,23.5,162.0,72.0,1.0,3.7,6.848,25.63,88.66,37,1,Pre-Monsoon,Moderate,9.799999999999995,11664.0
Feni,1978,5,36.5,23.7,556.0,84.0,0.8,5.0,6.375862069,23.01,91.37,8,1,Pre-Monsoon,Extreme,12.8,46704.0
Hatiya,1978,5,34.4,25.0,700.0,80.0,2.1,2.2,6.251724138,22.29,91.13,4,1,Pre-Monsoon,Extreme,9.4,56000.0
Maijdee Court,1978,5,35.0,23.8,408.0,80.0,2.4,6.0,6.513793103,22.83,91.08,6,1,Pre-Monsoon,High,11.2,32640.0
Mymensingh,1978,5,36.0,23.2,405.0,85.0,3.1,5.2,6.122857143,24.75,90.41,19,1,Pre-Monsoon,High,12.8,34425.0
Patuakhali,1978,5,35.3,24.4,673.0,75.0,2.8,6.5,5.982758621,22.36,90.34,3,1,Pre-Monsoon,Extreme,10.9,50475.0
Sandwip,1978,5,32.1,24.8,527.0,85.0,2.3,5.7,6.425925926,22.5,91.46,6,1,Pre-Monsoon,Extreme,7.300000000000001,44795.0
Sitakunda,1978,5,34.5,23.4,755.0,78.0,3.0,5.7,5.5,22.64,91.64,4,1,Pre-Monsoon,Extreme,11.1,58890.0
Srimangal,1978,5,36.7,22.4,651.0,79.0,0.8,3.9,6.178571429,24.29,91.73,23,1,Pre-Monsoon,Extreme,14.300000000000004,51429.0
Sylhet,1978,5,36.1,22.2,791.0,84.0,1.4,6.8,5.0,24.88,91.93,35,1,Pre-Monsoon,Extreme,13.900000000000002,66444.0
Teknaf,1978,5,35.2,23.9,419.0,76.0,4.0,5.1,7.4,20.87,92.26,4,1,Pre-Monsoon,High,11.300000000000004,31844.0
Barisal,1978,6,33.3,25.8,631.0,87.0,1.6,5.9,4.1,22.7,90.36,4,1,Monsoon,Extreme,7.4999999999999964,54897.0
Bhola,1978,6,32.9,25.4,512.0,87.0,0.7,5.9,3.306060606,22.7,90.66,5,1,Monsoon,Extreme,7.5,44544.0
Bogra,1978,6,33.6,25.0,654.0,85.0,1.5,5.9,4.8,24.88,89.36,20,1,Monsoon,Extreme,8.600000000000001,55590.0
Chandpur,1978,6,33.3,25.8,347.0,84.0,1.4,4.8,3.6,23.26,90.67,7,1,Monsoon,High,7.4999999999999964,29148.0
Chittagong (IAP-Patenga),1978,6,33.9,23.7,811.0,86.0,5.3,6.8,4.2,22.34,91.79,6,1,Monsoon,Extreme,10.2,69746.0
Comilla,1978,6,32.2,25.3,414.0,86.0,2.6,5.7,4.927272727,23.48,91.19,10,1,Monsoon,High,6.900000000000002,35604.0
Cox's Bazar,1978,6,32.2,25.5,621.0,86.0,2.2,6.5,5.1,21.46,91.98,4,1,Monsoon,Extreme,6.700000000000003,53406.0
Dinajpur,1978,6,33.4,25.4,339.0,82.0,1.0,5.4,5.228,25.63,88.66,37,1,Monsoon,High,8.0,27798.0
Faridpur,1978,6,33.3,25.4,401.0,87.0,0.5,5.3,5.0,23.61,89.84,9,1,Monsoon,High,7.899999999999999,34887.0
Feni,1978,6,34.6,25.1,429.0,84.0,0.7,5.6,4.289655172,23.01,91.37,8,1,Monsoon,High,9.5,36036.0
Hatiya,1978,6,32.8,25.9,949.0,84.0,3.6,5.4,3.803448276,22.29,91.13,4,1,Monsoon,Extreme,6.899999999999999,79716.0
Khepupara,1978,6,32.7,26.6,435.0,87.0,5.1,6.3,3.807692308,21.98,90.22,3,1,Monsoon,High,6.100000000000001,37845.0
Khulna,1978,6,35.3,26.5,436.0,88.0,1.2,4.9,4.546666667,22.8,89.58,4,1,Monsoon,High,8.799999999999997,38368.0
Kutubdia,1978,6,33.95862069,25.69655172,579.0,86.22857143,2.9,5.95862069,4.486666667,21.83,91.84,6,1,Monsoon,Extreme,8.262068969999998,49926.342857970005
Maijdee Court,1978,6,31.8,23.9,592.0,86.0,2.0,6.1,3.872413793,22.83,91.08,6,1,Monsoon,Extreme,7.900000000000002,50912.0
Mymensingh,1978,6,33.0,25.2,509.0,88.0,2.5,6.4,4.02,24.75,90.41,19,1,Monsoon,Extreme,7.800000000000001,44792.0
Patuakhali,1978,6,36.2,25.1,580.0,81.0,2.6,7.0,3.14137931,22.36,90.34,3,1,Monsoon,Extreme,11.1,46980.0
Rajshahi,1978,6,35.0,25.1,492.0,88.0,1.9,5.4,5.394285714,24.35,88.56,20,1,Monsoon,High,9.9,43296.0
Rangamati,1978,6,34.0,24.9,713.0,86.0,2.2,5.6,4.381481481,22.67,92.2,63,1,Monsoon,Extreme,9.1,61318.0
Sandwip,1978,6,33.9,25.0,425.0,88.0,2.2,5.8,4.666666667,22.5,91.46,6,1,Monsoon,High,8.899999999999999,37400.0
Sitakunda,1978,6,33.0,24.5,807.0,81.0,2.8,5.9,3.6,22.64,91.64,4,1,Monsoon,Extreme,8.5,65367.0
Srimangal,1978,6,33.9,24.3,686.0,85.0,0.7,4.4,4.346428571,24.29,91.73,23,1,Monsoon,Extreme,9.599999999999998,58310.0
Sylhet,1978,6,33.1,24.3,870.0,89.0,0.7,7.1,3.1,24.88,91.93,35,1,Monsoon,Extreme,8.8,77430.0
Teknaf,1978,6,32.5,24.2,720.0,81.0,3.5,6.6,3.4,20.87,92.26,4,1,Monsoon,Extreme,8.3,58320.0
Barisal,1978,7,33.9,25.6,409.0,87.0,1.3,5.8,3.7,22.7,90.36,4,1,Monsoon,High,8.299999999999997,35583.0
Bhola,1978,7,36.3,25.4,513.0,87.0,0.7,5.7,2.845454545,22.7,90.66,5,1,Monsoon,Extreme,10.9,44631.0
Chandpur,1978,7,31.8,25.8,426.0,86.0,1.4,5.3,3.1,23.26,90.67,7,1,Monsoon,High,6.0,36636.0
Comilla,1978,7,31.3,25.3,447.0,87.0,2.6,6.1,4.566666667,23.48,91.19,10,1,Monsoon,High,6.0,38889.0
Cox's Bazar,1978,7,32.2,25.2,535.0,86.0,2.0,6.4,5.3,21.46,91.98,4,1,Monsoon,Extreme,7.000000000000004,46010.0
Dinajpur,1978,7,32.2,25.9,422.0,85.0,0.9,5.9,4.288,25.63,88.66,37,1,Monsoon,High,6.300000000000004,35870.0
Feni,1978,7,34.6,25.3,458.0,86.0,0.7,5.6,4.106896552,23.01,91.37,8,1,Monsoon,High,9.3,39388.0
Hatiya,1978,7,31.4,25.5,530.0,86.0,2.4,5.9,3.968965517,22.29,91.13,4,1,Monsoon,Extreme,5.899999999999999,45580.0
Khepupara,1978,7,37.8,25.4,661.0,87.0,4.6,6.4,3.580769231,21.98,90.22,3,1,Monsoon,Extreme,12.4,57507.0
Khulna,1978,7,33.2,25.4,341.0,89.0,1.1,5.2,3.89,22.8,89.58,4,1,Monsoon,High,7.800000000000004,30349.0
Kutubdia,1978,7,32.89310345,25.48965517,697.0,88.4,2.9,6.434482759,4.016666667,21.83,91.84,6,1,Monsoon,Extreme,7.403448279999999,61614.8
Madaripur,1978,7,33.6,23.9,387.0,88.0,1.1,6.2,3.661538462,23.17,90.18,5,1,Monsoon,High,9.700000000000005,34056.0
Maijdee Court,1978,7,30.6,25.4,712.0,87.0,1.8,6.3,3.575862069,22.83,91.08,6,1,Monsoon,Extreme,5.200000000000003,61944.0
Mymensingh,1978,7,33.8,26.1,475.0,86.0,2.0,6.3,3.691428571,24.75,90.41,19,1,Monsoon,High,7.699999999999996,40850.0
Patuakhali,1978,7,32.6,25.6,452.0,82.0,2.4,6.5,3.075862069,22.36,90.34,3,1,Monsoon,High,7.0,37064.0
Rangpur,1978,7,33.9,26.1,530.0,85.0,0.6,5.7,4.348571429,25.72,89.26,34,1,Monsoon,Extreme,7.799999999999997,45050.0
Sitakunda,1978,7,33.0,24.9,848.0,84.0,3.0,6.2,3.2,22.64,91.64,4,1,Monsoon,Extreme,8.100000000000001,71232.0
Sylhet,1978,7,33.9,24.8,722.0,86.0,0.8,7.0,3.7,24.88,91.93,35,1,Monsoon,Extreme,9.099999999999998,62092.0
Teknaf,1978,7,31.0,23.2,564.0,82.0,3.4,6.2,2.8,20.87,92.26,4,1,Monsoon,Extreme,7.800000000000001,46248.0
Barisal,1978,8,34.4,25.8,403.0,87.0,1.5,6.0,4.3,22.7,90.36,4,1,Monsoon,High,8.599999999999998,35061.0
Bhola,1978,8,34.7,25.5,586.0,87.0,1.0,5.8,3.666666667,22.7,90.66,5,1,Monsoon,Extreme,9.200000000000005,50982.0
Chandpur,1978,8,31.9,25.9,332.0,85.0,1.2,5.3,3.7,23.26,90.67,7,1,Monsoon,High,6.0,28220.0
Chittagong (IAP-Patenga),1978,8,33.9,25.2,425.0,85.0,5.7,6.7,4.8,22.34,91.79,6,1,Monsoon,High,8.7,36125.0
Cox's Bazar,1978,8,32.1,25.0,571.0,88.0,1.9,6.7,5.3,21.46,91.98,4,1,Monsoon,Extreme,7.100000000000001,50248.0
Dinajpur,1978,8,32.6,26.0,336.0,84.0,0.8,5.6,5.208,25.63,88.66,37,1,Monsoon,High,6.600000000000001,28224.0
Feni,1978,8,35.3,25.7,439.0,83.0,1.0,5.5,4.782758621,23.01,91.37,8,1,Monsoon,High,9.599999999999998,36437.0
Hatiya,1978,8,34.6,25.3,555.0,89.0,2.5,5.8,4.424137931,22.29,91.13,4,1,Monsoon,Extreme,9.3,49395.0
Khepupara,1978,8,37.8,26.2,431.0,88.0,4.6,6.8,4.111538462,21.98,90.22,3,1,Monsoon,High,11.599999999999998,37928.0
Kutubdia,1978,8,33.14137931,25.58965517,460.0,87.28571429,2.5,6.196551724,4.66,21.83,91.84,6,1,Monsoon,High,7.551724139999997,40151.4285734
Maijdee Court,1978,8,30.7,25.4,607.0,87.0,1.7,6.1,4.64137931,22.83,91.08,6,1,Monsoon,Extreme,5.300000000000001,52809.0
Patuakhali,1978,8,34.5,25.4,644.0,83.0,2.6,6.5,3.672413793,22.36,90.34,3,1,Monsoon,Extreme,9.1,53452.0
Rajshahi,1978,8,33.0,25.8,149.0,87.0,1.8,5.5,5.111428571,24.35,88.56,20,1,Monsoon,Moderate,7.199999999999999,12963.0
Sandwip,1978,8,31.6,25.7,711.0,87.0,2.3,5.7,4.962962963,22.5,91.46,6,1,Monsoon,Extreme,5.900000000000002,61857.0
Sitakunda,1978,8,33.3,25.6,553.0,81.0,2.8,5.8,3.8,22.64,91.64,4,1,Monsoon,Extreme,7.699999999999996,44793.0
Teknaf,1978,8,32.2,23.8,842.0,85.0,3.3,6.7,3.8,20.87,92.26,4,1,Monsoon,Extreme,8.400000000000002,71570.0
Barisal,1978,9,33.3,25.1,300.0,89.0,0.8,5.3,4.9,22.7,90.36,4,1,Monsoon,High,8.199999999999996,26700.0
Chittagong (IAP-Patenga),1978,9,33.2,24.6,381.0,86.0,3.5,6.3,5.9,22.34,91.79,6,1,Monsoon,High,8.600000000000001,32766.0
Cox's Bazar,1978,9,32.8,24.3,479.0,86.0,1.3,5.8,5.8,21.46,91.98,4,1,Monsoon,High,8.499999999999996,41194.0
Dinajpur,1978,9,32.4,25.1,302.0,84.0,0.7,4.7,5.184,25.63,88.66,37,1,Monsoon,High,7.299999999999997,25368.0
Feni,1978,9,34.3,25.2,416.0,87.0,0.3,5.6,5.2,23.01,91.37,8,1,Monsoon,High,9.099999999999998,36192.0
Hatiya,1978,9,33.3,25.2,507.0,86.0,0.9,5.1,4.965517241,22.29,91.13,4,1,Monsoon,Extreme,8.099999999999998,43602.0
Khulna,1978,9,34.4,25.7,453.0,87.0,0.8,5.5,4.906666667,22.8,89.58,4,1,Monsoon,High,8.7,39411.0
Patuakhali,1978,9,32.8,24.8,448.0,85.0,0.9,6.9,4.051724138,22.36,90.34,3,1,Monsoon,High,7.9999999999999964,38080.0
Rajshahi,1978,9,33.5,25.6,545.0,85.0,1.7,5.6,5.542857143,24.35,88.56,20,1,Monsoon,Extreme,7.899999999999999,46325.0
Rangamati,1978,9,33.9,24.8,441.0,86.0,1.8,5.9,5.3,22.67,92.2,63,1,Monsoon,High,9.099999999999998,37926.0
Rangpur,1978,9,34.0,25.2,511.0,85.0,0.6,5.6,5.2,25.72,89.26,34,1,Monsoon,Extreme,8.8,43435.0
Sandwip,1978,9,33.0,25.2,479.0,89.0,1.2,5.2,5.325925926,22.5,91.46,6,1,Monsoon,High,7.800000000000001,42631.0
Satkhira,1978,9,34.9,26.0,728.0,86.0,0.9,5.9,4.913333333,22.68,89.07,6,1,Monsoon,Extreme,8.899999999999999,62608.0
Sitakunda,1978,9,33.0,24.5,645.0,83.0,2.2,6.1,4.6,22.64,91.64,4,1,Monsoon,Extreme,8.5,53535.0
Teknaf,1978,9,33.9,23.6,715.0,81.0,2.1,5.9,5.5,20.87,92.26,4,1,Monsoon,Extreme,10.299999999999995,57915.0
Dhaka,1978,10,33.4,24.4,98.0,80.0,0.5,3.7,7.5,23.78,90.39,9,0,Post-Monsoon,Moderate,9.0,7840.0
Dhaka,1978,11,32.9,19.2,0.0,72.0,0.6,2.0,8.4,23.78,90.39,9,0,Post-Monsoon,Low,13.7,0.0
Dhaka,1978,12,29.8,12.5,0.0,68.0,0.5,0.8,8.6,23.78,90.39,9,0,Winter,Low,17.3,0.0
Dhaka,1979,1,28.3,12.3,3.0,68.0,0.3,1.1,7.7,23.78,90.39,9,0,Winter,Low,16.0,204.0
Dhaka,1979,2,31.1,14.0,13.0,62.0,0.6,1.8,8.8,23.78,90.39,9,0,Winter,Low,17.1,806.0
Dinajpur,1979,5,33.3,23.5,162.0,72.0,1.0,3.7,6.848,25.63,88.66,37,1,Pre-Monsoon,Moderate,9.799999999999995,11664.0
Barisal,1979,6,37.3,26.1,453.0,87.0,1.8,5.5,5.4,22.7,90.36,4,1,Monsoon,High,11.199999999999996,39411.0
Chandpur,1979,6,37.0,24.6,629.0,87.0,1.3,5.7,4.4,23.26,90.67,7,1,Monsoon,Extreme,12.4,54723.0
Chittagong (IAP-Patenga),1979,6,35.6,25.7,653.0,83.0,5.7,6.0,4.5,22.34,91.79,6,1,Monsoon,Extreme,9.900000000000002,54199.0
Dinajpur,1979,6,33.4,25.4,339.0,82.0,1.0,5.4,5.228,25.63,88.66,37,1,Monsoon,High,8.0,27798.0
Faridpur,1979,6,35.4,26.2,467.0,83.0,1.1,5.8,5.0,23.61,89.84,9,1,Monsoon,High,9.2,38761.0
Feni,1979,6,37.2,26.1,653.0,85.0,0.8,5.3,4.289655172,23.01,91.37,8,1,Monsoon,Extreme,11.1,55505.0
Hatiya,1979,6,35.7,25.9,634.0,85.0,3.6,5.4,3.803448276,22.29,91.13,4,1,Monsoon,Extreme,9.800000000000004,53890.0
Khepupara,1979,6,35.6,26.1,832.0,85.0,4.3,5.9,3.807692308,21.98,90.22,3,1,Monsoon,Extreme,9.5,70720.0
Madaripur,1979,6,34.1,25.7,377.0,84.0,1.2,5.7,3.838461538,23.17,90.18,5,1,Monsoon,High,8.400000000000002,31668.0
Maijdee Court,1979,6,36.0,26.1,540.0,84.0,1.7,6.2,3.872413793,22.83,91.08,6,1,Monsoon,Extreme,9.9,45360.0
Patuakhali,1979,6,37.5,25.7,395.0,87.0,1.9,5.9,3.14137931,22.36,90.34,3,1,Monsoon,High,11.8,34365.0
Rangamati,1979,6,37.5,25.6,519.0,82.0,1.8,5.4,4.381481481,22.67,92.2,63,1,Monsoon,Extreme,11.9,42558.0
Sandwip,1979,6,35.0,24.6,700.0,88.0,2.9,5.2,4.666666667,22.5,91.46,6,1,Monsoon,Extreme,10.4,61600.0
Sylhet,1979,6,36.4,24.9,929.0,85.0,2.9,6.0,4.6,24.88,91.93,35,1,Monsoon,Extreme,11.5,78965.0
Barisal,1979,7,34.4,26.0,559.0,88.0,1.6,5.6,5.1,22.7,90.36,4,1,Monsoon,Extreme,8.399999999999999,49192.0
Bogra,1979,7,36.8,25.9,725.0,89.0,1.6,6.3,3.6,24.88,89.36,20,1,Monsoon,Extreme,10.9,64525.0
Chandpur,1979,7,33.2,24.3,556.0,87.0,1.3,5.9,4.9,23.26,90.67,7,1,Monsoon,Extreme,8.900000000000002,48372.0
Chittagong (IAP-Patenga),1979,7,33.9,25.3,446.0,84.0,5.4,6.0,5.2,22.34,91.79,6,1,Monsoon,High,8.599999999999998,37464.0
Dinajpur,1979,7,32.2,25.9,422.0,85.0,0.9,5.9,4.288,25.63,88.66,37,1,Monsoon,High,6.300000000000004,35870.0
Feni,1979,7,31.1,25.1,734.0,87.0,1.8,6.6,4.106896552,23.01,91.37,8,1,Monsoon,Extreme,6.0,63858.0
Hatiya,1979,7,32.0,25.9,718.0,86.0,2.4,5.9,3.968965517,22.29,91.13,4,1,Monsoon,Extreme,6.100000000000001,61748.0
Ishurdi,1979,7,37.8,26.2,432.0,82.0,3.1,6.2,4.320689655,24.12,89.04,14,1,Monsoon,High,11.599999999999998,35424.0
Khulna,1979,7,36.0,26.6,533.0,84.0,1.0,4.8,3.89,22.8,89.58,4,1,Monsoon,Extreme,9.4,44772.0
Madaripur,1979,7,32.3,25.8,350.0,86.0,1.2,6.1,3.661538462,23.17,90.18,5,1,Monsoon,High,6.4999999999999964,30100.0
Maijdee Court,1979,7,36.0,25.9,639.0,83.0,2.8,6.9,3.575862069,22.83,91.08,6,1,Monsoon,Extreme,10.1,53037.0
Rajshahi,1979,7,35.8,26.0,492.0,88.0,2.2,6.2,4.6,24.35,88.56,20,1,Monsoon,High,9.799999999999995,43296.0
Rangamati,1979,7,33.7,25.4,710.0,85.0,1.2,5.6,3.748148148,22.67,92.2,63,1,Monsoon,Extreme,8.300000000000004,60350.0
Rangpur,1979,7,34.5,25.0,677.0,86.0,1.4,6.0,4.2,25.72,89.26,34,1,Monsoon,Extreme,9.5,58222.0
Sandwip,1979,7,33.0,23.4,670.0,90.0,2.0,5.4,4.022222222,22.5,91.46,6,1,Monsoon,Extreme,9.6,60300.0
Sylhet,1979,7,35.8,24.9,1322.0,90.0,2.7,7.1,3.6,24.88,91.93,35,1,Monsoon,Extreme,10.9,118980.0
Barisal,1979,8,34.4,25.9,642.0,90.0,1.5,6.1,5.7,22.7,90.36,4,1,Monsoon,Extreme,8.5,57780.0
Bogra,1979,8,36.3,26.4,641.0,85.0,1.6,5.9,5.4,24.88,89.36,20,1,Monsoon,Extreme,9.9,54485.0
Chittagong (IAP-Patenga),1979,8,35.0,24.2,920.0,86.0,5.5,6.6,4.3,22.34,91.79,6,1,Monsoon,Extreme,10.8,79120.0
Comilla,1979,8,35.0,25.8,486.0,86.0,1.9,5.7,5.233333333,23.48,91.19,10,1,Monsoon,High,9.2,41796.0
Dinajpur,1979,8,32.6,26.0,336.0,84.0,0.8,5.6,5.208,25.63,88.66,37,1,Monsoon,High,6.600000000000001,28224.0
Faridpur,1979,8,35.2,26.3,377.0,86.0,0.6,6.0,4.95862069,23.61,89.84,9,1,Monsoon,High,8.900000000000002,32422.0
Feni,1979,8,31.8,25.3,510.0,86.0,1.6,6.3,4.782758621,23.01,91.37,8,1,Monsoon,Extreme,6.5,43860.0
Hatiya,1979,8,34.6,25.4,1115.0,88.0,2.6,5.8,4.424137931,22.29,91.13,4,1,Monsoon,Extreme,9.200000000000005,98120.0
Ishurdi,1979,8,33.9,25.8,463.0,83.0,2.8,6.2,4.944827586,24.12,89.04,14,1,Monsoon,High,8.099999999999998,38429.0
Jessore,1979,8,35.5,26.1,394.0,85.0,3.2,6.4,4.4,23.17,89.22,7,1,Monsoon,High,9.4,33490.0
Khepupara,1979,8,37.8,25.3,740.0,87.0,4.0,6.7,4.111538462,21.98,90.22,3,1,Monsoon,Extreme,12.499999999999996,64380.0
Khulna,1979,8,35.6,26.6,433.0,85.0,1.1,5.5,4.363333333,22.8,89.58,4,1,Monsoon,High,9.0,36805.0
Maijdee Court,1979,8,35.8,25.9,525.0,83.0,2.6,6.5,4.64137931,22.83,91.08,6,1,Monsoon,Extreme,9.9,43575.0
Patuakhali,1979,8,35.5,25.7,682.0,88.0,1.7,6.2,3.672413793,22.36,90.34,3,1,Monsoon,Extreme,9.8,60016.0
Rajshahi,1979,8,35.0,26.3,275.0,85.0,2.2,5.2,5.1,24.35,88.56,20,1,Monsoon,High,8.7,23375.0
Rangamati,1979,8,35.3,25.1,605.0,88.0,1.5,6.1,4.744444444,22.67,92.2,63,1,Monsoon,Extreme,10.199999999999996,53240.0
Rangpur,1979,8,35.5,26.0,510.0,81.0,1.4,5.6,4.8,25.72,89.26,34,1,Monsoon,Extreme,9.5,41310.0
Sandwip,1979,8,35.0,23.5,618.0,89.0,2.3,5.8,4.962962963,22.5,91.46,6,1,Monsoon,Extreme,11.5,55002.0
Satkhira,1979,8,34.4,26.5,319.0,84.0,1.2,6.0,4.373333333,22.68,89.07,6,1,Monsoon,High,7.899999999999999,26796.0
Teknaf,1979,8,32.0,24.5,459.0,89.0,1.9,6.8,4.3,20.87,92.26,4,1,Monsoon,High,7.5,40851.0
Bogra,1979,9,35.3,25.6,463.0,85.0,1.0,4.7,7.0,24.88,89.36,20,1,Monsoon,High,9.699999999999996,39355.0
Chittagong (IAP-Patenga),1979,9,33.5,24.7,425.0,85.0,3.4,5.6,5.4,22.34,91.79,6,1,Monsoon,High,8.8,36125.0
Dinajpur,1979,9,32.4,25.1,302.0,84.0,0.7,4.7,5.184,25.63,88.66,37,1,Monsoon,High,7.299999999999997,25368.0
Hatiya,1979,9,34.6,25.5,580.0,86.0,0.9,5.1,4.965517241,22.29,91.13,4,1,Monsoon,Extreme,9.1,49880.0
Jessore,1979,9,37.2,25.8,402.0,84.0,2.0,5.6,5.4,23.17,89.22,7,1,Monsoon,High,11.400000000000002,33768.0
Khepupara,1979,9,33.0,25.2,561.0,86.0,2.3,5.7,4.507692308,21.98,90.22,3,1,Monsoon,Extreme,7.800000000000001,48246.0
Patuakhali,1979,9,33.2,25.2,480.0,87.0,1.1,5.4,4.051724138,22.36,90.34,3,1,Monsoon,High,8.000000000000004,41760.0
Rajshahi,1979,9,35.7,25.6,379.0,84.0,1.6,4.6,6.5,24.35,88.56,20,1,Monsoon,High,10.1,31836.0
Sylhet,1979,9,34.2,24.0,587.0,88.0,0.6,5.5,4.7,24.88,91.93,35,1,Monsoon,Extreme,10.200000000000005,51656.0
Dhaka,1979,10,32.7,23.8,146.0,79.0,0.6,2.9,8.4,23.78,90.39,9,0,Post-Monsoon,Moderate,8.900000000000002,11534.0
Rajshahi,1979,10,34.1,23.6,188.0,80.0,0.9,2.0,8.8,24.35,88.56,20,1,Post-Monsoon,Moderate,10.5,15040.0
Dhaka,1979,11,31.8,20.8,55.0,75.0,0.3,1.7,7.0,23.78,90.39,9,0,Post-Monsoon,Moderate,11.0,4125.0
Dhaka,1979,12,27.2,14.4,51.0,77.0,0.4,1.4,8.1,23.78,90.39,9,0,Winter,Moderate,12.8,3927.0
Dhaka,1980,1,28.9,11.9,3.0,69.0,0.3,0.7,8.1,23.78,90.39,9,0,Winter,Low,17.0,207.0
Dhaka,1980,2,32.2,15.2,32.0,66.0,0.6,1.5,8.4,23.78,90.39,9,0,Winter,Low,17.000000000000004,2112.0
Sylhet,1980,4,35.8,21.4,519.0,74.0,1.3,5.2,7.5,24.88,91.93,35,1,Pre-Monsoon,Extreme,14.4,38406.0
Bhola,1980,5,35.0,24.6,749.0,84.0,1.1,4.6,5.724242424,22.7,90.66,5,1,Pre-Monsoon,Extreme,10.4,62916.0
Chittagong (IAP-Patenga),1980,5,33.6,23.6,456.0,80.0,4.6,4.0,7.3,22.34,91.79,6,1,Pre-Monsoon,High,10.0,36480.0
Comilla,1980,5,35.0,22.8,429.0,80.0,2.8,3.7,6.587878788,23.48,91.19,10,1,Pre-Monsoon,High,12.2,34320.0
Dinajpur,1980,5,33.6,23.5,162.0,72.0,1.0,3.7,6.848,25.63,88.66,37,1,Pre-Monsoon,Moderate,10.1,11664.0
Feni,1980,5,35.6,23.4,515.0,80.0,0.7,4.2,6.375862069,23.01,91.37,8,1,Pre-Monsoon,Extreme,12.200000000000005,41200.0
Maijdee Court,1980,5,35.0,24.1,554.0,81.0,2.1,4.8,6.513793103,22.83,91.08,6,1,Pre-Monsoon,Extreme,10.9,44874.0
Mymensingh,1980,5,34.4,23.5,723.0,77.0,3.2,5.5,6.3,24.75,90.41,19,1,Pre-Monsoon,Extreme,10.9,55671.0
Rangamati,1980,5,36.2,23.4,628.0,77.0,1.8,4.4,6.322222222,22.67,92.2,63,1,Pre-Monsoon,Extreme,12.800000000000004,48356.0
Sandwip,1980,5,34.0,24.2,784.0,85.0,1.8,4.1,6.425925926,22.5,91.46,6,1,Pre-Monsoon,Extreme,9.8,66640.0
Srimangal,1980,5,33.4,22.9,631.0,79.0,0.8,2.2,6.178571429,24.29,91.73,23,1,Pre-Monsoon,Extreme,10.5,49849.0
Sylhet,1980,5,32.9,21.5,758.0,83.0,1.3,5.8,6.3,24.88,91.93,35,1,Pre-Monsoon,Extreme,11.4,62914.0
Barisal,1980,6,34.6,25.9,272.0,88.0,1.6,5.9,4.5,22.7,90.36,4,1,Monsoon,High,8.700000000000003,23936.0
Chandpur,1980,6,33.5,25.8,347.0,84.0,1.4,4.8,4.1,23.26,90.67,7,1,Monsoon,High,7.699999999999999,29148.0
Chittagong (IAP-Patenga),1980,6,33.0,24.9,417.0,82.0,6.1,6.4,3.6,22.34,91.79,6,1,Monsoon,High,8.100000000000001,34194.0
Dinajpur,1980,6,33.8,25.5,339.0,82.0,1.0,5.4,5.228,25.63,88.66,37,1,Monsoon,High,8.299999999999997,27798.0
Khepupara,1980,6,32.5,26.0,502.0,83.0,3.2,6.1,3.807692308,21.98,90.22,3,1,Monsoon,Extreme,6.5,41666.0
Khulna,1980,6,34.5,26.6,348.0,89.0,1.3,5.4,4.546666667,22.8,89.58,4,1,Monsoon,High,7.899999999999999,30972.0
Patuakhali,1980,6,33.3,26.0,467.0,87.0,2.1,5.9,3.14137931,22.36,90.34,3,1,Monsoon,High,7.299999999999997,40629.0
Rajshahi,1980,6,35.0,25.9,349.0,86.0,2.2,4.8,5.5,24.35,88.56,20,1,Monsoon,High,9.1,30014.0
Rangamati,1980,6,35.0,25.3,435.0,84.0,2.0,4.7,4.381481481,22.67,92.2,63,1,Monsoon,High,9.7,36540.0
Rangpur,1980,6,34.3,25.9,426.0,84.0,1.2,5.5,6.1,25.72,89.26,34,1,Monsoon,High,8.399999999999999,35784.0
Sylhet,1980,6,34.6,25.2,457.0,85.0,1.0,6.8,5.2,24.88,91.93,35,1,Monsoon,High,9.400000000000002,38845.0
Barisal,1980,7,33.4,26.2,526.0,91.0,1.5,6.1,4.0,22.7,90.36,4,1,Monsoon,Extreme,7.199999999999999,47866.0
Bhola,1980,7,31.9,25.9,678.0,90.0,0.9,6.4,2.845454545,22.7,90.66,5,1,Monsoon,Extreme,6.0,61020.0
Bogra,1980,7,34.3,26.1,410.0,87.0,1.4,5.7,4.8,24.88,89.36,20,1,Monsoon,High,8.199999999999996,35670.0
Chandpur,1980,7,32.3,25.8,426.0,86.0,1.4,5.3,3.3,23.26,90.67,7,1,Monsoon,High,6.4999999999999964,36636.0
Chittagong (IAP-Patenga),1980,7,32.5,25.1,627.0,85.0,6.3,6.3,4.3,22.34,91.79,6,1,Monsoon,Extreme,7.399999999999999,53295.0
Comilla,1980,7,33.9,25.3,472.0,85.0,2.5,5.2,4.566666667,23.48,91.19,10,1,Monsoon,High,8.599999999999998,40120.0
Dinajpur,1980,7,32.3,26.0,422.0,85.0,0.9,5.9,4.288,25.63,88.66,37,1,Monsoon,High,6.299999999999997,35870.0
Hatiya,1980,7,31.3,25.7,885.0,90.0,3.3,6.4,3.968965517,22.29,91.13,4,1,Monsoon,Extreme,5.600000000000001,79650.0
Khepupara,1980,7,31.6,25.9,560.0,88.0,2.9,6.6,3.580769231,21.98,90.22,3,1,Monsoon,Extreme,5.700000000000003,49280.0
Madaripur,1980,7,34.0,26.0,381.0,87.0,0.8,5.6,3.661538462,23.17,90.18,5,1,Monsoon,High,8.0,33147.0
Maijdee Court,1980,7,31.9,25.2,784.0,88.0,2.1,6.2,3.575862069,22.83,91.08,6,1,Monsoon,Extreme,6.699999999999999,68992.0
Patuakhali,1980,7,31.4,25.9,498.0,89.0,2.0,6.4,3.075862069,22.36,90.34,3,1,Monsoon,High,5.5,44322.0
Rangamati,1980,7,35.0,25.8,997.0,82.0,3.0,5.5,3.748148148,22.67,92.2,63,1,Monsoon,Extreme,9.2,81754.0
Sandwip,1980,7,32.0,25.5,1555.0,89.0,2.7,5.9,4.022222222,22.5,91.46,6,1,Monsoon,Extreme,6.5,138395.0
Barisal,1980,8,34.7,26.2,297.0,89.0,1.3,5.6,4.7,22.7,90.36,4,1,Monsoon,High,8.500000000000004,26433.0
Chandpur,1980,8,32.3,26.0,332.0,85.0,1.2,5.3,4.3,23.26,90.67,7,1,Monsoon,High,6.299999999999997,28220.0
Chittagong (IAP-Patenga),1980,8,33.0,24.6,702.0,85.0,5.7,6.0,4.8,22.34,91.79,6,1,Monsoon,Extreme,8.399999999999999,59670.0
Comilla,1980,8,34.4,25.4,428.0,86.0,2.2,4.7,5.233333333,23.48,91.19,10,1,Monsoon,High,9.0,36808.0
Dinajpur,1980,8,33.0,26.1,336.0,84.0,0.8,5.6,5.208,25.63,88.66,37,1,Monsoon,High,6.899999999999999,28224.0
Hatiya,1980,8,32.8,25.7,724.0,88.0,2.2,5.6,4.424137931,22.29,91.13,4,1,Monsoon,Extreme,7.099999999999998,63712.0
Khepupara,1980,8,33.0,26.0,649.0,88.0,2.5,6.1,4.111538462,21.98,90.22,3,1,Monsoon,Extreme,7.0,57112.0
Khulna,1980,8,34.0,26.6,421.0,88.0,2.2,5.1,4.363333333,22.8,89.58,4,1,Monsoon,High,7.399999999999999,37048.0
Maijdee Court,1980,8,33.3,25.0,376.0,87.0,0.9,5.6,4.64137931,22.83,91.08,6,1,Monsoon,High,8.299999999999997,32712.0
Mymensingh,1980,8,34.4,26.2,464.0,81.0,2.6,6.5,5.0,24.75,90.41,19,1,Monsoon,High,8.2,37584.0
Patuakhali,1980,8,31.7,26.0,447.0,88.0,1.9,6.2,3.672413793,22.36,90.34,3,1,Monsoon,High,5.699999999999999,39336.0
Rajshahi,1980,8,35.5,26.5,316.0,86.0,1.8,5.6,5.1,24.35,88.56,20,1,Monsoon,High,9.0,27176.0
Rangamati,1980,8,34.3,25.2,448.0,83.0,2.7,5.6,4.744444444,22.67,92.2,63,1,Monsoon,High,9.099999999999998,37184.0
Rangpur,1980,8,34.3,26.3,579.0,85.0,1.2,5.9,5.1,25.72,89.26,34,1,Monsoon,Extreme,7.9999999999999964,49215.0
Sandwip,1980,8,33.0,25.2,682.0,89.0,1.9,5.4,4.962962963,22.5,91.46,6,1,Monsoon,Extreme,7.800000000000001,60698.0
Dinajpur,1980,9,32.4,25.2,302.0,84.0,0.7,4.7,5.184,25.63,88.66,37,1,Monsoon,High,7.199999999999999,25368.0
Barisal,1980,10,33.8,23.4,282.0,88.0,0.5,2.9,6.2,22.7,90.36,4,1,Post-Monsoon,High,10.4,24816.0
Dhaka,1980,10,32.5,23.4,300.0,82.0,0.7,3.7,6.7,23.78,90.39,9,0,Post-Monsoon,High,9.1,24600.0
Hatiya,1980,10,32.6,24.4,387.0,83.0,1.3,2.7,6.493103448,22.29,91.13,4,1,Post-Monsoon,High,8.200000000000003,32121.0
Sylhet,1980,10,32.6,21.9,489.0,83.0,0.9,3.4,7.3,24.88,91.93,35,1,Post-Monsoon,High,10.700000000000005,40587.0
Dhaka,1980,11,31.7,17.8,0.0,70.0,0.1,1.5,9.2,23.78,90.39,9,0,Post-Monsoon,Low,13.9,0.0
Dhaka,1980,12,28.9,14.9,0.0,69.0,0.2,1.3,7.6,23.78,90.39,9,0,Winter,Low,13.999999999999998,0.0
Dhaka,1981,1,27.8,13.3,10.0,70.0,0.6,1.9,6.9,23.78,90.39,9,0,Winter,Low,14.5,700.0
Dhaka,1981,2,32.9,15.4,42.0,67.0,0.2,1.1,7.8,23.78,90.39,9,0,Winter,Low,17.5,2814.0
Barisal,1981,4,34.0,22.7,412.0,84.0,1.3,4.4,7.4,22.7,90.36,4,1,Pre-Monsoon,High,11.3,34608.0
Chandpur,1981,4,33.6,22.0,893.0,83.0,1.1,5.0,5.8,23.26,90.67,7,1,Pre-Monsoon,Extreme,11.6,74119.0
Comilla,1981,4,32.8,21.7,470.0,81.0,1.8,3.8,6.8,23.48,91.19,10,1,Pre-Monsoon,High,11.099999999999998,38070.0
Feni,1981,4,35.4,22.3,432.0,81.0,0.5,4.0,7.451724138,23.01,91.37,8,1,Pre-Monsoon,High,13.099999999999998,34992.0
Madaripur,1981,4,35.0,21.9,340.0,72.0,0.8,4.9,7.161538462,23.17,90.18,5,1,Pre-Monsoon,High,13.1,24480.0
Sandwip,1981,4,32.0,23.1,474.0,87.0,1.4,4.0,8.051851852,22.5,91.46,6,1,Pre-Monsoon,High,8.899999999999999,41238.0
Barisal,1981,5,33.9,24.1,280.0,84.0,1.1,5.2,6.6,22.7,90.36,4,1,Pre-Monsoon,High,9.799999999999995,23520.0
Chandpur,1981,5,33.5,23.9,599.0,83.0,0.7,5.6,5.5,23.26,90.67,7,1,Pre-Monsoon,Extreme,9.6,49717.0
Comilla,1981,5,32.8,23.3,383.0,81.0,1.3,4.4,6.9,23.48,91.19,10,1,Pre-Monsoon,High,9.499999999999996,31023.0
Dinajpur,1981,5,36.0,23.6,595.0,72.0,2.4,4.9,6.848,25.63,88.66,37,1,Pre-Monsoon,Extreme,12.4,42840.0
Feni,1981,5,34.2,24.6,580.0,81.0,0.5,4.7,6.375862069,23.01,91.37,8,1,Pre-Monsoon,Extreme,9.6,46980.0
Maijdee Court,1981,5,35.0,24.6,488.0,82.0,1.2,4.5,6.513793103,22.83,91.08,6,1,Pre-Monsoon,High,10.4,40016.0
Rangpur,1981,5,33.5,22.4,432.0,80.0,0.9,4.3,8.1,25.72,89.26,34,1,Pre-Monsoon,High,11.1,34560.0
Sylhet,1981,5,34.4,22.4,1000.0,82.0,1.1,5.6,6.3,24.88,91.93,35,1,Pre-Monsoon,Extreme,12.0,82000.0
Barisal,1981,6,35.0,25.8,433.0,85.0,1.1,5.6,4.3,22.7,90.36,4,1,Monsoon,High,9.2,36805.0
Bhola,1981,6,34.4,25.9,553.0,86.0,1.1,5.4,4.4,22.7,90.66,5,1,Monsoon,Extreme,8.5,47558.0
Chandpur,1981,6,36.0,26.0,403.0,85.0,0.9,6.0,3.1,23.26,90.67,7,1,Monsoon,High,10.0,34255.0
Chittagong (IAP-Patenga),1981,6,33.4,24.6,362.0,84.0,5.1,6.3,5.0,22.34,91.79,6,1,Monsoon,High,8.799999999999997,30408.0
Cox's Bazar,1981,6,33.0,24.4,705.0,90.0,1.6,6.3,1.5,21.46,91.98,4,1,Monsoon,Extreme,8.600000000000001,63450.0
Feni,1981,6,34.6,25.2,463.0,85.0,2.1,5.4,4.289655172,23.01,91.37,8,1,Monsoon,High,9.400000000000002,39355.0
Hatiya,1981,6,31.9,25.7,566.0,87.0,3.1,5.9,3.803448276,22.29,91.13,4,1,Monsoon,Extreme,6.199999999999999,49242.0
Khepupara,1981,6,36.0,24.0,490.0,84.0,1.7,6.3,3.807692308,21.98,90.22,3,1,Monsoon,High,12.0,41160.0
Kutubdia,1981,6,33.95862069,25.69655172,579.0,86.0,2.9,5.95862069,4.486666667,21.83,91.84,6,1,Monsoon,Extreme,8.262068969999998,49794.0
Maijdee Court,1981,6,32.0,25.4,529.0,86.0,1.8,1.0,3.872413793,22.83,91.08,6,1,Monsoon,Extreme,6.600000000000001,45494.0
Sitakunda,1981,6,33.5,24.7,534.0,81.0,1.6,5.5,3.6,22.64,91.64,4,1,Monsoon,Extreme,8.8,43254.0
Teknaf,1981,6,32.2,24.2,1127.0,85.0,1.5,6.6,4.8,20.87,92.26,4,1,Monsoon,Extreme,8.000000000000004,95795.0
Barisal,1981,7,32.1,25.3,521.0,91.0,1.0,6.3,2.5,22.7,90.36,4,1,Monsoon,Extreme,6.800000000000001,47411.0
Bhola,1981,7,32.2,25.6,568.0,90.0,1.1,6.7,2.5,22.7,90.66,5,1,Monsoon,Extreme,6.600000000000001,51120.0
Bogra,1981,7,33.9,26.0,379.0,87.0,1.4,6.4,3.6,24.88,89.36,20,1,Monsoon,High,7.899999999999999,32973.0
Chandpur,1981,7,32.4,25.7,436.0,89.0,1.2,6.7,3.0,23.26,90.67,7,1,Monsoon,High,6.699999999999999,38804.0
Chittagong (IAP-Patenga),1981,7,33.0,24.7,821.0,88.0,6.0,6.7,3.2,22.34,91.79,6,1,Monsoon,Extreme,8.3,72248.0
Comilla,1981,7,32.8,25.0,511.0,87.0,2.1,6.0,4.4,23.48,91.19,10,1,Monsoon,Extreme,7.799999999999997,44457.0
Cox's Bazar,1981,7,32.0,24.6,839.0,93.0,1.6,7.0,2.1,21.46,91.98,4,1,Monsoon,Extreme,7.399999999999999,78027.0
Dinajpur,1981,7,32.5,26.1,715.0,85.0,3.0,7.0,4.288,25.63,88.66,37,1,Monsoon,Extreme,6.399999999999999,60775.0
Faridpur,1981,7,32.8,26.1,427.0,89.0,1.6,5.6,4.431034483,23.61,89.84,9,1,Monsoon,High,6.699999999999996,38003.0
Feni,1981,7,33.1,24.6,1091.0,90.0,2.5,6.4,4.106896552,23.01,91.37,8,1,Monsoon,Extreme,8.5,98190.0
Hatiya,1981,7,30.6,25.4,686.0,89.0,2.9,6.3,3.968965517,22.29,91.13,4,1,Monsoon,Extreme,5.200000000000003,61054.0
Ishurdi,1981,7,34.0,25.8,478.0,86.0,2.3,6.6,4.320689655,24.12,89.04,14,1,Monsoon,High,8.2,41108.0
Jessore,1981,7,35.0,25.8,377.0,89.0,2.6,6.7,2.8,23.17,89.22,7,1,Monsoon,High,9.2,33553.0
Khepupara,1981,7,31.6,25.4,505.0,89.0,1.5,6.8,3.580769231,21.98,90.22,3,1,Monsoon,Extreme,6.200000000000003,44945.0
Khulna,1981,7,33.3,26.0,425.0,90.0,2.5,6.1,3.89,22.8,89.58,4,1,Monsoon,High,7.299999999999997,38250.0
Kutubdia,1981,7,32.89310345,25.48965517,697.0,89.0,2.9,6.434482759,4.016666667,21.83,91.84,6,1,Monsoon,Extreme,7.403448279999999,62033.0
Madaripur,1981,7,33.5,25.1,434.0,86.0,0.6,6.2,3.661538462,23.17,90.18,5,1,Monsoon,High,8.399999999999999,37324.0
Maijdee Court,1981,7,31.1,25.6,1043.0,89.0,1.5,6.4,3.575862069,22.83,91.08,6,1,Monsoon,Extreme,5.5,92827.0
Mymensingh,1981,7,33.8,26.0,683.0,84.0,2.6,7.0,3.4,24.75,90.41,19,1,Monsoon,Extreme,7.799999999999997,57372.0
Patuakhali,1981,7,31.9,25.1,546.0,90.0,3.1,6.7,3.075862069,22.36,90.34,3,1,Monsoon,Extreme,6.799999999999997,49140.0
Rajshahi,1981,7,36.2,26.4,574.0,89.0,1.7,6.2,4.3,24.35,88.56,20,1,Monsoon,Extreme,9.800000000000004,51086.0
Rangpur,1981,7,34.0,26.3,459.0,86.0,1.4,5.9,4.2,25.72,89.26,34,1,Monsoon,High,7.699999999999999,39474.0
Sandwip,1981,7,31.5,25.3,917.0,93.0,2.8,6.1,4.022222222,22.5,91.46,6,1,Monsoon,Extreme,6.199999999999999,85281.0
Satkhira,1981,7,33.0,26.2,570.0,87.0,2.1,6.7,3.93,22.68,89.07,6,1,Monsoon,Extreme,6.800000000000001,49590.0
Sylhet,1981,7,34.4,24.8,1113.0,89.0,1.0,7.1,3.7,24.88,91.93,35,1,Monsoon,Extreme,9.599999999999998,99057.0
Teknaf,1981,7,30.9,24.4,1204.0,89.0,2.5,7.2,2.3,20.87,92.26,4,1,Monsoon,Extreme,6.5,107156.0
Cox's Bazar,1981,8,32.0,25.0,445.0,88.0,1.6,6.3,4.5,21.46,91.98,4,1,Monsoon,High,7.0,39160.0
Dinajpur,1981,8,33.0,26.2,289.0,84.0,1.5,6.9,5.208,25.63,88.66,37,1,Monsoon,High,6.800000000000001,24276.0
Faridpur,1981,8,34.4,26.8,740.0,85.0,1.2,4.5,4.95862069,23.61,89.84,9,1,Monsoon,Extreme,7.599999999999998,62900.0
Feni,1981,8,33.2,25.3,371.0,86.0,2.5,5.6,4.782758621,23.01,91.37,8,1,Monsoon,High,7.900000000000002,31906.0
Hatiya,1981,8,31.1,25.5,570.0,88.0,2.4,6.0,4.424137931,22.29,91.13,4,1,Monsoon,Extreme,5.600000000000001,50160.0
Khepupara,1981,8,33.0,26.0,423.0,86.0,1.7,5.9,4.111538462,21.98,90.22,3,1,Monsoon,High,7.0,36378.0
Kutubdia,1981,8,33.14137931,25.58965517,460.0,87.0,2.5,6.196551724,4.66,21.83,91.84,6,1,Monsoon,High,7.551724139999997,40020.0
Maijdee Court,1981,8,32.2,25.5,717.0,85.0,1.5,5.4,4.64137931,22.83,91.08,6,1,Monsoon,Extreme,6.700000000000003,60945.0
Rajshahi,1981,8,34.1,25.9,340.0,85.0,2.1,5.4,6.8,24.35,88.56,20,1,Monsoon,High,8.200000000000003,28900.0
Rangamati,1981,8,33.2,25.5,447.0,85.0,2.1,6.0,4.744444444,22.67,92.2,63,1,Monsoon,High,7.700000000000003,37995.0
Sandwip,1981,8,33.0,26.0,662.0,88.0,2.2,5.3,4.962962963,22.5,91.46,6,1,Monsoon,Extreme,7.0,58256.0
Sitakunda,1981,8,32.5,25.5,444.0,81.0,1.7,5.0,4.7,22.64,91.64,4,1,Monsoon,High,7.0,35964.0
Sylhet,1981,8,35.8,25.3,747.0,87.0,1.0,6.6,5.5,24.88,91.93,35,1,Monsoon,Extreme,10.499999999999996,64989.0
Teknaf,1981,8,31.4,25.1,845.0,86.0,2.6,6.5,4.6,20.87,92.26,4,1,Monsoon,Extreme,6.299999999999997,72670.0
Dinajpur,1981,9,33.0,25.3,214.0,84.0,0.5,6.0,5.184,25.63,88.66,37,1,Monsoon,High,7.699999999999999,17976.0
Hatiya,1981,9,30.2,25.4,404.0,86.0,1.8,5.2,4.965517241,22.29,91.13,4,1,Monsoon,High,4.800000000000001,34744.0
Ishurdi,1981,9,34.0,25.8,423.0,84.0,1.4,5.4,5.220689655,24.12,89.04,14,1,Monsoon,High,8.2,35532.0
Rajshahi,1981,9,33.7,26.2,398.0,84.0,1.6,5.2,5.8,24.35,88.56,20,1,Monsoon,High,7.5000000000000036,33432.0
Sandwip,1981,9,35.6,25.5,537.0,87.0,1.3,4.9,5.325925926,22.5,91.46,6,1,Monsoon,Extreme,10.1,46719.0
Sylhet,1981,9,35.5,24.7,464.0,85.0,0.8,5.9,5.4,24.88,91.93,35,1,Monsoon,High,10.8,39440.0
Teknaf,1981,9,34.0,24.8,473.0,81.0,0.9,5.2,7.1,20.87,92.26,4,1,Monsoon,High,9.2,38313.0
Dhaka,1981,10,33.4,23.5,82.0,70.0,0.4,2.1,8.6,23.78,90.39,9,0,Post-Monsoon,Moderate,9.9,5740.0
Dhaka,1981,11,33.1,18.1,9.0,67.0,0.4,1.4,8.6,23.78,90.39,9,0,Post-Monsoon,Low,15.0,603.0
Dhaka,1981,12,29.0,13.6,35.0,71.0,0.3,2.0,7.1,23.78,90.39,9,0,Winter,Low,15.4,2485.0
Dhaka,1982,1,30.1,12.3,0.0,68.0,0.3,0.2,7.6,23.78,90.39,9,0,Winter,Low,17.8,0.0
Dhaka,1982,2,30.3,15.0,15.0,63.0,0.6,2.0,7.0,23.78,90.39,9,0,Winter,Low,15.3,945.0
Feni,1982,4,34.2,22.9,413.0,80.0,2.4,5.3,7.451724138,23.01,91.37,8,1,Pre-Monsoon,High,11.300000000000004,33040.0
Sylhet,1982,4,35.0,20.5,732.0,80.0,1.8,5.6,6.4,24.88,91.93,35,1,Pre-Monsoon,Extreme,14.5,58560.0
Sylhet,1982,5,36.7,23.1,509.0,79.0,1.1,3.9,8.2,24.88,91.93,35,1,Pre-Monsoon,Extreme,13.6,40211.0
Barisal,1982,6,37.8,25.6,465.0,87.0,1.1,5.9,3.9,22.7,90.36,4,1,Monsoon,High,12.199999999999996,40455.0
Chandpur,1982,6,35.6,25.4,663.0,88.0,1.0,6.3,2.1,23.26,90.67,7,1,Monsoon,Extreme,10.200000000000005,58344.0
Chittagong (IAP-Patenga),1982,6,36.0,24.6,746.0,86.0,4.9,6.4,1.9,22.34,91.79,6,1,Monsoon,Extreme,11.4,64156.0
Comilla,1982,6,35.0,25.3,593.0,87.0,1.5,5.6,4.4,23.48,91.19,10,1,Monsoon,Extreme,9.7,51591.0
Cox's Bazar,1982,6,35.2,24.9,1199.0,89.0,2.3,6.5,3.1,21.46,91.98,4,1,Monsoon,Extreme,10.300000000000004,106711.0
Dinajpur,1982,6,34.9,24.9,264.0,81.0,0.8,6.1,5.228,25.63,88.66,37,1,Monsoon,High,10.0,21384.0
Feni,1982,6,35.1,25.2,763.0,87.0,2.1,6.9,4.289655172,23.01,91.37,8,1,Monsoon,Extreme,9.900000000000002,66381.0
Hatiya,1982,6,35.1,25.5,581.0,88.0,1.9,6.0,3.803448276,22.29,91.13,4,1,Monsoon,Extreme,9.6,51128.0
Khepupara,1982,6,34.6,25.2,684.0,85.0,3.5,6.4,3.807692308,21.98,90.22,3,1,Monsoon,Extreme,9.400000000000002,58140.0
Kutubdia,1982,6,33.95862069,25.69655172,579.0,86.0,2.9,5.95862069,4.486666667,21.83,91.84,6,1,Monsoon,Extreme,8.262068969999998,49794.0
Madaripur,1982,6,36.5,25.3,457.0,85.0,0.7,6.6,3.838461538,23.17,90.18,5,1,Monsoon,High,11.2,38845.0
Maijdee Court,1982,6,35.0,24.4,797.0,86.0,1.2,6.2,3.872413793,22.83,91.08,6,1,Monsoon,Extreme,10.6,68542.0
Mymensingh,1982,6,36.0,25.6,689.0,84.0,2.1,6.9,4.1,24.75,90.41,19,1,Monsoon,Extreme,10.4,57876.0
Patuakhali,1982,6,35.2,25.9,443.0,86.0,2.6,6.3,3.14137931,22.36,90.34,3,1,Monsoon,High,9.300000000000004,38098.0
Rajshahi,1982,6,37.5,25.6,260.0,83.0,2.1,5.3,4.7,24.35,88.56,20,1,Monsoon,High,11.9,21580.0
Rangamati,1982,6,36.5,25.1,439.0,86.0,2.4,6.5,4.381481481,22.67,92.2,63,1,Monsoon,High,11.4,37754.0
Rangpur,1982,6,33.8,25.4,649.0,84.0,1.4,6.2,4.0,25.72,89.26,34,1,Monsoon,Extreme,8.399999999999999,54516.0
Sandwip,1982,6,35.0,25.3,946.0,90.0,2.3,6.2,4.666666667,22.5,91.46,6,1,Monsoon,Extreme,9.7,85140.0
Sitakunda,1982,6,35.5,25.6,486.0,86.0,1.5,5.4,2.1,22.64,91.64,4,1,Monsoon,High,9.9,41796.0
Sylhet,1982,6,35.4,24.8,870.0,88.0,1.1,6.8,3.5,24.88,91.93,35,1,Monsoon,Extreme,10.599999999999998,76560.0
Teknaf,1982,6,36.0,24.8,1353.0,84.0,1.4,6.5,2.8,20.87,92.26,4,1,Monsoon,Extreme,11.2,113652.0
Bogra,1982,7,36.0,26.3,360.0,86.0,1.4,5.6,3.6,24.88,89.36,20,1,Monsoon,High,9.7,30960.0
Chandpur,1982,7,33.7,26.2,815.0,86.0,1.2,6.2,3.6,23.26,90.67,7,1,Monsoon,Extreme,7.5000000000000036,70090.0
Chittagong (IAP-Patenga),1982,7,33.2,25.4,472.0,85.0,5.0,5.9,4.0,22.34,91.79,6,1,Monsoon,High,7.800000000000004,40120.0
Cox's Bazar,1982,7,33.5,25.3,866.0,89.0,2.2,6.5,5.5,21.46,91.98,4,1,Monsoon,Extreme,8.2,77074.0
Dinajpur,1982,7,34.9,25.6,260.0,84.0,0.7,6.4,4.288,25.63,88.66,37,1,Monsoon,High,9.299999999999995,21840.0
Feni,1982,7,33.8,25.7,687.0,88.0,2.3,6.8,4.106896552,23.01,91.37,8,1,Monsoon,Extreme,8.099999999999998,60456.0
Hatiya,1982,7,32.1,25.9,604.0,88.0,2.0,5.3,3.968965517,22.29,91.13,4,1,Monsoon,Extreme,6.200000000000003,53152.0
Khepupara,1982,7,33.5,26.6,486.0,84.0,3.4,6.2,3.580769231,21.98,90.22,3,1,Monsoon,High,6.899999999999999,40824.0
Kutubdia,1982,7,32.89310345,25.48965517,697.0,89.0,2.9,6.434482759,4.016666667,21.83,91.84,6,1,Monsoon,Extreme,7.403448279999999,62033.0
Maijdee Court,1982,7,33.3,25.2,852.0,85.0,1.5,6.5,3.575862069,22.83,91.08,6,1,Monsoon,Extreme,8.099999999999998,72420.0
Mymensingh,1982,7,34.5,26.0,582.0,84.0,2.2,6.9,3.5,24.75,90.41,19,1,Monsoon,Extreme,8.5,48888.0
Patuakhali,1982,7,34.7,26.5,455.0,84.0,2.9,6.2,3.075862069,22.36,90.34,3,1,Monsoon,High,8.200000000000003,38220.0
Rangpur,1982,7,38.0,26.2,473.0,84.0,1.4,6.2,4.4,25.72,89.26,34,1,Monsoon,High,11.8,39732.0
Sandwip,1982,7,32.0,26.0,478.0,88.0,3.2,5.5,4.022222222,22.5,91.46,6,1,Monsoon,High,6.0,42064.0
Sitakunda,1982,7,32.0,25.3,524.0,87.0,1.6,6.0,3.2,22.64,91.64,4,1,Monsoon,Extreme,6.699999999999999,45588.0
Sylhet,1982,7,34.4,24.9,807.0,88.0,1.1,6.9,3.5,24.88,91.93,35,1,Monsoon,Extreme,9.5,71016.0
Teknaf,1982,7,32.4,25.2,1216.0,86.0,1.4,6.2,4.3,20.87,92.26,4,1,Monsoon,Extreme,7.199999999999999,104576.0
Barisal,1982,8,32.1,25.3,593.0,89.0,1.7,6.3,4.3,22.7,90.36,4,1,Monsoon,Extreme,6.800000000000001,52777.0
Bhola,1982,8,31.4,25.9,579.0,89.0,1.1,6.3,4.1,22.7,90.66,5,1,Monsoon,Extreme,5.5,51531.0
Chandpur,1982,8,33.4,26.0,839.0,88.0,1.4,6.4,3.0,23.26,90.67,7,1,Monsoon,Extreme,7.399999999999999,73832.0
Chittagong (IAP-Patenga),1982,8,34.0,25.0,883.0,88.0,5.3,6.2,4.1,22.34,91.79,6,1,Monsoon,Extreme,9.0,77704.0
Comilla,1982,8,33.5,25.3,519.0,86.0,2.2,5.6,5.0,23.48,91.19,10,1,Monsoon,Extreme,8.2,44634.0
Cox's Bazar,1982,8,32.2,24.6,850.0,90.0,2.0,6.6,4.3,21.46,91.98,4,1,Monsoon,Extreme,7.600000000000001,76500.0
Dinajpur,1982,8,33.8,25.7,361.0,82.0,1.4,6.3,5.208,25.63,88.66,37,1,Monsoon,High,8.099999999999998,29602.0
Feni,1982,8,33.6,25.4,894.0,88.0,2.6,6.8,4.782758621,23.01,91.37,8,1,Monsoon,Extreme,8.200000000000003,78672.0
Hatiya,1982,8,31.0,25.3,754.0,90.0,3.0,6.4,4.424137931,22.29,91.13,4,1,Monsoon,Extreme,5.699999999999999,67860.0
Khepupara,1982,8,31.0,25.5,961.0,89.0,3.1,6.4,4.111538462,21.98,90.22,3,1,Monsoon,Extreme,5.5,85529.0
Kutubdia,1982,8,33.14137931,25.58965517,460.0,87.0,2.5,6.196551724,4.66,21.83,91.84,6,1,Monsoon,High,7.551724139999997,40020.0
Maijdee Court,1982,8,32.2,24.2,1033.0,87.0,2.8,6.2,4.64137931,22.83,91.08,6,1,Monsoon,Extreme,8.000000000000004,89871.0
Patuakhali,1982,8,31.1,26.0,593.0,87.0,3.3,6.4,3.672413793,22.36,90.34,3,1,Monsoon,Extreme,5.100000000000001,51591.0
Rajshahi,1982,8,33.8,25.9,217.0,87.0,2.5,5.8,4.6,24.35,88.56,20,1,Monsoon,High,7.899999999999999,18879.0
Rangamati,1982,8,32.5,25.4,421.0,87.0,2.3,6.2,4.744444444,22.67,92.2,63,1,Monsoon,High,7.100000000000001,36627.0
Sandwip,1982,8,32.5,25.1,1155.0,89.0,2.8,6.1,4.962962963,22.5,91.46,6,1,Monsoon,Extreme,7.399999999999999,102795.0
Satkhira,1982,8,39.4,25.8,387.0,86.0,2.7,6.4,4.373333333,22.68,89.07,6,1,Monsoon,High,13.599999999999998,33282.0
Sitakunda,1982,8,32.5,24.7,686.0,88.0,1.5,5.6,3.9,22.64,91.64,4,1,Monsoon,Extreme,7.800000000000001,60368.0
Sylhet,1982,8,34.9,25.4,661.0,85.0,1.3,6.5,6.2,24.88,91.93,35,1,Monsoon,Extreme,9.5,56185.0
Teknaf,1982,8,36.0,24.5,932.0,89.0,1.5,6.8,3.3,20.87,92.26,4,1,Monsoon,Extreme,11.5,82948.0
Chittagong (IAP-Patenga),1982,9,34.0,25.3,387.0,82.0,3.1,5.3,6.0,22.34,91.79,6,1,Monsoon,High,8.7,31734.0
Cox's Bazar,1982,9,32.6,24.6,483.0,86.0,1.3,5.1,7.3,21.46,91.98,4,1,Monsoon,High,8.0,41538.0
Dinajpur,1982,9,35.5,25.1,164.0,80.0,0.5,4.6,5.184,25.63,88.66,37,1,Monsoon,Moderate,10.4,13120.0
Feni,1982,9,34.2,25.3,406.0,87.0,1.3,5.8,5.2,23.01,91.37,8,1,Monsoon,High,8.900000000000002,35322.0
Madaripur,1982,9,35.0,25.2,495.0,83.0,0.7,4.8,4.357692308,23.17,90.18,5,1,Monsoon,High,9.8,41085.0
Maijdee Court,1982,9,32.0,25.4,435.0,82.0,1.6,5.0,4.951724138,22.83,91.08,6,1,Monsoon,High,6.600000000000001,35670.0
Patuakhali,1982,9,33.7,26.1,472.0,81.0,2.2,4.8,4.051724138,22.36,90.34,3,1,Monsoon,High,7.600000000000001,38232.0
Rangpur,1982,9,35.7,25.8,455.0,85.0,0.7,4.8,5.9,25.72,89.26,34,1,Monsoon,High,9.900000000000002,38675.0
Sylhet,1982,9,35.8,24.5,513.0,88.0,0.9,5.9,3.9,24.88,91.93,35,1,Monsoon,Extreme,11.299999999999995,45144.0
Teknaf,1982,9,32.0,24.5,475.0,84.0,0.7,5.1,6.4,20.87,92.26,4,1,Monsoon,High,7.5,39900.0
Dhaka,1982,10,34.4,23.3,146.0,78.0,0.3,2.3,8.1,23.78,90.39,9,0,Post-Monsoon,Moderate,11.099999999999998,11388.0
Dhaka,1982,11,32.1,17.9,51.0,75.0,0.2,1.6,7.8,23.78,90.39,9,0,Post-Monsoon,Moderate,14.200000000000005,3825.0
Dhaka,1982,12,27.2,13.7,0.0,73.0,0.2,0.7,7.5,23.78,90.39,9,0,Winter,Low,13.5,0.0
Dhaka,1983,1,28.1,12.4,14.0,73.0,0.5,1.7,7.2,23.78,90.39,9,0,Winter,Low,15.7,1022.0
Dhaka,1983,2,31.7,14.4,61.0,63.0,0.6,2.1,8.0,23.78,90.39,9,0,Winter,Moderate,17.299999999999997,3843.0
Chandpur,1983,4,36.0,23.0,440.0,78.0,1.1,3.0,7.2,23.26,90.67,7,1,Pre-Monsoon,High,13.0,34320.0
Barisal,1983,5,35.9,24.2,318.0,81.0,1.5,4.3,8.4,22.7,90.36,4,1,Pre-Monsoon,High,11.7,25758.0
Bogra,1983,5,36.3,23.4,355.0,80.0,1.3,3.6,7.2,24.88,89.36,20,1,Pre-Monsoon,High,12.9,28400.0
Chandpur,1983,5,35.6,24.2,751.0,82.0,0.5,3.7,6.6,23.26,90.67,7,1,Pre-Monsoon,Extreme,11.400000000000002,61582.0
Dinajpur,1983,5,37.5,22.4,311.0,74.0,0.7,4.3,6.848,25.63,88.66,37,1,Pre-Monsoon,High,15.1,23014.0
Feni,1983,5,35.4,23.8,590.0,84.0,1.9,5.0,6.375862069,23.01,91.37,8,1,Pre-Monsoon,Extreme,11.599999999999998,49560.0
Khulna,1983,5,36.6,24.2,358.0,81.0,3.5,4.2,7.506666667,22.8,89.58,4,1,Pre-Monsoon,High,12.400000000000002,28998.0
Madaripur,1983,5,37.2,22.6,387.0,77.0,0.4,2.5,5.953846154,23.17,90.18,5,1,Pre-Monsoon,High,14.6,29799.0
Maijdee Court,1983,5,35.6,24.2,444.0,80.0,0.8,4.2,6.513793103,22.83,91.08,6,1,Pre-Monsoon,High,11.400000000000002,35520.0
Mymensingh,1983,5,36.7,23.3,512.0,79.0,1.7,4.8,6.2,24.75,90.41,19,1,Pre-Monsoon,Extreme,13.400000000000002,40448.0
Patuakhali,1983,5,35.6,24.8,500.0,79.0,2.8,4.7,5.982758621,22.36,90.34,3,1,Pre-Monsoon,High,10.8,39500.0
Rangamati,1983,5,35.5,24.2,430.0,77.0,1.2,4.5,6.322222222,22.67,92.2,63,1,Pre-Monsoon,High,11.3,33110.0
Srimangal,1983,5,36.0,21.9,605.0,79.0,0.8,2.0,6.178571429,24.29,91.73,23,1,Pre-Monsoon,Extreme,14.1,47795.0
Sylhet,1983,5,34.8,22.6,580.0,82.0,1.0,5.0,6.1,24.88,91.93,35,1,Pre-Monsoon,Extreme,12.199999999999996,47560.0
Barisal,1983,6,34.8,25.8,292.0,86.0,1.3,5.6,5.1,22.7,90.36,4,1,Monsoon,High,8.999999999999996,25112.0
Bhola,1983,6,35.4,26.0,574.0,89.0,1.0,5.8,4.3,22.7,90.66,5,1,Monsoon,Extreme,9.4,51086.0
Chittagong (IAP-Patenga),1983,6,35.0,25.0,621.0,81.0,5.2,6.1,4.2,22.34,91.79,6,1,Monsoon,Extreme,10.0,50301.0
Cox's Bazar,1983,6,33.5,25.3,721.0,89.0,2.2,6.4,4.1,21.46,91.98,4,1,Monsoon,Extreme,8.2,64169.0
Dinajpur,1983,6,36.7,25.2,157.0,76.0,0.8,4.4,5.228,25.63,88.66,37,1,Monsoon,Moderate,11.500000000000004,11932.0
Hatiya,1983,6,34.0,25.4,504.0,85.0,3.2,5.6,3.803448276,22.29,91.13,4,1,Monsoon,Extreme,8.600000000000001,42840.0
Khepupara,1983,6,34.0,26.4,474.0,85.0,2.5,6.3,3.807692308,21.98,90.22,3,1,Monsoon,High,7.600000000000001,40290.0
Kutubdia,1983,6,33.95862069,25.69655172,579.0,86.0,2.9,5.95862069,4.486666667,21.83,91.84,6,1,Monsoon,Extreme,8.262068969999998,49794.0
Maijdee Court,1983,6,35.0,26.1,407.0,82.0,1.8,5.2,3.872413793,22.83,91.08,6,1,Monsoon,High,8.899999999999999,33374.0
Patuakhali,1983,6,34.5,26.1,662.0,85.0,2.9,5.9,3.14137931,22.36,90.34,3,1,Monsoon,Extreme,8.399999999999999,56270.0
Sylhet,1983,6,34.5,24.5,667.0,86.0,0.8,6.2,4.7,24.88,91.93,35,1,Monsoon,Extreme,10.0,57362.0
Teknaf,1983,6,32.3,25.1,730.0,87.0,0.8,6.6,3.4,20.87,92.26,4,1,Monsoon,Extreme,7.199999999999996,63510.0
Barisal,1983,7,34.2,26.0,399.0,86.0,1.3,6.1,3.7,22.7,90.36,4,1,Monsoon,High,8.200000000000003,34314.0
Bhola,1983,7,34.4,26.5,521.0,90.0,0.7,5.6,3.6,22.7,90.66,5,1,Monsoon,Extreme,7.899999999999999,46890.0
Chittagong (IAP-Patenga),1983,7,34.0,25.1,618.0,83.0,4.2,6.4,4.4,22.34,91.79,6,1,Monsoon,Extreme,8.899999999999999,51294.0
Comilla,1983,7,35.0,26.0,396.0,85.0,1.6,5.7,4.2,23.48,91.19,10,1,Monsoon,High,9.0,33660.0
Cox's Bazar,1983,7,33.2,25.3,1027.0,89.0,2.0,6.5,2.3,21.46,91.98,4,1,Monsoon,Extreme,7.900000000000002,91403.0
Dinajpur,1983,7,35.5,25.4,700.0,84.0,0.7,6.0,4.288,25.63,88.66,37,1,Monsoon,Extreme,10.1,58800.0
Feni,1983,7,33.1,25.0,766.0,88.0,1.8,6.6,4.106896552,23.01,91.37,8,1,Monsoon,Extreme,8.100000000000001,67408.0
Hatiya,1983,7,30.4,25.4,686.0,89.0,2.9,6.3,3.968965517,22.29,91.13,4,1,Monsoon,Extreme,5.0,61054.0
Khepupara,1983,7,31.3,25.6,580.0,88.0,3.1,6.5,3.580769231,21.98,90.22,3,1,Monsoon,Extreme,5.699999999999999,51040.0
Khulna,1983,7,32.0,26.0,362.0,89.0,1.6,5.8,3.89,22.8,89.58,4,1,Monsoon,High,6.0,32218.0
Kutubdia,1983,7,32.89310345,25.48965517,697.0,89.0,2.9,6.434482759,4.016666667,21.83,91.84,6,1,Monsoon,Extreme,7.403448279999999,62033.0
Maijdee Court,1983,7,34.5,25.7,1512.0,84.0,1.4,6.0,3.575862069,22.83,91.08,6,1,Monsoon,Extreme,8.8,127008.0
Patuakhali,1983,7,34.4,25.8,549.0,88.0,2.6,6.2,3.075862069,22.36,90.34,3,1,Monsoon,Extreme,8.599999999999998,48312.0
Rajshahi,1983,7,36.2,26.5,366.0,84.0,4.7,4.9,5.3,24.35,88.56,20,1,Monsoon,High,9.700000000000005,30744.0
Rangamati,1983,7,34.5,25.8,490.0,84.0,1.9,6.1,3.748148148,22.67,92.2,63,1,Monsoon,High,8.7,41160.0
Rangpur,1983,7,34.7,26.2,636.0,85.0,0.9,5.9,4.8,25.72,89.26,34,1,Monsoon,Extreme,8.500000000000004,54060.0
Sandwip,1983,7,33.0,25.3,1077.0,90.0,1.8,5.9,4.022222222,22.5,91.46,6,1,Monsoon,Extreme,7.699999999999999,96930.0
Sitakunda,1983,7,32.5,25.3,552.0,85.0,1.7,4.6,3.9,22.64,91.64,4,1,Monsoon,Extreme,7.199999999999999,46920.0
Sylhet,1983,7,34.4,25.6,952.0,88.0,0.8,6.7,4.1,24.88,91.93,35,1,Monsoon,Extreme,8.799999999999997,83776.0
Teknaf,1983,7,30.4,25.1,1014.0,87.0,1.5,6.3,3.7,20.87,92.26,4,1,Monsoon,Extreme,5.299999999999997,88218.0
Barisal,1983,8,33.5,25.9,575.0,89.0,1.3,6.2,3.7,22.7,90.36,4,1,Monsoon,Extreme,7.600000000000001,51175.0
Bhola,1983,8,34.0,25.9,501.0,87.0,1.0,5.8,4.3,22.7,90.66,5,1,Monsoon,Extreme,8.100000000000001,43587.0
Chandpur,1983,8,34.4,26.1,748.0,88.0,0.7,5.7,3.7,23.26,90.67,7,1,Monsoon,Extreme,8.299999999999997,65824.0
Chittagong (IAP-Patenga),1983,8,33.0,24.8,1057.0,84.0,4.7,6.5,3.3,22.34,91.79,6,1,Monsoon,Extreme,8.2,88788.0
Comilla,1983,8,34.2,25.2,518.0,85.0,1.8,5.6,5.1,23.48,91.19,10,1,Monsoon,Extreme,9.000000000000004,44030.0
Cox's Bazar,1983,8,33.3,25.1,888.0,88.0,1.9,6.6,5.1,21.46,91.98,4,1,Monsoon,Extreme,8.199999999999996,78144.0
Dinajpur,1983,8,35.5,25.7,363.0,81.0,1.1,5.2,5.208,25.63,88.66,37,1,Monsoon,High,9.8,29403.0
Faridpur,1983,8,34.7,26.7,550.0,87.0,1.1,5.1,4.95862069,23.61,89.84,9,1,Monsoon,Extreme,8.000000000000004,47850.0
Hatiya,1983,8,33.4,25.7,844.0,87.0,3.4,6.1,4.424137931,22.29,91.13,4,1,Monsoon,Extreme,7.699999999999999,73428.0
Jessore,1983,8,34.0,25.8,465.0,88.0,3.6,6.1,4.5,23.17,89.22,7,1,Monsoon,High,8.2,40920.0
Khepupara,1983,8,32.3,25.4,399.0,88.0,2.6,6.1,4.111538462,21.98,90.22,3,1,Monsoon,High,6.899999999999999,35112.0
Khulna,1983,8,32.8,26.3,448.0,89.0,4.4,5.8,4.363333333,22.8,89.58,4,1,Monsoon,High,6.4999999999999964,39872.0
Kutubdia,1983,8,33.14137931,25.58965517,460.0,87.0,2.5,6.196551724,4.66,21.83,91.84,6,1,Monsoon,High,7.551724139999997,40020.0
Madaripur,1983,8,33.5,24.7,378.0,86.0,0.4,5.0,3.942307692,23.17,90.18,5,1,Monsoon,High,8.8,32508.0
Maijdee Court,1983,8,33.7,25.6,1302.0,83.0,1.9,5.5,4.64137931,22.83,91.08,6,1,Monsoon,Extreme,8.100000000000001,108066.0
Mymensingh,1983,8,34.3,25.9,865.0,85.0,2.4,6.3,4.4,24.75,90.41,19,1,Monsoon,Extreme,8.399999999999999,73525.0
Patuakhali,1983,8,32.6,25.5,563.0,85.0,2.8,6.1,3.672413793,22.36,90.34,3,1,Monsoon,Extreme,7.100000000000001,47855.0
Rajshahi,1983,8,34.1,25.9,505.0,87.0,2.6,5.2,6.0,24.35,88.56,20,1,Monsoon,Extreme,8.200000000000003,43935.0
Rangamati,1983,8,34.0,24.8,453.0,83.0,2.2,6.1,4.744444444,22.67,92.2,63,1,Monsoon,High,9.2,37599.0
Sandwip,1983,8,32.5,25.8,844.0,89.0,2.1,5.9,4.962962963,22.5,91.46,6,1,Monsoon,Extreme,6.699999999999999,75116.0
Satkhira,1983,8,32.9,25.7,423.0,87.0,3.4,6.1,4.373333333,22.68,89.07,6,1,Monsoon,High,7.199999999999999,36801.0
Sitakunda,1983,8,32.5,25.1,570.0,84.0,2.3,5.5,3.7,22.64,91.64,4,1,Monsoon,Extreme,7.399999999999999,47880.0
Sylhet,1983,8,35.5,25.1,858.0,87.0,0.8,6.9,4.5,24.88,91.93,35,1,Monsoon,Extreme,10.4,74646.0
Teknaf,1983,8,32.8,24.5,817.0,87.0,1.7,6.0,4.1,20.87,92.26,4,1,Monsoon,Extreme,8.299999999999997,71079.0
Barisal,1983,9,34.3,25.6,312.0,91.0,0.9,5.9,5.5,22.7,90.36,4,1,Monsoon,High,8.699999999999996,28392.0
Chandpur,1983,9,34.1,26.3,332.0,88.0,0.4,4.7,4.4,23.26,90.67,7,1,Monsoon,High,7.800000000000001,29216.0
Comilla,1983,9,34.8,25.7,403.0,85.0,2.0,6.0,5.6,23.48,91.19,10,1,Monsoon,High,9.099999999999998,34255.0
Dinajpur,1983,9,34.0,25.0,320.0,86.0,0.8,5.6,5.184,25.63,88.66,37,1,Monsoon,High,9.0,27520.0
Hatiya,1983,9,33.2,25.4,494.0,86.0,2.1,5.6,4.965517241,22.29,91.13,4,1,Monsoon,High,7.800000000000004,42484.0
Patuakhali,1983,9,33.2,26.3,445.0,84.0,2.8,5.4,4.051724138,22.36,90.34,3,1,Monsoon,High,6.900000000000002,37380.0
Sylhet,1983,9,34.4,24.9,536.0,87.0,0.5,6.7,4.7,24.88,91.93,35,1,Monsoon,Extreme,9.5,46632.0
Teknaf,1983,9,33.5,24.6,532.0,84.0,1.0,4.4,6.0,20.87,92.26,4,1,Monsoon,Extreme,8.899999999999999,44688.0
Bogra,1983,10,34.4,23.5,378.0,84.0,0.8,3.4,6.0,24.88,89.36,20,1,Post-Monsoon,High,10.9,31752.0
Chandpur,1983,10,34.0,24.4,401.0,84.0,0.1,3.6,5.2,23.26,90.67,7,1,Post-Monsoon,High,9.6,33684.0
Chittagong (IAP-Patenga),1983,10,34.5,23.4,390.0,83.0,2.2,4.1,7.0,22.34,91.79,6,1,Post-Monsoon,High,11.1,32370.0
Cox's Bazar,1983,10,33.3,24.3,379.0,84.0,1.4,4.1,7.7,21.46,91.98,4,1,Post-Monsoon,High,8.999999999999996,31836.0
Dhaka,1983,10,33.6,23.8,253.0,84.0,0.6,3.9,6.4,23.78,90.39,9,0,Post-Monsoon,High,9.8,21252.0
Dinajpur,1983,10,35.5,22.2,177.0,79.0,0.8,3.5,6.916,25.63,88.66,37,1,Post-Monsoon,Moderate,13.3,13983.0
Hatiya,1983,10,33.0,24.1,440.0,84.0,1.5,3.6,6.493103448,22.29,91.13,4,1,Post-Monsoon,High,8.899999999999999,36960.0
Mymensingh,1983,10,34.2,23.9,453.0,81.0,1.0,4.1,6.0,24.75,90.41,19,1,Post-Monsoon,High,10.300000000000004,36693.0
Rajshahi,1983,10,33.9,23.7,358.0,83.0,1.2,3.6,6.2,24.35,88.56,20,1,Post-Monsoon,High,10.2,29714.0
Sandwip,1983,10,33.5,24.7,529.0,87.0,0.8,3.6,6.885185185,22.5,91.46,6,1,Post-Monsoon,Extreme,8.8,46023.0
Sitakunda,1983,10,34.0,23.1,672.0,82.0,0.9,3.8,5.3,22.64,91.64,4,1,Post-Monsoon,Extreme,10.9,55104.0
Dhaka,1983,11,32.8,19.4,0.0,70.0,0.5,2.1,8.1,23.78,90.39,9,0,Post-Monsoon,Low,13.4,0.0
Dhaka,1983,12,28.8,14.1,18.0,72.0,0.3,1.5,7.9,23.78,90.39,9,0,Winter,Low,14.7,1296.0
Dhaka,1984,1,27.2,13.1,13.0,69.0,0.3,1.4,7.6,23.78,90.39,9,0,Winter,Low,14.1,897.0
Dhaka,1984,2,33.0,15.0,1.0,61.0,0.5,1.8,7.9,23.78,90.39,9,0,Winter,Low,18.0,61.0
Barisal,1984,5,34.8,25.2,283.0,85.0,2.0,5.9,7.0,22.7,90.36,4,1,Pre-Monsoon,High,9.599999999999998,24055.0
Chandpur,1984,5,36.5,22.5,620.0,82.0,1.5,4.5,4.7,23.26,90.67,7,1,Pre-Monsoon,Extreme,14.0,50840.0
Chittagong (IAP-Patenga),1984,5,34.0,24.1,428.0,82.0,6.2,4.7,7.2,22.34,91.79,6,1,Pre-Monsoon,High,9.9,35096.0
Comilla,1984,5,34.2,24.7,635.0,84.0,4.4,5.3,6.4,23.48,91.19,10,1,Pre-Monsoon,Extreme,9.500000000000004,53340.0
Dinajpur,1984,5,36.7,23.0,311.0,82.0,1.1,5.8,6.848,25.63,88.66,37,1,Pre-Monsoon,High,13.700000000000005,25502.0
Faridpur,1984,5,35.0,24.1,473.0,83.0,1.9,3.9,7.020689655,23.61,89.84,9,1,Pre-Monsoon,High,10.9,39259.0
Feni,1984,5,33.3,24.1,563.0,86.0,2.3,6.3,6.375862069,23.01,91.37,8,1,Pre-Monsoon,Extreme,9.199999999999996,48418.0
Maijdee Court,1984,5,34.0,24.0,657.0,81.0,2.2,5.1,6.513793103,22.83,91.08,6,1,Pre-Monsoon,Extreme,10.0,53217.0
Mymensingh,1984,5,34.0,23.4,476.0,85.0,2.6,6.2,3.9,24.75,90.41,19,1,Pre-Monsoon,High,10.6,40460.0
Rangamati,1984,5,35.0,21.5,625.0,78.0,2.0,4.9,6.322222222,22.67,92.2,63,1,Pre-Monsoon,Extreme,13.5,48750.0
Sitakunda,1984,5,33.5,24.5,485.0,80.0,3.3,5.2,5.3,22.64,91.64,4,1,Pre-Monsoon,High,9.0,38800.0
Srimangal,1984,5,36.0,22.9,734.0,80.0,0.8,0.0,6.178571429,24.29,91.73,23,1,Pre-Monsoon,Extreme,13.1,58720.0
Sylhet,1984,5,34.4,22.2,900.0,86.0,1.3,6.8,3.7,24.88,91.93,35,1,Pre-Monsoon,Extreme,12.2,77400.0
Barisal,1984,6,35.6,25.3,1025.0,90.0,1.3,7.2,3.7,22.7,90.36,4,1,Monsoon,Extreme,10.3,92250.0
Bhola,1984,6,35.6,25.8,904.0,89.0,1.2,6.5,2.4,22.7,90.66,5,1,Monsoon,Extreme,9.8,80456.0
Bogra,1984,6,37.5,25.2,539.0,87.0,1.7,5.4,4.0,24.88,89.36,20,1,Monsoon,Extreme,12.3,46893.0
Chandpur,1984,6,36.2,23.8,1151.0,88.0,1.1,6.0,2.8,23.26,90.67,7,1,Monsoon,Extreme,12.400000000000002,101288.0
Chittagong (IAP-Patenga),1984,6,37.0,24.9,595.0,85.0,6.8,6.9,4.2,22.34,91.79,6,1,Monsoon,Extreme,12.1,50575.0
Comilla,1984,6,36.2,25.2,428.0,84.0,3.4,5.9,4.9,23.48,91.19,10,1,Monsoon,High,11.000000000000004,35952.0
Cox's Bazar,1984,6,32.3,24.9,1275.0,93.0,3.4,6.9,2.0,21.46,91.98,4,1,Monsoon,Extreme,7.399999999999999,118575.0
Dinajpur,1984,6,36.0,25.3,457.0,82.0,1.3,5.5,5.228,25.63,88.66,37,1,Monsoon,High,10.7,37474.0
Faridpur,1984,6,36.5,25.5,822.0,86.0,1.8,5.6,5.0,23.61,89.84,9,1,Monsoon,Extreme,11.0,70692.0
Feni,1984,6,35.1,25.4,436.0,87.0,2.1,6.8,4.289655172,23.01,91.37,8,1,Monsoon,High,9.700000000000005,37932.0
Hatiya,1984,6,34.5,25.7,698.0,86.0,3.2,6.7,3.803448276,22.29,91.13,4,1,Monsoon,Extreme,8.8,60028.0
Ishurdi,1984,6,43.0,25.7,450.0,83.0,2.8,6.2,5.168965517,24.12,89.04,14,1,Monsoon,High,17.3,37350.0
Jessore,1984,6,37.7,25.4,822.0,88.0,4.4,6.7,3.3,23.17,89.22,7,1,Monsoon,Extreme,12.300000000000004,72336.0
Khulna,1984,6,36.7,25.7,783.0,88.0,4.1,7.4,3.4,22.8,89.58,4,1,Monsoon,Extreme,11.000000000000004,68904.0
Kutubdia,1984,6,33.95862069,25.69655172,579.0,86.0,2.9,5.95862069,4.9,21.83,91.84,6,1,Monsoon,Extreme,8.262068969999998,49794.0
Madaripur,1984,6,35.6,26.0,581.0,84.0,0.8,5.9,3.838461538,23.17,90.18,5,1,Monsoon,Extreme,9.6,48804.0
Maijdee Court,1984,6,35.0,25.1,957.0,87.0,2.1,6.2,3.872413793,22.83,91.08,6,1,Monsoon,Extreme,9.9,83259.0
Mymensingh,1984,6,36.0,25.7,512.0,85.0,2.5,6.4,3.5,24.75,90.41,19,1,Monsoon,Extreme,10.3,43520.0
Patuakhali,1984,6,35.6,25.4,669.0,88.0,3.7,6.4,3.14137931,22.36,90.34,3,1,Monsoon,Extreme,10.200000000000005,58872.0
Rajshahi,1984,6,38.1,25.8,325.0,87.0,3.6,5.9,3.9,24.35,88.56,20,1,Monsoon,High,12.3,28275.0
Rangamati,1984,6,35.0,22.3,451.0,84.0,1.5,6.6,4.381481481,22.67,92.2,63,1,Monsoon,High,12.7,37884.0
Rangpur,1984,6,36.0,25.6,989.0,85.0,2.1,5.6,5.5,25.72,89.26,34,1,Monsoon,Extreme,10.4,84065.0
Sandwip,1984,6,32.5,25.0,747.0,90.0,4.5,6.2,4.666666667,22.5,91.46,6,1,Monsoon,Extreme,7.5,67230.0
Satkhira,1984,6,39.0,25.7,656.0,84.0,5.0,6.9,3.5,22.68,89.07,6,1,Monsoon,Extreme,13.3,55104.0
Sitakunda,1984,6,33.5,25.6,548.0,83.0,3.0,6.7,3.1,22.64,91.64,4,1,Monsoon,Extreme,7.899999999999999,45484.0
Sylhet,1984,6,36.7,25.2,596.0,83.0,1.2,6.7,4.3,24.88,91.93,35,1,Monsoon,Extreme,11.500000000000004,49468.0
Teknaf,1984,6,33.3,24.9,1517.0,87.0,1.4,6.8,2.7,20.87,92.26,4,1,Monsoon,Extreme,8.399999999999999,131979.0
Barisal,1984,7,32.8,24.9,448.0,90.0,1.3,6.9,4.2,22.7,90.36,4,1,Monsoon,High,7.899999999999999,40320.0
Bhola,1984,7,33.5,25.6,444.0,88.0,0.8,6.0,3.4,22.7,90.66,5,1,Monsoon,High,7.899999999999999,39072.0
Bogra,1984,7,32.7,25.6,431.0,88.0,1.5,5.7,4.1,24.88,89.36,20,1,Monsoon,High,7.100000000000001,37928.0
Chandpur,1984,7,33.1,23.5,615.0,87.0,1.0,5.9,3.1,23.26,90.67,7,1,Monsoon,Extreme,9.6,53505.0
Chittagong (IAP-Patenga),1984,7,34.0,24.4,802.0,84.0,6.3,6.6,4.2,22.34,91.79,6,1,Monsoon,Extreme,9.6,67368.0
Cox's Bazar,1984,7,32.5,25.1,731.0,90.0,3.1,6.2,3.6,21.46,91.98,4,1,Monsoon,Extreme,7.399999999999999,65790.0
Dinajpur,1984,7,33.5,25.0,470.0,85.0,0.9,6.5,4.288,25.63,88.66,37,1,Monsoon,High,8.5,39950.0
Feni,1984,7,33.8,24.6,1292.0,92.0,1.7,7.0,4.106896552,23.01,91.37,8,1,Monsoon,Extreme,9.199999999999996,118864.0
Hatiya,1984,7,32.0,25.3,608.0,87.0,2.2,6.1,3.968965517,22.29,91.13,4,1,Monsoon,Extreme,6.699999999999999,52896.0
Khepupara,1984,7,32.0,25.6,383.0,87.0,3.3,6.5,3.580769231,21.98,90.22,3,1,Monsoon,High,6.399999999999999,33321.0
Kutubdia,1984,7,32.89310345,25.48965517,697.0,89.0,2.9,6.434482759,5.3,21.83,91.84,6,1,Monsoon,Extreme,7.403448279999999,62033.0
Maijdee Court,1984,7,33.8,24.9,1390.0,87.0,1.9,5.9,3.575862069,22.83,91.08,6,1,Monsoon,Extreme,8.899999999999999,120930.0
Mymensingh,1984,7,33.5,25.6,689.0,86.0,2.1,6.6,2.3,24.75,90.41,19,1,Monsoon,Extreme,7.899999999999999,59254.0
Patuakhali,1984,7,32.1,25.8,407.0,88.0,3.5,6.0,3.075862069,22.36,90.34,3,1,Monsoon,High,6.300000000000001,35816.0
Rajshahi,1984,7,33.6,25.5,294.0,88.0,3.0,6.2,3.7,24.35,88.56,20,1,Monsoon,High,8.100000000000001,25872.0
Rangpur,1984,7,33.6,25.3,812.0,88.0,1.8,6.5,3.1,25.72,89.26,34,1,Monsoon,Extreme,8.3,71456.0
Sandwip,1984,7,32.5,24.9,852.0,92.0,2.4,5.8,4.022222222,22.5,91.46,6,1,Monsoon,Extreme,7.600000000000001,78384.0
Sitakunda,1984,7,32.2,25.0,821.0,85.0,2.9,6.5,3.2,22.64,91.64,4,1,Monsoon,Extreme,7.200000000000003,69785.0
Sylhet,1984,7,35.0,24.6,820.0,87.0,1.2,7.2,2.8,24.88,91.93,35,1,Monsoon,Extreme,10.4,71340.0
Teknaf,1984,7,32.7,24.7,971.0,86.0,0.9,6.3,3.1,20.87,92.26,4,1,Monsoon,Extreme,8.000000000000004,83506.0
Barisal,1984,8,35.2,25.6,431.0,90.0,1.1,7.1,3.5,22.7,90.36,4,1,Monsoon,High,9.6,38790.0
Bhola,1984,8,34.8,25.6,467.0,89.0,0.7,6.2,2.4,22.7,90.66,5,1,Monsoon,High,9.199999999999996,41563.0
Chandpur,1984,8,33.5,23.6,724.0,88.0,0.6,6.3,3.7,23.26,90.67,7,1,Monsoon,Extreme,9.9,63712.0
Comilla,1984,8,36.0,25.1,449.0,86.0,3.1,5.6,5.4,23.48,91.19,10,1,Monsoon,High,10.9,38614.0
Cox's Bazar,1984,8,33.5,24.9,817.0,91.0,2.6,6.6,3.0,21.46,91.98,4,1,Monsoon,Extreme,8.600000000000001,74347.0
Dinajpur,1984,8,36.0,25.5,270.0,81.0,1.2,5.6,5.208,25.63,88.66,37,1,Monsoon,High,10.5,21870.0
Feni,1984,8,34.5,25.0,381.0,89.0,1.6,6.5,4.782758621,23.01,91.37,8,1,Monsoon,High,9.5,33909.0
Hatiya,1984,8,33.4,25.1,546.0,88.0,2.2,6.4,4.424137931,22.29,91.13,4,1,Monsoon,Extreme,8.299999999999997,48048.0
Khulna,1984,8,34.5,26.1,486.0,89.0,3.1,7.4,4.1,22.8,89.58,4,1,Monsoon,High,8.399999999999999,43254.0
Kutubdia,1984,8,33.14137931,25.58965517,460.0,87.0,2.5,6.196551724,4.1,21.83,91.84,6,1,Monsoon,High,7.551724139999997,40020.0
Madaripur,1984,8,35.0,25.6,623.0,85.0,0.8,5.8,3.942307692,23.17,90.18,5,1,Monsoon,Extreme,9.4,52955.0
Maijdee Court,1984,8,35.5,24.9,1223.0,89.0,1.7,5.9,4.64137931,22.83,91.08,6,1,Monsoon,Extreme,10.6,108847.0
Patuakhali,1984,8,33.6,25.8,632.0,89.0,2.5,5.8,3.672413793,22.36,90.34,3,1,Monsoon,Extreme,7.800000000000001,56248.0
Rajshahi,1984,8,35.1,25.7,321.0,88.0,2.7,6.2,4.7,24.35,88.56,20,1,Monsoon,High,9.400000000000002,28248.0
Satkhira,1984,8,35.4,25.8,351.0,85.0,4.1,6.6,3.7,22.68,89.07,6,1,Monsoon,High,9.599999999999998,29835.0
Sitakunda,1984,8,33.0,25.0,752.0,84.0,2.5,6.5,3.3,22.64,91.64,4,1,Monsoon,Extreme,8.0,63168.0
Teknaf,1984,8,32.4,24.6,973.0,88.0,1.2,6.8,3.3,20.87,92.26,4,1,Monsoon,Extreme,7.799999999999997,85624.0
Barisal,1984,9,34.0,25.1,224.0,88.0,0.8,5.1,5.8,22.7,90.36,4,1,Monsoon,High,8.899999999999999,19712.0
Bogra,1984,9,34.5,25.0,404.0,86.0,1.2,4.9,5.5,24.88,89.36,20,1,Monsoon,High,9.5,34744.0
Chandpur,1984,9,33.7,22.8,349.0,86.0,0.3,3.9,4.3,23.26,90.67,7,1,Monsoon,High,10.900000000000002,30014.0
Dinajpur,1984,9,33.5,24.1,498.0,84.0,0.7,5.4,5.184,25.63,88.66,37,1,Monsoon,High,9.4,41832.0
Feni,1984,9,33.4,24.5,400.0,88.0,0.9,4.8,5.2,23.01,91.37,8,1,Monsoon,High,8.899999999999999,35200.0
Hatiya,1984,9,33.5,24.5,413.0,83.0,1.9,4.7,4.965517241,22.29,91.13,4,1,Monsoon,High,9.0,34279.0
Maijdee Court,1984,9,34.0,24.5,440.0,85.0,0.7,4.5,4.951724138,22.83,91.08,6,1,Monsoon,High,9.5,37400.0
Mymensingh,1984,9,33.5,24.7,468.0,86.0,1.5,5.6,3.5,24.75,90.41,19,1,Monsoon,High,8.8,40248.0
Rajshahi,1984,9,33.8,24.9,297.0,84.0,2.1,4.5,6.3,24.35,88.56,20,1,Monsoon,High,8.899999999999999,24948.0
Rangpur,1984,9,33.8,24.2,684.0,89.0,1.2,5.3,4.6,25.72,89.26,34,1,Monsoon,Extreme,9.599999999999998,60876.0
Sitakunda,1984,9,33.7,24.7,561.0,80.0,1.8,4.9,4.6,22.64,91.64,4,1,Monsoon,Extreme,9.000000000000004,44880.0
Sylhet,1984,9,34.6,23.4,801.0,87.0,1.0,5.5,4.7,24.88,91.93,35,1,Monsoon,Extreme,11.200000000000005,69687.0
Dhaka,1984,10,34.0,25.6,58.0,79.0,0.6,4.3,6.2,23.78,90.39,9,0,Post-Monsoon,Moderate,8.399999999999999,4582.0
Rajshahi,1984,10,34.1,23.6,202.0,82.0,1.6,2.7,7.7,24.35,88.56,20,1,Post-Monsoon,High,10.5,16564.0
Dhaka,1984,11,31.8,18.5,0.0,68.0,0.3,1.1,9.5,23.78,90.39,9,0,Post-Monsoon,Low,13.3,0.0
Dhaka,1984,12,30.0,14.7,0.0,72.0,0.3,1.2,8.3,23.78,90.39,9,0,Winter,Low,15.3,0.0
Dhaka,1985,1,29.4,14.5,8.0,70.0,0.2,2.3,7.8,23.78,90.39,9,0,Winter,Low,14.9,560.0
Dhaka,1985,2,32.4,16.1,1.0,60.0,0.5,1.1,8.6,23.78,90.39,9,0,Winter,Low,16.299999999999997,60.0
Chandpur,1985,3,35.1,22.1,371.0,77.0,1.3,1.9,6.9,23.26,90.67,7,1,Pre-Monsoon,High,13.0,28567.0
Sylhet,1985,4,34.2,21.2,541.0,81.0,1.7,5.3,6.9,24.88,91.93,35,1,Pre-Monsoon,Extreme,13.000000000000004,43821.0
Barisal,1985,5,35.0,24.2,226.0,88.0,1.7,5.1,7.9,22.7,90.36,4,1,Pre-Monsoon,High,10.8,19888.0
Chandpur,1985,5,34.5,23.3,515.0,82.0,1.0,3.1,5.6,23.26,90.67,7,1,Pre-Monsoon,Extreme,11.2,42230.0
Chittagong (IAP-Patenga),1985,5,33.8,23.8,511.0,79.0,5.1,4.1,6.3,22.34,91.79,6,1,Pre-Monsoon,Extreme,9.999999999999996,40369.0
Dinajpur,1985,5,35.0,23.2,146.0,71.0,1.2,4.1,6.848,25.63,88.66,37,1,Pre-Monsoon,Moderate,11.8,10366.0
Kutubdia,1985,5,32.5,24.6,594.0,82.0,3.2,4.2,7.4,21.83,91.84,6,1,Pre-Monsoon,Extreme,7.899999999999999,48708.0
Patuakhali,1985,5,34.6,24.5,425.0,87.0,2.7,4.5,5.4,22.36,90.34,3,1,Pre-Monsoon,High,10.1,36975.0
Barisal,1985,6,36.2,25.8,322.0,91.0,1.5,6.3,3.9,22.7,90.36,4,1,Monsoon,High,10.400000000000002,29302.0
Bogra,1985,6,35.4,25.6,459.0,86.0,1.6,5.0,5.0,24.88,89.36,20,1,Monsoon,High,9.799999999999995,39474.0
Chittagong (IAP-Patenga),1985,6,33.8,24.8,517.0,85.0,6.2,6.2,4.0,22.34,91.79,6,1,Monsoon,Extreme,8.999999999999996,43945.0
Cox's Bazar,1985,6,32.5,25.2,766.0,89.0,2.8,6.6,4.0,21.46,91.98,4,1,Monsoon,Extreme,7.300000000000001,68174.0
Dinajpur,1985,6,35.5,24.9,551.0,80.0,0.9,5.1,5.228,25.63,88.66,37,1,Monsoon,Extreme,10.6,44080.0
Feni,1985,6,33.9,24.5,713.0,88.0,2.0,6.9,2.9,23.01,91.37,8,1,Monsoon,Extreme,9.4,62744.0
Hatiya,1985,6,33.0,25.0,703.0,86.0,2.8,6.7,2.2,22.29,91.13,4,1,Monsoon,Extreme,8.0,60458.0
Madaripur,1985,6,36.4,25.6,799.0,82.0,1.0,5.4,3.838461538,23.17,90.18,5,1,Monsoon,Extreme,10.799999999999995,65518.0
Maijdee Court,1985,6,33.8,25.4,525.0,87.0,1.5,6.0,3.8,22.83,91.08,6,1,Monsoon,Extreme,8.399999999999999,45675.0
Rajshahi,1985,6,37.3,25.7,232.0,85.0,2.5,5.5,4.8,24.35,88.56,20,1,Monsoon,High,11.599999999999998,19720.0
Rangamati,1985,6,34.5,24.1,413.0,85.0,1.5,6.2,4.381481481,22.67,92.2,63,1,Monsoon,High,10.4,35105.0
Rangpur,1985,6,35.3,25.2,569.0,85.0,1.5,5.8,5.2,25.72,89.26,34,1,Monsoon,Extreme,10.099999999999998,48365.0
Sandwip,1985,6,32.8,25.9,790.0,91.0,2.4,6.1,4.666666667,22.5,91.46,6,1,Monsoon,Extreme,6.899999999999999,71890.0
Sitakunda,1985,6,34.0,25.7,441.0,82.0,2.7,6.7,2.1,22.64,91.64,4,1,Monsoon,High,8.3,36162.0
Sylhet,1985,6,34.4,24.1,1083.0,88.0,1.2,6.9,4.0,24.88,91.93,35,1,Monsoon,Extreme,10.299999999999995,95304.0
Teknaf,1985,6,33.6,25.1,803.0,87.0,0.7,6.7,2.6,20.87,92.26,4,1,Monsoon,Extreme,8.5,69861.0
Barisal,1985,7,34.5,25.3,291.0,93.0,1.5,6.8,3.3,22.7,90.36,4,1,Monsoon,High,9.2,27063.0
Chandpur,1985,7,33.0,24.9,341.0,89.0,1.1,5.4,3.1,23.26,90.67,7,1,Monsoon,High,8.100000000000001,30349.0
Chittagong (IAP-Patenga),1985,7,32.5,24.4,831.0,86.0,6.7,6.2,4.2,22.34,91.79,6,1,Monsoon,Extreme,8.100000000000001,71466.0
Cox's Bazar,1985,7,31.5,24.5,884.0,89.0,3.0,6.3,3.7,21.46,91.98,4,1,Monsoon,Extreme,7.0,78676.0
Dinajpur,1985,7,34.2,25.2,484.0,86.0,1.1,6.7,4.288,25.63,88.66,37,1,Monsoon,High,9.000000000000004,41624.0
Feni,1985,7,32.5,24.8,635.0,89.0,2.4,7.0,3.6,23.01,91.37,8,1,Monsoon,Extreme,7.699999999999999,56515.0
Hatiya,1985,7,32.0,23.5,699.0,88.0,3.6,6.7,3.9,22.29,91.13,4,1,Monsoon,Extreme,8.5,61512.0
Kutubdia,1985,7,31.0,24.1,846.0,89.0,3.5,6.7,3.7,21.83,91.84,6,1,Monsoon,Extreme,6.899999999999999,75294.0
Madaripur,1985,7,34.5,25.3,376.0,83.0,1.2,6.0,3.661538462,23.17,90.18,5,1,Monsoon,High,9.2,31208.0
Maijdee Court,1985,7,33.5,24.3,548.0,89.0,1.9,6.1,3.4,22.83,91.08,6,1,Monsoon,Extreme,9.2,48772.0
Rajshahi,1985,7,33.6,25.3,274.0,89.0,2.7,6.2,3.2,24.35,88.56,20,1,Monsoon,High,8.3,24386.0
Rangamati,1985,7,34.2,24.5,512.0,85.0,1.2,6.4,3.748148148,22.67,92.2,63,1,Monsoon,Extreme,9.700000000000005,43520.0
Rangpur,1985,7,34.4,25.2,770.0,89.0,1.5,6.6,3.8,25.72,89.26,34,1,Monsoon,Extreme,9.2,68530.0
Sandwip,1985,7,32.0,24.9,916.0,93.0,2.2,6.2,4.022222222,22.5,91.46,6,1,Monsoon,Extreme,7.100000000000001,85188.0
Sitakunda,1985,7,33.0,24.7,765.0,83.0,2.8,6.3,2.9,22.64,91.64,4,1,Monsoon,Extreme,8.3,63495.0
Sylhet,1985,7,34.4,24.3,670.0,87.0,1.2,7.2,3.5,24.88,91.93,35,1,Monsoon,Extreme,10.099999999999998,58290.0
Teknaf,1985,7,31.9,24.1,983.0,87.0,1.1,6.7,3.0,20.87,92.26,4,1,Monsoon,Extreme,7.799999999999997,85521.0
Barisal,1985,8,35.0,25.9,308.0,90.0,1.5,6.7,5.2,22.7,90.36,4,1,Monsoon,High,9.1,27720.0
Chandpur,1985,8,33.5,25.2,437.0,87.0,0.8,4.9,3.7,23.26,90.67,7,1,Monsoon,High,8.3,38019.0
Chittagong (IAP-Patenga),1985,8,33.4,25.0,469.0,85.0,6.3,6.1,3.8,22.34,91.79,6,1,Monsoon,High,8.399999999999999,39865.0
Cox's Bazar,1985,8,33.0,25.3,599.0,89.0,2.8,6.3,4.5,21.46,91.98,4,1,Monsoon,Extreme,7.699999999999999,53311.0
Dinajpur,1985,8,35.5,26.6,278.0,80.0,1.0,5.2,5.208,25.63,88.66,37,1,Monsoon,High,8.899999999999999,22240.0
Feni,1985,8,33.6,25.4,858.0,87.0,1.7,6.7,6.1,23.01,91.37,8,1,Monsoon,Extreme,8.200000000000003,74646.0
Hatiya,1985,8,33.0,24.3,627.0,86.0,3.2,6.5,4.4,22.29,91.13,4,1,Monsoon,Extreme,8.7,53922.0
Khulna,1985,8,34.4,26.4,344.0,87.0,3.3,6.7,4.5,22.8,89.58,4,1,Monsoon,High,8.0,29928.0
Kutubdia,1985,8,32.2,24.9,475.0,88.0,3.8,6.5,4.7,21.83,91.84,6,1,Monsoon,High,7.300000000000004,41800.0
Madaripur,1985,8,35.0,26.0,498.0,82.0,0.9,5.5,3.942307692,23.17,90.18,5,1,Monsoon,High,9.0,40836.0
Maijdee Court,1985,8,33.4,25.3,780.0,86.0,2.0,5.7,4.6,22.83,91.08,6,1,Monsoon,Extreme,8.099999999999998,67080.0
Patuakhali,1985,8,34.2,26.3,311.0,87.0,2.3,6.2,3.4,22.36,90.34,3,1,Monsoon,High,7.900000000000002,27057.0
Rangamati,1985,8,34.2,24.3,422.0,85.0,1.0,6.2,4.744444444,22.67,92.2,63,1,Monsoon,High,9.900000000000002,35870.0
Sandwip,1985,8,32.0,25.6,799.0,90.0,2.8,6.0,4.962962963,22.5,91.46,6,1,Monsoon,Extreme,6.399999999999999,71910.0
Sitakunda,1985,8,33.5,25.4,442.0,81.0,2.7,6.1,3.8,22.64,91.64,4,1,Monsoon,High,8.100000000000001,35802.0
Teknaf,1985,8,32.8,24.7,1093.0,88.0,1.2,7.1,3.4,20.87,92.26,4,1,Monsoon,Extreme,8.099999999999998,96184.0
Bogra,1985,9,35.0,25.0,365.0,88.0,1.1,5.0,5.3,24.88,89.36,20,1,Monsoon,High,10.0,32120.0
Chandpur,1985,9,34.0,25.0,536.0,88.0,0.4,4.6,4.3,23.26,90.67,7,1,Monsoon,Extreme,9.0,47168.0
Dinajpur,1985,9,33.2,25.1,326.0,84.0,0.9,5.7,5.184,25.63,88.66,37,1,Monsoon,High,8.100000000000001,27384.0
Rajshahi,1985,9,34.0,25.4,233.0,87.0,1.8,5.6,5.2,24.35,88.56,20,1,Monsoon,High,8.600000000000001,20271.0
Sylhet,1985,9,35.0,24.0,596.0,87.0,0.8,6.1,4.6,24.88,91.93,35,1,Monsoon,Extreme,11.0,51852.0
Dhaka,1985,10,35.5,23.9,79.0,75.0,0.5,2.6,8.7,23.78,90.39,9,0,Post-Monsoon,Moderate,11.6,5925.0
Dinajpur,1985,10,33.8,22.7,282.0,75.0,0.7,2.8,6.916,25.63,88.66,37,1,Post-Monsoon,High,11.099999999999998,21150.0
Dhaka,1985,11,33.3,18.9,0.0,71.0,0.2,1.6,8.2,23.78,90.39,9,0,Post-Monsoon,Low,14.4,0.0
Dhaka,1985,12,30.6,15.3,10.0,70.0,0.3,1.2,8.0,23.78,90.39,9,0,Winter,Low,15.3,700.0
Dhaka,1986,1,30.0,13.9,22.0,72.0,0.3,1.3,7.5,23.78,90.39,9,0,Winter,Low,16.1,1584.0
Dhaka,1986,2,32.3,16.3,0.0,59.0,0.5,1.5,8.9,23.78,90.39,9,0,Winter,Low,15.999999999999996,0.0
Dinajpur,1986,5,35.5,22.5,178.0,72.0,1.1,3.3,6.848,25.63,88.66,37,1,Pre-Monsoon,Moderate,13.0,12816.0
Barisal,1986,6,36.0,25.9,254.0,87.0,1.3,5.7,4.9,22.7,90.36,4,1,Monsoon,High,10.1,22098.0
Chittagong (IAP-Patenga),1986,6,37.0,25.8,820.0,83.0,5.9,5.8,4.9,22.34,91.79,6,1,Monsoon,Extreme,11.2,68060.0
Cox's Bazar,1986,6,34.0,25.5,921.0,88.0,3.1,6.1,4.0,21.46,91.98,4,1,Monsoon,Extreme,8.5,81048.0
Dinajpur,1986,6,36.6,25.5,203.0,78.0,1.5,5.1,5.228,25.63,88.66,37,1,Monsoon,High,11.1,15834.0
Hatiya,1986,6,35.2,26.0,564.0,87.0,3.2,6.3,3.8,22.29,91.13,4,1,Monsoon,Extreme,9.200000000000005,49068.0
Kutubdia,1986,6,33.7,26.1,625.0,86.0,3.2,6.5,4.4,21.83,91.84,6,1,Monsoon,Extreme,7.600000000000001,53750.0
Maijdee Court,1986,6,35.5,25.6,615.0,86.0,1.8,5.5,4.9,22.83,91.08,6,1,Monsoon,Extreme,9.9,52890.0
Sandwip,1986,6,33.0,26.2,599.0,89.0,2.4,5.4,4.666666667,22.5,91.46,6,1,Monsoon,Extreme,6.800000000000001,53311.0
Sitakunda,1986,6,34.1,26.0,629.0,81.0,3.1,5.8,3.6,22.64,91.64,4,1,Monsoon,Extreme,8.100000000000001,50949.0
Teknaf,1986,6,34.0,25.4,1371.0,84.0,0.9,6.6,3.4,20.87,92.26,4,1,Monsoon,Extreme,8.600000000000001,115164.0
Barisal,1986,7,35.5,25.2,381.0,91.0,0.8,6.4,3.9,22.7,90.36,4,1,Monsoon,High,10.3,34671.0
Bhola,1986,7,35.1,25.8,451.0,88.0,0.7,5.5,2.5,22.7,90.66,5,1,Monsoon,High,9.3,39688.0
Bogra,1986,7,33.8,25.4,446.0,89.0,1.2,5.8,3.9,24.88,89.36,20,1,Monsoon,High,8.399999999999999,39694.0
Chandpur,1986,7,33.8,25.9,399.0,86.0,0.9,5.3,3.1,23.26,90.67,7,1,Monsoon,High,7.899999999999999,34314.0
Chittagong (IAP-Patenga),1986,7,34.0,25.1,894.0,84.0,6.0,6.1,4.1,22.34,91.79,6,1,Monsoon,Extreme,8.899999999999999,75096.0
Comilla,1986,7,34.0,25.3,389.0,86.0,2.5,5.5,4.2,23.48,91.19,10,1,Monsoon,High,8.7,33454.0
Cox's Bazar,1986,7,32.5,25.1,799.0,90.0,3.2,6.1,3.7,21.46,91.98,4,1,Monsoon,Extreme,7.399999999999999,71910.0
Dinajpur,1986,7,34.0,25.8,500.0,83.0,1.2,6.2,4.288,25.63,88.66,37,1,Monsoon,High,8.2,41500.0
Feni,1986,7,32.1,25.2,701.0,87.0,1.8,6.3,4.2,23.01,91.37,8,1,Monsoon,Extreme,6.900000000000002,60987.0
Hatiya,1986,7,33.2,25.2,625.0,90.0,2.1,6.8,3.9,22.29,91.13,4,1,Monsoon,Extreme,8.000000000000004,56250.0
Khepupara,1986,7,34.8,23.8,444.0,89.0,1.5,6.5,3.580769231,21.98,90.22,3,1,Monsoon,High,10.999999999999996,39516.0
Khulna,1986,7,35.5,25.5,390.0,89.0,1.6,6.1,3.7,22.8,89.58,4,1,Monsoon,High,10.0,34710.0
Kutubdia,1986,7,32.0,25.3,630.0,87.0,2.9,6.5,3.7,21.83,91.84,6,1,Monsoon,Extreme,6.699999999999999,54810.0
Madaripur,1986,7,35.0,25.4,531.0,84.0,0.5,6.5,3.661538462,23.17,90.18,5,1,Monsoon,Extreme,9.6,44604.0
Maijdee Court,1986,7,33.5,25.3,635.0,89.0,1.9,6.0,3.4,22.83,91.08,6,1,Monsoon,Extreme,8.2,56515.0
Mymensingh,1986,7,33.4,26.0,673.0,85.0,2.9,7.1,3.5,24.75,90.41,19,1,Monsoon,Extreme,7.399999999999999,57205.0
Rajshahi,1986,7,34.0,25.8,262.0,87.0,2.9,6.3,4.2,24.35,88.56,20,1,Monsoon,High,8.2,22794.0
Rangamati,1986,7,33.5,23.9,782.0,86.0,0.9,6.4,3.748148148,22.67,92.2,63,1,Monsoon,Extreme,9.6,67252.0
Rangpur,1986,7,34.2,25.3,497.0,86.0,1.7,6.6,4.2,25.72,89.26,34,1,Monsoon,High,8.900000000000002,42742.0
Sandwip,1986,7,32.4,25.7,785.0,91.0,2.3,6.0,4.022222222,22.5,91.46,6,1,Monsoon,Extreme,6.699999999999999,71435.0
Sitakunda,1986,7,34.0,25.4,759.0,84.0,3.0,5.9,3.2,22.64,91.64,4,1,Monsoon,Extreme,8.600000000000001,63756.0
Sylhet,1986,7,34.4,23.4,646.0,88.0,1.3,7.1,3.1,24.88,91.93,35,1,Monsoon,Extreme,11.0,56848.0
Teknaf,1986,7,32.1,24.9,896.0,88.0,1.1,6.5,2.8,20.87,92.26,4,1,Monsoon,Extreme,7.200000000000003,78848.0
Barisal,1986,8,35.2,26.0,252.0,87.0,0.8,5.9,5.0,22.7,90.36,4,1,Monsoon,High,9.200000000000005,21924.0
Dinajpur,1986,8,36.5,26.1,329.0,80.0,1.0,5.0,5.208,25.63,88.66,37,1,Monsoon,High,10.4,26320.0
Feni,1986,8,35.5,25.5,469.0,85.0,1.2,6.4,4.6,23.01,91.37,8,1,Monsoon,High,10.0,39865.0
Madaripur,1986,8,35.5,26.3,442.0,81.0,0.3,5.9,3.942307692,23.17,90.18,5,1,Monsoon,High,9.2,35802.0
Rangamati,1986,8,35.2,24.8,469.0,84.0,0.8,6.1,4.744444444,22.67,92.2,63,1,Monsoon,High,10.400000000000002,39396.0
Sandwip,1986,8,33.5,26.2,441.0,87.0,1.3,5.7,4.962962963,22.5,91.46,6,1,Monsoon,High,7.300000000000001,38367.0
Sylhet,1986,8,36.7,23.3,586.0,87.0,1.3,6.5,4.2,24.88,91.93,35,1,Monsoon,Extreme,13.400000000000002,50982.0
Teknaf,1986,8,33.8,25.1,670.0,86.0,1.1,6.4,3.8,20.87,92.26,4,1,Monsoon,Extreme,8.699999999999996,57620.0
Barisal,1986,9,35.0,24.8,526.0,92.0,0.6,6.1,3.4,22.7,90.36,4,1,Monsoon,Extreme,10.2,48392.0
Bhola,1986,9,34.6,24.9,563.0,89.0,0.5,5.9,2.8,22.7,90.66,5,1,Monsoon,Extreme,9.700000000000005,50107.0
Bogra,1986,9,35.0,24.5,462.0,88.0,1.1,5.4,3.9,24.88,89.36,20,1,Monsoon,High,10.5,40656.0
Chandpur,1986,9,33.6,25.1,478.0,87.0,0.6,5.1,3.3,23.26,90.67,7,1,Monsoon,High,8.5,41586.0
Comilla,1986,9,34.0,24.9,369.0,87.0,1.5,5.4,5.6,23.48,91.19,10,1,Monsoon,High,9.1,32103.0
Dinajpur,1986,9,33.6,24.5,274.0,85.0,1.4,6.0,5.184,25.63,88.66,37,1,Monsoon,High,9.1,23290.0
Faridpur,1986,9,35.4,25.1,531.0,87.0,2.0,5.8,4.4,23.61,89.84,9,1,Monsoon,Extreme,10.299999999999995,46197.0
Feni,1986,9,36.1,24.6,460.0,87.0,1.1,6.4,4.6,23.01,91.37,8,1,Monsoon,High,11.5,40020.0
Hatiya,1986,9,33.4,25.5,370.0,88.0,2.4,6.3,4.7,22.29,91.13,4,1,Monsoon,High,7.899999999999999,32560.0
Ishurdi,1986,9,36.0,23.7,438.0,88.0,2.7,5.8,5.1,24.12,89.04,14,1,Monsoon,High,12.3,38544.0
Jessore,1986,9,35.8,24.6,606.0,89.0,2.9,6.0,3.9,23.17,89.22,7,1,Monsoon,Extreme,11.199999999999996,53934.0
Khepupara,1986,9,34.0,24.8,436.0,90.0,1.3,6.1,4.507692308,21.98,90.22,3,1,Monsoon,High,9.2,39240.0
Khulna,1986,9,35.9,25.0,643.0,89.0,1.8,6.3,4.5,22.8,89.58,4,1,Monsoon,Extreme,10.9,57227.0
Madaripur,1986,9,35.2,25.1,635.0,84.0,0.5,6.0,4.357692308,23.17,90.18,5,1,Monsoon,Extreme,10.1,53340.0
Maijdee Court,1986,9,34.4,25.1,508.0,87.0,1.2,5.6,5.0,22.83,91.08,6,1,Monsoon,Extreme,9.299999999999995,44196.0
Mymensingh,1986,9,34.3,25.0,647.0,83.0,2.5,6.5,3.5,24.75,90.41,19,1,Monsoon,Extreme,9.299999999999995,53701.0
Rajshahi,1986,9,35.2,24.9,406.0,87.0,2.4,5.9,5.5,24.35,88.56,20,1,Monsoon,High,10.300000000000004,35322.0
Rangpur,1986,9,34.0,23.7,521.0,89.0,1.6,6.2,3.5,25.72,89.26,34,1,Monsoon,Extreme,10.3,46369.0
Sandwip,1986,9,33.0,25.8,535.0,89.0,1.3,6.0,5.325925926,22.5,91.46,6,1,Monsoon,Extreme,7.199999999999999,47615.0
Satkhira,1986,9,36.3,25.4,485.0,85.0,2.7,5.8,4.5,22.68,89.07,6,1,Monsoon,High,10.9,41225.0
Sylhet,1986,9,33.9,22.5,494.0,88.0,1.2,6.9,2.6,24.88,91.93,35,1,Monsoon,High,11.4,43472.0
Bogra,1986,10,32.3,21.8,467.0,85.0,0.6,3.3,6.5,24.88,89.36,20,1,Post-Monsoon,High,10.499999999999996,39695.0
Dhaka,1986,10,33.9,23.2,237.0,81.0,0.3,3.5,7.3,23.78,90.39,9,0,Post-Monsoon,High,10.7,19197.0
Dinajpur,1986,10,30.8,20.7,365.0,79.0,0.8,3.6,6.916,25.63,88.66,37,1,Post-Monsoon,High,10.1,28835.0
Mymensingh,1986,10,32.3,22.6,583.0,81.0,1.6,4.2,5.8,24.75,90.41,19,1,Post-Monsoon,Extreme,9.699999999999996,47223.0
Rajshahi,1986,10,32.1,21.9,190.0,84.0,1.6,3.2,7.6,24.35,88.56,20,1,Post-Monsoon,Moderate,10.200000000000005,15960.0
Sylhet,1986,10,32.3,20.1,454.0,84.0,1.1,3.8,6.6,24.88,91.93,35,1,Post-Monsoon,High,12.199999999999996,38136.0
Barisal,1986,11,33.5,19.3,274.0,88.0,0.2,2.7,7.3,22.7,90.36,4,1,Post-Monsoon,High,14.2,24112.0
Dhaka,1986,11,33.1,19.8,172.0,78.0,0.4,2.5,7.6,23.78,90.39,9,0,Post-Monsoon,Moderate,13.3,13416.0
Dhaka,1986,12,29.0,15.2,3.0,75.0,0.3,1.8,8.1,23.78,90.39,9,0,Winter,Low,13.8,225.0
Dhaka,1987,1,29.8,13.1,4.0,73.0,0.6,1.0,8.7,23.78,90.39,9,0,Winter,Low,16.700000000000003,292.0
Dhaka,1987,2,34.0,16.4,0.0,65.0,0.5,1.3,8.8,23.78,90.39,9,0,Winter,Low,17.6,0.0
Feni,1987,4,35.1,23.0,395.0,82.0,1.9,4.5,7.4,23.01,91.37,8,1,Pre-Monsoon,High,12.1,32390.0
Barisal,1987,6,39.6,26.6,275.0,85.0,1.5,5.7,5.1,22.7,90.36,4,1,Monsoon,High,13.0,23375.0
Cox's Bazar,1987,6,34.4,25.7,653.0,86.0,3.0,5.4,4.6,21.46,91.98,4,1,Monsoon,Extreme,8.7,56158.0
Dinajpur,1987,6,37.5,25.7,304.0,80.0,1.1,5.3,5.228,25.63,88.66,37,1,Monsoon,High,11.8,24320.0
Faridpur,1987,6,36.0,26.4,384.0,86.0,2.4,5.8,6.0,23.61,89.84,9,1,Monsoon,High,9.6,33024.0
Khepupara,1987,6,34.5,26.3,467.0,88.0,2.1,5.9,3.807692308,21.98,90.22,3,1,Monsoon,High,8.2,41096.0
Kutubdia,1987,6,33.5,26.4,751.0,88.0,2.8,5.7,5.8,21.83,91.84,6,1,Monsoon,Extreme,7.100000000000001,66088.0
Mymensingh,1987,6,35.2,26.3,406.0,85.0,2.3,6.3,3.6,24.75,90.41,19,1,Monsoon,High,8.900000000000002,34510.0
Rangpur,1987,6,37.6,25.6,485.0,88.0,1.7,6.0,4.8,25.72,89.26,34,1,Monsoon,High,12.0,42680.0
Sandwip,1987,6,32.5,26.6,566.0,88.0,3.0,5.3,5.1,22.5,91.46,6,1,Monsoon,Extreme,5.899999999999999,49808.0
Sitakunda,1987,6,34.0,25.9,690.0,83.0,2.5,6.0,3.5,22.64,91.64,4,1,Monsoon,Extreme,8.100000000000001,57270.0
Sylhet,1987,6,34.4,24.6,1057.0,89.0,1.6,6.8,2.5,24.88,91.93,35,1,Monsoon,Extreme,9.799999999999995,94073.0
Teknaf,1987,6,34.2,25.9,504.0,85.0,1.3,5.7,3.7,20.87,92.26,4,1,Monsoon,Extreme,8.300000000000004,42840.0
Barisal,1987,7,33.8,25.4,568.0,94.0,0.9,7.0,1.8,22.7,90.36,4,1,Monsoon,Extreme,8.399999999999999,53392.0
Bhola,1987,7,34.2,26.0,660.0,90.0,0.7,6.6,0.9,22.7,90.66,5,1,Monsoon,Extreme,8.200000000000003,59400.0
Bogra,1987,7,35.7,26.0,525.0,90.0,1.6,6.1,2.6,24.88,89.36,20,1,Monsoon,Extreme,9.700000000000005,47250.0
Chandpur,1987,7,33.5,25.8,750.0,87.0,1.1,6.2,3.1,23.26,90.67,7,1,Monsoon,Extreme,7.699999999999999,65250.0
Chittagong (IAP-Patenga),1987,7,33.7,25.1,1206.0,89.0,6.9,7.2,4.2,22.34,91.79,6,1,Monsoon,Extreme,8.600000000000001,107334.0
Comilla,1987,7,33.4,25.8,429.0,89.0,2.9,6.7,4.1,23.48,91.19,10,1,Monsoon,High,7.599999999999998,38181.0
Cox's Bazar,1987,7,32.0,25.8,1885.0,91.0,3.6,7.0,1.7,21.46,91.98,4,1,Monsoon,Extreme,6.199999999999999,171535.0
Dinajpur,1987,7,33.7,25.5,1196.0,88.0,1.3,7.1,4.288,25.63,88.66,37,1,Monsoon,Extreme,8.200000000000003,105248.0
Feni,1987,7,32.5,24.7,937.0,90.0,2.1,6.8,3.9,23.01,91.37,8,1,Monsoon,Extreme,7.800000000000001,84330.0
Hatiya,1987,7,32.2,25.8,1119.0,91.0,3.2,7.1,3.9,22.29,91.13,4,1,Monsoon,Extreme,6.400000000000002,101829.0
Ishurdi,1987,7,34.7,25.5,413.0,89.0,2.4,6.5,3.6,24.12,89.04,14,1,Monsoon,High,9.200000000000005,36757.0
Khepupara,1987,7,33.8,25.5,748.0,91.0,2.3,7.2,3.580769231,21.98,90.22,3,1,Monsoon,Extreme,8.299999999999997,68068.0
Khulna,1987,7,36.1,25.5,517.0,90.0,1.8,6.8,2.3,22.8,89.58,4,1,Monsoon,Extreme,10.6,46530.0
Kutubdia,1987,7,31.5,25.6,1247.0,91.0,3.1,7.1,2.4,21.83,91.84,6,1,Monsoon,Extreme,5.899999999999999,113477.0
Maijdee Court,1987,7,32.5,25.4,1297.0,91.0,2.0,7.0,2.3,22.83,91.08,6,1,Monsoon,Extreme,7.100000000000001,118027.0
Mymensingh,1987,7,33.3,26.3,410.0,88.0,2.7,6.8,3.0,24.75,90.41,19,1,Monsoon,High,6.9999999999999964,36080.0
Rajshahi,1987,7,34.2,25.7,488.0,90.0,2.2,6.6,2.6,24.35,88.56,20,1,Monsoon,High,8.500000000000004,43920.0
Rangamati,1987,7,35.0,24.9,630.0,88.0,1.2,6.6,2.0,22.67,92.2,63,1,Monsoon,Extreme,10.1,55440.0
Rangpur,1987,7,33.3,25.9,1344.0,91.0,2.1,6.9,2.7,25.72,89.26,34,1,Monsoon,Extreme,7.399999999999999,122304.0
Sandwip,1987,7,30.8,25.6,1141.0,94.0,3.4,6.9,2.7,22.5,91.46,6,1,Monsoon,Extreme,5.199999999999999,107254.0
Sitakunda,1987,7,33.0,25.4,1225.0,89.0,2.2,7.1,1.9,22.64,91.64,4,1,Monsoon,Extreme,7.600000000000001,109025.0
Sylhet,1987,7,34.7,24.9,1038.0,91.0,1.8,7.4,2.7,24.88,91.93,35,1,Monsoon,Extreme,9.800000000000004,94458.0
Tangail,1987,7,33.4,25.6,356.0,88.0,3.1,6.8,3.9,24.15,89.55,10,1,Monsoon,High,7.799999999999997,31328.0
Teknaf,1987,7,31.7,25.0,1294.0,92.0,1.5,7.3,1.7,20.87,92.26,4,1,Monsoon,Extreme,6.699999999999999,119048.0
Barisal,1987,8,34.0,25.4,683.0,90.0,0.9,6.4,3.6,22.7,90.36,4,1,Monsoon,Extreme,8.600000000000001,61470.0
Bhola,1987,8,34.2,25.9,893.0,88.0,0.4,6.2,3.2,22.7,90.66,5,1,Monsoon,Extreme,8.300000000000004,78584.0
Bogra,1987,8,35.4,25.9,623.0,88.0,1.5,5.9,4.1,24.88,89.36,20,1,Monsoon,Extreme,9.5,54824.0
Chandpur,1987,8,33.5,26.2,559.0,85.0,1.0,5.2,4.0,23.26,90.67,7,1,Monsoon,Extreme,7.300000000000001,47515.0
Chittagong (IAP-Patenga),1987,8,34.0,24.9,673.0,85.0,4.8,6.1,4.8,22.34,91.79,6,1,Monsoon,Extreme,9.1,57205.0
Cox's Bazar,1987,8,32.8,25.5,1298.0,88.0,2.3,6.2,3.2,21.46,91.98,4,1,Monsoon,Extreme,7.299999999999997,114224.0
Dinajpur,1987,8,35.5,25.5,798.0,86.0,1.4,6.1,5.208,25.63,88.66,37,1,Monsoon,Extreme,10.0,68628.0
Faridpur,1987,8,33.5,26.6,409.0,85.0,2.5,6.0,5.2,23.61,89.84,9,1,Monsoon,High,6.899999999999999,34765.0
Feni,1987,8,34.0,25.0,820.0,88.0,1.9,6.6,4.7,23.01,91.37,8,1,Monsoon,Extreme,9.0,72160.0
Hatiya,1987,8,33.3,25.5,699.0,89.0,2.7,6.6,4.4,22.29,91.13,4,1,Monsoon,Extreme,7.799999999999997,62211.0
Ishurdi,1987,8,35.6,26.0,643.0,84.0,1.9,5.4,4.8,24.12,89.04,14,1,Monsoon,Extreme,9.6,54012.0
Jessore,1987,8,35.5,26.1,768.0,87.0,2.8,6.4,3.9,23.17,89.22,7,1,Monsoon,Extreme,9.4,66816.0
Khepupara,1987,8,34.5,25.8,798.0,88.0,1.5,6.1,4.111538462,21.98,90.22,3,1,Monsoon,Extreme,8.7,70224.0
Khulna,1987,8,35.7,25.7,498.0,87.0,1.6,6.4,4.9,22.8,89.58,4,1,Monsoon,High,10.000000000000004,43326.0
Kutubdia,1987,8,32.7,25.8,745.0,88.0,2.2,6.4,4.6,21.83,91.84,6,1,Monsoon,Extreme,6.900000000000002,65560.0
Maijdee Court,1987,8,33.5,25.4,816.0,88.0,1.6,6.2,3.9,22.83,91.08,6,1,Monsoon,Extreme,8.100000000000001,71808.0
Mymensingh,1987,8,34.6,26.3,479.0,86.0,2.2,6.1,3.6,24.75,90.41,19,1,Monsoon,High,8.3,41194.0
Rajshahi,1987,8,38.0,25.7,400.0,88.0,2.2,6.0,4.4,24.35,88.56,20,1,Monsoon,High,12.3,35200.0
Rangamati,1987,8,33.5,24.9,816.0,87.0,0.8,5.8,5.4,22.67,92.2,63,1,Monsoon,Extreme,8.600000000000001,70992.0
Sandwip,1987,8,33.5,25.4,664.0,91.0,2.3,6.0,5.0,22.5,91.46,6,1,Monsoon,Extreme,8.100000000000001,60424.0
Satkhira,1987,8,37.0,26.2,475.0,83.0,3.2,6.1,4.3,22.68,89.07,6,1,Monsoon,High,10.8,39425.0
Sitakunda,1987,8,34.5,25.5,656.0,85.0,2.4,6.6,3.3,22.64,91.64,4,1,Monsoon,Extreme,9.0,55760.0
Sylhet,1987,8,35.0,25.1,638.0,89.0,1.6,6.9,3.4,24.88,91.93,35,1,Monsoon,Extreme,9.9,56782.0
Tangail,1987,8,33.2,26.2,394.0,86.0,2.9,6.0,4.4,24.15,89.55,10,1,Monsoon,High,7.000000000000004,33884.0
Teknaf,1987,8,33.0,24.8,986.0,88.0,1.4,6.5,3.5,20.87,92.26,4,1,Monsoon,Extreme,8.2,86768.0
Barisal,1987,9,34.0,26.0,302.0,89.0,0.6,6.0,4.0,22.7,90.36,4,1,Monsoon,High,8.0,26878.0
Chittagong (IAP-Patenga),1987,9,34.2,25.3,429.0,84.0,4.5,5.7,5.9,22.34,91.79,6,1,Monsoon,High,8.900000000000002,36036.0
Cox's Bazar,1987,9,33.0,25.6,410.0,87.0,2.2,5.7,5.3,21.46,91.98,4,1,Monsoon,High,7.399999999999999,35670.0
Dinajpur,1987,9,33.5,25.4,430.0,86.0,1.0,6.4,5.184,25.63,88.66,37,1,Monsoon,High,8.100000000000001,36980.0
Faridpur,1987,9,34.0,26.8,456.0,84.0,2.1,5.7,5.5,23.61,89.84,9,1,Monsoon,High,7.199999999999999,38304.0
Feni,1987,9,33.6,25.1,550.0,87.0,1.8,5.9,5.4,23.01,91.37,8,1,Monsoon,Extreme,8.5,47850.0
Hatiya,1987,9,33.4,26.2,402.0,86.0,2.7,6.1,5.0,22.29,91.13,4,1,Monsoon,High,7.199999999999999,34572.0
Maijdee Court,1987,9,33.5,25.4,585.0,89.0,1.7,5.8,4.5,22.83,91.08,6,1,Monsoon,Extreme,8.100000000000001,52065.0
Rajshahi,1987,9,34.5,26.1,193.0,87.0,1.7,5.6,4.4,24.35,88.56,20,1,Monsoon,Moderate,8.399999999999999,16791.0
Sandwip,1987,9,35.2,25.6,621.0,90.0,2.2,5.6,5.9,22.5,91.46,6,1,Monsoon,Extreme,9.6,55890.0
Sitakunda,1987,9,33.5,25.4,694.0,82.0,1.5,5.3,5.1,22.64,91.64,4,1,Monsoon,Extreme,8.100000000000001,56908.0
Sylhet,1987,9,34.0,24.5,922.0,89.0,1.4,6.7,3.7,24.88,91.93,35,1,Monsoon,Extreme,9.5,82058.0
Teknaf,1987,9,32.4,25.0,684.0,88.0,1.2,6.1,4.4,20.87,92.26,4,1,Monsoon,Extreme,7.399999999999999,60192.0
Dhaka,1987,10,35.1,24.3,104.0,78.0,0.4,2.5,8.3,23.78,90.39,9,0,Post-Monsoon,Moderate,10.8,8112.0
Dhaka,1987,11,33.0,20.1,7.0,73.0,0.4,2.7,7.8,23.78,90.39,9,0,Post-Monsoon,Low,12.9,511.0
Dhaka,1987,12,29.2,15.2,33.0,76.0,0.3,1.2,8.3,23.78,90.39,9,0,Winter,Low,14.0,2508.0
Dhaka,1988,1,29.2,13.6,0.0,71.0,0.3,1.0,8.1,23.78,90.39,9,0,Winter,Low,15.6,0.0
Dhaka,1988,2,32.8,16.3,44.0,67.0,0.5,1.7,8.1,23.78,90.39,9,0,Winter,Low,16.499999999999996,2948.0
Barisal,1988,5,34.5,25.5,393.0,84.0,1.4,5.6,6.2,22.7,90.36,4,1,Pre-Monsoon,High,9.0,33012.0
Chittagong (IAP-Patenga),1988,5,34.9,24.9,433.0,79.0,5.2,4.7,5.9,22.34,91.79,6,1,Pre-Monsoon,High,10.0,34207.0
Comilla,1988,5,34.5,24.4,470.0,83.0,3.5,5.4,5.8,23.48,91.19,10,1,Pre-Monsoon,High,10.1,39010.0
Dinajpur,1988,5,36.3,23.6,170.0,77.0,1.0,4.5,6.848,25.63,88.66,37,1,Pre-Monsoon,Moderate,12.699999999999996,13090.0
Faridpur,1988,5,39.3,24.4,511.0,83.0,3.6,5.0,6.5,23.61,89.84,9,1,Pre-Monsoon,Extreme,14.9,42413.0
Hatiya,1988,5,33.8,25.6,474.0,83.0,5.2,5.3,5.5,22.29,91.13,4,1,Pre-Monsoon,High,8.199999999999996,39342.0
Madaripur,1988,5,36.2,24.4,412.0,78.0,1.6,4.8,5.1,23.17,90.18,5,1,Pre-Monsoon,High,11.800000000000004,32136.0
Maijdee Court,1988,5,34.5,24.8,402.0,83.0,1.9,4.8,6.4,22.83,91.08,6,1,Pre-Monsoon,High,9.7,33366.0
Mymensingh,1988,5,34.2,23.6,734.0,85.0,2.7,6.0,4.3,24.75,90.41,19,1,Pre-Monsoon,Extreme,10.6,62390.0
Patuakhali,1988,5,34.6,25.6,436.0,86.0,3.6,5.1,4.5,22.36,90.34,3,1,Pre-Monsoon,High,9.0,37496.0
Srimangal,1988,5,33.9,22.9,628.0,81.0,1.4,6.1,4.7,24.29,91.73,23,1,Pre-Monsoon,Extreme,11.0,50868.0
Sylhet,1988,5,33.9,22.3,1110.0,87.0,1.7,6.7,3.6,24.88,91.93,35,1,Pre-Monsoon,Extreme,11.599999999999998,96570.0
Barisal,1988,6,34.6,25.4,565.0,88.0,1.2,6.0,3.8,22.7,90.36,4,1,Monsoon,Extreme,9.200000000000005,49720.0
Bhola,1988,6,35.0,25.5,700.0,89.0,0.9,5.9,3.3,22.7,90.66,5,1,Monsoon,Extreme,9.5,62300.0
Bogra,1988,6,37.7,25.4,756.0,86.0,2.1,5.6,4.3,24.88,89.36,20,1,Monsoon,Extreme,12.300000000000004,65016.0
Chandpur,1988,6,34.9,26.0,355.0,84.0,1.1,5.1,3.8,23.26,90.67,7,1,Monsoon,High,8.899999999999999,29820.0
Chittagong (IAP-Patenga),1988,6,34.0,25.0,643.0,84.0,4.6,5.9,2.9,22.34,91.79,6,1,Monsoon,Extreme,9.0,54012.0
Cox's Bazar,1988,6,33.6,25.0,1306.0,89.0,2.6,6.5,3.0,21.46,91.98,4,1,Monsoon,Extreme,8.600000000000001,116234.0
Dinajpur,1988,6,37.5,25.3,347.0,81.0,1.3,5.0,5.228,25.63,88.66,37,1,Monsoon,High,12.2,28107.0
Faridpur,1988,6,36.7,25.5,468.0,87.0,3.3,5.5,5.0,23.61,89.84,9,1,Monsoon,High,11.200000000000005,40716.0
Feni,1988,6,35.6,25.4,204.0,86.0,1.6,6.2,4.3,23.01,91.37,8,1,Monsoon,High,10.200000000000005,17544.0
Hatiya,1988,6,34.0,25.6,850.0,87.0,4.2,6.0,3.8,22.29,91.13,4,1,Monsoon,Extreme,8.399999999999999,73950.0
Jessore,1988,6,37.5,25.8,543.0,85.0,4.2,6.4,3.9,23.17,89.22,7,1,Monsoon,Extreme,11.7,46155.0
Khulna,1988,6,37.0,26.1,599.0,87.0,2.8,6.2,4.2,22.8,89.58,4,1,Monsoon,Extreme,10.9,52113.0
Kutubdia,1988,6,32.6,25.4,709.0,87.0,2.7,6.5,3.5,21.83,91.84,6,1,Monsoon,Extreme,7.200000000000003,61683.0
Madaripur,1988,6,36.4,25.8,550.0,83.0,1.3,5.5,3.8,23.17,90.18,5,1,Monsoon,Extreme,10.599999999999998,45650.0
Maijdee Court,1988,6,35.0,25.7,564.0,87.0,1.8,5.6,3.8,22.83,91.08,6,1,Monsoon,Extreme,9.3,49068.0
Mymensingh,1988,6,35.6,26.1,587.0,85.0,2.9,5.9,3.9,24.75,90.41,19,1,Monsoon,Extreme,9.5,49895.0
Patuakhali,1988,6,34.7,26.0,558.0,89.0,2.4,6.2,1.2,22.36,90.34,3,1,Monsoon,Extreme,8.700000000000003,49662.0
Rajshahi,1988,6,38.3,25.2,407.0,86.0,2.6,5.9,4.7,24.35,88.56,20,1,Monsoon,High,13.099999999999998,35002.0
Rangamati,1988,6,35.2,24.9,760.0,85.0,0.9,5.3,3.7,22.67,92.2,63,1,Monsoon,Extreme,10.300000000000004,64600.0
Sandwip,1988,6,33.5,25.2,799.0,90.0,2.0,5.7,5.1,22.5,91.46,6,1,Monsoon,Extreme,8.3,71910.0
Satkhira,1988,6,38.0,26.2,688.0,81.0,2.6,6.1,4.1,22.68,89.07,6,1,Monsoon,Extreme,11.8,55728.0
Sitakunda,1988,6,34.2,25.4,578.0,83.0,1.7,5.9,2.3,22.64,91.64,4,1,Monsoon,Extreme,8.800000000000004,47974.0
Srimangal,1988,6,35.0,25.0,435.0,79.0,1.1,5.8,5.8,24.29,91.73,23,1,Monsoon,High,10.0,34365.0
Sylhet,1988,6,36.7,24.3,959.0,85.0,1.8,6.2,5.1,24.88,91.93,35,1,Monsoon,Extreme,12.400000000000002,81515.0
Tangail,1988,6,35.6,25.7,589.0,86.0,2.9,5.6,4.1,24.15,89.55,10,1,Monsoon,Extreme,9.900000000000002,50654.0
Teknaf,1988,6,32.5,24.9,811.0,87.0,1.3,7.1,3.6,20.87,92.26,4,1,Monsoon,Extreme,7.600000000000001,70557.0
Barisal,1988,7,33.5,25.9,422.0,90.0,1.3,6.5,4.0,22.7,90.36,4,1,Monsoon,High,7.600000000000001,37980.0
Bhola,1988,7,34.3,26.0,417.0,91.0,0.8,6.6,2.5,22.7,90.66,5,1,Monsoon,High,8.299999999999997,37947.0
Bogra,1988,7,34.5,26.2,486.0,87.0,1.5,6.2,3.9,24.88,89.36,20,1,Monsoon,High,8.3,42282.0
Chandpur,1988,7,33.8,26.2,340.0,85.0,1.1,5.4,3.4,23.26,90.67,7,1,Monsoon,High,7.599999999999998,28900.0
Comilla,1988,7,35.0,25.7,415.0,86.0,3.8,6.2,4.3,23.48,91.19,10,1,Monsoon,High,9.3,35690.0
Cox's Bazar,1988,7,33.0,25.2,777.0,88.0,2.7,6.6,3.4,21.46,91.98,4,1,Monsoon,Extreme,7.800000000000001,68376.0
Dinajpur,1988,7,35.0,26.3,401.0,84.0,0.9,5.7,4.288,25.63,88.66,37,1,Monsoon,High,8.7,33684.0
Feni,1988,7,36.1,25.3,822.0,88.0,1.5,6.9,3.6,23.01,91.37,8,1,Monsoon,Extreme,10.8,72336.0
Hatiya,1988,7,33.0,25.6,747.0,89.0,4.0,6.5,3.8,22.29,91.13,4,1,Monsoon,Extreme,7.399999999999999,66483.0
Khepupara,1988,7,32.2,25.9,614.0,90.0,2.6,6.9,3.4,21.98,90.22,3,1,Monsoon,Extreme,6.300000000000004,55260.0
Maijdee Court,1988,7,34.2,25.5,519.0,87.0,1.6,6.0,3.4,22.83,91.08,6,1,Monsoon,Extreme,8.700000000000003,45153.0
Mymensingh,1988,7,34.7,26.6,586.0,87.0,2.2,6.5,3.9,24.75,90.41,19,1,Monsoon,Extreme,8.100000000000001,50982.0
Patuakhali,1988,7,33.7,25.9,678.0,92.0,2.3,6.6,2.3,22.36,90.34,3,1,Monsoon,Extreme,7.800000000000004,62376.0
Rajshahi,1988,7,34.0,25.9,301.0,88.0,2.1,6.2,4.2,24.35,88.56,20,1,Monsoon,High,8.100000000000001,26488.0
Rangamati,1988,7,33.8,25.0,679.0,86.0,1.1,6.1,3.5,22.67,92.2,63,1,Monsoon,Extreme,8.799999999999997,58394.0
Sandwip,1988,7,32.8,25.4,782.0,91.0,2.2,6.2,4.1,22.5,91.46,6,1,Monsoon,Extreme,7.399999999999999,71162.0
Sitakunda,1988,7,34.5,25.6,791.0,85.0,2.0,6.3,2.8,22.64,91.64,4,1,Monsoon,Extreme,8.899999999999999,67235.0
Sylhet,1988,7,35.0,24.7,738.0,88.0,1.8,7.1,2.7,24.88,91.93,35,1,Monsoon,Extreme,10.3,64944.0
Tangail,1988,7,34.5,26.6,413.0,86.0,2.6,5.9,4.0,24.15,89.55,10,1,Monsoon,High,7.899999999999999,35518.0
Teknaf,1988,7,33.0,25.2,889.0,85.0,1.1,6.7,2.9,20.87,92.26,4,1,Monsoon,Extreme,7.800000000000001,75565.0
Barisal,1988,8,32.4,26.2,459.0,91.0,1.3,7.1,2.8,22.7,90.36,4,1,Monsoon,High,6.199999999999999,41769.0
Bhola,1988,8,32.2,26.2,416.0,90.0,0.7,6.7,2.1,22.7,90.66,5,1,Monsoon,High,6.000000000000004,37440.0
Chittagong (IAP-Patenga),1988,8,33.5,25.0,413.0,84.0,5.1,6.4,3.1,22.34,91.79,6,1,Monsoon,High,8.5,34692.0
Comilla,1988,8,34.1,25.8,423.0,88.0,3.3,6.5,2.9,23.48,91.19,10,1,Monsoon,High,8.3,37224.0
Cox's Bazar,1988,8,32.0,25.3,918.0,89.0,2.9,6.5,3.6,21.46,91.98,4,1,Monsoon,Extreme,6.699999999999999,81702.0
Dinajpur,1988,8,35.0,25.6,848.0,86.0,0.9,6.0,5.208,25.63,88.66,37,1,Monsoon,Extreme,9.4,72928.0
Feni,1988,8,32.6,25.1,724.0,90.0,1.5,7.0,3.0,23.01,91.37,8,1,Monsoon,Extreme,7.5,65160.0
Hatiya,1988,8,31.4,25.8,582.0,88.0,3.8,6.6,2.9,22.29,91.13,4,1,Monsoon,Extreme,5.599999999999998,51216.0
Khepupara,1988,8,32.0,26.2,603.0,88.0,1.8,7.0,2.9,21.98,90.22,3,1,Monsoon,Extreme,5.800000000000001,53064.0
Khulna,1988,8,34.0,26.5,302.0,88.0,2.4,6.8,2.9,22.8,89.58,4,1,Monsoon,High,7.5,26576.0
Kutubdia,1988,8,31.6,25.6,441.0,88.0,2.2,6.4,3.8,21.83,91.84,6,1,Monsoon,High,6.0,38808.0
Maijdee Court,1988,8,32.4,25.7,622.0,89.0,1.4,6.6,4.6,22.83,91.08,6,1,Monsoon,Extreme,6.699999999999999,55358.0
Mymensingh,1988,8,34.1,26.3,411.0,88.0,2.1,6.7,2.5,24.75,90.41,19,1,Monsoon,High,7.800000000000001,36168.0
Patuakhali,1988,8,32.2,26.4,420.0,92.0,2.1,6.7,1.9,22.36,90.34,3,1,Monsoon,High,5.800000000000004,38640.0
Rajshahi,1988,8,34.2,25.9,359.0,87.0,1.9,6.4,3.7,24.35,88.56,20,1,Monsoon,High,8.300000000000004,31233.0
Rangamati,1988,8,33.5,25.1,567.0,86.0,0.7,5.9,2.7,22.67,92.2,63,1,Monsoon,Extreme,8.399999999999999,48762.0
Rangpur,1988,8,34.8,26.2,633.0,89.0,1.9,6.6,3.0,25.72,89.26,34,1,Monsoon,Extreme,8.599999999999998,56337.0
Sandwip,1988,8,31.5,25.6,682.0,91.0,2.3,6.4,3.5,22.5,91.46,6,1,Monsoon,Extreme,5.899999999999999,62062.0
Sitakunda,1988,8,33.0,25.5,783.0,85.0,1.8,6.5,2.0,22.64,91.64,4,1,Monsoon,Extreme,7.5,66555.0
Sylhet,1988,8,35.2,24.7,1157.0,92.0,1.4,7.7,1.9,24.88,91.93,35,1,Monsoon,Extreme,10.500000000000004,106444.0
Teknaf,1988,8,32.5,25.3,643.0,88.0,1.1,7.0,3.5,20.87,92.26,4,1,Monsoon,Extreme,7.199999999999999,56584.0
Cox's Bazar,1988,9,35.0,25.5,516.0,86.0,1.5,5.5,6.1,21.46,91.98,4,1,Monsoon,Extreme,9.5,44376.0
Dinajpur,1988,9,35.0,25.6,200.0,82.0,0.8,5.1,5.184,25.63,88.66,37,1,Monsoon,Moderate,9.4,16400.0
Hatiya,1988,9,35.3,25.7,502.0,86.0,2.6,5.6,5.9,22.29,91.13,4,1,Monsoon,Extreme,9.599999999999998,43172.0
Kutubdia,1988,9,35.0,25.6,545.0,86.0,1.6,5.3,7.1,21.83,91.84,6,1,Monsoon,Extreme,9.4,46870.0
Maijdee Court,1988,9,35.5,25.4,475.0,84.0,0.7,5.2,5.8,22.83,91.08,6,1,Monsoon,High,10.1,39900.0
Mymensingh,1988,9,35.3,26.2,309.0,85.0,1.5,5.2,4.5,24.75,90.41,19,1,Monsoon,High,9.099999999999998,26265.0
Rangpur,1988,9,35.4,25.4,496.0,87.0,1.6,5.3,4.9,25.72,89.26,34,1,Monsoon,High,10.0,43152.0
Sandwip,1988,9,34.0,25.7,619.0,88.0,1.1,4.9,6.0,22.5,91.46,6,1,Monsoon,Extreme,8.3,54472.0
Sitakunda,1988,9,35.3,25.2,440.0,82.0,0.7,5.4,4.8,22.64,91.64,4,1,Monsoon,High,10.099999999999998,36080.0
Sylhet,1988,9,35.3,24.3,772.0,86.0,1.3,6.4,4.8,24.88,91.93,35,1,Monsoon,Extreme,10.999999999999996,66392.0
Chittagong (IAP-Patenga),1988,10,34.4,24.1,342.0,82.0,2.2,4.0,6.1,22.34,91.79,6,1,Post-Monsoon,High,10.299999999999995,28044.0
Dhaka,1988,10,35.1,23.8,213.0,78.0,0.6,3.7,8.3,23.78,90.39,9,0,Post-Monsoon,High,11.3,16614.0
Dhaka,1988,11,33.0,19.7,153.0,74.0,0.9,2.5,7.7,23.78,90.39,9,0,Post-Monsoon,Moderate,13.3,11322.0
Dhaka,1988,12,29.3,16.0,3.0,78.0,0.3,0.9,7.4,23.78,90.39,9,0,Winter,Low,13.3,234.0
Dhaka,1989,1,27.9,11.3,0.0,68.0,0.6,0.2,8.4,23.78,90.39,9,0,Winter,Low,16.599999999999998,0.0
Dhaka,1989,2,32.6,15.4,32.0,64.0,1.1,0.9,8.9,23.78,90.39,9,0,Winter,Low,17.200000000000003,2048.0
Dinajpur,1989,5,41.4,23.3,408.0,71.0,1.2,3.8,6.8,25.63,88.66,37,1,Pre-Monsoon,High,18.1,28968.0
Rajshahi,1989,5,43.7,24.9,224.0,73.0,2.6,3.9,6.4,24.35,88.56,20,1,Pre-Monsoon,High,18.800000000000004,16352.0
Sylhet,1989,5,35.6,24.1,543.0,80.0,1.2,5.2,6.8,24.88,91.93,35,1,Pre-Monsoon,Extreme,11.5,43440.0
Bhola,1989,6,36.0,25.9,533.0,88.0,1.4,5.3,3.4,22.7,90.66,5,1,Monsoon,Extreme,10.1,46904.0
Chandpur,1989,6,35.2,25.5,364.0,83.0,1.1,4.7,3.6,23.26,90.67,7,1,Monsoon,High,9.700000000000005,30212.0
Cox's Bazar,1989,6,35.8,25.2,766.0,85.0,2.9,5.8,4.7,21.46,91.98,4,1,Monsoon,Extreme,10.599999999999998,65110.0
Dinajpur,1989,6,36.0,25.4,253.0,82.0,1.3,4.8,5.6,25.63,88.66,37,1,Monsoon,High,10.6,20746.0
Feni,1989,6,35.5,25.5,597.0,83.0,1.7,5.9,4.3,23.01,91.37,8,1,Monsoon,Extreme,10.0,49551.0
Hatiya,1989,6,35.3,25.7,500.0,84.0,4.1,6.1,5.2,22.29,91.13,4,1,Monsoon,High,9.599999999999998,42000.0
Mongla,1989,6,35.2,26.5,341.7391304,84.0,2.5,5.591304348,4.223076923,22.43,89.66,4,1,Monsoon,High,8.700000000000003,28706.086953600003
Sandwip,1989,6,34.8,25.6,625.0,86.0,3.4,5.7,6.5,22.5,91.46,6,1,Monsoon,Extreme,9.199999999999996,53750.0
Sylhet,1989,6,35.6,24.4,970.0,86.0,1.4,6.4,3.5,24.88,91.93,35,1,Monsoon,Extreme,11.200000000000005,83420.0
Teknaf,1989,6,33.8,25.0,927.0,86.0,1.0,6.7,4.1,20.87,92.26,4,1,Monsoon,Extreme,8.799999999999997,79722.0
Barisal,1989,7,33.6,25.4,453.0,89.0,1.3,6.3,4.9,22.7,90.36,4,1,Monsoon,High,8.200000000000003,40317.0
Bogra,1989,7,35.0,25.8,594.0,87.0,1.8,6.1,3.7,24.88,89.36,20,1,Monsoon,Extreme,9.2,51678.0
Chittagong (IAP-Patenga),1989,7,34.4,25.2,1173.0,84.0,4.8,6.4,4.8,22.34,91.79,6,1,Monsoon,Extreme,9.2,98532.0
Cox's Bazar,1989,7,33.8,25.3,865.0,86.0,3.1,6.5,3.2,21.46,91.98,4,1,Monsoon,Extreme,8.499999999999996,74390.0
Dinajpur,1989,7,36.2,25.4,412.0,87.0,1.1,6.2,4.0,25.63,88.66,37,1,Monsoon,High,10.800000000000004,35844.0
Feni,1989,7,35.1,25.6,1048.0,85.0,1.8,6.4,3.9,23.01,91.37,8,1,Monsoon,Extreme,9.5,89080.0
Hatiya,1989,7,33.0,25.8,617.0,88.0,3.5,6.2,4.7,22.29,91.13,4,1,Monsoon,Extreme,7.199999999999999,54296.0
Ishurdi,1989,7,34.5,25.0,605.0,88.0,2.0,6.1,3.8,24.12,89.04,14,1,Monsoon,Extreme,9.5,53240.0
Khepupara,1989,7,32.0,25.9,581.0,87.0,3.0,6.4,4.0,21.98,90.22,3,1,Monsoon,Extreme,6.100000000000001,50547.0
Kutubdia,1989,7,33.2,25.7,555.0,88.0,2.5,6.2,4.3,21.83,91.84,6,1,Monsoon,Extreme,7.5000000000000036,48840.0
Maijdee Court,1989,7,34.0,25.8,703.0,86.0,1.2,5.9,4.4,22.83,91.08,6,1,Monsoon,Extreme,8.2,60458.0
Mongla,1989,7,35.0,26.3,381.2173913,86.0,2.3,5.934782609,3.992307692,22.43,89.66,4,1,Monsoon,High,8.7,32784.6956518
Mymensingh,1989,7,34.5,26.0,812.0,87.0,1.3,6.4,3.3,24.75,90.41,19,1,Monsoon,Extreme,8.5,70644.0
Patuakhali,1989,7,32.5,26.2,360.0,87.0,2.5,5.9,3.7,22.36,90.34,3,1,Monsoon,High,6.300000000000001,31320.0
Rajshahi,1989,7,36.0,25.2,357.0,89.0,1.7,6.4,4.2,24.35,88.56,20,1,Monsoon,High,10.8,31773.0
Rangamati,1989,7,34.4,24.8,821.0,87.0,1.1,6.2,2.9,22.67,92.2,63,1,Monsoon,Extreme,9.599999999999998,71427.0
Rangpur,1989,7,35.2,25.8,719.0,88.0,2.2,6.5,3.5,25.72,89.26,34,1,Monsoon,Extreme,9.400000000000002,63272.0
Sandwip,1989,7,33.5,25.6,450.0,88.0,2.7,6.1,4.8,22.5,91.46,6,1,Monsoon,High,7.899999999999999,39600.0
Sitakunda,1989,7,34.2,25.4,640.0,84.0,1.3,6.5,3.6,22.64,91.64,4,1,Monsoon,Extreme,8.800000000000004,53760.0
Sylhet,1989,7,35.3,25.0,1342.0,88.0,1.3,6.9,3.1,24.88,91.93,35,1,Monsoon,Extreme,10.299999999999995,118096.0
Tangail,1989,7,33.8,26.2,381.0,87.0,2.0,5.6,3.8,24.15,89.55,10,1,Monsoon,High,7.599999999999998,33147.0
Teknaf,1989,7,33.5,25.0,962.0,86.0,1.8,6.3,4.2,20.87,92.26,4,1,Monsoon,Extreme,8.5,82732.0
Dinajpur,1989,8,33.8,25.9,232.0,83.0,0.9,4.7,6.2,25.63,88.66,37,1,Monsoon,High,7.899999999999999,19256.0
Mongla,1989,8,33.5,26.3,334.5652174,87.0,2.2,5.695652174,4.369230769,22.43,89.66,4,1,Monsoon,High,7.199999999999999,29107.1739138
Sylhet,1989,8,34.6,25.2,665.0,85.0,0.9,6.4,5.1,24.88,91.93,35,1,Monsoon,Extreme,9.400000000000002,56525.0
Teknaf,1989,8,32.5,24.5,829.0,89.0,1.0,6.4,3.9,20.87,92.26,4,1,Monsoon,Extreme,8.0,73781.0
Barisal,1989,9,33.0,25.1,413.0,90.0,0.6,5.7,4.9,22.7,90.36,4,1,Monsoon,High,7.899999999999999,37170.0
Bhola,1989,9,34.0,25.8,378.0,90.0,0.7,5.6,3.1,22.7,90.66,5,1,Monsoon,High,8.2,34020.0
Cox's Bazar,1989,9,32.5,25.0,460.0,85.0,1.8,5.8,5.2,21.46,91.98,4,1,Monsoon,High,7.5,39100.0
Dinajpur,1989,9,33.5,24.7,493.0,89.0,0.9,5.8,3.3,25.63,88.66,37,1,Monsoon,High,8.8,43877.0
Khepupara,1989,9,32.5,25.7,445.0,88.0,1.3,5.8,4.0,21.98,90.22,3,1,Monsoon,High,6.800000000000001,39160.0
Kutubdia,1989,9,32.2,25.4,497.0,87.0,1.6,5.8,5.7,21.83,91.84,6,1,Monsoon,High,6.800000000000004,43239.0
Maijdee Court,1989,9,33.0,25.9,547.0,87.0,0.8,5.5,4.2,22.83,91.08,6,1,Monsoon,Extreme,7.100000000000001,47589.0
Mymensingh,1989,9,34.0,25.5,406.0,89.0,1.2,5.8,2.9,24.75,90.41,19,1,Monsoon,High,8.5,36134.0
Patuakhali,1989,9,33.5,26.0,362.0,88.0,1.4,5.5,2.9,22.36,90.34,3,1,Monsoon,High,7.5,31856.0
Rajshahi,1989,9,35.2,25.2,332.0,88.0,1.8,5.7,5.0,24.35,88.56,20,1,Monsoon,High,10.000000000000004,29216.0
Rangamati,1989,9,33.2,24.6,413.0,84.0,0.6,4.9,4.3,22.67,92.2,63,1,Monsoon,High,8.600000000000001,34692.0
Rangpur,1989,9,34.8,25.1,414.0,90.0,1.6,5.9,3.5,25.72,89.26,34,1,Monsoon,High,9.699999999999996,37260.0
Sandwip,1989,9,33.8,25.6,572.0,88.0,1.5,5.0,5.3,22.5,91.46,6,1,Monsoon,Extreme,8.199999999999996,50336.0
Sylhet,1989,9,35.0,24.2,1081.0,89.0,0.8,6.4,3.7,24.88,91.93,35,1,Monsoon,Extreme,10.8,96209.0
Teknaf,1989,9,32.5,24.8,673.0,88.0,0.8,6.1,4.8,20.87,92.26,4,1,Monsoon,Extreme,7.699999999999999,59224.0
Barisal,1989,10,34.2,24.1,451.0,90.0,0.3,4.4,4.8,22.7,90.36,4,1,Post-Monsoon,High,10.1,40590.0
Chittagong (IAP-Patenga),1989,10,33.3,23.7,404.0,86.0,1.9,5.5,5.0,22.34,91.79,6,1,Post-Monsoon,High,9.599999999999998,34744.0
Cox's Bazar,1989,10,33.0,24.1,516.0,88.0,1.4,5.8,4.9,21.46,91.98,4,1,Post-Monsoon,Extreme,8.899999999999999,45408.0
Dhaka,1989,10,35.4,24.4,240.0,82.0,0.6,4.0,6.1,23.78,90.39,9,0,Post-Monsoon,High,11.0,19680.0
Feni,1989,10,34.1,23.8,633.0,87.0,0.6,5.2,7.0,23.01,91.37,8,1,Post-Monsoon,Extreme,10.3,55071.0
Hatiya,1989,10,33.4,25.0,438.0,87.0,2.4,5.5,4.6,22.29,91.13,4,1,Post-Monsoon,High,8.399999999999999,38106.0
Khepupara,1989,10,33.6,24.7,552.0,89.0,1.7,5.0,3.5,21.98,90.22,3,1,Post-Monsoon,Extreme,8.900000000000002,49128.0
Kutubdia,1989,10,32.8,24.3,496.0,89.0,1.3,5.8,4.5,21.83,91.84,6,1,Post-Monsoon,High,8.499999999999996,44144.0
Maijdee Court,1989,10,33.2,24.6,433.0,88.0,0.5,4.8,4.5,22.83,91.08,6,1,Post-Monsoon,High,8.600000000000001,38104.0
Rangamati,1989,10,33.5,23.6,563.0,87.0,0.5,4.9,4.1,22.67,92.2,63,1,Post-Monsoon,Extreme,9.9,48981.0
Sandwip,1989,10,32.8,24.5,674.0,88.0,1.0,5.0,7.1,22.5,91.46,6,1,Post-Monsoon,Extreme,8.299999999999997,59312.0
Sitakunda,1989,10,34.3,23.8,826.0,83.0,0.7,5.3,4.0,22.64,91.64,4,1,Post-Monsoon,Extreme,10.499999999999996,68558.0
Sylhet,1989,10,34.4,23.0,524.0,86.0,1.1,4.7,5.5,24.88,91.93,35,1,Post-Monsoon,Extreme,11.4,45064.0
Dhaka,1989,11,33.4,18.8,0.0,74.0,0.2,1.3,8.5,23.78,90.39,9,0,Post-Monsoon,Low,14.599999999999998,0.0
Dhaka,1989,12,30.0,13.3,12.0,73.0,0.3,0.9,7.3,23.78,90.39,9,0,Winter,Low,16.7,876.0
Dhaka,1990,1,28.2,14.3,0.0,77.0,0.5,0.5,7.9,23.78,90.39,9,0,Winter,Low,13.9,0.0
Dhaka,1990,2,30.4,17.3,36.0,69.0,0.6,2.5,8.4,23.78,90.39,9,0,Winter,Low,13.099999999999998,2484.0
Kutubdia,1990,3,31.0,20.1,400.0,82.0,1.7,3.6,7.6,21.83,91.84,6,1,Pre-Monsoon,High,10.9,32800.0
Sylhet,1990,4,32.8,19.6,510.0,80.0,2.6,6.0,4.3,24.88,91.93,35,1,Pre-Monsoon,Extreme,13.199999999999996,40800.0
Barisal,1990,5,35.0,24.3,352.0,85.0,0.7,5.3,6.6,22.7,90.36,4,1,Pre-Monsoon,High,10.7,29920.0
Dinajpur,1990,5,35.0,23.7,245.0,81.0,1.2,4.2,7.1,25.63,88.66,37,1,Pre-Monsoon,High,11.3,19845.0
Feni,1990,5,35.6,24.8,485.0,80.0,0.8,4.9,6.4,23.01,91.37,8,1,Pre-Monsoon,High,10.8,38800.0
Maijdee Court,1990,5,35.0,25.6,429.0,81.0,0.6,4.5,6.4,22.83,91.08,6,1,Pre-Monsoon,High,9.4,34749.0
Rajshahi,1990,5,36.2,23.4,301.0,82.0,1.8,4.4,7.1,24.35,88.56,20,1,Pre-Monsoon,High,12.800000000000004,24682.0
Sylhet,1990,5,35.3,23.5,546.0,80.0,1.2,5.4,6.0,24.88,91.93,35,1,Pre-Monsoon,Extreme,11.799999999999995,43680.0
Barisal,1990,6,39.4,25.4,386.0,89.0,1.4,6.4,3.4,22.7,90.36,4,1,Monsoon,High,14.0,34354.0
Bhola,1990,6,34.0,26.3,358.0,89.0,1.0,5.9,2.7,22.7,90.66,5,1,Monsoon,High,7.699999999999999,31862.0
Bogra,1990,6,35.0,25.7,378.0,87.0,2.3,5.5,4.6,24.88,89.36,20,1,Monsoon,High,9.3,32886.0
Chandpur,1990,6,34.6,26.1,311.0,84.0,0.9,5.3,3.2,23.26,90.67,7,1,Monsoon,High,8.5,26124.0
Chittagong (IAP-Patenga),1990,6,34.5,25.2,668.0,83.0,4.0,6.5,3.8,22.34,91.79,6,1,Monsoon,Extreme,9.3,55444.0
Cox's Bazar,1990,6,34.4,25.7,1201.0,87.0,2.9,6.6,4.0,21.46,91.98,4,1,Monsoon,Extreme,8.7,104487.0
Dinajpur,1990,6,36.4,25.7,355.0,84.0,1.4,5.7,5.3,25.63,88.66,37,1,Monsoon,High,10.7,29820.0
Feni,1990,6,34.1,25.6,545.0,84.0,1.7,6.4,4.3,23.01,91.37,8,1,Monsoon,Extreme,8.5,45780.0
Hatiya,1990,6,33.1,26.5,466.0,88.0,3.3,5.9,3.8,22.29,91.13,4,1,Monsoon,High,6.600000000000001,41008.0
Kutubdia,1990,6,33.0,25.9,996.0,89.0,3.4,6.4,4.2,21.83,91.84,6,1,Monsoon,Extreme,7.100000000000001,88644.0
Maijdee Court,1990,6,34.0,25.9,631.0,86.0,1.8,5.9,3.0,22.83,91.08,6,1,Monsoon,Extreme,8.100000000000001,54266.0
Mongla,1990,6,35.3,26.8,341.7391304,87.0,1.8,5.591304348,4.223076923,22.43,89.66,4,1,Monsoon,High,8.499999999999996,29731.304344800003
Mymensingh,1990,6,34.8,25.5,529.0,88.0,1.4,6.1,3.5,24.75,90.41,19,1,Monsoon,Extreme,9.299999999999995,46552.0
Sandwip,1990,6,32.1,25.6,561.0,87.0,2.0,6.0,4.6,22.5,91.46,6,1,Monsoon,Extreme,6.5,48807.0
Sitakunda,1990,6,34.5,25.4,607.0,83.0,2.5,6.3,3.4,22.64,91.64,4,1,Monsoon,Extreme,9.1,50381.0
Sylhet,1990,6,36.3,24.9,595.0,87.0,1.1,7.0,3.0,24.88,91.93,35,1,Monsoon,Extreme,11.4,51765.0
Teknaf,1990,6,33.2,25.3,1279.0,88.0,1.2,5.7,3.4,20.87,92.26,4,1,Monsoon,Extreme,7.900000000000002,112552.0
Barisal,1990,7,32.5,25.4,457.0,92.0,1.0,6.9,2.9,22.7,90.36,4,1,Monsoon,High,7.100000000000001,42044.0
Bhola,1990,7,32.0,25.8,374.0,90.0,0.9,6.8,2.5,22.7,90.66,5,1,Monsoon,High,6.199999999999999,33660.0
Bogra,1990,7,34.0,25.9,499.0,90.0,1.6,6.1,3.5,24.88,89.36,20,1,Monsoon,High,8.100000000000001,44910.0
Chandpur,1990,7,33.5,25.7,421.0,86.0,0.8,5.9,2.6,23.26,90.67,7,1,Monsoon,High,7.800000000000001,36206.0
Chittagong (IAP-Patenga),1990,7,33.4,24.8,1038.0,88.0,3.5,7.3,4.3,22.34,91.79,6,1,Monsoon,Extreme,8.599999999999998,91344.0
Cox's Bazar,1990,7,32.4,25.4,1211.0,91.0,3.2,7.5,3.7,21.46,91.98,4,1,Monsoon,Extreme,7.0,110201.0
Dinajpur,1990,7,33.0,25.9,479.0,86.0,1.4,6.3,3.6,25.63,88.66,37,1,Monsoon,High,7.100000000000001,41194.0
Faridpur,1990,7,33.8,25.6,405.0,89.0,2.3,6.4,4.0,23.61,89.84,9,1,Monsoon,High,8.199999999999996,36045.0
Feni,1990,7,33.1,25.2,972.0,87.0,1.8,7.0,3.9,23.01,91.37,8,1,Monsoon,Extreme,7.900000000000002,84564.0
Hatiya,1990,7,31.8,25.5,723.0,91.0,2.8,6.3,3.9,22.29,91.13,4,1,Monsoon,Extreme,6.300000000000001,65793.0
Ishurdi,1990,7,33.5,25.7,422.0,88.0,1.5,6.6,3.4,24.12,89.04,14,1,Monsoon,High,7.800000000000001,37136.0
Khepupara,1990,7,32.0,25.8,1049.0,89.0,2.2,6.8,1.8,21.98,90.22,3,1,Monsoon,Extreme,6.199999999999999,93361.0
Khulna,1990,7,35.0,26.0,436.0,89.0,1.2,6.5,3.2,22.8,89.58,4,1,Monsoon,High,9.0,38804.0
Kutubdia,1990,7,31.2,25.1,1368.0,92.0,3.3,7.2,2.7,21.83,91.84,6,1,Monsoon,Extreme,6.099999999999998,125856.0
Madaripur,1990,7,34.0,25.9,425.0,85.0,1.3,6.7,3.2,23.17,90.18,5,1,Monsoon,High,8.100000000000001,36125.0
Maijdee Court,1990,7,31.5,25.7,752.0,89.0,1.2,6.4,2.5,22.83,91.08,6,1,Monsoon,Extreme,5.800000000000001,66928.0
Mongla,1990,7,34.0,25.7,381.2173913,90.0,1.1,5.934782609,3.992307692,22.43,89.66,4,1,Monsoon,High,8.3,34309.565217
Mymensingh,1990,7,33.2,25.3,477.0,89.0,1.5,6.4,3.0,24.75,90.41,19,1,Monsoon,High,7.900000000000002,42453.0
Patuakhali,1990,7,32.0,25.6,602.0,91.0,1.5,6.4,1.9,22.36,90.34,3,1,Monsoon,Extreme,6.399999999999999,54782.0
Rajshahi,1990,7,33.7,25.4,462.0,89.0,1.7,6.8,3.3,24.35,88.56,20,1,Monsoon,High,8.300000000000004,41118.0
Rangamati,1990,7,33.5,24.4,645.0,87.0,1.2,6.4,2.3,22.67,92.2,63,1,Monsoon,Extreme,9.1,56115.0
Sandwip,1990,7,31.0,24.9,1007.0,91.0,2.8,6.6,2.9,22.5,91.46,6,1,Monsoon,Extreme,6.100000000000001,91637.0
Satkhira,1990,7,33.9,26.2,458.0,87.0,2.0,6.2,3.2,22.68,89.07,6,1,Monsoon,High,7.699999999999999,39846.0
Sitakunda,1990,7,32.4,25.0,994.0,89.0,1.8,6.9,2.6,22.64,91.64,4,1,Monsoon,Extreme,7.399999999999999,88466.0
Sylhet,1990,7,35.0,25.3,784.0,87.0,1.2,7.1,3.3,24.88,91.93,35,1,Monsoon,Extreme,9.7,68208.0
Teknaf,1990,7,31.0,25.2,946.0,91.0,1.1,7.3,0.7,20.87,92.26,4,1,Monsoon,Extreme,5.800000000000001,86086.0
Barisal,1990,8,34.0,25.6,299.0,87.0,1.0,5.6,6.0,22.7,90.36,4,1,Monsoon,High,8.399999999999999,26013.0
Dinajpur,1990,8,36.2,26.2,251.0,84.0,1.0,5.0,6.2,25.63,88.66,37,1,Monsoon,High,10.000000000000004,21084.0
Feni,1990,8,35.6,25.6,543.0,84.0,1.1,5.8,4.7,23.01,91.37,8,1,Monsoon,Extreme,10.0,45612.0
Hatiya,1990,8,33.1,26.1,444.0,87.0,2.5,5.3,4.4,22.29,91.13,4,1,Monsoon,High,7.0,38628.0
Maijdee Court,1990,8,34.0,26.1,521.0,85.0,0.9,5.1,6.2,22.83,91.08,6,1,Monsoon,Extreme,7.899999999999999,44285.0
Mongla,1990,8,34.2,26.2,334.5652174,88.0,1.4,5.695652174,4.369230769,22.43,89.66,4,1,Monsoon,High,8.000000000000004,29441.7391312
Rajshahi,1990,8,36.4,25.4,238.0,85.0,1.6,5.4,5.8,24.35,88.56,20,1,Monsoon,High,11.0,20230.0
Sylhet,1990,8,35.5,25.2,547.0,86.0,1.0,6.1,4.5,24.88,91.93,35,1,Monsoon,Extreme,10.3,47042.0
Teknaf,1990,8,33.0,25.2,575.0,85.0,0.9,6.2,5.0,20.87,92.26,4,1,Monsoon,Extreme,7.800000000000001,48875.0
Bogra,1990,9,36.5,25.7,320.0,89.0,1.4,5.8,5.5,24.88,89.36,20,1,Monsoon,High,10.8,28480.0
Dinajpur,1990,9,36.0,25.2,352.0,86.0,1.3,5.4,5.7,25.63,88.66,37,1,Monsoon,High,10.8,30272.0
Ishurdi,1990,9,35.5,25.4,481.0,87.0,1.2,6.0,4.8,24.12,89.04,14,1,Monsoon,High,10.1,41847.0
Khepupara,1990,9,32.4,26.0,503.0,86.0,1.6,5.7,4.5,21.98,90.22,3,1,Monsoon,Extreme,6.399999999999999,43258.0
Madaripur,1990,9,35.0,25.7,393.0,81.0,1.5,6.1,4.2,23.17,90.18,5,1,Monsoon,High,9.3,31833.0
Mongla,1990,9,33.6,26.1,334.1304348,93.0,1.2,5.213043478,4.746153846,22.43,89.66,4,1,Monsoon,High,7.5,31074.1304364
Patuakhali,1990,9,33.0,25.6,531.0,88.0,1.2,5.8,3.3,22.36,90.34,3,1,Monsoon,Extreme,7.399999999999999,46728.0
Rajshahi,1990,9,35.9,24.8,180.0,87.0,1.7,6.1,5.1,24.35,88.56,20,1,Monsoon,Moderate,11.099999999999998,15660.0
Rangpur,1990,9,35.8,25.2,439.0,88.0,1.5,5.9,5.4,25.72,89.26,34,1,Monsoon,High,10.599999999999998,38632.0
Sandwip,1990,9,32.1,25.3,412.0,86.0,1.3,5.0,5.5,22.5,91.46,6,1,Monsoon,High,6.800000000000001,35432.0
Sylhet,1990,9,34.6,24.3,1023.0,90.0,1.0,6.7,3.5,24.88,91.93,35,1,Monsoon,Extreme,10.3,92070.0
Dhaka,1990,10,34.0,23.6,181.0,78.0,1.0,4.1,7.3,23.78,90.39,9,0,Post-Monsoon,Moderate,10.4,14118.0
Feni,1990,10,34.1,22.5,393.0,83.0,0.8,4.2,7.0,23.01,91.37,8,1,Post-Monsoon,High,11.6,32619.0
Sandwip,1990,10,33.0,23.2,462.0,82.0,1.9,3.5,7.1,22.5,91.46,6,1,Post-Monsoon,High,9.8,37884.0
Sitakunda,1990,10,34.0,22.7,435.0,81.0,0.6,3.5,4.9,22.64,91.64,4,1,Post-Monsoon,High,11.3,35235.0
Dhaka,1990,11,32.8,21.6,103.0,75.0,0.6,2.8,8.1,23.78,90.39,9,0,Post-Monsoon,Moderate,11.199999999999996,7725.0
Dhaka,1990,12,28.6,16.0,6.0,71.0,0.6,1.6,8.1,23.78,90.39,9,0,Winter,Low,12.6,426.0
Dhaka,1991,1,28.0,13.8,27.0,69.0,0.5,1.9,7.9,23.78,90.39,9,0,Winter,Low,14.2,1863.0
Dhaka,1991,2,33.0,17.5,8.0,63.0,0.8,1.3,8.4,23.78,90.39,9,0,Winter,Low,15.5,504.0
Bogra,1991,5,38.0,22.7,416.0,88.0,2.3,6.3,4.0,24.88,89.36,20,1,Pre-Monsoon,High,15.3,36608.0
Chandpur,1991,5,33.5,24.0,376.0,84.0,1.6,5.2,4.0,23.26,90.67,7,1,Pre-Monsoon,High,9.5,31584.0
Chittagong (IAP-Patenga),1991,5,33.8,25.0,464.0,80.0,3.6,4.9,7.2,22.34,91.79,6,1,Pre-Monsoon,High,8.799999999999997,37120.0
Comilla,1991,5,32.7,23.0,439.0,88.0,2.8,6.0,4.3,23.48,91.19,10,1,Pre-Monsoon,High,9.700000000000005,38632.0
Dinajpur,1991,5,37.0,22.7,400.0,84.0,1.3,6.1,5.2,25.63,88.66,37,1,Pre-Monsoon,High,14.3,33600.0
Feni,1991,5,32.8,22.5,651.0,84.0,2.6,6.3,6.4,23.01,91.37,8,1,Pre-Monsoon,Extreme,10.299999999999995,54684.0
Mymensingh,1991,5,33.0,20.4,679.0,87.0,2.5,6.6,2.2,24.75,90.41,19,1,Pre-Monsoon,Extreme,12.6,59073.0
Rangamati,1991,5,34.4,22.6,526.0,79.0,1.6,5.2,5.1,22.67,92.2,63,1,Pre-Monsoon,Extreme,11.799999999999995,41554.0
Srimangal,1991,5,33.4,21.6,831.0,86.0,1.3,6.6,2.1,24.29,91.73,23,1,Pre-Monsoon,Extreme,11.799999999999995,71466.0
Sylhet,1991,5,32.8,20.7,1071.0,88.0,2.1,7.4,1.8,24.88,91.93,35,1,Pre-Monsoon,Extreme,12.099999999999998,94248.0
Barisal,1991,6,34.4,25.1,562.0,90.0,1.3,6.6,3.0,22.7,90.36,4,1,Monsoon,Extreme,9.299999999999995,50580.0
Bhola,1991,6,34.2,26.0,732.0,91.0,0.9,6.0,2.2,22.7,90.66,5,1,Monsoon,Extreme,8.200000000000003,66612.0
Chandpur,1991,6,33.8,25.9,419.0,86.0,0.9,5.5,2.3,23.26,90.67,7,1,Monsoon,High,7.899999999999999,36034.0
Chittagong (IAP-Patenga),1991,6,33.8,25.6,774.0,84.0,3.8,7.1,4.2,22.34,91.79,6,1,Monsoon,Extreme,8.199999999999996,65016.0
Cox's Bazar,1991,6,33.0,25.2,1165.0,89.0,2.7,6.9,1.5,21.46,91.98,4,1,Monsoon,Extreme,7.800000000000001,103685.0
Dinajpur,1991,6,34.6,25.2,376.0,85.0,1.1,5.9,4.9,25.63,88.66,37,1,Monsoon,High,9.400000000000002,31960.0
Feni,1991,6,33.7,24.1,770.0,87.0,1.8,6.8,4.3,23.01,91.37,8,1,Monsoon,Extreme,9.6,66990.0
Hatiya,1991,6,32.4,25.8,781.0,91.0,3.2,6.5,2.9,22.29,91.13,4,1,Monsoon,Extreme,6.599999999999998,71071.0
Jessore,1991,6,36.0,25.8,407.0,86.0,2.5,6.3,4.0,23.17,89.22,7,1,Monsoon,High,10.2,35002.0
Khepupara,1991,6,33.6,26.1,817.0,87.0,3.2,6.6,2.9,21.98,90.22,3,1,Monsoon,Extreme,7.5,71079.0
Khulna,1991,6,35.2,25.8,421.0,88.0,1.8,6.1,4.5,22.8,89.58,4,1,Monsoon,High,9.400000000000002,37048.0
Kutubdia,1991,6,32.5,25.2,948.0,88.0,3.2,6.8,2.7,21.83,91.84,6,1,Monsoon,Extreme,7.300000000000001,83424.0
Madaripur,1991,6,34.8,25.3,541.0,85.0,1.8,6.8,2.4,23.17,90.18,5,1,Monsoon,Extreme,9.499999999999996,45985.0
Maijdee Court,1991,6,32.5,25.5,805.0,88.0,1.3,6.0,1.7,22.83,91.08,6,1,Monsoon,Extreme,7.0,70840.0
Mongla,1991,6,35.5,26.1,419.0,89.0,1.6,6.4,4.223076923,22.43,89.66,4,1,Monsoon,High,9.4,37291.0
Mymensingh,1991,6,34.0,23.8,603.0,88.0,1.4,6.4,2.3,24.75,90.41,19,1,Monsoon,Extreme,10.2,53064.0
Patuakhali,1991,6,33.5,25.8,680.0,88.0,1.5,5.8,2.8,22.36,90.34,3,1,Monsoon,Extreme,7.699999999999999,59840.0
Rajshahi,1991,6,35.2,25.5,211.0,86.0,1.8,6.0,5.1,24.35,88.56,20,1,Monsoon,High,9.700000000000005,18146.0
Rangamati,1991,6,34.5,24.9,615.0,85.0,1.0,6.2,3.0,22.67,92.2,63,1,Monsoon,Extreme,9.6,52275.0
Rangpur,1991,6,34.7,25.2,483.0,87.0,1.8,6.7,3.4,25.72,89.26,34,1,Monsoon,High,9.500000000000004,42021.0
Sandwip,1991,6,32.1,25.5,861.0,88.0,2.7,5.9,4.7,22.5,91.46,6,1,Monsoon,Extreme,6.600000000000001,75768.0
Satkhira,1991,6,36.3,26.2,518.0,85.0,2.4,6.1,2.1,22.68,89.07,6,1,Monsoon,Extreme,10.099999999999998,44030.0
Sitakunda,1991,6,33.4,25.4,766.0,85.0,2.0,6.4,3.1,22.64,91.64,4,1,Monsoon,Extreme,8.0,65110.0
Sylhet,1991,6,33.8,23.5,1203.0,89.0,1.3,7.4,1.9,24.88,91.93,35,1,Monsoon,Extreme,10.299999999999995,107067.0
Tangail,1991,6,34.0,25.4,398.0,85.0,1.9,5.9,3.3,24.15,89.55,10,1,Monsoon,High,8.600000000000001,33830.0
Teknaf,1991,6,33.8,25.5,1269.0,90.0,1.8,7.2,2.7,20.87,92.26,4,1,Monsoon,Extreme,8.299999999999997,114210.0
Barisal,1991,7,33.3,25.7,356.0,88.0,1.5,6.5,3.9,22.7,90.36,4,1,Monsoon,High,7.599999999999998,31328.0
Bogra,1991,7,35.1,26.1,404.0,86.0,1.9,6.0,4.3,24.88,89.36,20,1,Monsoon,High,9.0,34744.0
Chittagong (IAP-Patenga),1991,7,34.2,25.7,818.0,86.0,4.2,6.7,4.2,22.34,91.79,6,1,Monsoon,Extreme,8.500000000000004,70348.0
Comilla,1991,7,34.6,25.4,394.0,89.0,2.4,6.5,4.1,23.48,91.19,10,1,Monsoon,High,9.200000000000005,35066.0
Cox's Bazar,1991,7,33.3,25.4,800.0,88.0,3.2,7.0,3.7,21.46,91.98,4,1,Monsoon,Extreme,7.899999999999999,70400.0
Dinajpur,1991,7,36.0,26.3,184.0,86.0,1.2,5.6,4.6,25.63,88.66,37,1,Monsoon,Moderate,9.7,15824.0
Feni,1991,7,35.1,24.3,753.0,86.0,2.1,6.8,3.9,23.01,91.37,8,1,Monsoon,Extreme,10.8,64758.0
Hatiya,1991,7,32.4,26.2,581.0,91.0,4.0,6.2,4.2,22.29,91.13,4,1,Monsoon,Extreme,6.199999999999999,52871.0
Khepupara,1991,7,32.8,26.5,569.0,85.0,4.5,6.3,3.5,21.98,90.22,3,1,Monsoon,Extreme,6.299999999999997,48365.0
Kutubdia,1991,7,33.5,25.8,664.0,89.0,4.1,6.7,4.1,21.83,91.84,6,1,Monsoon,Extreme,7.699999999999999,59096.0
Maijdee Court,1991,7,33.6,26.2,626.0,87.0,1.4,5.9,2.8,22.83,91.08,6,1,Monsoon,Extreme,7.400000000000002,54462.0
Mongla,1991,7,34.0,26.4,395.0,88.0,1.7,6.2,3.992307692,22.43,89.66,4,1,Monsoon,High,7.600000000000001,34760.0
Patuakhali,1991,7,32.5,26.1,472.0,87.0,2.3,5.9,3.0,22.36,90.34,3,1,Monsoon,High,6.399999999999999,41064.0
Rajshahi,1991,7,35.3,25.7,286.0,88.0,2.3,6.2,5.0,24.35,88.56,20,1,Monsoon,High,9.599999999999998,25168.0
Rangamati,1991,7,35.0,25.0,462.0,85.0,1.1,6.1,3.4,22.67,92.2,63,1,Monsoon,High,10.0,39270.0
Sandwip,1991,7,32.1,26.1,701.0,90.0,3.5,6.3,4.5,22.5,91.46,6,1,Monsoon,Extreme,6.0,63090.0
Sitakunda,1991,7,34.0,25.5,685.0,85.0,1.7,6.3,3.3,22.64,91.64,4,1,Monsoon,Extreme,8.5,58225.0
Tangail,1991,7,34.8,26.3,430.0,85.0,2.8,5.7,4.2,24.15,89.55,10,1,Monsoon,High,8.499999999999996,36550.0
Teknaf,1991,7,32.0,25.3,1428.0,90.0,1.2,7.4,2.3,20.87,92.26,4,1,Monsoon,Extreme,6.699999999999999,128520.0
Barisal,1991,8,35.5,25.3,369.0,89.0,1.2,6.7,4.2,22.7,90.36,4,1,Monsoon,High,10.2,32841.0
Bhola,1991,8,35.5,26.1,396.0,92.0,0.9,6.3,3.4,22.7,90.66,5,1,Monsoon,High,9.4,36432.0
Comilla,1991,8,36.0,25.4,409.0,87.0,2.0,6.2,5.4,23.48,91.19,10,1,Monsoon,High,10.6,35583.0
Cox's Bazar,1991,8,33.5,25.4,770.0,89.0,2.8,7.1,3.5,21.46,91.98,4,1,Monsoon,Extreme,8.100000000000001,68530.0
Dinajpur,1991,8,36.1,26.2,282.0,85.0,1.1,5.7,4.7,25.63,88.66,37,1,Monsoon,High,9.900000000000002,23970.0
Feni,1991,8,36.4,24.1,494.0,85.0,2.1,6.5,4.7,23.01,91.37,8,1,Monsoon,High,12.299999999999995,41990.0
Hatiya,1991,8,34.5,25.9,519.0,92.0,3.3,6.1,4.6,22.29,91.13,4,1,Monsoon,Extreme,8.600000000000001,47748.0
Jessore,1991,8,36.0,26.1,543.0,87.0,2.2,6.3,4.6,23.17,89.22,7,1,Monsoon,Extreme,9.9,47241.0
Khepupara,1991,8,35.0,26.2,512.0,87.0,3.4,6.8,3.2,21.98,90.22,3,1,Monsoon,Extreme,8.8,44544.0
Kutubdia,1991,8,34.0,25.9,771.0,88.0,3.5,7.0,4.3,21.83,91.84,6,1,Monsoon,Extreme,8.100000000000001,67848.0
Madaripur,1991,8,35.0,25.9,458.0,84.0,2.2,6.5,3.7,23.17,90.18,5,1,Monsoon,High,9.1,38472.0
Maijdee Court,1991,8,35.6,26.1,508.0,87.0,1.5,5.9,4.7,22.83,91.08,6,1,Monsoon,Extreme,9.5,44196.0
Patuakhali,1991,8,35.0,25.9,439.0,88.0,1.6,6.3,2.9,22.36,90.34,3,1,Monsoon,High,9.1,38632.0
Rangamati,1991,8,37.3,24.8,606.0,85.0,0.8,5.9,4.2,22.67,92.2,63,1,Monsoon,Extreme,12.499999999999996,51510.0
Sandwip,1991,8,35.9,26.1,431.0,89.0,3.8,5.6,5.6,22.5,91.46,6,1,Monsoon,High,9.799999999999995,38359.0
Sylhet,1991,8,37.4,24.7,437.0,85.0,1.3,7.0,4.1,24.88,91.93,35,1,Monsoon,High,12.7,37145.0
Teknaf,1991,8,32.0,25.1,1261.0,90.0,0.8,7.4,2.9,20.87,92.26,4,1,Monsoon,Extreme,6.899999999999999,113490.0
Barisal,1991,9,33.5,25.0,232.0,90.0,0.6,6.4,3.4,22.7,90.36,4,1,Monsoon,High,8.5,20880.0
Bogra,1991,9,34.0,24.9,733.0,91.0,1.0,6.2,3.1,24.88,89.36,20,1,Monsoon,Extreme,9.1,66703.0
Chandpur,1991,9,33.6,25.7,387.0,87.0,0.4,5.1,2.9,23.26,90.67,7,1,Monsoon,High,7.900000000000002,33669.0
Chittagong (IAP-Patenga),1991,9,33.9,25.4,360.0,84.0,2.7,5.8,5.5,22.34,91.79,6,1,Monsoon,High,8.5,30240.0
Comilla,1991,9,34.7,25.1,377.0,90.0,1.5,6.0,3.6,23.48,91.19,10,1,Monsoon,High,9.6,33930.0
Cox's Bazar,1991,9,33.5,25.1,497.0,87.0,1.7,6.2,4.2,21.46,91.98,4,1,Monsoon,High,8.399999999999999,43239.0
Dinajpur,1991,9,34.0,25.1,647.0,90.0,0.8,5.7,3.7,25.63,88.66,37,1,Monsoon,Extreme,8.899999999999999,58230.0
Faridpur,1991,9,33.8,25.2,360.0,88.0,1.7,6.0,5.4,23.61,89.84,9,1,Monsoon,High,8.599999999999998,31680.0
Feni,1991,9,34.6,23.9,739.0,87.0,1.2,6.4,5.4,23.01,91.37,8,1,Monsoon,Extreme,10.700000000000005,64293.0
Hatiya,1991,9,32.4,25.9,444.0,91.0,1.9,5.7,3.9,22.29,91.13,4,1,Monsoon,High,6.5,40404.0
Ishurdi,1991,9,33.5,25.6,424.0,89.0,0.6,6.7,3.2,24.12,89.04,14,1,Monsoon,High,7.899999999999999,37736.0
Khulna,1991,9,35.0,25.9,342.0,89.0,0.7,5.9,4.1,22.8,89.58,4,1,Monsoon,High,9.1,30438.0
Maijdee Court,1991,9,33.0,26.0,441.0,88.0,0.6,5.0,3.4,22.83,91.08,6,1,Monsoon,High,7.0,38808.0
Mongla,1991,9,35.0,25.7,323.0,91.0,0.8,5.8,4.746153846,22.43,89.66,4,1,Monsoon,High,9.3,29393.0
Mymensingh,1991,9,32.6,22.9,735.0,92.0,0.8,6.3,1.5,24.75,90.41,19,1,Monsoon,Extreme,9.700000000000005,67620.0
Patuakhali,1991,9,33.2,25.9,409.0,89.0,1.1,5.4,3.4,22.36,90.34,3,1,Monsoon,High,7.300000000000004,36401.0
Rajshahi,1991,9,35.3,24.9,511.0,90.0,1.2,6.6,4.1,24.35,88.56,20,1,Monsoon,Extreme,10.4,45990.0
Rangpur,1991,9,33.8,25.3,810.0,90.0,1.7,6.4,5.2,25.72,89.26,34,1,Monsoon,Extreme,8.499999999999996,72900.0
Sandwip,1991,9,32.6,25.9,553.0,87.0,1.7,5.3,4.1,22.5,91.46,6,1,Monsoon,Extreme,6.700000000000003,48111.0
Sitakunda,1991,9,34.2,25.0,615.0,85.0,1.1,6.2,3.2,22.64,91.64,4,1,Monsoon,Extreme,9.200000000000005,52275.0
Sylhet,1991,9,33.6,23.7,781.0,90.0,0.9,6.5,2.4,24.88,91.93,35,1,Monsoon,Extreme,9.900000000000002,70290.0
Tangail,1991,9,33.4,25.5,700.0,88.0,1.2,5.6,2.6,24.15,89.55,10,1,Monsoon,Extreme,7.899999999999999,61600.0
Teknaf,1991,9,33.6,25.1,431.0,88.0,0.3,6.6,4.2,20.87,92.26,4,1,Monsoon,High,8.5,37928.0
Barisal,1991,10,33.5,23.7,497.0,89.0,0.5,4.5,5.5,22.7,90.36,4,1,Post-Monsoon,High,9.8,44233.0
Dhaka,1991,10,35.0,24.5,392.0,80.0,0.5,4.5,7.3,23.78,90.39,9,0,Post-Monsoon,High,10.5,31360.0
Feni,1991,10,35.0,22.6,420.0,84.0,0.7,4.4,7.0,23.01,91.37,8,1,Post-Monsoon,High,12.4,35280.0
Hatiya,1991,10,33.5,25.1,373.0,89.0,1.7,4.1,5.9,22.29,91.13,4,1,Post-Monsoon,High,8.399999999999999,33197.0
Khepupara,1991,10,33.5,24.7,566.0,86.0,0.9,4.0,4.8,21.98,90.22,3,1,Post-Monsoon,Extreme,8.8,48676.0
Madaripur,1991,10,35.1,24.0,346.0,81.0,0.8,4.4,4.5,23.17,90.18,5,1,Post-Monsoon,High,11.1,28026.0
Maijdee Court,1991,10,34.1,25.0,428.0,85.0,0.6,3.6,5.3,22.83,91.08,6,1,Post-Monsoon,High,9.1,36380.0
Dhaka,1991,11,30.2,19.1,14.0,74.0,0.3,1.8,8.1,23.78,90.39,9,0,Post-Monsoon,Low,11.099999999999998,1036.0
Dhaka,1991,12,29.3,15.0,106.0,73.0,0.7,2.2,8.1,23.78,90.39,9,0,Winter,Moderate,14.3,7738.0
Dhaka,1992,1,27.4,13.5,1.0,69.0,0.6,0.8,7.9,23.78,90.39,9,0,Winter,Low,13.9,69.0
Dhaka,1992,2,28.0,16.0,47.0,63.0,1.0,2.0,8.4,23.78,90.39,9,0,Winter,Low,12.0,2961.0
Patuakhali,1992,5,35.1,24.5,585.0,82.0,1.5,4.0,6.3,22.36,90.34,3,1,Pre-Monsoon,Extreme,10.6,47970.0
Sylhet,1992,5,34.3,21.0,544.0,81.0,1.6,5.6,5.5,24.88,91.93,35,1,Pre-Monsoon,Extreme,13.299999999999995,44064.0
Chittagong (IAP-Patenga),1992,6,34.8,25.6,571.0,83.0,3.0,5.2,4.6,22.34,91.79,6,1,Monsoon,Extreme,9.199999999999996,47393.0
Cox's Bazar,1992,6,36.0,25.7,767.0,83.0,2.7,5.6,5.5,21.46,91.98,4,1,Monsoon,Extreme,10.3,63661.0
Dinajpur,1992,6,38.7,25.2,212.0,80.0,1.2,4.9,6.0,25.63,88.66,37,1,Monsoon,High,13.500000000000004,16960.0
Kutubdia,1992,6,35.0,26.1,1030.0,83.0,3.5,4.8,4.1,21.83,91.84,6,1,Monsoon,Extreme,8.899999999999999,85490.0
Rangamati,1992,6,36.9,25.1,428.0,82.0,0.8,4.7,6.0,22.67,92.2,63,1,Monsoon,High,11.799999999999995,35096.0
Sandwip,1992,6,34.6,26.8,473.0,86.0,2.3,4.4,6.1,22.5,91.46,6,1,Monsoon,High,7.800000000000001,40678.0
Sitakunda,1992,6,35.0,25.8,506.0,83.0,1.4,4.9,4.3,22.64,91.64,4,1,Monsoon,Extreme,9.2,41998.0
Sylhet,1992,6,36.1,23.1,666.0,84.0,1.2,6.1,4.7,24.88,91.93,35,1,Monsoon,Extreme,13.0,55944.0
Teknaf,1992,6,34.0,25.7,807.0,90.0,1.0,5.8,5.4,20.87,92.26,4,1,Monsoon,Extreme,8.3,72630.0
Barisal,1992,7,35.5,25.5,299.0,90.0,1.3,6.9,2.6,22.7,90.36,4,1,Monsoon,High,10.0,26910.0
Bhola,1992,7,33.0,25.6,382.0,90.0,1.0,6.7,2.2,22.7,90.66,5,1,Monsoon,High,7.399999999999999,34380.0
Chandpur,1992,7,34.5,25.8,338.0,86.0,1.4,6.0,2.9,23.26,90.67,7,1,Monsoon,High,8.7,29068.0
Chittagong (IAP-Patenga),1992,7,33.0,25.0,412.0,85.0,3.5,6.4,3.5,22.34,91.79,6,1,Monsoon,High,8.0,35020.0
Cox's Bazar,1992,7,34.0,25.1,824.0,88.0,2.8,7.0,2.9,21.46,91.98,4,1,Monsoon,Extreme,8.899999999999999,72512.0
Dinajpur,1992,7,35.0,25.0,535.0,86.0,1.5,6.7,3.2,25.63,88.66,37,1,Monsoon,Extreme,10.0,46010.0
Faridpur,1992,7,33.6,24.4,387.0,87.0,2.1,6.3,3.9,23.61,89.84,9,1,Monsoon,High,9.200000000000005,33669.0
Feni,1992,7,35.1,24.7,384.0,85.0,2.2,7.0,3.9,23.01,91.37,8,1,Monsoon,High,10.400000000000002,32640.0
Hatiya,1992,7,31.6,25.4,776.0,89.0,3.2,6.5,3.3,22.29,91.13,4,1,Monsoon,Extreme,6.200000000000003,69064.0
Khepupara,1992,7,32.0,25.8,480.0,87.0,3.1,6.8,2.9,21.98,90.22,3,1,Monsoon,High,6.199999999999999,41760.0
Kutubdia,1992,7,33.5,25.5,719.0,89.0,3.5,6.7,3.3,21.83,91.84,6,1,Monsoon,Extreme,8.0,63991.0
Maijdee Court,1992,7,33.4,25.8,515.0,87.0,1.5,5.9,2.2,22.83,91.08,6,1,Monsoon,Extreme,7.599999999999998,44805.0
Mongla,1992,7,35.1,25.9,350.0,90.0,1.8,6.3,3.992307692,22.43,89.66,4,1,Monsoon,High,9.200000000000005,31500.0
Patuakhali,1992,7,33.0,26.0,713.0,89.0,1.4,6.3,2.3,22.36,90.34,3,1,Monsoon,Extreme,7.0,63457.0
Rajshahi,1992,7,36.5,25.3,244.0,87.0,1.7,6.2,4.0,24.35,88.56,20,1,Monsoon,High,11.2,21228.0
Sandwip,1992,7,32.1,25.9,490.0,90.0,2.7,6.0,3.6,22.5,91.46,6,1,Monsoon,High,6.200000000000003,44100.0
Satkhira,1992,7,35.4,25.8,407.0,85.0,1.8,6.1,3.0,22.68,89.07,6,1,Monsoon,High,9.599999999999998,34595.0
Sylhet,1992,7,35.4,24.1,901.0,88.0,1.4,7.1,2.7,24.88,91.93,35,1,Monsoon,Extreme,11.299999999999995,79288.0
Teknaf,1992,7,31.5,25.0,1018.0,89.0,1.0,7.2,2.6,20.87,92.26,4,1,Monsoon,Extreme,6.5,90602.0
Barisal,1992,8,34.3,25.3,326.0,91.0,1.2,6.1,4.6,22.7,90.36,4,1,Monsoon,High,8.999999999999996,29666.0
Chandpur,1992,8,34.1,25.8,335.0,85.0,1.0,5.7,3.3,23.26,90.67,7,1,Monsoon,High,8.3,28475.0
Cox's Bazar,1992,8,33.5,25.2,451.0,86.0,2.8,6.6,4.1,21.46,91.98,4,1,Monsoon,High,8.3,38786.0
Dinajpur,1992,8,35.6,25.7,228.0,83.0,1.1,5.4,5.7,25.63,88.66,37,1,Monsoon,High,9.900000000000002,18924.0
Hatiya,1992,8,32.8,25.8,501.0,88.0,2.3,5.5,4.1,22.29,91.13,4,1,Monsoon,Extreme,6.9999999999999964,44088.0
Maijdee Court,1992,8,34.0,25.8,457.0,85.0,1.0,5.5,4.7,22.83,91.08,6,1,Monsoon,High,8.2,38845.0
Patuakhali,1992,8,34.3,26.1,599.0,86.0,1.3,5.6,4.1,22.36,90.34,3,1,Monsoon,Extreme,8.199999999999996,51514.0
Rajshahi,1992,8,36.0,25.7,185.0,86.0,1.5,5.5,6.1,24.35,88.56,20,1,Monsoon,Moderate,10.3,15910.0
Sandwip,1992,8,33.1,26.0,681.0,88.0,2.3,5.4,6.5,22.5,91.46,6,1,Monsoon,Extreme,7.100000000000001,59928.0
Teknaf,1992,8,34.2,25.3,704.0,88.0,1.1,6.6,4.0,20.87,92.26,4,1,Monsoon,Extreme,8.900000000000002,61952.0
Bogra,1992,9,35.6,25.3,424.0,85.0,1.5,4.2,6.5,24.88,89.36,20,1,Monsoon,High,10.3,36040.0
Dinajpur,1992,9,34.8,24.7,483.0,85.0,0.9,4.1,6.5,25.63,88.66,37,1,Monsoon,High,10.099999999999998,41055.0
Hatiya,1992,9,33.2,25.9,560.0,88.0,2.2,5.3,5.7,22.29,91.13,4,1,Monsoon,Extreme,7.300000000000004,49280.0
Khepupara,1992,9,34.5,25.7,417.0,85.0,2.2,5.0,4.3,21.98,90.22,3,1,Monsoon,High,8.8,35445.0
Rajshahi,1992,9,35.3,25.2,124.0,83.0,1.3,4.1,6.3,24.35,88.56,20,1,Monsoon,Moderate,10.099999999999998,10292.0
Rangpur,1992,9,35.1,25.3,552.0,89.0,1.2,4.9,6.6,25.72,89.26,34,1,Monsoon,Extreme,9.8,49128.0
Sandwip,1992,9,33.6,26.1,584.0,87.0,2.0,4.8,5.6,22.5,91.46,6,1,Monsoon,Extreme,7.5,50808.0
Sylhet,1992,9,35.5,22.3,459.0,86.0,1.1,5.9,4.6,24.88,91.93,35,1,Monsoon,High,13.2,39474.0
Tangail,1992,9,35.0,25.3,472.0,86.0,1.3,4.4,5.4,24.15,89.55,10,1,Monsoon,High,9.7,40592.0
Chittagong (IAP-Patenga),1992,10,33.5,24.2,435.0,83.0,0.9,4.1,6.1,22.34,91.79,6,1,Post-Monsoon,High,9.3,36105.0
Dhaka,1992,10,34.6,23.8,83.0,80.0,0.6,3.1,6.4,23.78,90.39,9,0,Post-Monsoon,Moderate,10.8,6640.0
Sitakunda,1992,10,34.5,23.6,480.0,83.0,0.5,3.8,5.4,22.64,91.64,4,1,Post-Monsoon,High,10.9,39840.0
Teknaf,1992,10,34.0,23.9,436.0,84.0,0.7,3.4,7.0,20.87,92.26,4,1,Post-Monsoon,High,10.1,36624.0
Dhaka,1992,11,33.5,18.6,2.0,74.0,0.5,2.6,7.2,23.78,90.39,9,0,Post-Monsoon,Low,14.9,148.0
Dhaka,1992,12,27.8,12.4,0.0,73.0,0.5,0.5,7.5,23.78,90.39,9,0,Winter,Low,15.4,0.0
Dhaka,1993,1,28.6,12.0,5.0,73.0,0.5,1.2,6.3,23.78,90.39,9,0,Winter,Low,16.6,365.0
Dhaka,1993,2,32.0,16.7,53.0,69.0,0.8,1.8,7.4,23.78,90.39,9,0,Winter,Moderate,15.3,3657.0
Barisal,1993,5,34.5,23.8,352.0,87.0,1.6,5.2,6.9,22.7,90.36,4,1,Pre-Monsoon,High,10.7,30624.0
Chandpur,1993,5,34.8,23.9,317.0,81.0,1.3,4.6,5.6,23.26,90.67,7,1,Pre-Monsoon,High,10.9,25677.0
Chittagong (IAP-Patenga),1993,5,34.0,23.4,667.0,81.0,3.3,4.5,6.3,22.34,91.79,6,1,Pre-Monsoon,Extreme,10.6,54027.0
Comilla,1993,5,34.5,23.4,638.0,86.0,2.0,4.9,6.4,23.48,91.19,10,1,Pre-Monsoon,Extreme,11.1,54868.0
Cox's Bazar,1993,5,33.6,24.2,508.0,81.0,3.1,5.1,7.6,21.46,91.98,4,1,Pre-Monsoon,Extreme,9.400000000000002,41148.0
Dinajpur,1993,5,35.0,22.7,308.0,81.0,1.2,5.0,5.9,25.63,88.66,37,1,Pre-Monsoon,High,12.3,24948.0
Feni,1993,5,34.9,22.9,525.0,82.0,2.4,5.1,6.3,23.01,91.37,8,1,Pre-Monsoon,Extreme,12.0,43050.0
Maijdee Court,1993,5,34.0,24.3,481.0,83.0,1.5,5.1,5.2,22.83,91.08,6,1,Pre-Monsoon,High,9.7,39923.0
Rangamati,1993,5,35.6,22.2,475.0,80.0,1.1,4.8,5.9,22.67,92.2,63,1,Pre-Monsoon,High,13.400000000000002,38000.0
Sandwip,1993,5,32.6,24.8,463.0,85.0,2.6,4.3,6.2,22.5,91.46,6,1,Pre-Monsoon,High,7.800000000000001,39355.0
Sitakunda,1993,5,34.5,23.7,743.0,82.0,1.6,4.7,5.0,22.64,91.64,4,1,Pre-Monsoon,Extreme,10.8,60926.0
Sylhet,1993,5,35.4,21.9,577.0,84.0,1.6,6.3,4.4,24.88,91.93,35,1,Pre-Monsoon,Extreme,13.5,48468.0
Teknaf,1993,5,33.2,24.2,526.0,80.0,1.0,4.4,7.8,20.87,92.26,4,1,Pre-Monsoon,Extreme,9.000000000000004,42080.0
Barisal,1993,6,34.4,25.5,384.0,89.0,2.1,6.1,4.9,22.7,90.36,4,1,Monsoon,High,8.899999999999999,34176.0
Bhola,1993,6,33.4,25.6,631.0,89.0,1.3,6.3,3.4,22.7,90.66,5,1,Monsoon,Extreme,7.799999999999997,56159.0
Bogra,1993,6,35.4,25.0,466.0,87.0,2.3,5.8,4.9,24.88,89.36,20,1,Monsoon,High,10.4,40542.0
Chittagong (IAP-Patenga),1993,6,33.0,24.5,781.0,85.0,4.9,5.9,3.8,22.34,91.79,6,1,Monsoon,Extreme,8.5,66385.0
Comilla,1993,6,34.0,25.7,506.0,88.0,2.7,6.2,5.0,23.48,91.19,10,1,Monsoon,Extreme,8.3,44528.0
Cox's Bazar,1993,6,33.0,25.0,835.0,89.0,3.4,6.5,3.4,21.46,91.98,4,1,Monsoon,Extreme,8.0,74315.0
Dinajpur,1993,6,35.5,25.0,495.0,85.0,1.3,5.7,5.8,25.63,88.66,37,1,Monsoon,High,10.5,42075.0
Faridpur,1993,6,34.5,24.4,502.0,86.0,2.7,6.2,5.1,23.61,89.84,9,1,Monsoon,Extreme,10.1,43172.0
Feni,1993,6,33.7,24.7,656.0,85.0,3.3,6.3,4.3,23.01,91.37,8,1,Monsoon,Extreme,9.000000000000004,55760.0
Jessore,1993,6,36.1,25.6,437.0,85.0,3.4,5.7,4.3,23.17,89.22,7,1,Monsoon,High,10.5,37145.0
Khepupara,1993,6,33.2,25.5,635.0,86.0,4.8,6.2,4.0,21.98,90.22,3,1,Monsoon,Extreme,7.700000000000003,54610.0
Khulna,1993,6,35.2,25.8,638.0,86.0,2.7,5.9,4.6,22.8,89.58,4,1,Monsoon,Extreme,9.400000000000002,54868.0
Kutubdia,1993,6,33.2,25.0,830.0,89.0,2.1,5.7,3.8,21.83,91.84,6,1,Monsoon,Extreme,8.200000000000003,73870.0
Madaripur,1993,6,34.8,25.2,370.0,82.0,1.8,6.4,3.8,23.17,90.18,5,1,Monsoon,High,9.599999999999998,30340.0
Maijdee Court,1993,6,33.0,25.9,557.0,87.0,2.2,6.1,2.7,22.83,91.08,6,1,Monsoon,Extreme,7.100000000000001,48459.0
Mongla,1993,6,35.0,26.1,424.0,88.0,3.0,6.0,4.223076923,22.43,89.66,4,1,Monsoon,High,8.899999999999999,37312.0
Mymensingh,1993,6,34.2,24.9,848.0,86.0,2.5,6.5,4.2,24.75,90.41,19,1,Monsoon,Extreme,9.300000000000004,72928.0
Patuakhali,1993,6,33.5,25.9,563.0,87.0,2.2,6.1,3.0,22.36,90.34,3,1,Monsoon,Extreme,7.600000000000001,48981.0
Rajshahi,1993,6,37.6,25.2,455.0,84.0,2.1,5.8,5.4,24.35,88.56,20,1,Monsoon,High,12.400000000000002,38220.0
Rangamati,1993,6,34.0,24.3,784.0,84.0,1.2,6.0,4.2,22.67,92.2,63,1,Monsoon,Extreme,9.7,65856.0
Rangpur,1993,6,34.6,24.6,633.0,88.0,1.8,5.9,5.1,25.72,89.26,34,1,Monsoon,Extreme,10.0,55704.0
Sandwip,1993,6,32.1,26.0,618.0,90.0,4.0,5.7,3.6,22.5,91.46,6,1,Monsoon,Extreme,6.100000000000001,55620.0
Sitakunda,1993,6,32.7,25.4,654.0,86.0,2.0,5.8,3.7,22.64,91.64,4,1,Monsoon,Extreme,7.300000000000004,56244.0
Srimangal,1993,6,34.6,23.8,748.0,86.0,0.5,5.6,3.9,24.29,91.73,23,1,Monsoon,Extreme,10.8,64328.0
Sylhet,1993,6,35.1,23.8,1066.0,88.0,1.7,7.1,3.6,24.88,91.93,35,1,Monsoon,Extreme,11.3,93808.0
Tangail,1993,6,34.5,25.1,509.0,87.0,2.0,6.1,5.0,24.15,89.55,10,1,Monsoon,Extreme,9.4,44283.0
Teknaf,1993,6,33.5,25.0,1331.0,89.0,0.7,5.8,3.2,20.87,92.26,4,1,Monsoon,Extreme,8.5,118459.0
Barisal,1993,7,33.2,25.5,408.0,90.0,2.1,6.4,3.9,22.7,90.36,4,1,Monsoon,High,7.700000000000003,36720.0
Bhola,1993,7,32.5,26.0,473.0,91.0,0.9,6.3,2.7,22.7,90.66,5,1,Monsoon,High,6.5,43043.0
Bogra,1993,7,34.6,26.1,432.0,86.0,1.9,5.7,5.3,24.88,89.36,20,1,Monsoon,High,8.5,37152.0
Chandpur,1993,7,33.8,25.9,414.0,85.0,1.2,5.6,2.4,23.26,90.67,7,1,Monsoon,High,7.899999999999999,35190.0
Chittagong (IAP-Patenga),1993,7,33.3,25.0,437.0,84.0,4.4,6.0,3.9,22.34,91.79,6,1,Monsoon,High,8.299999999999997,36708.0
Comilla,1993,7,34.0,25.6,537.0,89.0,2.2,5.9,4.5,23.48,91.19,10,1,Monsoon,Extreme,8.399999999999999,47793.0
Cox's Bazar,1993,7,33.5,25.5,672.0,87.0,3.7,6.4,4.3,21.46,91.98,4,1,Monsoon,Extreme,8.0,58464.0
Dinajpur,1993,7,34.7,26.6,218.0,83.0,1.2,5.8,5.7,25.63,88.66,37,1,Monsoon,High,8.100000000000001,18094.0
Feni,1993,7,34.1,24.8,616.0,85.0,2.6,6.4,4.1,23.01,91.37,8,1,Monsoon,Extreme,9.3,52360.0
Kutubdia,1993,7,33.5,25.3,478.0,88.0,2.4,5.3,4.7,21.83,91.84,6,1,Monsoon,High,8.2,42064.0
Madaripur,1993,7,34.7,25.8,405.0,85.0,1.9,6.8,2.8,23.17,90.18,5,1,Monsoon,High,8.900000000000002,34425.0
Maijdee Court,1993,7,32.4,25.7,502.0,87.0,2.1,6.5,3.1,22.83,91.08,6,1,Monsoon,Extreme,6.699999999999999,43674.0
Mymensingh,1993,7,33.9,26.1,512.0,85.0,2.2,6.2,3.9,24.75,90.41,19,1,Monsoon,Extreme,7.799999999999997,43520.0
Patuakhali,1993,7,32.5,26.5,572.0,90.0,1.6,6.0,3.2,22.36,90.34,3,1,Monsoon,Extreme,6.0,51480.0
Rajshahi,1993,7,34.6,26.0,241.0,87.0,1.7,6.0,3.8,24.35,88.56,20,1,Monsoon,High,8.600000000000001,20967.0
Rangamati,1993,7,34.8,23.2,980.0,84.0,1.2,6.2,4.1,22.67,92.2,63,1,Monsoon,Extreme,11.599999999999998,82320.0
Rangpur,1993,7,34.8,26.0,499.0,85.0,1.6,6.1,5.5,25.72,89.26,34,1,Monsoon,High,8.799999999999997,42415.0
Sandwip,1993,7,32.1,26.1,604.0,90.0,3.2,6.0,4.3,22.5,91.46,6,1,Monsoon,Extreme,6.0,54360.0
Sitakunda,1993,7,33.0,25.5,560.0,86.0,1.9,6.0,3.4,22.64,91.64,4,1,Monsoon,Extreme,7.5,48160.0
Sylhet,1993,7,35.2,25.1,1172.0,88.0,1.4,7.0,4.1,24.88,91.93,35,1,Monsoon,Extreme,10.1,103136.0
Tangail,1993,7,34.0,26.0,477.0,87.0,1.9,6.0,4.6,24.15,89.55,10,1,Monsoon,High,8.0,41499.0
Teknaf,1993,7,32.5,25.5,702.0,89.0,1.1,6.0,3.2,20.87,92.26,4,1,Monsoon,Extreme,7.0,62478.0
Barisal,1993,8,33.8,25.7,556.0,91.0,1.5,6.6,3.5,22.7,90.36,4,1,Monsoon,Extreme,8.099999999999998,50596.0
Bhola,1993,8,33.0,26.2,681.0,91.0,0.8,6.5,2.8,22.7,90.66,5,1,Monsoon,Extreme,6.800000000000001,61971.0
Chandpur,1993,8,33.1,26.2,448.0,85.0,1.1,5.9,2.9,23.26,90.67,7,1,Monsoon,High,6.900000000000002,38080.0
Chittagong (IAP-Patenga),1993,8,33.0,25.0,729.0,86.0,4.5,6.2,4.4,22.34,91.79,6,1,Monsoon,Extreme,8.0,62694.0
Cox's Bazar,1993,8,32.2,25.4,736.0,88.0,3.3,6.7,3.0,21.46,91.98,4,1,Monsoon,Extreme,6.800000000000004,64768.0
Dinajpur,1993,8,34.0,26.1,565.0,88.0,1.0,6.2,4.2,25.63,88.66,37,1,Monsoon,Extreme,7.899999999999999,49720.0
Faridpur,1993,8,32.7,24.5,352.0,88.0,1.9,6.3,3.2,23.61,89.84,9,1,Monsoon,High,8.200000000000003,30976.0
Feni,1993,8,33.5,24.6,784.0,86.0,2.8,6.3,4.7,23.01,91.37,8,1,Monsoon,Extreme,8.899999999999999,67424.0
Khepupara,1993,8,31.9,25.8,493.0,88.0,3.3,6.2,3.6,21.98,90.22,3,1,Monsoon,High,6.099999999999998,43384.0
Kutubdia,1993,8,31.8,25.6,662.0,88.0,1.9,6.5,3.4,21.83,91.84,6,1,Monsoon,Extreme,6.199999999999999,58256.0
Maijdee Court,1993,8,32.1,26.0,732.0,88.0,1.7,6.2,3.7,22.83,91.08,6,1,Monsoon,Extreme,6.100000000000001,64416.0
Mongla,1993,8,34.1,26.4,379.0,90.0,2.3,6.1,4.369230769,22.43,89.66,4,1,Monsoon,High,7.700000000000003,34110.0
Mymensingh,1993,8,32.9,26.4,490.0,86.0,2.4,6.4,3.6,24.75,90.41,19,1,Monsoon,High,6.5,42140.0
Patuakhali,1993,8,33.0,26.2,786.0,91.0,1.1,6.0,3.0,22.36,90.34,3,1,Monsoon,Extreme,6.800000000000001,71526.0
Rangamati,1993,8,34.0,22.8,727.0,86.0,1.0,5.9,4.1,22.67,92.2,63,1,Monsoon,Extreme,11.2,62522.0
Rangpur,1993,8,35.6,26.1,573.0,88.0,1.4,6.5,4.3,25.72,89.26,34,1,Monsoon,Extreme,9.5,50424.0
Sandwip,1993,8,31.6,26.2,661.0,90.0,3.2,6.1,4.2,22.5,91.46,6,1,Monsoon,Extreme,5.400000000000002,59490.0
Sitakunda,1993,8,32.0,25.4,737.0,88.0,1.3,6.2,3.3,22.64,91.64,4,1,Monsoon,Extreme,6.600000000000001,64856.0
Sylhet,1993,8,34.5,25.5,586.0,87.0,1.4,7.2,3.1,24.88,91.93,35,1,Monsoon,Extreme,9.0,50982.0
Teknaf,1993,8,31.2,24.7,1335.0,91.0,0.9,6.6,2.2,20.87,92.26,4,1,Monsoon,Extreme,6.5,121485.0
Dinajpur,1993,9,35.0,25.1,361.0,86.0,1.0,5.9,5.0,25.63,88.66,37,1,Monsoon,High,9.9,31046.0
Ishurdi,1993,9,35.0,25.3,357.0,88.0,1.5,5.8,4.5,24.12,89.04,14,1,Monsoon,High,9.7,31416.0
Jessore,1993,9,35.6,25.2,336.0,88.0,1.7,6.0,3.9,23.17,89.22,7,1,Monsoon,High,10.400000000000002,29568.0
Madaripur,1993,9,35.0,25.5,349.0,83.0,1.3,6.3,4.4,23.17,90.18,5,1,Monsoon,High,9.5,28967.0
Mymensingh,1993,9,35.4,25.2,525.0,85.0,1.5,5.2,4.4,24.75,90.41,19,1,Monsoon,Extreme,10.2,44625.0
Rajshahi,1993,9,34.9,25.5,357.0,89.0,1.3,5.6,4.6,24.35,88.56,20,1,Monsoon,High,9.4,31773.0
Satkhira,1993,9,35.5,25.5,430.0,88.0,1.1,5.6,4.1,22.68,89.07,6,1,Monsoon,High,10.0,37840.0
Sylhet,1993,9,35.6,24.6,752.0,86.0,1.0,6.6,4.6,24.88,91.93,35,1,Monsoon,Extreme,11.0,64672.0
Tangail,1993,9,34.9,25.6,513.0,86.0,1.2,5.7,3.9,24.15,89.55,10,1,Monsoon,Extreme,9.299999999999995,44118.0
Dhaka,1993,10,33.6,23.8,217.0,82.0,0.3,3.7,5.8,23.78,90.39,9,0,Post-Monsoon,High,9.8,17794.0
Rajshahi,1993,10,34.5,23.5,159.0,85.0,0.7,3.1,7.1,24.35,88.56,20,1,Post-Monsoon,Moderate,11.0,13515.0
Dhaka,1993,11,30.8,19.2,19.0,79.0,0.3,1.4,7.4,23.78,90.39,9,0,Post-Monsoon,Low,11.6,1501.0
Dhaka,1993,12,29.1,13.7,0.0,75.0,0.3,1.4,7.5,23.78,90.39,9,0,Winter,Low,15.400000000000002,0.0
Dhaka,1994,1,29.1,13.1,13.0,69.0,0.6,1.0,6.9,23.78,90.39,9,0,Winter,Low,16.0,897.0
Dhaka,1994,2,31.0,14.1,54.0,67.0,0.6,1.3,7.6,23.78,90.39,9,0,Winter,Moderate,16.9,3618.0
Sylhet,1994,3,32.0,18.2,515.0,74.0,1.8,4.5,5.9,24.88,91.93,35,1,Pre-Monsoon,Extreme,13.8,38110.0
Chandpur,1994,4,36.5,23.4,310.0,75.0,0.4,2.8,7.2,23.26,90.67,7,1,Pre-Monsoon,High,13.1,23250.0
Maijdee Court,1994,4,36.4,23.7,430.0,74.0,1.4,3.1,7.5,22.83,91.08,6,1,Pre-Monsoon,High,12.7,31820.0
Tangail,1994,5,37.0,23.9,406.0,81.0,1.8,4.1,7.2,24.15,89.55,10,1,Pre-Monsoon,High,13.1,32886.0
Barisal,1994,6,35.5,25.5,571.0,89.0,1.2,6.4,3.3,22.7,90.36,4,1,Monsoon,Extreme,10.0,50819.0
Bhola,1994,6,34.8,26.0,559.0,88.0,1.1,5.9,2.8,22.7,90.66,5,1,Monsoon,Extreme,8.799999999999997,49192.0
Chittagong (IAP-Patenga),1994,6,34.2,25.8,581.0,84.0,5.1,6.3,2.8,22.34,91.79,6,1,Monsoon,Extreme,8.400000000000002,48804.0
Comilla,1994,6,35.0,25.6,431.0,88.0,2.6,5.9,5.9,23.48,91.19,10,1,Monsoon,High,9.4,37928.0
Cox's Bazar,1994,6,34.5,25.8,1022.0,87.0,3.0,7.0,2.7,21.46,91.98,4,1,Monsoon,Extreme,8.7,88914.0
Dinajpur,1994,6,35.9,25.6,294.0,83.0,1.1,5.8,4.2,25.63,88.66,37,1,Monsoon,High,10.299999999999995,24402.0
Feni,1994,6,35.0,25.3,534.0,85.0,2.3,6.1,3.1,23.01,91.37,8,1,Monsoon,Extreme,9.7,45390.0
Hatiya,1994,6,33.6,25.1,644.0,90.0,1.9,6.0,2.9,22.29,91.13,4,1,Monsoon,Extreme,8.5,57960.0
Jessore,1994,6,36.9,26.2,365.0,85.0,2.7,6.3,3.9,23.17,89.22,7,1,Monsoon,High,10.7,31025.0
Khepupara,1994,6,35.2,25.9,671.0,87.0,3.1,6.1,2.5,21.98,90.22,3,1,Monsoon,Extreme,9.300000000000004,58377.0
Kutubdia,1994,6,34.5,25.5,618.0,85.0,3.0,6.4,3.8,21.83,91.84,6,1,Monsoon,Extreme,9.0,52530.0
Madaripur,1994,6,35.1,26.0,399.0,84.0,1.9,6.6,2.6,23.17,90.18,5,1,Monsoon,High,9.1,33516.0
Maijdee Court,1994,6,34.0,26.3,980.0,86.0,3.0,6.1,3.3,22.83,91.08,6,1,Monsoon,Extreme,7.699999999999999,84280.0
Mongla,1994,6,36.3,26.7,344.0,88.0,2.2,5.8,4.223076923,22.43,89.66,4,1,Monsoon,High,9.599999999999998,30272.0
Patuakhali,1994,6,35.8,26.3,706.0,89.0,1.1,6.3,2.2,22.36,90.34,3,1,Monsoon,Extreme,9.499999999999996,62834.0
Rajshahi,1994,6,38.4,26.0,237.0,85.0,1.5,5.8,4.9,24.35,88.56,20,1,Monsoon,High,12.4,20145.0
Sandwip,1994,6,32.9,26.4,833.0,90.0,3.0,5.9,2.7,22.5,91.46,6,1,Monsoon,Extreme,6.5,74970.0
Sitakunda,1994,6,34.2,25.7,504.0,85.0,1.5,6.1,2.7,22.64,91.64,4,1,Monsoon,Extreme,8.500000000000004,42840.0
Srimangal,1994,6,35.2,24.9,216.0,82.0,0.4,5.3,4.3,24.29,91.73,23,1,Monsoon,High,10.300000000000004,17712.0
Sylhet,1994,6,34.2,24.8,584.0,85.0,1.5,7.1,3.5,24.88,91.93,35,1,Monsoon,Extreme,9.400000000000002,49640.0
Teknaf,1994,6,34.0,25.2,1446.0,91.0,1.3,6.8,1.7,20.87,92.26,4,1,Monsoon,Extreme,8.8,131586.0
Barisal,1994,7,33.2,25.7,202.0,88.0,1.3,6.4,4.2,22.7,90.36,4,1,Monsoon,High,7.5000000000000036,17776.0
Chittagong (IAP-Patenga),1994,7,33.6,25.4,380.0,84.0,5.1,6.2,3.7,22.34,91.79,6,1,Monsoon,High,8.200000000000003,31920.0
Cox's Bazar,1994,7,32.5,25.2,767.0,89.0,3.1,7.0,3.0,21.46,91.98,4,1,Monsoon,Extreme,7.300000000000001,68263.0
Hatiya,1994,7,32.2,24.7,555.0,92.0,2.7,6.1,3.8,22.29,91.13,4,1,Monsoon,Extreme,7.5000000000000036,51060.0
Khepupara,1994,7,32.5,25.8,457.0,87.0,3.5,6.6,2.9,21.98,90.22,3,1,Monsoon,High,6.699999999999999,39759.0
Kutubdia,1994,7,32.5,25.1,746.0,88.0,2.9,6.1,3.9,21.83,91.84,6,1,Monsoon,Extreme,7.399999999999999,65648.0
Maijdee Court,1994,7,32.5,26.1,397.0,85.0,2.7,6.3,4.7,22.83,91.08,6,1,Monsoon,High,6.399999999999999,33745.0
Patuakhali,1994,7,33.6,26.0,400.0,90.0,1.4,6.6,2.5,22.36,90.34,3,1,Monsoon,High,7.600000000000001,36000.0
Rangamati,1994,7,34.2,24.7,457.0,81.0,0.8,6.1,4.3,22.67,92.2,63,1,Monsoon,High,9.500000000000004,37017.0
Sandwip,1994,7,32.5,26.1,405.0,89.0,2.7,5.9,4.5,22.5,91.46,6,1,Monsoon,High,6.399999999999999,36045.0
Satkhira,1994,7,35.0,26.4,426.0,84.0,1.2,6.0,3.8,22.68,89.07,6,1,Monsoon,High,8.600000000000001,35784.0
Sylhet,1994,7,36.2,25.3,757.0,82.0,1.5,6.8,5.6,24.88,91.93,35,1,Monsoon,Extreme,10.900000000000002,62074.0
Teknaf,1994,7,33.0,24.7,1475.0,92.0,1.7,6.8,1.8,20.87,92.26,4,1,Monsoon,Extreme,8.3,135700.0
Barisal,1994,8,33.0,25.4,378.0,88.0,1.1,6.4,4.2,22.7,90.36,4,1,Monsoon,High,7.600000000000001,33264.0
Chandpur,1994,8,33.5,25.8,383.0,83.0,1.0,5.5,3.7,23.26,90.67,7,1,Monsoon,High,7.699999999999999,31789.0
Chittagong (IAP-Patenga),1994,8,33.5,25.3,397.0,85.0,4.4,6.2,4.4,22.34,91.79,6,1,Monsoon,High,8.2,33745.0
Cox's Bazar,1994,8,32.0,25.3,520.0,86.0,3.1,6.7,5.1,21.46,91.98,4,1,Monsoon,Extreme,6.699999999999999,44720.0
Feni,1994,8,34.8,24.4,357.0,84.0,2.1,5.8,4.9,23.01,91.37,8,1,Monsoon,High,10.4,29988.0
Hatiya,1994,8,31.5,24.7,426.0,89.0,2.7,6.0,4.2,22.29,91.13,4,1,Monsoon,High,6.800000000000001,37914.0
Khepupara,1994,8,32.0,25.8,494.0,87.0,3.8,6.2,3.8,21.98,90.22,3,1,Monsoon,High,6.199999999999999,42978.0
Maijdee Court,1994,8,32.8,26.0,636.0,87.0,2.0,6.2,4.6,22.83,91.08,6,1,Monsoon,Extreme,6.799999999999997,55332.0
Mongla,1994,8,33.3,26.2,380.0,89.0,2.5,5.9,4.369230769,22.43,89.66,4,1,Monsoon,High,7.099999999999998,33820.0
Patuakhali,1994,8,32.5,25.8,701.0,91.0,1.6,6.8,3.0,22.36,90.34,3,1,Monsoon,Extreme,6.699999999999999,63791.0
Rajshahi,1994,8,35.0,26.2,206.0,84.0,1.4,5.6,5.2,24.35,88.56,20,1,Monsoon,High,8.8,17304.0
Rangamati,1994,8,34.6,24.6,366.0,82.0,0.6,6.3,5.0,22.67,92.2,63,1,Monsoon,High,10.0,30012.0
Sandwip,1994,8,32.1,25.9,487.0,88.0,2.3,5.7,4.1,22.5,91.46,6,1,Monsoon,High,6.200000000000003,42856.0
Sitakunda,1994,8,33.4,25.3,533.0,85.0,1.1,6.3,3.6,22.64,91.64,4,1,Monsoon,Extreme,8.099999999999998,45305.0
Sylhet,1994,8,36.0,25.9,573.0,83.0,1.1,6.9,4.9,24.88,91.93,35,1,Monsoon,Extreme,10.1,47559.0
Teknaf,1994,8,32.3,22.5,1017.0,90.0,1.9,6.3,4.2,20.87,92.26,4,1,Monsoon,Extreme,9.799999999999995,91530.0
Dinajpur,1994,9,35.0,25.0,248.0,81.0,0.7,4.4,6.4,25.63,88.66,37,1,Monsoon,High,10.0,20088.0
Hatiya,1994,9,30.2,24.2,404.0,84.0,1.5,4.4,5.0,22.29,91.13,4,1,Monsoon,High,6.0,33936.0
Rajshahi,1994,9,34.6,24.8,171.0,79.0,0.9,4.4,5.8,24.35,88.56,20,1,Monsoon,Moderate,9.8,13509.0
Sandwip,1994,9,33.6,25.8,428.0,84.0,1.5,4.0,6.7,22.5,91.46,6,1,Monsoon,High,7.800000000000001,35952.0
Teknaf,1994,9,32.8,22.9,425.0,86.0,1.3,4.5,5.2,20.87,92.26,4,1,Monsoon,High,9.9,36550.0
Dhaka,1994,10,34.5,23.3,55.0,74.0,0.4,3.0,7.1,23.78,90.39,9,0,Post-Monsoon,Moderate,11.2,4070.0
Dhaka,1994,11,33.0,18.8,14.0,71.0,0.3,3.1,6.1,23.78,90.39,9,0,Post-Monsoon,Low,14.2,994.0
Dhaka,1994,12,29.8,12.5,0.0,65.0,0.2,0.6,7.3,23.78,90.39,9,0,Winter,Low,17.3,0.0
Dhaka,1995,1,29.2,11.3,8.0,64.0,0.5,1.6,7.2,23.78,90.39,9,0,Winter,Low,17.9,512.0
Dhaka,1995,2,30.8,15.7,31.0,66.0,0.6,2.3,6.2,23.78,90.39,9,0,Winter,Low,15.1,2046.0
Feni,1995,5,35.7,26.2,424.0,80.0,2.6,4.5,7.0,23.01,91.37,8,1,Pre-Monsoon,High,9.500000000000004,33920.0
Khepupara,1995,5,35.5,27.4,643.0,79.0,2.7,4.6,6.0,21.98,90.22,3,1,Pre-Monsoon,Extreme,8.100000000000001,50797.0
Kutubdia,1995,5,36.2,26.9,400.0,79.0,2.3,3.6,7.0,21.83,91.84,6,1,Pre-Monsoon,High,9.300000000000004,31600.0
Rangamati,1995,5,40.5,25.9,490.0,73.0,1.8,4.7,6.9,22.67,92.2,63,1,Pre-Monsoon,High,14.6,35770.0
Barisal,1995,6,34.6,25.6,657.0,88.0,1.1,6.0,3.2,22.7,90.36,4,1,Monsoon,Extreme,9.0,57816.0
Bogra,1995,6,37.5,26.6,475.0,86.0,1.8,6.2,3.6,24.88,89.36,20,1,Monsoon,High,10.9,40850.0
Chandpur,1995,6,34.7,26.1,358.0,83.0,0.8,5.2,3.5,23.26,90.67,7,1,Monsoon,High,8.600000000000001,29714.0
Cox's Bazar,1995,6,33.6,25.7,706.0,86.0,3.6,6.8,4.6,21.46,91.98,4,1,Monsoon,Extreme,7.900000000000002,60716.0
Dinajpur,1995,6,37.6,26.0,287.0,83.0,0.7,6.3,3.3,25.63,88.66,37,1,Monsoon,High,11.6,23821.0
Faridpur,1995,6,35.6,26.4,395.0,84.0,2.5,5.8,4.3,23.61,89.84,9,1,Monsoon,High,9.200000000000005,33180.0
Feni,1995,6,35.1,25.4,639.0,85.0,2.5,6.3,4.6,23.01,91.37,8,1,Monsoon,Extreme,9.700000000000005,54315.0
Hatiya,1995,6,31.9,25.7,566.0,85.0,3.0,5.9,3.8,22.29,91.13,4,1,Monsoon,Extreme,6.199999999999999,48110.0
Khepupara,1995,6,34.5,26.8,546.0,86.0,2.3,5.6,3.7,21.98,90.22,3,1,Monsoon,Extreme,7.699999999999999,46956.0
Kutubdia,1995,6,34.4,25.5,583.0,84.0,3.4,6.0,5.2,21.83,91.84,6,1,Monsoon,Extreme,8.899999999999999,48972.0
Madaripur,1995,6,35.5,26.5,601.0,84.0,1.0,5.9,2.4,23.17,90.18,5,1,Monsoon,Extreme,9.0,50484.0
Maijdee Court,1995,6,35.2,26.2,467.0,86.0,2.1,5.9,3.4,22.83,91.08,6,1,Monsoon,High,9.000000000000004,40162.0
Mongla,1995,6,35.3,27.1,304.0,89.0,2.2,5.6,4.223076923,22.43,89.66,4,1,Monsoon,High,8.199999999999996,27056.0
Mymensingh,1995,6,35.5,26.0,565.0,85.0,2.0,6.2,3.1,24.75,90.41,19,1,Monsoon,Extreme,9.5,48025.0
Patuakhali,1995,6,34.0,26.3,767.0,88.0,1.7,6.2,2.9,22.36,90.34,3,1,Monsoon,Extreme,7.699999999999999,67496.0
Rajshahi,1995,6,38.6,26.5,291.0,84.0,1.3,6.0,3.9,24.35,88.56,20,1,Monsoon,High,12.1,24444.0
Sitakunda,1995,6,35.0,25.9,493.0,85.0,1.4,6.0,4.0,22.64,91.64,4,1,Monsoon,High,9.1,41905.0
Sylhet,1995,6,37.0,25.1,909.0,87.0,1.2,7.1,3.2,24.88,91.93,35,1,Monsoon,Extreme,11.9,79083.0
Teknaf,1995,6,33.0,25.8,1116.0,89.0,1.5,6.4,2.1,20.87,92.26,4,1,Monsoon,Extreme,7.199999999999999,99324.0
Barisal,1995,7,34.0,25.1,517.0,88.0,1.4,6.7,3.4,22.7,90.36,4,1,Monsoon,Extreme,8.899999999999999,45496.0
Bogra,1995,7,33.5,26.1,534.0,87.0,1.9,6.7,4.1,24.88,89.36,20,1,Monsoon,Extreme,7.399999999999999,46458.0
Chandpur,1995,7,33.1,25.7,403.0,84.0,1.0,6.2,3.5,23.26,90.67,7,1,Monsoon,High,7.400000000000002,33852.0
Chittagong (IAP-Patenga),1995,7,34.4,25.7,685.0,83.0,6.2,6.1,4.2,22.34,91.79,6,1,Monsoon,Extreme,8.7,56855.0
Comilla,1995,7,33.6,25.6,529.0,89.0,2.8,6.4,4.8,23.48,91.19,10,1,Monsoon,Extreme,8.0,47081.0
Cox's Bazar,1995,7,32.5,25.3,1039.0,87.0,3.5,7.0,3.4,21.46,91.98,4,1,Monsoon,Extreme,7.199999999999999,90393.0
Dinajpur,1995,7,34.5,25.4,472.0,86.0,0.7,6.2,3.7,25.63,88.66,37,1,Monsoon,High,9.1,40592.0
Faridpur,1995,7,33.3,25.7,507.0,87.0,2.7,6.3,3.3,23.61,89.84,9,1,Monsoon,Extreme,7.599999999999998,44109.0
Feni,1995,7,33.5,24.7,620.0,86.0,2.7,6.5,3.8,23.01,91.37,8,1,Monsoon,Extreme,8.8,53320.0
Hatiya,1995,7,30.6,25.4,686.0,88.0,2.6,6.2,3.9,22.29,91.13,4,1,Monsoon,Extreme,5.200000000000003,60368.0
Khepupara,1995,7,33.5,26.1,448.0,88.0,2.9,5.8,3.2,21.98,90.22,3,1,Monsoon,High,7.399999999999999,39424.0
Khulna,1995,7,35.0,26.2,407.0,87.0,1.7,5.7,3.2,22.8,89.58,4,1,Monsoon,High,8.8,35409.0
Kutubdia,1995,7,33.0,25.7,789.0,90.0,3.2,6.7,3.5,21.83,91.84,6,1,Monsoon,Extreme,7.300000000000001,71010.0
Maijdee Court,1995,7,32.0,26.0,737.0,87.0,2.0,6.5,3.6,22.83,91.08,6,1,Monsoon,Extreme,6.0,64119.0
Mymensingh,1995,7,33.0,25.8,637.0,86.0,2.3,6.5,3.1,24.75,90.41,19,1,Monsoon,Extreme,7.199999999999999,54782.0
Patuakhali,1995,7,33.6,25.9,735.0,89.0,1.3,6.8,2.7,22.36,90.34,3,1,Monsoon,Extreme,7.700000000000003,65415.0
Rajshahi,1995,7,34.2,26.1,287.0,88.0,1.4,6.4,3.5,24.35,88.56,20,1,Monsoon,High,8.100000000000001,25256.0
Rangamati,1995,7,34.2,24.7,607.0,82.0,0.9,6.3,4.0,22.67,92.2,63,1,Monsoon,Extreme,9.500000000000004,49774.0
Rangpur,1995,7,33.6,25.7,759.0,88.0,1.6,6.7,4.1,25.72,89.26,34,1,Monsoon,Extreme,7.900000000000002,66792.0
Sandwip,1995,7,32.1,26.5,620.0,91.0,3.2,5.8,4.8,22.5,91.46,6,1,Monsoon,Extreme,5.600000000000001,56420.0
Satkhira,1995,7,35.0,26.0,434.0,86.0,1.1,6.0,3.5,22.68,89.07,6,1,Monsoon,High,9.0,37324.0
Sitakunda,1995,7,32.8,25.6,444.0,87.0,1.0,6.2,3.4,22.64,91.64,4,1,Monsoon,High,7.199999999999996,38628.0
Sylhet,1995,7,36.0,25.3,712.0,86.0,1.2,7.4,3.5,24.88,91.93,35,1,Monsoon,Extreme,10.7,61232.0
Tangail,1995,7,33.0,25.8,372.0,87.0,1.8,6.5,3.3,24.15,89.55,10,1,Monsoon,High,7.199999999999999,32364.0
Teknaf,1995,7,32.2,25.5,1214.0,91.0,1.2,6.8,1.9,20.87,92.26,4,1,Monsoon,Extreme,6.700000000000003,110474.0
Barisal,1995,8,34.7,25.5,342.0,87.0,1.2,6.0,5.3,22.7,90.36,4,1,Monsoon,High,9.200000000000005,29754.0
Bogra,1995,8,34.5,26.4,432.0,86.0,1.5,6.1,4.1,24.88,89.36,20,1,Monsoon,High,8.100000000000001,37152.0
Chandpur,1995,8,34.6,26.1,484.0,83.0,0.8,5.6,4.1,23.26,90.67,7,1,Monsoon,High,8.5,40172.0
Chittagong (IAP-Patenga),1995,8,35.0,25.9,546.0,84.0,4.1,6.1,5.4,22.34,91.79,6,1,Monsoon,Extreme,9.1,45864.0
Comilla,1995,8,34.3,25.7,452.0,88.0,2.0,6.0,4.2,23.48,91.19,10,1,Monsoon,High,8.599999999999998,39776.0
Cox's Bazar,1995,8,33.0,25.6,629.0,86.0,2.9,6.5,5.1,21.46,91.98,4,1,Monsoon,Extreme,7.399999999999999,54094.0
Dinajpur,1995,8,35.2,25.5,593.0,85.0,0.6,5.3,5.7,25.63,88.66,37,1,Monsoon,Extreme,9.700000000000005,50405.0
Feni,1995,8,35.5,24.8,549.0,84.0,1.9,6.0,5.5,23.01,91.37,8,1,Monsoon,Extreme,10.7,46116.0
Hatiya,1995,8,31.1,25.5,570.0,86.0,1.8,4.7,4.4,22.29,91.13,4,1,Monsoon,Extreme,5.600000000000001,49020.0
Khulna,1995,8,35.4,26.0,594.0,85.0,1.7,5.4,4.5,22.8,89.58,4,1,Monsoon,Extreme,9.4,50490.0
Madaripur,1995,8,34.5,26.4,508.0,84.0,1.3,6.0,4.0,23.17,90.18,5,1,Monsoon,Extreme,8.100000000000001,42672.0
Maijdee Court,1995,8,33.9,26.1,653.0,86.0,1.5,6.2,4.7,22.83,91.08,6,1,Monsoon,Extreme,7.799999999999997,56158.0
Mymensingh,1995,8,34.4,26.1,528.0,85.0,1.6,6.2,3.5,24.75,90.41,19,1,Monsoon,Extreme,8.299999999999997,44880.0
Patuakhali,1995,8,34.4,26.1,626.0,87.0,1.2,6.2,4.2,22.36,90.34,3,1,Monsoon,Extreme,8.299999999999997,54462.0
Rajshahi,1995,8,35.5,26.1,270.0,86.0,1.0,5.9,3.5,24.35,88.56,20,1,Monsoon,High,9.4,23220.0
Sylhet,1995,8,34.4,25.3,709.0,86.0,1.0,6.9,4.4,24.88,91.93,35,1,Monsoon,Extreme,9.099999999999998,60974.0
Teknaf,1995,8,33.3,25.8,622.0,89.0,0.8,6.2,4.1,20.87,92.26,4,1,Monsoon,Extreme,7.4999999999999964,55358.0
Bogra,1995,9,35.5,26.1,471.0,85.0,1.3,6.0,4.4,24.88,89.36,20,1,Monsoon,High,9.4,40035.0
Cox's Bazar,1995,9,34.0,25.3,463.0,86.0,2.4,6.0,5.1,21.46,91.98,4,1,Monsoon,High,8.7,39818.0
Dinajpur,1995,9,35.5,24.6,1026.0,85.0,0.7,5.8,4.2,25.63,88.66,37,1,Monsoon,Extreme,10.9,87210.0
Hatiya,1995,9,30.2,25.4,404.0,85.0,1.2,5.2,5.0,22.29,91.13,4,1,Monsoon,High,4.800000000000001,34340.0
Ishurdi,1995,9,35.0,25.8,345.0,85.0,1.2,6.3,4.1,24.12,89.04,14,1,Monsoon,High,9.2,29325.0
Maijdee Court,1995,9,34.1,26.3,495.0,86.0,1.3,5.9,4.3,22.83,91.08,6,1,Monsoon,High,7.800000000000001,42570.0
Mongla,1995,9,34.2,26.1,302.0,89.0,1.8,5.6,4.746153846,22.43,89.66,4,1,Monsoon,High,8.100000000000001,26878.0
Rajshahi,1995,9,34.5,25.8,370.0,86.0,1.2,5.8,3.8,24.35,88.56,20,1,Monsoon,High,8.7,31820.0
Rangpur,1995,9,34.6,25.3,804.0,86.0,1.6,6.1,5.0,25.72,89.26,34,1,Monsoon,Extreme,9.3,69144.0
Satkhira,1995,9,35.0,25.4,336.0,86.0,0.8,5.4,4.2,22.68,89.07,6,1,Monsoon,High,9.6,28896.0
Sylhet,1995,9,35.5,25.3,423.0,84.0,0.9,6.6,4.1,24.88,91.93,35,1,Monsoon,High,10.2,35532.0
Teknaf,1995,9,33.4,25.4,563.0,88.0,0.8,5.2,4.1,20.87,92.26,4,1,Monsoon,Extreme,8.0,49544.0
Dhaka,1995,10,34.6,24.0,91.0,78.0,0.4,3.5,7.1,23.78,90.39,9,0,Post-Monsoon,Moderate,10.6,7098.0
Cox's Bazar,1995,11,34.5,22.6,409.0,82.0,1.6,4.9,5.5,21.46,91.98,4,1,Post-Monsoon,High,11.9,33538.0
Dhaka,1995,11,34.2,19.9,112.0,74.0,0.5,2.9,6.8,23.78,90.39,9,0,Post-Monsoon,Moderate,14.300000000000004,8288.0
Khepupara,1995,11,32.0,21.1,508.0,82.0,1.6,3.1,5.7,21.98,90.22,3,1,Post-Monsoon,Extreme,10.9,41656.0
Dhaka,1995,12,28.6,13.3,1.0,70.0,0.3,0.6,7.1,23.78,90.39,9,0,Winter,Low,15.3,70.0
Dhaka,1996,1,29.2,12.1,0.0,73.0,0.4,0.7,7.5,23.78,90.39,9,0,Winter,Low,17.1,0.0
Dhaka,1996,2,32.0,15.2,21.0,67.0,0.7,1.1,8.9,23.78,90.39,9,0,Winter,Low,16.8,1407.0
Bogra,1996,4,39.0,23.0,401.0,69.0,1.1,2.6,8.4,24.88,89.36,20,1,Pre-Monsoon,High,16.0,27669.0
Comilla,1996,5,36.2,24.3,449.0,82.0,3.0,4.6,7.6,23.48,91.19,10,1,Pre-Monsoon,High,11.900000000000002,36818.0
Sylhet,1996,5,35.2,22.8,759.0,84.0,1.4,6.3,4.7,24.88,91.93,35,1,Pre-Monsoon,Extreme,12.400000000000002,63756.0
Barisal,1996,6,35.5,25.2,449.0,87.0,1.8,5.4,4.8,22.7,90.36,4,1,Monsoon,High,10.3,39063.0
Chandpur,1996,6,34.8,25.5,314.0,83.0,1.0,3.3,4.5,23.26,90.67,7,1,Monsoon,High,9.299999999999995,26062.0
Chittagong (IAP-Patenga),1996,6,36.0,25.4,476.0,82.0,5.5,5.6,6.5,22.34,91.79,6,1,Monsoon,High,10.6,39032.0
Comilla,1996,6,35.0,25.1,392.0,85.0,2.4,5.5,5.7,23.48,91.19,10,1,Monsoon,High,9.9,33320.0
Cox's Bazar,1996,6,34.6,25.1,671.0,85.0,3.0,5.8,6.0,21.46,91.98,4,1,Monsoon,Extreme,9.5,57035.0
Dinajpur,1996,6,36.0,25.0,320.0,84.0,0.7,5.4,7.5,25.63,88.66,37,1,Monsoon,High,11.0,26880.0
Feni,1996,6,35.6,25.2,506.0,84.0,1.8,5.9,6.1,23.01,91.37,8,1,Monsoon,Extreme,10.400000000000002,42504.0
Hatiya,1996,6,31.9,25.5,566.0,85.0,2.2,5.4,3.8,22.29,91.13,4,1,Monsoon,Extreme,6.399999999999999,48110.0
Khepupara,1996,6,34.3,25.9,621.0,86.0,3.3,5.0,4.7,21.98,90.22,3,1,Monsoon,Extreme,8.399999999999999,53406.0
Khulna,1996,6,36.4,25.2,453.0,85.0,1.5,5.4,5.1,22.8,89.58,4,1,Monsoon,High,11.2,38505.0
Kutubdia,1996,6,35.2,23.9,682.0,85.0,2.7,4.9,4.7,21.83,91.84,6,1,Monsoon,Extreme,11.300000000000004,57970.0
Madaripur,1996,6,35.6,25.5,604.0,86.0,0.9,5.4,4.1,23.17,90.18,5,1,Monsoon,Extreme,10.1,51944.0
Maijdee Court,1996,6,35.0,25.6,590.0,86.0,1.9,5.5,5.6,22.83,91.08,6,1,Monsoon,Extreme,9.4,50740.0
Mongla,1996,6,35.0,25.8,453.0,86.0,2.1,5.2,4.223076923,22.43,89.66,4,1,Monsoon,High,9.2,38958.0
Patuakhali,1996,6,35.0,25.5,739.0,89.0,2.2,3.2,1.6,22.36,90.34,3,1,Monsoon,Extreme,9.5,65771.0
Rajshahi,1996,6,36.5,25.1,284.0,85.0,1.3,5.4,5.7,24.35,88.56,20,1,Monsoon,High,11.4,24140.0
Rangamati,1996,6,35.2,24.3,454.0,84.0,1.3,5.6,5.9,22.67,92.2,63,1,Monsoon,High,10.900000000000002,38136.0
Sandwip,1996,6,33.6,26.3,451.0,87.0,2.8,2.9,6.9,22.5,91.46,6,1,Monsoon,High,7.300000000000001,39237.0
Sitakunda,1996,6,34.5,25.8,505.0,84.0,0.9,5.1,4.7,22.64,91.64,4,1,Monsoon,Extreme,8.7,42420.0
Sylhet,1996,6,37.0,24.3,518.0,86.0,1.2,6.3,4.0,24.88,91.93,35,1,Monsoon,Extreme,12.7,44548.0
Teknaf,1996,6,33.6,25.6,649.0,87.0,0.8,4.8,5.2,20.87,92.26,4,1,Monsoon,Extreme,8.0,56463.0
Barisal,1996,7,35.0,25.7,307.0,88.0,1.6,5.9,3.3,22.7,90.36,4,1,Monsoon,High,9.3,27016.0
Bogra,1996,7,35.2,26.5,338.0,86.0,1.4,6.5,3.7,24.88,89.36,20,1,Monsoon,High,8.700000000000003,29068.0
Chittagong (IAP-Patenga),1996,7,35.0,25.7,465.0,85.0,4.8,6.3,3.9,22.34,91.79,6,1,Monsoon,High,9.3,39525.0
Cox's Bazar,1996,7,34.0,25.5,946.0,87.0,2.7,6.5,4.0,21.46,91.98,4,1,Monsoon,Extreme,8.5,82302.0
Dinajpur,1996,7,35.4,26.3,428.0,87.0,0.7,6.1,2.8,25.63,88.66,37,1,Monsoon,High,9.099999999999998,37236.0
Feni,1996,7,34.1,25.7,541.0,86.0,1.9,6.4,4.5,23.01,91.37,8,1,Monsoon,Extreme,8.400000000000002,46526.0
Hatiya,1996,7,30.6,25.4,686.0,87.0,1.8,6.1,3.9,22.29,91.13,4,1,Monsoon,Extreme,5.200000000000003,59682.0
Khepupara,1996,7,32.6,26.3,684.0,88.0,3.3,5.8,4.0,21.98,90.22,3,1,Monsoon,Extreme,6.300000000000001,60192.0
Kutubdia,1996,7,33.0,24.3,731.0,87.0,1.8,5.3,3.6,21.83,91.84,6,1,Monsoon,Extreme,8.7,63597.0
Maijdee Court,1996,7,33.5,26.0,590.0,89.0,1.7,6.1,3.4,22.83,91.08,6,1,Monsoon,Extreme,7.5,52510.0
Mongla,1996,7,34.5,26.4,386.0,88.0,2.1,5.6,3.992307692,22.43,89.66,4,1,Monsoon,High,8.100000000000001,33968.0
Patuakhali,1996,7,33.2,26.0,448.0,91.0,1.5,6.5,2.3,22.36,90.34,3,1,Monsoon,High,7.200000000000003,40768.0
Rangamati,1996,7,34.7,24.9,509.0,86.0,1.0,6.5,4.0,22.67,92.2,63,1,Monsoon,Extreme,9.800000000000004,43774.0
Rangpur,1996,7,35.0,26.0,479.0,88.0,1.5,6.8,3.9,25.72,89.26,34,1,Monsoon,High,9.0,42152.0
Sandwip,1996,7,32.6,26.7,430.0,91.0,2.8,3.2,4.7,22.5,91.46,6,1,Monsoon,High,5.900000000000002,39130.0
Sylhet,1996,7,36.7,25.1,745.0,91.0,1.0,7.5,2.3,24.88,91.93,35,1,Monsoon,Extreme,11.6,67795.0
Teknaf,1996,7,33.0,25.6,1212.0,90.0,0.7,5.9,3.7,20.87,92.26,4,1,Monsoon,Extreme,7.399999999999999,109080.0
Barisal,1996,8,34.4,25.3,322.0,91.0,1.0,6.0,2.6,22.7,90.36,4,1,Monsoon,High,9.099999999999998,29302.0
Chittagong (IAP-Patenga),1996,8,33.5,25.4,584.0,88.0,4.1,6.5,2.2,22.34,91.79,6,1,Monsoon,Extreme,8.100000000000001,51392.0
Cox's Bazar,1996,8,33.0,24.9,702.0,89.0,2.2,6.6,3.3,21.46,91.98,4,1,Monsoon,Extreme,8.100000000000001,62478.0
Dinajpur,1996,8,35.5,26.4,353.0,86.0,0.6,5.6,5.4,25.63,88.66,37,1,Monsoon,High,9.1,30358.0
Faridpur,1996,8,34.3,25.7,447.0,89.0,2.1,2.8,3.9,23.61,89.84,9,1,Monsoon,High,8.599999999999998,39783.0
Feni,1996,8,33.8,25.3,628.0,88.0,1.6,6.8,3.6,23.01,91.37,8,1,Monsoon,Extreme,8.499999999999996,55264.0
Hatiya,1996,8,31.1,25.5,570.0,89.0,1.3,6.3,4.4,22.29,91.13,4,1,Monsoon,Extreme,5.600000000000001,50730.0
Khepupara,1996,8,32.0,25.4,899.0,91.0,2.7,5.9,3.1,21.98,90.22,3,1,Monsoon,Extreme,6.600000000000001,81809.0
Kutubdia,1996,8,32.5,24.5,751.0,88.0,1.9,5.8,2.5,21.83,91.84,6,1,Monsoon,Extreme,8.0,66088.0
Maijdee Court,1996,8,33.1,25.7,566.0,91.0,1.3,6.3,3.0,22.83,91.08,6,1,Monsoon,Extreme,7.400000000000002,51506.0
Mongla,1996,8,33.2,25.9,357.0,90.0,2.0,5.8,4.369230769,22.43,89.66,4,1,Monsoon,High,7.300000000000004,32130.0
Patuakhali,1996,8,32.8,25.5,585.0,92.0,1.2,6.4,4.2,22.36,90.34,3,1,Monsoon,Extreme,7.299999999999997,53820.0
Rajshahi,1996,8,35.2,26.0,270.0,88.0,1.0,6.3,4.8,24.35,88.56,20,1,Monsoon,High,9.200000000000005,23760.0
Rangamati,1996,8,33.8,24.5,430.0,88.0,0.8,6.8,2.9,22.67,92.2,63,1,Monsoon,High,9.299999999999995,37840.0
Sandwip,1996,8,32.0,25.6,1087.0,91.0,2.2,3.2,3.6,22.5,91.46,6,1,Monsoon,Extreme,6.399999999999999,98917.0
Sitakunda,1996,8,32.8,25.1,663.0,90.0,0.3,6.1,1.6,22.64,91.64,4,1,Monsoon,Extreme,7.699999999999996,59670.0
Sylhet,1996,8,36.2,25.1,744.0,89.0,0.9,7.1,3.6,24.88,91.93,35,1,Monsoon,Extreme,11.1,66216.0
Teknaf,1996,8,32.5,25.0,866.0,91.0,0.7,6.3,2.7,20.87,92.26,4,1,Monsoon,Extreme,7.5,78806.0
Bogra,1996,9,36.7,26.2,335.0,86.0,0.6,4.9,5.8,24.88,89.36,20,1,Monsoon,High,10.500000000000004,28810.0
Cox's Bazar,1996,9,35.5,25.0,528.0,86.0,1.4,5.9,5.9,21.46,91.98,4,1,Monsoon,Extreme,10.5,45408.0
Dinajpur,1996,9,35.5,25.7,286.0,87.0,0.3,4.2,6.6,25.63,88.66,37,1,Monsoon,High,9.8,24882.0
Hatiya,1996,9,30.2,24.2,404.0,86.0,0.9,5.1,5.0,22.29,91.13,4,1,Monsoon,High,6.0,34744.0
Kutubdia,1996,9,37.3,25.0,662.0,85.0,1.1,4.5,5.5,21.83,91.84,6,1,Monsoon,Extreme,12.299999999999995,56270.0
Rajshahi,1996,9,35.7,26.1,298.0,86.0,0.7,4.6,6.6,24.35,88.56,20,1,Monsoon,High,9.6,25628.0
Rangamati,1996,9,35.6,24.6,379.0,86.0,0.4,5.9,5.5,22.67,92.2,63,1,Monsoon,High,11.0,32594.0
Sandwip,1996,9,35.7,26.4,406.0,88.0,1.1,2.8,5.6,22.5,91.46,6,1,Monsoon,High,9.300000000000004,35728.0
Barisal,1996,10,35.4,23.0,270.0,86.0,0.5,3.1,7.6,22.7,90.36,4,1,Post-Monsoon,High,12.4,23220.0
Cox's Bazar,1996,10,34.5,24.5,446.0,83.0,1.5,4.5,6.2,21.46,91.98,4,1,Post-Monsoon,High,10.0,37018.0
Dhaka,1996,10,35.4,22.9,357.0,79.0,0.4,2.9,7.7,23.78,90.39,9,0,Post-Monsoon,High,12.5,28203.0
Khepupara,1996,10,34.3,24.3,401.0,84.0,1.0,3.0,6.7,21.98,90.22,3,1,Post-Monsoon,High,9.999999999999996,33684.0
Kutubdia,1996,10,36.2,23.6,527.0,82.0,1.2,3.4,6.4,21.83,91.84,6,1,Post-Monsoon,Extreme,12.6,43214.0
Maijdee Court,1996,10,34.5,24.3,369.0,83.0,0.8,2.5,8.1,22.83,91.08,6,1,Post-Monsoon,High,10.2,30627.0
Sandwip,1996,10,34.6,24.4,447.0,85.0,1.3,1.5,6.9,22.5,91.46,6,1,Post-Monsoon,High,10.200000000000005,37995.0
Teknaf,1996,10,34.2,24.5,687.0,85.0,0.5,3.4,6.4,20.87,92.26,4,1,Post-Monsoon,Extreme,9.700000000000005,58395.0
Dhaka,1996,11,33.7,18.2,0.0,76.0,0.1,1.0,8.6,23.78,90.39,9,0,Post-Monsoon,Low,15.500000000000004,0.0
Dhaka,1996,12,30.3,14.0,0.0,72.0,0.3,1.4,6.6,23.78,90.39,9,0,Winter,Low,16.3,0.0
Dhaka,1997,1,27.6,11.5,2.0,70.0,0.3,1.6,5.1,23.78,90.39,9,0,Winter,Low,16.1,140.0
Dhaka,1997,2,31.3,14.5,7.0,64.0,0.4,1.5,7.8,23.78,90.39,9,0,Winter,Low,16.8,448.0
Barisal,1997,5,35.6,24.2,235.0,84.0,1.6,5.3,7.1,22.7,90.36,4,1,Pre-Monsoon,High,11.400000000000002,19740.0
Barisal,1997,6,35.4,25.3,205.0,86.0,2.1,6.4,4.6,22.7,90.36,4,1,Monsoon,High,10.099999999999998,17630.0
Chittagong (IAP-Patenga),1997,6,35.1,25.4,425.0,83.0,4.4,6.0,4.5,22.34,91.79,6,1,Monsoon,High,9.700000000000005,35275.0
Dinajpur,1997,6,39.0,25.2,501.0,81.0,0.9,4.7,6.8,25.63,88.66,37,1,Monsoon,Extreme,13.8,40581.0
Hatiya,1997,6,32.2,25.7,566.0,86.0,3.6,6.0,3.8,22.29,91.13,4,1,Monsoon,Extreme,6.500000000000004,48676.0
Kutubdia,1997,6,33.2,23.0,421.0,85.0,2.7,5.6,3.8,21.83,91.84,6,1,Monsoon,High,10.200000000000005,35785.0
Rangamati,1997,6,34.7,23.7,508.0,84.0,1.0,6.0,4.4,22.67,92.2,63,1,Monsoon,Extreme,11.000000000000004,42672.0
Sitakunda,1997,6,34.2,24.8,860.0,86.0,1.4,6.1,4.1,22.64,91.64,4,1,Monsoon,Extreme,9.400000000000002,73960.0
Sylhet,1997,6,36.7,23.8,796.0,88.0,1.4,7.1,3.1,24.88,91.93,35,1,Monsoon,Extreme,12.900000000000002,70048.0
Teknaf,1997,6,33.0,25.8,585.0,89.0,0.7,5.9,2.2,20.87,92.26,4,1,Monsoon,Extreme,7.199999999999999,52065.0
Barisal,1997,7,33.7,25.4,406.0,91.0,1.6,6.9,3.1,22.7,90.36,4,1,Monsoon,High,8.300000000000004,36946.0
Bhola,1997,7,33.8,26.0,523.0,91.0,1.0,5.9,1.8,22.7,90.66,5,1,Monsoon,Extreme,7.799999999999997,47593.0
Chandpur,1997,7,34.1,25.9,492.0,87.0,1.1,6.1,2.6,23.26,90.67,7,1,Monsoon,High,8.200000000000003,42804.0
Chittagong (IAP-Patenga),1997,7,35.4,25.6,1033.0,89.0,5.2,6.9,3.1,22.34,91.79,6,1,Monsoon,Extreme,9.799999999999995,91937.0
Comilla,1997,7,34.2,24.9,664.0,88.0,2.4,6.4,3.7,23.48,91.19,10,1,Monsoon,Extreme,9.300000000000004,58432.0
Cox's Bazar,1997,7,32.5,24.9,1277.0,91.0,2.7,7.0,2.8,21.46,91.98,4,1,Monsoon,Extreme,7.600000000000001,116207.0
Dinajpur,1997,7,35.6,26.3,461.0,87.0,0.9,5.7,3.6,25.63,88.66,37,1,Monsoon,High,9.3,40107.0
Feni,1997,7,34.4,25.3,794.0,89.0,1.3,7.0,4.1,23.01,91.37,8,1,Monsoon,Extreme,9.099999999999998,70666.0
Hatiya,1997,7,30.5,25.4,686.0,89.0,2.8,6.1,3.9,22.29,91.13,4,1,Monsoon,Extreme,5.100000000000001,61054.0
Ishurdi,1997,7,34.8,25.8,486.0,89.0,1.4,6.4,4.5,24.12,89.04,14,1,Monsoon,High,8.999999999999996,43254.0
Jessore,1997,7,35.4,26.2,406.0,89.0,1.8,6.2,3.6,23.17,89.22,7,1,Monsoon,High,9.2,36134.0
Khepupara,1997,7,32.8,26.1,920.0,90.0,2.4,6.3,2.1,21.98,90.22,3,1,Monsoon,Extreme,6.699999999999996,82800.0
Khulna,1997,7,34.8,25.9,456.0,87.0,1.5,5.9,3.5,22.8,89.58,4,1,Monsoon,High,8.899999999999999,39672.0
Kutubdia,1997,7,33.6,24.6,907.0,89.0,2.7,6.5,3.4,21.83,91.84,6,1,Monsoon,Extreme,9.0,80723.0
Maijdee Court,1997,7,33.6,25.9,1022.0,89.0,1.6,6.8,3.6,22.83,91.08,6,1,Monsoon,Extreme,7.700000000000003,90958.0
Mongla,1997,7,35.2,26.0,478.0,90.0,1.9,5.8,3.992307692,22.43,89.66,4,1,Monsoon,High,9.200000000000005,43020.0
Mymensingh,1997,7,33.7,26.1,523.0,88.0,2.3,6.3,3.5,24.75,90.41,19,1,Monsoon,Extreme,7.600000000000001,46024.0
Patuakhali,1997,7,34.0,26.0,594.0,92.0,1.2,6.9,2.1,22.36,90.34,3,1,Monsoon,Extreme,8.0,54648.0
Rajshahi,1997,7,34.8,26.0,763.0,89.0,1.3,6.2,5.3,24.35,88.56,20,1,Monsoon,Extreme,8.799999999999997,67907.0
Rangamati,1997,7,34.3,24.9,657.0,88.0,1.1,6.5,3.3,22.67,92.2,63,1,Monsoon,Extreme,9.4,57816.0
Rangpur,1997,7,35.4,26.1,523.0,87.0,1.2,6.3,4.8,25.72,89.26,34,1,Monsoon,Extreme,9.299999999999995,45501.0
Sandwip,1997,7,32.7,24.1,983.0,92.0,2.3,6.6,3.3,22.5,91.46,6,1,Monsoon,Extreme,8.600000000000001,90436.0
Satkhira,1997,7,35.6,26.0,447.0,88.0,1.1,6.6,3.9,22.68,89.07,6,1,Monsoon,High,9.6,39336.0
Sitakunda,1997,7,33.8,25.1,1138.0,91.0,0.8,6.7,2.9,22.64,91.64,4,1,Monsoon,Extreme,8.699999999999996,103558.0
Sylhet,1997,7,36.0,25.4,681.0,89.0,1.1,7.2,3.5,24.88,91.93,35,1,Monsoon,Extreme,10.6,60609.0
Tangail,1997,7,34.2,26.1,516.0,87.0,1.3,6.3,4.0,24.15,89.55,10,1,Monsoon,Extreme,8.100000000000001,44892.0
Teknaf,1997,7,32.4,25.5,1353.0,93.0,0.8,7.1,1.6,20.87,92.26,4,1,Monsoon,Extreme,6.899999999999999,125829.0
Chandpur,1997,8,36.8,26.6,338.0,84.0,1.1,5.8,3.8,23.26,90.67,7,1,Monsoon,High,10.199999999999996,28392.0
Chittagong (IAP-Patenga),1997,8,35.8,26.4,383.0,85.0,4.5,6.6,5.3,22.34,91.79,6,1,Monsoon,High,9.4,32555.0
Cox's Bazar,1997,8,35.6,25.5,613.0,87.0,2.5,6.0,6.5,21.46,91.98,4,1,Monsoon,Extreme,10.1,53331.0
Dinajpur,1997,8,36.6,26.4,330.0,86.0,0.7,5.4,4.8,25.63,88.66,37,1,Monsoon,High,10.200000000000005,28380.0
Feni,1997,8,36.2,25.5,708.0,87.0,1.0,6.5,5.1,23.01,91.37,8,1,Monsoon,Extreme,10.700000000000005,61596.0
Hatiya,1997,8,31.0,25.5,570.0,87.0,1.6,5.2,4.4,22.29,91.13,4,1,Monsoon,Extreme,5.5,49590.0
Kutubdia,1997,8,35.4,25.4,467.0,87.0,2.1,5.6,4.7,21.83,91.84,6,1,Monsoon,High,10.0,40629.0
Madaripur,1997,8,36.3,26.4,371.0,87.0,1.1,5.7,4.0,23.17,90.18,5,1,Monsoon,High,9.9,32277.0
Maijdee Court,1997,8,36.0,26.3,433.0,86.0,1.5,6.0,5.2,22.83,91.08,6,1,Monsoon,High,9.7,37238.0
Mongla,1997,8,36.0,26.4,355.0,88.0,2.3,5.3,4.369230769,22.43,89.66,4,1,Monsoon,High,9.6,31240.0
Mymensingh,1997,8,35.5,26.4,417.0,86.0,1.8,6.1,4.8,24.75,90.41,19,1,Monsoon,High,9.1,35862.0
Patuakhali,1997,8,34.7,26.0,479.0,88.0,1.6,6.2,3.5,22.36,90.34,3,1,Monsoon,High,8.700000000000003,42152.0
Rajshahi,1997,8,35.8,26.4,468.0,88.0,1.2,6.1,4.9,24.35,88.56,20,1,Monsoon,High,9.4,41184.0
Rangamati,1997,8,35.6,25.1,481.0,85.0,0.8,5.9,4.9,22.67,92.2,63,1,Monsoon,High,10.5,40885.0
Sandwip,1997,8,35.1,25.6,666.0,88.0,1.7,5.9,5.8,22.5,91.46,6,1,Monsoon,Extreme,9.5,58608.0
Satkhira,1997,8,35.8,26.0,422.0,88.0,1.1,6.2,4.4,22.68,89.07,6,1,Monsoon,High,9.799999999999995,37136.0
Sylhet,1997,8,36.6,25.5,486.0,86.0,1.1,6.7,4.3,24.88,91.93,35,1,Monsoon,High,11.1,41796.0
Tangail,1997,8,35.6,26.0,469.0,87.0,0.9,6.3,4.2,24.15,89.55,10,1,Monsoon,High,9.6,40803.0
Teknaf,1997,8,33.8,26.0,742.0,90.0,0.8,5.6,4.7,20.87,92.26,4,1,Monsoon,Extreme,7.799999999999997,66780.0
Barisal,1997,9,34.0,24.6,378.0,91.0,0.7,6.1,4.1,22.7,90.36,4,1,Monsoon,High,9.4,34398.0
Bhola,1997,9,34.2,25.4,439.0,90.0,0.9,5.2,3.7,22.7,90.66,5,1,Monsoon,High,8.800000000000004,39510.0
Chandpur,1997,9,33.5,25.5,421.0,86.0,0.9,5.6,3.3,23.26,90.67,7,1,Monsoon,High,8.0,36206.0
Chittagong (IAP-Patenga),1997,9,34.8,25.3,530.0,86.0,3.4,6.0,5.4,22.34,91.79,6,1,Monsoon,Extreme,9.499999999999996,45580.0
Cox's Bazar,1997,9,34.0,24.8,640.0,87.0,1.6,5.7,6.1,21.46,91.98,4,1,Monsoon,Extreme,9.2,55680.0
Dinajpur,1997,9,33.7,25.3,289.0,88.0,0.5,5.0,5.1,25.63,88.66,37,1,Monsoon,High,8.400000000000002,25432.0
Feni,1997,9,33.8,24.9,465.0,87.0,1.1,6.0,5.1,23.01,91.37,8,1,Monsoon,High,8.899999999999999,40455.0
Hatiya,1997,9,32.0,25.4,404.0,87.0,1.4,4.8,5.0,22.29,91.13,4,1,Monsoon,High,6.600000000000001,35148.0
Ishurdi,1997,9,34.0,25.6,473.0,88.0,0.9,5.8,4.6,24.12,89.04,14,1,Monsoon,High,8.399999999999999,41624.0
Khepupara,1997,9,33.5,25.5,666.0,88.0,1.4,5.6,4.7,21.98,90.22,3,1,Monsoon,Extreme,8.0,58608.0
Khulna,1997,9,35.0,25.3,364.0,89.0,1.1,5.4,4.1,22.8,89.58,4,1,Monsoon,High,9.7,32396.0
Kutubdia,1997,9,35.0,25.1,612.0,87.0,2.0,5.4,5.6,21.83,91.84,6,1,Monsoon,Extreme,9.9,53244.0
Madaripur,1997,9,34.5,25.6,438.0,88.0,0.7,5.4,4.2,23.17,90.18,5,1,Monsoon,High,8.899999999999999,38544.0
Maijdee Court,1997,9,34.4,25.8,375.0,86.0,1.0,5.8,5.2,22.83,91.08,6,1,Monsoon,High,8.599999999999998,32250.0
Mongla,1997,9,33.0,25.5,591.0,90.0,1.6,5.4,4.746153846,22.43,89.66,4,1,Monsoon,Extreme,7.5,53190.0
Mymensingh,1997,9,33.3,24.8,485.0,87.0,1.5,5.8,4.6,24.75,90.41,19,1,Monsoon,High,8.499999999999996,42195.0
Patuakhali,1997,9,34.2,25.7,487.0,89.0,1.1,5.7,3.5,22.36,90.34,3,1,Monsoon,High,8.500000000000004,43343.0
Rajshahi,1997,9,34.2,25.2,348.0,88.0,0.7,5.8,5.3,24.35,88.56,20,1,Monsoon,High,9.000000000000004,30624.0
Rangamati,1997,9,34.4,24.1,443.0,87.0,0.8,5.6,4.7,22.67,92.2,63,1,Monsoon,High,10.299999999999995,38541.0
Sylhet,1997,9,34.5,23.8,946.0,90.0,1.1,6.6,3.3,24.88,91.93,35,1,Monsoon,Extreme,10.7,85140.0
Teknaf,1997,9,33.5,25.3,666.0,89.0,0.6,4.8,5.9,20.87,92.26,4,1,Monsoon,Extreme,8.2,59274.0
Dhaka,1997,10,34.0,22.2,39.0,78.0,0.1,2.4,8.5,23.78,90.39,9,0,Post-Monsoon,Low,11.8,3042.0
Dhaka,1997,11,33.7,18.9,1.0,75.0,0.2,2.3,6.2,23.78,90.39,9,0,Post-Monsoon,Low,14.800000000000004,75.0
Dhaka,1997,12,29.0,14.5,22.0,80.0,0.2,2.6,5.6,23.78,90.39,9,0,Winter,Low,14.5,1760.0
Dhaka,1998,1,27.3,12.7,49.0,77.0,0.3,3.2,4.0,23.78,90.39,9,0,Winter,Low,14.6,3773.0
Dhaka,1998,2,30.8,16.1,4.0,68.0,0.3,2.4,6.1,23.78,90.39,9,0,Winter,Low,14.7,272.0
Barisal,1998,3,34.5,17.9,273.0,75.0,0.9,2.6,8.1,22.7,90.36,4,1,Pre-Monsoon,High,16.6,20475.0
Barisal,1998,4,35.6,22.5,251.0,81.0,1.4,3.8,8.1,22.7,90.36,4,1,Pre-Monsoon,High,13.1,20331.0
Feni,1998,4,34.0,22.8,407.0,81.0,1.0,4.6,6.9,23.01,91.37,8,1,Pre-Monsoon,High,11.2,32967.0
Sylhet,1998,4,34.3,21.4,548.0,79.0,1.4,5.0,6.3,24.88,91.93,35,1,Pre-Monsoon,Extreme,12.9,43292.0
Feni,1998,5,36.6,25.0,423.0,83.0,1.4,5.3,5.9,23.01,91.37,8,1,Pre-Monsoon,High,11.6,35109.0
Rangamati,1998,5,37.4,24.1,658.0,81.0,0.9,4.9,6.1,22.67,92.2,63,1,Pre-Monsoon,Extreme,13.299999999999995,53298.0
Sandwip,1998,5,35.6,24.1,466.0,86.0,1.6,4.7,5.8,22.5,91.46,6,1,Pre-Monsoon,High,11.5,40076.0
Sitakunda,1998,5,37.2,24.8,457.0,84.0,1.6,5.0,5.0,22.64,91.64,4,1,Pre-Monsoon,High,12.400000000000002,38388.0
Teknaf,1998,5,36.2,26.0,429.0,83.0,1.4,3.9,6.6,20.87,92.26,4,1,Pre-Monsoon,High,10.200000000000005,35607.0
Barisal,1998,6,35.5,25.8,208.0,86.0,2.3,5.7,3.1,22.7,90.36,4,1,Monsoon,High,9.7,17888.0
Dinajpur,1998,6,39.8,26.9,237.0,84.0,0.7,5.3,7.0,25.63,88.66,37,1,Monsoon,High,12.9,19908.0
Hatiya,1998,6,31.9,25.5,566.0,83.0,3.3,4.9,3.8,22.29,91.13,4,1,Monsoon,Extreme,6.399999999999999,46978.0
Srimangal,1998,6,35.6,25.3,247.0,84.0,0.7,5.7,4.5,24.29,91.73,23,1,Monsoon,High,10.3,20748.0
Sylhet,1998,6,34.6,24.8,858.0,89.0,1.5,7.2,3.0,24.88,91.93,35,1,Monsoon,Extreme,9.8,76362.0
Teknaf,1998,6,34.0,27.0,486.0,87.0,1.0,5.5,4.6,20.87,92.26,4,1,Monsoon,High,7.0,42282.0
Barisal,1998,7,34.5,25.1,616.0,92.0,1.7,6.8,1.9,22.7,90.36,4,1,Monsoon,Extreme,9.4,56672.0
Bhola,1998,7,33.2,25.8,500.0,94.0,1.0,6.2,1.8,22.7,90.66,5,1,Monsoon,High,7.400000000000002,47000.0
Bogra,1998,7,35.0,26.5,749.0,89.0,1.2,7.0,2.8,24.88,89.36,20,1,Monsoon,Extreme,8.5,66661.0
Chandpur,1998,7,33.5,26.1,622.0,87.0,0.9,6.5,1.8,23.26,90.67,7,1,Monsoon,Extreme,7.399999999999999,54114.0
Chittagong (IAP-Patenga),1998,7,35.6,25.8,1291.0,89.0,4.2,6.8,3.1,22.34,91.79,6,1,Monsoon,Extreme,9.8,114899.0
Comilla,1998,7,34.2,25.2,854.0,90.0,1.9,6.7,2.5,23.48,91.19,10,1,Monsoon,Extreme,9.000000000000004,76860.0
Cox's Bazar,1998,7,34.7,25.7,1257.0,90.0,3.4,6.5,4.0,21.46,91.98,4,1,Monsoon,Extreme,9.000000000000004,113130.0
Dinajpur,1998,7,34.8,26.3,566.0,89.0,0.7,6.7,2.4,25.63,88.66,37,1,Monsoon,Extreme,8.499999999999996,50374.0
Faridpur,1998,7,34.0,26.0,357.0,89.0,2.4,6.5,3.5,23.61,89.84,9,1,Monsoon,High,8.0,31773.0
Feni,1998,7,33.6,25.5,931.0,90.0,1.9,7.0,2.6,23.01,91.37,8,1,Monsoon,Extreme,8.100000000000001,83790.0
Hatiya,1998,7,30.6,25.4,686.0,88.0,3.6,6.6,3.9,22.29,91.13,4,1,Monsoon,Extreme,5.200000000000003,60368.0
Ishurdi,1998,7,35.0,26.4,413.0,89.0,1.3,6.7,3.3,24.12,89.04,14,1,Monsoon,High,8.600000000000001,36757.0
Jessore,1998,7,35.4,26.7,181.0,87.0,1.2,6.3,3.2,23.17,89.22,7,1,Monsoon,Moderate,8.7,15747.0
Khepupara,1998,7,32.6,26.3,946.0,89.0,3.0,6.7,3.2,21.98,90.22,3,1,Monsoon,Extreme,6.300000000000001,84194.0
Khulna,1998,7,34.8,26.6,343.0,87.0,1.5,6.5,3.4,22.8,89.58,4,1,Monsoon,High,8.199999999999996,29841.0
Kutubdia,1998,7,34.5,25.9,1675.0,92.0,2.3,6.4,4.0,21.83,91.84,6,1,Monsoon,Extreme,8.600000000000001,154100.0
Madaripur,1998,7,34.4,26.5,607.0,89.0,1.0,6.6,2.2,23.17,90.18,5,1,Monsoon,Extreme,7.899999999999999,54023.0
Maijdee Court,1998,7,33.0,25.9,892.0,90.0,2.0,6.8,2.5,22.83,91.08,6,1,Monsoon,Extreme,7.100000000000001,80280.0
Mymensingh,1998,7,33.4,26.2,745.0,90.0,1.8,6.9,2.1,24.75,90.41,19,1,Monsoon,Extreme,7.199999999999999,67050.0
Patuakhali,1998,7,33.8,26.1,804.0,91.0,1.7,6.8,2.0,22.36,90.34,3,1,Monsoon,Extreme,7.699999999999996,73164.0
Rajshahi,1998,7,35.5,26.5,404.0,90.0,1.4,6.6,4.0,24.35,88.56,20,1,Monsoon,High,9.0,36360.0
Rangamati,1998,7,34.2,25.2,691.0,89.0,1.2,6.8,2.8,22.67,92.2,63,1,Monsoon,Extreme,9.000000000000004,61499.0
Rangpur,1998,7,34.7,26.3,473.0,90.0,1.4,6.9,3.0,25.72,89.26,34,1,Monsoon,High,8.400000000000002,42570.0
Sandwip,1998,7,32.6,24.4,975.0,93.0,1.7,6.7,2.7,22.5,91.46,6,1,Monsoon,Extreme,8.200000000000003,90675.0
Sitakunda,1998,7,34.0,25.4,1138.0,92.0,1.7,6.7,2.1,22.64,91.64,4,1,Monsoon,Extreme,8.600000000000001,104696.0
Srimangal,1998,7,34.4,25.2,508.0,87.0,1.2,6.6,3.2,24.29,91.73,23,1,Monsoon,Extreme,9.2,44196.0
Sylhet,1998,7,34.5,25.0,1245.0,93.0,1.4,7.6,1.8,24.88,91.93,35,1,Monsoon,Extreme,9.5,115785.0
Tangail,1998,7,34.6,26.3,459.0,89.0,1.7,7.1,3.0,24.15,89.55,10,1,Monsoon,High,8.3,40851.0
Teknaf,1998,7,32.2,25.8,1195.0,91.0,0.5,6.2,3.1,20.87,92.26,4,1,Monsoon,Extreme,6.400000000000002,108745.0
Barisal,1998,8,34.5,25.2,516.0,91.0,1.1,6.3,2.8,22.7,90.36,4,1,Monsoon,Extreme,9.3,46956.0
Bhola,1998,8,33.6,26.1,483.0,93.0,0.7,5.6,1.9,22.7,90.66,5,1,Monsoon,High,7.5,44919.0
Bogra,1998,8,35.0,26.6,563.0,89.0,0.8,7.1,3.5,24.88,89.36,20,1,Monsoon,Extreme,8.399999999999999,50107.0
Chandpur,1998,8,33.7,26.6,336.0,86.0,0.8,6.2,2.8,23.26,90.67,7,1,Monsoon,High,7.100000000000001,28896.0
Chittagong (IAP-Patenga),1998,8,34.5,25.8,1194.0,89.0,3.5,6.8,3.6,22.34,91.79,6,1,Monsoon,Extreme,8.7,106266.0
Cox's Bazar,1998,8,34.5,25.7,1105.0,90.0,2.8,6.8,3.8,21.46,91.98,4,1,Monsoon,Extreme,8.8,99450.0
Dinajpur,1998,8,34.0,26.5,548.0,89.0,0.5,6.4,2.8,25.63,88.66,37,1,Monsoon,Extreme,7.5,48772.0
Feni,1998,8,34.4,25.5,858.0,89.0,1.8,6.7,3.1,23.01,91.37,8,1,Monsoon,Extreme,8.899999999999999,76362.0
Hatiya,1998,8,31.1,25.5,570.0,88.0,1.7,5.2,4.4,22.29,91.13,4,1,Monsoon,Extreme,5.600000000000001,50160.0
Jessore,1998,8,35.0,26.5,209.0,88.0,0.9,6.0,3.7,23.17,89.22,7,1,Monsoon,High,8.5,18392.0
Khepupara,1998,8,33.7,26.0,684.0,89.0,2.2,6.5,3.3,21.98,90.22,3,1,Monsoon,Extreme,7.700000000000003,60876.0
Kutubdia,1998,8,35.4,25.9,1332.0,90.0,1.7,6.7,3.6,21.83,91.84,6,1,Monsoon,Extreme,9.5,119880.0
Maijdee Court,1998,8,34.4,26.0,897.0,90.0,1.3,6.6,2.8,22.83,91.08,6,1,Monsoon,Extreme,8.399999999999999,80730.0
Mongla,1998,8,34.6,26.5,443.0,89.0,1.9,5.9,4.369230769,22.43,89.66,4,1,Monsoon,High,8.100000000000001,39427.0
Mymensingh,1998,8,34.6,26.2,517.0,90.0,1.5,6.7,2.4,24.75,90.41,19,1,Monsoon,Extreme,8.400000000000002,46530.0
Patuakhali,1998,8,34.6,26.1,618.0,90.0,1.0,6.4,2.4,22.36,90.34,3,1,Monsoon,Extreme,8.5,55620.0
Rajshahi,1998,8,35.0,26.8,268.0,89.0,1.2,6.7,4.3,24.35,88.56,20,1,Monsoon,High,8.2,23852.0
Rangamati,1998,8,34.4,25.1,485.0,88.0,0.9,6.6,3.5,22.67,92.2,63,1,Monsoon,High,9.299999999999995,42680.0
Rangpur,1998,8,33.8,26.3,458.0,90.0,1.0,6.7,3.6,25.72,89.26,34,1,Monsoon,High,7.4999999999999964,41220.0
Sandwip,1998,8,32.6,25.5,1296.0,93.0,1.0,6.7,2.9,22.5,91.46,6,1,Monsoon,Extreme,7.100000000000001,120528.0
Sitakunda,1998,8,35.0,25.3,1192.0,92.0,1.4,6.7,2.7,22.64,91.64,4,1,Monsoon,Extreme,9.7,109664.0
Sylhet,1998,8,34.1,25.4,665.0,91.0,1.1,7.4,2.7,24.88,91.93,35,1,Monsoon,Extreme,8.700000000000003,60515.0
Tangail,1998,8,34.0,26.6,444.0,88.0,1.3,6.8,3.5,24.15,89.55,10,1,Monsoon,High,7.399999999999999,39072.0
Teknaf,1998,8,32.6,25.8,1474.0,91.0,0.3,6.6,2.3,20.87,92.26,4,1,Monsoon,Extreme,6.800000000000001,134134.0
Barisal,1998,9,35.6,25.2,254.0,89.0,0.6,5.5,4.1,22.7,90.36,4,1,Monsoon,High,10.400000000000002,22606.0
Chittagong (IAP-Patenga),1998,9,36.7,25.8,224.0,84.0,2.1,5.5,6.4,22.34,91.79,6,1,Monsoon,High,10.900000000000002,18816.0
Hatiya,1998,9,30.2,24.2,404.0,84.0,1.5,5.4,5.0,22.29,91.13,4,1,Monsoon,High,6.0,33936.0
Jessore,1998,9,37.0,25.7,174.0,86.0,0.7,4.8,4.5,23.17,89.22,7,1,Monsoon,Moderate,11.3,14964.0
Khulna,1998,9,36.6,26.2,300.0,86.0,0.8,4.8,4.8,22.8,89.58,4,1,Monsoon,High,10.400000000000002,25800.0
Maijdee Court,1998,9,35.0,26.2,313.0,86.0,0.9,5.4,5.1,22.83,91.08,6,1,Monsoon,High,8.8,26918.0
Mongla,1998,9,35.5,26.1,553.0,89.0,1.5,4.9,4.746153846,22.43,89.66,4,1,Monsoon,Extreme,9.4,49217.0
Rajshahi,1998,9,36.0,26.2,310.0,88.0,1.0,5.0,6.0,24.35,88.56,20,1,Monsoon,High,9.8,27280.0
Sitakunda,1998,9,38.6,25.3,532.0,87.0,1.0,5.1,4.3,22.64,91.64,4,1,Monsoon,Extreme,13.3,46284.0
Bogra,1998,10,36.2,24.4,353.0,86.0,0.5,4.0,6.6,24.88,89.36,20,1,Post-Monsoon,High,11.800000000000004,30358.0
Dhaka,1998,10,35.7,25.4,100.0,82.0,0.3,3.8,5.8,23.78,90.39,9,0,Post-Monsoon,Moderate,10.300000000000004,8200.0
Khepupara,1998,10,35.7,25.4,411.0,87.0,0.7,3.6,6.1,21.98,90.22,3,1,Post-Monsoon,High,10.300000000000004,35757.0
Barisal,1998,11,33.5,20.9,270.0,85.0,0.3,2.5,7.5,22.7,90.36,4,1,Post-Monsoon,High,12.6,22950.0
Dhaka,1998,11,33.6,20.6,83.0,78.0,0.3,2.6,7.4,23.78,90.39,9,0,Post-Monsoon,Moderate,13.0,6474.0
Dhaka,1998,12,30.3,14.8,0.0,77.0,0.2,0.4,7.9,23.78,90.39,9,0,Winter,Low,15.5,0.0
Dhaka,1999,1,29.4,12.7,0.0,72.0,0.3,0.6,7.2,23.78,90.39,9,0,Winter,Low,16.7,0.0
Dhaka,1999,2,34.2,16.5,0.0,65.0,0.4,0.9,7.5,23.78,90.39,9,0,Winter,Low,17.700000000000003,0.0
Barisal,1999,5,35.7,25.0,212.0,86.0,2.2,5.7,3.8,22.7,90.36,4,1,Pre-Monsoon,High,10.700000000000005,18232.0
Cox's Bazar,1999,5,36.3,25.1,578.0,84.0,2.2,4.8,5.7,21.46,91.98,4,1,Pre-Monsoon,Extreme,11.199999999999996,48552.0
Dinajpur,1999,5,36.8,23.8,367.0,84.0,0.8,4.8,5.5,25.63,88.66,37,1,Pre-Monsoon,High,12.999999999999996,30828.0
Feni,1999,5,35.4,24.7,409.0,84.0,1.7,5.4,4.6,23.01,91.37,8,1,Pre-Monsoon,High,10.7,34356.0
Khepupara,1999,5,35.0,25.6,458.0,84.0,2.9,4.9,5.3,21.98,90.22,3,1,Pre-Monsoon,High,9.4,38472.0
Kutubdia,1999,5,35.3,25.7,410.0,87.0,2.7,4.7,5.3,21.83,91.84,6,1,Pre-Monsoon,High,9.599999999999998,35670.0
Maijdee Court,1999,5,36.4,25.0,427.0,84.0,1.7,4.8,5.7,22.83,91.08,6,1,Pre-Monsoon,High,11.4,35868.0
Sandwip,1999,5,36.1,25.1,582.0,87.0,1.5,5.3,5.7,22.5,91.46,6,1,Pre-Monsoon,Extreme,11.0,50634.0
Sylhet,1999,5,34.7,23.3,731.0,84.0,1.5,6.0,4.9,24.88,91.93,35,1,Pre-Monsoon,Extreme,11.400000000000002,61404.0
Teknaf,1999,5,35.0,25.4,629.0,85.0,0.9,5.0,4.6,20.87,92.26,4,1,Pre-Monsoon,Extreme,9.6,53465.0
Barisal,1999,6,36.7,25.4,260.0,88.0,1.9,6.6,3.1,22.7,90.36,4,1,Monsoon,High,11.300000000000004,22880.0
Chittagong (IAP-Patenga),1999,6,35.0,25.4,879.0,87.0,3.7,6.4,3.8,22.34,91.79,6,1,Monsoon,Extreme,9.6,76473.0
Cox's Bazar,1999,6,35.7,25.6,853.0,89.0,2.7,6.3,4.8,21.46,91.98,4,1,Monsoon,Extreme,10.1,75917.0
Dinajpur,1999,6,37.8,26.2,283.0,86.0,0.7,5.6,6.9,25.63,88.66,37,1,Monsoon,High,11.599999999999998,24338.0
Feni,1999,6,36.1,25.5,837.0,87.0,1.3,6.7,4.2,23.01,91.37,8,1,Monsoon,Extreme,10.6,72819.0
Hatiya,1999,6,32.2,25.7,771.0,88.0,2.7,6.2,3.7,22.29,91.13,4,1,Monsoon,Extreme,6.500000000000004,67848.0
Khepupara,1999,6,36.2,26.1,734.0,87.0,2.6,5.8,4.2,21.98,90.22,3,1,Monsoon,Extreme,10.1,63858.0
Kutubdia,1999,6,33.6,25.9,648.0,87.0,2.9,5.9,4.4,21.83,91.84,6,1,Monsoon,Extreme,7.700000000000003,56376.0
Maijdee Court,1999,6,35.0,25.6,645.0,87.0,1.8,6.0,3.5,22.83,91.08,6,1,Monsoon,Extreme,9.4,56115.0
Patuakhali,1999,6,36.5,25.9,479.0,89.0,1.6,6.1,2.7,22.36,90.34,3,1,Monsoon,High,10.6,42631.0
Rajshahi,1999,6,39.7,26.3,348.0,84.0,1.3,5.6,5.2,24.35,88.56,20,1,Monsoon,High,13.400000000000002,29232.0
Rangamati,1999,6,36.0,24.7,840.0,88.0,1.5,6.6,3.8,22.67,92.2,63,1,Monsoon,Extreme,11.3,73920.0
Sandwip,1999,6,39.3,25.9,768.0,92.0,1.5,6.5,4.3,22.5,91.46,6,1,Monsoon,Extreme,13.4,70656.0
Sitakunda,1999,6,36.2,25.3,902.0,89.0,2.1,6.1,3.5,22.64,91.64,4,1,Monsoon,Extreme,10.900000000000002,80278.0
Sylhet,1999,6,36.7,25.2,472.0,86.0,1.3,6.8,4.1,24.88,91.93,35,1,Monsoon,High,11.500000000000004,40592.0
Teknaf,1999,6,34.0,25.9,982.0,90.0,1.0,6.2,2.0,20.87,92.26,4,1,Monsoon,Extreme,8.100000000000001,88380.0
Barisal,1999,7,34.0,25.1,527.0,91.0,1.6,7.0,2.9,22.7,90.36,4,1,Monsoon,Extreme,8.899999999999999,47957.0
Bhola,1999,7,33.6,25.5,590.0,91.0,0.8,6.3,1.4,22.7,90.66,5,1,Monsoon,Extreme,8.100000000000001,53690.0
Bogra,1999,7,35.8,26.3,343.0,87.0,1.1,6.5,4.7,24.88,89.36,20,1,Monsoon,High,9.499999999999996,29841.0
Chandpur,1999,7,33.9,25.7,947.0,88.0,0.6,6.2,3.1,23.26,90.67,7,1,Monsoon,Extreme,8.2,83336.0
Chittagong (IAP-Patenga),1999,7,35.4,25.2,514.0,86.0,4.0,6.8,4.1,22.34,91.79,6,1,Monsoon,Extreme,10.2,44204.0
Comilla,1999,7,34.2,25.6,692.0,88.0,2.1,6.5,4.3,23.48,91.19,10,1,Monsoon,Extreme,8.600000000000001,60896.0
Cox's Bazar,1999,7,33.5,25.3,919.0,90.0,1.9,6.7,4.0,21.46,91.98,4,1,Monsoon,Extreme,8.2,82710.0
Dinajpur,1999,7,35.4,26.2,403.0,87.0,0.6,6.5,2.7,25.63,88.66,37,1,Monsoon,High,9.2,35061.0
Faridpur,1999,7,34.2,25.7,421.0,89.0,1.9,6.3,4.0,23.61,89.84,9,1,Monsoon,High,8.500000000000004,37469.0
Feni,1999,7,35.1,25.2,972.0,87.0,1.5,6.7,4.1,23.01,91.37,8,1,Monsoon,Extreme,9.900000000000002,84564.0
Hatiya,1999,7,30.5,25.4,949.0,90.0,2.6,6.7,4.2,22.29,91.13,4,1,Monsoon,Extreme,5.100000000000001,85410.0
Ishurdi,1999,7,34.5,25.9,407.0,90.0,1.3,6.6,3.6,24.12,89.04,14,1,Monsoon,High,8.600000000000001,36630.0
Jessore,1999,7,35.0,25.8,356.0,89.0,2.6,6.5,4.6,23.17,89.22,7,1,Monsoon,High,9.2,31684.0
Khepupara,1999,7,32.2,25.9,768.0,90.0,2.6,6.4,3.7,21.98,90.22,3,1,Monsoon,Extreme,6.300000000000004,69120.0
Khulna,1999,7,34.7,25.8,420.0,89.0,1.2,6.3,3.9,22.8,89.58,4,1,Monsoon,High,8.900000000000002,37380.0
Kutubdia,1999,7,32.4,25.7,602.0,87.0,2.6,6.3,3.8,21.83,91.84,6,1,Monsoon,Extreme,6.699999999999999,52374.0
Madaripur,1999,7,34.8,25.9,592.0,88.0,0.9,6.4,2.9,23.17,90.18,5,1,Monsoon,Extreme,8.899999999999999,52096.0
Maijdee Court,1999,7,34.8,25.6,690.0,88.0,1.7,6.6,3.4,22.83,91.08,6,1,Monsoon,Extreme,9.199999999999996,60720.0
Mongla,1999,7,35.4,26.0,435.0,89.0,1.8,6.0,3.992307692,22.43,89.66,4,1,Monsoon,High,9.4,38715.0
Mymensingh,1999,7,36.0,26.1,401.0,88.0,1.7,6.4,3.3,24.75,90.41,19,1,Monsoon,High,9.9,35288.0
Patuakhali,1999,7,34.7,25.8,749.0,91.0,1.3,6.7,3.2,22.36,90.34,3,1,Monsoon,Extreme,8.900000000000002,68159.0
Rajshahi,1999,7,34.9,25.9,349.0,90.0,1.1,6.6,4.2,24.35,88.56,20,1,Monsoon,High,9.0,31410.0
Rangamati,1999,7,35.0,24.9,590.0,88.0,1.2,6.8,3.7,22.67,92.2,63,1,Monsoon,Extreme,10.1,51920.0
Rangpur,1999,7,35.5,26.2,436.0,88.0,1.4,6.6,4.3,25.72,89.26,34,1,Monsoon,High,9.3,38368.0
Sandwip,1999,7,33.6,25.5,964.0,93.0,1.4,6.9,4.3,22.5,91.46,6,1,Monsoon,Extreme,8.100000000000001,89652.0
Sitakunda,1999,7,35.2,25.1,905.0,90.0,1.5,6.5,3.4,22.64,91.64,4,1,Monsoon,Extreme,10.1,81450.0
Sylhet,1999,7,37.4,25.4,775.0,88.0,1.3,7.3,2.8,24.88,91.93,35,1,Monsoon,Extreme,12.0,68200.0
Teknaf,1999,7,32.2,25.5,771.0,92.0,0.8,6.3,2.1,20.87,92.26,4,1,Monsoon,Extreme,6.700000000000003,70932.0
Barisal,1999,8,34.0,25.4,404.0,91.0,1.4,7.1,2.6,22.7,90.36,4,1,Monsoon,High,8.600000000000001,36764.0
Bhola,1999,8,33.0,25.6,432.0,92.0,0.7,6.3,2.2,22.7,90.66,5,1,Monsoon,High,7.399999999999999,39744.0
Bogra,1999,8,35.0,26.3,429.0,87.0,1.1,6.6,3.4,24.88,89.36,20,1,Monsoon,High,8.7,37323.0
Chittagong (IAP-Patenga),1999,8,33.4,25.5,848.0,88.0,3.8,6.7,3.1,22.34,91.79,6,1,Monsoon,Extreme,7.899999999999999,74624.0
Comilla,1999,8,34.2,25.6,371.0,88.0,2.0,6.4,3.9,23.48,91.19,10,1,Monsoon,High,8.600000000000001,32648.0
Cox's Bazar,1999,8,33.5,25.0,1134.0,91.0,1.9,7.1,3.5,21.46,91.98,4,1,Monsoon,Extreme,8.5,103194.0
Dinajpur,1999,8,35.7,25.8,587.0,89.0,0.6,6.2,4.6,25.63,88.66,37,1,Monsoon,Extreme,9.900000000000002,52243.0
Faridpur,1999,8,32.8,25.8,452.0,87.0,1.7,6.0,3.3,23.61,89.84,9,1,Monsoon,High,6.9999999999999964,39324.0
Feni,1999,8,34.6,25.4,571.0,87.0,1.4,6.7,3.2,23.01,91.37,8,1,Monsoon,Extreme,9.200000000000005,49677.0
Hatiya,1999,8,31.0,25.5,736.0,91.0,1.9,6.4,3.1,22.29,91.13,4,1,Monsoon,Extreme,5.5,66976.0
Khepupara,1999,8,32.6,25.6,535.0,89.0,2.8,6.5,3.8,21.98,90.22,3,1,Monsoon,Extreme,7.0,47615.0
Kutubdia,1999,8,33.4,25.4,821.0,90.0,3.3,6.6,3.2,21.83,91.84,6,1,Monsoon,Extreme,8.0,73890.0
Maijdee Court,1999,8,34.0,25.7,648.0,89.0,1.9,6.8,2.9,22.83,91.08,6,1,Monsoon,Extreme,8.3,57672.0
Mongla,1999,8,34.0,26.1,442.0,89.0,1.8,5.9,4.369230769,22.43,89.66,4,1,Monsoon,High,7.899999999999999,39338.0
Patuakhali,1999,8,34.2,25.8,588.0,91.0,0.9,6.7,2.1,22.36,90.34,3,1,Monsoon,Extreme,8.400000000000002,53508.0
Rajshahi,1999,8,35.0,26.0,354.0,90.0,1.0,6.6,4.2,24.35,88.56,20,1,Monsoon,High,9.0,31860.0
Rangamati,1999,8,34.4,24.7,474.0,88.0,1.1,6.8,2.6,22.67,92.2,63,1,Monsoon,High,9.7,41712.0
Rangpur,1999,8,35.0,25.7,829.0,89.0,1.3,6.5,4.1,25.72,89.26,34,1,Monsoon,Extreme,9.3,73781.0
Sandwip,1999,8,32.3,25.6,956.0,92.0,1.4,7.0,3.7,22.5,91.46,6,1,Monsoon,Extreme,6.699999999999996,87952.0
Sitakunda,1999,8,34.4,25.2,581.0,90.0,1.6,6.6,2.1,22.64,91.64,4,1,Monsoon,Extreme,9.2,52290.0
Sylhet,1999,8,36.0,25.4,503.0,87.0,1.2,7.2,3.4,24.88,91.93,35,1,Monsoon,Extreme,10.6,43761.0
Teknaf,1999,8,32.5,25.4,1395.0,93.0,0.7,6.6,2.7,20.87,92.26,4,1,Monsoon,Extreme,7.100000000000001,129735.0
Barisal,1999,9,35.5,25.2,301.0,89.0,1.0,6.6,3.7,22.7,90.36,4,1,Monsoon,High,10.3,26789.0
Bhola,1999,9,33.5,25.4,398.0,90.0,0.5,5.6,1.8,22.7,90.66,5,1,Monsoon,High,8.100000000000001,35820.0
Chandpur,1999,9,33.0,25.1,394.0,87.0,0.4,5.4,3.4,23.26,90.67,7,1,Monsoon,High,7.899999999999999,34278.0
Dinajpur,1999,9,34.0,25.2,589.0,88.0,0.6,5.1,3.4,25.63,88.66,37,1,Monsoon,Extreme,8.8,51832.0
Hatiya,1999,9,32.0,25.4,515.0,88.0,1.5,4.6,4.8,22.29,91.13,4,1,Monsoon,Extreme,6.600000000000001,45320.0
Khepupara,1999,9,34.2,25.3,520.0,90.0,1.9,5.9,4.8,21.98,90.22,3,1,Monsoon,Extreme,8.900000000000002,46800.0
Khulna,1999,9,34.8,25.8,374.0,89.0,1.0,5.8,4.3,22.8,89.58,4,1,Monsoon,High,8.999999999999996,33286.0
Maijdee Court,1999,9,33.5,25.6,631.0,88.0,1.3,6.2,4.6,22.83,91.08,6,1,Monsoon,Extreme,7.899999999999999,55528.0
Mongla,1999,9,33.5,25.8,479.0,90.0,1.7,5.6,4.746153846,22.43,89.66,4,1,Monsoon,High,7.699999999999999,43110.0
Patuakhali,1999,9,34.2,25.6,417.0,90.0,1.0,6.0,3.1,22.36,90.34,3,1,Monsoon,High,8.600000000000001,37530.0
Rajshahi,1999,9,34.2,25.6,502.0,90.0,1.2,5.8,5.0,24.35,88.56,20,1,Monsoon,Extreme,8.600000000000001,45180.0
Satkhira,1999,9,34.4,24.2,361.0,88.0,0.6,5.9,3.8,22.68,89.07,6,1,Monsoon,High,10.2,31768.0
Teknaf,1999,9,33.2,25.1,513.0,90.0,0.5,5.2,5.0,20.87,92.26,4,1,Monsoon,Extreme,8.100000000000001,46170.0
Barisal,1999,10,34.0,24.1,228.0,89.0,0.6,5.3,4.9,22.7,90.36,4,1,Post-Monsoon,High,9.9,20292.0
Bhola,1999,10,34.0,24.6,436.0,89.0,0.3,4.7,2.5,22.7,90.66,5,1,Post-Monsoon,High,9.4,38804.0
Dhaka,1999,10,34.6,24.5,368.0,83.0,0.3,5.1,5.2,23.78,90.39,9,0,Post-Monsoon,High,10.1,30544.0
Dinajpur,1999,10,33.5,23.4,234.0,87.0,0.5,3.7,5.0,25.63,88.66,37,1,Post-Monsoon,High,10.1,20358.0
Faridpur,1999,10,33.6,24.7,422.0,85.0,0.9,4.5,5.8,23.61,89.84,9,1,Post-Monsoon,High,8.900000000000002,35870.0
Jessore,1999,10,34.4,24.2,151.0,86.0,0.9,5.2,6.6,23.17,89.22,7,1,Post-Monsoon,Moderate,10.2,12986.0
Mongla,1999,10,33.5,24.9,321.0,88.0,1.2,4.7,6.723076923,22.43,89.66,4,1,Post-Monsoon,High,8.600000000000001,28248.0
Mymensingh,1999,10,34.0,24.0,513.0,87.0,1.0,4.4,4.8,24.75,90.41,19,1,Post-Monsoon,Extreme,10.0,44631.0
Rajshahi,1999,10,33.1,24.3,155.0,87.0,0.7,4.0,7.0,24.35,88.56,20,1,Post-Monsoon,Moderate,8.8,13485.0
Dhaka,1999,11,32.4,19.0,13.0,76.0,0.1,1.6,8.3,23.78,90.39,9,0,Post-Monsoon,Low,13.4,988.0
Dhaka,1999,12,29.7,14.9,0.0,71.0,0.3,0.8,7.4,23.78,90.39,9,0,Winter,Low,14.8,0.0
Dhaka,2000,1,28.7,14.0,13.0,72.0,0.5,0.9,6.1,23.78,90.39,9,0,Winter,Low,14.7,936.0
Dhaka,2000,2,28.2,16.2,44.0,61.0,0.6,3.2,5.8,23.78,90.39,9,0,Winter,Low,12.0,2684.0
Dinajpur,2000,4,37.2,21.0,147.0,76.0,0.8,3.3,7.4,25.63,88.66,37,1,Pre-Monsoon,Moderate,16.200000000000003,11172.0
Sylhet,2000,4,33.7,20.8,654.0,81.0,2.1,5.2,5.8,24.88,91.93,35,1,Pre-Monsoon,Extreme,12.900000000000002,52974.0
Barisal,2000,5,36.3,24.3,246.0,83.0,1.3,6.0,4.4,22.7,90.36,4,1,Pre-Monsoon,High,11.999999999999996,20418.0
Chandpur,2000,5,36.1,24.4,470.0,81.0,0.7,4.7,4.8,23.26,90.67,7,1,Pre-Monsoon,High,11.700000000000005,38070.0
Chittagong (IAP-Patenga),2000,5,34.5,24.4,577.0,85.0,2.5,5.5,4.3,22.34,91.79,6,1,Pre-Monsoon,Extreme,10.1,49045.0
Comilla,2000,5,36.3,24.1,554.0,84.0,1.4,5.4,5.8,23.48,91.19,10,1,Pre-Monsoon,Extreme,12.199999999999996,46536.0
Cox's Bazar,2000,5,35.7,23.7,589.0,86.0,1.6,4.9,5.8,21.46,91.98,4,1,Pre-Monsoon,Extreme,12.000000000000004,50654.0
Dinajpur,2000,5,37.5,23.7,317.0,86.0,0.7,5.0,5.7,25.63,88.66,37,1,Pre-Monsoon,High,13.8,27262.0
Faridpur,2000,5,37.3,24.4,398.0,81.0,1.6,4.9,5.5,23.61,89.84,9,1,Pre-Monsoon,High,12.9,32238.0
Feni,2000,5,36.2,24.2,520.0,82.0,1.2,5.8,4.4,23.01,91.37,8,1,Pre-Monsoon,Extreme,12.000000000000004,42640.0
Hatiya,2000,5,37.4,24.0,686.0,85.0,2.1,5.1,4.7,22.29,91.13,4,1,Pre-Monsoon,Extreme,13.4,58310.0
Khepupara,2000,5,36.5,25.6,470.0,84.0,2.8,5.4,4.6,21.98,90.22,3,1,Pre-Monsoon,High,10.9,39480.0
Kutubdia,2000,5,33.6,24.5,446.0,86.0,1.8,4.8,5.2,21.83,91.84,6,1,Pre-Monsoon,High,9.1,38356.0
Maijdee Court,2000,5,35.8,24.4,542.0,84.0,1.4,5.1,4.9,22.83,91.08,6,1,Pre-Monsoon,Extreme,11.4,45528.0
Mymensingh,2000,5,37.6,24.0,461.0,86.0,1.8,5.2,4.8,24.75,90.41,19,1,Pre-Monsoon,High,13.6,39646.0
Rangamati,2000,5,37.2,23.3,498.0,84.0,1.2,5.5,4.4,22.67,92.2,63,1,Pre-Monsoon,High,13.900000000000002,41832.0
Sandwip,2000,5,35.8,24.2,804.0,88.0,1.9,5.6,5.3,22.5,91.46,6,1,Pre-Monsoon,Extreme,11.599999999999998,70752.0
Sitakunda,2000,5,36.7,23.8,902.0,84.0,1.6,5.3,4.0,22.64,91.64,4,1,Pre-Monsoon,Extreme,12.900000000000002,75768.0
Srimangal,2000,5,36.5,22.6,803.0,85.0,0.7,5.8,5.2,24.29,91.73,23,1,Pre-Monsoon,Extreme,13.9,68255.0
Sylhet,2000,5,36.7,23.4,661.0,85.0,1.7,6.2,4.5,24.88,91.93,35,1,Pre-Monsoon,Extreme,13.300000000000004,56185.0
Teknaf,2000,5,33.7,24.8,600.0,85.0,0.8,4.8,5.5,20.87,92.26,4,1,Pre-Monsoon,Extreme,8.900000000000002,51000.0
Barisal,2000,6,34.8,25.0,282.0,90.0,1.6,6.7,2.7,22.7,90.36,4,1,Monsoon,High,9.799999999999995,25380.0
Bhola,2000,6,33.5,25.7,416.0,89.0,0.8,5.8,3.3,22.7,90.66,5,1,Monsoon,High,7.800000000000001,37024.0
Chittagong (IAP-Patenga),2000,6,34.5,25.2,622.0,87.0,3.2,6.2,4.4,22.34,91.79,6,1,Monsoon,Extreme,9.3,54114.0
Cox's Bazar,2000,6,35.2,25.1,841.0,88.0,2.1,6.5,4.5,21.46,91.98,4,1,Monsoon,Extreme,10.1,74008.0
Dinajpur,2000,6,36.8,25.9,399.0,86.0,0.7,6.3,4.5,25.63,88.66,37,1,Monsoon,High,10.9,34314.0
Feni,2000,6,35.7,25.5,594.0,83.0,1.5,6.4,4.3,23.01,91.37,8,1,Monsoon,Extreme,10.200000000000005,49302.0
Hatiya,2000,6,34.0,25.4,715.0,88.0,3.1,5.9,3.2,22.29,91.13,4,1,Monsoon,Extreme,8.600000000000001,62920.0
Khepupara,2000,6,34.0,26.0,419.0,87.0,3.0,6.1,3.7,21.98,90.22,3,1,Monsoon,High,8.0,36453.0
Kutubdia,2000,6,33.8,25.4,691.0,90.0,2.2,6.1,3.2,21.83,91.84,6,1,Monsoon,Extreme,8.399999999999999,62190.0
Maijdee Court,2000,6,34.6,25.7,568.0,86.0,1.9,6.2,4.1,22.83,91.08,6,1,Monsoon,Extreme,8.900000000000002,48848.0
Mymensingh,2000,6,36.6,25.9,468.0,87.0,2.0,6.3,3.6,24.75,90.41,19,1,Monsoon,High,10.700000000000005,40716.0
Rajshahi,2000,6,36.3,25.9,222.0,85.0,1.3,5.6,5.3,24.35,88.56,20,1,Monsoon,High,10.4,18870.0
Rangamati,2000,6,35.5,24.7,565.0,87.0,1.0,6.0,4.6,22.67,92.2,63,1,Monsoon,Extreme,10.8,49155.0
Rangpur,2000,6,36.4,25.6,438.0,85.0,1.6,6.1,5.0,25.72,89.26,34,1,Monsoon,High,10.799999999999995,37230.0
Sandwip,2000,6,33.9,25.7,626.0,91.0,2.4,6.4,4.8,22.5,91.46,6,1,Monsoon,Extreme,8.2,56966.0
Sitakunda,2000,6,36.2,25.2,494.0,87.0,1.4,5.7,3.9,22.64,91.64,4,1,Monsoon,High,11.000000000000004,42978.0
Sylhet,2000,6,35.5,24.8,794.0,89.0,1.7,7.0,3.4,24.88,91.93,35,1,Monsoon,Extreme,10.7,70666.0
Tangail,2000,6,36.4,25.7,390.0,84.0,1.4,6.2,5.2,24.15,89.55,10,1,Monsoon,High,10.7,32760.0
Teknaf,2000,6,35.0,25.4,1091.0,89.0,0.9,6.2,3.9,20.87,92.26,4,1,Monsoon,Extreme,9.6,97099.0
Barisal,2000,7,35.2,25.2,389.0,88.0,1.7,6.4,3.8,22.7,90.36,4,1,Monsoon,High,10.000000000000004,34232.0
Bhola,2000,7,34.2,25.9,432.0,90.0,0.7,5.6,3.7,22.7,90.66,5,1,Monsoon,High,8.300000000000004,38880.0
Chittagong (IAP-Patenga),2000,7,34.0,25.3,701.0,87.0,3.6,6.2,4.2,22.34,91.79,6,1,Monsoon,Extreme,8.7,60987.0
Cox's Bazar,2000,7,34.8,24.4,1300.0,90.0,2.1,6.4,4.6,21.46,91.98,4,1,Monsoon,Extreme,10.4,117000.0
Dinajpur,2000,7,35.0,26.4,188.0,85.0,0.8,5.9,5.2,25.63,88.66,37,1,Monsoon,Moderate,8.600000000000001,15980.0
Feni,2000,7,35.2,25.6,718.0,85.0,1.9,6.7,5.3,23.01,91.37,8,1,Monsoon,Extreme,9.6,61030.0
Hatiya,2000,7,34.0,25.6,694.0,90.0,3.2,6.3,4.2,22.29,91.13,4,1,Monsoon,Extreme,8.399999999999999,62460.0
Jessore,2000,7,36.6,26.0,486.0,86.0,2.3,6.2,6.2,23.17,89.22,7,1,Monsoon,High,10.6,41796.0
Khepupara,2000,7,33.5,26.0,797.0,88.0,2.3,6.0,3.6,21.98,90.22,3,1,Monsoon,Extreme,7.5,70136.0
Khulna,2000,7,36.4,25.4,405.0,89.0,1.0,5.6,4.9,22.8,89.58,4,1,Monsoon,High,11.0,36045.0
Kutubdia,2000,7,33.6,25.3,792.0,89.0,2.2,6.0,4.0,21.83,91.84,6,1,Monsoon,Extreme,8.3,70488.0
Maijdee Court,2000,7,35.5,25.9,629.0,87.0,2.0,5.9,4.9,22.83,91.08,6,1,Monsoon,Extreme,9.6,54723.0
Mongla,2000,7,35.5,26.1,356.0,88.0,1.8,5.6,3.992307692,22.43,89.66,4,1,Monsoon,High,9.4,31328.0
Patuakhali,2000,7,35.4,26.0,497.0,90.0,1.6,6.3,3.5,22.36,90.34,3,1,Monsoon,High,9.4,44730.0
Sandwip,2000,7,35.3,25.9,1215.0,91.0,2.3,6.6,5.3,22.5,91.46,6,1,Monsoon,Extreme,9.4,110565.0
Satkhira,2000,7,36.0,26.1,403.0,84.0,0.8,5.9,4.7,22.68,89.07,6,1,Monsoon,High,9.9,33852.0
Sitakunda,2000,7,35.7,25.2,713.0,89.0,1.5,5.7,3.7,22.64,91.64,4,1,Monsoon,Extreme,10.500000000000004,63457.0
Teknaf,2000,7,33.2,25.2,1457.0,90.0,0.7,6.3,3.5,20.87,92.26,4,1,Monsoon,Extreme,8.000000000000004,131130.0
Barisal,2000,8,34.5,25.7,203.0,87.0,1.5,6.6,3.6,22.7,90.36,4,1,Monsoon,High,8.8,17661.0
Chittagong (IAP-Patenga),2000,8,34.5,25.1,564.0,88.0,3.0,6.3,5.4,22.34,91.79,6,1,Monsoon,Extreme,9.4,49632.0
Cox's Bazar,2000,8,34.6,25.1,870.0,89.0,1.8,6.1,5.8,21.46,91.98,4,1,Monsoon,Extreme,9.5,77430.0
Dinajpur,2000,8,35.5,26.5,195.0,85.0,0.6,6.1,4.7,25.63,88.66,37,1,Monsoon,Moderate,9.0,16575.0
Feni,2000,8,36.0,25.4,756.0,84.0,1.5,6.4,5.4,23.01,91.37,8,1,Monsoon,Extreme,10.6,63504.0
Hatiya,2000,8,33.0,25.7,415.0,88.0,2.4,6.3,5.5,22.29,91.13,4,1,Monsoon,High,7.300000000000001,36520.0
Khepupara,2000,8,33.4,26.1,411.0,87.0,2.7,6.2,5.0,21.98,90.22,3,1,Monsoon,High,7.299999999999997,35757.0
Kutubdia,2000,8,33.6,25.1,659.0,86.0,1.6,5.9,4.6,21.83,91.84,6,1,Monsoon,Extreme,8.5,56674.0
Rajshahi,2000,8,35.3,26.4,192.0,87.0,0.8,5.9,5.2,24.35,88.56,20,1,Monsoon,Moderate,8.899999999999999,16704.0
Rangamati,2000,8,35.2,24.6,534.0,87.0,0.7,6.0,5.0,22.67,92.2,63,1,Monsoon,Extreme,10.6,46458.0
Sandwip,2000,8,31.4,25.4,489.0,88.0,1.6,5.7,4.5,22.5,91.46,6,1,Monsoon,High,6.0,43032.0
Sitakunda,2000,8,35.7,24.9,671.0,89.0,1.4,6.1,4.3,22.64,91.64,4,1,Monsoon,Extreme,10.800000000000004,59719.0
Sylhet,2000,8,35.5,24.8,981.0,89.0,1.5,6.8,3.3,24.88,91.93,35,1,Monsoon,Extreme,10.7,87309.0
Teknaf,2000,8,33.0,25.4,1008.0,87.0,0.8,6.0,5.8,20.87,92.26,4,1,Monsoon,Extreme,7.600000000000001,87696.0
Barisal,2000,9,34.2,24.8,245.0,89.0,0.8,5.8,4.1,22.7,90.36,4,1,Monsoon,High,9.400000000000002,21805.0
Bogra,2000,9,36.2,25.2,466.0,87.0,0.8,5.6,4.6,24.88,89.36,20,1,Monsoon,High,11.000000000000004,40542.0
Cox's Bazar,2000,9,34.6,25.0,503.0,88.0,1.2,5.9,5.6,21.46,91.98,4,1,Monsoon,Extreme,9.6,44264.0
Dinajpur,2000,9,35.0,25.1,196.0,87.0,0.5,5.3,4.7,25.63,88.66,37,1,Monsoon,Moderate,9.9,17052.0
Faridpur,2000,9,34.7,25.7,399.0,87.0,1.1,5.2,4.8,23.61,89.84,9,1,Monsoon,High,9.000000000000004,34713.0
Hatiya,2000,9,34.5,24.6,422.0,87.0,1.8,5.4,4.9,22.29,91.13,4,1,Monsoon,High,9.9,36714.0
Ishurdi,2000,9,35.0,25.4,551.0,89.0,0.6,5.4,4.4,24.12,89.04,14,1,Monsoon,Extreme,9.6,49039.0
Jessore,2000,9,35.2,25.2,467.0,87.0,1.4,5.7,6.1,23.17,89.22,7,1,Monsoon,High,10.000000000000004,40629.0
Mongla,2000,9,34.5,25.7,327.0,88.0,1.3,4.7,4.746153846,22.43,89.66,4,1,Monsoon,High,8.8,28776.0
Rajshahi,2000,9,34.6,25.3,644.0,90.0,0.9,5.4,5.9,24.35,88.56,20,1,Monsoon,Extreme,9.3,57960.0
Satkhira,2000,9,34.9,25.5,486.0,86.0,0.6,4.7,5.6,22.68,89.07,6,1,Monsoon,High,9.4,41796.0
Sylhet,2000,9,34.5,24.5,733.0,88.0,1.2,6.7,2.9,24.88,91.93,35,1,Monsoon,Extreme,10.0,64504.0
Tangail,2000,9,35.6,25.1,368.0,87.0,0.9,5.7,4.4,24.15,89.55,10,1,Monsoon,High,10.5,32016.0
Chittagong (IAP-Patenga),2000,10,36.0,24.5,487.0,87.0,1.0,4.3,6.5,22.34,91.79,6,1,Post-Monsoon,High,11.5,42369.0
Cox's Bazar,2000,10,36.0,24.6,424.0,85.0,0.9,4.4,7.4,21.46,91.98,4,1,Post-Monsoon,High,11.4,36040.0
Dhaka,2000,10,34.9,24.4,272.0,82.0,0.6,3.8,5.8,23.78,90.39,9,0,Post-Monsoon,High,10.5,22304.0
Rajshahi,2000,10,34.8,24.0,85.0,85.0,0.5,3.3,7.7,24.35,88.56,20,1,Post-Monsoon,Moderate,10.799999999999995,7225.0
Dhaka,2000,11,32.5,20.2,0.0,73.0,0.2,1.2,8.1,23.78,90.39,9,0,Post-Monsoon,Low,12.3,0.0
Dhaka,2000,12,27.3,15.1,0.0,69.0,0.3,0.9,8.2,23.78,90.39,9,0,Winter,Low,12.2,0.0
Dhaka,2001,1,28.0,13.0,0.0,63.0,0.6,0.6,7.9,23.78,90.39,9,0,Winter,Low,15.0,0.0
Dhaka,2001,2,31.4,16.9,1.0,62.0,0.5,1.4,7.2,23.78,90.39,9,0,Winter,Low,14.5,62.0
Barisal,2001,5,35.6,23.7,282.0,87.0,1.3,5.3,5.0,22.7,90.36,4,1,Pre-Monsoon,High,11.900000000000002,24534.0
Chandpur,2001,5,34.6,24.2,448.0,81.0,0.4,4.2,4.1,23.26,90.67,7,1,Pre-Monsoon,High,10.400000000000002,36288.0
Chittagong (IAP-Patenga),2001,5,39.5,24.6,423.0,78.0,2.9,4.9,7.2,22.34,91.79,6,1,Pre-Monsoon,High,14.9,32994.0
Dinajpur,2001,5,36.4,23.3,222.0,79.0,0.7,4.2,7.8,25.63,88.66,37,1,Pre-Monsoon,High,13.099999999999998,17538.0
Feni,2001,5,36.0,24.1,520.0,81.0,0.6,5.4,6.3,23.01,91.37,8,1,Pre-Monsoon,Extreme,11.9,42120.0
Hatiya,2001,5,34.0,24.2,485.0,84.0,1.8,4.3,6.2,22.29,91.13,4,1,Pre-Monsoon,High,9.8,40740.0
Madaripur,2001,5,35.6,24.0,552.0,85.0,0.7,4.4,6.2,23.17,90.18,5,1,Pre-Monsoon,Extreme,11.6,46920.0
Maijdee Court,2001,5,35.6,24.6,523.0,83.0,1.0,4.1,6.7,22.83,91.08,6,1,Pre-Monsoon,Extreme,11.0,43409.0
Sandwip,2001,5,36.2,25.2,925.0,86.0,1.0,4.6,5.7,22.5,91.46,6,1,Pre-Monsoon,Extreme,11.000000000000004,79550.0
Tangail,2001,5,34.8,23.9,364.0,81.0,1.0,5.0,6.5,24.15,89.55,10,1,Pre-Monsoon,High,10.9,29484.0
Barisal,2001,6,34.5,25.0,641.0,94.0,1.6,7.3,1.9,22.7,90.36,4,1,Monsoon,Extreme,9.5,60254.0
Bhola,2001,6,32.7,25.5,892.0,93.0,1.0,6.5,2.1,22.7,90.66,5,1,Monsoon,Extreme,7.200000000000003,82956.0
Chandpur,2001,6,33.6,25.5,541.0,86.0,0.6,5.8,3.2,23.26,90.67,7,1,Monsoon,Extreme,8.100000000000001,46526.0
Chittagong (IAP-Patenga),2001,6,33.0,25.2,742.0,82.0,4.4,6.8,4.2,22.34,91.79,6,1,Monsoon,Extreme,7.800000000000001,60844.0
Comilla,2001,6,35.0,25.3,590.0,88.0,1.9,6.3,4.6,23.48,91.19,10,1,Monsoon,Extreme,9.7,51920.0
Cox's Bazar,2001,6,33.7,23.9,1373.0,92.0,2.6,7.0,3.5,21.46,91.98,4,1,Monsoon,Extreme,9.800000000000004,126316.0
Dinajpur,2001,6,35.5,25.4,573.0,86.0,0.9,5.7,6.9,25.63,88.66,37,1,Monsoon,Extreme,10.1,49278.0
Feni,2001,6,34.0,25.3,594.0,89.0,1.5,7.1,3.1,23.01,91.37,8,1,Monsoon,Extreme,8.7,52866.0
Hatiya,2001,6,32.4,25.1,1013.0,91.0,2.9,6.7,3.1,22.29,91.13,4,1,Monsoon,Extreme,7.299999999999997,92183.0
Ishurdi,2001,6,35.0,25.9,409.0,85.0,1.9,6.1,4.4,24.12,89.04,14,1,Monsoon,High,9.1,34765.0
Jessore,2001,6,34.4,25.7,498.0,88.0,2.2,6.6,3.0,23.17,89.22,7,1,Monsoon,High,8.7,43824.0
Khepupara,2001,6,33.7,25.7,1014.0,91.0,2.1,7.1,2.2,21.98,90.22,3,1,Monsoon,Extreme,8.000000000000004,92274.0
Khulna,2001,6,35.2,25.9,354.0,90.0,0.9,6.3,2.7,22.8,89.58,4,1,Monsoon,High,9.300000000000004,31860.0
Kutubdia,2001,6,32.8,24.9,773.0,90.0,2.0,6.2,2.6,21.83,91.84,6,1,Monsoon,Extreme,7.899999999999999,69570.0
Madaripur,2001,6,34.6,25.7,625.0,90.0,1.0,6.0,3.0,23.17,90.18,5,1,Monsoon,Extreme,8.900000000000002,56250.0
Maijdee Court,2001,6,33.6,25.4,881.0,89.0,2.3,6.6,3.4,22.83,91.08,6,1,Monsoon,Extreme,8.200000000000003,78409.0
Mongla,2001,6,35.2,26.0,539.0,92.0,2.1,5.7,2.5,22.43,89.66,4,1,Monsoon,Extreme,9.200000000000005,49588.0
Mymensingh,2001,6,34.0,25.7,408.0,87.0,2.1,6.5,4.5,24.75,90.41,19,1,Monsoon,High,8.3,35496.0
Patuakhali,2001,6,34.0,25.6,1084.0,93.0,1.6,7.1,1.8,22.36,90.34,3,1,Monsoon,Extreme,8.399999999999999,100812.0
Rajshahi,2001,6,35.2,25.6,324.0,87.0,1.8,6.2,5.4,24.35,88.56,20,1,Monsoon,High,9.6,28188.0
Rangamati,2001,6,34.7,24.7,569.0,85.0,1.1,6.1,3.8,22.67,92.2,63,1,Monsoon,Extreme,10.000000000000004,48365.0
Rangpur,2001,6,35.6,25.4,481.0,84.0,1.6,5.6,6.2,25.72,89.26,34,1,Monsoon,High,10.200000000000005,40404.0
Sandwip,2001,6,35.0,25.0,1784.0,91.0,1.8,6.6,3.6,22.5,91.46,6,1,Monsoon,Extreme,10.0,162344.0
Satkhira,2001,6,34.7,26.0,411.0,87.0,0.8,6.0,3.0,22.68,89.07,6,1,Monsoon,High,8.700000000000003,35757.0
Sitakunda,2001,6,33.9,25.0,741.0,88.0,1.8,6.5,2.8,22.64,91.64,4,1,Monsoon,Extreme,8.899999999999999,65208.0
Srimangal,2001,6,35.8,24.5,747.0,88.0,0.8,6.9,4.6,24.29,91.73,23,1,Monsoon,Extreme,11.299999999999995,65736.0
Sylhet,2001,6,35.7,25.2,729.0,89.0,1.5,7.1,3.3,24.88,91.93,35,1,Monsoon,Extreme,10.500000000000004,64881.0
Teknaf,2001,6,33.0,25.1,1759.0,93.0,1.2,7.2,2.8,20.87,92.26,4,1,Monsoon,Extreme,7.899999999999999,163587.0
Barisal,2001,7,33.0,25.3,556.0,91.0,2.0,7.1,3.8,22.7,90.36,4,1,Monsoon,Extreme,7.699999999999999,50596.0
Bhola,2001,7,32.0,26.0,406.0,90.0,1.0,6.2,2.8,22.7,90.66,5,1,Monsoon,High,6.0,36540.0
Chandpur,2001,7,34.0,25.8,387.0,84.0,0.7,6.1,3.5,23.26,90.67,7,1,Monsoon,High,8.2,32508.0
Chittagong (IAP-Patenga),2001,7,33.3,25.2,693.0,82.0,4.3,6.8,4.2,22.34,91.79,6,1,Monsoon,Extreme,8.099999999999998,56826.0
Cox's Bazar,2001,7,33.8,25.3,903.0,90.0,2.9,6.7,4.0,21.46,91.98,4,1,Monsoon,Extreme,8.499999999999996,81270.0
Dinajpur,2001,7,36.8,26.5,158.0,86.0,0.7,5.7,5.9,25.63,88.66,37,1,Monsoon,Moderate,10.299999999999995,13588.0
Feni,2001,7,34.1,25.4,718.0,86.0,1.7,6.5,4.5,23.01,91.37,8,1,Monsoon,Extreme,8.700000000000003,61748.0
Hatiya,2001,7,31.2,25.3,789.0,89.0,3.3,6.4,4.5,22.29,91.13,4,1,Monsoon,Extreme,5.899999999999999,70221.0
Khepupara,2001,7,31.8,25.9,621.0,90.0,2.5,6.6,3.7,21.98,90.22,3,1,Monsoon,Extreme,5.900000000000002,55890.0
Kutubdia,2001,7,32.4,25.2,413.0,89.0,1.5,6.1,3.4,21.83,91.84,6,1,Monsoon,High,7.199999999999999,36757.0
Madaripur,2001,7,33.3,26.3,422.0,90.0,1.0,6.3,3.9,23.17,90.18,5,1,Monsoon,High,6.9999999999999964,37980.0
Maijdee Court,2001,7,33.4,26.0,548.0,87.0,1.9,6.3,5.0,22.83,91.08,6,1,Monsoon,Extreme,7.399999999999999,47676.0
Mongla,2001,7,33.6,26.3,445.0,89.0,2.1,5.8,3.7,22.43,89.66,4,1,Monsoon,High,7.300000000000001,39605.0
Patuakhali,2001,7,33.5,26.1,534.0,90.0,2.2,6.6,3.2,22.36,90.34,3,1,Monsoon,Extreme,7.399999999999999,48060.0
Rajshahi,2001,7,34.5,26.4,338.0,87.0,1.6,6.0,5.9,24.35,88.56,20,1,Monsoon,High,8.100000000000001,29406.0
Rangamati,2001,7,35.2,24.9,346.0,84.0,1.2,5.8,4.3,22.67,92.2,63,1,Monsoon,High,10.300000000000004,29064.0
Sandwip,2001,7,36.0,24.8,817.0,88.0,1.8,6.4,5.3,22.5,91.46,6,1,Monsoon,Extreme,11.2,71896.0
Sylhet,2001,7,36.0,25.6,612.0,88.0,1.6,7.1,3.9,24.88,91.93,35,1,Monsoon,Extreme,10.4,53856.0
Teknaf,2001,7,31.8,25.4,1236.0,92.0,1.0,7.1,2.0,20.87,92.26,4,1,Monsoon,Extreme,6.400000000000002,113712.0
Chittagong (IAP-Patenga),2001,8,34.5,25.7,523.0,81.0,3.6,6.7,4.8,22.34,91.79,6,1,Monsoon,Extreme,8.8,42363.0
Cox's Bazar,2001,8,34.1,25.7,534.0,89.0,1.9,6.1,6.4,21.46,91.98,4,1,Monsoon,Extreme,8.400000000000002,47526.0
Dinajpur,2001,8,36.5,26.7,318.0,83.0,0.5,5.2,6.6,25.63,88.66,37,1,Monsoon,High,9.8,26394.0
Feni,2001,8,35.0,25.9,756.0,83.0,1.2,6.3,6.7,23.01,91.37,8,1,Monsoon,Extreme,9.1,62748.0
Hatiya,2001,8,33.0,26.2,689.0,88.0,1.9,5.5,6.6,22.29,91.13,4,1,Monsoon,Extreme,6.800000000000001,60632.0
Maijdee Court,2001,8,34.6,26.2,465.0,85.0,1.1,5.9,6.6,22.83,91.08,6,1,Monsoon,High,8.400000000000002,39525.0
Rajshahi,2001,8,35.0,26.6,210.0,86.0,1.1,5.7,6.5,24.35,88.56,20,1,Monsoon,High,8.399999999999999,18060.0
Sandwip,2001,8,36.5,23.2,535.0,86.0,1.2,6.5,8.0,22.5,91.46,6,1,Monsoon,Extreme,13.3,46010.0
Sitakunda,2001,8,35.3,25.4,583.0,86.0,1.5,5.7,5.8,22.64,91.64,4,1,Monsoon,Extreme,9.9,50138.0
Sylhet,2001,8,35.7,25.7,606.0,87.0,1.5,6.8,5.4,24.88,91.93,35,1,Monsoon,Extreme,10.000000000000004,52722.0
Teknaf,2001,8,32.8,25.7,684.0,90.0,1.2,6.5,4.9,20.87,92.26,4,1,Monsoon,Extreme,7.099999999999998,61560.0
Bogra,2001,9,35.2,26.1,344.0,86.0,0.5,5.1,4.7,24.88,89.36,20,1,Monsoon,High,9.1,29584.0
Cox's Bazar,2001,9,36.0,25.3,426.0,88.0,1.1,5.1,7.0,21.46,91.98,4,1,Monsoon,High,10.7,37488.0
Dinajpur,2001,9,35.5,25.6,462.0,87.0,0.5,5.6,4.9,25.63,88.66,37,1,Monsoon,High,9.9,40194.0
Hatiya,2001,9,33.6,25.4,597.0,86.0,1.1,4.9,5.7,22.29,91.13,4,1,Monsoon,Extreme,8.200000000000003,51342.0
Khepupara,2001,9,34.8,25.6,487.0,88.0,0.7,5.1,4.8,21.98,90.22,3,1,Monsoon,High,9.199999999999996,42856.0
Maijdee Court,2001,9,35.0,25.8,424.0,86.0,0.4,5.2,5.8,22.83,91.08,6,1,Monsoon,High,9.2,36464.0
Rangpur,2001,9,34.8,25.7,550.0,87.0,0.9,5.6,4.0,25.72,89.26,34,1,Monsoon,Extreme,9.099999999999998,47850.0
Barisal,2001,10,35.0,24.0,305.0,89.0,0.3,4.6,6.5,22.7,90.36,4,1,Post-Monsoon,High,11.0,27145.0
Dhaka,2001,10,34.8,22.8,177.0,81.0,0.4,4.9,5.6,23.78,90.39,9,0,Post-Monsoon,Moderate,11.999999999999996,14337.0
Dinajpur,2001,10,34.0,23.4,382.0,85.0,0.4,3.7,6.6,25.63,88.66,37,1,Post-Monsoon,High,10.6,32470.0
Hatiya,2001,10,33.3,24.6,434.0,87.0,0.8,4.0,6.4,22.29,91.13,4,1,Post-Monsoon,High,8.699999999999996,37758.0
Patuakhali,2001,10,35.0,24.7,386.0,89.0,0.7,4.4,5.7,22.36,90.34,3,1,Post-Monsoon,High,10.3,34354.0
Rajshahi,2001,10,34.0,24.0,184.0,87.0,0.7,4.2,7.1,24.35,88.56,20,1,Post-Monsoon,Moderate,10.0,16008.0
Sandwip,2001,10,35.4,23.1,482.0,88.0,0.7,6.1,6.8,22.5,91.46,6,1,Post-Monsoon,High,12.299999999999995,42416.0
Dhaka,2001,11,32.0,19.3,18.0,78.0,0.3,3.1,6.4,23.78,90.39,9,0,Post-Monsoon,Low,12.7,1404.0
Dhaka,2001,12,28.4,14.9,0.0,75.0,0.4,1.0,7.2,23.78,90.39,9,0,Winter,Low,13.499999999999998,0.0
Dhaka,2002,1,28.2,14.6,24.0,68.0,0.5,1.7,7.4,23.78,90.39,9,0,Winter,Low,13.6,1632.0
Dhaka,2002,2,33.5,16.7,4.0,58.0,0.7,1.0,8.8,23.78,90.39,9,0,Winter,Low,16.8,232.0
Dinajpur,2002,4,35.3,21.3,162.0,78.0,0.9,4.5,7.0,25.63,88.66,37,1,Pre-Monsoon,Moderate,13.999999999999996,12636.0
Barisal,2002,5,35.4,24.1,324.0,83.0,1.9,5.9,7.2,22.7,90.36,4,1,Pre-Monsoon,High,11.299999999999995,26892.0
Chandpur,2002,5,35.7,24.5,376.0,80.0,1.0,4.7,5.5,23.26,90.67,7,1,Pre-Monsoon,High,11.200000000000005,30080.0
Cox's Bazar,2002,5,34.6,25.1,494.0,85.0,1.9,4.8,7.3,21.46,91.98,4,1,Pre-Monsoon,High,9.5,41990.0
Dinajpur,2002,5,36.0,23.7,104.0,80.0,0.7,4.9,6.3,25.63,88.66,37,1,Pre-Monsoon,Moderate,12.3,8320.0
Feni,2002,5,35.2,23.6,455.0,83.0,1.5,5.8,5.5,23.01,91.37,8,1,Pre-Monsoon,High,11.6,37765.0
Hatiya,2002,5,33.2,24.6,437.0,84.0,2.4,4.7,6.1,22.29,91.13,4,1,Pre-Monsoon,High,8.600000000000001,36708.0
Kutubdia,2002,5,33.8,25.2,473.0,83.0,1.9,5.2,6.7,21.83,91.84,6,1,Pre-Monsoon,High,8.599999999999998,39259.0
Maijdee Court,2002,5,35.0,24.2,594.0,84.0,1.5,4.7,5.7,22.83,91.08,6,1,Pre-Monsoon,Extreme,10.8,49896.0
Rangamati,2002,5,35.8,23.1,548.0,83.0,0.9,4.9,5.8,22.67,92.2,63,1,Pre-Monsoon,Extreme,12.699999999999996,45484.0
Sandwip,2002,5,32.1,25.5,835.0,88.0,1.2,6.3,4.9,22.5,91.46,6,1,Pre-Monsoon,Extreme,6.600000000000001,73480.0
Sylhet,2002,5,36.2,22.7,548.0,83.0,2.3,5.8,5.5,24.88,91.93,35,1,Pre-Monsoon,Extreme,13.500000000000004,45484.0
Barisal,2002,6,35.4,25.6,541.0,89.0,1.3,6.7,3.5,22.7,90.36,4,1,Monsoon,Extreme,9.799999999999995,48149.0
Bhola,2002,6,32.5,25.8,474.0,90.0,0.7,5.7,3.1,22.7,90.66,5,1,Monsoon,High,6.699999999999999,42660.0
Chandpur,2002,6,34.7,25.7,549.0,85.0,0.9,6.1,3.1,23.26,90.67,7,1,Monsoon,Extreme,9.000000000000004,46665.0
Chittagong (IAP-Patenga),2002,6,33.5,25.6,593.0,79.0,3.8,6.0,4.2,22.34,91.79,6,1,Monsoon,Extreme,7.899999999999999,46847.0
Cox's Bazar,2002,6,34.5,25.8,503.0,89.0,1.8,5.7,5.7,21.46,91.98,4,1,Monsoon,Extreme,8.7,44767.0
Dinajpur,2002,6,34.4,25.0,658.0,86.0,0.9,6.3,4.3,25.63,88.66,37,1,Monsoon,Extreme,9.4,56588.0
Faridpur,2002,6,35.0,25.8,395.0,87.0,1.6,6.1,4.2,23.61,89.84,9,1,Monsoon,High,9.2,34365.0
Feni,2002,6,34.6,25.4,460.0,84.0,1.3,6.2,4.5,23.01,91.37,8,1,Monsoon,High,9.200000000000005,38640.0
Hatiya,2002,6,34.0,25.4,690.0,88.0,2.1,6.5,3.8,22.29,91.13,4,1,Monsoon,Extreme,8.600000000000001,60720.0
Jessore,2002,6,37.4,25.9,535.0,86.0,2.2,6.1,3.5,23.17,89.22,7,1,Monsoon,Extreme,11.5,46010.0
Khepupara,2002,6,34.5,26.4,571.0,87.0,1.6,6.1,4.3,21.98,90.22,3,1,Monsoon,Extreme,8.100000000000001,49677.0
Khulna,2002,6,37.4,25.4,846.0,87.0,1.0,6.1,4.5,22.8,89.58,4,1,Monsoon,Extreme,12.0,73602.0
Kutubdia,2002,6,34.0,26.0,359.0,87.0,1.9,5.2,5.9,21.83,91.84,6,1,Monsoon,High,8.0,31233.0
Madaripur,2002,6,35.0,25.7,528.0,87.0,1.0,5.1,3.5,23.17,90.18,5,1,Monsoon,Extreme,9.3,45936.0
Maijdee Court,2002,6,35.4,25.2,685.0,88.0,1.4,5.8,3.6,22.83,91.08,6,1,Monsoon,Extreme,10.2,60280.0
Mongla,2002,6,37.6,26.0,983.0,88.0,1.7,5.9,4.5,22.43,89.66,4,1,Monsoon,Extreme,11.6,86504.0
Mymensingh,2002,6,33.0,25.5,578.0,87.0,1.4,6.4,3.0,24.75,90.41,19,1,Monsoon,Extreme,7.5,50286.0
Patuakhali,2002,6,36.4,25.8,809.0,91.0,1.2,6.3,3.1,22.36,90.34,3,1,Monsoon,Extreme,10.599999999999998,73619.0
Rangpur,2002,6,34.0,24.9,685.0,88.0,1.7,6.5,3.8,25.72,89.26,34,1,Monsoon,Extreme,9.1,60280.0
Sandwip,2002,6,31.8,25.6,717.0,89.0,1.0,7.1,2.5,22.5,91.46,6,1,Monsoon,Extreme,6.199999999999999,63813.0
Satkhira,2002,6,36.5,26.2,536.0,85.0,0.8,5.5,5.2,22.68,89.07,6,1,Monsoon,Extreme,10.3,45560.0
Sitakunda,2002,6,34.7,25.2,527.0,87.0,1.0,5.2,4.0,22.64,91.64,4,1,Monsoon,Extreme,9.500000000000004,45849.0
Sylhet,2002,6,34.9,24.8,701.0,92.0,1.5,7.3,2.2,24.88,91.93,35,1,Monsoon,Extreme,10.099999999999998,64492.0
Teknaf,2002,6,33.0,25.7,808.0,89.0,0.8,5.8,3.8,20.87,92.26,4,1,Monsoon,Extreme,7.300000000000001,71912.0
Barisal,2002,7,34.5,25.9,716.0,90.0,1.1,7.3,2.7,22.7,90.36,4,1,Monsoon,Extreme,8.600000000000001,64440.0
Bhola,2002,7,33.4,25.5,576.0,92.0,0.8,6.9,1.4,22.7,90.66,5,1,Monsoon,Extreme,7.899999999999999,52992.0
Bogra,2002,7,35.2,26.1,476.0,90.0,0.7,6.9,2.1,24.88,89.36,20,1,Monsoon,High,9.1,42840.0
Chandpur,2002,7,34.2,26.0,477.0,86.0,0.7,6.8,1.6,23.26,90.67,7,1,Monsoon,High,8.200000000000003,41022.0
Chittagong (IAP-Patenga),2002,7,33.0,25.5,693.0,84.0,3.7,7.3,4.2,22.34,91.79,6,1,Monsoon,Extreme,7.5,58212.0
Comilla,2002,7,33.8,25.6,766.0,89.0,1.9,7.2,2.5,23.48,91.19,10,1,Monsoon,Extreme,8.199999999999996,68174.0
Cox's Bazar,2002,7,33.4,25.7,1236.0,92.0,1.4,7.1,2.1,21.46,91.98,4,1,Monsoon,Extreme,7.699999999999999,113712.0
Dinajpur,2002,7,35.8,25.7,797.0,89.0,0.6,6.8,2.2,25.63,88.66,37,1,Monsoon,Extreme,10.099999999999998,70933.0
Faridpur,2002,7,35.5,26.0,586.0,88.0,1.3,6.6,3.0,23.61,89.84,9,1,Monsoon,Extreme,9.5,51568.0
Feni,2002,7,34.0,25.5,790.0,89.0,1.3,7.3,2.2,23.01,91.37,8,1,Monsoon,Extreme,8.5,70310.0
Hatiya,2002,7,32.5,25.9,1019.0,90.0,1.5,7.4,2.6,22.29,91.13,4,1,Monsoon,Extreme,6.600000000000001,91710.0
Jessore,2002,7,37.2,26.7,524.0,86.0,1.6,6.3,3.7,23.17,89.22,7,1,Monsoon,Extreme,10.500000000000004,45064.0
Khepupara,2002,7,35.0,26.7,509.0,89.0,1.3,7.1,2.1,21.98,90.22,3,1,Monsoon,Extreme,8.3,45301.0
Kutubdia,2002,7,32.3,26.0,686.0,91.0,1.5,7.2,2.9,21.83,91.84,6,1,Monsoon,Extreme,6.299999999999997,62426.0
Madaripur,2002,7,36.0,26.0,553.0,89.0,0.8,6.3,3.1,23.17,90.18,5,1,Monsoon,Extreme,10.0,49217.0
Maijdee Court,2002,7,33.4,25.7,726.0,90.0,1.3,7.0,1.8,22.83,91.08,6,1,Monsoon,Extreme,7.699999999999999,65340.0
Mongla,2002,7,36.5,26.9,389.0,86.0,1.4,6.1,3.0,22.43,89.66,4,1,Monsoon,High,9.6,33454.0
Mymensingh,2002,7,32.6,25.8,443.0,91.0,1.3,7.2,1.5,24.75,90.41,19,1,Monsoon,High,6.800000000000001,40313.0
Patuakhali,2002,7,35.5,26.1,560.0,93.0,1.1,7.1,2.1,22.36,90.34,3,1,Monsoon,Extreme,9.4,52080.0
Rajshahi,2002,7,37.2,26.6,316.0,88.0,1.2,6.5,3.6,24.35,88.56,20,1,Monsoon,High,10.6,27808.0
Rangamati,2002,7,34.6,25.2,852.0,88.0,0.6,6.3,2.6,22.67,92.2,63,1,Monsoon,Extreme,9.400000000000002,74976.0
Rangpur,2002,7,35.2,25.8,582.0,89.0,1.1,7.2,1.7,25.72,89.26,34,1,Monsoon,Extreme,9.400000000000002,51798.0
Sandwip,2002,7,30.5,25.4,1698.0,90.0,1.1,7.0,2.1,22.5,91.46,6,1,Monsoon,Extreme,5.100000000000001,152820.0
Satkhira,2002,7,37.1,27.2,434.0,83.0,0.7,6.0,3.4,22.68,89.07,6,1,Monsoon,High,9.900000000000002,36022.0
Sitakunda,2002,7,33.3,25.5,644.0,91.0,1.0,6.9,1.6,22.64,91.64,4,1,Monsoon,Extreme,7.799999999999997,58604.0
Sylhet,2002,7,33.7,25.3,841.0,92.0,1.4,7.6,1.7,24.88,91.93,35,1,Monsoon,Extreme,8.400000000000002,77372.0
Tangail,2002,7,35.2,25.8,487.0,88.0,1.2,7.0,1.8,24.15,89.55,10,1,Monsoon,High,9.400000000000002,42856.0
Teknaf,2002,7,33.0,25.2,1136.0,92.0,0.7,7.2,2.1,20.87,92.26,4,1,Monsoon,Extreme,7.800000000000001,104512.0
Barisal,2002,8,34.0,26.0,272.0,89.0,1.0,6.4,5.0,22.7,90.36,4,1,Monsoon,High,8.0,24208.0
Bhola,2002,8,33.0,25.8,421.0,90.0,0.6,5.8,4.0,22.7,90.66,5,1,Monsoon,High,7.199999999999999,37890.0
Bogra,2002,8,35.2,26.5,496.0,87.0,0.8,6.0,5.9,24.88,89.36,20,1,Monsoon,High,8.700000000000003,43152.0
Chandpur,2002,8,34.0,25.9,409.0,85.0,0.7,5.7,3.9,23.26,90.67,7,1,Monsoon,High,8.100000000000001,34765.0
Chittagong (IAP-Patenga),2002,8,33.5,25.3,523.0,81.0,3.5,6.6,4.8,22.34,91.79,6,1,Monsoon,Extreme,8.2,42363.0
Cox's Bazar,2002,8,34.8,25.5,658.0,89.0,1.8,6.2,5.3,21.46,91.98,4,1,Monsoon,Extreme,9.299999999999995,58562.0
Dinajpur,2002,8,35.5,26.2,246.0,85.0,0.8,5.8,5.4,25.63,88.66,37,1,Monsoon,High,9.3,20910.0
Faridpur,2002,8,33.8,26.1,420.0,87.0,1.1,6.2,4.4,23.61,89.84,9,1,Monsoon,High,7.699999999999996,36540.0
Feni,2002,8,35.2,25.4,439.0,86.0,1.1,6.6,4.6,23.01,91.37,8,1,Monsoon,High,9.800000000000004,37754.0
Hatiya,2002,8,32.5,24.9,562.0,89.0,2.2,6.2,4.8,22.29,91.13,4,1,Monsoon,Extreme,7.600000000000001,50018.0
Khepupara,2002,8,32.5,25.9,540.0,90.0,1.4,6.5,3.4,21.98,90.22,3,1,Monsoon,Extreme,6.600000000000001,48600.0
Khulna,2002,8,34.5,26.1,483.0,90.0,0.9,6.1,4.7,22.8,89.58,4,1,Monsoon,High,8.399999999999999,43470.0
Kutubdia,2002,8,32.6,25.7,392.0,88.0,1.5,5.9,6.2,21.83,91.84,6,1,Monsoon,High,6.900000000000002,34496.0
Maijdee Court,2002,8,35.0,25.8,476.0,87.0,1.3,5.9,4.7,22.83,91.08,6,1,Monsoon,High,9.2,41412.0
Mongla,2002,8,34.3,26.1,441.0,89.0,1.5,5.2,3.9,22.43,89.66,4,1,Monsoon,High,8.199999999999996,39249.0
Patuakhali,2002,8,34.0,25.8,458.0,93.0,1.0,6.2,3.3,22.36,90.34,3,1,Monsoon,High,8.2,42594.0
Rajshahi,2002,8,35.3,26.2,238.0,87.0,1.3,5.8,5.5,24.35,88.56,20,1,Monsoon,High,9.099999999999998,20706.0
Rangamati,2002,8,34.6,24.7,472.0,86.0,0.5,6.0,4.4,22.67,92.2,63,1,Monsoon,High,9.900000000000002,40592.0
Sandwip,2002,8,30.7,25.5,673.0,89.0,2.4,5.5,5.0,22.5,91.46,6,1,Monsoon,Extreme,5.199999999999999,59897.0
Sitakunda,2002,8,34.7,25.3,490.0,88.0,1.0,5.9,3.3,22.64,91.64,4,1,Monsoon,High,9.400000000000002,43120.0
Sylhet,2002,8,35.0,25.4,481.0,89.0,1.5,7.1,4.1,24.88,91.93,35,1,Monsoon,High,9.6,42809.0
Teknaf,2002,8,33.4,25.5,692.0,89.0,1.2,6.4,3.7,20.87,92.26,4,1,Monsoon,Extreme,7.899999999999999,61588.0
Barisal,2002,9,35.0,25.5,315.0,92.0,0.5,5.7,4.8,22.7,90.36,4,1,Monsoon,High,9.5,28980.0
Dinajpur,2002,9,36.0,25.3,481.0,84.0,0.6,4.7,6.6,25.63,88.66,37,1,Monsoon,High,10.7,40404.0
Khulna,2002,9,36.0,25.9,429.0,88.0,0.7,5.0,5.3,22.8,89.58,4,1,Monsoon,High,10.1,37752.0
Mongla,2002,9,35.5,25.7,492.0,90.0,1.3,5.0,5.2,22.43,89.66,4,1,Monsoon,High,9.8,44280.0
Patuakhali,2002,9,35.0,25.5,481.0,90.0,0.8,5.1,4.6,22.36,90.34,3,1,Monsoon,High,9.5,43290.0
Rajshahi,2002,9,35.3,25.6,281.0,86.0,1.1,5.1,6.9,24.35,88.56,20,1,Monsoon,High,9.699999999999996,24166.0
Rangamati,2002,9,35.4,24.6,353.0,85.0,0.4,4.4,6.6,22.67,92.2,63,1,Monsoon,High,10.799999999999995,30005.0
Dhaka,2002,10,34.2,23.0,52.0,75.0,0.4,4.1,6.7,23.78,90.39,9,0,Post-Monsoon,Moderate,11.200000000000005,3900.0
Dhaka,2002,11,32.0,19.8,40.0,74.0,0.5,3.1,6.6,23.78,90.39,9,0,Post-Monsoon,Low,12.2,2960.0
Dhaka,2002,12,29.5,16.0,0.0,74.0,0.5,1.1,6.3,23.78,90.39,9,0,Winter,Low,13.5,0.0
Dhaka,2003,1,27.5,11.7,0.0,75.0,1.1,1.8,5.2,23.78,90.39,9,0,Winter,Low,15.8,0.0
Dhaka,2003,2,31.6,16.9,25.0,66.0,0.9,1.9,7.4,23.78,90.39,9,0,Winter,Low,14.700000000000005,1650.0
Cox's Bazar,2003,5,35.8,25.7,574.0,84.0,1.6,3.9,6.1,21.46,91.98,4,1,Pre-Monsoon,Extreme,10.099999999999998,48216.0
Dinajpur,2003,5,36.8,23.3,147.0,78.0,0.8,4.2,7.4,25.63,88.66,37,1,Pre-Monsoon,Moderate,13.499999999999996,11466.0
Barisal,2003,6,36.5,25.7,521.0,92.0,1.9,7.0,2.7,22.7,90.36,4,1,Monsoon,Extreme,10.8,47932.0
Bhola,2003,6,35.8,25.6,593.0,89.0,1.1,6.2,1.8,22.7,90.66,5,1,Monsoon,Extreme,10.199999999999996,52777.0
Bogra,2003,6,36.2,25.7,364.0,85.0,1.4,6.1,4.3,24.88,89.36,20,1,Monsoon,High,10.500000000000004,30940.0
Chandpur,2003,6,35.6,25.9,533.0,88.0,0.6,6.0,2.1,23.26,90.67,7,1,Monsoon,Extreme,9.700000000000005,46904.0
Chittagong (IAP-Patenga),2003,6,34.8,25.0,1209.0,90.0,1.2,6.7,4.2,22.34,91.79,6,1,Monsoon,Extreme,9.799999999999995,108810.0
Comilla,2003,6,37.0,24.9,673.0,88.0,2.4,6.3,3.2,23.48,91.19,10,1,Monsoon,Extreme,12.1,59224.0
Cox's Bazar,2003,6,35.2,24.9,1349.0,91.0,2.5,6.8,2.4,21.46,91.98,4,1,Monsoon,Extreme,10.300000000000004,122759.0
Dinajpur,2003,6,37.0,25.1,337.0,85.0,0.7,5.9,3.3,25.63,88.66,37,1,Monsoon,High,11.9,28645.0
Feni,2003,6,35.8,25.0,1046.0,86.0,1.7,7.2,2.7,23.01,91.37,8,1,Monsoon,Extreme,10.799999999999995,89956.0
Hatiya,2003,6,34.5,25.0,1225.0,89.0,2.3,6.8,2.4,22.29,91.13,4,1,Monsoon,Extreme,9.5,109025.0
Jessore,2003,6,39.6,25.9,404.0,84.0,2.7,6.3,4.1,23.17,89.22,7,1,Monsoon,High,13.700000000000005,33936.0
Khepupara,2003,6,35.5,26.0,703.0,89.0,2.1,6.9,2.1,21.98,90.22,3,1,Monsoon,Extreme,9.5,62567.0
Kutubdia,2003,6,34.0,25.0,925.0,90.0,2.0,6.7,2.9,21.83,91.84,6,1,Monsoon,Extreme,9.0,83250.0
Madaripur,2003,6,37.0,26.0,434.0,86.0,0.9,5.8,3.1,23.17,90.18,5,1,Monsoon,High,11.0,37324.0
Maijdee Court,2003,6,36.6,25.4,927.0,89.0,1.9,6.1,2.9,22.83,91.08,6,1,Monsoon,Extreme,11.200000000000005,82503.0
Mongla,2003,6,36.8,26.4,351.0,86.0,2.1,5.8,3.2,22.43,89.66,4,1,Monsoon,High,10.4,30186.0
Mymensingh,2003,6,36.0,25.6,420.0,86.0,2.0,6.4,3.7,24.75,90.41,19,1,Monsoon,High,10.4,36120.0
Patuakhali,2003,6,36.4,25.3,1023.0,93.0,1.3,7.0,1.9,22.36,90.34,3,1,Monsoon,Extreme,11.099999999999998,95139.0
Rajshahi,2003,6,38.6,25.8,280.0,83.0,1.3,5.5,4.8,24.35,88.56,20,1,Monsoon,High,12.8,23240.0
Rangamati,2003,6,37.2,24.4,1086.0,87.0,0.8,6.1,2.6,22.67,92.2,63,1,Monsoon,Extreme,12.800000000000004,94482.0
Rangpur,2003,6,36.3,24.9,573.0,87.0,1.5,6.6,3.5,25.72,89.26,34,1,Monsoon,Extreme,11.4,49851.0
Sandwip,2003,6,33.69787234,25.64042553,647.0212766,88.08695652,2.514893617,5.545652174,4.3,22.5,91.46,6,1,Monsoon,Extreme,8.057446810000002,56994.13505937909
Sitakunda,2003,6,35.9,25.0,1025.0,88.0,1.5,6.1,2.3,22.64,91.64,4,1,Monsoon,Extreme,10.9,90200.0
Srimangal,2003,6,35.8,24.6,640.0,85.0,1.1,6.3,3.1,24.29,91.73,23,1,Monsoon,Extreme,11.199999999999996,54400.0
Sylhet,2003,6,35.5,24.7,1038.0,88.0,1.9,7.2,2.9,24.88,91.93,35,1,Monsoon,Extreme,10.8,91344.0
Teknaf,2003,6,33.3,24.6,1638.0,93.0,1.1,7.2,1.7,20.87,92.26,4,1,Monsoon,Extreme,8.699999999999996,152334.0
Barisal,2003,7,34.2,26.5,243.0,92.0,1.5,6.4,4.8,22.7,90.36,4,1,Monsoon,High,7.700000000000003,22356.0
Chittagong (IAP-Patenga),2003,7,35.2,25.8,372.0,85.0,1.0,5.9,4.2,22.34,91.79,6,1,Monsoon,High,9.400000000000002,31620.0
Cox's Bazar,2003,7,34.1,25.6,896.0,88.0,2.4,5.8,6.0,21.46,91.98,4,1,Monsoon,Extreme,8.5,78848.0
Dinajpur,2003,7,37.4,26.3,532.0,83.0,0.7,5.7,5.8,25.63,88.66,37,1,Monsoon,Extreme,11.099999999999998,44156.0
Feni,2003,7,32.6,25.7,397.0,85.0,1.7,6.6,6.6,23.01,91.37,8,1,Monsoon,High,6.900000000000002,33745.0
Hatiya,2003,7,33.6,25.9,752.0,86.0,2.9,6.3,5.8,22.29,91.13,4,1,Monsoon,Extreme,7.700000000000003,64672.0
Jessore,2003,7,35.8,26.2,427.0,85.0,2.4,6.2,4.7,23.17,89.22,7,1,Monsoon,High,9.599999999999998,36295.0
Khepupara,2003,7,33.0,26.5,404.0,87.0,2.1,5.8,5.4,21.98,90.22,3,1,Monsoon,High,6.5,35148.0
Maijdee Court,2003,7,34.5,26.4,468.0,86.0,1.9,5.4,5.1,22.83,91.08,6,1,Monsoon,High,8.100000000000001,40248.0
Patuakhali,2003,7,33.5,26.2,461.0,91.0,1.1,6.0,4.4,22.36,90.34,3,1,Monsoon,High,7.300000000000001,41951.0
Rajshahi,2003,7,34.8,26.6,230.0,86.0,1.4,5.8,4.9,24.35,88.56,20,1,Monsoon,High,8.199999999999996,19780.0
Rangpur,2003,7,36.9,26.2,633.0,85.0,1.5,6.2,5.1,25.72,89.26,34,1,Monsoon,Extreme,10.7,53805.0
Sandwip,2003,7,32.68297872,25.38510638,866.8085106,89.82608696,2.482978723,5.910869565,4.1,22.5,91.46,6,1,Monsoon,Extreme,7.297872340000001,77862.01665082367
Sitakunda,2003,7,36.3,25.8,508.0,86.0,1.3,5.3,5.2,22.64,91.64,4,1,Monsoon,Extreme,10.499999999999996,43688.0
Sylhet,2003,7,37.0,25.9,497.0,85.0,1.8,6.9,3.7,24.88,91.93,35,1,Monsoon,High,11.1,42245.0
Teknaf,2003,7,32.5,25.7,822.0,88.0,1.0,5.8,4.8,20.87,92.26,4,1,Monsoon,Extreme,6.800000000000001,72336.0
Chandpur,2003,8,34.7,26.3,279.0,83.0,0.5,5.4,5.2,23.26,90.67,7,1,Monsoon,High,8.400000000000002,23157.0
Cox's Bazar,2003,8,34.2,25.5,655.0,88.0,1.8,5.9,5.7,21.46,91.98,4,1,Monsoon,Extreme,8.700000000000003,57640.0
Dinajpur,2003,8,36.0,26.8,197.0,84.0,0.6,5.1,6.5,25.63,88.66,37,1,Monsoon,Moderate,9.2,16548.0
Hatiya,2003,8,33.5,25.8,583.0,87.0,1.5,5.9,5.8,22.29,91.13,4,1,Monsoon,Extreme,7.699999999999999,50721.0
Maijdee Court,2003,8,34.8,26.4,455.0,86.0,1.5,5.3,6.6,22.83,91.08,6,1,Monsoon,High,8.399999999999999,39130.0
Sandwip,2003,8,32.88297872,25.41914894,690.2340426,88.7173913,2.240425532,5.667391304,4.9,22.5,91.46,6,1,Monsoon,Extreme,7.463829779999997,61235.76364592506
Teknaf,2003,8,33.5,25.5,895.0,90.0,0.9,6.3,4.8,20.87,92.26,4,1,Monsoon,Extreme,8.0,80550.0
Dinajpur,2003,9,35.0,25.8,230.0,86.0,0.7,5.3,5.7,25.63,88.66,37,1,Monsoon,High,9.2,19780.0
Hatiya,2003,9,33.0,25.7,395.0,86.0,1.0,5.5,5.3,22.29,91.13,4,1,Monsoon,High,7.300000000000001,33970.0
Kutubdia,2003,9,33.2,25.8,390.0,85.0,1.0,5.4,6.4,21.83,91.84,6,1,Monsoon,High,7.400000000000002,33150.0
Rajshahi,2003,9,34.6,26.1,262.0,87.0,1.0,5.5,5.7,24.35,88.56,20,1,Monsoon,High,8.5,22794.0
Rangamati,2003,9,35.0,24.9,370.0,85.0,0.4,4.9,5.6,22.67,92.2,63,1,Monsoon,High,10.1,31450.0
Sandwip,2003,9,33.89148936,25.44468085,452.5319149,87.06521739,1.5,4.845652174,5.2,22.5,91.46,6,1,Monsoon,High,8.44680851,39399.78954668148
Sylhet,2003,9,36.0,25.1,499.0,87.0,1.4,6.2,3.8,24.88,91.93,35,1,Monsoon,High,10.9,43413.0
Teknaf,2003,9,32.5,25.5,669.0,89.0,0.6,5.0,5.3,20.87,92.26,4,1,Monsoon,Extreme,7.0,59541.0
Barisal,2003,10,34.2,24.8,301.0,89.0,0.2,4.6,5.8,22.7,90.36,4,1,Post-Monsoon,High,9.400000000000002,26789.0
Dhaka,2003,10,34.0,25.0,134.0,81.0,0.7,5.2,4.7,23.78,90.39,9,0,Post-Monsoon,Moderate,9.0,10854.0
Dinajpur,2003,10,33.0,23.1,380.0,86.0,0.5,4.5,5.1,25.63,88.66,37,1,Post-Monsoon,High,9.9,32680.0
Jessore,2003,10,35.4,24.0,466.0,88.0,0.7,5.4,4.3,23.17,89.22,7,1,Post-Monsoon,High,11.4,41008.0
Maijdee Court,2003,10,34.6,25.7,499.0,84.0,0.5,3.6,6.4,22.83,91.08,6,1,Post-Monsoon,High,8.900000000000002,41916.0
Patuakhali,2003,10,34.8,24.8,387.0,89.0,0.5,4.3,5.3,22.36,90.34,3,1,Post-Monsoon,High,9.999999999999996,34443.0
Rajshahi,2003,10,34.4,24.0,292.0,88.0,0.7,5.0,5.0,24.35,88.56,20,1,Post-Monsoon,High,10.4,25696.0
Satkhira,2003,10,34.4,24.9,420.0,88.0,0.2,4.3,4.6,22.68,89.07,6,1,Post-Monsoon,High,9.5,36960.0
Dhaka,2003,11,32.1,19.4,0.0,67.0,0.3,0.8,8.3,23.78,90.39,9,0,Post-Monsoon,Low,12.700000000000005,0.0
Dhaka,2003,12,29.2,16.4,45.0,73.0,0.5,2.3,5.9,23.78,90.39,9,0,Winter,Low,12.8,3285.0
Dhaka,2004,1,27.5,14.0,0.0,74.0,0.8,2.3,5.3,23.78,90.39,9,0,Winter,Low,13.5,0.0
Dhaka,2004,2,32.8,16.0,0.0,61.0,0.8,1.1,7.6,23.78,90.39,9,0,Winter,Low,16.799999999999997,0.0
Dinajpur,2004,4,33.8,21.0,163.0,81.0,0.9,5.1,4.8,25.63,88.66,37,1,Pre-Monsoon,Moderate,12.799999999999995,13203.0
Srimangal,2004,4,33.5,21.0,657.0,79.0,1.4,4.9,6.0,24.29,91.73,23,1,Pre-Monsoon,Extreme,12.5,51903.0
Sylhet,2004,4,34.0,21.1,622.0,81.0,2.2,5.4,4.8,24.88,91.93,35,1,Pre-Monsoon,Extreme,12.9,50382.0
Dinajpur,2004,5,40.0,23.8,278.0,79.0,0.7,3.9,7.0,25.63,88.66,37,1,Pre-Monsoon,High,16.2,21962.0
Teknaf,2004,5,36.0,25.3,437.0,82.0,0.8,3.7,7.4,20.87,92.26,4,1,Pre-Monsoon,High,10.7,35834.0
Barisal,2004,6,35.8,25.6,316.0,87.0,0.8,6.0,2.5,22.7,90.36,4,1,Monsoon,High,10.199999999999996,27492.0
Bhola,2004,6,35.5,25.4,580.0,89.0,0.6,5.2,2.7,22.7,90.66,5,1,Monsoon,Extreme,10.1,51620.0
Bogra,2004,6,36.0,25.0,638.0,84.0,0.9,5.6,4.7,24.88,89.36,20,1,Monsoon,Extreme,11.0,53592.0
Chandpur,2004,6,35.2,25.3,374.0,88.0,0.3,5.4,2.4,23.26,90.67,7,1,Monsoon,High,9.900000000000002,32912.0
Chittagong (IAP-Patenga),2004,6,35.2,25.5,638.0,85.0,0.5,6.2,4.2,22.34,91.79,6,1,Monsoon,Extreme,9.700000000000005,54230.0
Comilla,2004,6,36.0,25.0,654.0,86.0,2.0,6.1,4.9,23.48,91.19,10,1,Monsoon,Extreme,11.0,56244.0
Cox's Bazar,2004,6,36.0,25.7,705.0,86.0,1.4,6.1,4.4,21.46,91.98,4,1,Monsoon,Extreme,10.3,60630.0
Dinajpur,2004,6,36.2,25.2,517.0,84.0,0.7,6.3,4.1,25.63,88.66,37,1,Monsoon,Extreme,11.000000000000004,43428.0
Faridpur,2004,6,35.0,25.3,420.0,86.0,1.2,5.5,4.4,23.61,89.84,9,1,Monsoon,High,9.7,36120.0
Feni,2004,6,35.0,25.0,468.0,85.0,0.7,6.4,3.5,23.01,91.37,8,1,Monsoon,High,10.0,39780.0
Hatiya,2004,6,34.5,25.1,828.0,89.0,1.6,6.2,2.3,22.29,91.13,4,1,Monsoon,Extreme,9.4,73692.0
Khepupara,2004,6,34.5,25.9,479.0,86.0,1.7,5.8,3.5,21.98,90.22,3,1,Monsoon,High,8.600000000000001,41194.0
Khulna,2004,6,36.5,26.2,383.0,86.0,0.9,5.6,3.9,22.8,89.58,4,1,Monsoon,High,10.3,32938.0
Kutubdia,2004,6,34.5,26.0,539.0,83.0,1.4,5.9,4.4,21.83,91.84,6,1,Monsoon,Extreme,8.5,44737.0
Madaripur,2004,6,36.0,25.7,467.0,86.0,0.5,5.3,3.2,23.17,90.18,5,1,Monsoon,High,10.3,40162.0
Maijdee Court,2004,6,35.7,25.2,643.0,87.0,0.9,6.1,3.8,22.83,91.08,6,1,Monsoon,Extreme,10.500000000000004,55941.0
Rajshahi,2004,6,36.6,25.4,507.0,84.0,1.3,5.9,4.4,24.35,88.56,20,1,Monsoon,Extreme,11.200000000000005,42588.0
Rangamati,2004,6,36.2,25.0,841.0,84.0,0.8,6.0,4.0,22.67,92.2,63,1,Monsoon,Extreme,11.200000000000005,70644.0
Satkhira,2004,6,36.4,26.1,382.0,83.0,0.4,4.8,4.4,22.68,89.07,6,1,Monsoon,High,10.299999999999995,31706.0
Sitakunda,2004,6,35.5,25.1,638.0,87.0,1.6,5.8,3.7,22.64,91.64,4,1,Monsoon,Extreme,10.4,55506.0
Sylhet,2004,6,35.4,25.0,553.0,84.0,1.8,6.5,3.1,24.88,91.93,35,1,Monsoon,Extreme,10.4,46452.0
Tangail,2004,6,35.5,25.0,455.0,85.0,0.9,5.8,3.4,24.15,89.55,10,1,Monsoon,High,10.5,38675.0
Teknaf,2004,6,34.0,25.8,680.0,88.0,0.7,6.4,3.7,20.87,92.26,4,1,Monsoon,Extreme,8.2,59840.0
Bhola,2004,7,33.8,25.8,467.0,89.0,0.9,5.9,3.4,22.7,90.66,5,1,Monsoon,High,7.9999999999999964,41563.0
Bogra,2004,7,34.2,25.8,529.0,86.0,1.3,6.2,3.8,24.88,89.36,20,1,Monsoon,Extreme,8.400000000000002,45494.0
Chittagong (IAP-Patenga),2004,7,33.5,25.4,905.0,88.0,0.7,6.7,4.2,22.34,91.79,6,1,Monsoon,Extreme,8.100000000000001,79640.0
Cox's Bazar,2004,7,34.0,25.3,751.0,89.0,1.7,6.7,3.9,21.46,91.98,4,1,Monsoon,Extreme,8.7,66839.0
Dinajpur,2004,7,34.0,25.5,602.0,87.0,0.7,6.5,3.6,25.63,88.66,37,1,Monsoon,Extreme,8.5,52374.0
Feni,2004,7,33.5,25.5,499.0,87.0,1.4,6.6,4.0,23.01,91.37,8,1,Monsoon,High,8.0,43413.0
Hatiya,2004,7,32.7,25.5,839.0,90.0,2.3,6.4,3.8,22.29,91.13,4,1,Monsoon,Extreme,7.200000000000003,75510.0
Ishurdi,2004,7,34.6,26.0,397.0,88.0,1.5,6.6,3.6,24.12,89.04,14,1,Monsoon,High,8.600000000000001,34936.0
Jessore,2004,7,36.4,25.8,398.0,86.0,2.4,6.3,4.8,23.17,89.22,7,1,Monsoon,High,10.599999999999998,34228.0
Kutubdia,2004,7,32.5,25.7,559.0,86.0,1.7,6.6,4.0,21.83,91.84,6,1,Monsoon,Extreme,6.800000000000001,48074.0
Maijdee Court,2004,7,33.7,25.8,552.0,88.0,1.5,5.4,3.9,22.83,91.08,6,1,Monsoon,Extreme,7.900000000000002,48576.0
Mymensingh,2004,7,34.5,25.7,753.0,87.0,1.4,6.5,3.9,24.75,90.41,19,1,Monsoon,Extreme,8.8,65511.0
Patuakhali,2004,7,34.5,25.8,544.0,90.0,1.1,6.3,3.2,22.36,90.34,3,1,Monsoon,Extreme,8.7,48960.0
Rajshahi,2004,7,35.8,25.9,339.0,87.0,1.3,6.4,3.8,24.35,88.56,20,1,Monsoon,High,9.9,29493.0
Rangamati,2004,7,34.5,24.6,1076.0,87.0,1.1,6.2,3.8,22.67,92.2,63,1,Monsoon,Extreme,9.9,93612.0
Rangpur,2004,7,34.0,25.4,653.0,88.0,1.4,6.7,3.6,25.72,89.26,34,1,Monsoon,Extreme,8.600000000000001,57464.0
Sandwip,2004,7,31.4,25.0,1353.0,87.0,0.4,5.6,4.2,22.5,91.46,6,1,Monsoon,Extreme,6.399999999999999,117711.0
Sitakunda,2004,7,33.1,25.4,706.0,89.0,2.3,6.2,3.4,22.64,91.64,4,1,Monsoon,Extreme,7.700000000000003,62834.0
Srimangal,2004,7,34.6,24.6,889.0,86.0,0.9,6.7,3.6,24.29,91.73,23,1,Monsoon,Extreme,10.0,76454.0
Sylhet,2004,7,35.7,24.8,1394.0,88.0,1.9,6.9,3.7,24.88,91.93,35,1,Monsoon,Extreme,10.900000000000002,122672.0
Teknaf,2004,7,32.5,25.3,899.0,90.0,0.6,6.5,3.3,20.87,92.26,4,1,Monsoon,Extreme,7.199999999999999,80910.0
Barisal,2004,8,33.4,26.1,478.0,90.0,1.4,6.7,4.0,22.7,90.36,4,1,Monsoon,High,7.299999999999997,43020.0
Bhola,2004,8,32.8,25.9,460.0,89.0,0.8,5.4,4.1,22.7,90.66,5,1,Monsoon,High,6.899999999999999,40940.0
Chandpur,2004,8,34.0,26.0,334.0,87.0,0.6,6.0,3.9,23.26,90.67,7,1,Monsoon,High,8.0,29058.0
Cox's Bazar,2004,8,34.8,25.4,686.0,89.0,2.0,6.2,5.3,21.46,91.98,4,1,Monsoon,Extreme,9.4,61054.0
Hatiya,2004,8,32.0,25.4,515.0,89.0,2.0,5.9,3.7,22.29,91.13,4,1,Monsoon,Extreme,6.600000000000001,45835.0
Khepupara,2004,8,32.2,25.9,591.0,90.0,1.6,6.8,3.4,21.98,90.22,3,1,Monsoon,Extreme,6.300000000000004,53190.0
Kutubdia,2004,8,33.3,25.8,461.0,86.0,1.9,6.0,5.1,21.83,91.84,6,1,Monsoon,High,7.4999999999999964,39646.0
Maijdee Court,2004,8,34.1,25.9,511.0,87.0,1.7,5.3,5.8,22.83,91.08,6,1,Monsoon,Extreme,8.200000000000003,44457.0
Mongla,2004,8,34.8,26.2,336.0,90.0,1.4,5.8,4.1,22.43,89.66,4,1,Monsoon,High,8.599999999999998,30240.0
Patuakhali,2004,8,33.8,26.0,448.0,91.0,0.8,6.2,4.2,22.36,90.34,3,1,Monsoon,High,7.799999999999997,40768.0
Rajshahi,2004,8,35.0,26.3,275.0,86.0,1.4,5.6,6.4,24.35,88.56,20,1,Monsoon,High,8.7,23650.0
Satkhira,2004,8,34.0,26.5,435.0,87.0,0.3,5.2,4.4,22.68,89.07,6,1,Monsoon,High,7.5,37845.0
Sitakunda,2004,8,34.2,25.5,534.0,87.0,2.6,5.7,5.2,22.64,91.64,4,1,Monsoon,Extreme,8.700000000000003,46458.0
Sylhet,2004,8,35.8,25.9,545.0,83.0,1.7,6.6,6.4,24.88,91.93,35,1,Monsoon,Extreme,9.9,45235.0
Teknaf,2004,8,32.8,25.4,1162.0,92.0,0.5,6.5,3.8,20.87,92.26,4,1,Monsoon,Extreme,7.399999999999999,106904.0
Barisal,2004,9,34.2,25.5,1067.0,91.0,0.8,6.4,3.7,22.7,90.36,4,1,Monsoon,Extreme,8.700000000000003,97097.0
Bhola,2004,9,33.8,25.6,993.0,91.0,0.5,5.5,2.7,22.7,90.66,5,1,Monsoon,Extreme,8.199999999999996,90363.0
Chandpur,2004,9,33.5,25.7,845.0,89.0,0.4,6.0,4.3,23.26,90.67,7,1,Monsoon,Extreme,7.800000000000001,75205.0
Chittagong (IAP-Patenga),2004,9,34.0,25.2,590.0,87.0,0.5,6.0,5.9,22.34,91.79,6,1,Monsoon,Extreme,8.8,51330.0
Comilla,2004,9,34.0,25.1,686.0,87.0,1.6,6.3,3.9,23.48,91.19,10,1,Monsoon,Extreme,8.899999999999999,59682.0
Cox's Bazar,2004,9,36.6,25.4,438.0,87.0,1.2,5.4,5.9,21.46,91.98,4,1,Monsoon,High,11.200000000000005,38106.0
Dinajpur,2004,9,34.0,25.3,253.0,86.0,0.6,5.8,3.6,25.63,88.66,37,1,Monsoon,High,8.7,21758.0
Faridpur,2004,9,34.4,25.8,764.0,88.0,1.3,6.1,3.9,23.61,89.84,9,1,Monsoon,Extreme,8.599999999999998,67232.0
Feni,2004,9,34.3,24.9,708.0,89.0,0.8,6.3,3.4,23.01,91.37,8,1,Monsoon,Extreme,9.4,63012.0
Hatiya,2004,9,33.5,24.9,1039.0,87.0,1.6,4.9,4.3,22.29,91.13,4,1,Monsoon,Extreme,8.600000000000001,90393.0
Ishurdi,2004,9,34.7,25.4,541.0,88.0,1.7,6.3,3.8,24.12,89.04,14,1,Monsoon,Extreme,9.300000000000004,47608.0
Jessore,2004,9,35.0,25.3,917.0,88.0,1.7,6.1,3.7,23.17,89.22,7,1,Monsoon,Extreme,9.7,80696.0
Khepupara,2004,9,34.5,25.5,672.0,89.0,1.1,5.7,3.8,21.98,90.22,3,1,Monsoon,Extreme,9.0,59808.0
Khulna,2004,9,35.2,26.2,621.0,88.0,0.9,6.2,4.1,22.8,89.58,4,1,Monsoon,Extreme,9.000000000000004,54648.0
Kutubdia,2004,9,32.9,25.5,528.0,85.0,1.1,5.7,5.5,21.83,91.84,6,1,Monsoon,Extreme,7.399999999999999,44880.0
Madaripur,2004,9,35.0,26.2,873.0,88.0,0.8,5.8,3.6,23.17,90.18,5,1,Monsoon,Extreme,8.8,76824.0
Maijdee Court,2004,9,34.4,25.2,1008.0,89.0,1.0,5.2,3.7,22.83,91.08,6,1,Monsoon,Extreme,9.2,89712.0
Mongla,2004,9,35.6,26.0,506.0,90.0,1.4,5.8,4.2,22.43,89.66,4,1,Monsoon,Extreme,9.6,45540.0
Mymensingh,2004,9,32.8,25.3,950.0,91.0,1.4,6.4,2.2,24.75,90.41,19,1,Monsoon,Extreme,7.4999999999999964,86450.0
Patuakhali,2004,9,35.2,25.7,756.0,91.0,1.0,5.7,4.1,22.36,90.34,3,1,Monsoon,Extreme,9.500000000000004,68796.0
Rajshahi,2004,9,34.6,25.5,349.0,88.0,1.7,6.3,3.5,24.35,88.56,20,1,Monsoon,High,9.1,30712.0
Rangamati,2004,9,34.4,24.3,491.0,87.0,0.5,5.5,4.5,22.67,92.2,63,1,Monsoon,High,10.099999999999998,42717.0
Rangpur,2004,9,34.4,25.1,464.0,88.0,1.2,6.4,3.8,25.72,89.26,34,1,Monsoon,High,9.299999999999995,40832.0
Sandwip,2004,9,33.1,24.7,1826.0,85.0,1.1,2.3,5.6,22.5,91.46,6,1,Monsoon,Extreme,8.400000000000002,155210.0
Satkhira,2004,9,34.6,26.0,398.0,86.0,0.7,5.3,4.1,22.68,89.07,6,1,Monsoon,High,8.600000000000001,34228.0
Sitakunda,2004,9,34.7,24.9,719.0,88.0,1.7,5.9,3.9,22.64,91.64,4,1,Monsoon,Extreme,9.800000000000004,63272.0
Sylhet,2004,9,34.1,24.8,478.0,88.0,1.6,6.8,2.7,24.88,91.93,35,1,Monsoon,High,9.3,42064.0
Tangail,2004,9,34.5,25.1,500.0,88.0,0.9,6.1,3.1,24.15,89.55,10,1,Monsoon,High,9.4,44000.0
Dhaka,2004,10,34.5,23.3,208.0,75.0,0.9,3.3,6.6,23.78,90.39,9,0,Post-Monsoon,High,11.2,15600.0
Dinajpur,2004,10,33.2,21.4,330.0,84.0,0.4,3.3,6.7,25.63,88.66,37,1,Post-Monsoon,High,11.800000000000004,27720.0
Hatiya,2004,10,36.6,23.5,420.0,83.0,0.8,2.7,7.0,22.29,91.13,4,1,Post-Monsoon,High,13.1,34860.0
Mymensingh,2004,10,34.0,22.4,487.0,87.0,0.6,3.2,6.6,24.75,90.41,19,1,Post-Monsoon,High,11.6,42369.0
Rangpur,2004,10,33.7,22.0,484.0,85.0,1.0,3.6,7.5,25.72,89.26,34,1,Post-Monsoon,High,11.700000000000005,41140.0
Sandwip,2004,10,33.3,24.0,671.0,82.0,0.7,0.1,7.3,22.5,91.46,6,1,Post-Monsoon,Extreme,9.299999999999995,55022.0
Teknaf,2004,10,33.9,24.2,472.0,86.0,0.3,3.0,7.1,20.87,92.26,4,1,Post-Monsoon,High,9.7,40592.0
Dhaka,2004,11,31.1,18.6,0.0,70.0,0.3,1.2,7.8,23.78,90.39,9,0,Post-Monsoon,Low,12.5,0.0
Dhaka,2004,12,29.4,16.2,0.0,71.0,0.3,1.2,6.7,23.78,90.39,9,0,Winter,Low,13.2,0.0
Dhaka,2005,1,28.5,14.2,1.0,69.0,0.9,1.9,6.3,23.78,90.39,9,0,Winter,Low,14.3,69.0
Dhaka,2005,2,32.1,18.3,3.0,61.0,1.1,1.7,7.9,23.78,90.39,9,0,Winter,Low,13.8,183.0
Dinajpur,2005,5,37.0,23.1,255.0,81.0,0.7,4.8,6.0,25.63,88.66,37,1,Pre-Monsoon,High,13.9,20655.0
Mymensingh,2005,5,35.5,22.5,495.0,83.0,2.0,5.0,6.2,24.75,90.41,19,1,Pre-Monsoon,High,13.0,41085.0
Srimangal,2005,5,35.2,21.4,615.0,82.0,1.3,4.6,6.7,24.29,91.73,23,1,Pre-Monsoon,Extreme,13.800000000000004,50430.0
Sylhet,2005,5,35.0,21.6,895.0,82.0,2.2,5.7,5.2,24.88,91.93,35,1,Pre-Monsoon,Extreme,13.4,73390.0
Barisal,2005,6,36.5,27.1,326.0,88.0,0.9,6.1,4.4,22.7,90.36,4,1,Monsoon,High,9.4,28688.0
Cox's Bazar,2005,6,35.4,26.5,848.0,85.0,2.7,5.3,5.1,21.46,91.98,4,1,Monsoon,Extreme,8.899999999999999,72080.0
Dinajpur,2005,6,40.0,25.3,474.0,82.0,0.8,5.4,5.4,25.63,88.66,37,1,Monsoon,High,14.7,38868.0
Hatiya,2005,6,35.0,26.9,420.0,85.0,2.7,5.7,4.3,22.29,91.13,4,1,Monsoon,High,8.100000000000001,35700.0
Khepupara,2005,6,36.7,27.4,473.0,85.0,2.4,5.7,3.7,21.98,90.22,3,1,Monsoon,High,9.300000000000004,40205.0
Kutubdia,2005,6,35.0,27.1,433.0,83.0,2.6,5.4,5.0,21.83,91.84,6,1,Monsoon,High,7.899999999999999,35939.0
Maijdee Court,2005,6,37.6,26.9,463.0,85.0,1.5,6.0,4.8,22.83,91.08,6,1,Monsoon,High,10.700000000000005,39355.0
Rangpur,2005,6,36.0,24.6,428.0,85.0,1.4,5.9,4.5,25.72,89.26,34,1,Monsoon,High,11.4,36380.0
Sandwip,2005,6,35.1,26.5,444.0,85.0,2.8,5.7,5.2,22.5,91.46,6,1,Monsoon,High,8.600000000000001,37740.0
Teknaf,2005,6,34.8,26.4,1023.0,86.0,0.5,6.0,3.9,20.87,92.26,4,1,Monsoon,Extreme,8.399999999999999,87978.0
Barisal,2005,7,33.2,25.9,463.0,93.0,1.3,6.6,4.5,22.7,90.36,4,1,Monsoon,High,7.300000000000004,43059.0
Bogra,2005,7,34.5,26.2,471.0,84.0,1.2,5.6,4.0,24.88,89.36,20,1,Monsoon,High,8.3,39564.0
Chandpur,2005,7,33.7,26.0,344.0,88.0,0.6,6.2,4.1,23.26,90.67,7,1,Monsoon,High,7.700000000000003,30272.0
Chittagong (IAP-Patenga),2005,7,34.0,25.6,596.0,87.0,0.9,5.9,4.3,22.34,91.79,6,1,Monsoon,Extreme,8.399999999999999,51852.0
Comilla,2005,7,34.8,25.5,403.0,86.0,1.9,6.0,5.0,23.48,91.19,10,1,Monsoon,High,9.299999999999995,34658.0
Cox's Bazar,2005,7,33.0,25.5,608.0,88.0,2.5,6.0,4.3,21.46,91.98,4,1,Monsoon,Extreme,7.5,53504.0
Dinajpur,2005,7,35.0,26.1,507.0,85.0,0.6,6.2,4.7,25.63,88.66,37,1,Monsoon,Extreme,8.899999999999999,43095.0
Faridpur,2005,7,33.2,26.1,384.0,87.0,0.9,6.1,4.3,23.61,89.84,9,1,Monsoon,High,7.100000000000001,33408.0
Feni,2005,7,34.0,25.6,784.0,90.0,1.2,6.9,4.5,23.01,91.37,8,1,Monsoon,Extreme,8.399999999999999,70560.0
Hatiya,2005,7,32.5,25.8,872.0,89.0,3.0,5.5,4.7,22.29,91.13,4,1,Monsoon,Extreme,6.699999999999999,77608.0
Ishurdi,2005,7,35.0,26.1,378.0,86.0,1.4,6.2,4.5,24.12,89.04,14,1,Monsoon,High,8.899999999999999,32508.0
Jessore,2005,7,35.4,25.8,546.0,87.0,1.9,6.0,3.8,23.17,89.22,7,1,Monsoon,Extreme,9.599999999999998,47502.0
Khepupara,2005,7,33.3,26.1,1000.0,89.0,2.4,6.0,5.1,21.98,90.22,3,1,Monsoon,Extreme,7.199999999999996,89000.0
Khulna,2005,7,34.2,26.3,435.0,87.0,1.3,6.6,4.4,22.8,89.58,4,1,Monsoon,High,7.900000000000002,37845.0
Kutubdia,2005,7,33.0,26.1,507.0,86.0,2.6,6.5,4.7,21.83,91.84,6,1,Monsoon,Extreme,6.899999999999999,43602.0
Madaripur,2005,7,34.0,26.2,556.0,88.0,0.2,6.0,4.3,23.17,90.18,5,1,Monsoon,Extreme,7.800000000000001,48928.0
Maijdee Court,2005,7,33.8,26.1,724.0,88.0,2.0,6.4,4.4,22.83,91.08,6,1,Monsoon,Extreme,7.699999999999996,63712.0
Mongla,2005,7,35.6,26.1,633.0,91.0,1.3,5.7,4.3,22.43,89.66,4,1,Monsoon,Extreme,9.5,57603.0
Mymensingh,2005,7,33.8,26.2,405.0,87.0,1.4,6.3,4.5,24.75,90.41,19,1,Monsoon,High,7.599999999999998,35235.0
Patuakhali,2005,7,34.2,25.8,923.0,90.0,0.9,6.2,4.5,22.36,90.34,3,1,Monsoon,Extreme,8.400000000000002,83070.0
Rajshahi,2005,7,34.3,26.1,492.0,87.0,1.2,6.3,4.2,24.35,88.56,20,1,Monsoon,High,8.199999999999996,42804.0
Rangpur,2005,7,35.0,25.8,671.0,86.0,1.3,6.4,4.5,25.72,89.26,34,1,Monsoon,Extreme,9.2,57706.0
Sandwip,2005,7,32.9,25.2,554.0,88.0,2.7,6.3,5.2,22.5,91.46,6,1,Monsoon,Extreme,7.699999999999999,48752.0
Satkhira,2005,7,34.4,26.4,497.0,86.0,0.8,5.8,4.7,22.68,89.07,6,1,Monsoon,High,8.0,42742.0
Sitakunda,2005,7,33.8,25.5,541.0,87.0,2.1,5.5,5.4,22.64,91.64,4,1,Monsoon,Extreme,8.299999999999997,47067.0
Sylhet,2005,7,36.4,25.3,978.0,86.0,1.7,7.0,4.6,24.88,91.93,35,1,Monsoon,Extreme,11.099999999999998,84108.0
Teknaf,2005,7,32.6,25.6,953.0,90.0,0.6,6.7,4.1,20.87,92.26,4,1,Monsoon,Extreme,7.0,85770.0
Barisal,2005,8,35.5,26.2,302.0,93.0,0.9,6.9,2.9,22.7,90.36,4,1,Monsoon,High,9.3,28086.0
Chandpur,2005,8,33.6,26.4,318.0,89.0,0.4,6.6,3.4,23.26,90.67,7,1,Monsoon,High,7.200000000000003,28302.0
Chittagong (IAP-Patenga),2005,8,34.3,25.5,654.0,91.0,0.6,7.0,6.2,22.34,91.79,6,1,Monsoon,Extreme,8.799999999999997,59514.0
Comilla,2005,8,34.8,25.5,410.0,88.0,1.9,6.4,3.9,23.48,91.19,10,1,Monsoon,High,9.299999999999995,36080.0
Cox's Bazar,2005,8,32.6,25.4,957.0,91.0,2.5,7.2,2.8,21.46,91.98,4,1,Monsoon,Extreme,7.200000000000003,87087.0
Dinajpur,2005,8,35.5,26.5,597.0,87.0,0.5,6.9,3.1,25.63,88.66,37,1,Monsoon,Extreme,9.0,51939.0
Feni,2005,8,34.1,25.5,615.0,87.0,1.1,5.7,2.6,23.01,91.37,8,1,Monsoon,Extreme,8.600000000000001,53505.0
Hatiya,2005,8,33.0,25.3,1311.0,91.0,2.3,6.4,2.8,22.29,91.13,4,1,Monsoon,Extreme,7.699999999999999,119301.0
Khepupara,2005,8,34.5,26.2,489.0,89.0,1.5,6.6,2.6,21.98,90.22,3,1,Monsoon,High,8.3,43521.0
Kutubdia,2005,8,33.2,25.9,853.0,89.0,2.2,7.2,2.7,21.83,91.84,6,1,Monsoon,Extreme,7.300000000000004,75917.0
Madaripur,2005,8,35.0,26.8,433.0,88.0,0.1,5.8,3.6,23.17,90.18,5,1,Monsoon,High,8.2,38104.0
Maijdee Court,2005,8,35.0,25.8,626.0,91.0,1.3,5.9,3.0,22.83,91.08,6,1,Monsoon,Extreme,9.2,56966.0
Mymensingh,2005,8,34.5,26.3,514.0,88.0,1.4,6.9,3.4,24.75,90.41,19,1,Monsoon,Extreme,8.2,45232.0
Rajshahi,2005,8,36.0,26.7,161.0,87.0,0.9,6.3,4.1,24.35,88.56,20,1,Monsoon,Moderate,9.3,14007.0
Rangamati,2005,8,34.7,25.1,644.0,88.0,1.0,6.8,2.9,22.67,92.2,63,1,Monsoon,Extreme,9.6,56672.0
Sandwip,2005,8,32.7,24.9,782.0,90.0,2.2,7.1,3.2,22.5,91.46,6,1,Monsoon,Extreme,7.800000000000004,70380.0
Sitakunda,2005,8,35.0,25.3,1081.0,91.0,2.0,6.7,3.1,22.64,91.64,4,1,Monsoon,Extreme,9.7,98371.0
Sylhet,2005,8,35.4,25.9,626.0,88.0,1.8,7.4,3.0,24.88,91.93,35,1,Monsoon,Extreme,9.5,55088.0
Teknaf,2005,8,32.4,25.2,1356.0,94.0,0.4,7.2,1.8,20.87,92.26,4,1,Monsoon,Extreme,7.199999999999999,127464.0
Barisal,2005,9,35.2,26.0,174.0,89.0,0.8,6.0,4.2,22.7,90.36,4,1,Monsoon,Moderate,9.200000000000005,15486.0
Bogra,2005,9,36.6,26.2,356.0,83.0,0.8,4.7,5.5,24.88,89.36,20,1,Monsoon,High,10.400000000000002,29548.0
Chittagong (IAP-Patenga),2005,9,35.6,25.5,386.0,87.0,0.4,5.7,5.0,22.34,91.79,6,1,Monsoon,High,10.1,33582.0
Comilla,2005,9,34.8,25.4,395.0,86.0,1.0,5.9,5.3,23.48,91.19,10,1,Monsoon,High,9.4,33970.0
Dinajpur,2005,9,35.8,26.4,222.0,83.0,0.4,4.8,6.7,25.63,88.66,37,1,Monsoon,High,9.4,18426.0
Khepupara,2005,9,34.5,25.8,475.0,89.0,1.6,5.7,3.5,21.98,90.22,3,1,Monsoon,High,8.7,42275.0
Khulna,2005,9,35.5,26.3,410.0,86.0,0.9,5.9,5.1,22.8,89.58,4,1,Monsoon,High,9.2,35260.0
Mongla,2005,9,35.0,26.1,391.0,90.0,0.8,4.8,5.0,22.43,89.66,4,1,Monsoon,High,8.899999999999999,35190.0
Sandwip,2005,9,34.8,25.1,258.0,87.0,1.0,5.9,5.7,22.5,91.46,6,1,Monsoon,High,9.699999999999996,22446.0
Tangail,2005,9,36.0,25.9,381.0,86.0,0.6,5.3,4.7,24.15,89.55,10,1,Monsoon,High,10.1,32766.0
Barisal,2005,10,35.0,24.3,415.0,89.0,0.5,4.9,5.3,22.7,90.36,4,1,Post-Monsoon,High,10.7,36935.0
Bogra,2005,10,34.2,23.5,523.0,85.0,0.7,4.6,4.8,24.88,89.36,20,1,Post-Monsoon,Extreme,10.700000000000005,44455.0
Chandpur,2005,10,34.2,25.0,360.0,86.0,0.1,5.1,6.3,23.26,90.67,7,1,Post-Monsoon,High,9.200000000000005,30960.0
Dhaka,2005,10,34.6,24.4,417.0,81.0,0.8,5.0,4.6,23.78,90.39,9,0,Post-Monsoon,High,10.200000000000005,33777.0
Dinajpur,2005,10,33.2,22.3,770.0,86.0,0.5,4.4,5.6,25.63,88.66,37,1,Post-Monsoon,Extreme,10.900000000000002,66220.0
Faridpur,2005,10,34.5,24.2,357.0,86.0,0.4,4.7,5.0,23.61,89.84,9,1,Post-Monsoon,High,10.3,30702.0
Hatiya,2005,10,34.2,24.8,608.0,87.0,1.0,3.9,6.3,22.29,91.13,4,1,Post-Monsoon,Extreme,9.400000000000002,52896.0
Ishurdi,2005,10,33.8,23.4,664.0,86.0,0.8,4.8,5.1,24.12,89.04,14,1,Post-Monsoon,Extreme,10.4,57104.0
Jessore,2005,10,35.6,23.5,412.0,88.0,0.8,4.6,4.1,23.17,89.22,7,1,Post-Monsoon,High,12.1,36256.0
Khepupara,2005,10,34.3,24.7,534.0,88.0,0.6,4.3,5.0,21.98,90.22,3,1,Post-Monsoon,Extreme,9.599999999999998,46992.0
Khulna,2005,10,34.5,24.7,420.0,88.0,0.5,5.1,5.0,22.8,89.58,4,1,Post-Monsoon,High,9.8,36960.0
Mongla,2005,10,35.5,24.8,390.0,90.0,0.4,4.5,6.6,22.43,89.66,4,1,Post-Monsoon,High,10.7,35100.0
Patuakhali,2005,10,34.6,24.6,573.0,90.0,0.4,4.7,5.5,22.36,90.34,3,1,Post-Monsoon,Extreme,10.0,51570.0
Rajshahi,2005,10,33.6,23.2,275.0,87.0,0.7,4.5,5.1,24.35,88.56,20,1,Post-Monsoon,High,10.400000000000002,23925.0
Rangpur,2005,10,32.5,22.6,581.0,87.0,1.2,4.7,5.5,25.72,89.26,34,1,Post-Monsoon,Extreme,9.9,50547.0
Sandwip,2005,10,35.8,24.7,462.0,87.0,1.0,4.4,6.5,22.5,91.46,6,1,Post-Monsoon,High,11.099999999999998,40194.0
Satkhira,2005,10,34.0,24.2,484.0,88.0,0.3,4.7,4.9,22.68,89.07,6,1,Post-Monsoon,High,9.8,42592.0
Tangail,2005,10,35.1,23.4,556.0,87.0,0.4,4.6,4.7,24.15,89.55,10,1,Post-Monsoon,Extreme,11.700000000000005,48372.0
Dhaka,2005,11,31.4,19.8,3.0,73.0,0.4,1.5,6.6,23.78,90.39,9,0,Post-Monsoon,Low,11.599999999999998,219.0
Dhaka,2005,12,29.0,15.7,0.0,67.0,0.6,1.3,7.0,23.78,90.39,9,0,Winter,Low,13.3,0.0
Dhaka,2006,1,28.2,13.5,0.0,69.0,0.7,0.6,5.3,23.78,90.39,9,0,Winter,Low,14.7,0.0
Dhaka,2006,2,35.9,19.4,0.0,66.0,0.9,1.1,6.1,23.78,90.39,9,0,Winter,Low,16.5,0.0
Barisal,2006,5,36.2,25.4,274.0,83.0,1.3,4.8,6.0,22.7,90.36,4,1,Pre-Monsoon,High,10.800000000000004,22742.0
Chittagong (IAP-Patenga),2006,5,36.8,24.6,859.0,84.0,1.0,4.6,6.7,22.34,91.79,6,1,Pre-Monsoon,Extreme,12.199999999999996,72156.0
Comilla,2006,5,36.7,24.4,607.0,80.0,1.7,4.5,6.9,23.48,91.19,10,1,Pre-Monsoon,Extreme,12.300000000000004,48560.0
Cox's Bazar,2006,5,34.8,25.2,800.0,81.0,1.3,4.8,7.2,21.46,91.98,4,1,Pre-Monsoon,Extreme,9.599999999999998,64800.0
Dinajpur,2006,5,36.8,23.9,259.0,79.0,0.6,4.6,6.9,25.63,88.66,37,1,Pre-Monsoon,High,12.9,20461.0
Feni,2006,5,36.2,24.8,577.0,82.0,0.7,4.9,6.7,23.01,91.37,8,1,Pre-Monsoon,Extreme,11.400000000000002,47314.0
Hatiya,2006,5,36.0,25.1,645.0,90.0,2.2,3.8,6.8,22.29,91.13,4,1,Pre-Monsoon,Extreme,10.9,58050.0
Khepupara,2006,5,35.4,25.6,452.0,82.0,1.3,4.3,6.7,21.98,90.22,3,1,Pre-Monsoon,High,9.799999999999995,37064.0
Kutubdia,2006,5,34.4,25.5,626.0,79.0,2.0,3.4,7.2,21.83,91.84,6,1,Pre-Monsoon,Extreme,8.899999999999999,49454.0
Maijdee Court,2006,5,37.0,25.0,507.0,82.0,1.2,4.3,6.6,22.83,91.08,6,1,Pre-Monsoon,Extreme,12.0,41574.0
Rangamati,2006,5,36.8,23.7,701.0,79.0,0.9,4.8,6.5,22.67,92.2,63,1,Pre-Monsoon,Extreme,13.099999999999998,55379.0
Sandwip,2006,5,37.2,24.7,873.0,83.0,2.3,4.7,6.4,22.5,91.46,6,1,Pre-Monsoon,Extreme,12.500000000000004,72459.0
Sitakunda,2006,5,37.5,24.5,569.0,83.0,1.5,4.6,6.9,22.64,91.64,4,1,Pre-Monsoon,Extreme,13.0,47227.0
Sylhet,2006,5,38.0,23.5,572.0,78.0,1.7,4.9,6.1,24.88,91.93,35,1,Pre-Monsoon,Extreme,14.5,44616.0
Teknaf,2006,5,34.0,25.4,724.0,83.0,0.1,2.9,6.6,20.87,92.26,4,1,Pre-Monsoon,Extreme,8.600000000000001,60092.0
Barisal,2006,6,36.5,26.6,352.0,89.0,1.3,6.4,3.4,22.7,90.36,4,1,Monsoon,High,9.9,31328.0
Chandpur,2006,6,35.7,26.4,336.0,87.0,0.6,6.4,4.3,23.26,90.67,7,1,Monsoon,High,9.300000000000004,29232.0
Comilla,2006,6,35.8,25.6,402.0,86.0,1.9,6.3,5.2,23.48,91.19,10,1,Monsoon,High,10.199999999999996,34572.0
Cox's Bazar,2006,6,33.5,25.7,662.0,87.0,1.5,6.4,4.7,21.46,91.98,4,1,Monsoon,Extreme,7.800000000000001,57594.0
Dinajpur,2006,6,37.0,25.3,222.0,83.0,0.7,6.3,4.3,25.63,88.66,37,1,Monsoon,High,11.7,18426.0
Hatiya,2006,6,35.5,26.2,466.0,88.0,2.2,5.2,4.6,22.29,91.13,4,1,Monsoon,High,9.3,41008.0
Kutubdia,2006,6,34.2,26.4,488.0,85.0,2.0,5.4,4.4,21.83,91.84,6,1,Monsoon,High,7.800000000000004,41480.0
Maijdee Court,2006,6,36.5,26.5,435.0,86.0,1.4,6.0,3.9,22.83,91.08,6,1,Monsoon,High,10.0,37410.0
Patuakhali,2006,6,36.2,26.7,533.0,89.0,0.9,6.0,3.6,22.36,90.34,3,1,Monsoon,Extreme,9.500000000000004,47437.0
Sandwip,2006,6,34.5,25.1,507.0,87.0,2.4,6.3,4.8,22.5,91.46,6,1,Monsoon,Extreme,9.4,44109.0
Sylhet,2006,6,35.8,24.5,1288.0,87.0,1.6,6.6,3.5,24.88,91.93,35,1,Monsoon,Extreme,11.299999999999995,112056.0
Teknaf,2006,6,33.0,26.1,491.0,88.0,0.9,6.0,4.1,20.87,92.26,4,1,Monsoon,High,6.899999999999999,43208.0
Barisal,2006,7,33.5,26.2,384.0,91.0,1.4,6.8,3.8,22.7,90.36,4,1,Monsoon,High,7.300000000000001,34944.0
Chandpur,2006,7,35.2,26.3,348.0,87.0,0.8,6.2,4.8,23.26,90.67,7,1,Monsoon,High,8.900000000000002,30276.0
Chittagong (IAP-Patenga),2006,7,34.2,25.7,495.0,88.0,1.1,6.4,4.3,22.34,91.79,6,1,Monsoon,High,8.500000000000004,43560.0
Cox's Bazar,2006,7,32.8,25.5,802.0,90.0,2.0,6.9,3.3,21.46,91.98,4,1,Monsoon,Extreme,7.299999999999997,72180.0
Dinajpur,2006,7,36.0,26.6,218.0,82.0,0.7,6.2,5.8,25.63,88.66,37,1,Monsoon,High,9.4,17876.0
Faridpur,2006,7,35.4,26.6,340.0,86.0,2.1,6.1,4.6,23.61,89.84,9,1,Monsoon,High,8.799999999999997,29240.0
Feni,2006,7,33.6,25.6,439.0,88.0,1.2,7.0,4.0,23.01,91.37,8,1,Monsoon,High,8.0,38632.0
Hatiya,2006,7,32.0,25.7,603.0,92.0,2.7,6.0,3.7,22.29,91.13,4,1,Monsoon,Extreme,6.300000000000001,55476.0
Jessore,2006,7,35.6,26.2,455.0,88.0,2.4,5.9,4.0,23.17,89.22,7,1,Monsoon,High,9.400000000000002,40040.0
Khepupara,2006,7,34.4,26.2,611.0,89.0,2.1,6.5,3.0,21.98,90.22,3,1,Monsoon,Extreme,8.2,54379.0
Khulna,2006,7,35.1,26.4,522.0,87.0,1.1,6.1,3.6,22.8,89.58,4,1,Monsoon,Extreme,8.700000000000003,45414.0
Kutubdia,2006,7,32.4,26.0,899.0,87.0,2.5,6.5,3.9,21.83,91.84,6,1,Monsoon,Extreme,6.399999999999999,78213.0
Maijdee Court,2006,7,34.5,26.2,479.0,88.0,1.7,6.4,3.7,22.83,91.08,6,1,Monsoon,High,8.3,42152.0
Mongla,2006,7,34.0,26.1,462.0,92.0,1.0,5.7,3.6,22.43,89.66,4,1,Monsoon,High,7.899999999999999,42504.0
Rangamati,2006,7,35.2,25.3,476.0,83.0,0.3,6.0,3.8,22.67,92.2,63,1,Monsoon,High,9.900000000000002,39508.0
Sandwip,2006,7,34.3,23.9,650.0,89.0,2.0,6.4,4.4,22.5,91.46,6,1,Monsoon,Extreme,10.4,57850.0
Satkhira,2006,7,34.2,26.2,548.0,88.0,0.6,6.4,3.7,22.68,89.07,6,1,Monsoon,Extreme,8.000000000000004,48224.0
Sylhet,2006,7,37.2,26.3,436.0,83.0,1.7,7.0,4.5,24.88,91.93,35,1,Monsoon,High,10.900000000000002,36188.0
Teknaf,2006,7,32.7,25.5,1650.0,91.0,1.3,6.7,2.6,20.87,92.26,4,1,Monsoon,Extreme,7.200000000000003,150150.0
Barisal,2006,8,33.7,25.9,378.0,89.0,1.6,6.8,4.4,22.7,90.36,4,1,Monsoon,High,7.800000000000004,33642.0
Bhola,2006,8,34.0,26.0,447.0,88.0,1.0,6.0,4.7,22.7,90.66,5,1,Monsoon,High,8.0,39336.0
Kutubdia,2006,8,32.3,25.2,344.0,84.0,2.4,7.2,5.2,21.83,91.84,6,1,Monsoon,High,7.099999999999998,28896.0
Mongla,2006,8,35.0,26.1,318.0,92.0,1.7,5.7,4.0,22.43,89.66,4,1,Monsoon,High,8.899999999999999,29256.0
Patuakhali,2006,8,33.5,25.9,406.0,90.0,1.4,6.3,4.1,22.36,90.34,3,1,Monsoon,High,7.600000000000001,36540.0
Rajshahi,2006,8,35.8,26.0,247.0,86.0,1.2,5.7,5.7,24.35,88.56,20,1,Monsoon,High,9.799999999999995,21242.0
Rangamati,2006,8,35.2,24.9,370.0,83.0,0.1,5.5,6.5,22.67,92.2,63,1,Monsoon,High,10.300000000000004,30710.0
Teknaf,2006,8,32.6,24.9,732.0,90.0,1.8,7.2,4.0,20.87,92.26,4,1,Monsoon,Extreme,7.700000000000003,65880.0
Barisal,2006,9,35.0,25.9,522.0,89.0,0.9,5.7,5.2,22.7,90.36,4,1,Monsoon,Extreme,9.1,46458.0
Bhola,2006,9,34.2,25.9,626.0,88.0,0.7,4.9,4.9,22.7,90.66,5,1,Monsoon,Extreme,8.300000000000004,55088.0
Chandpur,2006,9,34.2,25.8,410.0,86.0,0.8,5.6,5.4,23.26,90.67,7,1,Monsoon,High,8.400000000000002,35260.0
Chittagong (IAP-Patenga),2006,9,35.5,25.4,438.0,85.0,0.7,5.7,5.0,22.34,91.79,6,1,Monsoon,High,10.1,37230.0
Cox's Bazar,2006,9,33.5,25.1,678.0,86.0,1.4,5.5,6.0,21.46,91.98,4,1,Monsoon,Extreme,8.399999999999999,58308.0
Dinajpur,2006,9,35.4,25.0,340.0,85.0,1.0,5.6,5.4,25.63,88.66,37,1,Monsoon,High,10.4,28900.0
Faridpur,2006,9,35.8,26.0,486.0,86.0,1.5,5.3,5.7,23.61,89.84,9,1,Monsoon,High,9.799999999999995,41796.0
Feni,2006,9,33.5,24.9,388.0,87.0,0.8,5.4,5.6,23.01,91.37,8,1,Monsoon,High,8.600000000000001,33756.0
Hatiya,2006,9,33.7,25.5,698.0,87.0,2.4,4.7,6.1,22.29,91.13,4,1,Monsoon,Extreme,8.200000000000003,60726.0
Jessore,2006,9,36.0,25.7,400.0,87.0,1.7,5.4,4.7,23.17,89.22,7,1,Monsoon,High,10.3,34800.0
Khepupara,2006,9,34.5,25.7,699.0,88.0,1.6,5.3,5.4,21.98,90.22,3,1,Monsoon,Extreme,8.8,61512.0
Khulna,2006,9,35.0,26.0,579.0,86.0,0.9,5.4,5.7,22.8,89.58,4,1,Monsoon,Extreme,9.0,49794.0
Kutubdia,2006,9,33.3,26.0,502.0,85.0,1.5,6.1,5.9,21.83,91.84,6,1,Monsoon,Extreme,7.299999999999997,42670.0
Madaripur,2006,9,35.3,26.1,453.0,87.0,0.5,5.1,5.5,23.17,90.18,5,1,Monsoon,High,9.199999999999996,39411.0
Maijdee Court,2006,9,35.5,25.6,633.0,87.0,1.2,4.8,5.2,22.83,91.08,6,1,Monsoon,Extreme,9.9,55071.0
Mongla,2006,9,35.0,25.9,390.0,89.0,0.9,4.6,5.1,22.43,89.66,4,1,Monsoon,High,9.1,34710.0
Mymensingh,2006,9,34.6,25.8,420.0,89.0,1.1,5.5,4.4,24.75,90.41,19,1,Monsoon,High,8.8,37380.0
Patuakhali,2006,9,34.4,25.9,620.0,90.0,0.9,5.6,5.7,22.36,90.34,3,1,Monsoon,Extreme,8.5,55800.0
Rajshahi,2006,9,35.5,25.5,302.0,87.0,1.1,5.6,5.6,24.35,88.56,20,1,Monsoon,High,10.0,26274.0
Sandwip,2006,9,34.6,25.0,776.0,87.0,1.5,6.0,5.5,22.5,91.46,6,1,Monsoon,Extreme,9.6,67512.0
Satkhira,2006,9,34.5,26.2,403.0,86.0,0.4,5.7,5.8,22.68,89.07,6,1,Monsoon,High,8.3,34658.0
Sitakunda,2006,9,35.7,25.0,457.0,87.0,1.2,5.1,4.8,22.64,91.64,4,1,Monsoon,High,10.700000000000005,39759.0
Tangail,2006,9,36.2,25.5,1193.0,86.0,0.8,5.2,5.5,24.15,89.55,10,1,Monsoon,Extreme,10.700000000000005,102598.0
Teknaf,2006,9,33.1,25.3,824.0,88.0,1.2,5.7,5.1,20.87,92.26,4,1,Monsoon,Extreme,7.800000000000001,72512.0
Dhaka,2006,10,34.7,24.7,61.0,77.0,0.3,3.7,5.1,23.78,90.39,9,0,Post-Monsoon,Moderate,10.000000000000004,4697.0
Dhaka,2006,11,32.6,19.9,5.0,69.0,0.4,2.5,6.0,23.78,90.39,9,0,Post-Monsoon,Low,12.700000000000005,345.0
Dhaka,2006,12,30.1,15.8,0.0,70.0,0.4,0.5,5.5,23.78,90.39,9,0,Winter,Low,14.3,0.0
Dhaka,2007,1,28.8,12.5,0.0,68.0,0.5,0.6,5.7,23.78,90.39,9,0,Winter,Low,16.3,0.0
Dhaka,2007,2,30.8,16.8,30.0,69.0,0.6,2.3,5.7,23.78,90.39,9,0,Winter,Low,14.0,2070.0
Maijdee Court,2007,5,38.0,25.4,376.0,81.0,1.4,3.6,6.6,22.83,91.08,6,1,Pre-Monsoon,High,12.6,30456.0
Sylhet,2007,5,37.0,24.1,669.0,80.0,1.7,5.4,6.6,24.88,91.93,35,1,Pre-Monsoon,Extreme,12.9,53520.0
Barisal,2007,6,35.0,26.3,471.0,88.0,1.2,6.1,4.1,22.7,90.36,4,1,Monsoon,High,8.7,41448.0
Bhola,2007,6,35.0,26.1,440.0,88.0,0.8,5.7,3.5,22.7,90.66,5,1,Monsoon,High,8.899999999999999,38720.0
Bogra,2007,6,38.2,25.4,732.0,84.0,1.1,5.9,4.4,24.88,89.36,20,1,Monsoon,Extreme,12.800000000000004,61488.0
Chandpur,2007,6,35.7,25.7,399.0,87.0,0.8,6.5,4.5,23.26,90.67,7,1,Monsoon,High,10.000000000000004,34713.0
Chittagong (IAP-Patenga),2007,6,35.8,25.6,953.0,88.0,1.1,6.0,4.6,22.34,91.79,6,1,Monsoon,Extreme,10.199999999999996,83864.0
Comilla,2007,6,35.6,25.3,548.0,87.0,1.5,5.9,5.2,23.48,91.19,10,1,Monsoon,Extreme,10.3,47676.0
Cox's Bazar,2007,6,34.5,26.0,640.0,84.0,1.6,6.1,5.6,21.46,91.98,4,1,Monsoon,Extreme,8.5,53760.0
Dinajpur,2007,6,40.7,25.3,474.0,83.0,1.2,6.2,4.7,25.63,88.66,37,1,Monsoon,High,15.400000000000002,39342.0
Faridpur,2007,6,36.7,25.5,528.0,85.0,1.3,5.9,5.0,23.61,89.84,9,1,Monsoon,Extreme,11.200000000000005,44880.0
Feni,2007,6,35.0,25.6,509.0,87.0,1.3,5.9,4.7,23.01,91.37,8,1,Monsoon,Extreme,9.4,44283.0
Hatiya,2007,6,33.8,25.5,630.0,86.0,2.4,5.4,4.1,22.29,91.13,4,1,Monsoon,Extreme,8.299999999999997,54180.0
Kutubdia,2007,6,34.7,26.5,483.0,83.0,2.1,5.8,5.8,21.83,91.84,6,1,Monsoon,High,8.200000000000003,40089.0
Maijdee Court,2007,6,37.0,25.1,483.0,86.0,1.9,5.6,4.1,22.83,91.08,6,1,Monsoon,High,11.9,41538.0
Mymensingh,2007,6,35.2,25.3,849.0,88.0,1.3,6.4,3.6,24.75,90.41,19,1,Monsoon,Extreme,9.900000000000002,74712.0
Patuakhali,2007,6,35.4,26.2,426.0,90.0,1.1,6.1,3.9,22.36,90.34,3,1,Monsoon,High,9.2,38340.0
Rajshahi,2007,6,39.8,25.6,313.0,84.0,1.2,5.9,4.9,24.35,88.56,20,1,Monsoon,High,14.199999999999996,26292.0
Rangamati,2007,6,36.2,24.8,591.0,86.0,0.8,6.1,5.1,22.67,92.2,63,1,Monsoon,Extreme,11.400000000000002,50826.0
Rangpur,2007,6,36.5,25.3,568.0,85.0,1.0,6.3,4.1,25.72,89.26,34,1,Monsoon,Extreme,11.2,48280.0
Sandwip,2007,6,35.1,25.4,806.0,87.0,1.4,5.6,5.1,22.5,91.46,6,1,Monsoon,Extreme,9.700000000000005,70122.0
Sitakunda,2007,6,36.5,25.2,706.0,87.0,1.5,5.6,5.0,22.64,91.64,4,1,Monsoon,Extreme,11.3,61422.0
Srimangal,2007,6,35.5,24.6,622.0,86.0,1.2,6.6,3.4,24.29,91.73,23,1,Monsoon,Extreme,10.9,53492.0
Sylhet,2007,6,35.0,24.9,869.0,87.0,1.7,6.8,3.2,24.88,91.93,35,1,Monsoon,Extreme,10.1,75603.0
Tangail,2007,6,37.5,25.3,660.0,85.0,1.1,5.9,4.8,24.15,89.55,10,1,Monsoon,Extreme,12.2,56100.0
Teknaf,2007,6,34.7,26.1,598.0,85.0,1.2,5.6,6.3,20.87,92.26,4,1,Monsoon,Extreme,8.600000000000001,50830.0
Barisal,2007,7,33.5,25.9,560.0,91.0,1.2,6.9,2.2,22.7,90.36,4,1,Monsoon,Extreme,7.600000000000001,50960.0
Bhola,2007,7,32.5,25.7,511.0,91.0,0.8,6.4,1.4,22.7,90.66,5,1,Monsoon,Extreme,6.800000000000001,46501.0
Chandpur,2007,7,34.8,26.0,782.0,89.0,0.6,6.9,3.3,23.26,90.67,7,1,Monsoon,Extreme,8.799999999999997,69598.0
Chittagong (IAP-Patenga),2007,7,34.8,25.3,930.0,90.0,1.0,6.9,3.2,22.34,91.79,6,1,Monsoon,Extreme,9.499999999999996,83700.0
Comilla,2007,7,34.6,25.4,654.0,88.0,1.5,6.7,3.6,23.48,91.19,10,1,Monsoon,Extreme,9.200000000000005,57552.0
Cox's Bazar,2007,7,34.2,25.2,1274.0,90.0,1.9,6.9,2.9,21.46,91.98,4,1,Monsoon,Extreme,9.000000000000004,114660.0
Dinajpur,2007,7,35.0,26.1,401.0,87.0,1.0,6.8,3.2,25.63,88.66,37,1,Monsoon,High,8.899999999999999,34887.0
Faridpur,2007,7,34.6,25.9,676.0,87.0,1.2,6.4,3.8,23.61,89.84,9,1,Monsoon,Extreme,8.700000000000003,58812.0
Feni,2007,7,34.0,25.5,970.0,90.0,1.4,6.6,1.9,23.01,91.37,8,1,Monsoon,Extreme,8.5,87300.0
Hatiya,2007,7,32.1,25.6,968.0,91.0,2.5,6.7,2.7,22.29,91.13,4,1,Monsoon,Extreme,6.5,88088.0
Ishurdi,2007,7,36.5,25.9,516.0,87.0,1.3,6.7,3.7,24.12,89.04,14,1,Monsoon,Extreme,10.6,44892.0
Jessore,2007,7,36.2,26.1,735.0,88.0,2.1,6.0,3.0,23.17,89.22,7,1,Monsoon,Extreme,10.1,64680.0
Khepupara,2007,7,33.7,26.1,926.0,89.0,2.4,6.5,3.1,21.98,90.22,3,1,Monsoon,Extreme,7.600000000000001,82414.0
Khulna,2007,7,34.6,26.3,591.0,88.0,1.0,6.8,5.0,22.8,89.58,4,1,Monsoon,Extreme,8.3,52008.0
Kutubdia,2007,7,34.0,25.6,709.0,88.0,2.0,6.8,3.6,21.83,91.84,6,1,Monsoon,Extreme,8.399999999999999,62392.0
Madaripur,2007,7,34.7,26.3,501.0,89.0,0.5,6.2,2.8,23.17,90.18,5,1,Monsoon,Extreme,8.400000000000002,44589.0
Maijdee Court,2007,7,35.0,25.3,762.0,90.0,1.5,6.9,2.9,22.83,91.08,6,1,Monsoon,Extreme,9.7,68580.0
Mongla,2007,7,34.8,26.2,580.0,90.0,1.1,6.1,2.8,22.43,89.66,4,1,Monsoon,Extreme,8.599999999999998,52200.0
Mymensingh,2007,7,34.6,26.2,726.0,90.0,1.5,6.7,2.9,24.75,90.41,19,1,Monsoon,Extreme,8.400000000000002,65340.0
Patuakhali,2007,7,33.5,25.9,815.0,94.0,1.2,6.7,2.3,22.36,90.34,3,1,Monsoon,Extreme,7.600000000000001,76610.0
Rajshahi,2007,7,36.7,26.0,724.0,88.0,1.0,6.6,4.1,24.35,88.56,20,1,Monsoon,Extreme,10.700000000000005,63712.0
Rangamati,2007,7,35.0,24.9,712.0,88.0,1.1,6.8,3.1,22.67,92.2,63,1,Monsoon,Extreme,10.1,62656.0
Rangpur,2007,7,34.5,25.9,558.0,87.0,1.0,7.0,3.5,25.72,89.26,34,1,Monsoon,Extreme,8.600000000000001,48546.0
Sandwip,2007,7,33.3,25.3,827.0,90.0,1.4,6.6,3.5,22.5,91.46,6,1,Monsoon,Extreme,7.9999999999999964,74430.0
Satkhira,2007,7,34.6,26.5,466.0,87.0,0.9,6.3,3.5,22.68,89.07,6,1,Monsoon,High,8.100000000000001,40542.0
Sitakunda,2007,7,34.8,25.3,842.0,91.0,2.1,6.4,3.2,22.64,91.64,4,1,Monsoon,Extreme,9.499999999999996,76622.0
Sylhet,2007,7,36.8,25.6,786.0,88.0,2.0,7.3,3.1,24.88,91.93,35,1,Monsoon,Extreme,11.199999999999996,69168.0
Tangail,2007,7,35.2,25.7,609.0,87.0,1.0,6.5,3.3,24.15,89.55,10,1,Monsoon,Extreme,9.500000000000004,52983.0
Teknaf,2007,7,32.2,25.3,1586.0,90.0,1.1,7.1,2.8,20.87,92.26,4,1,Monsoon,Extreme,6.900000000000002,142740.0
Barisal,2007,8,35.0,26.4,218.0,88.0,0.9,6.3,4.5,22.7,90.36,4,1,Monsoon,High,8.600000000000001,19184.0
Chittagong (IAP-Patenga),2007,8,35.5,25.4,589.0,86.0,1.6,6.5,5.0,22.34,91.79,6,1,Monsoon,Extreme,10.1,50654.0
Cox's Bazar,2007,8,33.5,25.4,526.0,86.0,1.9,6.8,4.8,21.46,91.98,4,1,Monsoon,Extreme,8.100000000000001,45236.0
Dinajpur,2007,8,36.5,26.7,233.0,84.0,0.8,5.9,4.7,25.63,88.66,37,1,Monsoon,High,9.8,19572.0
Feni,2007,8,34.2,26.0,402.0,87.0,1.0,5.7,5.4,23.01,91.37,8,1,Monsoon,High,8.200000000000003,34974.0
Hatiya,2007,8,33.8,26.0,494.0,86.0,1.6,6.4,4.9,22.29,91.13,4,1,Monsoon,High,7.799999999999997,42484.0
Kutubdia,2007,8,33.5,25.8,416.0,86.0,1.7,6.2,5.5,21.83,91.84,6,1,Monsoon,High,7.699999999999999,35776.0
Rajshahi,2007,8,36.8,26.7,236.0,86.0,0.8,5.3,5.6,24.35,88.56,20,1,Monsoon,High,10.099999999999998,20296.0
Sandwip,2007,8,34.6,25.3,509.0,88.0,1.0,5.9,5.1,22.5,91.46,6,1,Monsoon,Extreme,9.3,44792.0
Sitakunda,2007,8,35.7,25.4,488.0,88.0,1.1,5.7,5.8,22.64,91.64,4,1,Monsoon,High,10.300000000000004,42944.0
Sylhet,2007,8,36.4,25.8,578.0,85.0,1.4,6.1,5.0,24.88,91.93,35,1,Monsoon,Extreme,10.599999999999998,49130.0
Teknaf,2007,8,32.6,25.4,628.0,89.0,1.1,6.8,3.9,20.87,92.26,4,1,Monsoon,Extreme,7.200000000000003,55892.0
Barisal,2007,9,34.8,25.8,326.0,91.0,0.9,6.5,3.4,22.7,90.36,4,1,Monsoon,High,8.999999999999996,29666.0
Bhola,2007,9,34.0,25.8,411.0,90.0,0.6,6.0,2.2,22.7,90.66,5,1,Monsoon,High,8.2,36990.0
Bogra,2007,9,36.0,26.1,302.0,83.0,0.8,5.1,3.8,24.88,89.36,20,1,Monsoon,High,9.9,25066.0
Chittagong (IAP-Patenga),2007,9,34.4,25.4,512.0,88.0,1.5,6.8,4.1,22.34,91.79,6,1,Monsoon,Extreme,9.0,45056.0
Cox's Bazar,2007,9,33.7,24.9,409.0,87.0,1.8,6.8,3.7,21.46,91.98,4,1,Monsoon,High,8.800000000000004,35583.0
Dinajpur,2007,9,34.8,25.7,234.0,86.0,0.8,6.0,3.9,25.63,88.66,37,1,Monsoon,High,9.099999999999998,20124.0
Feni,2007,9,34.1,25.6,601.0,87.0,0.8,6.2,3.7,23.01,91.37,8,1,Monsoon,Extreme,8.5,52287.0
Hatiya,2007,9,34.0,25.7,731.0,87.0,1.8,5.8,3.3,22.29,91.13,4,1,Monsoon,Extreme,8.3,63597.0
Khepupara,2007,9,33.0,26.0,557.0,89.0,2.3,6.4,3.4,21.98,90.22,3,1,Monsoon,Extreme,7.0,49573.0
Khulna,2007,9,35.0,26.1,397.0,91.0,0.7,6.4,6.3,22.8,89.58,4,1,Monsoon,High,8.899999999999999,36127.0
Kutubdia,2007,9,32.6,25.7,481.0,87.0,1.2,6.4,4.0,21.83,91.84,6,1,Monsoon,High,6.900000000000002,41847.0
Madaripur,2007,9,34.6,26.0,291.0,86.0,0.4,5.8,3.9,23.17,90.18,5,1,Monsoon,High,8.600000000000001,25026.0
Maijdee Court,2007,9,35.0,25.5,759.0,87.0,0.8,6.3,3.5,22.83,91.08,6,1,Monsoon,Extreme,9.5,66033.0
Mongla,2007,9,34.4,26.1,355.0,90.0,1.4,5.9,3.5,22.43,89.66,4,1,Monsoon,High,8.299999999999997,31950.0
Patuakhali,2007,9,35.0,25.7,639.0,93.0,1.0,5.9,3.1,22.36,90.34,3,1,Monsoon,Extreme,9.3,59427.0
Rajshahi,2007,9,35.6,26.1,309.0,87.0,0.8,5.8,5.5,24.35,88.56,20,1,Monsoon,High,9.5,26883.0
Rangamati,2007,9,34.7,24.7,535.0,87.0,0.6,6.5,4.4,22.67,92.2,63,1,Monsoon,Extreme,10.000000000000004,46545.0
Sandwip,2007,9,34.2,25.0,631.0,89.0,1.1,6.4,4.1,22.5,91.46,6,1,Monsoon,Extreme,9.200000000000005,56159.0
Satkhira,2007,9,35.5,26.0,459.0,87.0,0.7,5.9,4.2,22.68,89.07,6,1,Monsoon,High,9.5,39933.0
Sitakunda,2007,9,35.0,25.4,625.0,89.0,1.1,5.7,4.8,22.64,91.64,4,1,Monsoon,Extreme,9.6,55625.0
Sylhet,2007,9,36.0,25.4,594.0,84.0,1.5,6.1,3.8,24.88,91.93,35,1,Monsoon,Extreme,10.6,49896.0
Barisal,2007,10,35.5,23.6,357.0,88.0,0.4,3.8,6.6,22.7,90.36,4,1,Post-Monsoon,High,11.9,31416.0
Chittagong (IAP-Patenga),2007,10,35.8,23.3,635.0,86.0,0.9,4.3,6.2,22.34,91.79,6,1,Post-Monsoon,Extreme,12.499999999999996,54610.0
Cox's Bazar,2007,10,34.8,24.0,492.0,83.0,0.9,4.3,6.4,21.46,91.98,4,1,Post-Monsoon,High,10.799999999999995,40836.0
Dhaka,2007,10,35.6,23.8,320.0,79.0,0.7,4.3,5.2,23.78,90.39,9,0,Post-Monsoon,High,11.8,25280.0
Feni,2007,10,35.0,23.5,499.0,84.0,0.5,3.8,5.8,23.01,91.37,8,1,Post-Monsoon,High,11.5,41916.0
Hatiya,2007,10,33.8,23.9,413.0,86.0,0.9,3.8,5.8,22.29,91.13,4,1,Post-Monsoon,High,9.9,35518.0
Khepupara,2007,10,35.0,23.5,693.0,86.0,0.8,3.4,6.4,21.98,90.22,3,1,Post-Monsoon,Extreme,11.5,59598.0
Maijdee Court,2007,10,35.5,23.5,451.0,84.0,0.7,3.7,5.7,22.83,91.08,6,1,Post-Monsoon,High,12.0,37884.0
Rajshahi,2007,10,35.5,23.3,76.0,84.0,0.4,3.3,6.8,24.35,88.56,20,1,Post-Monsoon,Moderate,12.2,6384.0
Sandwip,2007,10,34.6,23.3,653.0,86.0,0.7,4.1,6.0,22.5,91.46,6,1,Post-Monsoon,Extreme,11.3,56158.0
Sitakunda,2007,10,36.6,23.3,709.0,88.0,0.6,3.8,6.0,22.64,91.64,4,1,Post-Monsoon,Extreme,13.3,62392.0
Teknaf,2007,10,33.4,24.0,622.0,88.0,0.5,4.1,6.1,20.87,92.26,4,1,Post-Monsoon,Extreme,9.4,54736.0
Cox's Bazar,2007,11,33.7,22.6,127.0,81.0,0.9,2.5,7.2,21.46,91.98,4,0,Post-Monsoon,Moderate,11.1,10287.0
Dhaka,2007,11,31.8,19.9,111.0,78.0,0.7,2.3,5.7,23.78,90.39,9,0,Post-Monsoon,Moderate,11.900000000000002,8658.0
Hatiya,2007,11,32.0,21.0,191.0,85.0,0.9,2.4,7.5,22.29,91.13,4,1,Post-Monsoon,Moderate,11.0,16235.0
Jessore,2007,11,32.6,18.9,113.0,83.0,0.3,1.2,6.3,23.17,89.22,7,1,Post-Monsoon,Moderate,13.700000000000005,9379.0
Teknaf,2007,11,32.6,22.4,205.0,84.0,0.4,2.6,7.1,20.87,92.26,4,1,Post-Monsoon,High,10.200000000000005,17220.0
Cox's Bazar,2007,12,30.5,17.5,0.0,72.0,1.0,1.5,7.3,21.46,91.98,4,0,Winter,Low,13.0,0.0
Dhaka,2007,12,28.2,15.0,0.0,70.0,0.6,1.0,5.5,23.78,90.39,9,0,Winter,Low,13.2,0.0
Cox's Bazar,2008,1,30.0,16.0,15.0,73.0,0.8,1.1,7.4,21.46,91.98,4,0,Winter,Low,14.0,1095.0
Dhaka,2008,1,29.0,14.5,23.0,70.0,0.9,2.1,4.7,23.78,90.39,9,0,Winter,Low,14.5,1610.0
Cox's Bazar,2008,2,31.4,16.5,50.0,67.0,1.1,1.0,8.9,21.46,91.98,4,0,Winter,Low,14.9,3350.0
Dhaka,2008,2,30.6,15.2,56.0,62.0,0.8,1.8,6.6,23.78,90.39,9,0,Winter,Moderate,15.400000000000002,3472.0
Dinajpur,2008,5,36.0,23.4,220.0,77.0,0.9,4.3,7.7,25.63,88.66,37,1,Pre-Monsoon,High,12.6,16940.0
Sylhet,2008,5,36.2,23.5,501.0,78.0,1.7,5.2,6.4,24.88,91.93,35,1,Pre-Monsoon,Extreme,12.700000000000005,39078.0
Barisal,2008,6,35.5,26.0,239.0,89.0,1.3,6.6,2.9,22.7,90.36,4,1,Monsoon,High,9.5,21271.0
Bogra,2008,6,35.6,25.8,393.0,84.0,1.2,5.9,3.5,24.88,89.36,20,1,Monsoon,High,9.8,33012.0
Chittagong (IAP-Patenga),2008,6,34.2,25.6,538.0,84.0,4.2,5.5,3.8,22.34,91.79,6,1,Monsoon,Extreme,8.600000000000001,45192.0
Cox's Bazar,2008,6,34.2,25.2,1318.0,86.0,1.7,6.4,3.8,21.46,91.98,4,1,Monsoon,Extreme,9.000000000000004,113348.0
Dinajpur,2008,6,35.6,25.6,363.0,85.0,0.9,6.1,5.4,25.63,88.66,37,1,Monsoon,High,10.0,30855.0
Hatiya,2008,6,33.0,25.7,696.0,89.0,2.0,6.4,3.2,22.29,91.13,4,1,Monsoon,Extreme,7.300000000000001,61944.0
Khepupara,2008,6,33.8,25.9,438.0,88.0,1.8,6.2,3.1,21.98,90.22,3,1,Monsoon,High,7.899999999999999,38544.0
Kutubdia,2008,6,34.0,26.2,441.0,84.0,2.0,6.3,4.9,21.83,91.84,6,1,Monsoon,High,7.800000000000001,37044.0
Maijdee Court,2008,6,35.0,25.4,516.0,88.0,1.5,6.1,3.9,22.83,91.08,6,1,Monsoon,Extreme,9.6,45408.0
Mymensingh,2008,6,35.8,25.6,675.0,87.0,1.3,6.5,3.3,24.75,90.41,19,1,Monsoon,Extreme,10.199999999999996,58725.0
Rangpur,2008,6,34.6,25.2,444.0,86.0,1.4,6.7,4.2,25.72,89.26,34,1,Monsoon,High,9.400000000000002,38184.0
Sandwip,2008,6,34.6,24.7,494.0,88.0,2.2,6.3,3.5,22.5,91.46,6,1,Monsoon,High,9.900000000000002,43472.0
Sylhet,2008,6,36.2,24.8,648.0,86.0,1.6,7.2,3.4,24.88,91.93,35,1,Monsoon,Extreme,11.400000000000002,55728.0
Teknaf,2008,6,37.2,25.0,1135.0,90.0,1.3,6.6,3.9,20.87,92.26,4,1,Monsoon,Extreme,12.200000000000005,102150.0
Barisal,2008,7,33.4,25.9,550.0,90.0,1.1,7.1,2.8,22.7,90.36,4,1,Monsoon,Extreme,7.5,49500.0
Bhola,2008,7,32.8,25.9,729.0,92.0,0.7,6.5,2.5,22.7,90.66,5,1,Monsoon,Extreme,6.899999999999999,67068.0
Bogra,2008,7,34.5,26.1,474.0,86.0,0.8,6.3,3.3,24.88,89.36,20,1,Monsoon,High,8.399999999999999,40764.0
Chandpur,2008,7,34.9,25.9,649.0,89.0,0.5,7.1,2.9,23.26,90.67,7,1,Monsoon,Extreme,9.0,57761.0
Chittagong (IAP-Patenga),2008,7,32.4,25.2,963.0,88.0,4.2,6.0,4.1,22.34,91.79,6,1,Monsoon,Extreme,7.199999999999999,84744.0
Comilla,2008,7,34.4,25.6,457.0,87.0,2.2,6.6,5.1,23.48,91.19,10,1,Monsoon,High,8.799999999999997,39759.0
Cox's Bazar,2008,7,32.6,24.8,1275.0,90.0,1.2,7.1,3.1,21.46,91.98,4,1,Monsoon,Extreme,7.800000000000001,114750.0
Dinajpur,2008,7,35.2,26.1,437.0,85.0,0.6,6.5,4.0,25.63,88.66,37,1,Monsoon,High,9.1,37145.0
Faridpur,2008,7,33.4,26.0,430.0,87.0,0.8,6.2,3.8,23.61,89.84,9,1,Monsoon,High,7.399999999999999,37410.0
Hatiya,2008,7,31.5,25.4,1235.0,90.0,2.3,6.9,3.2,22.29,91.13,4,1,Monsoon,Extreme,6.100000000000001,111150.0
Jessore,2008,7,34.4,26.0,459.0,88.0,1.8,6.0,2.5,23.17,89.22,7,1,Monsoon,High,8.399999999999999,40392.0
Khepupara,2008,7,32.8,25.9,931.0,90.0,1.4,6.8,3.2,21.98,90.22,3,1,Monsoon,Extreme,6.899999999999999,83790.0
Kutubdia,2008,7,33.3,25.3,1256.0,88.0,2.1,6.6,3.8,21.83,91.84,6,1,Monsoon,Extreme,7.9999999999999964,110528.0
Madaripur,2008,7,33.5,26.2,532.0,90.0,0.8,6.6,3.0,23.17,90.18,5,1,Monsoon,Extreme,7.300000000000001,47880.0
Maijdee Court,2008,7,34.2,25.3,980.0,90.0,1.1,6.8,3.4,22.83,91.08,6,1,Monsoon,Extreme,8.900000000000002,88200.0
Mongla,2008,7,33.6,25.9,474.0,90.0,1.3,6.8,3.1,22.43,89.66,4,1,Monsoon,High,7.700000000000003,42660.0
Mymensingh,2008,7,33.2,26.3,473.0,89.0,1.2,6.8,3.3,24.75,90.41,19,1,Monsoon,High,6.900000000000002,42097.0
Patuakhali,2008,7,33.0,25.8,1016.0,92.0,0.8,6.7,2.9,22.36,90.34,3,1,Monsoon,Extreme,7.199999999999999,93472.0
Rajshahi,2008,7,34.5,26.0,373.0,89.0,1.0,6.4,3.9,24.35,88.56,20,1,Monsoon,High,8.5,33197.0
Rangamati,2008,7,34.3,24.7,433.0,86.0,0.8,6.0,4.4,22.67,92.2,63,1,Monsoon,High,9.599999999999998,37238.0
Sandwip,2008,7,33.7,24.0,1414.0,91.0,2.2,6.7,3.6,22.5,91.46,6,1,Monsoon,Extreme,9.700000000000005,128674.0
Sitakunda,2008,7,33.7,25.1,994.0,90.0,1.9,6.3,4.5,22.64,91.64,4,1,Monsoon,Extreme,8.600000000000001,89460.0
Sylhet,2008,7,35.9,25.5,604.0,88.0,1.7,7.4,3.3,24.88,91.93,35,1,Monsoon,Extreme,10.4,53152.0
Tangail,2008,7,34.5,25.9,444.0,87.0,1.2,6.6,3.5,24.15,89.55,10,1,Monsoon,High,8.600000000000001,38628.0
Teknaf,2008,7,32.7,24.8,2072.0,93.0,0.9,7.1,2.6,20.87,92.26,4,1,Monsoon,Extreme,7.900000000000002,192696.0
Barisal,2008,8,33.5,26.1,357.0,88.0,0.9,6.1,4.1,22.7,90.36,4,1,Monsoon,High,7.399999999999999,31416.0
Bogra,2008,8,36.3,26.4,374.0,85.0,0.8,6.0,4.0,24.88,89.36,20,1,Monsoon,High,9.9,31790.0
Chandpur,2008,8,34.7,26.1,320.0,87.0,0.4,6.5,3.6,23.26,90.67,7,1,Monsoon,High,8.600000000000001,27840.0
Chittagong (IAP-Patenga),2008,8,33.3,25.4,757.0,88.0,4.0,6.0,4.7,22.34,91.79,6,1,Monsoon,Extreme,7.899999999999999,66616.0
Comilla,2008,8,36.2,25.5,375.0,87.0,1.5,6.4,4.9,23.48,91.19,10,1,Monsoon,High,10.700000000000005,32625.0
Cox's Bazar,2008,8,33.5,25.0,664.0,88.0,1.4,6.6,3.9,21.46,91.98,4,1,Monsoon,Extreme,8.5,58432.0
Dinajpur,2008,8,35.7,26.1,385.0,87.0,0.7,6.1,4.5,25.63,88.66,37,1,Monsoon,High,9.6,33495.0
Hatiya,2008,8,33.2,25.8,512.0,88.0,1.9,6.3,4.0,22.29,91.13,4,1,Monsoon,Extreme,7.400000000000002,45056.0
Khepupara,2008,8,32.6,26.3,459.0,87.0,1.5,5.8,4.7,21.98,90.22,3,1,Monsoon,High,6.300000000000001,39933.0
Kutubdia,2008,8,33.6,25.6,659.0,86.0,2.0,6.4,4.7,21.83,91.84,6,1,Monsoon,Extreme,8.0,56674.0
Maijdee Court,2008,8,34.4,25.4,504.0,87.0,1.2,5.9,4.2,22.83,91.08,6,1,Monsoon,Extreme,9.0,43848.0
Rajshahi,2008,8,35.4,26.4,245.0,86.0,1.1,6.0,5.3,24.35,88.56,20,1,Monsoon,High,9.0,21070.0
Rangamati,2008,8,34.0,24.6,400.0,86.0,0.6,6.1,4.5,22.67,92.2,63,1,Monsoon,High,9.4,34400.0
Sandwip,2008,8,33.7,24.4,849.0,88.0,2.1,6.5,4.7,22.5,91.46,6,1,Monsoon,Extreme,9.300000000000004,74712.0
Sitakunda,2008,8,34.4,25.3,687.0,89.0,1.4,6.0,5.2,22.64,91.64,4,1,Monsoon,Extreme,9.099999999999998,61143.0
Sylhet,2008,8,36.8,25.2,761.0,89.0,1.4,7.1,3.0,24.88,91.93,35,1,Monsoon,Extreme,11.599999999999998,67729.0
Teknaf,2008,8,32.3,25.1,993.0,90.0,0.8,6.7,3.5,20.87,92.26,4,1,Monsoon,Extreme,7.199999999999996,89370.0
Barisal,2008,9,34.5,25.8,210.0,88.0,0.8,5.5,5.0,22.7,90.36,4,1,Monsoon,High,8.7,18480.0
Dinajpur,2008,9,35.0,25.7,242.0,85.0,0.6,4.8,5.6,25.63,88.66,37,1,Monsoon,High,9.3,20570.0
Hatiya,2008,9,34.6,25.4,386.0,86.0,1.8,6.0,5.6,22.29,91.13,4,1,Monsoon,High,9.200000000000005,33196.0
Jessore,2008,9,35.8,25.4,415.0,87.0,1.5,4.9,4.3,23.17,89.22,7,1,Monsoon,High,10.4,36105.0
Khepupara,2008,9,33.6,26.0,514.0,88.0,1.0,5.7,5.1,21.98,90.22,3,1,Monsoon,Extreme,7.600000000000001,45232.0
Khulna,2008,9,34.6,26.2,379.0,86.0,0.4,5.8,5.1,22.8,89.58,4,1,Monsoon,High,8.400000000000002,32594.0
Mongla,2008,9,35.4,26.0,299.0,87.0,1.1,5.7,5.3,22.43,89.66,4,1,Monsoon,High,9.4,26013.0
Patuakhali,2008,9,34.4,25.9,387.0,90.0,0.6,5.2,5.0,22.36,90.34,3,1,Monsoon,High,8.5,34830.0
Rajshahi,2008,9,35.3,25.8,129.0,86.0,0.8,5.3,6.0,24.35,88.56,20,1,Monsoon,Moderate,9.499999999999996,11094.0
Sandwip,2008,9,35.2,24.6,486.0,86.0,1.4,5.6,5.7,22.5,91.46,6,1,Monsoon,High,10.6,41796.0
Teknaf,2008,9,34.1,25.1,520.0,88.0,0.8,5.7,5.2,20.87,92.26,4,1,Monsoon,Extreme,9.0,45760.0
Barisal,2008,10,34.5,23.5,341.0,87.0,0.4,3.3,6.6,22.7,90.36,4,1,Post-Monsoon,High,11.0,29667.0
Bhola,2008,10,34.0,23.6,348.0,88.0,0.3,2.8,6.7,22.7,90.66,5,1,Post-Monsoon,High,10.4,30624.0
Chandpur,2008,10,34.7,23.8,333.0,84.0,0.4,3.6,5.1,23.26,90.67,7,1,Post-Monsoon,High,10.900000000000002,27972.0
Cox's Bazar,2008,10,35.1,24.8,184.0,81.0,0.9,3.0,7.7,21.46,91.98,4,0,Post-Monsoon,Moderate,10.3,14904.0
Dhaka,2008,10,34.8,23.8,227.0,78.0,0.8,4.0,5.8,23.78,90.39,9,0,Post-Monsoon,High,10.999999999999996,17706.0
Khepupara,2008,10,33.8,24.2,467.0,85.0,0.4,3.2,6.8,21.98,90.22,3,1,Post-Monsoon,High,9.599999999999998,39695.0
Maijdee Court,2008,10,34.4,24.2,426.0,85.0,0.4,3.1,6.5,22.83,91.08,6,1,Post-Monsoon,High,10.2,36210.0
Patuakhali,2008,10,34.5,23.9,408.0,87.0,0.5,3.1,6.9,22.36,90.34,3,1,Post-Monsoon,High,10.6,35496.0
Tangail,2008,10,34.0,22.8,365.0,84.0,0.5,3.0,6.6,24.15,89.55,10,1,Post-Monsoon,High,11.2,30660.0
Cox's Bazar,2008,11,33.0,20.8,3.0,75.0,0.4,1.5,8.8,21.46,91.98,4,0,Post-Monsoon,Low,12.2,225.0
Dhaka,2008,11,32.3,19.0,0.0,70.0,0.3,1.3,8.0,23.78,90.39,9,0,Post-Monsoon,Low,13.299999999999995,0.0
Cox's Bazar,2008,12,31.3,18.0,0.0,76.0,0.3,0.8,6.9,21.46,91.98,4,0,Winter,Low,13.3,0.0
Dhaka,2008,12,29.0,16.9,0.0,80.0,0.4,1.6,3.9,23.78,90.39,9,0,Winter,Low,12.1,0.0
