Feature,Importance
numeric__District_Count,0.083339684384944
numeric__Start_Year,0.077448223161069
numeric__Year,0.07322452222716133
numeric__Duration(Days),0.06965318089453046
numeric__District_LGD_Codes,0.061470774489318064
numeric__Day,0.04802636418182113
numeric__Start_Day,0.04711664525407339
categorical__Extent of damage_Landslide reported,0.035897176127772046
numeric__State_Codes,0.03141611838069464
numeric__Long_Event,0.027618681456405725
numeric__Month,0.01977649033956497
numeric__Start_Month,0.019042772915933735
numeric__Month_Cos,0.01793336839912962
categorical__Cause_Group_Other,0.017115423518588545
numeric__Month_Sin,0.016328645220000253
categorical__Cause_Group_Heavy Rain,0.013847252558422545
categorical__Main Cause_heavy rains,0.009915568899547865
numeric__Quarter,0.00950467155005339
categorical__State_Maharashtra,0.006365817226413483
categorical__State_Uttar Pradesh,0.006303705185822797
categorical__Main Cause_heavy rains & floods,0.006260084188527402
categorical__State_Karnataka,0.005995423606240639
categorical__State_Bihar,0.0050440042746225395
categorical__Main Cause_severe,0.005000255667505241
categorical__State_Himachal Pradesh,0.0049712520814160725
categorical__Main Cause_severe flood,0.004649891487995984
categorical__State_Gujarat,0.004610004780906503
categorical__State_Kerala,0.004485469868576638
categorical__State_West Bengal,0.004483944820467375
categorical__State_Assam,0.0044122335148373965
categorical__State_Andhra Pradesh,0.004209369738396293
categorical__State_Jammu and Kashmir,0.0037097306849175234
categorical__State_Rajasthan,0.0036344292545450398
categorical__State_Uttarakhand,0.003617249527422246
categorical__Cause_Group_Landslide,0.0034577152690851145
categorical__State_Madhya Pradesh,0.003398589406028721
categorical__Cause_Group_River/Water System,0.0032110622415972233
categorical__State_Punjab,0.0030021768359940614
categorical__State_Tamil Nadu,0.002759959644750841
categorical__Cause_Group_Flash Flood,0.0027018553838658397
categorical__State_Odisha,0.002628497021800267
categorical__Main Cause_severe floods,0.0025836627853395187
categorical__Main Cause_landslide,0.0024703050214566796
categorical__Main Cause_flash flood,0.002335364414022173
categorical__State_Delhi,0.0022964025700088707
numeric__State_Count,0.0022069143962959504
"categorical__Main Cause_heavy rains & flood (brahmaputra,tributaries)",0.002165975543610301
categorical__State_Arunachal Pradesh,0.002061800828692794
categorical__State_Sikkim,0.0017808037400999799
categorical__State_Haryana,0.0017327682444246637
categorical__State_Tripura,0.001552110922879476
categorical__State_Jharkhand,0.0014375073253529937
categorical__Main Cause_heavy rains & floods (ganga & tributaries),0.0014194529759758464
categorical__State_Meghalaya,0.0013939287777292547
categorical__Main Cause_flood,0.0013763109961322548
categorical__Main Cause_heavy rains & flood,0.0013269142616495339
categorical__Main Cause_heavy rain,0.001316207318340787
categorical__Main Cause_massive landslide,0.001174833718651644
"categorical__State_Uttar Pradesh, Uttarakhand",0.0011189851813302306
"categorical__Main Cause_heavy rains,  floods & landslides",0.0010998617287540718
categorical__State_Mizoram,0.0010137798295569989
categorical__Extent of damage_Landslide reported.,0.0009908119582873823
"categorical__Main Cause_heavy rains, floods & landslips",0.000984055111682712
categorical__Main Cause_moderate flood,0.0009425643813935708
categorical__State_Chhattisgarh,0.000920884647869413
categorical__Extent of damage_Several houses collapsed,0.0008736839332072954
categorical__Main Cause_flash floods,0.000861857977525801
categorical__Main Cause_floods,0.000845955226316201
categorical__Main Cause_cloud burst,0.000779271021570656
categorical__State_Telangana,0.0007524064268258644
categorical__Main Cause_moderate floods,0.0007456864248872249
categorical__Main Cause_moderate to severe,0.000721724637687491
categorical__Extent of damage_i)Low lying areas flooded. ii)Road traffic / electric supply disrupted. iii) Trees uprooted.,0.0007166077319326603
categorical__State_Manipur,0.0007063257684077238
categorical__Main Cause_landslides,0.0006207265852870929
categorical__Main Cause_heavy rains & landslide,0.0006200731466743094
categorical__Extent of damage_Most of the houses of the village were hit by the landslide.,0.0005983980369493628
categorical__Extent of damage_A huge tree uprooted causing damage to school building.,0.0005962226277426875
categorical__Extent of damage_i)Normal life in the city completely paralysed ii)Low lying area innundated,0.0005572166103562534
categorical__Main Cause_moderate,0.0005504920373602431
"categorical__Extent of damage_i)Property worth Rs. 50,000 damaged in Radhanagari tehsil ii)Large number of trees uprooted,several roof-tops blown off iii)Vehicular traffic completely disrupted",0.000541677625843453
categorical__Main Cause_floods & heavy rains,0.0005345705591679305
categorical__Extent of damage_i) Damage to agricultural crops reported. ii) Damage to property reported. iii) Water logging in many areas reported,0.0005313184193732022
"categorical__Extent of damage_(i) One bridge,several houses damaged. (ii) Extensive damage to agriculture reported.",0.0005284603065834326
"categorical__Extent of damage_10,000 people shifted to safer places",0.0005151832980348376
categorical__Extent of damage_i) Damage to some houses reported. ii) Low lying areas flooded. iii) Road/rail traffic disrupted. ,0.0005111867930731954
"categorical__Extent of damage_i)41.4 cm of rainfall recorded at Colaba observatory during Twenty Four hours period ending 1730 hrs of 25th June ii)Road traffic disrupted due to flooding Konkan bound State Transportation Service from Mumbai suspended iii)Thousands of people affected iv)Long distance outgoing trains on the Western Railway cancelled, while incoming trains terminated outside the city at various points v)Suburbanan train services on Western,Central railways completely paralysed",0.0005063254105176018
"categorical__State_Madhya Pradesh,  Chhattisgarh",0.0005009205806589663
categorical__Extent of damage_Wall of Channakeshava temple collapsed in Belur taluka,0.00050018115196642
categorical__Extent of damage_Landslides reported,0.0004964111291694078
categorical__Extent of damage_(i)Heavy rains due  to cloud burst reported (ii)Extensive damage to property reported,0.0004930372447429844
categorical__Extent of damage_Wall collapsed.,0.0004908129503344658
categorical__Extent of damage_i) Many houses damaged. ii) Several trees/electric poles uprooted causing disruption in vehicular traffic & power supply.,0.0004817554108676126
categorical__Main Cause_heavy rains/tank burnt,0.0004776988063886532
categorical__Extent of damage_i) Damage to crops reported. ii) Damage to many houses reported.,0.0004765281843431176
categorical__Extent of damage_Lakhs rupees of total damage due to flood reported.,0.00047290176338554387
categorical__Extent of damage_Several houses damaged,0.00046847974501207184
"categorical__Extent of damage_i)Normal life completely paralysed ii)A section of a Military Barrack,two compound walls at Walkeswara,Jogeswari collpased iii)Vehicular traffic disrupted",0.000463574770354311
categorical__Extent of damage_People living in low lying areas shifted to safer places,0.00045927214946882104
categorical__Extent of damage_i) Several people affected ii) Few houses collapsed. jii) Low lying areas flooded.,0.000457378234861438
"categorical__Extent of damage_Damage to property,agriculture reported",0.00044818216471883887
categorical__Extent of damage_Lanslide reported in Panthal in Ramban. ,0.0004375511949577512
categorical__Extent of damage_Extensive damage to crops reported.,0.0004304237193471746
categorical__Extent of damage_i) Damage to some houses reported. ii) Low lying areas flooded. iii) Road/rail traffic disrupted.,0.0004245330691562993
"categorical__Extent of damage_i)2 fishing trawlers 'Almadani','Wageshwari' capsized across Mumbai harbour ii)Several low lying areas flooded iii)Vehicular traffic disrupted",0.00041719415017615305
categorical__Main Cause_heavy rains(cloud burst),0.000412668013590097
"categorical__Extent of damage_i)15 houses collapsed ii)39 houses partially damaged iii)10 hectares of agricultural land submerged iv)1,139 km road damaged v)76 bridges damaged vi)Total estimated loss of Rs 9.22 crore reported",0.00041232779116500795
categorical__Extent of damage_Land slides reported.,0.0004101411391197508
categorical__Extent of damage_i)Low lying areas flooded ii)Train services disrupted iii)Power services disrupted,0.0004068365109303466
"categorical__Extent of damage_i) 15 villages marooned. ii) 9000 acres of paddy, blackgram,tobacco damaged. iii) Road traffic disrupted. ",0.00040501713961065
"categorical__Extent of damage_(i) Landslides reported (ii) Electricity supply was totally cut (iii)4 houses completely collapsed (iv)Police, army,fire brigade officials called for rescue operations",0.0003981495101805601
categorical__Extent of damage_Several trains cancelled due to flooding of railway lines,0.0003949971244024552
"categorical__Extent of damage_i)Army called in Gorakhpur district for flood relief following a breach in Sohagaura Nalauni embankment ii)Suheli,Mohana river in Kheri district cut off Dudwa National Park",0.00039403492887730746
"categorical__Extent of damage_i) Huge rocks,mud fell over one of the housing quarters of tea workers at Petimudi, Munnar. ii) Damage to 30 houses reported. iii) Complete damage to 4 estate lanes in the Nayamakkad division reported. iv) Uprooted trees,boulders on road causes traffic disruption. v) Bridge at periyavarai washed away. vi) Damage to a car reported.",0.0003933240654098016
"categorical__Main Cause_flood (brahmaputra,tributaries)",0.00039201650560228993
categorical__Extent of damage_Damage to some buildings reported. ,0.0003919473172115286
"categorical__Extent of damage_i) Damage to agriculture reported.  ii) Landslide reported. iii) Massive destruction to public  property reported. iv) Thousands of tourists stranded at Leh,Manali. v) Electricity/Radio/television/ telephone services disrupted. ",0.0003872815170204383
categorical__Extent of damage_i)20 huts ituated to the east of Dimbe dam swept away ii)Machinery worth Rs. 10 lakhs installed at the dam site damaged iii)Road link between several small villages snapped,0.0003863586414739226
"categorical__Extent of damage_(i)Road traffic, train services,domestic rand international flights affected badly (ii)Around 40 trees uprooted in Mumbai",0.000383140432791031
"categorical__Extent of damage_i)Landslides reported at Kalimpong,Kurseong ii)200 houses damaged",0.00037782007675441284
categorical__Extent of damage_200 houses damaged,0.00037750945975500457
categorical__Extent of damage_Several houses damaged. ,0.00037167139137456065
"categorical__Extent of damage_i) Low lying areas,crop land inundated. ii) Several trees/electric poles uprooted causing traffic disruption. iii) Roof of some houses blown away. ",0.0003716412667082864
"categorical__Extent of damage_i)The tiny streams of Dahisar,Paoisor inundated surrounding residential areas,many slums flooded ii)600 people rescued from trees/roof tops by fire-brigade iii)Suburbanan train services suspended iv)300 huts washed away",0.00037131876435127166
"categorical__Extent of damage_i)3 million people in 2,000 villages affected ii)Standing crop in 1.5 lakh hectares of land, worth 6.5 crores damged iii)Road communication completely cut-off",0.00037056252295632013
"categorical__Extent of damage_The villages Karmi, Patti, Maldah,Danpur in Bageshwari tehsil completely cut off from rest of the state",0.00036995747495694126
categorical__Extent of damage_i)Damage to 18 houses reported ii)National highway remained closed,0.0003695965799942483
"categorical__Extent of damage_(i) Due to landslides in Ghatkopa, people residing at the footof the hill were buried alive, hutments crushed (ii)Long dsitance as well as local trains completely stopped, flights fromm Mumbai cancelled (iii) Commuters stranded everywhere as elevated areas were also flooded, water entered upto first floor in low lying areas (iv) Electric supply to several substations,feeders was switched off as a safety measure (v) fire brigade reported 25 major tree falls",0.0003665373062250914
categorical__Extent of damage_i) Low lying areas flooded. ii) Trees/electricity poles uprooted,0.0003641601627024991
"categorical__Extent of damage_i)Vast areas submerged under knee-deep water ii)Road communication between upper,lower Assam disrupted following breakdown of a sluice gate near Kheri",0.0003528006453786961
categorical__Extent of damage_Jammu-Srinagar national highway closed for traffic,0.00035252098793501905
categorical__Extent of damage_i) Damage to agricultural crops reported. ii) Damage to property reported.,0.0003524964422786498
categorical__Extent of damage_Many houses collapsed,0.00035080969529695694
"categorical__Extent of damage_12 houses,2 huts damaged",0.00035070363326625834
"categorical__Extent of damage_20 houses washed away,400 houses damaged due to landslides",0.0003477017469599549
categorical__Extent of damage_Extensive damage to property reported,0.000347340333246507
categorical__Extent of damage_i)Landslides reported ii)10 houses damaged,0.0003454385048881278
categorical__Extent of damage_(i)Many roads breached (ii)A number of old huts/houses collpased,0.0003429168136738656
"categorical__Extent of damage_i)Paddy crop worth Rs. 2.3 crore, vegetables worth Rs. 13.72 crore,Jute worth Rs. 45 lakh damaged ii)2000 families rendered homeless while 9000 people evacuated to safer places iii)Train service between Haldibari in Cooch Behar,New Jalpaiguri,Siliguri disrupted iv)15 metre stretch of road in Kolabari washed away by Diana river",0.00034220174433064203
"categorical__Extent of damage_i)Landslides reported ii)8 houses washed away,many damaged iii)Apple orchards,paddy field damaged",0.0003412415090838112
categorical__Extent of damage_i) Landslide reported. ii) The control room of power project affected. iii) 3 houses swept away. ,0.0003382642300111467
categorical__Extent of damage_Massive landslide,0.0003339499367373243
categorical__Main Cause_floods in pennar river,0.0003323244435597875
"categorical__Extent of damage_i)1000 houses collapsed ii)Vehicular traffic between Idukki-Kothamangalam disrupted due to landslide at Vazathoppu,Karimbam iii)Road,telecommunication link disrupted iv)Paddy crop suffered extensive damage v)Pepper vines,Cardamam Plantations badly damaged vi)Crop worth Rs. 95 crore lost",0.0003281430387944598
"categorical__Main Cause_heavy rains & floods (brahmaputra,tributaries)",0.0003266438608719502
"categorical__Extent of damage_i)2,63,700 hectares of area with 9,22,769 people affected ii)1,250 villages affected iii)Crop in 47,350 hectares damaged",0.0003260306701829624
categorical__Extent of damage_500 huts affected,0.00032109928898057947
"categorical__Extent of damage_i)8 lakh people in 1,300 villages affected ii)13,500 houses damaged iii)Standing crop in 48,000 hectares of land destroyed",0.0003168272311462667
"categorical__Extent of damage_2 houses completely,6 wooden houses partially damaged at Decrate Bazar",0.0003160654709749676
categorical__Extent of damage_i) 45.82 hectare crop land flooded. ii) Damage to 661 houses reported. iii) Several trees/electric poles uprooted causing disruption in vehicular traffic & power supply.,0.00031412127299736977
categorical__Extent of damage_i) Several people affected ii) Low lying areas flooded. iii) Many trees uprooted. iv) Rail/road traffic disrupted. ,0.0003141143213714418
categorical__Extent of damage_Massive Landslide,0.0003134593135854171
"categorical__Extent of damage_i)29,559 people in 106 villages affected ii)5,652 hectares of land area,2,542 hectares of cropped area submerged iii)3 houses partially damaged",0.0003125585515408961
categorical__Extent of damage_i)Twelve villages in Alwar district marooned ii)7 dams breached,0.00031075433332929933
"categorical__Extent of damage_i) About 100 trees uprooted. ii) Roofs of houses blown away. iii) Banana,Papaya plantations damaged. iv) Walls of few houses collapsed.. v) Some vehicles swept away. ",0.0003106150253100385
"categorical__Extent of damage_2,000 families evacuated",0.0003101787360803783
"categorical__Extent of damage_i) Extensive damage to Rice, Cotton, Soyabean, Tur, Groundnut, Sugarcane, Pomegranates,,Vegetable crops reported. ii) Damage to 87,416 hectares of cropland (Pune -18746, Satara - 1420, Sangli - 8276, Solapur - 58581, Kolhapr - 393) reported. iii) Damage to more than 2,300 houses in Solapur, Sangli, Satara,,Pune districts reported. iv) Extensive damage to old hemadpanthi temple of Lord Shiva named as Sangameshwar mandir in Patoda is a tehsil of Beed Dist. reported. v) Extensive damage to roads in Karul Ghat (Gaganbawada) reported, due to which it was closed. 40,036 people shifted to safer places from Pune Dist. vi) Extensive damage reported from Solapur Dist. vii) More than 21,000 people shifted to safer places.",0.0003100655337889615
"categorical__Extent of damage_i)10.2 lakh people in 1,100 villages affected ii)Standing crop in 94,000 hectares of land damaged iii)Vehicular traffic between Cuttack-Paradip, Bhubaneshwar-Banki,Jharsuguda-Sundergarh completely disrupted",0.00029808554308633053
"categorical__Extent of damage_1455 hectares of land inundated, 100 villages affected, vast areas inundated",0.00029736924206663477
"categorical__Extent of damage_i)Jorhat,Lakhimpur district worst affected ii)1.4 lakh people in 233 villages affected",0.0002967255790948977
"categorical__Extent of damage_786 houses completely,4,177 partially damaged , 14,988 houses completely,46,185 partially damaged",0.0002965938546924139
categorical__Extent of damage_Landslide,0.0002930473452140427
"categorical__Extent of damage_i)Normal life completely paralysed in,a round Nagpur city ii)Power supply in Nagpur city cut off",0.0002913232797852066
categorical__Main Cause_moderate(berna),0.0002899275902860791
categorical__Extent of damage_600 houses damaged,0.0002892005133357591
"categorical__Extent of damage_i)1 lakh people in 200 villages affected. The worst affected districts were Dhubri, Goalpara,Lakhimpur ii)In Dhubri district 140 villages badly affected iii)More than 50 houses washed away iv)Standing paddy,jute crop damaged v)Road communication completely disrupted",0.00028898983990909883
categorical__Extent of damage_i)95 villages affected ii)Large area of crop land inundated damaging standing crop iii)One railway bridge washed away disrupting railway services,0.0002884500277363132
"categorical__Extent of damage_Several trees/electric poles uprooted causing disruption in telecommunication services, vehicular traffic,power supply",0.00028767186650828833
"categorical__Extent of damage_1500 people evacuated from Mumbai,550 from Ratnagiri.",0.0002862938856105721
"categorical__Extent of damage_i)Atleast 10 buildings collapsed,500 houses fully,300 partially damaged due to landslides ii)10,000 families rendered homeless iii)Relief camps set up,para-military forces employed for rescue work iv)Loss of property estimated as Rs. 100 crores reported",0.00028627296014979123
categorical__Extent of damage_One 5 storeyed hotel (Shere Punjab razed to ground,0.00028367007492114245
categorical__Extent of damage_Traffic disrupted due to waterlogging,0.0002828275172243698
"categorical__Extent of damage_i) 25 shops,hundreds of houses flooded ii) 4 vehicles damaged,many submerged. iii) 10 massive trees uprooted. iv) One house collapsed.",0.00028280162707284597
categorical__Extent of damage_13 villages inundated,0.00028209369409125466
categorical__Extent of damage_i) Damage to Kharif crops reported. ii) Damage to many houses reported. iii) Damage to many vehicles reported. iv) A bridge washed away in Bijapur Dist. v) More than 153 electric poles & more than 300 trees uprooted causing disruption in vehicular traffic & power supply.,0.00028094685215599075
"categorical__Extent of damage_i)10 villages marooned ii)Several houses collapsed in Yadagiri, Shahpur,Afzlpur villages in  Kalaburagi iii)Vehicular traffic disrupted iv)Telecommunication system badly affected",0.0002808938037949494
categorical__Extent of damage_i)Vast areas inundated ii)The entire Gyansu village situated on the banks of Bhagirathi river destroyed,0.00028029559689400624
categorical__Extent of damage_All the low lying areas in Pune city inundated,0.0002801634948219681
"categorical__Extent of damage_i) Trees/poles uprooted. ii) Rail/road/air traffic disrupted. iii) Roads,houses submerged. ",0.00027632877590903104
"categorical__Extent of damage_i)18 lakh people affected ii)Many low lying areas submerged iii)500 houses collapsed iv)Thousands of electricity poles,transformers damaged v)Several trees uprooted causing complete disruption of vehicular traffic",0.00027487946004735796
"categorical__Extent of damage_i)6 villages affected ii)40 hectares of agricultural land submerged iii)96 houses completely,146 partially collapsed",0.00027373651594872944
"categorical__Extent of damage_i)5 lakh people affected ii)1 lakh people rendered homeless iii)15,000 Kachchha houses collpased iv)1000 sq. km. area submerged under flood water",0.0002736009056493184
"categorical__Extent of damage_i)3,000 families in 12 villages marooned (Mangaldai,Udalguri sub-division worst affected) ii)Several houses swept away because of erosion in the river banks iii)Raod/rail communication disrupted",0.0002732860505281399
categorical__Extent of damage_i) Extensive damage to huge amount of standing crops reported. ii) At least 15 villages inundated. ,0.00027280875401689393
categorical__Main Cause_cloudburst,0.00027246921791048757
"categorical__Extent of damage_i)Extensive damage to Wheat, Gram, Masur,Mustard etc, Rabbi crops,all types of vegetables (near about 50 to 70% for all districts reported ii)Damage to 4,964 houses reproted",0.0002718540683218919
"categorical__Extent of damage_(i) 2 major, 8 medium,40  minor irrigation dams breached, 5 lakes overflown (ii) People staying on thye banks of godavari( at Nanded) became homeless (iii) Dhar village destroyed(v) Agriculture goods worth thousands of rupees in Rahuri market destroyed as roads flooded (vi) Kharif crops damaged",0.00027101339345153683
categorical__Main Cause_nandadevi glacier breaks off at joshimath,0.00027089990727733915
"categorical__Extent of damage_i)50 hectares of land burried under the debris as huge mass of rock,earth crushing down from the hill on 2nd ii)80 houses destroyed in Kelpatta,Vengapally iii)Plantation crop in 41 hectares submerged in Mundakayil estate",0.0002692440850719735
"categorical__Extent of damage_i)9.9 lakhs people afeected ii)The loss of crop houses,public utility estimated to be worth several lakhs of rupees",0.0002677083094216276
"categorical__Extent of damage_i)Several thousand persons affected ii)2,000 acres of paddy field submerged",0.0002674224017101083
"categorical__Extent of damage_i)Heavy damage to 'Salal Hydro-electric Project' situated 116 km from Jammu reported. Flood water entered the power house submerging machinery,other material ii)Traffic on Jammu-Srinagar national highway blocked due to heavy landslides near Bali nullah, about 75 km from Jammu",0.00026724889081378535
categorical__Extent of damage_i)Damage to crops reported ii)Damage to several houses reported,0.00026720341518654257
"categorical__Extent of damage_Low lying areas,crop land inundated.",0.0002670825209365977
"categorical__Extent of damage_i)70 bunds washed away in Sangamner taluka ii)Paddy crop suffered heavy loss , i)City life completely paralysed ii)19 hutmens damaged iii)Road, railway,air traffic completely disrupted",0.00026523002711720636
categorical__Extent of damage_14 & 15 July,0.0002647345556413627
categorical__Extent of damage_i)About 100 houses collapsed. ii)Jaswant Sagar bund breached. ,0.0002627181994976479
categorical__Extent of damage_825 huts in 28 villages damaged.,0.00026256415474547155
categorical__Extent of damage_17 houses swept away,0.0002621399173620088
"categorical__Extent of damage_(i)46751 hectares of cropped area in 239 villages with a population of about 50,000 affected (ii)7125 houses damaged (iii)Loass to property,crops estimatd at Rs. 30 lakhs",0.00026156668808469574
"categorical__Extent of damage_30 houses,one school building collapsed",0.00026011787212500565
"categorical__Extent of damage_(i)Landslides reported (ii)Large number of houses destroyed (iii) Army employed for rescue work (iv) Rescue work hampered due to rains,bad light",0.0002590096855534639
categorical__Extent of damage_200 people rescued from Narla village,0.0002570304947989203
"categorical__Extent of damage_i)Heavy loss of property from Mahesana district reported ii)6  houses collapsed iii)A car swept away on Ahmadabad-Delhi National highway near Mahesana iv)Railway,road traffic disrupted",0.0002557199658785644
categorical__Extent of damage_i)Several houses damaged ii)Extensive damage to paddy crop reported,0.0002543972619141165
"categorical__Extent of damage_i)Flood water submerged 4,000 hectares of land,marooned a village in Sirsa district ii)In Faridabad district 10,000 people,5,000 people in Sonipat district evacuated to safer place iii)Khaif crops completely damaged iv)6 tonnes of food grains,1,80,000 tonnes of Cotton damaged",0.0002536072319510399
"categorical__Extent of damage_i)170 villages marooned. Low lying areas flooded 150 families shifted to safer places ii)Vehicular traffic completely disrupted iii)Several villages remained cut off from district head quarter iv)A ambassador car washed away in flooded Kadvi river v)1,200 houses,other structures damaged vi)Paddy,groundnut crop extensively damaged",0.0002520273202504018
"categorical__Main Cause_heavy rains, severe",0.00025196561530843836
categorical__Main Cause_flood (janji river),0.0002518013440079861
"categorical__Extent of damage_i) Landslide reported. ii) One truck,5 water mills washed away, iii) Damage to industrial finished goods,household items reported. iv) Several houses collapsed. v) Damage to standing crops of Peas,80 Bighas reported. vi) Hundreds of tourists stranded on Hindustan-Tibet road.",0.0002510843689813807
categorical__Extent of damage_i)Several roads closed ii)Many trains diverted iii)Many places in Ajmer district submerged,0.000250843588146642
"categorical__Extent of damage_(i)Normal life, telecommunication,electricity system paralysed (ii)Many breaches on the highways (iii)A newly built culvert washed away (iv)Many number of houses collapsed in Hathi Duba colony",0.0002501007375936676
"categorical__Extent of damage_Alappuzha: i) One house washed away,several houses inundated. ii) About 1.8 lakh people shifted to 183 relief camps. iii) Damage to 1600 acres of agricultural crops reported. Ernakulam: i) Kothamangalam town,Kochi airport runway flooded. ii) Landslide at Blavana Pooyamkutty road reported. iii) About 14,043 people shifted to 121 relief camps. iv) Manikandanchal bridge, Mahadeva temple submerged in Aluva. Idukki: i) About 10 shops buried in landslide. ii) Few houses,buildings collapsed. iii) 240 people shifted to 5 relief camps. iv) Landslide reported near Kulamavu,around 4 acres of land washed away. v) A hill caved down around 600 feet causing damage to agricultural crops. vi) Land caved in,roads blocked causing  road traffic disruption.   ",0.00024745684018063504
"categorical__Extent of damage_i)70,000 people in 150 villages of Dhemaji district affected ii)In Jorhat town, several Govt. Offices,Educational Institutions submerged iii)Wooden bridge over national highway No. 52 wahed away iv)Road communication between Dhemaji,rest of the country completely cut off",0.00024652272971431154
"categorical__Extent of damage_i) Extensive damage to paddy,other standing crops in about 2.83 lakh hectares of land reported. ii) Damage to public property reported. iii) Low lying areas submerged. ",0.0002456829948103072
"categorical__Extent of damage_i)2.15 lakh people affected,thousands became homeless ii)Extensive damage to property,agriculture reported",0.0002449174791727636
categorical__Extent of damage_i)Several houses collapsed ii)Chamba district completely cut off following landslides on the Pathankot-Chamba highway,0.00024385965205092568
"categorical__Extent of damage_i)22 houses collapsed. ii)Bridge on Tahley,Sangdihi rivers washed away. ",0.00024371058432680226
categorical__Extent of damage_Damage to several dwelling houses reported. ,0.00024263857630423108
"categorical__Extent of damage_(i) 19 villages affected. (ii) 11,576 houses damaged. (iii) 7 dams breached.",0.00024169350759553602
"categorical__Extent of damage_i)Flood water inundated vast area of Saharsa,Khagaria district ii)In Khagaria 75,000 people affected,400 families shifted to safer places iii)100 metre long stretch of left embankment of Mahananda near Govindpur, sank iv)Embankment of Ganga,Kosi suffered heavy erosion v)In Katihar district Govt. offices remained closed vi)8 wooden bridges on Katihar-Pranpur,Barsoi-Balrampur damaged vii)Katihar-Kadwa road cut-off for 4 consecutive days",0.00024130996208965305
categorical__Extent of damage_i)309 villages flooded ii)Thousands of acres of paddy crop washed away iii)maize crop in 19 cillages destroyed,0.00024101613144466566
categorical__Extent of damage_i)Rohtang Pass completely closed ii)Life in Northern region paralysed,0.0002402313585266718
"categorical__Extent of damage_i)700 mud houses collapsed ii)1,000 mud houses inundated in Egra, Paniparul,Patashpur blocks",0.0002398496610767604
categorical__Extent of damage_i)Normal life disrupted ii)Railway communication disrupted iii)Waterlogging at many places reported iv)Business in flower/vegetable/fruit markey affected v)3 cars crushed under a wall collpased at Worli vi)A few trees uprooted,0.00023980966786024658
categorical__Extent of damage_Thousands of Pilgrims stranded,0.0002392089011348971
"categorical__Extent of damage_i)Few trucks/buses swept away ii)Several houses collapsed iii)Damage to property/ crops/ animals,agricultural equipments run into several lakh of rupees",0.00023856503243275965
categorical__Main Cause_heavy rains / floods,0.00023775078761834175
categorical__Extent of damage_i) Landslide reported. ii) Road/electricity / telephone services disrupted. ,0.00023683657026106684
"categorical__Extent of damage_i) Damage to bajara crops, vegetables,sugarcane in 150 acres of land reported. ii) Electric supply disrupted. ",0.000236664607670347
"categorical__Extent of damage_i)Loss to crop, houses,public utilities estimated worth rupees several lakhs ii)40% of the standing paddy crop in Ganjam district damaged iii)National highway No. 5 cut off at two places iv)500 Kachchha houses near Chilka lake damaged",0.00023402580793956024
"categorical__Extent of damage_(i)Landslide reported (ii)Some of the roads reportedly developed large cracks. NH 31 A became completely inaccessible, Kalimpong,Sikkim cutt off from the rest of the country (iii)The hill resorts ; Darjiling,Mirik cut off from the rest of the state stranding hundreds of tourists (iv) 1 under construction bridge collapsed (v) Nearly 50 houses damaged",0.00023365073897325538
"categorical__Extent of damage_i)1 house collapsed ii)Chandora dam damaged,Sapana dam breached",0.00023297055508603726
"categorical__Extent of damage_Ernakulam : i) Flight service disrupted as CIAL Kochi runway flooded. ii) Air port shutdown for 2 days. iii) 115 relief camps opened. Idukki : i) Damage to agricultural crops reported. ii) Damage to houses reported. iii) Damage to roads reported. iv) Power supply & mobile services disrupted. Kannur : i) Houses inundated. ii) 6,221 persons shifted to relief camps Malappuram : i) Landslide reported. ii) More than 30 houses including 48 persons of 19 family caved in. iii) 1200 persons shifted to 82 relief camps. iv) Communication,power supply disrupted. Palakkad : i) Damage to agricultural crops reported. ii) Damage to houses reported. iii) 44 relief camps opened. Thiruvananthapuram : i) Damage to agriculture crops reported. ii) Damage to about 200 houses reported. iii) Damage to an autorikshaw reported. iv) 19 persons shifted to relief camps. v) Several trees including Tamarind & Rubber trees, electric / telephone poles uprooted causing disruption in communication,power supply.  Thrissur : 6,473 persons shifted to 91 relief camps. Wayanad : i) Damage to more than 100 acres of tea plants reported. ii) Damage to several buildings & a temple reported.",0.00023208196702613842
"categorical__Extent of damage_i)16 lakhs people affected ii)The loss of houses,public property estimated to be worth Rs. 20 crore",0.00023099811251934735
"categorical__Extent of damage_i)32,641 hectares of land affected ii)Population affected 92,332 iii)Road communication disrupted iv)Relief camps opened to provide succour to the affected people",0.00023029797819456286
categorical__Extent of damage_i) Damage to 812562.38 hectares of cropland reported. ii) Damage to 24573 houses reported. iii) The old bridge collapsed in Belagavi districts.,0.00022943523543598896
categorical__Main Cause_severe floods in rivulets,0.00022843687804259937
"categorical__Extent of damage_i)Several houses collapsed ii)Agriculture crop,the property worth Rs. 100 crores destroyed",0.00022737312484765265
"categorical__Main Cause_heavy rains  & flood (brahmaputra,tributaries)",0.00022701672848461307
"categorical__Extent of damage_i)Manny people rendered homeless ii)Hundreds of mud houses razed to the ground iii)In Gunjam, 200 villages inundated,thousand,thousands of people marooned iv)Road link between all southern districts disrupted due to the brwaches on National highway at Hama,Ichhapur at Bhubaneswar v)Extensive damage to crops reported",0.00022579354467417893
"categorical__Extent of damage_i)Many trees uprooted ii)Roofs of many houses blown off, 150 houses damaged iii)Overhead powerlines snapped",0.00022560122664932105
"categorical__Extent of damage_(i)Rail tracks,low lying areas remained submerged (ii)Many hutments colonies /Slum dwellers badly hit (iii)7 buildings collapsed (iv)Hundreds of residents of a new housing colony worst suffered",0.00022464475306276154
"categorical__Extent of damage_i)1,500 huts damaged ii)6,500 people rendered homeless iii)Loss estimated to property Rs. 3 lakhs",0.00022392870856039918
"categorical__Extent of damage_(i) Landslide reported in Bellary, Uttara Kannada,Dakshina Kannada dist. Landslides at Yellapura on Kanwar-Bellary highwway(Near Arebaylghatta), heavily suffered 50 hectares of forest area (ii)More than 50 houses partially,a few houses completely collapsed, 4 buildings, 49 panchayats area roads,2 big drainages damaged. 5 cow sheds also collpased (iii) 1 bridge collapsed in Surincge village (Dakshina Kannada ) (iv) Arecanut,coccnut trees in 50 acres uprooted",0.00022186765548048266
"categorical__Extent of damage_(i)Wet crop over 33,000 acres,dry crop over 73,000 acres damaged (ii)83 minor,medium irrigation sources completely breached (iv)6000 houses collapsed (v) Loss due to damages of roads in Karimnagar town municipal area estimated to be Rs.100 lakh, while loss to Panchayat Raj estimated to be Rs. 350 lakh (vi)Loss to Electricity Board Rs. 15 Lakh, to Roads,Buildings Rs. 65.84 lakhs,to Irrigation System Rs.111.12 Lakh Total loss estimated about Rs. 20 Crore",0.00022162216288882018
"categorical__Main Cause_severe flood, heavy rains",0.0002207442479271662
categorical__Extent of damage_Standing crop worth Rs. 5 crores damaged,0.00021972734531056114
"categorical__Extent of damage_i)In Saran,Vaishali districts 3 lakh people affected. In Vaishali district flood water of Ganga submerged 130 villages in 5 blocks ii)In Saharsa district the turbulent Kosi river inundated more than 80 villages, 20 villages under Nauhatla block worst affected iii)Crop worth Rs. 1 crore damaged iv)3 km. long stretch of Sonpur-Chapra main road submerged under flood water, disrupting vehicular traffic v)Kosi river breached its eastern embankment submerging approachable road,1 km stretch of rail track",0.000219358672027383
"categorical__Extent of damage_i) Extensive damage to Soyabean, Jawar, Millet, Corn, Rice, Termeric, Onion, Tur, Mug, Udad, Cotton, Sugarcane, Grapes, Banana, Betel nut & vegetable crops reported. ii) Damage to many houses, compound wall & vehicles reported. iii) Traffic disrupted on National Highways also.",0.00021933049984642155
categorical__Extent of damage_Loss estimated to worth Rs. 56 lakh,0.00021883355606571505
"categorical__Extent of damage_i)601 villages affected ii)3.5 lakh population affected iii)25,000 hectares of crop-land flooded iv)Road/railway links disrupted v)More than 2,000 families became homeless in Dhubri,Golaghat districts due to erosion by Brahmaputra,its tributary, Dayang",0.00021851864734049532
"categorical__Extent of damage_Damage to Mango, Maize crops reported.",0.00021832554585176037
"categorical__Extent of damage_i)200 villages affected ii)Crops in 80,000 hectares lost,especially paddy,fodder crops destroyed iii)Hundreds of dwelling houses washed away iv)Several important roads inundated at many points v)Electric installations damaged extensuively vi)Estimated loss to crops/public works,property Rs.20 crores/40 crores respectively",0.00021690743614907447
"categorical__Extent of damage_(i)317 houses,11 Govt buildings completely damaged (ii)A car was severely damaged due to uprooting of a tree (iii)318 electric poles uprooted",0.0002160589375278275
"categorical__Extent of damage_Rain services,vehicular traffic disrupted",0.0002147445906879868
"categorical__Extent of damage_i)100 hectares of standing jute,paddy crop submerged ii)1000 people shifted to safer place iii)Sonitpur power-station colony submerged under flood water",0.00021407195166136126
"categorical__Extent of damage_i)Dapoli town cut off ii)Flood watr entered Chiplum, Khed,Sangameshwar towns",0.00021336875092747953
"categorical__Extent of damage_i)Severe damage to paddy crops in several hectares ii)Low lying areas flooded iii)Many huts washed away iv)Severe damage to houses v)A large number of families rendered homeless,and evacuated to safer places vi)Roads damaged at several points",0.00021275217105223019
"categorical__Extent of damage_2.10 lakhs hectares,2.05 lakhs population affected, 2,000 families affected, Jute,paddy crops ever 0.19 lakhs hectares damaged",0.00021245434691669613
"categorical__Extent of damage_i)30,000 hectares of paddy field in 400 villages submerged under flood water ii)500 houses inundated iii)Cachar,Karimganj district cut off from rest of the state as Jowai-Bedarpur section of National Highway No. 44 closed down due to landslide ne Sonapur iv)Rail communication to these districts disruted following collapse of two railway bridges on Lumding-Badarpur metre-gauge section of Northeast Frontier Railway v)Road traffic to Tripura closed as Assam-West Tripura road submerged by flood water at several places near Patharkandi",0.00021220146794560704
"categorical__Extent of damage_i)State capital cut off from all the important towns ii)The road connecting to Indore, Gwalior,Sagar,Jabalpur submerged under water disrupting vehicular traffic , i)Vidisha town cut off from Sironj,Vadodara,Sagar,Gyaraspur ii)Betwa bridge near Vidisha submerged under 0.6 metre of water",0.0002117315890927314
categorical__Extent of damage_Large number of houses washed away,0.00021083684417926013
categorical__Extent of damage_i)In Medinipur 1000 villages submerged ii)3 lakh people affected iii)In Murshidabad 150 houses at Akheriganj villages collapsed iv)250 metre long pacca road washed away v)30 percent of standing crop damaged,0.0002094521205504429
categorical__Main Cause_heavy rains (cloud burst),0.00020875860598359468
categorical__Extent of damage_400 houses razed to ground,0.000208436516711263
categorical__Extent of damage_i)Damage to crops reported ii)Damage to many houses reported,0.00020794801577550624
"categorical__Extent of damage_i)240 villages inundated ii)Standing Sali crop,another 600 bighas of crop area damaged iii)Road communication between Dhemaji-Silapathar disrupted",0.00020775888500526842
"categorical__Extent of damage_i)Extensive damage to several houses, shops, school buldings, Govt. offices,hospitals in the Iritty town of Kannur reported. ii) About 300 houses inundated in Kannur. iii) 2 pumping stations of Kerala Water Authority flooded causing damage to crops. iv) Total loss worth about 3 crores rupees estimated excluding damage to crops.v) Number of houses completely/partially damaged,about 100 persons shifted to safer places. vi) Disruption in traffic,power supply  reported. vii) 2 bridges connecting the region to Kuttiyadi,Mananthavady submerged. ",0.0002077365933231703
categorical__Extent of damage_i)Several houses collapsed ii)Large number of irrigation tanks breached,0.00020751485439590318
"categorical__Extent of damage_(i)154 villages affected (ii)About 10770 people evacuated to safer places (iii)2150 houses damaged, loss of property estimated to be worth Rs. 320 lakh(iv)Crop in 1,67,930 acres flooded (v) 600 metre rail line between Mudkhed-Adilabad, breached",0.00020742098637798487
categorical__Extent of damage_Damage to several houses reported.,0.00020688346144653036
"categorical__Main Cause_severe flood (noona, tributaries of brahmaputra)",0.00020658923997152805
categorical__Extent of damage_(i)Thousands of acres of crop inundated (ii)Hundreds of houses flattened,0.00020570602665386886
categorical__Extent of damage_(i)50 houses washed away (ii)Standing crops in 162 hectares in Pawani villages severely damaged,0.00020546580101938266
categorical__Extent of damage_i)Trees/electricity/telephone lines uprooted ii)Damage to many houses reported,0.0002044944732772314
categorical__Extent of damage_Damage to 25 houses reported.,0.00020432163222100334
"categorical__Extent of damage_Badly affected, There was extensive damage to standing paddy crops, There was breaches in the bunds of canals,people were rvacuated to places of safety. Agricultural operations came to a standstill. In Calicut district, landsldies, had occured in South Wayanad, In the high ranages landslides followed by heavy down pour had damaged, paddy, pepper,tuber crops ",0.00020424885878067534
"categorical__Extent of damage_(i) 5.5 lakh people affected. (ii) 12,000 mud houses in Murshidabad (iii) In Medinipur district, 21 villages inundated. ",0.00020401965153745775
categorical__Extent of damage_(i)Many trees uprooted (ii)Large number of houses/huts collapsed (iii)Cable lines snapped at some places (iv)Some vehicles damaged (v)Standing cropdamaged (vi)Canals breached at some  points (vii)Some portion of roads washed away affecting road transport,0.0002036158605495087
"categorical__Extent of damage_i)Landslides reported ii)Widespread damage to property,agriculture reported",0.00020255542318601497
categorical__Main Cause_heavy rains(massive landslide),0.00020253476846184663
categorical__Extent of damage_(i)Widespread damage to plantain in Mancompu reported (ii)130 houses completely damaged (iii)166 families shifted to relief camp,0.00020202510045239157
categorical__Extent of damage_i)Aurangabad district worst affected; 82 school building damaged ii)Low lying area flooded iii)Total damage estimated worth Rs. 11 lakhs,0.00020171156698461367
categorical__Extent of damage_i) Damage to crops reported. ii) Many houses damaged. iii) Several trees/electric poles uprooted causing disruption in vehicular traffic & power supply.,0.00020107144416973632
"categorical__Main Cause_heavy rains,floods",0.00020032571163644062
"categorical__Extent of damage_i)100 villages badly affected ii)5,000 houses damaged iii)Cotton crop in thousands of acres of land damaged",0.00019988434646304713
"categorical__Extent of damage_i)About 4.25 lakh people affected ii)About 10,000 people shifted to safer places iii)About 950 houses damaged ",0.0001998390928860447
"categorical__Main Cause_severe flood (brahmaputra,its tributaries)",0.0001994802289243851
"categorical__Extent of damage_i)300 villages,1 lakh people in Gorakhpur district marooned ii)Basti town cut off from the rest of the state due to breaches in bridge on river Kiwano",0.0001992961029934164
"categorical__Extent of damage_4,069 houses. collapsed,11,488 houses damaged. ",0.00019914785093785967
"categorical__Extent of damage_i)Extensive damage to 280 hectares of paddy field reported ii)Damage to several houses reported iii)Several trees/electric poles uprooted causing disruption in vehicular traffic,power supply",0.00019813452182032297
"categorical__Extent of damage_i)In Chikkaballapura district, 12 houses collapsed. A private bus capsized in flood waters. A school building collapsed at Lingadahalli village, 60 km from Chikkaballapura town ii)Flood water of Tunga river inundated Shivamogga-Thirthahalli road at Mandagadde village by 3 feet. Vehicular traffic completely disrupted iii)Vehicular traffic on the national highway between Bengaluru Rural,Mangalore suspended due to landslide",0.00019764275491138028
"categorical__Extent of damage_i)City life completely paralysed ii)66 trees uprooted iii)Train services for suburban,long distance disrupted both on central,western railway iv)Electric supply switched off in several areas due to short circuit v)Mumbai International Airport closed for 16 hours on 9th",0.0001975937074869946
"categorical__Extent of damage_(i) Landslides reported (ii) 50 persons missing from Pithoragarh (iii) Several houses collapsed in the villages of Udete, Siyalgarh, Kota,Churouti",0.00019741685049674124
"categorical__Extent of damage_i)Severe sea erosion in coastal areas ii)Many fishing crafts,nets destroyed iii)Several coconut trees uprooted iv)Several houses partially/completely damaged v)Nearly 1000 huts washed away",0.00019705069488682608
categorical__Extent of damage_300 km. long Jammu-Srinagar national highway closed for vehicular traffic due to mud slide.,0.0001966883177081257
"categorical__Extent of damage_i)In Medinipur district 384 villages having population of 2,91,000 people affected. 12,000 people affected. 12,000 people marooned 6,000 houses collpased ii)In Burdwan district 1,60,000 people in 189 villages affected. 3,900 houses collapsed iii)In Nadia district 6,50,000 people in 938 villages affected. 13,247 persons marooned iv)In Hugli district 1,25,000 people affected. 2,400 houses collapsed v)In Howrah districts, 1,00,000 people in 40 villages affected vi)In Birbhum 746 houses collapsed vii)In Murshidabad district massive soil erosion occured along Ganga at Akhirganj  ",0.00019644530252609533
"categorical__Extent of damage_i)Property worth Rs. 2.5 crores lost in Mandi district ii)Tribal Bharmaur in Chamba district,parts of Kinnaur district cut-off from rest of the country iii)Mandi-Kataul bridge,sholding bridge on Hindusthan-Tibet National Highway washed away iv)Road communication disrupted due to landslide at several places",0.00019578876325193267
categorical__Extent of damage_Damage to crops reported,0.0001954157478072912
categorical__Extent of damage_Damage to crops reported.,0.000195081233815038
"categorical__Main Cause_torential rain,heavy floods",0.00019444740322218932
"categorical__Extent of damage_(i) 1.33 lakh people in Jlpaiguri affected (ii) Loss of property,agriculture reported",0.00019380366967144537
categorical__Extent of damage_Several houses inundated.,0.00019320373556400733
"categorical__Extent of damage_Train services between Margharita,Ledo stations disrupted. Road,telecommunication disrupted in Lower Assam, about 2 lakhs people affected, 7,000 hectares of land submerged. Jute,paddy crops damaged",0.0001928084087022983
"categorical__Main Cause_severe flood (brahmaputra,tributaries)",0.00019250536566534947
categorical__Extent of damage_Many people affected.,0.0001922612986942845
"categorical__Extent of damage_Chennai, Nilgiris,Coimbatore districts were affected by floods",0.00019223265234420459
categorical__Extent of damage_7 building collapsed,0.00019174709217381421
"categorical__Main Cause_severe floods, heavy rains",0.00019131823307105505
"categorical__Extent of damage_i)Normal life disrupted ii)Several roads flooded iii)Jal Nigam office flooded iv)28 villages in Tamkuhiraj tehsil, 16 villages in Amawakhas region,22 villages in Pipra Ghat inundated v)Standing crop in upper region,especially sugarcane in low lying areas completely destroyed",0.00019127434271030372
categorical__Extent of damage_i) Landslide reported. ii) Few houses collapsed. iii) Rail service disrupted. ,0.00019121291479455856
"categorical__Extent of damage_i)About 5 million people affected ii)50,000 people in Khagaria district,4 lakhs people in 350 villages in Nalanda district affected iii)1 lakh people in Patna district marooned iv)35 km Pipra-Piprasi embankment seriously damaged affecting 1.2 lakh people in Pashchim Champaran district v)Extensive damaged to paddy seedlings reported vi)Road,telecommunication links completely disrupted",0.00019117240680307149
"categorical__Extent of damage_Affected areas cut-off from rest of the country due to landslides,damaging of bridges",0.00019085856565086555
"categorical__Extent of damage_2 major highways overtopped resulting in disruption of Trafic. National Highway linking Silchar with West Tripura,Hailakandi closed for traffic. Traffic also closed fir six other important roads",0.0001906331767524474
categorical__Extent of damage_i)Torrential rain caused worst landslides ii)Dhemaji cut off from other parts of the country,0.00019010624001438158
categorical__Extent of damage_i) Damage to crops reported. ii) Damage to many houses reported. iii) Damage to Express way reported.,0.0001901034693052583
"categorical__Extent of damage_i) Low lying areas flooded. ii) Trees/poles uprooted causing vehicular,traffic disruption. ",0.00018978965176931617
"categorical__Main Cause_heavy rain, landslides & floods",0.00018964819772850685
"categorical__Extent of damage_i)Vast stretch of Paddy field flooded ii)Vehicular traffic between Chikkaballapura,Shivamogga disrupted",0.0001881523046639436
"categorical__Extent of damage_i)2,89,788 population affected ii)Extensive damage to 174 villages reported iii)Damage to cropland of area 18,060 hectares reported",0.00018780959410002646
"categorical__Extent of damage_i)Chennai recorded 35 cm of rainfall in a single day which is a record of last 100 years ii)More than 2,000 people in Chennai rescued,shifted to safer place iii)Train services on Chennai-Bengaluru Rural,Chennai-Vijayawada sector disrupted",0.00018757258952851536
"categorical__Extent of damage_(i) 6,30,822 people in 894 villages affected. (ii) 1,388 houscs damaged. (iii) 1,51,681 hectares of land area,43,019 hectares of cropped area flooded. ",0.00018701162396766327
categorical__Main Cause_heavy rains & floods in krishna & its tributaries,0.0001866882656788958
categorical__Extent of damage_i) Damage to crops reported. ii) Damage to 184 houses reported.,0.00018653806011412164
categorical__Extent of damage_i)Vehicular traffic affected by landslides in ghat roads ii)40 huts submerged iii)Extensive damage to property,0.00018646435365163617
categorical__Extent of damage_i)150 houses badly damaged ii)Telephone services disrupted,0.00018642287371977578
"categorical__Extent of damage_(i) Hundreds of houses damaged, residential areas flooded. (ii) Road Traffic on Shivpur-Gwalior disrupted",0.00018531138888026476
categorical__Extent of damage_i) A triggered series of landslides reported. ii) Many kachcha houses washed away. iii) Nearly 30km of highway in North  District along Lachen river washed away. iv) Low lying areas flooded. ,0.00018507693405772307
"categorical__Extent of damage_i) Railway bridge,50 houses washed away. ii) Trees uprooted.",0.00018498400156903523
"categorical__Main Cause_severe flood (ganga,its tributaries)",0.00018487667596531418
"categorical__Extent of damage_Many houses,crops damaged.",0.00018479929354663904
"categorical__Extent of damage_i) Damage to the crops in 11,000 ha. cropland reported. ii) Baitarani river breached its embankment. iii) Damage to many houses reported. iv) About 10,000 people were evacuated,moved to safer places. v) Gushing waters have washed roads while disrupting public transport in many places. ",0.00018464475311617912
categorical__Main Cause_heavy rains & heavy rains &,0.00018369340878172886
categorical__Extent of damage_(i) Landslides reported (ii) 26 houses damaged,0.0001835721922060858
categorical__Extent of damage_7 houses collapsed,0.00018354198207463002
categorical__Extent of damage_i)Landslide reported at many places. ii)7 bridges washed away. ,0.0001824258417390065
"categorical__Extent of damage_i)National Highway No. 44 washed away ii)Forest plantation affected iii)70,000 bighas cf land submerged",0.00018198094234239806
"categorical__Extent of damage_i) About 4,320 marooned people have been safely evacuated from the worst hit district Kodagu. ii) Damage to several houses reported. Many people shifted to relief camps. iii) About 60 Dogra Regiment soldiers,12 expert naval divers rescued 873 marooned people in the flood-hit district. iv) Schools,colleges have remained closed. v) Roads severely damaged, leaving communities isolated.",0.00018113059655649224
"categorical__Extent of damage_i)2,000 acres of paddy fields submerged ii)Damage to 900 acres of Banana crops reported iii)Power generation stopped as the mines flooded in Cuddalore District iv)Damage to 45 thatched houses reported",0.000180451846467946
categorical__Main Cause_floods due to heavy rains in nepal,0.00017901849456721018
"categorical__Extent of damage_i) Many houses damaged. ii) 18,000 acres of paddy crop flooded.",0.00017895256276097082
categorical__Extent of damage_i) Landslide reported. ii) Many trees uprooted. iii) Low lying areas flooded. iv) Few houses collapsed.,0.0001782747473013099
"categorical__Extent of damage_i)More than 4 lakh people affected in Baleshwar,Cuttack district ii)Standing crops in large track of low lying riverine areas damaged iii)Many roads either washed away or submerged disrupting vehicular traffic iv)About 1 lakh of people in Cuttack district shifted to safer places",0.00017824712846422125
"categorical__Extent of damage_i)7 villages inundated ii)300 families marooned in Vidavalur village iii)A bridge under construction, connnecting Kaligiri,Sangam washed away iv)Railway traffic along Vijaywada-Guntur section affected ",0.00017703997698484904
categorical__Extent of damage_i)Low lying areas submerged ii)Telephone poles uprooted,0.00017686828585110077
"categorical__Extent of damage_i)Many houses collapsed ii)Vast areas waterlogged, traffic disrupted",0.0001765662177780662
"categorical__Extent of damage_i) Rishikesh-Badrinath national highway,the Rishikesh - Kedarnath National Highway between Sonprayag,Gaurikund, remained cut off. ii) Damage to several bridges across the state reported.",0.00017611260642989808
"categorical__Extent of damage_i) About 1300 houses completely partially damaged. ii) Several trees uprooted,400 electric poles uprooted,12 transformers damaged. iii) 10 villages marooned. ",0.0001760800091330397
"categorical__Extent of damage_Stored grains worth lakhs of rupees were washe daway,it was reported that 40,000 people were rendered homeless",0.00017596874043268273
categorical__Main Cause_torrential rain,0.00017478598712081274
"categorical__Extent of damage_(i) Landslides reported from many places including Rangtang(Kurseong) near Kalimpong (ii)Darjiling- Sikkim road link cut off (iii)Balurghat Town(Dakhsin Dinajpur) inundated, thousands of residents marooned (iv) 1 truck loaded with cement bags washed away in Teesta river (v) Many houses collapsed",0.0001745784121496111
"categorical__Extent of damage_Very heavy rains caused damage to 5,000 houses, 1 lakh people affected, damage to properties worth Rs. 16.75 lakhs",0.00017406919757094596
categorical__Extent of damage_Road traffic dislocated,0.00017330823549368632
"categorical__Extent of damage_55000 people rendered homeless in 300 villages in Manickchalk,Kaliachack area",0.0001732141562359898
"categorical__Extent of damage_i)12,000 people in 17 villages affected ii)2,620 hectares of land area submerged iii)54 houses completely,one-partially damaged",0.0001727075770552292
"categorical__Extent of damage_i) Many houses, road, rail lines damaged. ii) Damage to crops reported.",0.00017168274878853483
"categorical__Extent of damage_(i) Hundreds of apple trees buried due to landslides in Saungari Punnam areas of Uppeer Shimla. Landslides also reported from Kainchi,Bhugoli-Jubbal. (ii) Stamding crops damaged (iii)Many houses severely damaged (iv)Several trees uprooted,treansformers damaged (v) One bridgre on river Giri swept away at Nahan,a 325 m long bridge damaged by swollen Sirsa river. Another bridge in Sirsa-Nalagarh,2 othrs in Chidgaon-Jubbal were washed away (vi)Hindustan-Tibet road,other links in Apple belt blocked. Bus service between Shimla, Solan, Chandigarh remained suspended. NH22 blocked due to landslide in Chora-Kinnaur (vii) Air,train services also disrupted due to bad weather,landslides",0.00017156337261566652
"categorical__Main Cause_flood (brahmaputra,its tributories)",0.00017154667949543018
"categorical__Extent of damage_(i)Landslide reported (ii)3 vehicles washed away (iii)More than 5000 pilgrims stranded as severe damage to road reported near Lambagar (iv) Bad weather hampered rescue,relief work",0.00017144487441743498
categorical__Extent of damage_i)Normal life paralysed ii)Road communication disrupted,0.00017135565650712578
"categorical__Extent of damage_(i) Many trees including that of arecanut,coconut uprooted. Electric poles also fell down (ii)Thungabhadra high level canal breached. Standing crops washed away (iii)Many houses damaged/collapsed (iv)Several roads also reported damaged",0.00017135194455281168
"categorical__Extent of damage_i)A few houses,huts fully,257 houses partially damged ii)Bridges submerged cutting off road link to several villages iii)Ahmadabad,Vadodara flooded t such extent that trapped commuters had to use fire brigade boats",0.0001711177333368638
categorical__Extent of damage_H.Q town North Tripura cut off from rest of the state for 5 days,0.00017096642628034058
categorical__Extent of damage_i) Damage to crops reported. ii) Damage to several houses reported. iii) Several trees/electric poles uprooted causing disruption in vehicular traffic & power supply.,0.00017068298653619707
categorical__Extent of damage_6 houses collapsed,0.00017067638273062514
categorical__Extent of damage_i) Extensive damage to standing crops reported. ii) About 1.5 lakhs of people from nearly 200 villages affected. ,0.0001705142700699726
"categorical__Extent of damage_i)63 villages of Jeypore,Nowrangpur sub-division marooned ii)5000 people affected iii)Several thousand houses either collapsed or damaged iv)16,000 hectares of crop land covered by sand v)3000 villages in Koraput district affected vi)Kisagummuda block along the bank of Indravati river worst affected",0.00017038867234374347
categorical__Extent of damage_15 houses destroyed,0.00017030789768953902
"categorical__Extent of damage_20,000 people shifted to safer places",0.0001702337438485557
"categorical__Extent of damage_i) Damage to several houses reported. ii) 1000 people shifted to safer places from Cuddalore, Thoothukkudi,,Tirunelvelii Dist.",0.00016863836263352104
"categorical__Extent of damage_i) Hundreds of people stranded across the state. ii) The Mandi-Pathankot, the Chamba-Pathankot,the Shimla-Nahan national highways remain closed.",0.0001683106721520481
categorical__Extent of damage_i) Damage to about 180 houses reported. ii) Low-lying areas inundated. iii) Damage to boats reported. iv) Several families shifted to relief camps. v) Transport disrupted due to Landslip in several places in Idukki Dist. vi) Transport disrupted due to water logging in Pathanamthitta Dist.,0.0001679918805711969
categorical__Extent of damage_i) 142000 population of more than 300 villages in 9 districts affected. ii) More than 11500 hectares of Crop land affected. iii) Damage to roads reported.,0.00016693891007440475
categorical__Main Cause_heavy rains & massive landslide,0.00016659973816201857
"categorical__Extent of damage_i)10 villages affected ii)28,207 hectares of land areaand 1,620 hectares of agricultural land submerged",0.00016655836562210838
categorical__Extent of damage_i) Damage to agricultural crops reported. ii) Damage to property reported. iii) Water logging in many areas reported. iv) Many trees/electric poles uprooted causing disruption in vehicular traffic & power supply.,0.0001662887428157811
"categorical__Extent of damage_i)7,35,829 population affected ii)Extensive damage to 1,597 villages reported iii)Damage to cropland of area 1,18,403 hectares reported",0.00016608262291201655
"categorical__Extent of damage_i)Animals from Pabitora wild life sanctuary fled away. ii) Extensive damage to paddy,other crops reported. iii)More than 157 families rendered homeless,about 1.5 lakh people affected. iv) 51,000 hectares of farm land affected. ",0.00016607825362212903
"categorical__Extent of damage_(i)Godavari water flooded parts of Polavarm town (ii)30,000 hectares of sugar cane,paddy crops affeected",0.0001659844015261085
"categorical__Extent of damage_i)A few houses damaged in Khonglaron ii)Large areas of Thoubal inundated, stabding crops damaged",0.00016502849082547554
"categorical__Extent of damage_(i) 4,82,228 population affected (ii) 2,24,973 hectares in1428 villages affected (iii) 49,231 hectares of crop land affected (iv) Road communication of NE India disrupted, District Headquarters cut off for many days.(v) Landslides reported (vi) Many houses damaged",0.00016435766261319672
"categorical__Extent of damage_ALAPPUZHA : i)Extensive damage to Paddy fields,lakhs rupees worth damage to standing crops reported ii)Damage to more than 300 houses,several shops reported iii)102 persons of 29 families shifted to relief camps iv)Loss of worth Rs. 5.3 lakhs estimated v)Several trees/electric poles uprooted causing disruption in vehicular traffic,power supply Ernakulam : i)Damage to 40,450 Banana plantation,1,200 Rubber trees reported ii)Damage to more than 135 houses reported iii)Loss of Rs. 2.5 crore reported iv)Several trees/electric poles uprooted causing disruption in vehicular traffic,power supply IDUKKI : i)Damage to 22.28 hectares of cultivated land reported ii)Damage to 4 houses fully,189 houses partially reported according to official of the District Disaster Management Cell iii)Loss to standing crops estimated Rs. 2.28 crore,houses Rs. 26.62 lakh reproted iv)Dmaage to Edamalakkudy Gram-Panchyat in Munnar forest division reported KASARAGOD : i)Damage to standing crops,some buildings reported ii)Loss worth Rs. 2.67 lakh reproted KOTTAYAM : i)Extensive damage to crops reported ii)Total loss of Rs. 19 lakh reproted iii)Damage to more than 200 houses Kozhikode i)A crop loss on 3.35 hectares reported by district administration ii)Damage to 20 houses fully,more than 160 houses partially reported iii)A big well caved in at Kundamangalam in Kozhikode District PALAKKAD : i)Damage to 12.13 hectares of cultivated land reported ii)LOss of standing crops worth at least Rs. 3 crore due to landslips reported iii)Damage to around 453 houses reported Assam more than 20 families relocated to temporary shelters iv)Loss of Rs. 1.5 crore reported v)Loss of Rs. 70 lakh reproted by Kerala State Electricity Board in Attappady alone. More than 150 electric poles uprooted PATHANAMTHITTA : i)Damage to houses reported ii)Three 11 KV electric posts damaged as a giant tree uprooted,fell over it THRISSUR : i)Damage to houses reported ii)Water logging in low lying areas iii)Several trees/electric poles uprooted causing disrupted in vehicular traffic,power supply THIRUVANANTHAPURAM : i)Hundreds of people affected due to water logging ii)Damage to more than 35 houses reported iii)Low lying areas inundated iv)361 people moved to safer places v)Several cars washed away WAYANAD : i)Damage to 44.54 hectares cultivated plantain,Ginger reported ii)Damage to around 485 houses reproted iii)A loss of about 10.30 crore rupees incurred in the rain related calamities iv)450 persons of 80 families shifted to relief camps v)Loss of Rs. 50 lakh reported by Kerala State Electricity Board due to damage of 500 electric poles",0.00016421822366186663
"categorical__Extent of damage_(i)12 'Kasbas' in Baran submerged under 5 ft of water. Baran district cut off completely from the rest of the State (ii)Most of the lakes in Bundi,Kota districts overflown (iii) 60 houses damaged",0.00016414836454323767
"categorical__Main Cause_heavy rains, flood & landslides",0.0001632910731930292
"categorical__Extent of damage_i)Severe damage to paddy crops,buildings ii)Low lying areas inundated iii)Several houses washed away iv)Two barges capsized v)Fishing implements damaged vi)Telephone system,power supply disrupted",0.00016309632621268634
categorical__Extent of damage_i) Extensive damage to crops reported. ii) Many villages inundated. iii) Damage to several houses reported. iv) Several trees/electric poles uprooted causing disruption in vehicular traffic & power supply.,0.0001629131899212994
"categorical__Extent of damage_i) Thousands hectares of paddy cultivated fields in Cuddalore, Karaikal & Tirunelvelii districts were submerged. ii) Several trees/electric poles uprooted causing disruption in vehicular traffic & power supply.",0.000162795336685145
"categorical__Extent of damage_i)Many houses,huts collapsed ii)Damage to crops reported ",0.0001620425435205132
"categorical__Extent of damage_(i) 1 lakh people in 60 villages rendered homeless (ii)Hundreds of hectares of Ahu, Paddy , Jute,Sali seedlings in 1.5 lac hectares damaged (iii)Rail/ road communication disrupted (iv) In Majuli Island 70 villages were under water (v)Work in the oilfields came to a standstill. (vi) Fodder for cattle,drinking water for people posed serious problems (vii) The animals in Kaziranga National Park braved the flood waters by moving to Higher grounds ",0.00016196294788265757
"categorical__Extent of damage_(i)Low lying areas flooded (ii)Telephone system affected (iii)Failure of power,water supply made life of people miserable",0.0001617429686895643
categorical__Extent of damage_The excessive rains have affected at least 3 lakh 46 thousand people,0.00016170155582238678
"categorical__Extent of damage_i) Two Himachal Pradesh roadways buses,some light vehicles were buried at Kotrupi on the Mandi-Pathankot National Highway near Jogindernagar. ii) Damage to many houses reported",0.00016152239297545027
"categorical__Main Cause_heavy rains, floods & landslides",0.0001608909129749565
"categorical__Extent of damage_i)3,75,000 people affected ii)12,000 houses damaged iii)Embankmentof a river at Toplarkhal in Panskara breached iv)National highway No.6 washed away causing Ghatal subdivision completely cut off from rest of the district",0.00016066503105975134
categorical__Extent of damage_41.90 lakh people affected in different parts of the state.,0.00016041084010244187
"categorical__Extent of damage_i) Extensive damage to the standing,paddy crops reported. ii) Bridges washed away,many huts submerged. iii) About 50 houses,3 cattle sheds damaged. ",0.00016024980200882738
"categorical__Extent of damage_i)Over 500 sq. km. area covdring 200 villages flooded affecting more than 1.9 lakh people ii)Extensive damage to standing Ahu paddy,jute crops iii)A large number of people rendered homeless iv)The Kaziranga national park abode of world famous one-horned rhinos flooded,several animals shifted to safer places v)Hundreds of houses / Govt. buildings damaged",0.00016008831868495146
"categorical__Extent of damage_(i)Several trees uprooted, many roads damaged disrupting the traffic (ii)Suburbanan train services suspended as tracks over flown (iii)Marooned people in Ramnagar-Velacherry rescued by fire service personnel using fiber boat",0.00015995631789994733
categorical__Extent of damage_i) Several trees/electric poles uprooted causing traffic disruption. ii) Roof of some houses blown away. ,0.00015923182271205817
categorical__Main Cause_severe flood (ker),0.0001591776764717211
"categorical__Extent of damage_i)Crops in thousands of acres of land submerged ii)5,600 houses damaged iii)1,500 people shifted to safer places",0.00015908186772992938
categorical__Extent of damage_57 huts washed away at Khanakul area,0.00015897535195160005
"categorical__Extent of damage_(i)5 villages completely wiped out (ii)Record rainfall of 59 cm in 46 hours (iii)Normal life of the city paralysed (iv)Most of the city under 7 ft of water (v)Water,electricity supply system completely collapsed (vi)1000 houses completely damaged (vii)Several rail/road/bridges in,around the city collapsed (viii) All vehicular traffic snapped (ix)Hundreds of trees, poles, many buildings uprooted,washed away (x) Thousands marooned in low lying areas (xi) Over 1 lakh people rendered homeless",0.0001589503427140877
categorical__Extent of damage_i)Crop in 1 lakh acres of land affected ii)Many huts damaged iii)Several roads damaged disrupted vehicular traffic,0.00015887720714719808
"categorical__Extent of damage_i)2,83,019 people in 383 villages affected ii)35,619 hectares of land area,30,230 hectares of crop land submerged iii)84 houses completely,139 partially damaged",0.0001586757993521248
categorical__Extent of damage_800 people evacuated to safer places.,0.00015832314638144663
"categorical__Extent of damage_Heavy loss reported to private,public property",0.0001574055900719096
"categorical__Extent of damage_i)Normal life completely paralysed ii)350 bighas of agricultural land washed away iii)4 houses collapsed iv)2 bridges washed away v)Kalka-Shimla Chamba-Pathankot,Hindustan-Tibet highways closed due to landslide",0.00015717342448261126
"categorical__Extent of damage_Floods in Brahmaputra river, caused damage to crops,property worth over Rs. 5 crores. About 200 villages were affected,nearly 6 lakhs of people were rendered homeless",0.0001570686407978916
categorical__Extent of damage_i) 4 Lakh hectares of crop land submerged. ii) 65.37 lakh people were affected. iii) 33 trains cancelled. iv) Several trees/electric poles uprooted,0.00015705526340723888
"categorical__Extent of damage_i) About 20,000 hectares of cropland affected. ii) About 2000 villages affected. iii) Landslide reported in Garchuk,Dhirenpara area. iv) Road/rail services affected at about 2800 places. v) Lumding-Badarpur railway services disrupted. vi) Kaziranga national park affected. vii) Number of bridges, roads damaged,embankments breached. ",0.00015695186901763306
"categorical__Extent of damage_i)Low lying areas,crop land inundated. ii)Trees/electric poles uprooted. ",0.00015678955028159254
"categorical__Main Cause_flash flood (jiadhal,semen)",0.0001562061883898582
categorical__Extent of damage_i)25 houses collapsed ii)Normal life in the State virtually paralysed,0.0001561412588580501
"categorical__Extent of damage_(i)The Swollen Bhima swept through the pilgrimage centre Pandharpur in Solapur district (ii) 6 villages marooned. Pandharpur,several nearby villages remained under water for  2 days (iii)Some temples submerged. Flood water invaded Pradakshina marg of Vithoba temple, Kalika mandir,vegetable market which remaine under 60 cm of water(iv) Water level was 5 m above the crossway bridge,3 m above Gopalpur bridge (v) 9000 people shifted to safer places (vi)Vehicular traffic in,out of the town suspended",0.0001560760284420984
categorical__Extent of damage_Low lying areas inundated.,0.00015564053647295744
"categorical__Extent of damage_(i) 2 lakh people affected. (ii) More than 1 lakh people rendered homeless. (iii) Several roads,wooden bridges either damaged or washed away. (iv) Road link,railway services disrupted.",0.00015525075419635213
"categorical__Main Cause_heavy rains, flash flood",0.00015501834595815013
categorical__Main Cause_floods in ganga & tributaries,0.00015481226524129268
categorical__Extent of damage_i) Damage to crops reported. ii) Damage to more than 400 houses reported. iii) Several trees/electric poles uprooted causing disruption in vehicular traffic & power supply,0.00015437089525045323
"categorical__Extent of damage_i) 40 acres of paddy,sugarcane crop submerged. ii) Hundreds of villages submerged. iii) Breach of roads reported,houses collapsed. iv) 3,000 acres of land submerged",0.00015427884173529064
categorical__Extent of damage_House collapsed in Baran Dist.,0.0001539516698801226
categorical__Main Cause_severe (flash flooding),0.0001538424688746978
"categorical__Extent of damage_i) Due to breach in embankment vast area of Dhakuwakhana subdivision inundated. ii) Extensive damage to standing crops,poultry farms reported. About 17,000 families rendered homeless. iv) Parts of central,lower Majuli inundated. ",0.0001538238338298123
categorical__Extent of damage_i)1.25 lakh people in 120 villages affected ii)Many houses washe daway iii)Extensive damage to standing crop reported,0.00015325722900983886
"categorical__Extent of damage_i)Low lying houses,areas flooded. ii) Electric supply,road traffic disrupted. ",0.00015311680741071252
"categorical__Extent of damage_(i) Landslides reported (ii)Bridges, Many roads including Hindustan-Tibet road, beyond Rampur damaed at many places. Long stretches ofroads blocked due to huge landslides (iii) 44houses,severl hectares of agricultural land damaged (iv) Barua village( Kinnaur dist.) sunk for 2 days due to cloud burst",0.00015310051637337248
"categorical__Extent of damage_i)Low lying areas flooded ii)Vehicular traffic disrupted iii)Rail track on the Ambernath, Badlapur, section washed away iv)A fishing trawler sank in rough seas narrowly escaped from death",0.00015306560744526715
"categorical__Extent of damage_i)31,629 people in 168 villages affected ii)10,829 hectares of land area,5,866 hectares of cropped area submerged",0.0001528423189633805
categorical__Extent of damage_i)About 1 lakh people affected due to breaching the embankment of the river Padma ii)50 houses swept away,0.000152763737600491
"categorical__Extent of damage_(i)In Davanagere dist. riped bana plantations in about 50 acres,about 30 to 40 arecanut trees razed to the ground. Maize crop in about 60 acres also damaged. Paddy saplings in vast areas of Shivamogga dist, destroyed (ii) A few houses,more than 50 huts collapsed,a tmple in Tumkur dist. partially damaged. A bridge in Hassan dist. also damaged (iii)A few road bunds breached causing inundation in Tiptur town of Timkur dist.",0.00015265184082528251
"categorical__Extent of damage_i) Cropland of area more than 43,300 hectares affected. ii) More than 3,60,000 population of more than 450 villages in 12 districts affected. iii) Damage to roads, RCC Bridge, sub ways, reported. Also, the road connectivity is blocked.",0.0001519852479805388
categorical__Main Cause_severe (flash flooding in bhima),0.00015186042245483582
categorical__Extent of damage_7 lakh people affected.,0.00015173141659280626
"categorical__Extent of damage_i)Four trucks washe daway ii)One bridge washed away iii)Vehicular traffic between Nagpur,Wardha suspended due to inundation of bridges,culverts iv)2,000 houses damaged v)Loss estimated to Rs 1 crore",0.00015170944913194012
"categorical__Extent of damage_i) Crop land of area more than 75,710 hectares affected. ii) More than 10,62,000 population of more than 1000 villages in 23 districts affected. iii) Damage to roads, RCC Bridge / Culvert, sub ways reported. Also, National Highways/ Sub ways blocked the road connectivity due to flooded water /Landslide.",0.00015121845659112315
"categorical__Extent of damage_i) Headquarters at Anini cut off from the rest of the state ii) Loss of property,agriculture reported ",0.00015095034667698363
"categorical__Extent of damage_i)Paddy,cotton crops severely affected. ii)Standing crops in thousand acres of land washed away. ",0.0001508255314501825
categorical__Extent of damage_i)20 houses collpased in various parts of Jammu ii)Crop worth lakhs of rupees damaged iii)300 km. Jammu-Srinagar National Highway closed for vehicular traffic,0.00015080330660970922
"categorical__Main Cause_heavy rains,flash floods",0.00015058118737115763
"categorical__Extent of damage_i) Damage to Sugarcane,Tur crops reported. ii) Damage to houses reported. iii) Several villages marooned. iv) Several trees uprooted.",0.00015053050170597945
"categorical__Extent of damage_i)Low lying areas flooded ii)Extensive damage property,agriculture reported iii)Railway services disrupted due to flooding of railway tracks",0.00015049072849679216
"categorical__Extent of damage_Morna river flooded, affected Akola town, 6,777 houses damaged, crops in area 0.02 lakhs hectares, population 0.31 lakhs affected",0.000150124706471232
"categorical__Extent of damage_Kannur: i) 5 houses damaged completely,41 partially. ii) 11 hectares of standing crops damaged. iii) Agricultural loss rupees 5.4 crores reported. Kasaragod: i) Extensive damage to arecanut, coconut,banana plantations reported. ii) Number of houses damaged.  Kozhikode: i) Low lying areas inundated. ii) Extensive damage to crops in nearly 12 hectares land of rupees 9.4 crores reported. iii) About 14 houses damaged. Malappuram: i) 36 houses destroyed completely,246 partially. ii) Loss of rupees 1.42 crores reported.   Wayanad: Ambalavayal village, Kalpetta, Mananthavady, Pandhaloor,Sulthan Bathery towns: i) Low lying areas,crops submerged. ii) About 32 families shifted to relief camps. iii) Landslide reported. iv) Several trees uprooted disrupting power supply,road traffic. Kozhikode:  Extensive damage to the standing crops,banana, ginger, vegetables crops reported. Thiruvananthapuram:  Few houses damaged. ",0.00015012350624262323
"categorical__Extent of damage_i)5,000 houses collapsed ii)Railway line submerged disrupting railway services",0.0001500197694495045
"categorical__Main Cause_heavy rains & flood  (brahmaputra,tributaries)",0.00014977702486575708
"categorical__Extent of damage_i)Paddy crop in 20 villages in Ambala, completely, damaged ii)30 feet wide bridge in Derababa Nanak area damaged iii)Train services between Delhi-Ambala badly affected due to breaches in railway track",0.00014902061782589565
"categorical__Extent of damage_(i)Several houses completely/ partially collapsed/ damaged (ii)Many trees uprooted (iii)The enclosure wall of a well collapsed,the well reported sank in Kozhikode district",0.00014837519078745535
"categorical__Main Cause_severe flood (brahmaputra,manas, pachnoi)",0.000148356683076233
categorical__Extent of damage_Crops worth about Rs. 1 lakh destroyed,0.00014798001842004498
categorical__Extent of damage_i)Number of houses damaged in Rajnandgaon ii)Vehicular traffic completely disrupted,0.00014792750708827337
categorical__Extent of damage_i)About 150 houses damaged. ii) About 200 boats damaged ,0.00014728572030951606
categorical__Extent of damage_Hundreds of Kachchha houses damaged,0.00014726908142098443
categorical__Extent of damage_Around 250 people shifted to safer places.,0.00014662370969194323
"categorical__Main Cause_heavy rains & flash floods (in tons, pabbar river) & landslide",0.000146515127970082
"categorical__Extent of damage_i)33,233 people in 47 villages affected ii)15,234 hectares of land area,6,742 hectares of cropped area submerged iii)118 houses completely damaged",0.00014646274685680595
"categorical__Extent of damage_1 August: 1.5 lakh coal production loss in Adilabad. 3 August: 140 villages submerged in Khammam,East Godavari. 4 August: 68 villages submerged. ",0.00014646226921155627
"categorical__Extent of damage_(i)About 250 tourists stranded (ii)Damage to public,private property reported",0.000146121555723216
categorical__Extent of damage_i) Cropland of area 12266.09 hectares affected. ii) 49335 population from 200 villages of 9 districts affected.,0.0001460958472210706
"categorical__Extent of damage_(i)4 houses collapsed (ii)Damage to 150 acres of agriculture land reported (iii)Damage to coconut,maize crop reported",0.00014601306942161097
"categorical__Extent of damage_i) Extensive damage to apple plants in Ropa valley belt reported. ii) Damage to green peas fields, wheat, barley crops reported. iii) Damage to NH-22 reported. iv) More than 250 meters of road vanished at different spots. v) Irrigation channels breached. vi) Number of people evacuated from Pooh, Sangla,Reckong Pao. ",0.00014586767987636613
"categorical__Extent of damage_i)85,000 people affected ii)4,000 houses damaged",0.00014578509198673605
"categorical__Main Cause_severe flood (satluj, yamuna)",0.00014570361806795991
"categorical__Main Cause_flood( brahmaputra,tributaries)",0.00014567729379766866
"categorical__Extent of damage_i)Railway service along central railway (main,harbour lines) totally disrupted ii)Railway track between Kurla-Vidyavihar, Bhandup-Kanjurmarg,Chunabhatti-Kurla stations submerged under knee-drop water iii)Fire brigade attended 5 minor landslide incidents iv)All south-bound long distance trains cancelled due tolandslides in Khandala ghat ssection v)Bus services from Mumbai ran 2-3 hours late vi)IA flights from Mumbai delayed , All the rivers flowing through these districts in spate , disrupting road traffic , In Thane city, more than 250 huts washed away rendering many people homeless i)Firemen rescued 250 persons from Shrirang Society Housing Complex ii)Low lying areas flooded with Chest-deep water iii)Property worth Rs. 18.72 lakhs damaged",0.00014532312507837495
"categorical__Main Cause_flood (singra,soansiri rivers)",0.00014492680008023248
categorical__Extent of damage_1 house collapsed,0.00014489397678820912
"categorical__Extent of damage_Highway link between Assam,Tripura disrupted",0.0001445195853621675
categorical__Extent of damage_i) Large number of people affected. ii) Loss of few crores of fishes reported. iii) Several trees/electric poles uprooted,0.00014450063101433485
categorical__Extent of damage_i)Srinagar-Jammu National Highway blocked due to landslide,0.00014448259383592691
categorical__Extent of damage_i) Low lying houses flooded. ii) Many trees uprooted.,0.00014433353655908944
"categorical__Extent of damage_i)Damage to Agricultural crops including Banana, Tapioca, Betelleaves, vegetables reported ii)Several houses inundated,complete damage to 11 houses reported iii)Many people shifted to safer places iv)Damage to about 70 vehicles reported v)Several trees/electric poles uprooted causing disruption in vehicular traffic,power supply",0.0001441649034009525
"categorical__Extent of damage_58 houses damaged, traffic between Mangalore,Bengaluru Rural National Highway disrupted",0.00014382008812068137
"categorical__Extent of damage_i) About 35 houses fully,150 houses partially damaged. ii) Damage to banana plantations reported. iii) About 100 electric poles damaged in Sirkazhi town. iv) Roof of a school building blown away. v) 2500 acres of salt pans submerged. ",0.00014380412263430522
categorical__Extent of damage_i)225 villages inundated ii)Most of the roads under waist-deep of water,0.00014357938141844353
"categorical__Extent of damage_(i) Onion crop infested with 'Karpa,Taka' diseases. Harvested bajra crop drenched,became non consumable in Baramati area (ii) Pune,neighbourhood had disrupted power supply,water logging at many places",0.0001434315019125025
"categorical__Extent of damage_i)Railway services, road links disrupted ii)Substantial damage to property,agriculture reported",0.00014335016553542132
"categorical__Extent of damage_i) About 5,000 thousand people affected. ii) Many places inundated. iii) Water,electricity supply disrupted. ",0.0001433220112270248
categorical__Extent of damage_i)987 familes affected ii)Large number of houses damaged iii)Extensive damage to standing paddy crop reported iv)Estimated loss worth Rs. 2 crores,0.00014329494645917625
"categorical__Extent of damage_Railway services,communication systems got dislocated due to heavy rains",0.00014327019571571488
categorical__Extent of damage_Torrential rains,0.00014316367819155776
"categorical__Extent of damage_i)About 100 houses damaged ii)Extensive damage to property,agriculture reported",0.00014301776690340404
"categorical__Main Cause_brahmaputra,its tributaries in floods",0.00014299520364682614
"categorical__Extent of damage_i)22,222 people in 331 villages in 7 clocks of Bargarh district affected ii)25,000 acres of cultivated land in Baleshwar,Bargarh district submerged iii)Large number of Kachchhha houses damaged iv)Telecommunication,power suppy disrupted",0.000142609585621017
"categorical__Extent of damage_Several places of the city remained 10 to 15 ft. deep under water. Patna was cut from rest of the country. People had to take shelter on the roofs of buildings for safety. The flood relief operations were undertaken by the Defence Forces. Train  servicesbetween Patna city,places in Araria, Begusarai, Bhojpur, Buxar, Purba Champaran, Gopalganj, Muzaffarpur, Saran, Supaul, Saharsa were cut off due to braches in railway tracks,bridges. Air services to Patna remained suspended till the end of August. 2 lakhs houses were damaged,1.5 crores of people were affected in the worst in the worst hit areas of PAtna, Chapra, Arrah, Muzzafarpur, Darbhanga,Sahabad districts. Standing crops worth one crore were damaged in Bhojpur district alone. The loss to private,public properties according to press reportes was estimayed to be about Rs. 500 crores",0.00014259345240181528
"categorical__Main Cause_severe(baksa,its tributaries)",0.0001425240087645685
categorical__Extent of damage_300 houses damaged,0.00014214417010615196
categorical__Main Cause_flash flood (brahmaputra & kaldiya),0.00014212468875701096
"categorical__Main Cause_moderate to severe, moderate",0.00014205753360456097
categorical__Extent of damage_Normal life paralysed,0.00014176622643800703
categorical__Extent of damage_i)Itanagar cut-off from rest of the country as the bridge near Bandartwa washed away ii)National Highway No. 52 breached,0.00014135433105148253
"categorical__Extent of damage_i) Landslides reported at many places. ii) Damage to the crops,apple orchards reported. ",0.0001411460440818669
"categorical__Extent of damage_One village washed away. Out of 22 houses, 19 destroyed",0.00014114343255219316
categorical__Extent of damage_ALAPPUZHA : i)Damage to two acres of Banana crops reported ii)Damage to 10 houses reported iii)26 families of 90 persons shifted to relief camps iv)Water supply disrupted in beach areas KANNUR : District offie of Kerala Aided School Employees' Provident fund caved in KOLLAM : Damage to a house reported as coconut tree uprooted fell over it THRISSUR : i)Damage to 5 houses reported ii)Low-lying areas inundated iii)Severe waterlogging in the low-lying areas THIRUVANANTHAPURAM : i)Damage to 15 houses reported ii)Damage to Fiber oat factory reported iii)Around 1 lakh rupees worth damage reported iv)Several trees uprooted,0.00014074467405296911
"categorical__Main Cause_heavy rains,flood",0.00013990315477378808
"categorical__Extent of damage_i)Kuttiyadi canal-wall collapsed ii)Many houses damaged iii)Widespread damage to crops,property reported",0.00013986381171998902
categorical__Extent of damage_i)25 villages flooded ii)Many Kachchhcha houses collapsed iii)Road/rail links affected,0.00013965260331300604
"categorical__Extent of damage_i)In Aurangabad district, Kavasan, Telwadi, Navagaon, Chandawadi,Patagaon villages marooned ii)10,000 people rendered homeless in Ahmadnagar district iii)14,000 houses in Aurangabad, 50,000 in Latur,28,000 in Nanded destroyed iv)Cotton, Jowar, Bajra, Sunflower,Tur crop in 55,000 hectares of land destroyed v)Aurangabad-Ahmadnagar-Pune National Highway closed for vehicular traffic",0.00013939007056246693
"categorical__Extent of damage_(i) Many trees uprooted, houses damaged,temple of Bangadeshwara inundated (ii) Balamuri bridge in Kodagu submerged under water (iii)1 Auto rickshaw completely damaged due to tree fall in Bengaluru Rural city",0.0001391650330978732
"categorical__Extent of damage_i) More than 3 lakhs people in 513 villages people affected. ii) Standing crops in 20,500 hectares of crop land affected. iii) Vast area inundated. Dhemaji, iv) Lakhimpur, cut off from main land. v) NH-52 submerged disturbing rail/road tracks. ",0.00013912743892816658
categorical__Extent of damage_i)Several houses collapsed ii)Kashmir valley cut-off from the rest of the country,0.00013886214725284654
categorical__Extent of damage_More than 50 lakh people affected throughout the state. ,0.00013868633311626136
"categorical__Extent of damage_(i)Many trees including coconut,arecanut either uprooted or broken (ii)Many electric poles also uprooted (iii)A few houses collapsed,some partially damaged (iv)A car,an Auto rickshaw damaged under an upoted tree (v)Green chillies,vegetables badly damaged (vi)A small bridge collapsed (vii) a chimney of a brick factory collapsed",0.0001386390532780428
categorical__Extent of damage_A house collapsed.,0.00013822116849441905
"categorical__Extent of damage_Many mud houses collapsed ii)1,500 people affected",0.00013786422253340814
categorical__Extent of damage_(i) Several houses collapsed. (ii) Vehicular/railway/air services disrupted. (iii) Telecommunication services badly affected.,0.00013762992348373242
"categorical__Extent of damage_(i) Landslide reported (ii)Loss of agriculture nad property reported in many villages of Patan tehsil in Stara dist., Along the banks of Koyna river (iii)400 year old construction of archaeological importance razed to ground at Shivneri Fort in Pune dist.",0.0001371429968309784
"categorical__Extent of damage_(i) 614 houses completely,864 patially damaged (ii)Govt property worth Rs 83 lakh lost",0.00013695979302841542
"categorical__Main Cause_heavy rains, floods (muvattupuzha & kabani river) & landslip",0.00013688690592939044
"categorical__Extent of damage_Caused extensive damage to property,snapping rail,telecommunication links, the swollen Damanganga river washed away 900 ft. long bridge near Valsad,all the Delhi bound trains from Mumbai suspended, hundreds of people were rendered homeless, the union territory of Dada&Nagar Haveli were also affected by unprecedential floods in Damanganga river",0.000136854537807051
categorical__Extent of damage_(i) Landslides reported (ii)Many people stranded on the way; helped by India-Tibet border police,0.00013619741145984968
"categorical__Extent of damage_i)Railway track near Samaranjan washed away. Badarpur - Lumding railway line disrupted ii)National Highway No. 52 damaged cutting off road communication between Dhemaji,Lakhimpur iii)Embankment of Dakgaon breached flooding 10 villages,affecting 10,000 people iv)Ahu,Aijung fields in vast area destroyed",0.00013617651870856078
categorical__Extent of damage_6 houses washed away in Sachey Karoor village,0.00013588407163775743
"categorical__Extent of damage_i)1,37,328 people in 265 villages affected ii)32,691 hectares of land submerged iii)Crop in 115,231 hectares of land damaged",0.0001354038962857509
"categorical__Extent of damage_i)6,033 families affected ii)1,000 people evacuated to safer places iii)Loss of public property worth Rs 1.5 crore in West Godavari district reported",0.000134646677149629
categorical__Extent of damage_i)Normal life in Vidarbha region   completely paralysed ii)In Amravati disreict 46 houses collapsed in Dhamagaon taluka iii)Extensive damage to agriculture product reported,0.0001345816099073492
"categorical__Main Cause_flood (dikchu, lachen, lachung, rangpo,singtam)",0.00013445929110234304
categorical__Extent of damage_i)5000 people affected ii)Newly constructed Badua dam costing Rs.2 crore breached at two places,0.00013441451320410195
"categorical__Extent of damage_i)In Pune, normal life completely paralysed ii)One house collapsed in Hadapsar Malwadi iii)25,000 slum-dwellers of Pune shifted to safer place iv)Railway services between Mumbai-Pune cancelled",0.0001342768011732582
"categorical__Main Cause_wardha,its tributaries  in floods due to continuus heavy rains",0.0001342007529725783
categorical__Extent of damage_Paddy crop in thousand of hectares damaged,0.00013392317540599107
"categorical__Extent of damage_i) Low lying areas,crop land inundated. ii) Railway tracks, vehicles, roads inundated. iii) About 5.42 lakh hectares of land of standing crops washed away in Nagpur district. iv) About 2.5 lakh hectares of crops damaged in Chandrapur district. v) About 5000 houses damaged/collapsed. vi) Many places inundated,many families shifted to safer places. vii) Road traffic/ electricity/ telecommunication services disrupted. viii) More than hundreds of a cattle sheds damaged. ix) Estimated loss of about 100 crore rupees reported.    ",0.00013385153880511559
"categorical__Main Cause_flood (bramhaputra,its tributaries, tiyak,kakajan)",0.00013322379403562013
categorical__Extent of damage_i) Many houses damaged. ii) 45 lakh people affected.,0.00013306502261634502
"categorical__Extent of damage_i) Cropland of area more than 25,300 hectares affected. ii) More than 2,70,700 population of more than 400 villages in 9 districts affected. iii) Damage to roads, RCC Bridge / Culvert, sub ways reported. Also, National Highways/ Sub ways blocked the road connectivity due to flooded water /Landslide",0.0001318554823431316
"categorical__Extent of damage_i)Damage to 40,131.88 hectares of Agricultural crops,35,175.2 hectares of Horticulture crops reported ii)Damage to about 286 houses reported",0.0001318090692829817
categorical__Extent of damage_i)Low lying areas submerged ii)70 houses sufferend severe damage,0.00013159619870247544
categorical__Extent of damage_i)Normal life paralysed ii)112 villages affected iii)80% crop damaged iv)Several houses washed away v)Large number of people evacuated to safer places,0.00013081982480953839
"categorical__Extent of damage_i)Vast stretches of low lying areas submerged in Ghatal,Chandrokona ii)Road link between Ghatal,Chandrokona completely cut-off",0.00013057783396512338
"categorical__Extent of damage_i)Rail/Road service dislocated ii)Many houses damaged iii)Widespread damage to property,agriculture reported",0.00013050877411778853
categorical__Extent of damage_i) Many people rendered homeless. ii) Damage to crops reported.,0.00013045545545624994
"categorical__Extent of damage_i)Over 1,000 houses damaged",0.000130310050369253
categorical__Extent of damage_i)80 villages flooded ii)58 houses collapsed,0.0001302012377703471
categorical__Extent of damage_i)Train services disrupted ii)Vehicular traffic suspended,0.0001299728603634434
"categorical__Extent of damage_i) 17,43,119 population of 2450 villages from 26 districts affected. ii) Crop land of area 86,223.19 hectares affected",0.0001293359941922681
"categorical__Extent of damage_i)5,76,537 population affected ii)Extensive damage to 1,200 villages reported iii)Damage to cropland of area 55,553 hectares reported",0.00012884980912208666
categorical__State_Dadra and Nagar Haveli,0.0001287843031273901
"categorical__Extent of damage_(i)In Bhima catchment area Banana,Sugarcane crops,pump sets damaged (ii) One 90 years old Peepal tree having the girth more than 25 ft uprooted in Bengaluru Rural city (iii)About 500 houses,one main bridge on the State highway near Sindanoor town badly damaged",0.0001285458768427702
categorical__Extent of damage_Many trees uprooted.,0.0001284561756877439
"categorical__Extent of damage_i) 67 houses completely,645 partially damaged. 14,800 houses flooded. ii) Extensive damage to agriculture (around 8000 hectares of land) reported. Plantains destroyed iii) Low lying areas,bridges flooded. iv) Electric/telephone lines disrupted,trees uprooted",0.00012801245296708693
categorical__Extent of damage_i)Normal life paralysed ii)Road link cut-off,0.00012756596071422261
"categorical__Extent of damage_(i) Roads damaged, markets,Mauil jogran rehabilitation Centre waterlogged (ii) Water of the river Ghaggar entered Banur town damaging the property,houses (iii) Chandigarh-Patiala Highway submerged, focing closure of the vehicular traffic.",0.0001271612814850156
categorical__Extent of damage_i) Extensive damage to the crops reported. ii) Damage to many houses reported. ,0.000127117533811204
"categorical__Main Cause_heavy rains,moderate floods",0.00012711556922448077
categorical__Extent of damage_Road links interrupted,0.00012669145289510324
"categorical__Extent of damage_7,200 houses damaged, Loss of Rs. 2.41 crores",0.0001266783389949852
categorical__Extent of damage_500 houses damaged in Bhind while 8 houses collapsed in Morena,0.00012647826754931006
"categorical__Extent of damage_More than 100 houses collapsed in Saholi tehsil of Bhandara district,7 buildins in Nagpur collapsed, 78 houses collapsed",0.00012619727562942728
categorical__Extent of damage_i)Landslide reported. ii)Sonitpur - Tawang road cut off at several places.,0.00012581806125162257
categorical__Main Cause_heavy rains & floods in narmada & tributaries,0.00012565515675619745
categorical__Extent of damage_i) Damage to agricultural crops reported. ii) Damage to property reported,0.00012558188314157107
"categorical__Extent of damage_i) Extensive damage to crops reported. ii) About 300 kachcha houses collapsed. iii) About 40 villages in Janjgir - Champa flooded. iv) Many villages of other districts inundated. v) Many streets, bridges,approach roads inundated. vi) About 490 families affected. ",0.0001252791951327964
categorical__Extent of damage_4 hutmens collapsed,0.00012527392491743877
categorical__Extent of damage_All the huts in low lying areas submerged under water,0.00012526438655236478
"categorical__Extent of damage_i)Normal life completely paralysed ii)Vehicular traffic,telecommunication services disrupted",0.0001251028841935195
"categorical__Main Cause_heavy rains/flood (brahmaputra,tributaries)",0.00012507601378629072
"categorical__Extent of damage_i) 36 houses damaged,200 houses partially damaged. ii) Traffic, telephone lines disrupted due to uprooting of trees. ii) Low lying areas inundated. ",0.00012489677185904173
categorical__Extent of damage_(i)Landslide reported (ii)Damage to public/private property reported,0.00012489585392605435
"categorical__Extent of damage_Crops over 200 hectares,50 houses damaged",0.00012480697123007408
"categorical__Extent of damage_i)Breaches in Kotbilla bridge,about a 30 ft. breach in embankment of Tangri river. 100 acres of land ii)Breaches in Kotbilla bridge,about a 30 ft. breach in embankment of Tangri river. iii)100 acres of land submerged.iv) 600 acres of cropland submerged in Jind. ",0.00012460715286073912
"categorical__Extent of damage_i)Normal life completely paralysed ii)20,000 people rendered homeless iii)Crop worth crores of rupees lost",0.00012423779246846002
"categorical__Extent of damage_i)Low lying areas flooded ii)Hundreds of houses damaged iii)Paddy crop badly damaged iv)Train services on Phagwara-Ludhiana section disrupted, as a portion of railway track sank",0.0001239825983612797
"categorical__Extent of damage_i)17 lakh people of about 11 villages marooned. ii)About 4,000 people shifted to safer places. iii) 14,000 houses fully/partially damaged. iv) 37,500 people were shifted to safer places. Large area of standing crops damaged. ",0.00012391297885099153
"categorical__Extent of damage_i) Standing crops in thousands of acres damaged. ii) Satluj, Yamuna canal breached at many places. iii) Many villages flooded. ",0.0001238937707127406
categorical__Extent of damage_i)Normal life paralysed ii)Low lying areas flooded iii)Local train on central railway were running behind schedule,0.00012383590197407476
"categorical__Extent of damage_(i)Many villages submerged (ii)10,000 people shifted to safer places",0.00012375645575856862
categorical__Extent of damage_i)Population of 5 villages affected ii)Many colonies water logged,0.00012361766043826898
"categorical__Extent of damage_i) About 1,52,977 population of 294 villages in 8 districts affected. ii) Crop land of area 26.86 hectares affected. ",0.00012355928744182357
categorical__Extent of damage_i) 600 acres of Paddy crops submerged. ii) Several trees/electric poles uprooted.,0.0001234504933750357
"categorical__Extent of damage_(i) About 180 houses fully,2500 houses partially collapsed (ii) widespread damage to property,agriculture reportd",0.00012326712568907477
"categorical__Extent of damage_i) Extensive damage to Soya bean, Groundnut, Urad, Mug, Tur, Corn, Tomato crops reported. ii) More than 11,000 people from 454 villages of 12 districts shifted to 170 shelter camps. iii)Damage to several houses reported. iv) Many Villages submerged & were cut of form the other parts. v) Complete damage to a bridge on Veinganga river reported. vi) National Highways 60 & 12 remained closed.",0.00012305383385834536
"categorical__Main Cause_heavy rains, floods & landslide",0.00012255193300971884
categorical__Extent of damage_250 Kachchhha houses collapsed.,0.0001222890218023624
"categorical__Extent of damage_Crops,houses worth Rs. 22.16 lakhs damaged,  1,612 families affected in 102 villages",0.00012226816942883934
categorical__Extent of damage_i) Damage to Sugarcane & other crops reported. ii) Damage to many houses reported. iii) Several trees/electric poles uprooted causing disruption in vehicular traffic & power supply.,0.00012217167851513074
categorical__Extent of damage_(i) Hundreds of people rendered homeless (ii)Rewatara village in Jalor dist inundated (iii) Extensive damage to property,0.00012194364768165819
categorical__Extent of damage_Damage to 1081 houses reported.,0.00012193309255507534
categorical__Extent of damage_(i) Railtracks badly damaged (ii) 200 houses collapsed,0.0001215918564759162
categorical__Extent of damage_i)Several villages washed away ii)Damage to about 50 houses reported iii)Extensive damage to Government owned Trout Fish Hatcheries reported,0.00012153664998817562
"categorical__Extent of damage_i)40,000 people of Pathan Kandi block affected ii)NH-44,metro gAuguste railway track flooded, disrupting link with Tripura",0.00012119444261967112
"categorical__Extent of damage_i) 120 houses completely,1038 partially damaged. ii) Extensive damage to agriculture reported. iii) Many trees uprooted. iv) 2 fishing boats collapsed",0.0001211463849018744
categorical__Extent of damage_i) Partial damage to Srirangapattana fort reported. ii) Loss of about 1 crore rupees reported as more than 35 houses damaged. iii) Several trees/electric poles uprooted causing disruption in vehicular traffic & power supply.,0.00012112481170981864
"categorical__Extent of damage_i)Several houses collapsed ii)Many trees uprooted iii)Low lying area of the Kolhapur city flooded disrupting vehicular traffic iv)State transport bus services suspended from Kolhapur to Goa, Sawantwadi,Kanavali v)Radhanagari,Tulsi dams overflown",0.00012031926478150457
"categorical__Extent of damage_i) 5,233 hectare agricultural crops, 7,000 hectares horticultural crops damaged. ii) 1,720 houses damaged. iii) 70 km. roads damaged. iv) Damage to 3,602 boats & nets reported. ",0.00012010254200700995
"categorical__Extent of damage_i)2,61,000 people in 151 villages affected ii)68,371 hectares of land area submerged",0.00011982968115305355
categorical__Extent of damage_i)25 villages affected ii)2000 persons shifted to safer places iii)No. of trees uprooted disrupting vehicular traffic,0.0001196261063646839
categorical__Extent of damage_Low lying villages inundated.,0.00011948175594227228
"categorical__Extent of damage_1,051 houses in 87 villages damaged affecting 26,350 people",0.00011946860933299944
"categorical__Extent of damage_i) Cropland of area 1,00,651.71 hectares affected ii) 11,00,618 population from 1659 villages of 21 districts affected. ",0.00011917099143401025
categorical__Extent of damage_i)Normal life paralysed ii)Low lying areas submerged iii)Vehicular traffic disrupted,0.0001188105710796248
"categorical__Main Cause_heavy rains, severe flood",0.00011876706519572566
"categorical__Extent of damage_(i)A railway bridge near Jasur washed away disrupting rail traffic between Pathankot,Jogindernagat (ii)A petrol pump,some shops in Jasur town washed away (iii)More than 2000 boxes of apple washed away. Total loss estimated to be Rs. 80 lakh (iv)The loss to the soil conservation wing of the state forest dept. estimated to be Rs. 80 lakh (v) Kulu-Manali road damaged at several places ",0.00011852633199959238
categorical__Extent of damage_i)About 12 houses trapped under debris. ii) Landslide reported.,0.00011755277069134889
"categorical__Main Cause_moderate(brahmi,baitarni)",0.00011748080922492331
"categorical__Extent of damage_i) 363 houses completely,811 partially damaged. ii) In 666 hectares of cropland a loss of about Rs.10 crores reported. ",0.00011724563138734164
"categorical__Extent of damage_i)2,99,157 people in 368 villages affected ii)32,703 hectares of land area,13,378 hectares of cropped area submerged iii)108 houses completely,42 partially damaged",0.00011710278326024714
"categorical__Extent of damage_i) Landslide reported. ii) Several low lying areas inundated,waterlogged. iii) Several residential houses damaged. iv) Many people shifted to safer places. ",0.00011709484927286723
"categorical__Extent of damage_i) A huge amount of standing crops damaged. ii) About 100 of villages inundated. iii) NH,railway lines breached. ",0.00011680557543718655
"categorical__Extent of damage_(i)100 villages marooned (ii)Hundreds of mud houses collapsed (iii)1 passanger train stranded for several hours between Nawan,Gandel Stations in Jaipur dist. Many other trains cancelled or delayed (iv) I.A flights to Jaipur,Jodhpur cancelled",0.00011678944908796523
categorical__Extent of damage_i)Number of houses damaged ii)Main water supply point to Srinagar city badly damaged disrupting water supply to Srinagar city,0.00011674307314212898
"categorical__Main Cause_moderate flood (brahmani,baitarani)",0.00011642799944000889
"categorical__Extent of damage_i) Extensive damage to agriculture reported. 60,000 acres of fields inundated. 14,000 acres of maize, 15,000 acres of paddy,20,000 acres of cotton affected. ii) Low lying areas flooded. 50 houses collapsed. iii) Coconut,arecanut trees uprooted. iv)Virupaksha temple submerged. v) In Bellary, 16 villages inundated.  ",0.00011603471888718034
categorical__Main Cause_torrential rains,0.00011598520960746442
"categorical__Extent of damage_i)1,000 houses damaged ii)50 families shifted to safer places iii)Railway track between Ernakulam,Kottayam dislocated due to landslides iv)Extensive damage to vegetables reported",0.00011592647989788196
"categorical__Extent of damage_i)Several low lying areas in Hyderabad city submerged ii)485 houses fully,2,703 partially damaged iii)Standing crop in 21,000 hectares affected iv)In Kurnool district, 150 families rendered homeless v)In Hyderabad town, 25 feet high wall supporting the railway overbridge collapsed causing traffic disruption",0.00011548735976722781
"categorical__Extent of damage_i) Damage to more than 125 houses,more than 35 cowsheds reported. ii) Damage to six bridges reported. iii) Damage to 1154 transformers reported. iv) Many vehicles washed away, & many damaged. v) A loss of Rs 490 cores reported. vi) Several people shifted to safer places. vii) Extensive damage to national Highway from Kullu Dist. reported. In addition, 9 National Highways & more than 800 roads blocked. viii) Several trees uprooted.",0.00011524906099234134
categorical__Extent of damage_i) Damage to about 40062 houses from 18 districts reported. ii) Damage to crop land of about 2142.309 hectares reported.,0.00011522767532148997
"categorical__Extent of damage_i) Grapes in nearly 12,000 hectares damaged of about 2,000 farmers. ii) Widespread damage to standing crops jawar, wheat,gram, onion,fruit orchards reported. ",0.00011514144400857562
categorical__Main Cause_severe (godavari),0.0001149983625670994
"categorical__Extent of damage_Ernakulam : i) Apron area of Kochi International Airport & the taxi way of CIAL flooded. ii) Air traffic disrupted. iii) Muvattupuzha River flooded. Idukki : i) Damage to around 500 houses reported. ii) Damage to shed reported. iii) Landslide occurred in 30 places. iv) Landslip occurred at 70 places. v) Munnar, Marayur & Mankulam areas isolated due to floodin Kannur : i) Several areas of Sreekanthapuram, Kellakom, Kottiyoor, Ambayathode, Mattannur, Mannur, Iritty,,Vallithode flooded. ii) Traffic disrupted due to landslide. Kasaragod : i) 25 families isolated, as cut-off from main land. ii) Road traffic disrupted. Kozhikode : i) Landslide occurred 4 times. ii) 4 families shifted to relief camps. iii) Traffic including bus services,power-supply disrupted. Malappuram : i) Around 200 houses,100 commercial establishments inundated. ii) 920 people from 21 places shifted to safer places. iii) Nilambur-Kozhikode route bus services,traffic disrupted. iv) 292 families shifted to 171 relief camps. Palakkad : i) Landslide occurred at 11 places. ii) Power supply & Traffic disrupted in several areas. Thiruvananthapuram : i) Damage to rubber crops, Banana plantation,,several vegetable crops repored. ii) Damage to houses including appliances repored. iii) Damage to about 100 electric post & about 380 electric cable-line around 50 places reported. iv) Damage to vehicles reported. v) Huge Advertisement play-cards fell. vi) Trees uprooted around 179 places in the city. vii) Transport,power supply disrupted. viii) Fire force,electricity department contributed a lot in rescue operations. Thrissur : i) Landslide occurred. ii) Power supply,traffic disrupted in several areas. iii) Railway services disrupted as Railway track inundated. Wayanad : i) Extensive damage to crops including 100 acres of tea-plantation reported. ii) Church, mosque,a temple & vehicles caved in. iii) Damage to about 125 houses reported. iv) Shops inundated. v) 257 families shifted to relief camps. vi) Damage to roads reported. vii) Low-lying areas submerged. viii) Several trees, electric / telephone poles uprooted causing disruption in communication,power supply. ",0.00011486979261237894
categorical__State_Goa,0.00011464733766241574
categorical__Main Cause_severe(flash flooding),0.00011446973661558853
"categorical__Extent of damage_i) Extensive damage to agricultural lands reported. ii) Extensive damage to bridges, a primary school reported. iii) Damage to Several houses, cowsheds, shops reported. iv) Several vehicles washed away. v) A helipad submerged in floodwater,national highways were blocked. vi) Damage to around half a dozen villages viz. Makudi, Arakot, Sanel, Tikochi, Khakwadi, Chinwa, Gokul from Uttarkashi Dist. (which is the worst affected district) due to landslide reported. vii) The Mason village in Chauthan Patti area of Thailisain block in Garhwal, Dist. also affected. viii) Several trees uprooted.",0.0001143575013175086
"categorical__Extent of damage_i)1,000 people rendered homeless ii)Mizoram cut off from rest of the country",0.00011411905617649145
"categorical__Extent of damage_i) Landslides reported. ii) One bridge,many houses, roads damaged/ washed away. iii) Damage to railway track reported in Kangra. ",0.00011407770231014911
"categorical__Extent of damage_Thiruvananthapuram: Varkala town: i) Damage to crops reported. ii) Many electric cable lines,about 15 electric posts damaged. Low tension wires broke causing disruption in power supply. iii) About 70 houses,few structures damaged.Attingal: i) About 32 houses damaged partially. ii) Tapioca, banana, rubber,other crops damaged. iii) About 7.20 lakhs worth rupees damage reported. iv) 11 KV lines broke causing disruption in power supply. Pallichal village: More than 2 lakhs banana plantations damaged.Malayankeezhu village: i) Acres of banana, tapioca, other crops  damaged. ii) Loss worth lakhs rupees reported. iii) Several trees uprooted,roofs of many houses blown away.  Parashala town: 11 KV line with 4 Electric posts uprooted causing disruption in power supply. Sreekaryam & Malayankeezhu: i) Low lying areas flooded. ii) Roof tops of several houses blown away. iii) 2 houses damaged completely  Wayanad: Kalpetta, Mananthavady & Sulthan Bathery towns: i) Extensive damage to about 500 hectares of crops reported. ii) Extensive damage to banana, tapioca,  arecanut plantations reported. iii) More than 5,000 ripe banana crops damaged  causing about 6.5 lakhs damage reported. iv) About 10,000 banana plantations uprooted. v) Several houses completely,partially  damaged. vi) Damage to a transformer reported due to a huge tree fell on it disrupting 11 KV lines at many places. vii)Roofs of many houses blown away. viii)Several trees uprooted causing traffic disruption. Malappuram: About 620 acres of paddy fields sumerged.  Alappuzha: About 800 acres of agricultural land submerged,crops damaged .  ",0.0001138353839192535
"categorical__Extent of damage_Damage to Rice, Soyabean, Cotton, Tur, Millet, Corn Onion, Tomato, Sugarcane, Corn including fruit crops like Grapes & vegetable crops reported.",0.00011375689433650187
"categorical__Main Cause_flood (krishna, nagavalli, tungabhadra,vamsadhara)",0.00011350179792773342
categorical__Extent of damage_i) Damage to standing crops reported. ii) 838 villages affected.,0.00011342122804441038
categorical__Main Cause_heavy rains & landslides,0.00011307296639939951
categorical__Extent of damage_Low lying areas water-logged,0.00011283615068949482
categorical__Extent of damage_i)Hundreds of houses dmaged ii)Loss estimated to worth Rs. 565 lakh,0.00011282781778574252
"categorical__Extent of damage_Several trees uproooted, roofs damaged, power supply cut off in Jalgaon, Bhusawal",0.00011276277752896096
"categorical__Extent of damage_The Mebar power house,two saw-mills washed away",0.00011269908406726481
"categorical__Extent of damage_i)Low lying areas in the city remained submerged under water for two days , ii)Century's second highest rainfall 54.0 cm in a day recorded by Colaba observatory on 2nd July iii)All low lying areas on both sides of railway lines,a large number of roads submerged under water disrupting railway,vehicular traffic iv)Telecommunication system disrupted v)All principal markets closed vi)Vehicular traffic on Ichalkaranji - Nipani, Kolhapur - Sadoli Khalsa,Gadhinglaj - Nesari, routes,suspended vii)Area under Sangameshwar, Chiplun,Rajapur Police Stations inundated. Sangameshwar market submerged under water viii)Kubadwadi villages encircled by water ix)Heavy damage to crops reported x)Vehicular traffic on Gargoti-Ratnagiri,Gargoti-Chandgad suspended as the connecting roads badly damaged xi)Mumbai-Goa National Highway blocked for 3 dyas due to landslide near Dhamani xii)Vehicular traffic on Poladpurmasla road suspended due to breaches at three places xiii)State Transportation bus service patially or totally suspended",0.00011257174198021242
categorical__Extent of damage_1 building collapsed,0.00011234925135437762
"categorical__Main Cause_heavy rains & floods in sharada, rapti, sharayu & ghagara river",0.00011232156201283907
"categorical__Extent of damage_i) 1.55 lakh Kachchha,5643 pacca houses damaged. ii) 80,000 houses submerged under flood water.  ",0.00011214594557709429
"categorical__Extent of damage_i)Damage to crops reported ii)Damage to several houses reported iii)Several trees/electric poles uprooted causing disruption in vehicular traffic,power supply",0.00011199520326160187
"categorical__Extent of damage_(i)2000 plantains damaged (ii)Damage to rubber,other agricultural property reported (iii)Damage to hundreds of houses reported in Kattakkada (iv)Electric/telephone lines disrupted",0.00011192702451676297
categorical__Extent of damage_i) A small bridge on Hatmati river damaged. ii) Vehicular traffic disrupted.,0.00011168119499891158
categorical__Extent of damage_In Pulpalli:(i)19 houses collapsed (ii)Damage to agriculture reported (iii)Electric supply disrupted due to uprooting trees in Kalpetta,0.00011159612901796234
"categorical__Extent of damage_i)4,436 people in 16 villages affected ii)6,665 hectares of land area,5,567 hectares of agriculture land submerged iii)1,035 houses partially damaged , i)2,98,862 people in 361 villages affected ii)22,366 hectares of crop area submerged",0.00011149418472792335
"categorical__Extent of damage_Damage to the crops,property reported.",0.00011123509213190278
categorical__Extent of damage_Cotton/orange/linseed/wheat crops destroyed,0.0001110422090561619
"categorical__Extent of damage_i)Normal city life completely disrupted ii)119 local trains cancelled iii)Movement of the incoming long distance trains badly affected iv)Vehicular traffic badly affected , i)Bail Bazar,Shivaji Chowk area of Kalyan town innundated by flood water ii)Hundreds of families of hutmens dwellers shifted to safer places iii)Vehicular traffic on Thane-Belapur road suspended",0.00011095138610196789
categorical__Extent of damage_More than 100 villages marooned.,0.00011085023530170423
categorical__Extent of damage_(i) Darjiling-Siliguri road link cut off (ii)Nearly one lakh people affected,0.00011057018333287675
"categorical__Extent of damage_i)Normal life paralysed ii)Vehicular traffic worst hit iii)Train services on different sections of Sealdah,Howrah suspended",0.00011021140165829585
categorical__Extent of damage_150 huts along the bank of river washed away,0.000110202457930658
categorical__Extent of damage_i)Extensive damage to crops reported. ii) About 22 lakhs people affected. ,0.00010964777642444246
"categorical__Main Cause_heavy rains & floods (rapti,beas, etc river)",0.00010943117699461015
"categorical__Main Cause_moderate floods in chenab,tawi rivers",0.00010943031915903972
categorical__Extent of damage_Air/rail/road traffic disrupted.,0.00010938603550705056
categorical__Extent of damage_i)173 villages in Ghatal subdivision submerged ii)3 lakh people rendered homeless iii)Road communication from Ghatal to other town completely disrupted,0.00010915295668006283
"categorical__Extent of damage_(i)Landslide reported in Kollam district (ii)Around 65 houses partially/completely damaged in Idukki,Thiruvananthapuram dist. (iii) Rail services disrupted du to falling of trees over rail track in Thiruvananthapuram dist.",0.00010907365896236363
categorical__Extent of damage_(i) 150 Kachchha houses collapsed. (ii) Low lying areas flooded.,0.00010901103215769392
"categorical__Extent of damage_1) Landslide reported. ii) Extensive damage to crops,property reported. iii) Few houses flooded. iv) Traffic disrupted. ",0.00010894763040254525
"categorical__Extent of damage_i) Some areas,rail track inundated. ii) 100 trees uprooted. iii) Normal life paralysed.",0.00010884040749044905
categorical__Extent of damage_i)Several houses collapsed ii)Vehicular traffic on Jalgaon-Aurangabad road suspended as the bridge over Waghur river submerged,0.00010848155407872383
"categorical__Extent of damage_i) 21 houses completely,22partially damaged. ii) About 12,000 hectares of paddy fields submerged iii) Extensive damage to banana,rubber crops, vegetables reported. iv)Multiple landslides reported. v) Kerala-Tamil Nadu interstate high way traffic disrupted. ",0.00010844514439233645
"categorical__Extent of damage_i)Normal life paralysed ii)Vehicular traffic disrupted , Extensive damage to property reported",0.00010838959115045469
categorical__Extent of damage_i)Low lying areas inundated ii)Srinagar-Jammu highway closed for vehicular traffic,0.00010830108145604078
categorical__Extent of damage_i) Extensive damage to thousands hectares of crops reported. ii) Damage to canal reported from Nandurbar Dist. iii) Damage to more than 4400 houses reported.,0.00010824490860239356
"categorical__Main Cause_moderate(kolab,indravati)",0.00010813513664510217
"categorical__Extent of damage_i) Damage to crops reported. ii) Damage to many houses, Hotels reported. iii) Several trees/electric poles uprooted causing disruption in vehicular traffic & power supply.",0.00010811192978093735
"categorical__Extent of damage_i) Damage to 235925.49 hectares of crops, which is greater than about 33%, reported. ii) Damage to 60910 houses, 101 community halls, GP/PS buildings reported. iii) Damage to 17227 cowsheds reported. iv) Damage to 107 boats, 277 fishing nets reported. v) Damage to 635 piped water system & 93 Minor irrigation projects reported. vi) Damage to roads including National Highways reported.",0.00010804839431103115
"categorical__Extent of damage_i)Cotton, Gram, Orange, Orchards, vegetables,wheat crops in 70,000 hectares damaged ii)1,200 houses damaged iii)6,000 villages affected",0.00010791697349864659
categorical__Main Cause_flood (krishnavati),0.00010748819434330978
"categorical__Extent of damage_i) Damage to Agricultural & Horticultural crops reported. ii) Damage to 689 Pacca & Kacha houses fully or partially reported. Damage to shops & cow sheds also reported. iii) Damage to NH-05 of about 07 to 08-meter road reported due to which people were not able to cross the road on foot. Also, NH -03 blocked.",0.00010745469070968417
"categorical__Main Cause_heavy rains, cloud burst,  floods",0.00010730749724448763
"categorical__Main Cause_flood ( brahmaputra,tributaries)",0.00010726639644581059
categorical__Extent of damage_i) Damage to the crops reported. ii) Power generations shut down in Kullu. iii) Landslides reported at various places including Kumarhatti-Nahan NH. ,0.00010666523263111153
"categorical__Extent of damage_i)10,117 hectares of cultivable land under flood waters ii)Extensive damage to paddy,coconut gardens iii)Loss estimated : Rs. 70 lakhs",0.00010666140418197772
"categorical__Extent of damage_i)6,709 people in 29 villages affected ii)31 hectares of land area,38 hectares of crop land submerged iii)34 houses completely,115 partially damaged",0.00010662508889593928
categorical__Extent of damage_i) Damage to crops reported. ii) Damage to houses reported.,0.00010630660329806959
"categorical__Extent of damage_i) 19 houses completely,5 partially damaged. ii) Extensive damage to agriculture reported. iii) Schedule of air services disrupted.",0.00010621856244309262
"categorical__Extent of damage_Few houses,agricultural areas washed away.",0.00010617520180139865
categorical__Extent of damage_i). Few houses collapsed. 1) Extensive damage to agriculture reported. ,0.00010576811145235392
categorical__Extent of damage_About 100 acres of cultivated land flooded.,0.00010568906793188582
"categorical__Extent of damage_i)9,000 people marooned in North Kolkata ii)2 lakh people in Kolkata, Howrah,24 Pargan districts affected. 10,000 people resucued to safer places iii)Train,air services completely disrupted iv)30,000 telephone sets went out of gear v)Extensive damage was caused by the flooding of Metero Railways tunnel due to heavy rains during 1st week of June 1984",0.00010564963674727174
"categorical__Main Cause_flood (ganga, yamuna,sarayu)",0.00010556604522207547
categorical__Extent of damage_Extensive damage to crop,0.0001055275092508802
categorical__Extent of damage_7453 houses damaged,0.00010529305082664935
"categorical__Extent of damage_(i) 50 houses swallowed by rising sea at Kotpur(Mangalore) of Dakshina Kannada District (ii) Several trees like Devadaru, Banyan, Coconut, Arecanut, Mangoes,Coffee plantations uprooted. On Narndra Bale garden on 5 acre completely razed to the ground (iii) Power supply,traffic disrupted",0.00010497882129597793
categorical__Extent of damage_58000 people affected.,0.00010480913129865761
categorical__State_Nagaland,0.000104713713976941
categorical__Extent of damage_Normal life disrupted at many places,0.00010463652565965334
categorical__Extent of damage_(i)Several houses collapsed (ii)Gagrhial villahe washed away (iii)Several landslides blocked the national highways,0.00010455396803272581
"categorical__Extent of damage_i) About 20,000 bighas paddy crops damaged. ii) About 50 villages inundated. iii) A part of NH 52 damaged. ",0.0001045447287662604
"categorical__Extent of damage_Widespread damaged to houses, trees, electric lines,rubber plantation",0.00010444372240542831
"categorical__Extent of damage_i) Damage to crops worth lakhs of rupees reported. ii) About 12,000 hectares of paddy fields submerged iii) Damage to banana,tapioca crops reported. iv) A poultry farm submerged. v) Landslide reported. vi) Low lying areas flooded. vii) Few houses damaged. ",0.00010414779721670621
"categorical__Extent of damage_i) Cropland of area 25,000 hectares affected. ii) More than 2,90,000 population of more than 300 villages in 12 districts affected. iii)Damage to many RCC roads, bridge & sub way connectivity reported",0.00010388048383315708
categorical__Extent of damage_12 houses collapsed,0.00010358505777048691
categorical__Extent of damage_(i) Widespread damage to crops repoted (ii) Many houses collapsed/damaged,0.00010357087295777108
"categorical__Extent of damage_i) Landslide reported. ji) A portion of highway washed away. iii) A bridge, machinery of a power project destroyed. iv) Stretch of National Highway 88 washed away.",0.00010354781556086282
"categorical__Extent of damage_Landslides near Lakhanpur,Mangati on the Mansarovar pilgrimage route reported. Pilgrims stranded at Bambudi,Barchat",0.00010345872495491371
"categorical__Extent of damage_i) Many people affected. ii) Damage to public,private property reported. ",0.00010327709544214073
"categorical__Extent of damage_ALAPPUZHA : i)Vegetable crops e.g. Beans, Pumkin, Cucumber submerged ii)Alappuzha - Kottayam Pathanamthitta road traffic disrupted iii)Several areas submerged iv)Low-lying areas flooded IDUKKI : i)Severe damage to Agriculture crops including Rubber Teak, Banana, Arecanut, Cardamon,Coconut reported ii)Damage to 3 houses fully,4 houses partially reported KASARAGOD : i)Damage to 50 houses fully,20 houses partially reported ii)Damage to 15,000 Banana plantation, Rubber, Nutmeg, Coconut,more than 100 acres of agriculture crops reported iii)Loss worth crores as per Krishi Bhavan authorities reported KANNUR : Damage to Banana,vegetable crops reported MALAPPURAM : i)Damage to 100 acres of agricultural land,2220 Banana plantation reported ii)Loss worth lakhs rupees reported iii)Several trees including 25 Coconut, Arecanuts uprooted PALAKKAD : i)Damage to more than 10,000 Banana crops reported ii)Damage to more than 20 houses reported iii)Rs.1.5 crores worth damage estimated iv)Several trees, 25 electric poles uprooted causing disruption in vehicular traffic an power supply PATHANAMTHITTA : i)Damage to 20 acres of agricultural land reported ii)15 shops inundated iii)Damage to several vehicles, computers,motors of different shops reported THIRUVANANTHAPURAM : i)Extensive damage to agricultural crops Banana, Tapioca, vegetable in Meenmootil, Vamanapuram, Nelimood, Neyyattinkara, Vellarada etc. reported ii)City area, Coastal areas, low-lying areas,several houses in Poovar, Kanjiramkulam, Pulluvilla,Vanjiyoor police station station flooded iii)Damage to about one hundred houses reported iv)Damage to Thycaud-Women,child hospital reported v)Several trees/electric poles uprooted causing disruption in telecommunication services vehicular traffic,power supply vi)Loss worth lakhs of rupees reported",0.0001031656527359555
"categorical__Main Cause_severe flood(brahmaputra,its tributaries)",0.00010301469204185469
"categorical__Extent of damage_i) 31 roads including 22 main roads,9 highways are completely under water in Kolhapur Dist. ii) Around 80 villages lost contact from rest of the state in Konkan region.",0.00010282007891648517
"categorical__Extent of damage_i)Heavy landslide on Assam-West Tripura road in Atharamuge ranges rendered highway totally ineffected for vehicular traffic ii)An important bridge at Paratia in South district washed away iii)Several mud houses collapsed iv)80,000 families affected v)Large area of Kamalpur sub-division submerged under flood water",0.00010279178301959733
"categorical__Extent of damage_i)2 lakh people affected ii)Several hectares of standing paddy,other vegetable crop submerged",0.00010274075498313975
"categorical__Extent of damage_i) Roads washed away, traffic,transport disrupted. ii) Extensive damage to crops reported. iii) Many houses damaged. iv)  Sri Potti Sriramulu Nell* district worst affected. ",0.00010267709884260521
"categorical__Extent of damage_i)34,316 people in 23 villages affected ii)4,621 hectares of land area,3,527 hectares of crop area submerged iii)9 houses partially damaged , i)1,99,600 people in 153 villages affected ii)1,44,747 hectares of land area,24,235 hectares of cropped area submerged iii)200 houses completely,8,000 partially damaged",0.00010261974502381033
"categorical__Extent of damage_i)Damage to agricultural land reported ii)Damage to several Govt. building,residential houses reported",0.00010260886452140504
"categorical__Extent of damage_(i)More than 12,000 people evacuated to safer places (ii)Damoh cut off for vehicular traffic",0.00010219217206696499
"categorical__Extent of damage_i) Extensive damage to the standing crops reported. ii) About 25,000 people of 1200 villages affected. iii) NH-52 beached at the two places. ",0.0001021752219198381
categorical__Extent of damage_i) Low lying areas submerged. ii) Traffic on Dehradun national highway disrupted.,0.00010217155434945387
categorical__Extent of damage_i) Damage to 1008 Katcha houses reported. ii) Damage to some small bridges reported. iii) Vehicles washed away.,0.00010215537286627746
"categorical__Extent of damage_i)300 families rendered homeless in Mandi district ii)Property worth Rs. 4 lakh damaged in Kangra, headquarters of Kangra district iii)In Hamirpur, 200 houses collapsed iv)Extensive damaged to crop, roads, buildings,bridges reported",0.00010201254835000113
"categorical__Extent of damage_(i)2500 villages covering an area of 4.43 lakh hectare,with a population of 13. 4 lakh people, affected (ii)Standing crops in 58,000 hectare damaged (iii)Tributary Arie of Brahmaputra breached a portion of railway track between Bijnor,Chapra stations disrupting train services on Gauhati-New Bongaigaon section of NE frontier railway (iv)National Highway  between Bijnor,Chapra,Ata  submerged under flood water.",0.00010195861688440779
categorical__Extent of damage_i)Low lying areas submerged. ii)Damage to many houses reported. ,0.00010191963460286445
categorical__Extent of damage_(i)Nearly half a dozen landslides reported in Kannur (ii)Hundreds of houses damaged (iii)Thousands of people marooned. 3000 families shifted to safer places (iv) Widespread damages to agricultura also reported,0.00010169179761406785
"categorical__Extent of damage_i)Roofs of hused blown away ii)Several trees/electic poles uprooted causing disruption in vehicular traffic,power supply",0.00010143714188410888
"categorical__Extent of damage_i) Damage to standing crops reported. ii) About 24,393 people affected of 43 villages affected. iii) Landslide reported. ",0.00010143035152519002
"categorical__Extent of damage_i) About 30,000 hectares of crop affected. ii) About 11,000 hectares of paddy fields submerged. iii) Thousands of houses damaged. iv) Landslide reported. v) Low lying areas flooded. ",0.00010131608642273464
"categorical__Main Cause_severe (kalawli, vashishti,shastri)",0.00010125396817233367
"categorical__Extent of damage_i). More than 1000 villages affected. ii) Road/rail communication cut off. iii) 100 houses completely,172 partially damaged. 700 houses washed away,200 submerged. iv) NH31 overtopped by flood waters at several places v) Crop in 7460 hectares damaged.",0.00010114448640861965
"categorical__Extent of damage_i)4 barges,3 launches capsized near Haldia in Hugli district ii)Embankment across river Ganga breached at several places iii)300 Kachchha houses collapsed in Purba Medinipur district",0.00010095670790060813
"categorical__Extent of damage_i)5 million affected in 150 villages in Vasai, Palghar, Dahanu, Bhivandi-Mokhada talukas ii)Maximum damage caused in Wada,Vasai talukas, where 1500 hectares of cultivated land damaged iii)Several Adivasi families rendered homeless in Vasai taluka iv)Property worth lakhs of rupees damaged v)Several villages in Vasai,Bhivandi talukas submerged under water for 48 hours vi)Many people trapped on tree tops at Ghateghi,Shairam villages vii)70 houses submerged,7 houses collapsed viii)8 fully loaded trucks washed away on Mumbai-Ahmadabad road near Tansa bridge, 75 km from MUmbai ix)50 boats anchored along the river-side swapt away,20 more vessels damaged",0.00010086275036642184
categorical__Extent of damage_Many houses collapsed/damaged,0.00010081546155176393
categorical__Main Cause_flood (yamuna),0.000100642381651112
categorical__Extent of damage_i)Chhindwara town cut off from rest of the state ii)Vehicular traffic completely disrupted,0.00010049975817070824
"categorical__Main Cause_flood ( ganga,phulhar)",0.00010029737674866419
categorical__Extent of damage_i)Several thousand people rendered homeless ii)Normal life disrupted iii)Road/ Railway traffic paralysed,0.0001000064505381303
"categorical__Extent of damage_i) 1,81,511 population of 528 villages of 33 blocks affected. ii) Damage to 5,136 houses reported.",9.986732127295695e-05
categorical__Extent of damage_i)Normal life completely paralysed ii)Different parts of Northa Kolkata submerged iii)City traffic collapsed as major through faces remained under several feed of water iv)Metro railway services badly damaged,9.978275706492694e-05
"categorical__Extent of damage_i)In Mangalore city 2 houses collapsed,15 damaged ii)Low lying areas innundated in flood water",9.967028776437564e-05
categorical__Extent of damage_(i)Many areas inundated (ii)Drilling operation in oilfields partially afffected (iii) Over 1 lac people seriously affected  ,9.962938085046822e-05
categorical__Main Cause_flood (cloud burst),9.949858227757667e-05
"categorical__Extent of damage_i) Damage to more than 10 vehicles reported. ii) Damage to building, roads reported.",9.943005159434311e-05
categorical__Extent of damage_(i) Thousands of people shifted to safer places (ii)Extensive damage to public/private property reported (iii) Mumbai bound trains cancelled as tracks overflown,9.935035405457535e-05
"categorical__Extent of damage_10 houses washed away,",9.931949727808702e-05
categorical__Extent of damage_i)493 huts destroyed ii)Several roads breached,9.928678599424775e-05
categorical__Main Cause_heavy rains & flood in mahananda river,9.917800738533898e-05
"categorical__Extent of damage_i) Cropland of area more than 83,000 hectares affected. ii) More than 14,90,000 population of more than 2400 villages in Twenty Four districts affected. iii) Damage to roads, RCC Bridge/Culvert, reported. Also, National Highways/ Sub ways blocked the road connectivity due to flooded water.",9.891400718283531e-05
"categorical__Extent of damage_i) Crop land of area more than 1,31,300 hectares affected. ii) More than 39,79,000 population of more than 3200 villages in 28 districts affected. iii) Damage to roads, RCC Bridge/Culvert, sub ways reported. Also, National Highways/ Sub ways blocked the road connectivity due to flooded water /Landslide.",9.882983308330892e-05
categorical__Extent of damage_i)Thousands of houses damaged ii)Thousands of livestock lost iii)Lakhs of hectares of crop land submerged iv)Extensive damage to crop reported v)The loss estimated to worth Rs 155 crores,9.828826183543188e-05
"categorical__Extent of damage_i) Damage to more than 60 roads,50 army quarters reported due to landslides in Kangra. ii) Number of kachcha houses,electric poles washed away. ",9.817903957894953e-05
"categorical__Extent of damage_One,half dozen houses damaged",9.79433766593057e-05
"categorical__Extent of damage_i)Normal life completely paralysed ii)Thousands of huts damaged iii)Large number of houses collapsed rendering thousands of families homeless iv)Low-lying areas flooded , i)Building including primary health centre, post office, primary school,co-operative stores at Gedde collapsed ii)Large number of trees uprooted iii)Train services between Mettupalayam,Coonoor disrupted due to landslide iv)Road communication between Kotagiri,Coonoor,Kotagiri,Uthagamandalam disrupted due to landslide",9.756868597875669e-05
"categorical__Extent of damage_i)187 villages marooned ii)About 1.5 lakh people affected iii)4047 hectares of paddy crops damaged iv)The bund of Vamsadhara barrage washed away v)A stretch of 18km rail track,two bridges damaged, train services disrupted vi)Fodder loss : 2146 tons vii)Thousands of mud huts collapsed viii)Loss to roads : Rs.50 lakhs ix)Extensive loss to electricity system x)Estimated loss : Rs 488 lakhs",9.73292672031199e-05
categorical__Main Cause_floash flood(jinjiram andrangai),9.731418788410711e-05
"categorical__Extent of damage_i) 4 houses completely,153 houses partially damaged. ii) Damage to crops worth Rs. 60 lakhs reported. iii) Damage to property worth Rs.8 lakhs reported. iv) About 10,000 banana plantations damaged. ",9.707394738843314e-05
"categorical__Extent of damage_The rivers Teesta,Mahananda were in spate causing heavy land slides",9.689788459001943e-05
categorical__Extent of damage_Extensive damage to Soya crop over 500 acres of land reported.,9.67238255631758e-05
categorical__Extent of damage_Damage to crop reported.,9.637827337022067e-05
"categorical__Extent of damage_i) 2 houses completely,74 houses partially damaged. ii) Extensive damage to agriculture in 84.2 hectares reported",9.632710417307544e-05
"categorical__Extent of damage_(i) 16,225 families affected. (ii) 70 to 80% crop damaged. (iii) 2 bridges washed away.",9.630447747078831e-05
categorical__Extent of damage_i) Damage to crops in about 6500 hectares reported. ii) About 4600 houses damaged. iii) Damage to thousand hectares of paddy crops reported. ,9.620378923173221e-05
categorical__Extent of damage_i)In Buldana district property worth Rs. 1.35 crore damaged ii)100 persons shifted to safer places iii)Standing crops worth million of rupees destroyed,9.619204636474714e-05
categorical__Extent of damage_1 lakh people rendered homeless,9.603466988954158e-05
categorical__Extent of damage_(i)Damage to crops reported (ii) Road communication disrupted,9.56518635278743e-05
"categorical__Extent of damage_i) Partial damage to houses, cow-sheds reported. ii) Several trees uprooted & fell on vehicles causing damage. iii) Vehicular traffic disrupted due to damage of roads.",9.552666896086392e-05
categorical__Extent of damage_More than thousand houses damaged,9.54337112546133e-05
categorical__Main Cause_flash floods in lohit river,9.533056530990912e-05
categorical__Extent of damage_2 bridges washed away,9.519225388572114e-05
categorical__Extent of damage_i)100 houses damaged ii)High level bridges on Bhubaneshwar-Bargarh road-wahed away iii)Road communiction disrupted iv)Many areas submerged under flood water,9.517988759066034e-05
categorical__Extent of damage_i)Thousands of families rendered homeless ii)Tripura remain cut off from rest of the country,9.513909833782018e-05
"categorical__Extent of damage_(i)Central harbor,western railway services dispruted (ii)Thousand of huts flooded (iii) Many trees uprooted, walls collapsed,electric wires snapped off",9.475228434752738e-05
"categorical__Main Cause_severe flood (bharali, jaidhal, jia, semen)",9.473062684480421e-05
categorical__Extent of damage_A bridge at pelykhedi damaged,9.466444898070098e-05
"categorical__Extent of damage_i)About 27,248 people of 72 villages effected ii)The crops about 1,582 hectaes of crop land affected",9.463548405213989e-05
"categorical__Extent of damage_i) Damage to houses reported. ii) Normal life disrupted. iii) About 1,900 people shifted to safer places.",9.458790278565589e-05
"categorical__Extent of damage_i)Low lying areas flooded ii)Normal life paralysed iii)Local train services disrupted iv)Long distance trains delayed v)The basement of General Post Office C.S. Terminus flood,500 bundles of mail destroyed vi)Mumbai-Pune Express train/Air line services delayed",9.445245764600992e-05
"categorical__Extent of damage_i) Damage to Rice, Sugarcane, Onion, Soyabean, Turmeric, Grapes, Pomegranates crops reported. ii) About 4000 farmers affected. iii) Damage to houses, huts & shops reported. iv) Damage to a Ghat wall in Pandharpur reported. v) Several trees/electric poles uprooted causing disruption in vehicular traffic & power supply.",9.434078164020056e-05
categorical__Main Cause_flood(dhasan),9.42470348652927e-05
categorical__Extent of damage_i)8 houses damaged ii)Agriculture property worth Rs. 20 lakh destroyed iii)191 houses in Kottayam district damaged,9.421149662397715e-05
"categorical__Extent of damage_(i) 1000 mud houses collapsed. (ii) 25,000 people affected. (iii) 200 people evacuated to safer places.",9.393019977732415e-05
"categorical__Extent of damage_i)City life completely paralysed ii)On central railway, local,through train services completely disrupted due to flooding of tracks between Byculla,V.T. iii)Loading,unloading of the dock-yard suspended iv)Fire bridge attended 132 calls , Property worth Rs. 1.60 crore damaged",9.388814381552934e-05
categorical__Extent of damage_i) Landslide reported. ii) One lakh people shifted to safer places. iii) Kashmir valley cut off from the rest of the country iv) Low lying areas flooded.,9.363600251100185e-05
categorical__Extent of damage_i) About 1.5 lakh people affected. fishermen were reported ii) Low lying areas flooded.,9.362262038109299e-05
categorical__Extent of damage_Damage to Paddy crops resulting loss of lakhs of rupees reported,9.351224667691569e-05
categorical__Extent of damage_47 villages cut off for vehicular traffic.,9.350440856177644e-05
"categorical__Extent of damage_i) Thousand acres of crop damaged. ii) Low lying areas inundated. iii) Many houses, bridges,buildings damaged. iv) Trees / electric poles uprooted. ",9.340662261386837e-05
categorical__Extent of damage_200 yards of railway line washed away,9.320207078477792e-05
"categorical__Main Cause_severe flood (jiadhal,semen)",9.305117956498777e-05
"categorical__Extent of damage_i) Agriculture crops damaged. ii) Many houses, roads flooded. iii) A bridge in Hosanagar taluk, Shivamogga Dist. collapsed.",9.303645636118014e-05
categorical__Extent of damage_One building collapsed in South Mumbai,9.278994596095762e-05
"categorical__Extent of damage_i) About 1000 houses washed away,many damaged.. ii) 4 highways disrupted. ",9.276850318265439e-05
"categorical__Extent of damage_i) Landslides reported. ii) Many villages inundated affecting about 1 lakh people in the district. iii) Many houses washed away. iv) People shifted to safer places. v) NH-51, roads,many bridges damaged,washed away. ",9.270797188989267e-05
"categorical__Extent of damage_i)About 12 lakh people affected ii)Paddy,Sugar crop in the area of 80,000 hectares of land damaged iii)About 750 lift irrigation points damaged",9.269647025582492e-05
"categorical__Extent of damage_i)Many low lying areas flooded. Life in Delhi city completely paralysed ii)H.T. wires snapped at many places,several electric poles uprooted disrupting power supply,telephone services iii)100 vehicles stranded",9.259544221873295e-05
"categorical__Extent of damage_i)30 houses washed away,1000 families affected ii)Banana, ginger,paddy crops affected",9.189100302996729e-05
"categorical__Main Cause_flood(jagbudi, kajali,vashishthi)",9.185248553412437e-05
"categorical__Main Cause_heavy rains, moderate, severe",9.154036327191389e-05
"categorical__Extent of damage_i)80,265 people in 322 villages affected ii)9,015 hectares of land area,2,864 hectares of cropped area submerged iii)6 houses partially damaged",9.138944038608647e-05
"categorical__Extent of damage_Several parts of Coimbatore district were severely hit, 600 huts were damaged,2000 persons were rendered homeless, floods in Vaigal river in Madurai district rendered 100 families homeless",9.107412768551268e-05
"categorical__Main Cause_severe (godavari, manjira, lendi,manya)",9.107272094115683e-05
"categorical__Extent of damage_(i)Landslide reported (ii)Road communication affctd. Gangotri, Riskhikesh,Badrinath cound traffic stranded",9.061401911538764e-05
"categorical__Extent of damage_(i)About 5000 farmers in 10 blocks of the dist. affected (ii)Several hundred of people rendered homeless, when flood water washed away their mud houses (iii)2 houses at the upper Kolah hydro project washed away when  a confer dam at the project site gave away under the pressure of flood water (iv)Number of wooden bridges damaged,connecting roads breached (v)Widespread damage caused to crop",9.03182754662946e-05
categorical__Extent of damage_Many houses damaged,9.01839703181871e-05
categorical__Main Cause_heavy rains & flash flood as a result of cloud burst,9.013425387232032e-05
"categorical__Extent of damage_Recorded,exceptionally heavy rainfall of 58cm in Twenty Four hours on 5th July, which was the highest on record. Low level areas in Mumbai were heavily flooded,city life was completely paralysed. Damage to Railway,public property was estimated at Rs. 6 crores.",9.013268611400923e-05
categorical__Extent of damage_10 villages from Alwar district & 36 villages from Baran districts cut off from nearby areas,9.000342242077816e-05
"categorical__Extent of damage_i)Damage to vegetables,Maize crops reported ii)A bus stand at Dharampur, District Mandi inundated iii)Several vehicles washed away in flashflood iv)100 shops submerged v)Several roads including Theog Hatkoti road, Kangra - Dharamshala Nh-88 roads blocked due to landslide",8.99803982854778e-05
categorical__Extent of damage_(i)More than 300 people lost hutments in Mandvi taluk (ii)Vehicular traffic disrupted as the bridge was damaged on Nandihalla village of Sindanoor taluk (iii) 3 cars damaged,8.965451096029487e-05
categorical__Extent of damage_i) 39 villages inundated. ii) A railway track washed away. iii) Standing crops damaged.,8.960303957871589e-05
categorical__Extent of damage_i)Several Kachchhcha houses collapsed ii)Road communication disrupted due to damage of road,8.950274187025632e-05
"categorical__Main Cause_heavy rains , severe flood",8.950172482277958e-05
"categorical__Extent of damage_i)1218 houses/huts damaged ii)Widespread damage to property,agriculture reported",8.94780608592978e-05
"categorical__Extent of damage_i)Over hundred huts washed away in flooded Amara vathi river ii)2,500 people rendered homeless iii)225 irrigation tanks breached",8.93148482525215e-05
"categorical__Extent of damage_i) Around 2,000 people shifted to safer places. ii)Damage to crops reported. iii) Landslides at 18 places reported causing road traffic disruption on Kollam-Theni,Kochi-Madhura NH. iv) 65 houses completely,117 houses partially damaged.v) Road traffic,power supply on Punalur-Murattupuzha state highway disrupted. vi) 3 bridges across Pampa river submerged. ",8.929509653267433e-05
categorical__Extent of damage_Landslides reported from Assam- Mizoram border near Hailakandi,8.922163769986677e-05
categorical__Extent of damage_i) Catchment area of Bhima river inundated. ii) About 6000 acres of crop area damaged. ,8.921942028660713e-05
"categorical__Extent of damage_i) Rail/road/air traffic disrupted.ii) 2 houses completely damaged. iii) Roads,houses flooded. ",8.919265401060504e-05
"categorical__Extent of damage_a)Landslides reported near Lakshman Zoola b)Banks breached, people residing in the dozens of villages marooned. People shifted to safer places",8.917049742301246e-05
"categorical__Extent of damage_i) Damage to many roads, Bridges reported. ii) A building collapsed in Chamba Dist. iii) A tractor washed away in Nadaun city of Hamirpur Dist.",8.889156447017614e-05
"categorical__Main Cause_heavy rains, (flooding of tawi river.)",8.871449144765567e-05
categorical__Extent of damage_One house collapsed,8.844122253478716e-05
categorical__Extent of damage_i)VHF tower of Lunglei district collapsed ii)One Govt. hospital at Saiha collapsed while Govt. hospital at Lunglei partially dmaged iii)Vehicular traffic suspended at various places due to land slides iv)Telecommunication system completely disrupted,8.81004817652544e-05
categorical__Extent of damage_No. of huts in low lying areas of Madras city submerged under rain water,8.800870992438211e-05
"categorical__Main Cause_floods in koshi, bagmati, mahananda & gandak river due to heavy rain in nepal",8.800556242817683e-05
categorical__Extent of damage_i)14 houses damaged. ii)Rubber crop affected. iii) NH-212 disrupted due to landslide. iv) Low lying areas submerged. v) Trees/electric poles uprooted. ,8.725106073284092e-05
"categorical__Extent of damage_i)Around 20,000 people shifted to safer places ii)Pilgrimage city of Pandharpur was almost submerged,normal life disrupted",8.719244795671597e-05
"categorical__Extent of damage_i) Landslide reported in Wayanad district. ii) More than 10,000 palm trees uprooted in Wayanad district. iii) 1766 houses completely,1240 partially damaged. iv) Extensive damage to agriculture reported. v) Traffic,electric lines disrupted. vi) Roofs of houses/school blown away. vii) Bridge flooded,low lying areas submerged. ",8.71811856312031e-05
"categorical__Main Cause_severe (krishna, ghatprabha,vedganga)",8.697826327958498e-05
"categorical__Extent of damage_i)Road communication between Bhubaneswar,Bhanjanagar via Belaguntha cut off, following damaged to a bridge over river Loharkhandi near Bhanjanagar ii)Operational work of paradeep port affected",8.670027060695249e-05
"categorical__Extent of damage_i) Landslides reported. ii) Damage to crops reported. iii) Nahan-Panota,Mandi-Pathankot highway blocked. iv) Jogindernagar-Pathankot railway service blocked due to landslides. ",8.660076552302182e-05
categorical__Extent of damage_23 houses collapsed in Jodhpur,8.621369596592139e-05
"categorical__Main Cause_heavy to very rainfall/flash floods (saraswati,mandakini rivers,its tributaries triggered by very heavy rainfall,lake burst), cloudburst on jun16 &17 jun, massive landslides,avalanches reported at multiple places.",8.620944261611498e-05
"categorical__Extent of damage_i)72 tankss breached ii)Banks of Challakalra, Swarnamukti,Kalengi rivers breached at several places iii)Property worth Rs. 1 crore lost",8.611691561563056e-05
categorical__Extent of damage_5 houses damaged,8.609100697261166e-05
"categorical__Extent of damage_i) Damage to agricultural land reported. ii) Damage to more than 230 houses, 50 shops, Twenty Four cowsheds reported. iii) Damage to 10 water mills, water supply lines reported. iv) Damage to more than two dozen local footbridges,about 60 connecting roads reported.",8.598967458225306e-05
categorical__Extent of damage_Landslide reported in Badiargarh area.,8.597987212359904e-05
categorical__Extent of damage_i) Extensive damage to standing crops reported. ii) Lakhs of people affected. ,8.588443272437861e-05
categorical__Extent of damage_i) Many villages affected. ii) Road communication disrupted. ,8.576165708374917e-05
"categorical__Extent of damage_i) Thousands of banana, rubber,betel-leaves plantations,crops in Neyyattinkara & Katakkada Tehsils damaged. ii) Several electric,electronic equipments damaged. iii) Damage worth rupees lakhs reported. iv) Roofs of several houses blown away. v) 10 houses completely,15 partially damaged. vi) Low lying areas inundated. vii)Several trees/electric poles uprooted causing disruption in vehicular traffic,power supply. ",8.574407914014012e-05
"categorical__Main Cause_heavy rains, flash flood as a result of cloud burst",8.572047491737866e-05
categorical__Extent of damage_500 Houses destroyed,8.57007920302665e-05
categorical__Extent of damage_(i) Extensive damage to crop reported. (ii) Hundreds of houses damaged. (iii) Railway track inundated. .,8.522686704688758e-05
"categorical__Extent of damage_Large number of houses,bridges washed away",8.522553566280111e-05
"categorical__Extent of damage_(i)Ratnagiri,Sindhudurg worst affected districts (ii)A large hillock near Sangameshwar town slipped,settled down on the road blocking nearly 5000 sq km area on 27th.(iii)1848 houses damaged, Loss estimated worth Rs. 47.25 lakh (iv) The loss to govt,Semi govt property estimated to worth of Rs, 230 lakh (v) 5000 hectares of agricultural land,14000 farmers ijn Ratnagiri dist,10,978 farmers in Sindhudurg dist affected. Loss estimated as Rs. 327 lakh (vi)The low lying areas in Sangameshwar town were under 3 metres of water for two consecutive days (vii)Major,minor landslides reported in 59 villages of Ratnagiri district (viii)30 schools run by Z>P completely destroyed (ix)Electric supply in 101 villages affected (x) 1200 tonnes of rice in Govt godown damaged (xi)Vehicular traffic disruped. Mumbai-Goa national highway blocked to traffic due to landslides",8.513737150275077e-05
"categorical__Extent of damage_i)Thousands of hectares of coconut,cashewnut plantations destroyed in Ichapuram, Kaviti, Sompeta, Mandasa,Kanchili Mandals ii)Several electric poles,telecom line damaged iii)8 irrigation bunds damaged in Ichaapuram,Sompeta iv)Hundreds of thatched houses damaged",8.513384910843503e-05
categorical__Extent of damage_Communication to about 25 villages disrupted.,8.512892317004605e-05
categorical__Extent of damage_3 houses damaged,8.505499840004453e-05
"categorical__Extent of damage_i)Several villages marooned ii)Large number of houses collapsed iii)1,000 people rendered homeless iv)Brindavan garden submerged v)Ranganathitto,internationally famous bird snctuary near Srirangapatnam extensively damaged",8.474457988703845e-05
categorical__Extent of damage_i)Vast areas inundated ii)Standing crop damaged,8.474369220286455e-05
categorical__Extent of damage_Standing crop in more than 25 villages damaged,8.466865281414951e-05
categorical__Main Cause_narmada river in spate,8.444297000042684e-05
"categorical__Extent of damage_i) Few houses damaged. ii) Many trees/electric poles uprooted disrupting road traffic,power supply. iii) Landslides reported in Theni district. ",8.42808692595473e-05
"categorical__Extent of damage_i)Low lying areas submerged ii)250 huts partially damaged ,  16 houses completely,80 partially damaged , 17 houses completely,27 partially damaged",8.398747661459333e-05
categorical__Extent of damage_24 Kachchha houses swept away.,8.387071282878753e-05
categorical__Extent of damage_Torrential rain causes damage to many houses.,8.379433606352428e-05
categorical__Extent of damage_) Damage to 350 houses reported. ii) 2580 acres of crops damaged. iii) 4500 acres paddy crops damaged in Guntur. ,8.376628186528102e-05
"categorical__Extent of damage_i) Damage to Banana,Pomegranate orchards reported. ii) 93 houses damaged. ",8.37493419386266e-05
"categorical__Extent of damage_i)1500 acres of land submerged. ii) Old Jalandhar,Patiala inundated. ",8.360074622153596e-05
categorical__Extent of damage_i)Many houses collapsed in Desu Jodha tehsil ii)Crops in 5000 acres damaged ,8.35493479424675e-05
"categorical__Extent of damage_i)Normal life completely paralysed ii)10 houses damaged in Thane iii)Suburbanan railway services completely disrupted iv)One multi storeyed building collapsed,several houses in Mumbai damaged v)3,000 people shifted to safer places in Ulhasnagar vi)Low lying areas flooded vii)Public transport completely disrupted",8.347386031585772e-05
"categorical__Extent of damage_Landslides reported in Khed taluka,Poladpur-Mahabaleshwar road. Bhandara, Gondia:i) 7 houses completely,100 houses partially  damaged. ii) 33 cattle sheds damaged. ",8.344186685200495e-05
"categorical__Extent of damage_i) About 235 houses inundated,500 houses damaged. ii) 750 acres of field inundated. i) 28,493 houses collapsed. ii) A wall collapsed in chemical factory. ",8.338397680701312e-05
"categorical__Extent of damage_i)Ganjam district worst affected ii)50,24 lakh people affected iii)Crops in 2.24 lakhs of hectares damaged iv)1,135 schools,public building,77,000 private house damaged v)592 breaches occured in different rivers,canals vi)Damage to crops estimated to worth Rs. 88.39 crores",8.310786020189733e-05
categorical__Extent of damage_Thousand acres of crop submerged.,8.29563875527371e-05
categorical__Extent of damage_Number of houses collapsed,8.280136479189567e-05
"categorical__Extent of damage_i) Damage to Soyabean, Tur, Mug, Udad, Cotton, & other crops reported. ii) Damage to many houses reported. iii) More than 53,000 people from 175 villages including 76 villages in Bhandara district, 61 in Nagpur, 22 in Chandrapur & 16 in Gadchiroli districts in Vidarbha region evacuated. iv) More than 92, 000 people affected from Bhandara, Chandrapur, Gadchiroli, Nagpur districts of vidarbha. v) Two teams of the Army deployed in Pombhurna tehsil,Ladaj village of Brahmapuri tehsil of Chandrapur.",8.269318577419952e-05
"categorical__Extent of damage_i)Flood water entered into the villages situated on the Umarkhed road ii)200 houses,trees swept away iii)Extensive damaged to property reported ",8.266158098032404e-05
"categorical__Main Cause_severe (betwa,kunwari)",8.256436968163653e-05
"categorical__Extent of damage_i) More than thousands of pilgrims of Char Dham on the Gangotri,Yamunotri routes, Hemkund, Roopkunda,tourists/trakers of Valley of flowers stranded. ii) Lakhs of people shifted to safer places. iii) Many roads including state highways, infrastructures, villages washed away/damaged. iv) Many Hydroelectric projects, houses, water schemes, bridges, commercial,residential buildings, hotels, rest houses, shops, temples, telephone towers, vehicles destroyed/ drifted in the floods of rivers. v) Damage to the cash crops especially apple crops reported.    ",8.248525471744373e-05
"categorical__Extent of damage_i)Extensive damage to standing crops reported. ii) NH-37,NH-39 disrupted. iii) About 30 villages inundated ",8.244400424660881e-05
"categorical__Extent of damage_(i)In Gudiyathan, 42 huts washed away due to flash floods in Mahakamanta river (ii)Flood water entered in  a secondary high school",8.216302279002068e-05
"categorical__Extent of damage_i) Extensive damage to the crops reported ii) 5,550 families in 45 villages affected",8.205639759476095e-05
"categorical__Extent of damage_i)Large number of villages marooned ii)Extensive damage to property,crop reported",8.204640673120198e-05
categorical__Extent of damage_i)Landslides reported. ii)Shimla-kalka train services disrupted. ,8.202647791481466e-05
"categorical__Extent of damage_i)Damage to crops reported ii)Damage to many houses reported iii)Several trees / electric poles uprooted causing disruption in vehicular traffic,power supply",8.180177972229027e-05
"categorical__Extent of damage_i)In Belkota, Dammur,Ambalga villages, 82 families forced to leave their houses ii)Green gram, Black gram, Jowar, Sesame,Banana on thousands of hectares destroyed iii)14th hair-pin bend in Agumbe ghat collapsed completely causing deep cracks of almost 80 ft,disrupting traffic",8.161115785081574e-05
"categorical__Main Cause_flash flood (jhelum, chenab)",8.147368948331251e-05
categorical__Extent of damage_2 bridges collapsed causing heavy loss,8.134627453123211e-05
categorical__Extent of damage_The three floor building collapsed.,8.126279338302144e-05
"categorical__Extent of damage_i)Normal life completely paralysed ii)Suburbanan transport service disrupted iii)Loading/unloading operations at the port affected iv)Domestic/International flights delayed v)Fire brigade attended 30 calls of electric short-circuit , i)Low lyong areas of Sangameshwar,Dapoli, Chiplun,Khed submerged under flood water ii)Road communication between Ratnagiri,other parts of the state completely suspended",8.103458075260456e-05
"categorical__Extent of damage_i)Landslide reported. ii)Vehicular traffic, telecommunication disrupted.",8.093035365529397e-05
"categorical__Extent of damage_(i)320 houses washed away or collapsed,2770 damaged (ii)Standing crop worth Rs. 1.2 crore in 5669 hectares damaged",8.092381445084127e-05
categorical__Extent of damage_i)Landslide reported. ii) A wall collapsed. ,8.085553207106657e-05
"categorical__Extent of damage_One well,pump shed destroyed due to landslide in Kunta. Estimated loss upto 35000 rs.",8.082016242751324e-05
categorical__Extent of damage_Damage to 50 houses in Manohar Thane Tehsil of Jhalwar district reported,8.066041700529654e-05
"categorical__Extent of damage_i) Low lying areas,crop land inundated. ii)Damage to many houses reported. iii)About 50 villages affected in Satara. iv) Road traffic electricity/ telecommunication services disrupted. ",8.056327422140555e-05
"categorical__Extent of damage_(i) Low lying areas flooded. (ii) One fishing boat sank,39 others damaged. (iii) 1000 houses fully damaged. (iv) 1.4 lakh acres of cropped land submerged. (v) Public/private property worth Rs. 260 crores damaged. Road,other public utility worth Rs.180 crores damaged.",8.042432932820201e-05
"categorical__Extent of damage_i)Road,telecommunication disrupted due to heavy landslides ii)Three bridges washed away iii)Number of villages in low lying areas inundated iv)Part of Tezu town damaged",8.039746398723459e-05
"categorical__Extent of damage_i) Trees/poles uprooted ii) Rail/road/air traffic disrupted. iii) Roads,houses submerged. ",8.030201908389166e-05
"categorical__Main Cause_flood (brahmaputra,its tributaries)",8.013939149808571e-05
categorical__Extent of damage_i) Damage to Sugarcane & other crops reported. ii) Damage to more than 100 houses reported. iii) Many persons shifted to safer places. iv) Rail traffic disrupted. v) Several trees/electric poles uprooted causing disruption in vehicular traffic & power supply.,8.008989804107293e-05
categorical__Extent of damage_5 villages including Gandhigram submerged under flood water disrupting vehicular traffic,7.999385411674438e-05
"categorical__Extent of damage_i) 82 houses completely,273 houses partially damaged. ii) Extensive damage to agriculture reported. iii) Low lying areas flooded. ",7.98960904215169e-05
"categorical__Extent of damage_3 houses, 2 low sheds, 3 shops, 5 water mills,16 khokas washed away",7.988792393868962e-05
"categorical__Extent of damage_i)Damage to 70894 acres of crops of estimated value of Rs. 55 crore reported ii)31,754 populations affected iii)Loss of estimated cost Rs. 46,78,900/- reported as 226 houses damaged",7.982239454384225e-05
categorical__Extent of damage_i) Agricultural field inundated. ii) A temporary bridge washed away in Uttara Kannada Dist. iii) Several trees/electric poles uprooted causing vehicular traffic & power supply disruption.,7.968354927295746e-05
categorical__Extent of damage_i) About 20 houses partially damaged  ii) Estimated value of damage to public property about Rs. 630 lakhs reported. ,7.934701969818915e-05
categorical__Extent of damage_i) A house collapsed ii) Several trees/electric poles uprooted causing vehicular traffic & power supply disruption,7.924578033850199e-05
"categorical__Extent of damage_i)14,515 houses fully,41,958 partially damaged ii)Major,minor crop including cotton, sunflower,onion in several thousand hectares affected iii)Extensive loss to public,private property reported iv)Road stretching about 1055 km damaged v)Some two-wheelers damaged,a car completely crushed under uprooted trees in Bengaluru Rural city,another Maruti car completely crushed due to wall collapse in Chincholi town vi)One canal in Narayanpura village,a tank in Shivamogga district breached,another tank named Dodda ranganath tank in Kollegala town flooded",7.922534057599272e-05
"categorical__Extent of damage_i)Damage to more than 3,000 Banana plants, Onion crop in 40 acre land, Coconut trees, Pomegranate, Betel nuts reported ii)Damage to Rose garden causing loss of lakhs of rupees reported iii)Damage to many houses reported",7.921015095577548e-05
"categorical__Extent of damage_i)2,225 houses damaged ii)Kharif crops badly destroyed",7.905560919701711e-05
categorical__Main Cause_severe (flash floods),7.904496227511724e-05
categorical__Extent of damage_Damage to 6 houses reported.,7.901062362687742e-05
categorical__Extent of damage_i)Damage to Betel nut crops reported ii)Damage to many houses reported iii)About 400 electric poles uprooted causing disuption in power supply for a week,7.89885371664503e-05
categorical__Extent of damage_i)Several houses collapsed ii)Jammu-Srinagar national highway closed to vehicular traffic,7.893559760064361e-05
"categorical__Extent of damage_Flooded the rivers Teesta, Mahananda, Ranjit,Mechi,515 acres of Aman crop were affected",7.883282902994896e-05
categorical__Extent of damage_4740 families affected.,7.87423746887077e-05
"categorical__Extent of damage_Wall collapse, house crash reported.",7.857667178909222e-05
categorical__Main Cause_updated report not yet received,7.850081743876603e-05
categorical__Extent of damage_Water logged in NH 22 Kalka-Panchkula stretch. ,7.84075621767723e-05
categorical__Main Cause_severe flood (cloud burst),7.836082865007404e-05
"categorical__Main Cause_heavy rains, flash floods & landslide",7.825180827239974e-05
categorical__Extent of damage_Nearly 5 lakh people affected.,7.821052658828923e-05
"categorical__Extent of damage_(i)1,22,97,568 people affected (ii)Standing crop in more than 12 lakh hectares damagd (iii)5,22,820 houses fully/partially damaged (iv)Roads including NH 31,37,44,53,154 submerged at many points disrupting road links between upper,lower Assam (v)Rail track between Kamrup Metropolitan,Lumding severely damaged at different stretches from July 19 (vi)Kaziranga,Orang National Parks Submerged (v) Barpeta, Karimganj,Morigaon districts worst affected",7.805127907717275e-05
"categorical__Extent of damage_i)Landslide reported. ii) Few houses washed away. iii) Extensive damage to rubber trees,standing crops of banana, coconut, coffee,areca nut on 6 hectares of area affected. iv) Extensive loss to property,agricultural department reported. ",7.788337627048878e-05
categorical__Extent of damage_Logging of tracks between Aluwa - Ernakulam. Estimated loss to property worth crores of rupees reported,7.784439702691187e-05
"categorical__Extent of damage_i) 85 villages submerged. ii) Damage to crops in 10,000 hectares area in Nalgonda,2,500 acres crops in Prakasam reported. ",7.782473493375743e-05
"categorical__Extent of damage_i)Damage to standing crops,Mango, Banana trees reported ii)Damage to 8 houses reported",7.7655184870133e-05
"categorical__Extent of damage_i) About 184 villages, 23923 people affected only in Barpeta district. ii) Extensive damage to crops reported. ",7.704577820752189e-05
categorical__Extent of damage_Embankment of Jaswant Sagar breached.,7.701424532840831e-05
categorical__Extent of damage_Heavy rains caused landslides,7.700373254473012e-05
"categorical__Extent of damage_i)Several lakhs of people in 41 blocks affected ii)1,16,000 hectares of paddy,12,473 hectares of mom-paddy land submerged iii)3 lakh hectares of agriculture land with standing crop extensively dmaged iv)29,000 houses collapsed , i)About 5 lakh people affected ii)Road communication disrupted at several places",7.692604691210055e-05
"categorical__Extent of damage_i)All low lying areas inundated ii)Long distance train from Mumbai ran indefinitely late,some trains cancelled. Thousands of passengers stranded iii)9000 telephones reported dead due to 36 cable faults",7.675207772957817e-05
categorical__Extent of damage_i) Low lying areas flooded. ii) Thousands of people strained as train service disrupted.,7.669086657181615e-05
"categorical__Extent of damage_i)4000 people rendered homeless ii)About 1000 huts locked in low lying areas,on the bank of river washed away. Many buildings collapsed iii)Flood water entered huts,houses in Sanganur, Rathnapuri, Sivananda colony,Podannur",7.653056128139677e-05
categorical__Extent of damage_i)Many houses damaged. ii)Rail/road traffic disrupted. ,7.638798620954906e-05
categorical__Extent of damage_i)Many trees uprooted ii)Roof tops of many houses blownaway iii)Damage to crops reported,7.625043436297823e-05
categorical__Extent of damage_i) Damage to crops reported ii) NH-22 water logged. iii) Low lying areas flooded. iv) Trees/electricity poles uprooted.,7.620718039181802e-05
categorical__Extent of damage_i)Normal life disrupted ii)Train/Air services delayed,7.618790980283239e-05
categorical__Extent of damage_Damaging crops worth Rs. 15 lakhs,7.610677382327201e-05
"categorical__Main Cause_flood (ghagra,sharada)",7.60199795442919e-05
categorical__Extent of damage_i)Thousands of people affected ii)Standing paddy crop damaged iii)Hundreds of life irrigartion projects damaged iv)Road communication disrupted at several places due to breaches,7.599151466000358e-05
categorical__Extent of damage_Several trees/electric poles uprooted causing disruption in vehicular traffic & power supply.,7.589011332205413e-05
"categorical__Extent of damage_i)16,000 people affected ii)90 house washed away iii)69 fishing trawlers, 22 country boats,5 speed boats reported missing iv)80% paddy crop damaged in Howrah district",7.556946693024914e-05
"categorical__Extent of damage_(i)Many coconut trees uprooted (ii)Sugarcane, supota,paddy in hundreds of acres damaged (iii)20,990 houses destroyed (iv) 500 telephone line snapped (v)Crops in 60,000 acres destroyed (vi)500 tanks breached",7.553953692828598e-05
"categorical__Extent of damage_Thousands of houses inundated in Samastipur,crops damaged.",7.553803765283125e-05
categorical__Main Cause_flash flood(tambraparni river),7.547557335636738e-05
"categorical__Extent of damage_All rivers except Mahanadi river reached the danger levels. Large areas were completely inundated. Crops of over 2 lakh hectares had been badly affected. Road,rail communication remained suspended from 20 to 23 August",7.539286591811843e-05
"categorical__Extent of damage_i) Damage to crops reported. ii) Damage to many houses reported. Also, more than 45 houses damaged from Agra & Mainpuri Dist.",7.531858718560869e-05
"categorical__Extent of damage_(i) 9 villages marooned,5 submerged (ii)Hundreds of houses in Sankeswar, Gokak,surrounding villages damaged. extensive damage to property in Hukkeri,Chikodi taluks reported (iii)Standing crops extensively damaged",7.522624706685962e-05
categorical__Main Cause_heavy rains & flash floods,7.510683248344791e-05
"categorical__Extent of damage_i) Thousand acres of paddy, groundnut, chilly, cotton,onion crops damaged. ii) Hundreds of villages submerged. iii) Hundreds of houses collapsed. iv) Mantralyam,many temples submerged. v) Roads,bridges breached at some points. vi) Jammalamadugu-Pulivendula road cut off",7.494314378837738e-05
"categorical__Extent of damage_i)2000 hectares of Paddy Crops submerged ii)Damage to several houses reported iii)Several trees / electric poles uprooted causing disruption in vehicular traffic,power supply",7.486516059071912e-05
categorical__Extent of damage_i)Hundreds of house damaged/collapsed ii)Wall of Fort Jaisalmer collapsed,7.445097995964519e-05
"categorical__Extent of damage_i)Agricultural work hampered ii)Paddy crop in 2,833 hectares submerged iii)120 houses damaged iv)257 families affected",7.439850707416693e-05
categorical__Extent of damage_i) Landslide reported. ii) Few houses inundated. iii) 7 embankment breached. iv) Low lying areas flooded. V) Road traffic disrupted. vi) Sugarcane in about 300 acres damaged. vii) Extensive damage to agriculture reported.,7.416213555259951e-05
categorical__Extent of damage_Road/rail traffic disrupted,7.414300761565355e-05
categorical__Extent of damage_(i)64 houses partially damaged (ii)Thousands of acres of 'Karippadom' submerged. Rice fields submerged,7.409847798394995e-05
"categorical__Extent of damage_i)1,600 villages in 9 blocks were affected ii)38 houses completely,546 partially damaged",7.390891151178635e-05
categorical__Main Cause_flash flood (jhelum),7.380633284338262e-05
"categorical__Extent of damage_A tourist bus washed away,passengers escaped with minor injuries",7.37471359584172e-05
categorical__Main Cause_flash flood or moderate flood,7.345343446888802e-05
categorical__Extent of damage_1 house completely collapsed due to landslides,7.332553258011433e-05
"categorical__Main Cause_severe(brahmaputra,its tributaries)",7.320701190039349e-05
"categorical__Extent of damage_i) Twin-town Ambala inundated with in deep water ii)A few houses damaged iii) Standing crop in 4 dozens of villages destroyed iv) In Panchkula, 60 feetr stretch of a road,another near Kaushalya bridge, Pinjore washed away",7.318682295277885e-05
categorical__Extent of damage_i) Damage to houses reported. ii) Several trees/electric poles uprooted causing disruption in vehicular traffic & power supply..,7.313398636961262e-05
categorical__Extent of damage_i) Roofs of houses blown away. ii) Damage to 5 vehicles reported. iii) National Highways remained closed. iv) Several trees/electric poles uprooted causing disruption in vehicular traffic & power supply,7.289981085074348e-05
"categorical__Extent of damage_i)11,000 people in 150 villages shifted to safer places ii)Several houses collapsed",7.279869530702885e-05
"categorical__Extent of damage_i) Damage to about 1000 houses from 1,623 villages of 22 districts reported. ii) Several trees/electric poles uprooted causing disruption in vehicular traffic & power supply.",7.266372579722015e-05
"categorical__Extent of damage_i) More than 60,000 people affected. ii) Several trees/electric poles uprooted",7.265406810626242e-05
categorical__Extent of damage_Damage to many houses reported.,7.26425463691137e-05
"categorical__Extent of damage_i) 25 houses completely,429 houses partially damaged while 8 houses submerged. ii) About 5,500 banana crops damaged. iii)Coir industry affected. iv) Estimated loss of about Rs. 18 lakhs in 150 hectares of land reported. vi) Landslides reported. vi)Several trees uprooted disrupting road/rail/electric supply.  ",7.256214106637026e-05
"categorical__Extent of damage_A bridge in Amodghat section collapsed,another bridge submerged under flood water disrupting vehicular traffic",7.248429555444431e-05
categorical__Extent of damage_i) Low lying areas submerged. ii) Damage to many houses due to landslide reported.,7.235426067190768e-05
"categorical__Extent of damage_(i) 52 villages having population of 50,000 affected. (ii) Longlai river breached its embankment at six places causing extensive damage to paddy field. (iii) National highway No. 44 flooded disrupting v������������hicular traffic. (iv) On national highway, the road breached at Chand kheira disrupting road communication between Tripura,Assam.",7.225980946317657e-05
categorical__Extent of damage_12 fishing boats capsized,7.205145513990369e-05
"categorical__Extent of damage_i)Normal life dislocated ii)Large number of roads breached,several Kachchha houses damaged",7.17924917824436e-05
categorical__Extent of damage_Dozens of Kachchha houses collapsed in Khanpur tehsil.,7.155089221379539e-05
"categorical__Extent of damage_i)3 million people in 1200 villages affected; 300 families rendered homeless. ii)Worst affected district was Darbhanga, A population over 1.5 lakh from this district affected iii)Crop worth Rs. 15 crore damaged iv)15,000 houses destroyed v)3km long embankment of Gandak breached, affecting 49,000 people in 30 villages of Madhuban,Thakarha block vi)3 km stretch of Piprasi-Pipraghat embankment washed away by swollen Gandak along Bihar-Uttar Pradesh border vii)Road communication disrupted due to change in course of river Chanan in Bhagalpur district. Bhagalpur-Dumka road inundated",7.127273867174946e-05
"categorical__Extent of damage_(i) Landslide near Gaimukh on Ghodbunder,another near Vihar on Mumbai-Ahmadabad National Highway affected road traffic (ii) Water level in Barrage-dam at Badlapur increased considerably. Valves opened up causing flooding in the neighbourhood (iii) Kalyan, Mumbra, Vasai,Badlapur completely waterlogged",7.119286949192657e-05
"categorical__Extent of damage_i)Extensive damaged to huts,houses reported ii)Crops damaged due to flash flood in Painganga",7.070725228238339e-05
"categorical__Extent of damage_i)11,52,229 villages affected ii)27,000 houses damaged iii)Land area of 2,29,925 hectares submerged under water iv)55,000 tonnes of rice worth Rs. 30 crore lost in East Godavari district",7.06831798554609e-05
"categorical__Extent of damage_Extensive damaged to property,crop reported",7.055552892580328e-05
"categorical__Extent of damage_i)Thousands of hectares of paddy crop worth Rs. 1.05 lakh submerged ii)81,000 hectares agricultural land affected by pest,disease, caused loss of property worth Rs.11.35 lakhs iii)25 buildings worth Rs. 11.75 lakhs damaged iv)2 medium,60 minar irrigation tanks worth Rs. 22.45 lakhs damged v)Madras-Kolkata national highway damaged at several places. The loss estimated around Rs.112.4 lakhs , Thousands of hectares of agriculture crop damaged. Loss estimated around Rs. 436 lakhs",7.046687351979676e-05
"categorical__Extent of damage_i)The bridge across the river submerged ii)Several tanks breached iii)Heavy breaches in rail-tracks dislocated train services iv)4,000 persons in Pettai Thennur villages marooned,food air dropped v)Residential area flooded,1,500 people rendered homeless v)Power failure vi)Normal life dislocated",7.028213237410575e-05
categorical__Extent of damage_Crop worth Rs. 7 lakhs damaged,7.008048888137496e-05
"categorical__Main Cause_flash flood(brahmaputra,its tributaries)",6.992828851819344e-05
"categorical__Extent of damage_i) Extensive damage to the crops reported. ii) 60 houses,a bridge collapsed. iii) Many villages inundated. ",6.992199038480365e-05
categorical__Extent of damage_Road traffic/ electricity/ telecommunication services disrupted.,6.992102398490451e-05
categorical__Extent of damage_Vehicular traffic disrupted due to landslide in Hamirpur district,6.981474744178653e-05
categorical__Extent of damage_i) Landslide reported. ii) Extensive damage to fruit crops reported.,6.980834109450588e-05
"categorical__Extent of damage_i) Damage to 49,035 hectares of crops reported. ii) Damage to 16807 houses, 17 school buildings & 48 Panchayat Raj buildings reported. iii) Damage to 46 boats reported. iv) Damage to roads reported. v) Several trees/electric poles uprooted causing disruption in vehicular traffic & power supply. ",6.969611108232895e-05
"categorical__Extent of damage_Severe floods in rivers Burhim Gadak, Adhwara,Bagmati, About half a million people were dislodged,extensive damage was caused to standing crops in more than 300 hectares, ",6.949666932764358e-05
"categorical__Extent of damage_i) Crop land of area 4947 hectares affected. ii) 47,800 population of 145 villages affected. iii) Damage to roads, sub ways reported.",6.949293237050924e-05
"categorical__Extent of damage_i) Paddy crop in about 11,000 hectares in the two districts (viz. East & West Godavari) considered the rice bowl of Andhra Pradesh remained submerged. ii) Damage to about 1,300 hectares of cotton,about 1800 hectares of horticulture crops reported. iii) Many houses inundated. iv) 15000 people shifted to relief camps. v) Loss of Rs. 600 crore reported in East Godavari & West Godavari Dist.",6.946631858394631e-05
"categorical__Extent of damage_Damage to 504 houses in Koraput,Nabarangapur reported",6.941334939989742e-05
"categorical__Extent of damage_i)Extensive damaged to agricultural crops (more than 33% area i.e. 2.18 lakh hectares reported) ii)Rs.786.68/- estimated loss iii)Damage to 32,743 houses reported iv)5,673 families in 550 villages affected v)Extensive damage to 1296.77 km roads reported vi)Several trees/electric poles uprooted causing disreuption in vehicular traffic,power supply",6.930624272090735e-05
categorical__Extent of damage_Low lying areas flooded.,6.92662937213972e-05
"categorical__Extent of damage_i) 18,000 people shifted to 61 relief camps. ii) Damage to roads reported.",6.924686793601811e-05
"categorical__Extent of damage_i)40 villages inundated by flood water while 15 villages remained cut-off from rest of the state for 3 consecutive days ii)Large number of people took shelter on tree-tops iii)180 metre long Dhussi Bundh washed away near Kamalpur village damaging standing crops in 50,000 acres",6.911191197274714e-05
"categorical__Extent of damage_i) Damage to more many houses, shops reported. ii) Damage to roads, power & telephone infrastructure reported.",6.908790088873912e-05
categorical__Extent of damage_i)230 houses collapsed or damaged ii)Maize crop in 405 hectares damaged,6.904203434921158e-05
"categorical__Extent of damage_Road traffic on Nagpur-Hyderabad,Nagpur-Chandrapur roads held up",6.901215443532345e-05
categorical__Extent of damage_Several residential areas submerged ,6.895986711321301e-05
"categorical__Extent of damage_Kottayam: i) Damage to about 2 acres crops in Irattupetta, Poojar, Laipally areas reported. ii) 300 mts of Kaduthuruthy-Karikkad Muvattupuzha valley irrigation canal washed away. iii) Landslide reported. iv)Damage to food products in Changanacherry area worth rupees 5 lakhs reported. Pathanamthitta: i) Damage to the crops in more than 300 acres reported. ii) About 175 people shifted to safer places. Thiruvananthapuram: i) Extensive damage to paddy, banana, rubber, tapioca, coconut, vegetables in more than 500 acres of cropland reported. Several trees uprooted causing damage to some structures,disrupting power supply. ii) About 100 acres of standing crops damaged. in Kaaret area. iii) Lanslides reported in Ponmudi-Vithura,Bonakadu areas causing traffic disruption. iv)More than 100 houses damaged causing shifting of about 1500 people to relief camps Wayanad: i) About 300 hectares of banana, coffee, pepper, ginger, vegetables, paddy crops damaged. ii) About 115 families shifted to 6 relief camps. iii) About 20 shops washed away. iv)Landslide in Thamaraserry ghat reported. v)One house completely,25 houses partially damaged. vi)Damage to bridges,canals reported. vii)Damage worth rupees 4.4 crores reported.     ",6.89562016829074e-05
categorical__Extent of damage_A major portion of Lakkar Bazar road in Shimla submerged,6.873654482902025e-05
categorical__Extent of damage_i)Several houses damaged ii)Extensive damaged to crop reported,6.854580953814578e-05
"categorical__Extent of damage_(i)Landslide reported (ii)Wayanad mountain pass blocked (iii)Widespread damage to agriculture reported (iv)Many houses including  a school building collapsed,many other damaged",6.842165919493968e-05
categorical__Extent of damage_i) Many houses damaged. ii) Low lying areas flooded. iii) Road communication disrupted. ,6.804131071256659e-05
categorical__Extent of damage_3 fishing trawlers carrying Twenty Four fishermen capsized at Digha,6.802608524078598e-05
categorical__Extent of damage_Flood water entered Katihar town due to a breached right embankment of river Mahanands,6.800824296201397e-05
"categorical__Extent of damage_i)Large number of people rendered homeless ii)Kharif crops badly damaged iii)500-700 families evacuated from low lying areas to safer places iv)Flood water entered inside Irwin Hospital,damaged medicines,other hospital equipments. Loss estimated worth Rs. 10 lakhs v)Medicines in a general hospital also damaged. Loss estimated to be worth Rs. 50 lakhs",6.790557328939119e-05
"categorical__Extent of damage_i) Extensive damage to the banana plantations,crops reported. ii) Few houses washed away. ",6.76044011885694e-05
categorical__Extent of damage_Three fishing trawlers capsized,6.753647670302029e-05
categorical__Extent of damage_i) Lakhs of people affected. ii) Low lying areas flooded. iii) Road / electricity/telephone services,6.732335762278085e-05
categorical__Main Cause_moderate (tunga river),6.714645087702648e-05
categorical__Extent of damage_Extensive damage to agriculture reported.,6.710885869863976e-05
categorical__Extent of damage_i) Damage to more than 6 houses reported. ii) Several trees uprooted & roads damaged in many areas due to which vehicular traffic disrupted,6.700673712800397e-05
"categorical__Extent of damage_i) Damage to turmeric, chilly, tomatoes, ladies fingers in more than 500 acres of cropland reported. ii)Landslides reported. iii) Many houses,bridges damaged. ",6.666031106377465e-05
"categorical__Extent of damage_(i) Over 350 houses,large number of huts inundated. (ii). Vehicular traffic disrupted.",6.655261150052414e-05
categorical__Extent of damage_i) Damage to cropland of area 3292 hectares reported. ii) More than 5 lakhs population of 700 villages in 10 districts affected. iii) Damage to roads reported.,6.654668735830868e-05
categorical__Main Cause_heavy rains & mudslide,6.649395525809355e-05
"categorical__Extent of damage_(i)35 villages marooned (ii) Over 4000 people evacuated (iii)Road traffic from Nanded to Aurangabad, Akola, Hyderabad, Parbhani,Delgur cut off due to submersion fo various bridges",6.641499200676505e-05
"categorical__Extent of damage_i)Large quantity of food grains,fodder stock washed away ii)Roofs of 25 houses blown away iii)Flood water entered into number of houses",6.63974336879888e-05
"categorical__Extent of damage_i)83 villages affected ii)National security guards,army deployed for rescue,relief operations",6.637077091888377e-05
"categorical__Extent of damage_i) 583 houses completely,4749 partially damaged. Crops in 1,28,772 hectares of land damaged causing a loss of about 1.5 crores. ",6.635978848237976e-05
"categorical__Extent of damage_i)Damage to crops standing crops of Sugarcane, Tobacco,sowing grains of Jowar, Cotton,Paddy crops reported ii)Damage to several houses reported iii)A small bridge collapsed causing inundated the road,disruption in traffic iv)Several trees uprooted",6.619778731800931e-05
"categorical__Extent of damage_In the mighty river Godavari had isolated the town of Bhadrachalam,unundated 79 villages in Khammam district, 10,000 acres of standing paddy crops in West Godavari district were submerged",6.619324906203798e-05
categorical__Extent of damage_i)Low lying areas in Northwest Delhi flooded ii)Large number of people shifted to safer place,6.609400662639992e-05
"categorical__Extent of damage_i)Multiple landslides due to torrential rains caused the worst traffic-jam in 20 years on Pune - Mumbai road,landslides also reported on Mumbai- Goa highway,Ratnagiri ii)Konkan railway services disrupted as the portion of rail track between Pen,Jite damaged iii)Extensive damage to property,agriculture reported",6.594236091270085e-05
categorical__Extent of damage_(i)4 houses washed away by flood water of Pachin river (ii)Damage to crops reported,6.592220896977537e-05
categorical__Extent of damage_i)200 houses damaged in Himantnagar town ii)Power supply in Ahmadabad city completely disrupted iii)Vehicular traffic on Ahmadabad Gandhinagar road suspended,6.566418794430865e-05
"categorical__Extent of damage_i) 2500 houses damaged ii)15 bridges swept away iii)Total loss in respect of property,agriculture was estimated in crores iii)Standing crops damaged ",6.565126191523093e-05
categorical__Extent of damage_Panchara bund damaged,6.543025256879155e-05
"categorical__Extent of damage_i) 98000 people became homeless. Army,Air-Force rescued affected people ii)Nearly 8800 houses fully,27000 partially damaged iii)About 500 irrigation dams breached iv)Hussainsagar lake overflown, Hyderabad flooded, many areas unde 3m of water another lake at Saroornagar breached v)902power transformers, 787 distribution transformers,28 electric substations damaged. 58 power stations completely flooded causing total darkness in various areas. vi) Communication on 42 roads cut off. vii)Crops on 1.77 lakh hectares destroyed viii)Total loss of property,agriculture was reported to be hundreds of crores.",6.542441401393154e-05
categorical__Extent of damage_i) 37.70 lakh people affected in different parts of the state. ii) 2029 villages innundated.,6.539847976091441e-05
"categorical__Extent of damage_i) 137 houses,4 bridges damaged. ii) Crops in 400 hectares damaged. iii) Many trees uprooted.",6.537711494562139e-05
"categorical__Extent of damage_i)Low lying areas flooded ii)Power supply disrupted iii)Several trees uprooted iv)Normal life paralysed , i)Several low lying areas inundated. Rain water entered into 50 huts. People shifted to safer places ii)At least a dozen trees uprooted iii)Vehicular traffic completely disrupted",6.526655841662815e-05
"categorical__Extent of damage_i)Crops in thousands of acres of land submerged ii)19,188 houses damaged iii)9 irrigation tanks breached",6.511317265492299e-05
categorical__Extent of damage_About 50 houses fully & 900 houses partially damaged.,6.487269725820843e-05
categorical__Main Cause_heavy rains & cloudburst,6.480530060574729e-05
categorical__Extent of damage_i) Main wooden bridge over Muhuri river washed away. ii) Mudslide reported. ,6.470192299550502e-05
categorical__Extent of damage_i)Many low lying areas flooded ii)Train services on circular railway disrupted,6.44919881917311e-05
categorical__Extent of damage_(i) Normal life paralysed (ii) Traffic disrupted (iii) Standing crops destroyed,6.441625354044148e-05
"categorical__Extent of damage_i)In Kachchh district 100 people marooned, 100 huts,houses either completely destroyed or badly damaged ii)Hundreds of acres of fertile land flooded iii)Gujarat electricity board colony at Panandhro completely submerged under rainwater iv)Road communication between Narayan Sarovar,Panandhro submerged under 4 ft of water",6.44140118762946e-05
"categorical__Extent of damage_i) Damage to 27359.135 hectares of crops of estimated cost of about 3726.118 lakhs rupees reported. ii) Damage to 439 pacca houses fully or partially of estimated cost of about 6389.64 lakhs rupees reported. iii) Damage to fishing assets such as boats,nets reported iv) Damage to roads, irrigation canals, water supply schemes,community owned open wells reported.",6.439131808607202e-05
"categorical__Extent of damage_i)Jammu-Srinagar 300 km road blocked for vehicular traffic,passengers were stranded due to landslides ii)Road communication disrupted",6.428485420309072e-05
categorical__Extent of damage_i) Damage to Sugarcane & other crops reported. ii) Several families affected & shifted to safer places. iii) Damage to many houses reported. iv) Rail traffic disrupted. v) Several trees/electric poles uprooted causing disruption in vehicular traffic & power supply.,6.424448094462353e-05
categorical__Extent of damage_30 houses partially damaged,6.412178228053655e-05
categorical__Extent of damage_i)Hundreds of people rendered homeless ii)Several Kachchha houses collapsed,6.405495844869067e-05
"categorical__Extent of damage_(i)Landslide reported (ii)Lowlying areas inundated (iii)Most of the roads washed away at many points (iv) Rail/road communication affected (v) Trees uprooted in some areas (vi)Many houses damaged (vii)Most oof the paddy fields in Mulshi,Paud tehsils of Pune dist damaged",6.38567008933501e-05
"categorical__Extent of damage_i) Hyderabad Municipal Corporation area worst affected which includes 55 building/wall collapses incidences. ii) Many vehicles washed away. iii) Damage to more than 3400 houses reported. iv) Extensive damage to public & private property including power infrastructure, Falaknuma Bridges, Golconda Fort reported. v) Massive water logging in many areas reported. vi) The Chaderghat bridge in Hyderabad city inundated. vii) More than 80,000 people shifted to safer places by teams from State,National Disaster Response Forces along with military personnel.",6.385025222053917e-05
"categorical__Extent of damage_Thatched houses damaged, many trees uprooted, electricity supply disrupted, Power supply of wires disrupted due to snapping",6.384018835200672e-05
"categorical__Extent of damage_i) About 3,000 houses partially,500 completely damaged. ii) Extensive damage to the banana, rubber, bamboo, coconut plantations reported. iii) Several roads/canals/houses flooded. iv) More than 500 people shifted to the relief camps. v) Extensive damage to agricultural crops/land reported. vi) Several cable lines damaged. vii) Many trees/electric poles uprooted causing traffic disruption,also fell over buildings, vehicles causing damage to the property. viii) Massive damage to the house hold articles reported. ix) Number of boats, boat nets,fishing equipments drowned.  ",6.377421900802697e-05
"categorical__Extent of damage_i)Bharuch district worst affected ii)2156 people,1361 cattle residing along the bank of river evacuated to safer places iii)17 villages in 5 tehsils of Bharuch district marooned iv)Flood water entered the low lying areas of Bharuch town",6.373861175094033e-05
"categorical__Extent of damage_(i) Many people marooned due to water logging. RAC personnel helped them to shift to safer places (ii) Small,medium scale bunds in Kota, Ajmer,Phalodi overflown. One bund at Kalyanpur along Barmer-Jodhpur road breached (iii) Crop land also waterlogged (iv) Several kucha houses damaged in villages of Bikaner (v) Traffic at Jaipur-Bhopal Highway disrupted. Traffic on other roads,rail services also affected",6.367107849312531e-05
categorical__Extent of damage_Landslides reported from Idukki,6.318742155783868e-05
"categorical__Extent of damage_i) Damage to 314 houses reported. Alappuzha-51, Idukki-21, Kasaragod-4, Kollam-25, Kottayam-15, Kozhikode-about 95, Malappuram-5, Pathanamthitta-10, Thiruvananthapuram-80, Thrissur-7, Wayanad-1. ii) Several trees/electric poles uprooted causing disruption in vehicular traffic & power supply.",6.311405306272928e-05
"categorical__Extent of damage_i) About 330 houses fully,2000 kachcha houses partially damaged. ii) Extensive damage to the soyabean, cotton, tur, rice in thousands of hectares reported. iii) Many areas submerged. iv) Number of families shifted to safer places. ",6.287452700622523e-05
"categorical__Extent of damage_i)15 cities,2,269 villages with a population of 23.86 lakhs affected ii)More than one lakh houses,1,556 roads damaged iii)12.18 lakh of acre crop land submerged iv)Majol area of Rohtak submerged under 4 to 12 ft. of water",6.265108366191116e-05
categorical__Extent of damage_i)Normal life completely paralysed ii)25 houses collapsed in Etawah,6.24893431734069e-05
categorical__Extent of damage_i) People shifted to safer places. ii) Damage to several houses reported. iii) Air/Rail traffic disrupted. iv) Several trees/electric poles uprooted causing disruption in vehicular traffic & power supply,6.241494000205988e-05
categorical__Extent of damage_Several trees/electric poles uprooted causing vehicular traffic & power supply disruption.,6.225063403353646e-05
categorical__Extent of damage_Damage to houses reported,6.216091957849827e-05
categorical__Main Cause_heavy rains & floods in ghagara river,6.207100843594725e-05
"categorical__Extent of damage_KASARAGOD : Worth rupees One lakh damage reported KOLLAM : i)Extensive damage to agricultural crops mainly Banana, Tapioca crops reported ii)6 houses inundated iii)Low lying areas, field,Neduvathur-Palmootti canal flooded iv)Damage to house-hold electric appliances & wiring reproted v)Several trees uprooted causing disruption in vehicular traffic,power supply THIRUVANANTHAPURAM : i)Agriculture crops including Banana, Rubber crops submerged ii)Around 650 farmers affected iii)Low lying areas flooded iv)Damage to more than 300 houses reported v)People shifted to relief camps vi)Eastfort, Kilipalam, Karmana, Poojappura,Pazhavangadi areas innundated vii)Thampanoor railway station, Bus stand, bus terminus flooded viii)Several trees/electric poles uprooted causing disruption in vehicular traffic,power supply ix)Varkala beach area affected",6.206874396581555e-05
"categorical__Extent of damage_Bhudanur tank breachedn,heavy loss to crops reported",6.185540850736353e-05
"categorical__Extent of damage_(i)Moong, urad, soyabean,cotton destroyed (ii)Marooned people rescued with the help of helicopters",6.171347154640653e-05
"categorical__Extent of damage_i)4 lakh people affected ii)Several railway bridges washed away iii)500 sq. km. area submerged under flood water iv)Crop in 20,000 hectares submerged v)40,000 people rescued",6.16336470671351e-05
categorical__Main Cause_unprecedented heavy rains & floods,6.133540088475724e-05
categorical__Extent of damage_i)Normal life completely disrupted ii)Several houses collapsed,6.130516620486835e-05
"categorical__Extent of damage_i) Low lying areas flooded. ii) Trees/electricity poles uprooted. iii) Water,electricity supply disrupted. ",6.129715100501315e-05
"categorical__Extent of damage_i)Vast area of Kolkata,Kowrah inundated by rain water ii)City life completely paralysed iii)Bus, train,train services affected",6.125172967500466e-05
"categorical__Extent of damage_(i) 150 mud houses collapsed. (ii) 6,000 people rendered homeless at Kakdip area.",6.124151313372162e-05
categorical__Extent of damage_700 people shifted to safer places.,6.122150834069182e-05
"categorical__Extent of damage_Paddy crop in15466 hectares,coconut in 8097 hectares completely damaged. Chilli crop in 1619 hectares partially damaged. Total loss estimated to be worth Rs. 15 crore , Paddy crop in 2530 hectares, Tobacco in 1200 hectares, Corriander in 2500 hectares,Red gram in 2100 hectares completely damaged. Loss estimated to be Rs. 1 crore , Paddy crop in 1269 hectares,groundnut crop in 4771 hectares completely damaged while paddy crop in 8261 hectares, groundnut crop in 587 hectares,chilli in 1215 hectares of land partially damaged.Loss estimated to be worth Rs. 7 crores",6.118327326707866e-05
"categorical__Extent of damage_i) Low lying areas flooded. ii) 3000 people shifted to safer places. iii) Crops in 50,000 acres damaged. iv) 100 villages marooned. v) Several buildings,houses damaged. vi) Several roads washed away.",6.11763549838316e-05
"categorical__Extent of damage_i) Extensive damage to the maize,tomato crops reported. ii) Landslides reported at many places causing damages to the houses,blocking NH Shimla-Kangra, Chandigarh-Manali,Dharamshala-Hoshiarpur. ",6.092441016176291e-05
"categorical__Extent of damage_Krishnagiri: i) About 2,000 plantations,many trees uprooted. ii) Several houses,huts damaged. ",6.089110041889265e-05
"categorical__Extent of damage_i)1832 villages with 6 million population affected ii)Entire 800 km long valley from Dibrugarh to Dhubri submerged under flood water iii)In Lakhimpur district 1 lakh people affected,20,000 families rendered homeless iv)Road communication in several parts of the State remianed cut off",6.084678771818233e-05
categorical__Extent of damage_i) Damage to the crops reported. ii) NH-154 blocked due to landslide. ,6.08409338849661e-05
categorical__Extent of damage_i) Damage to Sugarcane & other crops reported. ii) Damage to several houses reported. iii) Several trees/electric poles uprooted causing disruption in vehicular traffic & power supply.,6.08173569000129e-05
"categorical__Main Cause_flash flood, heavy rain",6.0783111736655245e-05
categorical__Extent of damage_i)Normal city life completely paralysed ii)Low lying area submerged iii)A private car damaged,6.076828581162305e-05
"categorical__Extent of damage_i)688 villages affected ii)In Faridkot district 455 villages affected, crop worth Rs. 170 crore dmaged,property worth Rs. 250 crore lost iii)Fencing wall on the Indo-Pak border damaged at many places",6.068860519351593e-05
"categorical__Extent of damage_A fishing trawler capsized,sank near Khanderi rocks off Alibag coast , i)A portion of a house located behind Kamal talkies in Nagpur city crashed down ii)Vehicular traffic in the city completely disrupted",6.054829163375778e-05
"categorical__Extent of damage_553 houses fully,5330 houses partially damaged causes a loss of about Rs. 135.57 lakhs.",6.0487492038469476e-05
categorical__Extent of damage_i)Low lying areas flooded ii)Several Kachchhcha houses collapsed iii)All the road link connecting other cities disruption iv)Electric/telephone lines disrupted,6.044515777207041e-05
categorical__Extent of damage_i) Low lying areas flooded. ii) Few of houses collapsed. ,6.040644247900477e-05
categorical__Extent of damage_i) Armori village submerged. ii) Several linking roads cut off. ,6.0401057479012855e-05
"categorical__Main Cause_flood (mahanadi,its tributaries)",6.0138639265560544e-05
"categorical__Extent of damage_i) Low lying areas flooded. ii) Trees/electricity poles uprooted causing disruption in road traffic,power communication. ",6.012619804689096e-05
"categorical__Extent of damage_i)Low lying areas flooded ii)Suburbanan train services both on western,central railway disrupted",6.007720346740085e-05
"categorical__Main Cause_floods in ghaghara, rapti & gandak ri vers",6.0010583703336496e-05
"categorical__Extent of damage_i)Damage to more than 12,000 Banana plantation, more than 350 acres of vegetable cultivation,Teak, Rubber trees reported ii)Damage to several houses reported iii)Approx Rs. 8 lakhs worth damage reported iv)Several trees uprooted,fell across the road causing damage to small vendors ad traffic disruption",5.984980784623077e-05
"categorical__Extent of damage_i)Damage to many acres of Paddy, Sugarcane, Cotton, Pulses, Onion crops,Banana plantation reported ii)Choultry (Dharmshala) in front of Vijaya Vittala Mandir in Haampi village collapsed",5.9713491311494685e-05
"categorical__Extent of damage_i)1000 villages with a population of 5 lakh, affected ii)1000 sq. km. cultivable land submerged under flood water iii)30,000 houses washed away,10,000 houses damaged iv)60,000 people rendered homeless v)Large number of rail bridges damaged, disrupting rail services for several days",5.9612374380419106e-05
"categorical__Extent of damage_i)1,20,000 population affected ii)128 houses fully,1,260 partially damaged iii)Many villages affected iv)Crop in several hectares destroyed ",5.940782176755886e-05
categorical__Extent of damage_i)Damage to crops reported ii)2 Trucks loaded with material washed away in Solan DIstricy iii)Bridge collapsed at Sadhupul Khud in Solan District,5.931794647337844e-05
categorical__Extent of damage_250 houses at Joyishganj in North Twenty Four Pargan*,5.9300277856699906e-05
"categorical__Extent of damage_i) Crop land of area more than 10,991 hectares submerged. ii) More than 1,09,000 population of more than 200 villages in 10 districts affected. iii) Damage to roads, sub ways reported",5.9285517810386074e-05
categorical__Extent of damage_i)More than 50 huts collapsed in Janata colony near Habalafolla gate in Gadag ii)About 20 mud houses collapsed in Belagal cross area in Bellary,5.9262442939253604e-05
"categorical__Extent of damage_i)Equipment like tankers, jeeps of Nathpa-Jhakri Power Corporation Hydro-Electric project swept away ii)Property worth crores of rupees destroyed iii)One hundred houses destroyed due to landslides",5.9163031350594744e-05
"categorical__Extent of damage_i)Damage to more than 28 houses reported ii)Several trees/electric poles uprooted causing disruption in vehicular traffic,power supply",5.8937201118499094e-05
categorical__Extent of damage_(i) 500 houses collapsed. . (ii) Telecommunication system di������������rupted. ,5.893134316613971e-05
"categorical__Main Cause_flash flood (brahmaputra,its tributaries)",5.889633751165798e-05
categorical__Extent of damage_i)Normal life completely paralysed ii)Extensive damage to agriculture reported,5.883763626587854e-05
"categorical__Extent of damage_2,791 people shifted to relief camps.",5.859630612685748e-05
categorical__Extent of damage_i) Extensive damage to standing crops reported. ii) A wooden bridge of Kadam river washed away disrupting communication along NH 52. ,5.8455030859813133e-05
categorical__Extent of damage_(i) 150 houses damaged. (ii) One fishing boat capsized.,5.817368629876807e-05
"categorical__Extent of damage_i)Dozens of villages marooned ii)Thousands of people residing in low lying area took shelter to safer places iii)Road,rail links disrupted at several places iv)Substantial loss of property,agriculture reported v)1,023 houses/huts damaged",5.815455734865173e-05
categorical__Extent of damage_i)6 power transmission tower damaged ii)Damages estimated to worth Rs. 70 lakhs,5.808955147604438e-05
categorical__Extent of damage_i)Mailani-Gonda railway line affected. ii)Many villages inundated. ,5.806228825140853e-05
categorical__Extent of damage_(i)Breaches at zero point of Nanak Sagar dam caused heavy destruction (ii)Chikadghat bridge washed away,5.795442198000445e-05
"categorical__Extent of damage_Idukki : Complete damage to a house reported. Kottayam : i) One Anganvadi building collapsed in Thazhangadi. ii) Several trees/electric poles uprooted causing disruption in vehicular traffic & power supply. Thiruvananthapuram : i) Damage to vegetable crops reported as fields submerged. ii) 3 wells caved in. iii) Damage to more than 25 houses including house-hold appliances, Taluka office, dispensary, shop & a compound wall of a school reported. iv) More than 11 KV line broke & functioning of 4 transformers disrupted. v) In Kazhakootam, nearby houses inundated as Tettayar river flooded. Wayanad : A house completely damaged as a huge rock fell from 50 feet.",5.794681604652635e-05
"categorical__Extent of damage_i)About 200 persons at Kundu lane basti of Uttar Danga,150 people at Banepukur Mansola basti in Kolkata marooned ii)Extensive damaged to crop, in Haora reported iii)Tram services suspended",5.781189724045607e-05
"categorical__Extent of damage_i)Normal life in city paralysed ii)Low lying areas flooded iii)Train services in Howrah,Sealdah divisions disrupted",5.773231073326952e-05
"categorical__Extent of damage_i)429 houses completely collapsed,3,380 houses partially damaged ii)Crop worth Rs. 33 lakhs destroyed iii)Many coconut trees/electricity poles uprooted",5.740421192987788e-05
categorical__Extent of damage_i) 275 houses inundated. ii) Damage to infra structure i.e. bridges etc. reported. iii) Damage to vehicles reported. iv) Several trees/electric poles uprooted causing disruption in vehicular traffic & power supply.,5.722112722100736e-05
"categorical__Extent of damage_i)Bundi, Jhalawar,,Kota districts worst affected ii)Crop, public property,Kachchha houses badly damaged iii)Loss to property,crop estimated to be Rs.100 crore iv)Kota city cut off from rest of the state through rail,road v)Thousands of people marooned in KOta district vi)1 km stretch of railway track near the industrial area of Kota town, washed away disrupting Delhi-Mumbai railway traffic",5.72187233319628e-05
categorical__Main Cause_heavy rain & flash floods,5.682153403158709e-05
"categorical__Extent of damage_(i) Traffic on NH 17 disrupted due to landslides at several places(ii)1000 houses,other proiperties damaged, 900 tiles of a school blown off",5.672958556154801e-05
categorical__Extent of damage_Damage to many houses reported,5.657190395987882e-05
"categorical__Extent of damage_Low lying areas submerged,traffic disrupted",5.6496970801827445e-05
"categorical__Extent of damage_i)6,685 villages in 41 blocks affected ii)492 houses completely,30,762 houses partially damged iiI)Roads, school buildings,embankment damaged , i)6.5 lakh people in 753 villages in 17 blocks affected ii)70,000 houses dmaged iii)80,000 hectares of crop damaged iv)700kms of road, 5 major bridges,88 culverts completely damaged",5.645038757968745e-05
categorical__Extent of damage_i)125 villages marooned ii)Several thousand people rendered homeless iii)Underground telephone cables damaged iv)Several roads washed away v)Rail tracks breached at several points,5.620461305553123e-05
"categorical__Extent of damage_i)Many houses,compound walls collapsed ii)Hundreds of cocomut/mango/jackfruit trees uprooted iii)Heavy damage to pepper plants reported",5.617243324266467e-05
categorical__Extent of damage_i)Many villages in Honavar inundated ii)300 ouses marooned iii)Paddy field damaged in Belse village of Ankola tehsil,5.61455943014571e-05
"categorical__Extent of damage_i)In Dhubri district, 28,850 people in 63 villages affected ii)Thousands of acres of paddy field submerged iii)Hundreds of dwelling damaged iv)Road communication between upper,lower Assam completely suspended v)Several roads,bridges damaged vi)Thousands of people took shelter in relief camps",5.5857765300851016e-05
"categorical__Extent of damage_i)Low lying areas flooded. Electric poles / trees uprooted, ",5.585374199612736e-05
"categorical__Main Cause_flash flood (krishna, ghatprabha,malprabha)",5.553537244139633e-05
"categorical__Extent of damage_i) Crop land of area 1,82,343.06 hectares affected. ii) 33,27,986 population from 3186 villages of Twenty Four districts affected.",5.550256048566558e-05
"categorical__Extent of damage_31,000 families afected, 1.5 lakhs of chests of tea affected, Total loss Rs. 9 crores",5.5479258470117e-05
"categorical__Extent of damage_i)Low lying colonies inundated ii)Vehicular traffic,telephone services disrupted",5.546860387023776e-05
categorical__Extent of damage_i) Landslide reported. ii) Road traffic disrupted.,5.5434117323260114e-05
"categorical__Extent of damage_i)City life paralysed ii)Rail tracks,low lying areas flooded iii)Transport services disrupted iv)Telephone services went away",5.5422938778198115e-05
categorical__Extent of damage_i) Low lying areas flooded. ii) Many trees uprooted.,5.538861319852314e-05
"categorical__Extent of damage_i)250 houses at Pozhiyoor, Paruthiyoor,Kollenkode damaged",5.538398604931253e-05
categorical__Extent of damage_i)Loss of Rs.1896.87 Crore reported ii)40 lakh population affected iii)Worst district was Amreli,5.520166346108834e-05
categorical__Main Cause_belgaum,5.5005055809449475e-05
"categorical__Extent of damage_i)More than 4 lakh people affected ii)Breach in embankment at Sonapur inundated 50 villages iii)National Highway No. 31 submerged iv)Road/rail communications disrupted v)Crops on 34,100 hectares damaged vi)Landslides reported",5.500276674982011e-05
"categorical__Extent of damage_Loss of property,crops reported",5.4927256014776386e-05
categorical__Extent of damage_Total shop-line along the national highway at Rambhan completely destroyed,5.4792883354349425e-05
categorical__Extent of damage_i)A few houses collapsed/damaged ii)Many paddy fields inundated iii)Several roads/bridhges damaged,5.473972652482333e-05
"categorical__Main Cause_flood(kuzhithurai ,sitraru rivers)",5.452416694094205e-05
categorical__Main Cause_heavy rains & flood in sheonath river,5.436028887470754e-05
categorical__Extent of damage_i) Damage to 5 houses including household items reported. ii) Damage to X Ray machine reported. iii) Disruption in Rail & vehicular traffic reported due to water logging.,5.434088736468302e-05
categorical__Main Cause_flood (ujh),5.395243036936902e-05
"categorical__Extent of damage_i) About 4,25,764 population of 1037 villages in 17 districts affected. ii) Crop land of area 32148.59 hectares affected",5.388200794901839e-05
"categorical__Extent of damage_Extensive dmaged to houses,crops reported",5.385819281158173e-05
categorical__Extent of damage_A motorcycle was washed away in a flooding canal at Chenchugudempalem village of Rudravaram mandal in Rayalaseema.,5.3851969132318887e-05
categorical__Extent of damage_Heavy damage to crops reported.,5.3832038670868315e-05
categorical__Extent of damage_4 van with goods washed away in Rajnandgaon Dist.,5.383111816682239e-05
categorical__Extent of damage_i) Damage to a vehicle reported. ii) Trees uprooted,5.362925871550353e-05
"categorical__Extent of damage_i) Landslide reported. ii) Twenty Four houses collapsed. iii) 7 bridges washed away. iv) Normal life disrupted. v) Telecommunication Network, roads, water supply schemes affected. vi) Mandi-Hamirpur bridge damaged. ",5.3538663974409526e-05
categorical__Extent of damage_(i) 10 lakh people affected. (ii) Hundreds of houses damaged.,5.34130259358005e-05
categorical__Extent of damage_i)Normal life completely paralysed ii)Low lying areas flooded iii)Suburbanan train services delayed,5.3364953300550715e-05
"categorical__Extent of damage_(i)A bridge washed away (ii)Property,standing crops destroyed ",5.327679550030643e-05
"categorical__Extent of damage_i) Crop land of area 202957 hectares affected. ii) About 22 lakhs people affected. iii) Damage to around 60,000 houses reported.",5.3135734458320644e-05
categorical__Extent of damage_(i)300 houses collapsed (ii)Number of wooden slippers washed away from the bank of flooded Chenab river ,5.310646043539224e-05
categorical__Extent of damage_300 Kachchhcha houses damaged,5.300247176008246e-05
"categorical__Extent of damage_(i) Lucknow, Uttarkashi, Haridwar, Chamoli, Prayagraj, Ghazipur,Nainital waterlogged (ii) Normal life paralysed (iii) Many houses collapsed (iv) Front portion of a tempo crushed as a tree fell o it. (v) Many trees uprooted, walls in the zoo collapsed (vi) Power supply disrupted, telecom services affected badly",5.2967928859412464e-05
categorical__Extent of damage_More than 100 muddy houses damaged.,5.2902913915776434e-05
categorical__Extent of damage_ Many houses damaged making many families homeless,5.283582403115663e-05
categorical__Extent of damage_i) Crop cultivation & Paddy crops submerged. ii) Trains were delayed due to landslide on railway track. iii) Vehicular traffic disrupted due to water logging in many areas. iv) Several trees/electric poles uprooted causing disruption in vehicular traffic & power supply.,5.271222045286453e-05
"categorical__Extent of damage_i) Damage to several acres of farmland reported. ii) Damage to a portion of inter college reported. iii) Damage to several houses, cowsheds reported. iv) Damage to several roads including 60-meter stretch of Thal-Munsyari highway, 30 meters stretch of Badrinath highway reported due to which thousands of pilgrims stranded at different locations. v) More than 40 vehicles washed away. vi) 2 water mills were washed away. vii) The electricity,communication services disrupted.",5.263855773414091e-05
"categorical__Extent of damage_i) Damage to crops reported. ii) Damage to cow-shed reported. iii) Electricity, water & Telephone services disrupted iv) Scorpio car washed away.",5.263602913262867e-05
"categorical__Extent of damage_(i)Number of houses collapsed (ii) Water supply, electricity,telecommunication services disrupted (iii)Vehicular traffic,train services delayed or held up",5.242082875751397e-05
"categorical__Extent of damage_i)Roads, electric motors damaged. ii) Chilli, tobacco, - paddy, mango, maize, sunflower etc. crops damaged. iii) Grape gardens grounded. iv) Several Kachchha houses damaged. v) Loss of about one crore reported to Krishna dam project. vi) Power disruption in several areas reported. ",5.229840904690636e-05
categorical__Main Cause_cloudburst & flash floods,5.227695786144207e-05
categorical__Extent of damage_Damage to the public & private property reported.,5.225464622544598e-05
categorical__Extent of damage_Rail/road traffic disrupted,5.2222153891422516e-05
categorical__Main Cause_cloud burst & heavy rains,5.2202097994738815e-05
categorical__Extent of damage_(i) A 6 Storeyed constructions collapsd near Grant Road railway station (ii)Railway tracks submerged at many points. Many trains delayed/cancelled (iii)Several roads waterloggd. Road traffic disrupted. (iv) Many trees uprooted,5.2177375361864196e-05
"categorical__Extent of damage_i)More than 1300 hectares of cultivable land submerged ii)80 houses damaged , i)Due to bursting of a percolation tank many houses collapsed,standing crops damaged",5.2153921192800135e-05
"categorical__Extent of damage_i)Damage to Paddy crops, thousands of Banana plants, hundreds of Coconut trees,Rice bags reported ii)Damage to many houses reported iii)Damage to about 250 Tin-sheds reported iv)Many trees/elctric poles uprooted",5.208783861650267e-05
"categorical__Extent of damage_(i)Power,telephone system affected (ii)Two mechanised boats capsized (iii)Several houses partially/completely damaged (iv)Paddy crops in 1592 hectares affected (v)Nearly 1000 houses damaged (vi_Nearly 30 lakh people affectedby landslides (vii)25700 coconut trees uprooted (viii)Sea erosion occured along the coastal parts (ix)Many families evacuated to safer places. (x)Crops worthmore than Rs. 4 lakhs lost",5.202479050502252e-05
"categorical__Extent of damage_i)395 houses in19 villages of Una tehsil, damaged ii)Electric supply,road communication disrupted",5.200153695522686e-05
"categorical__Extent of damage_i)Normal city life completely paralysed ii)92 DTC buses broken down iii)Low lying areas of the city remained under knee-dip water iv)Vehicular,telephone services badly affected",5.191745848284897e-05
"categorical__Extent of damage_A bridge,an approach road washed away",5.183230168536387e-05
categorical__Extent of damage_i) Damage to crops reported. ii) Trees/poles uprooted. ,5.17997472100899e-05
"categorical__Extent of damage_i)Bridges,nullahs submerged ii)45 families rendered homeless iii)City's normal life thrown out of gear iv)Property worth rs. 50,000 damaged",5.172882301900352e-05
"categorical__Extent of damage_The flood situation in most parts of Jammu region continued, the water level of Chenab,Ravi was over 10 ft above their danger mark, about 15 villages had been evacuated, 1400 houses collapsed,3000 acres of land eroded",5.159272312751843e-05
categorical__Main Cause_landslip,5.159194207866622e-05
"categorical__Extent of damage_Large areas inundated, damaging the crops",5.143332821451069e-05
"categorical__Extent of damage_i)13 district affected ii)2,021 houses damaged. Loss estimated to worth Rs. 47,46,000/- iii)12 cowsheds worth Rs. 34,000/- damaged iv)Property worth Rs. 1,18,00,000/- in 30 taluks of 13 districts damaged v)Crops in 170 hectares of land destroyed while 116 hectares of agriculture land inundated. Loss estimated to worth Rs. 44,19,000/-",5.1432299353686355e-05
"categorical__Extent of damage_Alappuzha : i) Damage to agriculture crops reported. ii) Several houses inundated. iii) Home appliances washed away. iv) NDMA Chengannur & Army in Thiruvalla help in rescue operations. v) 824 families with 2836 persons shifted to 6 relief camps. Ernakulam : i) 23,156 persons shifted to 133 relief camps. ii) Damage to 2 houses fully & 54 houses partially reported. Idukki : i) Landslide occurred at 4 different places. ii) Damage to several acres of agriculture crops reported. iii) 4 bridges washed away in Cheruthoni. iv) Several houses,business institutes submerged. v) 1192 persons shifted to 26 relief camps. vi) Damage to roads reported. vii) Power supply & mobile services disrupted. Kannur : i) Landslide at three different places reported. ii) Several villages cut-off from other parts. iii) 9743 persons shifted to 104 relief camps. Kasaragod : i) Damage to 21 houses fully & 282 partially reported. ii) Low-lying areas submerged. iii) Tejaswani River flooded. iv) 2549 people of 726 families shifted to 19 relief camps. Kollam : i) Damage to 153 houses partially & 2 housed fully reported. ii) Chengotta-Punalur path railway services disrupted. Kottayam : i) Damage to agriculture crops including paddy reported. ii) Loss of worth crores reported. iii) Low-lying areas inundated. iv) 4000 people shifted to relief camps. Kozhikode : i) Damage to 3 bridges reported, which cause Maruthilav village cut-off from other parts. ii) Railway services disrupted. iii) 37409 persons shifted to 287 relief camps. iv) 43 villages inundated. v) Damage to a vehicle reported. Malappuram : i) Bharathapuzha flooded. ii) Hundreds of houses inundated. iii) 683 families with 8272 persons shifted to 187 relief camps. iv) Damage to Vaniempuzha hanging bridge reported. v) Around 200 people in the forest area cut-off from main land. Palakkad : i) Damage to Paddy cultivation reported. ii) 2,836 families with 8,272 persons shifted to 81 relief camps. Pathanamthitta : i) Damage to agriculture crops worth 2.5 lakhs reported. ii) Damage to 51 houses reported. iii) Low-lying areas inundated in upper Kuttanad areas. iv) 1788 members of 458 families shifted to 39 relief camps. Thiruvananthapuram : i) Damage to a compound wall of a rest house reported. ii) Damage to 6 houses fully & 78 houses partially reported. 30 houses inundated & 4 houses submerged. iii) Damage to 2 cars reported. iv) Several trees including Tamarind & Rubber trees, electric / telephone poles uprooted causing disruption in communication,power supply. Thrissur : 18,684 persons of 5,291 families shifted to 152 relief camps. Wayanad : i) Tea estate plantation,several tourist monuments caved in. 63 persons caved in ii) Damage to about 70 houses reported. iii) 32,276 persons shifted to 197 relief camps. iv) Power supply disrupted.",5.131252250129588e-05
categorical__Extent of damage_i)Several low lying areas flooded ii)Train services affected,5.1223109078925065e-05
"categorical__Extent of damage_(i)Bhiwandi, Dahanu,Palghar tehsils in Thane dist. worst affected (ii) Many houses collapsed (iii)Long distance trains departing from Mumbai Central,Western ailways cancelled, routes of many trains like Amritsar-Mumbai, Jaipur-Mumbai,etc. diverted (v)Railway bridge between Palghar,Bhoisar (Thane) Damaged completely (vi)Tomato crop in various tehsils like Junnar, Umbraj,Narayangaon infested with fungal growths causing heavy losses",5.121118472024841e-05
"categorical__Extent of damage_i) 30,973 houses damaged. ii) 8,37,619 hectares of crop damaged. iii) 53,693 hectares of horticulture damaged. iv)44.5 hectares of sericulture damaged. v) Normal life paralysed. ",5.120148750364661e-05
"categorical__Extent of damage_(i)Large area under paddy crop in Thanjavur,Tiruchipalli dists. submerged in flood water. Total loss estimated  in Tiruchipalli dist to be Rs 10 crore with a crop loss of worth Rs 110 lakhs (ii)Number of roads,railway lines breached at several places, disruptiing normal vehicular,railway services. Large number of trains cancelled",5.108668055224849e-05
"categorical__Extent of damage_i) Damage to standing crops including paddy, green gram, cotton, red gram reported. ii) A bridges between 4 villages inundated on 23rd in Yadgir Dist. iii) Damage to 927 houses reported.",5.1063908868002386e-05
categorical__Extent of damage_(i)Landslide reported (ii)8 houses on the slope of a hillock destroyed,5.100055648167902e-05
"categorical__Extent of damage_i) Damage to the crops reported. ii) Landslides reported. iii) NH-72 , Kangra ������������������Chadigarh,Kangra ������������������ Hosiarpur roads blocked due to landslide.",5.095876666508377e-05
"categorical__Extent of damage_Alappuzha : i) Paddy fields inundated. ii) 446 families shifted to a relief camp. iii) Transport disrupted. iv) Water- logging in low-lying areas. Ernakulam : i) Houses & Ernakulam North Railway-station tracks flooded. ii) Transport & train-services disrupted. iii) 11 relief camps opened. iv) Landslip reported in Velloor(Piravom). Kollam : i) Complete damage to 5 houses reported. ii) 3 relief camps opened. Kottayam : i) Traffic,power-supply disrupted. ii) 2 relief camps opened. Malappuram : i) Agriculture land inundated. ii) Power-supply disrupted. Palakkad : i) Landslide reported in Attappady. ii) Traffic,power-supply disrupted at several areas. iii) 9 relief camps opened. Thiruvananthapuram : i) Damage to 30 houses reported. ii) Power-supply,traffic disrupted. Districts of Kerala : i) Damage to 34 houses reported. ii) 1380 families with 3506 persons shifted to 16 relief camps in the state. ",5.087880764673485e-05
"categorical__Extent of damage_Extensive damage to crops in 12,667 hectares reported. ",5.0847186719772906e-05
"categorical__Extent of damage_i)More than 65,000 people,1,10,899 hectares of land effected ii)Crops worth Rs. 50 crore in 85,000 hectares destroyed iii)645 roads damaged iv)Vehicular traffic on Ambala-Shimla highway disrupted following landslide at many places v)Surajpur-Jhajar bridge sank when two of its span washe away",5.0794560782658884e-05
"categorical__Extent of damage_Extensive damage to property,agriculture reported",5.076649795364842e-05
categorical__Extent of damage_Around 38 houses damaged,5.055745230162666e-05
categorical__Extent of damage_Complete damage to a house reported,5.0409225858224895e-05
"categorical__Extent of damage_(i)400 houses in Bengaluru Rural,suburban flooded damaging furniture,household articles (ii)More than 50 houses collapsed,more than 100 partially damaged",5.019508804566291e-05
"categorical__Extent of damage_Idukki & Pathanamthitta : 15 houses completely & 128 houses partially damaged. Kannur : 730 mts. long & 71/2 feet high compound wall of a house damaged. Kollam : i) 9 houses completely, 134 partially & several cowsheds damaged. ii) Several houses inundated. iii) Many electric cable lines broke. Thiruvananthapuram : i) Extensive damage to agricultural crops, vegetables, Banana crops, Tapioca reported. ii) Rs.7.25 lakhs worth damage reported. iii) 210 Rubber trees & 150 Banana plants & 7 electric posts uprooted in Pothencode area. iv) Low lying areas inundated. v) Well caved in vi) Damage to vehicles reported.vii) 12 houses completely & 22 partially damaged. Roofs of many houses blown away. viii) Side wall of a bridge collapsed. ix) Several trees/electric poles uprooted causing disruption in vehicular traffic & power supply. Wayanad : One house completely damaged.",5.014753896469324e-05
"categorical__Extent of damage_Damage to several residential houses, structures, cow shed, many vehicles reported.",4.984798681175369e-05
categorical__Extent of damage_Damage to 80 houses reported,4.982772209641205e-05
categorical__Extent of damage_Crop in 6000 hectares affected,4.976421434700771e-05
"categorical__Extent of damage_Extensive damage to crop,houses reported",4.96657351029906e-05
categorical__Extent of damage_i) Many villages submerged. ii) Damage to paddy crops reported.,4.9589333082124276e-05
categorical__Extent of damage_i) Around 4000 families from about 400 villages shifted to safer places. ii) Kiphire district in eastern Nagaland cut off from all sides. iii) 8 Km road washed away.,4.9558039192574366e-05
"categorical__Extent of damage_(i) 22,99,523 people in 3,498 villages affected. (ii)4,62,433 hectares of land,1,34,956 hectares of cropped land submerged. (iii) 2,525 houses fully,2,563 panially damaged. (iv) Railway,road communication at several places disrupted. (v) 16 km. long national highway No. 52 submerged.",4.952352595013205e-05
"categorical__Extent of damage_i) Low lying areas flooded. ii) Trees/electricity poles uprooted causing disruption in road traffic,power communication.",4.950001741156967e-05
categorical__Extent of damage_(i) Landslide reported (ii) The Landslide blocked th elink road in the interiors (iii)Heavy loss to property reported froRampur Bushar in Shimla dist.,4.9486992052529724e-05
"categorical__Extent of damage_i)10,000 acres of standing crop inundated ii)300 houses submerged,250 families evacuated to safer places iii)Number of tanks,drainage canals breached",4.947897563378005e-05
"categorical__Extent of damage_i)2.05 million people in 3441 villages affected ii)15,10 lakh hetares of land innundated iii)Crops in 2,28,000 hectares destroyed iv)5,10,000 people,44,000 cattleheads rescued to safer place",4.9449603003881244e-05
"categorical__Extent of damage_i)In Kalahandi district, vast areas of paddy land submerged ii)In Cuttack district, 1,535 villages under 9 blocks affected while in Puri district 70 villages marooned iii)In Baleshwar district, about 50 villages under Aska police station either fully or partially destroyed iv)40,000 acres of paddy land submerged v)Rural roads extensively damaged. Bhubaneshwar-Bhavanipatna national highway No. 6 cut off at Naria. vi)Railway line at Kabisuryanapara submerged vii)In Koraput district, 15,000 people affected,a road bridge collapsed viii)In Kalahandi district, road communication badly hit due to 4 major breached on important road linking te district to the other past of the state",4.943470006381403e-05
"categorical__Extent of damage_i) Damage to the standing crops such as green chilli, cotton, paddy,red gram reported. ii) Damage to 2745 houses reported. iii) Bridges submerged. iv) Low-lying areas flooded.",4.939355533110646e-05
"categorical__Extent of damage_i) Landslide reported. ii) Shimla-Kalka NH blocked,trains disrupted. iii) Traffic / power supply disrupted. iv) 10 houses completely damaged.",4.935247740238186e-05
"categorical__Extent of damage_i)East Godavari district worst affected ii)2685 villages affected of which 91 marooned snd 614 inaccesible by surface transport iii)1 lakh houses completely,1,24,484 partially damaged iv)25 lakhs acres of standing crops damaged v)215 major,96 minor irrigation projects damaged. 1183 tanks,509 canals breached vi)Drilling site of ONGC at 5 places in Godavari basin flooded,inaccesible. Dilling personnel evacuated to safer places vii)4 railway bridges,12 km stretch of a railway tract damaged. The loss to railway estimated around Rs. 15 crore. Railway servives between Waltair-Vijaywada, Nidadavolu-Narasapur-Gudivada section disrupted viii)Total loss of property estimated worth Rs. 700 crore",4.934394653910931e-05
categorical__Extent of damage_About 15 structures collapsed.,4.928245675727832e-05
"categorical__Extent of damage_i) About 500 acres of ginger,other person missing,3 crops damaged.ii) About 400 houses completely,1380 houses partially damaged. iii) About 3,000 persons shifted to safer places. iv) Loss to paddy crops worth about Rs. 2.5 crores reported. v) Low lying areas flooded. vi) Telecommunication,power supply disrupted. . vii) Trees,electric poles uprooted. viii) Road/rail /air traffic disrupted. ",4.928128902599296e-05
categorical__Extent of damage_i) Landslides reported. ii) Nearly 60 roads including Chandigarh-Manali road blocked. iii) Power generation in NAPHTHA -Jakhri power project affected. ,4.918972599595726e-05
"categorical__Main Cause_flood (karamana, neyyak,vamanapuram)",4.917648204686213e-05
categorical__Extent of damage_i)Low lying areas inundated. ii) Electric poles / trees uprooted. ,4.904660224089147e-05
"categorical__Extent of damage_2 lakh houses damaged, crop worth 1.66 million hectares ravaged, 2 lakhs people affected, total loss - Rs. 38 crores",4.895174994539829e-05
"categorical__Extent of damage_i) About 86,905 people of 7 districts affected. ii) Damage to cropland of area 5009 hectares reported. ",4.8805473620793346e-05
"categorical__Extent of damage_i)All these three districts cut off from other parts of the state. ii)51 km stretch of a road between Vaghai,Saputara submerged under flooded nullah near Baj village disrupted vehicular traffic to Maharashtra. Baj bridge suffered extensive damage iii)45 km stretch of a road between Ahwa,Saputara damaged dueto landslide. Extensive damage to atleast 5 bridges reported, causing a loss of several lakhs of rupees iv)Estimated damage of Rs. 1 crore to public property including culverts, bridges,roads reported in The Dangs district alone. v)Standing crop washed away. Many houses damaged",4.8386556708933605e-05
"categorical__Main Cause_flash flood (narmada,tapi)",4.825757988152982e-05
"categorical__Extent of damage_i)Landslide reported from the hill ""Kalapahar"",the areas of Navgraha,Khareguli ii)1,410 villages affected iii)3.38 lakh population affected iv)1.45 lakh hectares of land affected v)Severe erosions caused by flood posed threat to Kaziranga National Park,other dykes in Dhubri,Kamrup districts vi)National Highway No. 52,other roads submerged vii)Railway link beyond Gogamukh cut off viii)126 houses/huts damaged",4.825749266646222e-05
"categorical__Extent of damage_i)About 1.1 lakh houses either partially or fully damaged ii)Extensive damage to crop, public,private property reported iii)Thousands of people shifted to safer places iv)31,160 hectares of land area submerged",4.820758646333384e-05
categorical__Extent of damage_Many trees uprooted,4.8134574262945306e-05
categorical__Extent of damage_Suburbanan rail service completely disrupted,4.811811264181486e-05
categorical__Main Cause_moderate (kajihi),4.805314076979212e-05
categorical__Extent of damage_(i) 28 lakh people affected (ii)48 doors (outlets) of Hirakud dam (iii)Roads washd away at many points disrutpting road traffic,4.800117959507864e-05
categorical__Extent of damage_i)1 lakh people in 200 villages in Khanakul area marooned ii)Several mud houses collapsed,4.7931867896980065e-05
"categorical__Extent of damage_About a dozen houses collapsed,caused damage to many other houses. ",4.790753500183182e-05
"categorical__Extent of damage_Widespread damage occured to agricultural property, Standing crops extensively damaged",4.785235440912361e-05
categorical__Extent of damage_Widespread damage to crops reported,4.764764196419116e-05
categorical__Extent of damage_i) A houseand a bridge collapsed ii)City bus service completely disrupted,4.7620983050062836e-05
"categorical__Extent of damage_i)Alappuzha,Ernakulam districts worst affected ii)Paddy crop in 21,700 acres completely,25,650 acres partially damaged iii)19,000 people in Alappuzha district shifted to safer place iv)1750 houses collapsed,9000 damaged v)Heavy loss of rubber plantation,coconut cultivation in Cannore district reported",4.758354769221719e-05
categorical__Main Cause_heavy rains & floods (godavari river),4.750181781323207e-05
"categorical__Main Cause_severe(flash flooding in palar,mahakamanta)",4.7452327585314776e-05
"categorical__Extent of damage_In two spells, caused destruction of property,crops worth Rs. 120 crores ",4.7429558524811276e-05
"categorical__Extent of damage_i) 2025 houses completely,85 houses partially damaged. ii) Rice crop in 23,330 hectares damaged. iii) 53,302 people affected. iv) 10,000 people evacuated to safer places. ",4.7419548425707226e-05
categorical__Extent of damage_i) Damage to crops reported. ii) Damage to many houses & cow shed reported.,4.7389664519431936e-05
categorical__Extent of damage_i)27 villages affected ii)2 dozen Kachchha houses damaged iii)Jhelum river breached its bank in Srinagar iv)Army called to protect river embankment against further breaches,4.738170919633424e-05
categorical__Extent of damage_6 fishing boats capsized,4.733907917009538e-05
"categorical__Extent of damage_i) 22 houses completely,598 houses partially damaged. ii) Low lying areas flooded. iii) 2 fishing boats damaged. iv) Widespread damage to agriculture reported",4.731551693151826e-05
categorical__Extent of damage_2 houses collapsed.,4.729861404506257e-05
categorical__Extent of damage_Grand Trunk road damaged at several places,4.717837081059051e-05
"categorical__Main Cause_severe (ujen,ojat)",4.711681689576145e-05
"categorical__Extent of damage_1) In Ukhimath area about 12 kachcha houses collapsed from 8 villages, ii) Landslides reported at national highways Hrishikesh-Badrinath,Hrishikesh-Gangotri. ",4.676514264274597e-05
categorical__Extent of damage_i) Damage to the crops reported. ii) Number of villages inundated. iii) Many people shifted to safer places. iv) Damage to many kachcha houses reported. ,4.670956899167737e-05
categorical__Extent of damage_i)Low lying areas submerged ii)Vehicular traffic completely disrupted iii)Local train services completely disrupted due to flooding of rilway tracks iv)Several long distance trains terminated at Karjat,4.668439788512239e-05
"categorical__Main Cause_severe flood (dikhow, desang, brahmaputra)",4.655684335414254e-05
"categorical__Main Cause_severe flood( ganga,its tributaries)",4.6535254002465986e-05
categorical__Main Cause_heavy rains.,4.6469328471541625e-05
categorical__Extent of damage_Roads blocked. Traffic & power supply disrupted.,4.6445798329216393e-05
categorical__Extent of damage_Vehicular traffic on Pune-Thane road disrupted due to landslides near Malshej Ghat,4.6421664732926935e-05
categorical__Extent of damage_i) Damage to crops reported. ii) In many areas damage to roads reported due to landslides causing vehicular traffic description,4.6357769583274694e-05
categorical__Extent of damage_(i)Several villages became inaccessible due to heavy rains (ii)Some houses collpased,4.625536422788979e-05
categorical__Extent of damage_Heavy rains due to cloud burst reported,4.6042205340323606e-05
"categorical__Extent of damage_Heavy damage to Jowar, Soyabean,Sugarcane crops reported. ",4.5918061570734964e-05
"categorical__Extent of damage_(i) Paddy, Sugarcane,coconut damaged (ii)Vishweshwarah canal in Pandavpura-Mandya breached",4.589294240754277e-05
categorical__Extent of damage_Damage to houses reported.,4.588340197599656e-05
"categorical__Extent of damage_i)Property worth more than one crore damged ii)Large number of houses,shops damaged",4.576619354231741e-05
categorical__Extent of damage_(i)Low lying areas inundated (ii)Thousands of people shifted to safer places (iii)Many houses washed away,4.562348955042064e-05
"categorical__Main Cause_heavy rains & floods (krishna,godavari rivers)",4.5513238821823845e-05
categorical__Extent of damage_i)Hundreds of houses collapsed ii)One railway bridge on Karnataka-Maharashtra border washed away disrupting train services iii)Vast area of agricultural land specially tobacco crop submerged,4.5382250801697024e-05
"categorical__Main Cause_severe flood (bias, satlaj,ravi)",4.5368322950098714e-05
categorical__Extent of damage_i) Landslides reported. ii) Many houses collapsed. iii) One bridge collapsed. iv) Disruption in transport services reported.,4.533877750007291e-05
"categorical__Extent of damage_i) 4 houses, shop & five storied building under construction by the wayside of Kozhikode-Mysuru NH_212 collapsed. ii) Several trees/electric poles uprooted causing disruption in vehicular traffic & power supply.",4.5268405076960304e-05
"categorical__Extent of damage_i)Shiva,Vashisthi rivers breached their embankemnt ii)Chiplun town cut off from rest of the state iii)Vehicular traffic on Khed-Kolhapur-Pune route suspended",4.521271241609836e-05
categorical__Main Cause_torrential rains & landslides,4.4717528019932505e-05
"categorical__Extent of damage_(i)East District-Chunotanle highway breached due to flash flood (ii) 27 landslides( 4 of the massive ) Marooned number of people in Mangan town,its surroundings",4.4694544134712504e-05
categorical__Extent of damage_i) About Rs. 125 lakhs of crops damaged. ii) Landslide reported. iii) About 100 families shifted to relief camps. iv) About 600 houses damaged. v) Road/rail/air traffic disrupted. vi) Electric supply disrupted. vii) Low lying areas flooded. ,4.450286250634291e-05
"categorical__Extent of damage_i)About 50 trees uprooted in Bengaluru Rural city ii)Mango orchards damaged iii)21 vehicles trapped under uprooted trees iv)Telephone,electricity lines snapped off ",4.4427212652069734e-05
"categorical__Extent of damage_Alappuzha : i) Extensive damage to crops including paddy cultivation reported. ii) Several houses inundated. iii) Damage worth 37 crores estimated. iv) 13,800 persons of more than 3000 families shifted to 89 relief camps. v) Roads submerged. vi) Traffic disrupted. Idukki : i) Town flooded by Muthirapuzha River. ii) About 1400 persons shifted to 21 relief camps. iii) Damage to roads reported. iv) Power supply & mobile services disrupted.  Kollam : i) Damage to house reported. ii) Hectares of agriculture crops submerged. iii) Roads inundated. Malappuram : i) Extensive damage to a bridge reported causing isolation of Shantigramam. ii) Some hoses flooded. Thiruvananthapuram : i) Damage to crops mainly Banana cultivation reported. ii) Damage to several houses reported. Wayanad : i) Low-lying areas inundated. ii) 35,155 people shifted to 203 relief camps. iii) Damage to crops reported. ",4.4420368175926905e-05
"categorical__Extent of damage_i) 18,99,470 population of 3374 villages affected. ii) Crop land of area 2,13,251.52 hectares affected. ",4.417568500963277e-05
categorical__Extent of damage_(i)Rail services disrupted (ii)A 70 ft. long wall in Nangloi area collapsed,4.4143152206912636e-05
"categorical__Extent of damage_(i) Extensive damage to agriculture reported. (ii) Electric,telephone services disrupted.",4.4098054133968504e-05
categorical__Extent of damage_Damage to 3000 houses reported.,4.392997483940335e-05
categorical__Extent of damage_Road communication disrupted on all major highways.,4.3927879023846545e-05
"categorical__Extent of damage_i) Damage to Standing crops reported. ii) Damage to 35 houses partially,40 houses completely reported. iii) Water logging in Mumbai.",4.378986151280119e-05
"categorical__Extent of damage_(i)Laandslides reported (ii) Widespread damage to crops,property reported",4.3768704328277476e-05
"categorical__Extent of damage_i) 100 acres of cotton crop destroyed. ii) Roof,wall of a poultry farm at Paras Ramnagar collapsed.",4.376761528547828e-05
"categorical__Extent of damage_i)Bengaluru Rural city areas affected inundating low lying areas ii)Several roadside trees in Ulsoor, Chamarajpet, Sheshadri road,Nagarabhavi areas uprooted, disrupting traffic. Many electric poles also uprooted iii)About 10 houses collapsed",4.364557234613473e-05
categorical__Extent of damage_500 labourers marooned in Guna dist.,4.357078085917104e-05
"categorical__Extent of damage_(i)1,13,146 people in 120 villages affected (ii)Agriculture land in 3,267 hectares affected (iii)Damage to standing crop reported",4.355524754309063e-05
"categorical__Extent of damage_Extensive damage to public,private property reported.",4.3516685972589456e-05
"categorical__Extent of damage_i) More than 500,000 people badly affected, ii) Damage to 30,000 houses houses (fully,partially) reported. iii) 7 NDRF teams deployed by the government for rescue,evacuatio",4.3508884106410786e-05
"categorical__Extent of damage_i) Damage to farmlands reported. ii) Damage to drinking water pipelines reported. iii) Damage to Several houses, cowsheds, shops reported. iv) Landslide occurred at Aali, Lankhi & Banjba Gad villages from Chamoli Dist. reported. v) Parts of Katyur valley of Bageshwar Dist. affected.",4.3421446518572506e-05
"categorical__Extent of damage_i)Large number of trees uprooted disrupting power supply ii)Low lying areas flooded iii)Vehicular traffic,telecommunication services disrupted",4.3374237801996534e-05
categorical__Extent of damage_Hundreds iof Jhuggies washed away,4.32123209098525e-05
"categorical__Extent of damage_i) Damage to 59345.37 hectares of crops of estimated cost of about 7357.104 lakhs rupees reported. ii) Damage to total of 1,11,356 urban houses in urban areas,6,92,848 houses in grama panchayaths in Alappuzha, Ernakulam, Kottayam, Pathanamthitta, Thrissur,Wayanad districts reported iii) Damage to fishing assets such as boats,nets reported. iv) 5 major Hydro Stations,7 small hydro-electric power projects in the State were impacted. Damage in the transmission wing includes 50 Substations. Viz. 22 Stations got submerged, control Systems got v) damaged, 10 Power Transformers inundated,10 Major Transmission Corridors interrupted. In Distribution Sector around 284 Electrical Sections in 6 Districts impacted, around 1000 Distribution Transformers submerged, 3500 km Distribution lines destroyed, 30,000 electric poles damaged, 5 lakhs single phase,1 lakh three phase energy meters damaged. vi) Some roads,bridges completely washed away. Damage to Irrigation canals, Public Taps, Pipelines, Pump houses, check dams, Bunds, Irrigation Pumps,other irrigation machineries,structures reported.",4.313888765472232e-05
"categorical__Extent of damage_i) Rail/road/air traffic disrupted. ii) Roads,houses flooded.",4.2931797879088265e-05
categorical__Extent of damage_i) Damage to crops reported. ii) Kachcha houses damaged. iii) Many areas inundated.,4.2903274332109335e-05
"categorical__Extent of damage_i)Vast areas in Antali grampanchayat under Gosaba block affected ii)Several houses,two school buildings damaged iii)Damage to rabi crop reported",4.289651422182858e-05
"categorical__Extent of damage_Flood water affected 14 million people,damaged nearly 10 lakh hectares of standing crops.",4.277904274744827e-05
"categorical__Extent of damage_i) Damage to Paddy crops including Millet Groundnut, Maize, etc. on more than 700 hectares of land reported. ii) Damage to about 150 houses reported. iii) Damage to roads reported.",4.276270987891204e-05
"categorical__Extent of damage_Some government buildings damaged due to heavy rains in Tral town, Pulwama. ",4.263881712073729e-05
categorical__Extent of damage_i) Water logging. ii) Trees uprooted.,4.2453960305370815e-05
categorical__Extent of damage_i) About 30 houses damaged. ii) About 5000 vehicles stranded.,4.2398451674200384e-05
categorical__Main Cause_severe floods in dhundh river.,4.239408022164765e-05
categorical__Main Cause_flood (ghaghra),4.237547112904063e-05
categorical__Extent of damage_Low lying areas of the cities inundated due to breachment of Tangri rivulet,4.224289201406444e-05
"categorical__Extent of damage_i) 985 people in 37 villages in 3 districts affected. ii) Damage to several bridges, roads damaged in different parts of Meghalaya reported. iii) Several instances of landslides, uprooted trees,flooding reported from various parts of the state.",4.2234696571772115e-05
categorical__Extent of damage_A few houses damaged,4.21461012080378e-05
"categorical__Extent of damage_Public property,crops damaged",4.211642996924147e-05
"categorical__Extent of damage_i) 20 districts worst affected. ii) Many people evacuated & shifted to safer places. iii) 18 NDRF teams, 11 State Disaster Response Force (SDRF) teams deployed in recsue operation.",4.207385836786472e-05
categorical__Extent of damage_i)22 villages inundated ii)16 houses collapsed iii)Damage to crop reported,4.2045547965263356e-05
"categorical__Extent of damage_i) Damage to a bridge on Gori river in the hill town of Munsiyari reported. ii) 4 houses completely damaged. iii) Damage to main roads connecting district headquarters to Bangapani, Munsiyari,Dharchula areas reported. iv) Damage to water pipelines reported.",4.200247446920291e-05
"categorical__Extent of damage_(i) The worst ever flood in 50 years time. The msot affected dist. was Junagadh. 1.3 lakh people in Ghed area spreading over 450 sq. km. in 75 villages marooned (ii) 62,000 huts/ houses either damaged or destroyed. 4 lakh people rendered homeless. The losses to residential/non-residential buildings estimated to be Rs. 33.2 lakh. (iii)17,000 hectares agricultural land eroded (iv)All the major roads on critical communication routes, breached. 1400 km road including national/state highways, damaged . 8 km tar road on Junagadh-Valsad route, disappeared. The approach road to the bridge o9n the Uben river washed away. 2 bridges on Junagadh-Jethpur road heacvily damaged . 8 major bridges,6 minor bridges damaged. The loss estimated is Rs. 6.88 crore (v)Jetalsar-Porbandar section railway line breached at many points (vi)32,000 km transmission line supplying power to 2962 villages snapped, disrupting power supply. (vii) Water level in 27 small,medium dams overflown ",4.190165085112586e-05
"categorical__State_Bihar, Jharkhand",4.177555171785187e-05
categorical__Extent of damage_i)Normal life completely paralysed ii)Thousands of families,4.174041051069233e-05
categorical__Extent of damage_(i)1.5 lakh people affected (ii) Many private/public buildings damaged (iii) Standing crop in Hundreds of hectares washed away,4.171689597383249e-05
"categorical__Extent of damage_Many pole uprooted,houses damaged",4.159659511140336e-05
"categorical__Extent of damage_2 bridges collapsed in Hiriyur talukadisrupting traffic. (i) In Malavalli taluka, Halsur lake,Bhima reservoir flooded. (ii) Standing crops like ragi, paddy,coconut,coffee destroyed, loss estimated worth lakhs of rupees. (iii) Traffic on NH 209 disrupted",4.1433575601928684e-05
"categorical__Extent of damage_Low lying areas flooded,slums submerged",4.136487374155251e-05
categorical__Extent of damage_Many huts in Nagpur town along the bank of Nag river flooded,4.133314383244547e-05
categorical__Main Cause_flood (ganga),4.1316647999441976e-05
"categorical__Extent of damage_(i)Landslides reported (ii)A stretch of 6 km on NH 44 was covered with mud,silt affecting the traffic for one week",4.121416760124734e-05
"categorical__Extent of damage_i)Gwalghat sub-division in Jorhat district worst affected. 3lakhs people in 300 villages affected ii)Standing crop in 30,000 hectares of land affected iii)In Kamrup district, 200 villages marooned. Breaches in a river embankment in Nagaon district, inundated extensive area from Jagiroad to Sonapur town in   Kamrup district iv)Nagaon,Silchar town completely cut off from rest of the state v)Train service along N-E Rly between Silchar,Badarpur suspended indefinitely vi)Road link between upper,lower Assam completely cut off",4.110372263413224e-05
"categorical__Extent of damage_(i) Kinnaur, Kuli, Mandi,Shimla are worst affected (ii) More than 9 lakh people affected (iii) Crops in 37,173 hectares of land damaged (iv) Nearly 5000 houses damaged (v) 20 bridges washed away (vi) four power projeects including Nathpa, Jhakri extensively damaged (vii) NH 22 washed away at many places",4.104698320803962e-05
"categorical__Extent of damage_(i)10,000 people in Alipurduar affected (ii)Damage caused to private,public property",4.1029444479173576e-05
categorical__Extent of damage_i)Normal life paralysed ii)Low-lying areas submerged under water iii)Vehicular traffic completely disrupted,4.094391370979549e-05
"categorical__Extent of damage_i)1,152 villages of population 5,52,551 people affected ii)1,21,081 hectares of land area submerged under flood water iii)In Nalbari district 59 houses,,in Dhemaji 6  houses washed away iv)Cropped land 29,581 hectares submerged v)Road communication in Lakhimpur district completely disrupted vi)A portion of Goalpara-Matia P.W.D. road washed away disrupting road communication in Goalpara district vii)Road communication on National highway No. 37,52 suspended. Surface communication on Sivasagar-Simulguri road also suspended viii)In Dhemaji, Joni town cut off as national highway submerged at several places",4.08154097513434e-05
"categorical__Extent of damage_Coconut trees,Banana plantations extensively dmaged",4.075089184027523e-05
categorical__Main Cause_heavy rains & floods (rapti river),4.072334082585556e-05
categorical__Extent of damage_i) Paddy crops in more than 13000 hectares destroyed. ii) About 400 houses damaged. ,4.071908792277762e-05
categorical__Extent of damage_Property worth of lakhs of rupees damaged,4.0644480800655405e-05
categorical__Extent of damage_i)Canal link washed away at many places ii)Work on Sutlaj/Jamuna link canal affected,4.060829306647322e-05
"categorical__Extent of damage_i)Nowad village of 1,500 population in Narkhed tehsil washed away ii)2,000 houses razed to ground iii)Property worth Rs. 250 crore damaged iv)19 villages completely destroyed v)10,969 houses either partially or completely damaged vi)10,000 people rendered homeless vii)40,000 hectares of crop Tand washed away viii)Communication system completely suspended",4.055629691352037e-05
"categorical__Extent of damage_(1) 296 houses completely,1,170 partially damaged. (ii) Standing crop in 40,325 hectares of land in 10 talukas of Belgaum district damaged. (iii) The total loss including loss of public utilities worth Rs. 11.35 crores reported in Belgaum district.",4.052368668352948e-05
categorical__Extent of damage_i)Low lying areas flooded ii)City reservoir overflowed,4.044758284253885e-05
"categorical__Extent of damage_(i)Rainfall amount 13.4 cm recorded during 6 hours period, the highest ever in the century for the month of April (ii)Books worth several lakhs of rupees belonging to the National Book Trust damaged when the water entered the basement godown (iii)Hundreds of hutments washed away,people shifted to safer places (iv) 20 fired caused due to short circuit (v)Standing crop in many villages around the capital seriously damaged (vi)All the major roads waterlogged,hundreds of vehicles marooned, with water running upto the roof of the cars",4.037610208953129e-05
categorical__Extent of damage_Several huts collapsed,4.026545895958264e-05
categorical__Extent of damage_5 Kachchha houses washed away.,4.023278785123994e-05
"categorical__Extent of damage_Kulasekaram,Tiruvattar towns were inundated.",4.0198234653598666e-05
categorical__Extent of damage_1 dam breached,4.016399645209583e-05
"categorical__Extent of damage_i)2 million people affected ii)Crops in 10,000 hectares damaged iii)Several hundred houses submerged iv)Road communication between upper,lower Assam completely disrupted v)National highway No. 36 submerged between Dobaka,Diphu, disrupting road communication to Nagaland vi)A stretch of 3 km highway No. 37 washed away due to 3 breaches between Dharamtul,Silchand vii)Railway track on Lumding- Badrapur section North East Railway blocked due to landslide",4.004014012669216e-05
categorical__Extent of damage_i)160 villages inundated ii)Many houses collapsed,4.002670327398197e-05
categorical__Extent of damage_i)Several areas flooded ii)train services/telephone ervices/road transportation disrupted,4.000090953998042e-05
categorical__Extent of damage_200 people evacuated to safer places,3.991511515116031e-05
categorical__Extent of damage_i) About 40 houses destroyed. ii) 6 vehicles washed away. ,3.988265549128046e-05
"categorical__Extent of damage_Power/water supply,telecommunication services disrupted",3.960260858674822e-05
"categorical__Extent of damage_Due to incessant rains,consequent flooding several streets water logged, Thousands of city-dwellers marooned, loading,unloading operations in port came to a standstill, Massive power cut ordered Railway, air-traffic disrupted, Jute/cotton textile industries affected, Production loss of Rs. 5 crores, hospital washed away in Birbhum, Durgapur power project shut off, Raniganj coal belt affected, flood water entered the town, roads flooded but many places went without water supply, total population affected 152.5 lakhs",3.951904748569866e-05
categorical__Extent of damage_Landslides reported ,3.951612889715466e-05
categorical__Extent of damage_i) Compound wall of railway station collapsed. ii) Many trees/electric poles uprooted causing disruption in vehicular traffic & power supply.,3.9515382461937755e-05
categorical__Extent of damage_i)Vast stretch of low lying areas submerged under flood water ii)Road communication snapped a many places iii)Sudden discharge of water from Abraura embankment caused flash flood in Mirzapur district iv)500 houses damaged in Mirzapur district,3.9400453619974146e-05
categorical__Extent of damage_i) Damage to Kharif crops reported. ii) Damage to more than 25 houses reported. iii) Several trees/electric poles uprooted causing disruption in vehicular traffic & power supply.,3.910535307487037e-05
"categorical__Extent of damage_i)1.2 million people affected ii)Barpeta,Nalbari districts worst affected iii)1 lakh people marooned in Dhubri,Kamrup districts iv)Paddy crop in 50,000 hectares, jute crop in 5000 hectares,Sali seedlings in 2000 hectares of land submerged under flood water v)In Nalbari district, a railway track at Ghagrapara damaged, suspended railway services vi)In Barpeta district, national highway at Sorbhog closed for traffic vii)Atleast a dozen embankments,several roads breached",3.908578962914726e-05
"categorical__Extent of damage_i)Crops in 25000 hectares of area damaged. ii)2,40,000 houses damaged causing Rs. 16,500 crores loss. ",3.8776619002495396e-05
categorical__Extent of damage_Damage to 1115 houses reported.,3.8774302095808735e-05
categorical__Extent of damage_Around 200 trees uprooted,3.873417328506527e-05
categorical__Main Cause_heavy rain & flash flood,3.873093853300157e-05
categorical__Extent of damage_i) Several houses damaged. ii) Transport services disrupted.,3.863627270507362e-05
"categorical__Extent of damage_2 bicycle shops,three auto-rickshaws damaged. Estimated loss of Rs. 18 lakhs reported",3.831900970229045e-05
"categorical__Extent of damage_i) About 48,434 houses damaged. ii) Agricultural loss 11.37 hectares reported. iii) 1721 boats,3366 nets damaged. iv) Damage to 4707.75 kms. street roads reported. v) Damage to 688.28 kms. urban infrastructure reported. vi) Damage to 2589.36 kms. public,private  roads reported. ",3.8264357139495235e-05
"categorical__Extent of damage_Large number of houses damaged,many people affected.",3.825836743952032e-05
categorical__Extent of damage_(i) Low lying areas inundated. Several tonnes of vegetables got rotten. (ii) Several houses collapsed (iii) 9000 telephone lines went out of order,3.820944128167874e-05
categorical__Extent of damage_i) Worst affected district Rajkot. ii) Nearly 30-year-old bridge in Junagadh district caved in. iii) 7 National Disaster Response Force (NDRF) teams deployed. iv) Around 100 people have been evacuated in Devbhumi Dwarka District.,3.8153752728863946e-05
"categorical__Extent of damage_i)People in 204 villages marooned ii)12,390 houses collapsed iii)Thousand of people rendered homeless iv)Standing crops in 75,000 hectares damaged v)Loss estimated to Rs. 8 crores",3.8108466882632485e-05
"categorical__Extent of damage_Damage to 9,148 houses reported.",3.810033107584147e-05
categorical__Extent of damage_i) Many trees / electric poles uprooted. ii) Roofs of many houses blown off. iii) Road/rail traffic disrupted.,3.8049748913361564e-05
"categorical__Extent of damage_(i) Worst ever flood in Mahanadi witnessed during last 100 years. (ii) Over 90,000 Sq, km, area,more than 10 million people aff ected, (iii) More than a million people rendered homeless,about 2000 villages affected, (iv) Puri-Kolkata,Parad ip Cuttack train services suspended.(v) National highway between Bhubaneshwar-Cuttack sealed off,Cuttack-Kendrapara, Kendrapara Paradip highways remained under water. (vi) Rain water entered Paradip Pori area. (vii) Damage runs into hundreds of crores of rupees.(viii) Three million hectares of agricultural land affected. (ix) Property worth Rs.27 crores destroyed in Sambalpur district alone.   ",3.803692857123317e-05
categorical__State_Puducherry,3.799093310253497e-05
categorical__Extent of damage_110 houses collapsed.,3.796580507497249e-05
categorical__Extent of damage_Power supply disrupted.,3.793136503031083e-05
categorical__Extent of damage_(i)Landslide reported (ii)Low lying areas submerged disrupting road traffic (iii)Rail tracks also submerged. Many trains delayed/cancelled (iv) More than 50 trees uprooted,3.78968611217146e-05
"categorical__Extent of damage_i)6.5 lakh people in 500 villages affected ii)9,000 houses damaged iii)Extensive damaged to standing crop reported iv)Road communication completely disrupted v)Four trains canvelled due to flooding at railway tracks",3.772300764170524e-05
categorical__Extent of damage_i) Damage to houses reported. ii) Damage to road reported. iii) Low-lying areas inundated,3.769360191170183e-05
categorical__Extent of damage_i) Damage to crops reported. ii) A bus washed away in Balrampur Dist.,3.766919325756376e-05
"categorical__Extent of damage_i) Damage to one concrete house, 12 kacha houses, around 20 structures, cow sheds reported. ii) Several trees uprooted.",3.766593236495066e-05
categorical__Extent of damage_i) Damage to houses reported. ii) Damage to car reported. iii) Many trees/electric poles uprooted causing disruption in vehicular traffic & power supply.,3.761488879557183e-05
"categorical__Extent of damage_i)Extensive damage to 25 hectares of Paddy crops reported ii)20,000 hectares of cotton plants submerged iii)Damage to 5,631 huts fully,331 huts partially reported iv)Damage to around 25 lakh vehicles reported",3.748248958964657e-05
categorical__Extent of damage_Around 3700 families shifted to safer places,3.7465899794293695e-05
"categorical__Extent of damage_i) Low lying areas flooded. ii) Trees/poles uprooted causing vehicular, traffic disruption. ",3.740272879499566e-05
categorical__Extent of damage_(i)60 houses damaged (ii)Road traffic disrupted,3.7337254517315466e-05
"categorical__Extent of damage_4 houses completely,8 partially damaged",3.728920341929109e-05
"categorical__Extent of damage_i) Hundred acres of land submerged. ii) Extreme damage to public,private property reported. ",3.726517766611619e-05
"categorical__Extent of damage_i)483 Panchayat tanks,271 minor irrigation tanks breached ii)137 houses damaged",3.7172700923300726e-05
categorical__Main Cause_severe(flooding of all major rivers),3.715219620170922e-05
"categorical__Extent of damage_i)300 houses damaged ii)32,000 hectares of cropped area damaged iii)A bridge over Dhudhi river on Mumbai-Agra highway washed away",3.7145872899948474e-05
"categorical__Extent of damage_i)Nagapattinam, Thanjavur,Tiruvabur districts worst affected ii)Reservior at Chembarampakkam,Red-hills overflown iii)Thousands of people in low lying areas shifted to safer places",3.7139816852934195e-05
categorical__Extent of damage_i) Landslide reported ii) Few houses damaged. iii) Low lying areas water logged. iv) Road traffic disrupted. ,3.712330592961356e-05
categorical__Extent of damage_i) Large number of thatched houses damaged. ii) Extensive damage to crops reported.,3.7098044115824495e-05
"categorical__Extent of damage_i)Landslide reported. ii) Damage to several houses,school building reported. ",3.7086945763457374e-05
"categorical__Extent of damage_(i)Valsad district worst affected (ii) road/rail traffic disrupted (iii) 30,000 houses damaged",3.694665257194708e-05
"categorical__Extent of damage_i)Many acres of land with paddy,jowar submerged. ii) 4 villages submerged. ",3.683530618032861e-05
"categorical__Extent of damage_i)5,76,953 people in 1,085 villages affected ii)In Sivasagar, 1,03,954 people in 167 villages,40 villages in Nalbari district worst affected iii)2,000 houses including several Govt. offices damaged iv)Paddy, Jute,other crops in 72,000 hectares of land damaged v)Hundreds of people rendered homeless",3.679427563966995e-05
categorical__Main Cause_heavy rains & floods in ganga & tributaries,3.6776109147325016e-05
"categorical__Extent of damage_Loss to crop,property reported",3.672331597780576e-05
"categorical__Extent of damage_Large number of villages,crops damaged.",3.656901402124735e-05
"categorical__Extent of damage_(i) A portion of the bridge on Nashik- Aurangabadroad near Yeola collapsed (ii) 11 houses,25 stalls collapsed",3.6561747741033e-05
categorical__Extent of damage_About 3 lakh people of 800 villages affected. Many kachcha houses damaged.,3.650735898945014e-05
categorical__Extent of damage_i)Low lying areas flooded ii)Rail tracks submerged dislocating train services iii)Vehicular traffic came to a standstill iv)Loading/unloading operations in the docks suspended,3.649643404457608e-05
"categorical__Extent of damage_About 650 houses fully,more than 5000 partially collapsed",3.648279750624289e-05
"categorical__Extent of damage_i)Lakes,ponds over flown ii)27 villages submerged in Honavar taluka",3.6448341848789396e-05
categorical__Main Cause_flash floods in rambhan stream by a cloud burst,3.6446010374605786e-05
categorical__Extent of damage_i) Crop land of area 293770 hectares affected. ii) About 40 lakhs people affected. iii) Damage to around 1.5 lakh houses reported. iv) Rail transport disrupted for 2 weeks.,3.636738409824134e-05
categorical__Extent of damage_i) Damage to 568 houses reported ii) Several trees/electric poles uprooted causing disruption in vehicular traffic & power supply.,3.6270655051636275e-05
"categorical__Extent of damage_i) Landslide reported in 14 places. ii) 316 houses completely,3991 houses partially damaged. iii) Extensive damage to agriculture reported. iv) In 1372 hectares of land a total loss of Rs. 44 crores reported. ",3.621970195618789e-05
"categorical__Extent of damage_i) Low lying areas flooded. ii) About 50,000 people shifted to safer places. iii) Rail/road traffic disrupted. ",3.6143396882133673e-05
"categorical__Extent of damage_i)Damage to crops due to flash floods,cloud burst reported ii)Damage to 6 houses reported iii)Damage to 2 power projecs reported",3.6079054970284636e-05
categorical__Extent of damage_Extensive damage to building reported.,3.596040841898347e-05
categorical__Main Cause_heavy rain triggered landslips,3.5819755881659975e-05
categorical__Extent of damage_Construction material stored for building a bridge near Madagattu Dingbund washed away,3.574235573985619e-05
categorical__Extent of damage_i) Damage to Mango trees reported. ii) Loss of Rs.17 Lakhs reported. iii) More than 10 houses damaged,3.573150275680559e-05
categorical__Extent of damage_4 houses damaged,3.570163559234687e-05
categorical__Extent of damage_i) Road traffic disrupted. ii) Many trees uprooted.,3.565609776216867e-05
"categorical__Extent of damage_Rendering several thousands homeless. There was also considerable dmage to crops,houses in Gangetic West Bengal during this period",3.5574940755006524e-05
categorical__Extent of damage_A roof of house collapsed.,3.553701481721317e-05
"categorical__Extent of damage_i)Low lying areas in Rakhlaolo,NOtha villages flooded ii)Many Kachchhcha houses collapsed",3.549670402505995e-05
"categorical__Extent of damage_(i) Many trees uprooted,damage to several vehicles reported (ii) Electric supply disrupted due to breaking of overhead wire",3.5325182520142126e-05
"categorical__Extent of damage_i)34,84,533 people in 3,998 villages affected ii)7,67,189 hectares of land,2,38,648 hectares of land,2,38,648 hectares of crop land submerged iii)5,732 houses damaged due to erosion iv)1,769 families affected due to erosion v)Standing ahu, paddy,jute crop extensively damaged vi)National Highway Nos. 52,53 submerged vii)Burchapari forest in Sonitpur district inundated ",3.5289052382453275e-05
categorical__Extent of damage_Several trees uprooted.,3.526306258854037e-05
categorical__Extent of damage_Goods worth lakhs of rupees destroyed as the basement of a market flooded in Bamala,3.525226338934747e-05
"categorical__Main Cause_severe flood . (brahmaputra,its tributaries)",3.508182959683824e-05
categorical__Extent of damage_i) Electric supply/ road traffic disrupted. ii) Few vehicles damaged.,3.506887729207653e-05
categorical__Extent of damage_37 huts damaged,3.479067357843613e-05
"categorical__Extent of damage_Many jhuggis collapsed,walls of several houses cracked",3.4783592897809864e-05
"categorical__Extent of damage_(i) 2,265 houses fully,8,149 partially damaged. (ii) 109 villages affected. (iii) Extensive damage of standing crop reported.",3.477725581715824e-05
categorical__Extent of damage_Large number of houses damaged.,3.477459960581554e-05
"categorical__Main Cause_flood (gandaki,kosi)",3.473191490495584e-05
categorical__Extent of damage_i) Damage to houses & shops reported. ii) Several trees uprooted causing blocking of main road for a couple of hours.,3.472497409970023e-05
categorical__Extent of damage_22 pilgrims rescued,3.454499584738259e-05
"categorical__Extent of damage_33.66 lakhs people,6.57 lakhs hectares affected. ",3.4531650581023846e-05
"categorical__Extent of damage_Low level areas submerged,normal life affected",3.451011922031271e-05
categorical__Extent of damage_(i)2700houses damaged (ii)Nearly 500 acres of paddy field inundated (iii)Railway line damaged,3.4489381996181304e-05
"categorical__Extent of damage_1.75 lakhs people rendered homeless, 100 heads of cattle perished, 75 villages devastated, 1,45,000 hectares of land affected, 2,000 seed farms valued at Rs. 300,000 suffered, 1,000 primary school buildings, 26 veterinary hospitals,10,000 tube wells damaged, flood water entered the municipal limits of Ludhiana",3.4431160113554694e-05
"categorical__Extent of damage_i) Many places inundated. ii) Road traffic disrupted,",3.4367865531618814e-05
"categorical__Extent of damage_(i)Landslides reported (ii) Thousands of people marooned due to water logging,disrupted road links",3.4309074816393254e-05
categorical__Extent of damage_A few houses collapsed in Kasaragod dist,3.4301682879514365e-05
"categorical__Extent of damage_i)289 villages waterlogged,many roads submerged affecting nearly 2 lakh population ii)Many houses damaged iii)Extensive loss to properties,damaged to crops in approx 10,000 hectares reported",3.428039757558964e-05
categorical__Extent of damage_i) Dilapidated building collapsed. ii) Water logging in low lying areas reported.,3.422795694670588e-05
"categorical__Main Cause_heavy rains & landslide, flash flood",3.413156357473694e-05
"categorical__Main Cause_severe flood (narmada,its tributaries)",3.403993376887175e-05
"categorical__Extent of damage_i) 1,65,979 population of 421 villages from 15 districts affected. ii) Crop land of area 21574.37 hectares affected",3.39425618911152e-05
"categorical__Extent of damage_i) 15 houses damaged. ii) Damage to jowar, groundnut, strawberry,grapes reported. ",3.3905056524321785e-05
"categorical__Extent of damage_(i)52,35,092 people affected. Dhemaji disrtict worst affected (ii)Standing crops in 2,13,184 hectares badly damaged (iii)3,635 houses fully,1.,015 houses permanently damaged. Around 6.5 lakh people became homeless. (iv)Some of the tributaries change their course, Submerging low lying areas. Kaziranga National Park also inundated. Animals from the park took shelter in nearby Karbi Anglong hills (v) Several roads including NH 52 inundated at many points. Road communication disrupted (vi) 200 metre railtrack between Silchar,Lumding washed away. Rail service cut off",3.381856094881639e-05
"categorical__Extent of damage_i) 12 trees uprooted. ii) 32 shops of hardware, TV, furniture, plywood, tiles, electrical goods damaged. ",3.380196919636402e-05
categorical__Extent of damage_About 250 villages affected badly.,3.370221930826501e-05
categorical__Extent of damage_500 houses submerged under rain water,3.367685660180141e-05
"categorical__Extent of damage_i) 151 houses completely,40 houses partially damaged. ii) Damage to maize, coriander, pulses, onion,fruit gardens reported. iii) 5000 people shifted to safer places. iv) Many trees uprooted. ",3.3543806108011404e-05
"categorical__Extent of damage_Crops,property damage have been estimated to run into several crores",3.3422904180418654e-05
categorical__Extent of damage_i) Many roads remained closed. ii) Disruption in power supply reported.,3.335360345792682e-05
categorical__Extent of damage_i)Dhemaji district worst affected. 2/3 of the district submerged under flood water ii)Entire NE region cur-off from rest of the country iii)Embankment of Brahmaputra breached affecting more than 400 villages iv)National Highway No. 31 completely inundated whereas No. 52 damaged at several places v)17 lakh people affected vi)Crop in 1.4 lakh hectares damaged vii)Road/Rail communication disrupted,3.3306041224061385e-05
"categorical__Extent of damage_i)A large number of small dmas breached. ii)As many as 37 irrigation reservoirs overflowed iii)Many villages downstream of the dams/reserviours marooned iv)One million people affected v)Groundnut crop in 1619 hectares washed away vi)Extensive damage to roads,bridges vii)Large stretches of rail tracks washed away viii)1500 hutments,500 houses collapsed ix)Salt worth Rs. 50 lakhs washed away x)Estimated loss to crops/buildings/roads/bridges etc. - Rs. 15 crores",3.327047799054885e-05
categorical__Extent of damage_Many trees/electric poles uprooted causing disruption in vehicular traffic & power supply.,3.325149249484315e-05
"categorical__Extent of damage_i) Fruit,vegetable crops affected. ii) About 990 houses damaged. iii) Landslide reported. iv) Many trees uprooted. v) Electric supply/ road traffic disrupted. ",3.311861021211643e-05
"categorical__Extent of damage_i)Damage to Banana, Coconut, Mango, Jackfruit trees reported ii)Damage to several houses reported iii)Damage worth lakhs rupees reported iv)Many trees / electric poles uprooted",3.304330377458671e-05
categorical__Extent of damage_Severe damage to telecommunication system,3.300976330430228e-05
categorical__Extent of damage_i) 5 vehicles washed away. ii) Many trees uprooted. iii) Road traffic disrupted. ,3.284537506679227e-05
categorical__Extent of damage_Damage to property in Kumbala,3.278940928740965e-05
categorical__Extent of damage_Normal life paralysed. ,3.270690696354812e-05
categorical__Extent of damage_Damage to several houses reported,3.270341141681009e-05
"categorical__Extent of damage_i)Thousands of people rendered homeless ii)Number of major bridges washed away disrupting vehicular traffic on Assam-Bomdila,Tawang-Bomdila-Seppa roads iii)In East East Kameng, West Kameng district. Bana bridge washed away. iV) Border Road Task Fource labour camp washed away.",3.266059837548648e-05
"categorical__Extent of damage_i)Around 7.5 lakh people in 16 blocks affected ii)More than 10,000 mud houses collapsed iii)About 16,000 houses in 15 block collapsed iv)About 90,000 people rendered homeless v)Crops in 50,000 hectares destroyed at Ghatal vi)Telephone exchange in Contai damaged vii)Breaches in the embankment of Kangsabati,Keleghi rivers reported",3.265248011041634e-05
"categorical__Extent of damage_(i) Most of the tanks in the district breached (ii)1 bridge collapsed, traffic jam reported (iii) Sugarcane, Green gram,soya in about 200 acre washed out",3.262080348598946e-05
"categorical__Extent of damage_(i)3,66,065 people in 449 villages affected (ii) Damage to standing crops in 70,974 hectares affected (iii)NH52,NH31 overtapped at several places (iv) Road communication between Dhemani,Janai subdivision disrupted",3.256226543426934e-05
categorical__Extent of damage_i)Large number of houses collapsed ii)Low lying areas flooded iii)Vehicular/railway traffic completely disrupted,3.25618603404782e-05
"categorical__Extent of damage_i) 9 lakh population affected ii)54,9431 hectares of crop land damaged  iii)Landslides reported in South Saimara,Mankachar (Dist. Dhubri),Majuli (Dist. Jorhat)",3.25610149306503e-05
categorical__Extent of damage_i) Paddy fields in Mellury village washed away. ii) 2 bridges washed away.,3.252799425210136e-05
categorical__Main Cause_cloudburst / flash floods,3.2517326058378174e-05
"categorical__Extent of damage_(i) Many trees uprooted (ii)Power supply,telecommunication disrupted",3.2498722095253586e-05
"categorical__State_Andhra Pradesh, Telangana",3.2475297885172126e-05
"categorical__Main Cause_severe( godavari, dudhana,poorna)",3.2414395639043586e-05
categorical__Extent of damage_Heavy rains triggered by cloud burst reported,3.232123333111605e-05
categorical__Extent of damage_i) Few Kachchha houses collapsed. ii) More than 100 villages inundated. III) 3 lakh people affected.,3.232017411337624e-05
categorical__Extent of damage_i) Landslide reported. ii) Damage to public property reported.,3.22096933441846e-05
categorical__Extent of damage_Standing crops affected,3.1875564909131763e-05
"categorical__Extent of damage_108 villages affected, About 3 lakh hectares of land affected, a number of people drowned, Heavy damage to houses,crops, crops worth Rs. 4 crores lost",3.16319455364458e-05
"categorical__Extent of damage_2,000 people rendered homeless.",3.1521273666829444e-05
"categorical__Extent of damage_Caused damage in life,property. Crops worth several crores of rupees were damaged or destroyed",3.1497666114708565e-05
"categorical__Extent of damage_i) Paddy cultivation in 30,000-40,000 acres submerged. ii) 700 houses completely damaged. iii) Land slide reported in The Nilgiris. ",3.145750243524408e-05
"categorical__Extent of damage_i)Low lying areas submerged ii)Several roads damaged, Several roads washed away",3.138241777905014e-05
categorical__Extent of damage_2 houses collapsed,3.1293118868355676e-05
"categorical__Extent of damage_i) Extensive damage to Paddy crops & also damage to about 6000 Banana plants reported. ii) Damage to 354.936 hectares of crops reported from Kasaragod Dist. iii) Estimated loss of �������3 lakhs reported from Kasaragod Dist. iv) Around 3,109 hectares of crops loss amounting to ������� 54 crores since monsoon onset reported from Palakkad Dist. v) Damage to 64 houses reported. vi) Over 20,000 farmers affected by the crop loss. vii) 23 families shifted to 5 relief camps in Kannur.",3.109388938964693e-05
"categorical__Extent of damage_i)Flood water entered in 75,000 huts in Chennai ii)469 huts fully,1093 huts partially damaged iii)101 irrigation channels breached iv)Agriculture crop extensively damaged v)Roads in Chennai damaged at many places",3.101202406176697e-05
categorical__Main Cause_heavy rain / flash floods,3.050901655662694e-05
"categorical__Extent of damage_i) About 38000 people affected. ii) One Lakh acres of standing crops damaged. iii) 306 villages affected,1800 houses completely damaged. iv) 2 BSF observational posts submerged. ",3.0452115672791816e-05
categorical__Extent of damage_24 villages situated across Dhusai bund along Ravi river submerged,3.0447580882938686e-05
"categorical__Extent of damage_i) About 21 villages of Thane Dist. badly affected. ii) More than 1,100 residents of Kamba village near Kalyan, Thane Dist. shifted to safer places. iii) Extensive damage to valuables including documents reported.",3.0422991524214504e-05
categorical__Extent of damage_i) Damage to more than 7 vehicles including rickshaw reported. ii) Several trees uprooted causing disruption in vehicular traffic.,3.0368529507778195e-05
"categorical__Main Cause_flash flood(baksa, dhaleswari,kushiara)",3.035282210801472e-05
"categorical__Extent of damage_Bagmati,Adhaware rivers swelled above their danger level, 4 million people affected, 55,000 hectares of land affected, loss to property Rs. 16.5 lakhs",3.0308846792919837e-05
"categorical__Extent of damage_i) At least three fishing boats capsized off Porbandar coast. ii) Traffic suspended on 195 roads, including 16 state highways. iii) Many areas in the state lashed including Mandvi taluka in Surat. iv) Water-logging in various districts reported. v) Several people shifted to safer places. vi) 13 teams of the National Disaster Response Force (NDRF) deployed to tackle the emergency situation.",3.018181329385948e-05
"categorical__Extent of damage_4,13,207 hectares of crop land affected",3.0117556440968917e-05
"categorical__Extent of damage_i)Due to heavy rains temperature fell down below freezing point ii)About 9,000 Amarnath pilgrims standed Panchtarni,Sheshnag. Armay called for rescue operations iii)More than 60,000 devotees remained stranded on 46km trekking route from Pahalgam to holy cave iv)Road connecting Anantnag-Pahalgam highway completely disrupted due to flooding v)Jammu-Srinagar highway blocked due to landslides vi)Vehicular traffic on Jammu-Pathankot highway completely disrupted due to flooding of rivers vii)Floods water entered into 70 villages under Doda, Jammu, Rajouri, Udhampur,Kathua",3.0111924933672953e-05
categorical__Extent of damage_(i) Heavy damage to cahs crops due to landslide (ii)Flooding of several roads,3.0105196717669763e-05
categorical__Extent of damage_i) About 1000 houses inundated.  ii) 80% of kharif crops damaged.  iii) Low lying areas flooded. ,3.004609515985739e-05
categorical__Extent of damage_(i) Hundreds of houses collapsed. (ii) 3000 families of slum dwellers rendered homeless.,2.994934139563317e-05
"categorical__Extent of damage_i)10,000 people marooned ii)5 houses in Ahmendabad damaged iii)Telecommunication services,power supply disrupted",2.991636460895859e-05
"categorical__Extent of damage_i) 81,79,257 population of 1,317 panchayats of 130 blocks in 16 districts affected. ii) People shifted to 8 Relief Camps, 12,239 inmates by 26 teams of National Disaster Response Force (NDRF),State Disaster Response Force (SDRF).",2.9768176764367385e-05
"categorical__Extent of damage_5 houses completely,30 partially damaged",2.9756012147350794e-05
"categorical__Extent of damage_(i) 24,78,781 people in 2,338 villages affected. (ii) 3,72,832 hectares of land area,87,000 hectares of cropped area flooded. (iii) 5,708 houses fully,9,550 partially damaged. (iv) Surface,railway communication between state,the rest of the country remained cut off for number of days. (v) National highway No. 52 submerged at several places disrupting the vehicular traffic completely.",2.9755527345037628e-05
categorical__Extent of damage_Number of houses damaged.,2.959940711929783e-05
categorical__Extent of damage_Road link at several places submerged,2.9556782732255567e-05
"categorical__Extent of damage_32,000 acres of samba crop submerged.",2.9505378769611212e-05
categorical__Extent of damage_i)Loss of public utilities worth Rs. 1.15 crore reported ii)Road communication on National highway No. 14 disrupted iii)Several trees uprooted,2.9451196465695386e-05
categorical__Extent of damage_i) About 30 villages inundated. ii)Extensive damage to standing crops reported. iii) NH-52 submerged. ,2.9439967181262797e-05
categorical__Extent of damage_i)Several houses damaged ii)100 coconut trees uprooted,2.9393959868210287e-05
categorical__Main Cause_flash flood (brahmaputra),2.9299893579709205e-05
"categorical__Extent of damage_i)Rajkot district worst affected ii)Hundreds of houses collapsed iii)People living in the downstream area of Khodiyar, Ambajal,Raval dmas evacuated to safer places",2.9186439387186904e-05
"categorical__Extent of damage_i)1.1 lakh houses eitherfully or partially damaged ii)2 lakh families rendered homeless iii)50 villages in Bid, Nanded,Raigarh marooned iv)Damage to building,road,power stations estimated to be worth rs. 91 crores v)In Raigarh district, entire hutmen colony on the bank of Patalganga river completely wiped out. 72cms. of rain in Twenty Four hours period reported vi)In Mumbai, local train services as well as long distance trains cancelled. Mumbai recorded highest rainfall since 1984 vii)In Beed district, Beed town razed to ground. viii)In Pune district, Bhaje village completely wiped out due to landslide. Pune-Mumbai train services suspended.",2.9117661464758e-05
categorical__Extent of damage_(i)Amala block cut off from many villages (ii)Normal life in slum area paralysed (iii)Road traffic disrupted,2.8940500560330674e-05
categorical__Main Cause_heavy rains & floods (vishwamitri river),2.8937949116696244e-05
categorical__Main Cause_flood & landslide,2.8768726277585767e-05
"categorical__Extent of damage_i) Damage to agriculture crops, thousands of banana crops, coconut trees,rubber trees reported. Also, 150 year old huge Banyan tree uprooted. ii) Low lying areas,cultivated land submerged. iii) Damage to more than 100 houses reported. iv) Damage to vehicles, electric-cables, household appliances, seaside road & fishing equipments reported. v) About 200 families shifted to safer areas / relief camps. vi) Loss of 4 lakhs reported",2.871488489787108e-05
categorical__Extent of damage_i)Thousands of people affected ii)30 Kachchha houses damaged,2.8711368446713264e-05
categorical__Main Cause_severe flood (mahanadi & its tributaries),2.8703588401760844e-05
categorical__Extent of damage_(i)Landslide reported (ii)Hundreds of houses located in the Vrishabahvathi valley area damaged (iii)Low lying areas inundated,2.869988964313964e-05
"categorical__Extent of damage_(i)60,000 families affected (ii)Road communication from West Tripura to different parts of the state disrupted following landslides at 60 places in Atharamura mountain ranges",2.8495652724759216e-05
"categorical__Extent of damage_(i)3 lakh people in several villages marooned (ii)Hingonia villsge completely washed away by swollen waters of Dhund,Moreal rivulets (iii)A dozen of rail bridges with 5 km long railtrack on Delhi-Jaipur-Sawai Madhopur-Gangapur washed away (iv)57 bunds breached (v)53,000 families in 650 villages affected (vi)28127 houses collapsed (vii)Crops worth Rs. 4.5 crores lost (viii)Loss to property:Rs. 200 crores",2.8390375235815975e-05
"categorical__Main Cause_severe(godavari, krishna, bhima, pravara, koyna, manjura, manwad, lendi, kayadu, penganga,warna)",2.8273571166680608e-05
"categorical__Extent of damage_i) Damage to the crops in 3,67,691 ha. area affected. ii) Damage to the 45,953 houses reported. iii) Across 23 districts near about 830 villages marooned. iv) 32.9 lakh people affected. v) Thousands of people shifted to safer places. ",2.8122997700553703e-05
categorical__Extent of damage_i) Damage to houses reported. ii) Damage to a road in Upper Lingchom reported. iii) A bridge connecting Sakyong & Pentong villages washed away. iv) Upper Dzongu totally cut off from the rest parts of the state. v) People shifted to safer places by SDM officials. vi) East District-Mangan road blocked.,2.789506086636104e-05
categorical__Main Cause_incessant rains,2.7886764202503494e-05
"categorical__Extent of damage_(i) 176 people trapped in swirling waters of river Gola rescued by PAC jawans,fire brigades (ii) Road to Kailash,Mansarovar damaged at several places (iii) Several houses collapsed in landslides (iv) Pipra-Piprasi bund damaged (v) Road communication cut off (vi) Over 12000 pilgrims stranded due to landslides near Gopeshwar (vii)Bridge on the river Kalu near Dharchula damaged severely",2.7786027846448998e-05
categorical__Main Cause_heavy rains & flash  floods,2.770848032431742e-05
"categorical__Main Cause_severe flood(mahanadi,its triutaries)",2.7659160537230252e-05
"categorical__Extent of damage_Flash floods in village Nala, 60 rendered homeless, Train traffic disrupted, extensive damage reports from village Jabli near Bilaspur",2.7574615052645113e-05
"categorical__Main Cause_heavy rains & floods, landslide",2.7470848143913838e-05
"categorical__Extent of damage_i)Churu, Jalor, Jodhpur,PAli districts worst affected ii)67 houses collapsed in Churu an Pali districts iii)Crops in thousands of hectares of land damaged iv)A passenger train with over 1,000 passengers stranded at Mokalasar railway station in Jalore due to damage in raolway track v)Road, railway,airline completely disrupted in Jodhpur division",2.738381672775393e-05
categorical__Extent of damage_One fishing boat capsized.,2.730746143432459e-05
categorical__Main Cause_severe flood(tapi),2.7255001237908873e-05
categorical__Extent of damage_Damage to 20 acres of crops reported as a bridge submerged in Bidar Dist.,2.7172835743616575e-05
"categorical__Extent of damage_i) Kalyan, Bhivandi, Murbad, Badlapur, Diva area of Thane Dist. & Girgaon area of Palghar Dist. more affected. ii) Bridge in Murbad washed away. iii) Damage to building at Girgaon area of Palghar Dist. reported. iv) Train service disrupted. v) Water logging at many places. vi) People rescued by using boats at Diva, Badlapur area & by using helicopter at Kalyan area.",2.7152552496845495e-05
categorical__Main Cause_heavy rains & cloud burst,2.6910920055936993e-05
"categorical__Extent of damage_Many houses damaged building washed away (barring a few reinforced structures), communication line from Ooty disrupted, 1 lakh hectares of land hit by floods in Ooty,surrounding villages, , 800 hectares of cropped fields damaged, orange farms turned into vast sheets of water, a number of building structures collpased, Ghat roads cut off due to erosion,landslides",2.6897369211963e-05
"categorical__Extent of damage_Railway track between Sahepur-Kamal,Munger Ghat affected, Barauni Industrial Complex threatened, Drainage longestion in Dinapur area near Patna, both in east,west approach roads to Patna City submerged",2.6854231059884632e-05
categorical__Extent of damage_(i)Landslide reported (ii)Manipur-Silchar road blocked for traffic,2.684310428237442e-05
categorical__Extent of damage_1500 families rendered homeless,2.6795795674972456e-05
categorical__Extent of damage_Landslide on Hubali Express train near Lonawala reported.,2.6790812789569223e-05
"categorical__State_Goa, Daman and Diu",2.677865837727045e-05
"categorical__Extent of damage_Rail, road traffic disrupted, 1 lakh people rendered homeless",2.666680306737918e-05
"categorical__Extent of damage_i) At least 5,000 people from low-lying places,marooned localities shifted to safer places. ii) Most of the areas in the Vadodara city remained submerged.",2.6587469042570674e-05
"categorical__Extent of damage_46,000 houses dmaged, crops in 1,05,600 hectares destroyed, train tracks breached",2.6585397369107532e-05
categorical__Extent of damage_i) 44.5 hectares of cropland affected. ii) 531 population from 7 villages of 2 districts affected.,2.6583339350416893e-05
categorical__Extent of damage_Damage to house reported.,2.656718449462773e-05
"categorical__Extent of damage_i)In Lakhimpur district 119 villages with population more than 1 lakh affected while in Barpeta district 1.5 lakh people affected. In Goalpara district 250 villages with population more than 2 lakh affected. In Kamrup district about 20,000 families in Nalbari,Rangiya sub-division affected. Total number of persons affected : About 2 million ii)3000 families rendered homeless,thousands marooned iii)Paddy crop in 600 sq.km.area completely damaged while Sali crop badly damaged iv)Entire north-eastern region cut off for 2 days ( 16 & 17 September) from the rest of the country v)Flood water breached roads, railway tracks,embankments dirupted road/railway communication vi)Several houses washed away",2.6553516095415408e-05
"categorical__Extent of damage_i) Chandigarh-Shimla National highway remained closed due to landslide near Jabali, Kasulli taluk in Solan Dist.",2.654320328618992e-05
categorical__Extent of damage_i)Normal life completely paralysed ii)Electric/Telephone services completely disrupted,2.6296790357034326e-05
"categorical__Extent of damage_i) Many trees uprooted. ii) Road, rail,air traffic disrupted. iii) Many houses damaged. iv) 5 vehicles washed away.",2.6165949418976733e-05
categorical__Extent of damage_i) Thousand acres of farm submerged. ii) About 1000 houses marooned. ,2.614861412775348e-05
"categorical__Extent of damage_i)5,000 houses fully or partially damaged ii)300 km long Srinagar-Jammu,434 km long Srinagar-Leh highway remained closed for consecutive 4 days",2.6092575332188934e-05
categorical__Main Cause_heavy rains & floods (mutha river),2.6064772837272836e-05
"categorical__Extent of damage_i)Heavy landslides reported in Champali village of West Tripura district ii)In all 2 lakh population affected iii)Flood water inundated 68 villages iv)Assam-West Tripura road completely damaged V)Kulaicherra bridge connecting Kamlpur with West Tripura damaged, disrupting vehicular traffic vi)7 bridges damaged",2.6036474589332266e-05
"categorical__Extent of damage_i)15 villages in Sonitpur circle(Sonitpur district),21 villages in Dhemaji dist. flooded ii) Road Communications in Dhemaji district cut off",2.5964224904552715e-05
categorical__Extent of damage_One bridge washed away.,2.5944693498301514e-05
"categorical__Extent of damage_Damage to crops,vegetables reported.",2.5782551134870978e-05
"categorical__Extent of damage_i)Extensive damage to crop reported ii)Vehicular,railway traffic disrupted",2.5764387671009287e-05
categorical__Extent of damage_i) Damage to Paddy fields reported.,2.568112426225974e-05
categorical__Extent of damage_(i)Landslide reported in Kamrup Metropolitan (ii)2 houses completely destroyed,2.552647090821236e-05
categorical__Extent of damage_i)Large number of houses collapsed ii)Vast areas submerged iii)Large number of passengers stranded at Varanasi station due to cancellation of trains iv)Breaches on Grand Trunk road reported,2.548390426704181e-05
"categorical__Main Cause_severe (mahanadi, brahmani, baitarni & devi rivers)",2.5443573471235116e-05
categorical__Extent of damage_(i)Normal life paralysed (ii) Low lying areas inundated (iii)Many trees uprooted disrupting traffic (iv) A few houses collpased including a 3 storeyed  BMP quarters,2.531879525291571e-05
categorical__Extent of damage_i) Heavy damage to standing crops reported. ii) Grape orchards in 250 acres of land damaged. ,2.5268789720614616e-05
"categorical__Main Cause_flood (beas, ghagar, sutlej)",2.5144200714031172e-05
categorical__Extent of damage_(i)A few houses collapsed (ii)More than 200 trees uprooted,2.5086990443766505e-05
categorical__Extent of damage_(i)Landslide reported in Kakkayam (ii)Widespread damaget to property reported in Atholi (iii)Road transportation disrupted,2.5070464084662296e-05
"categorical__Extent of damage_50,000 people affected, 8,000 houses damaged/destroyed, Total loss Rs. 10 crores",2.5005554845640236e-05
"categorical__Extent of damage_i)Damage to 465 hectares of land,Rs. 3.76 crore of crops reported ii)Damage to 8 houses fully ans 416 houses partially reported. Property loss of Rs.97.92 lakh reported",2.498754756330423e-05
categorical__Extent of damage_Damage to public/private property,2.4936491681266417e-05
categorical__Extent of damage_i) Landslide reported. ii) Several houses damaged.,2.4916210052747487e-05
"categorical__Extent of damage_i)Low lying areas flooded ii)Many compound walls collapsed iii)Trees,electric uprooted",2.487710282497726e-05
"categorical__Extent of damage_(i)36 tehsils in 9 districts inundated (ii)Nearly 12 lakh population affected,one lakh became homeless (iii)NH 77,NH 104 merged due to flood waters (iv) Rail services on Madhepura-Purnia, Saharsa-Katihar,Purnia-Katihar sections halted due to inundation of rail tracks",2.4873854077611965e-05
categorical__Extent of damage_i) Roof of a house collapsed. ii) Crops of about 347 acres of land from 10 villages damaged. ,2.487185099354738e-05
"categorical__Extent of damage_i)2,250 houses damaged ii)Breaches to roads,tanks reported iii)Paddy, groundnut, Chilly, blackgram,to-bacco crop in 22,100 hectares area of Prakasam district damaged",2.470373946151065e-05
categorical__Extent of damage_i) Damage to 3458 houses reported. ii) Extensive damage to crops reported. iii) Railway bridge damaged near Manmad. iv) Ahmadnagar-Shirdi stretch of NH 10 inundated by Godavari water. V) 500 villages affected. vi) 1.5 lakh people evacuated to safer places. ,2.466358114465231e-05
"categorical__Extent of damage_(i)Landslides repiorted (ii)road communication between Lawngtlai town,other parts of the state cut off",2.4504381674652046e-05
categorical__Main Cause_continuous heavy rains,2.4484279334317116e-05
"categorical__Main Cause_severe flood(saktola,pahumora)",2.4347129200610567e-05
categorical__Extent of damage_i)Low lying areas inundated ii)Several huts in Slum area swept away,2.424576669088624e-05
categorical__Extent of damage_Extensive damage to crop reposted,2.4209844641517872e-05
"categorical__Main Cause_severe flood(ganga,its  tributaries)",2.41793825432429e-05
"categorical__Extent of damage_i)Hundreds of villages flooded,Army called for rescue operations ii)29,168 houses/huts damaged",2.4067829698255147e-05
categorical__Extent of damage_i) Several hectares of paddy fields inundated in Naristan & Gutroo villages of Tral Tehsil. ii) Damage to a house reported. iii) The road in nearby Aripal village of the district washed away.,2.4049152391098783e-05
categorical__Extent of damage_i) Electric supply/ road traffic disrupted. ii) Damage to public property reported.,2.385740531387444e-05
"categorical__Extent of damage_i) About 800 acres of paddy crop land,2000 tons of paddy crops damaged. ii) Damage to about 200 kachcha houses reported. ",2.3836381783325423e-05
categorical__Extent of damage_Damage to1686 houses reported.,2.376865755539327e-05
categorical__Extent of damage_Roofs of several huts blown away,2.3701200540291745e-05
"categorical__State_Uttar Pradesh, Bihar",2.359714475091701e-05
"categorical__Extent of damage_Damage to some houses,to standing crop worth Rs. 2 crores reported",2.3540988014489892e-05
"categorical__Extent of damage_i) Damage to agricultural land reported. ii) Damage to several houses, cowsheds reported. iii) Damage to main roads,local bridges reported. iv) Large-scale destruction in Gangnahar, Lambagad, Ramgaderi, Bisht Bhankhli,Negi Bankhali villages reported. v) The Mahelchouri-Chaukhatiya highway blocked due to the debris.",2.354079201927514e-05
"categorical__Extent of damage_Rapti river in Spate, total loss of Rs. 30 crores, 23 districts affected in varying degrees, 14 lakhs hectares of land affected",2.3536334098605328e-05
categorical__Extent of damage_i) Vehicular traffic affected due to water logging. ii) Several trees/electric poles uprooted causing vehicular traffic & power supply disruption.,2.350940813116148e-05
"categorical__Extent of damage_i)In all 743 villages affected ii)75,000 houses damaged rendering 2 lakh people homeless iii)In Kapurthala district, thousands of house collpased, loss estimated around Rs. 37 crore iv)In Jullundar district, 75,000 bags of wheat,3000 bags of sugar in F.C.I. godowns damaged v)In Bathinda district, crops in one lakh hectares area damaged vi)In Faridkot district, 60% of the villages affected 2200 houses damaged, Loss estimated around Rs. 5 crores vii)In Ropar district, a railway bridge, near Lohand canal, damaged due to slit vii)Property worth crores of rupees damaged in Gurdaspur,Sangrur districts ix)Amritsar-Gurdaspur road damaged",2.349313327006426e-05
categorical__Main Cause_flash floods triggered by cloudburst,2.3450175525685713e-05
"categorical__Extent of damage_i)Una district worst affected ii)Hundreds of people rendered homeless iii)2000 people,a large number of cattleheads marooned in Pongdam area iv)Chamba, Kinnaur, Lahul-Spiti,Manali remained cut-off from the rest of the country",2.3438831100449324e-05
categorical__Extent of damage_i) Many people shifted to safer places. ii) Damage to NH-2 reported.,2.3376544936798093e-05
categorical__Extent of damage_600 huts in the low lying areas of the Bengaluru Rural city collapsed,2.3290128655928598e-05
categorical__Main Cause_heavy rains/floods,2.3250743519394435e-05
"categorical__Extent of damage_(i)Number of Kachchha houses,trees uprooted (ii)Communication,power supply completely disrupted.",2.324028218882228e-05
categorical__Extent of damage_Airport approach road National Highway -54 remained closed.,2.3184453588330226e-05
categorical__Extent of damage_i) 15.29 lakh hectare of farmland affected. ii) Lakhs of people in 21 villages reported. iv) About 50 villages inundated. v) The embankment of the river breached at several places. ,2.3068234195947357e-05
"categorical__Extent of damage_(i) 4 villages in Nanded dist marooned (ii)Vehicular traffic from Parbhani, suspended Road near Zharizhairi village washed away in flood (iv)Communication services disrupted (v)2000 people from Jalna, Nanded,Bid shifted to safer places",2.3039041750251572e-05
"categorical__Extent of damage_i)East Godavari,Krishna districts worst affected ii)8,803 houses completely,31,425 partially damaged iii)1.44 lakhs of hectares of paddy land damaged iv)Total loss estimated to worth Rs. 47,000 lakhs",2.3024799886682757e-05
categorical__Extent of damage_A tree uprooted & fell on a wall in Chandivli.,2.292038868752108e-05
"categorical__Extent of damage_Extensive damage to Coffee, Areca nut,Banana plantation reported.",2.2908132840773966e-05
categorical__Extent of damage_Vehicular traffic badly affected due to water logging.,2.280275387748997e-05
"categorical__Extent of damage_i)4,48,974 hectares of crop area affected ii)4,207 houses fully,13,851 houses partially damaged iii)2,318 bridge/culvert damaged iv)2,114 irrigation channels breached v)Total loss estimated to worth Rs. 262.53 crores",2.276386440546347e-05
categorical__Extent of damage_Damage to 350 houses reported.,2.2725945169175314e-05
categorical__Extent of damage_i)Several trees fell ii)A car damaged due to fall of a tree,2.260241887229638e-05
"categorical__Extent of damage_Many trees uprooted affecting electric feeders,also traffic",2.2595785670648928e-05
"categorical__Extent of damage_i)Jullundar district worst affected ii)In Jullundar district 20 lakh people affected. 200 houses collapsed. Low lying areas of them Jullundar city submerged under 2-3 metres of water. Six bridges on Jullundar-Pathankot highway washed away iii)Bist Doab canal breached near Adampur iv)Rail traffic on Jullunder-Nakodar,Pathankot-Hoshiarpur section suspended for four days v)In Kapurthala district, Twenty Four villages with a population of 10 lakh people submerged under 3 mtrs, deep water. 8000 houses badly damaged vi)Two lakh hectares of crop-sown land, damaged vii)Bus services from Jullundar to Pathanket, amritsar, Nakodar suspended viii)Army/Air force helicopters employed for rescue work",2.256924796209354e-05
"categorical__Main Cause_modern floods, flash floods, heavy rains",2.2564585534599515e-05
"categorical__Extent of damage_i)Anantnag,Punch districts worst affected ii)Several villages in Punch district cut off from rest of the country",2.249008170548282e-05
categorical__Extent of damage_Damage to house reported in Ghoro Saroor village.,2.2378863243911708e-05
categorical__Extent of damage_Damage to hut reported,2.231501104116996e-05
categorical__Extent of damage_Damage to car reported,2.2307362940062005e-05
"categorical__Extent of damage_i) Standing crops at Nilanga damaged. ii) Low lying areas of Pathari inundated. iii) Walls of houses,hotels collapsed in Kudala taluka. iv) More than 500 villages marooned. v) 715 houses damaged. ",2.2199046991557627e-05
categorical__Extent of damage_Air traffic disrupted.,2.217174280183171e-05
"categorical__Extent of damage_i)6 million peope affected ii)Dibrugarh, Kamrup,Sivasagar worst affected districts iii)Standing Ahu,Sali, paddy in 23,000 hectares damaged iv)430 sq. km. Kaziranga National park submerged v)25 villages in Jorhat district washed away following the breaches in the dykes,embankment of river Brahmaputra vi)Several bridges collapsed. Loss estimated to be crores of rupees vii)National highway No. 53 between Silchar,Hailakandi,the road between Silchar,Karimganj washed away viii)Indian Air Force helicopter put into action to rescue the people",2.215879209223066e-05
categorical__Extent of damage_i) Damage to Sugarcane crop reported. ii) 15 huts washed away,2.2058449739936913e-05
"categorical__Extent of damage_i) Mangadh village of Idar tehsil, Sanchodar villages of Himatnagar tehsil,Baneri,Morasia villages of Bayad tehsil totally cut off from rest of the state ii)400 huts,houses in Umreth town in Mehasana district badly damaged iii)People took shelter in high buildings or tree tops in Rehdi, Kalki, Bhoi, Kanbar, Patalfalia, Mohanpali,Jadav villages in Halol tehsil of Panch Mahals district as these villages submerged under 5 to 6 feet of water",2.2058204133701917e-05
"categorical__Main Cause_flood (ghagra, rapti, sarayu,sharda)",2.204003701887653e-05
"categorical__Extent of damage_Several thousands of people were dislodged, thousands of acres of cropped land were submerged, The district head quarters of Darbhanga, Mudhubani, Sitamarhi, Bettiah,Motihari were cut off drom the rest of the State",2.2017452904252844e-05
"categorical__Extent of damage_i)4000 villages with a population of 8 lakhs affected ii)3000 houses damaged iii)Standing crops in 1 lakh hectares damaged iv)Road communication between upper,lower Assam completely disrupted v)National highway No. 37 submerged at 5 different points between Raha,Nellie vi)500 relief camps set up vii)Army called to rescue marooned people",2.196858739758233e-05
"categorical__Extent of damage_i) NH 37 submerged. ii) Kaziranga sanctuary, neighbouring villages of district flooded. About 20 lakh people affected due to flood. iv) 60% of Kaziranga National Park submerged. ",2.1818276480666527e-05
categorical__Main Cause_flash flood (krishna),2.1812862357378872e-05
"categorical__Extent of damage_i)7,000 people given a temporary accommodation at municipal primary school,1,200 slum dwellers shifted to safer places ii)Suburbanan,long distance train services on western,central railway disrupted",2.165680889054831e-05
categorical__Extent of damage_Damage to a house reported.,2.1628550803244242e-05
categorical__Extent of damage_i) Huge amount of standing crops damaged. ii) At least 20 houses submerged. iii) Several trees/electric poles uprooted causing disruption in vehicular traffic & power supply,2.159561068861855e-05
"categorical__Main Cause_flood (indrayani, mula, panchganga, pavana)",2.154373574052593e-05
"categorical__Extent of damage_i)7,600 villages affected,thousands of people became homeless ii)Extensive damage of crops,property reported",2.1487787941964367e-05
categorical__Main Cause_heavy rains following cloud burst,2.1485460265219924e-05
categorical__Extent of damage_Damage to car due to debris reported,2.1450676593015487e-05
categorical__Extent of damage_Rail/road/air traffic disrupted.,2.144502650261086e-05
"categorical__Extent of damage_i)More than 6 lakh people marooned. Entire Ladakh region cut off from rest of the country as road Zojila washed away,8 bridges on Srinagar-Kargil road extensively damaged ii)Property worth Rs. 164 crores damaged iii)36,000 houses either totally or partially damaged iv)Damaged of standing crop estimated to worth Rs 45 crores v)230 bridge,culverts washed away vi)Salal hydel project power house flooded vii)Historic Kohinoor bridge washed away viii)Two third of 500 ft span of Akhnoor bridge connecting Jammu with Srinagar damaged",2.1386887102807873e-05
"categorical__State_Assam, Manipur, Arunachal Pradesh",2.1293113131025822e-05
categorical__Extent of damage_i) Number of villages inundated. ii) About 4 lakh people badly affected. iii) Thousands of people shifted to the safer places. iv) Damage to many kachcha houses reported.,2.128812803471808e-05
"categorical__Extent of damage_i)Vast areas waterlogged ii)Rail, road,air services disrupted iii)Total 30 lakh population affected iv)Paddy crop in several thousand hectares damaged",2.119636436051081e-05
"categorical__Extent of damage_i)9,33,714 people in 1409 villages affected ii)2956 houses completely,4809 partially dmaged",2.1164930324855702e-05
"categorical__Extent of damage_i)8 lakh people affected ii)Several vilages marooned iii)Crop in 30,000 acres of land damaged iv)Several roads damaged in Bargarh, Kalahandi,Phulbani districts",2.111140054450247e-05
"categorical__Main Cause_flash flood (bagmati, kamla balan, mahanadi, burhi gandak,adhwara)",2.109537373150556e-05
"categorical__Extent of damage_(i) 1.5 lakh people affected. (ii) Standing crop in 50,000 hectares of land worth Rs. 5.56 crores damaged. (iii) Public utilities wonh Rs 419 crores damaged. (iv) 300 metre long railway line between Dhang,Righa on Darbhanga-Narkatiaganj washed away. (v) River embankment breached at 15 places.",2.0996255101733957e-05
"categorical__Extent of damage_(i)Road links in Balaghat, Betul,Dhar, Jhabua,rail services in Jabalpur disrupted (ii)Many buildings collapsed",2.0911540087500568e-05
categorical__Main Cause_flash floods triggered by heavy rains,2.0904460282451203e-05
categorical__Main Cause_flash flood caused by cloud burst,2.0867373254753723e-05
categorical__Main Cause_severe(all the major rivers),2.0596949387830315e-05
categorical__Extent of damage_i)Large number of villages marooned ii)crop worth Rs. 0.21 crocre damaged iii)Barhatt bridge washed away,2.0526067292718662e-05
categorical__Extent of damage_i)In all 18 districts affected ii)Standing crops in 1.28 lakh hectares worth Rs. 407.17 lakh damaged iii)More than 30 lakh people affected,2.0463591710806218e-05
"categorical__Extent of damage_i)Many houses collapsed ii)300 families rendered homeless iii)Damage to property,standing crops estimated at Rs. 9.5 lakhs, standing cotton,Bajra crops in 50,000 hectares badly damaged , i)Large tracts of standing crops destroyed ii)Many roads, huts,bridges washed away iii)Transport,communication services completely paralysed",2.0461208101051246e-05
categorical__Extent of damage_(i) Normal life paralysed. (ii) Shoolpeneshwar Shiv temple submerged. ,2.0422266363652786e-05
"categorical__Extent of damage_(i)Long stretches of raods water logged (ii)More than 100 huts partially damaged,more than 100 dwellings completely damaged",2.0375349352355168e-05
"categorical__Extent of damage_i)10 lakh people affected ii)8000 houses collapsed,12,000 houses damaged iii)Crop worth Rs. 10 crore lost iv)Railway,Vehicular services disrupted v)Telephone services,electricity supply disrupted",2.0282086016887152e-05
categorical__Main Cause_heavy rains(landslide),2.0281343135119715e-05
categorical__Extent of damage_Damaage to 2 hundred year old MHADA SES building reported.,2.0272565159280518e-05
"categorical__State_Uttar Pradesh, Bihar, Odisha, West Bengal",2.0235118881011638e-05
"categorical__Main Cause_flodds in rapti, burhi,ghagra rivers",2.0138171480938274e-05
categorical__Extent of damage_Damage to a house at Shalitukna village reported.,2.012617498685563e-05
"categorical__Extent of damage_Damage to the old,thatched houses reported.",1.9949766522960253e-05
categorical__Extent of damage_Damage to house reported in Kumarhatti,1.992678506222376e-05
categorical__Main Cause_cloud burst & floods (manjhi river),1.990808823545306e-05
"categorical__Extent of damage_i)2 fishing vessels capsized off Raigarh coast ii)Sassoon dock in Colaba remained chocked with about 500 trawlers iii)Mumbai - Goa National Highway closed for traffic due to landslide near Nadgao, 6 km from Mahad",1.9871202556642368e-05
categorical__Extent of damage_2 houses washed away.,1.9751813968325394e-05
"categorical__Extent of damage_i)97 houses,many huts damaged ii)Crops in 1,21,000 hectares of land submerged iii)All the reserviors were overflown iv)Several roads damaged",1.9676126261193042e-05
"categorical__Extent of damage_i)44 lakh people of Twenty Four districts affected. ii) More than 8.82 lakh hectares of land damaged including 1.55 lakh hectares crop land. iii)More than 10,991 houses damaged. iv) 52 breaches of embankment took place. v) Road communication severely affected as 25 concrete bridges, 66 timber bridges, 45 approaches to the bridges damaged, NH-52 breached at 4 places on the way to Dhemaji district. ",1.9653952722845927e-05
categorical__Extent of damage_i)Nearly 6 million people badly effected ii)Standing crops in 8.42 lakh hectares damaged iii)37 thousand houses destroyed iv)Road communication disrupted at several places,1.965263562149571e-05
"categorical__Extent of damage_i) NH 106 inundated.ii)Crops in 2 lakh 47,000 hectares of land damaged. iii) 22 lakh people in 585 villages affected. iv) Extensive damage to crops & property reported. ",1.9594657522125992e-05
categorical__Extent of damage_i)8 huts collapsed ii)Low lying areas of the city innundated,1.9529005459212715e-05
categorical__Extent of damage_i) Damage to standing crops reported. ii) Damage to several residential houses reported.,1.9501567563092344e-05
"categorical__Extent of damage_i) Extensive damage to standing crops reported. ii) About 3,25,000 hectares of cropland affected. iii) About 30 lakhs of population from 2500 villages badly affected. iv) Kaziranga, Dibru Saikhowa national parks,Pobitora wild life sanctuary inundated. v) Majuli river island 90% submerged.  ",1.9489870657514003e-05
categorical__Extent of damage_(i)24 tanks breached destroying standing crops ovr a large area. Loss of crop estimated Rd. 40 lacs (ii)Rail-cabin on the railway station washed away (iii)200 metre of rail track swept away (iv) 3 bridges collapsed (v)Roof of a bus stand collapsed (vi)Scores of cattle reported missing,1.9390736008682053e-05
categorical__Extent of damage_Trsse uprooted.,1.935338624342574e-05
categorical__Extent of damage_(i)Landslide reported in Kallar (ii)Damage to agriculture reported,1.9347836816981218e-05
"categorical__Extent of damage_i) Damage to Banana, Pomegranate & other crops reported. ii) Damage to houses reported.",1.9265258222062452e-05
categorical__Main Cause_landslides triggered by heavy rains,1.915486254474318e-05
"categorical__Main Cause_heavy rains, floods &  landslide",1.9135377159630108e-05
"categorical__Extent of damage_14 bridges costing Rs. 1.16 crores washed away, 80,000 houses damaged, 1.6 million hectares of land affected, 31 other district affected in varying degrees, Road traffic cut off from Badrinath,Kedarnath",1.904420137954724e-05
"categorical__Extent of damage_i) Landslide reported. ii) Road / rail traffic,power supply disrupted. iii) About 120 villages marooned, iv) Ratnagiri - Kolhapur highway disrupted. v) 1500 houses damaged. vi) About 900 people evacuated. vii) Extensive damage to grain stock reported. ",1.8983709227447927e-05
"categorical__Extent of damage_i)Normal life paralysed ii)Extensive damage to standing crop, onion, grapes,vegetables reported",1.8945943692659582e-05
"categorical__Main Cause_heavy rains, floods (ravi river) & landslide at balogi",1.8882628622449996e-05
categorical__Extent of damage_Damage to car reported.,1.8842061393315955e-05
"categorical__Extent of damage_i)Many houses washed away ii)Electrical lines damaged iii)Vehicular traffic to Badrinath-Kedarnath dislocated due to several breaches , 3 hydel power stations completely closed resulting in sudden drop in power supply , 500 houses damaged",1.877093840749925e-05
categorical__Extent of damage_Damage to Sugarcane & Cotton crops reported.,1.8715728565157646e-05
"categorical__Main Cause_severe flood(bagmati, kosi,kamala balan)",1.8692853109412496e-05
"categorical__Extent of damage_(i)Maski tehsil worst affected (ii)Villages near Maski cut off from the rest of the state (iii)In Maski, more than 25 houses submerged,many houses in Maski tehsil collapsed leaving people without food,shelter (iv)The wall of historical fort near Nagarabenchi entirely collapsed",1.8669244281487034e-05
categorical__Extent of damage_i) Damage to a house reported. ii) Many roads including a major road leading to Tawang completely damaged.,1.8584561314382385e-05
categorical__Extent of damage_Landslips,1.8520839784844233e-05
"categorical__Extent of damage_i)Left embankment of Bagmati near Karkauli in Darbhanga district,that of Gandak near Babutola village breached inundating low lying areas in Darbhanga,Pashchim Champaran districts in all 3.44 lakh hectares of land inundated ii)Standing paddy seedlings destroyed iii)Extensive damage to property,agriculture reported iv)Over 10lakh cattleheads affected v)23,538 houses/huts damaged",1.8504963621107958e-05
categorical__Extent of damage_Damage to vhicle reported,1.8242159574421923e-05
categorical__Extent of damage_Damage to mud-house reported.,1.8192653559539212e-05
"categorical__Extent of damage_i)30,000 people evacuated to safer places ii)Road communication disrupted iii)1615 houses,14,685 huts destroyed iv)Estimated loss Rs. 550 crore reported",1.8096279911674684e-05
"categorical__Extent of damage_i)National Highway Nos 31, 37, 51,52 flooded, cutting off road communication ii)Many school buildings completely washed away iii)50 lakh population affected iv)2.47 lakh hectares of crop-land affected v)23,000 houses damaged",1.8086079846846517e-05
"categorical__Extent of damage_A large number of villages with a population of 2.5 lakhs,crop areas of ninety thousand hectares were affected. 8,000 houses were damaged",1.808456416051951e-05
"categorical__Extent of damage_i)Ballia, Kheri, Philibhit, Mathura,Gazipur worst affected districts ii)5,000 villages of 25 lakh population affected",1.80817930734136e-05
"categorical__Extent of damage_i) Extensive damage to Banana plantation reported. ii) Damage to SAT Hospital, Children��������s ICU Ward, several houses, shops including Ration shop, Bakery reported. iii) 5 families shifted to relief camps. iv) 50 Quintals of rice, 40 liters of Kerosene submerged. v) Several trees/electric poles uprooted causing disruption in vehicular traffic & power supply.",1.7981788767261832e-05
"categorical__Main Cause_severe flood (narmada,sabarmati)",1.7941641685108657e-05
"categorical__Extent of damage_i)30 houses washed away in Beladadi,Sajjapur villages in Gadag taluka ii)2 hay stocks washed away in Mundargi iii)A tank in Kadaramandalagi village in Ranebennur taluka breached iv)Vehicular traffic between Mundargi,Gadag completely disrupted",1.7934276748396492e-05
categorical__Main Cause_floods (torsa river),1.7802793933851526e-05
"categorical__Extent of damage_i) 33 houses fully,633 houses partially damaged causing a loss of worth Rs. 88.89 lakhs. ii) Alappuzha-Changanacherry road inundated causing traffic disruption. iii) About 15 villages inundated. iv) Few houses washed away. v) About 4.5 lakh people shifted in relief camps. vi) More than 200 hectares of paddy fields submerged. vii) About 3,300 hectares of agricultural land affected. causing a loss of worth Rs. 3.8 crore.  ",1.770531316134072e-05
"categorical__Main Cause_flood (baitrani, budhaba langa, subarnarekha,mahanadi)",1.760438057088712e-05
categorical__Extent of damage_600 families evacuated to safer places,1.7467421275290904e-05
"categorical__Extent of damage_(i) 220 villages affected. (ii) 16,154 houses partially or completely damaged. More than 300 houses in Bhilwara alone damaged. (iii) Vehicular traffic between Kota-Ajmer suspended. (iv) Railway link between Ajmer-Bhilwara,Churu-Sikar disrupted. (v) Lasaria dam at Bhilwara breached.",1.7392123660321704e-05
"categorical__Main Cause_heavy rains, flash floods & cloudburst",1.7084379655970322e-05
categorical__Extent of damage_i) Damage to car reported. ii) Many trees/electric poles uprooted causing disruption in vehicular traffic & power supply.,1.7027361756010603e-05
"categorical__Extent of damage_i)Bhagalpur, Bhojpur, Darbhanga, Katihar, Khagaria, Madhubani, Muzaffarpur, Nalanda, Purnia, Sitamarhi, Saharsa, Samastipur, Saran districts worst affected ii)2.6 crore people affected iii)1425 houses damaged iv)Paddy crop worth Rs. 35 lakhs in 10,000 acres of land damaged Standing crop in 21.41 lakh hectares, damaged v)The embankment along Bagmati river breached making a 400 ft. wide gap near Belwaghat vi)National highway in Purnia district breached vii)Buxar town completely cut off by rail,road viii)Train services on Mansi-Sharsa-Forbesganj,Forbesganj-Banmankhi sctions of NE railway cancelled ix)Road communication between Motihari,Muzaffarpur affected",1.7023974628715213e-05
categorical__Extent of damage_i) Damage to many houses reported. ii) People were shifted to safer places.,1.700669592790078e-05
"categorical__Main Cause_heavy rains, flash floods landslide",1.6751621563591533e-05
"categorical__Extent of damage_i)Thousands of acres of apple orchard damaged in Kullu ii)32,000 houses dmaged iii)Property worth Rs. 265 crore damaged iv)Road communication completely suspended",1.6724150510644063e-05
categorical__Extent of damage_One house damaged as tree fell over it.,1.663957716633452e-05
"categorical__Extent of damage_Rail, air,road transport affected in Mumbai",1.6581997094134888e-05
"categorical__Extent of damage_i) 12,310 houses damaged. ii) Crops in 0.228 m. ha. damaged.",1.6566711292936138e-05
categorical__Extent of damage_Damage to 108 houses reported.,1.648159110997488e-05
"categorical__Extent of damage_i)8000 people marooned ii)40 houses swept away iii)A check-dam at Datipur village in Valia taluka of Bharuch district breached iv)Vehicular traffic completely disrupted due to waterlogging on state highways v)Rail traffic between Ankaleshwar,Rajpipla on narrow gauge section of Vadodara division disrupted as bridge at Gumandev village washed away vi)Kakrapar Atomic Power Station, near Surat flooded",1.6429665851026115e-05
categorical__Extent of damage_Electricity/television/ telephone services disrupted.,1.6391642774966814e-05
categorical__State_Ladakh,1.6303078036683536e-05
categorical__Extent of damage_1) Low lying areas flooded. ii) 5500 people evacuated to safer places.,1.6272056740025157e-05
categorical__Extent of damage_150 houses collapsed,1.6221186561653922e-05
categorical__Extent of damage_150 families shifted to safer places.,1.621445069843469e-05
categorical__Extent of damage_Landslides at Pubungfatak.,1.6135900343491592e-05
"categorical__State_Uttar Pradesh , Uttarakhand",1.6080148359667493e-05
categorical__Extent of damage_i)Large number of houses washed away ii)Loss of property worth Rs. 30 crore reported iii)Extensive damage to road reported iv)Air services disrupted,1.5944414657583242e-05
categorical__Extent of damage_Total estimated loss of Rs. 110 crores reported,1.5795051326065e-05
"categorical__Extent of damage_(i) 1.5 lakh people affected. (ii) 76,000 houses badly damaged. (iii) 5 lakh hectares of cropped area submerged. (iv) Crop worth Rs. 350 crores damaged. (v) Public utility worth Rs. 525 crores lost. (vi) Wheat stock worth over Rs. 15 crores damaged. (vii) The power station at Karnal, Kaitbal, Panipat,Sirsa extensively damaged. Electric installation worth Rs. 4 crores damaged. (viii) Panipat thermal power plant closed for a number of days. ",1.5755057287783635e-05
"categorical__Extent of damage_25,000 people marooned",1.572282435707458e-05
categorical__Extent of damage_i)150 villages affected ii)Extensive damage to crops reported,1.5596486506331112e-05
categorical__Extent of damage_i) Damage to agricultural land reported. ii) Thousands of people rendered homeless. iii) About 100 houses inundated,1.5538663475003276e-05
"categorical__Extent of damage_i)322 hectares of agriculturaal land with various crops,8,831 hecares of paddy crop damaged ii)2 Thermal Power Stations crippled iii)1532 huts damaged",1.5511374669193214e-05
categorical__Extent of damage_Complete damage to a three-storey building in Nadiad town reported.,1.5484824574547293e-05
"categorical__Extent of damage_i)3.05 lakh houses fully,3.55 lakh houses partially damaged ii)Paddy crop in 1,89,791 hectares completely,85,122 hectares partially submerged iii)Embankment of 1,333 lakes completely,981 partially breached iv)8,576 km road damaged v)976 culverts,62 big bridges damaged vi)Train services between Chennai,Trichy affected due to inundation vii)Total loss estimated Rs. 1,090 crore",1.5389836951869593e-05
"categorical__Extent of damage_i)In all these districts, 1.5 lakh people rendered homeless while cotton,Kharif crop worth Rs. 60 crore damaged ii)Jind,Sirsa districts-affected iii)In all 40,000 houses (of which 1000 in Jind,Sirsa districts) collapsed iv)In Jind district, standing crop in 13,000 hectaresof land damaged. Two goods train derailed due to sinking of railway track v)In Hirsa district, 4043 out of 5010 villages affected. Crop worth Rs. 8.2 crore damaged. vi)In Sirsa district, 15,000 hectares of cultivated land washed away while crops in 8000 hectares severely damaged vii)In Rohtak district, 4047 hectares of cultivated land affected due to waterlogging.",1.5357889716234432e-05
"categorical__Extent of damage_i)Over 6000 villages affected ii)9 million persons affected, 50,000 persons marooned,shifted to safer places iii)45,000 houses collapsed iv)Standing crop in 1.46 million hectare area submerged under flood water. Loss estimated to be worth Rs. 90 crore v)Madhubani district cut off from the rest of the State as the flood water submerged more than ten periphery roads, suspending the vehicular traffic vi)80 villages in Pashchim Champaran district affected due to breaches at various points in Gandak embankment vii)The Chanan river in Bhagalpur district changed its course breaching Babua embankment, inundating entire Jagdishpur block viii)In Madhubani district 5 lakh people affecting/while in Katihar 300 sq.km. area submerged under flood water affected 4 lakh people ix)Vehicular,railway services disrupted on N.E.Railway as Sitamarhi-Darbhanga section submerged under flood water. Muzzaffarpur-Buxar National Highway breached at two places",1.534333594588514e-05
categorical__Extent of damage_i)12 lakh people affected ii)Over 1.41 lakh hectares of land under paddy cultivation damaged,1.5331770278370994e-05
categorical__Extent of damage_(i)A coconut tree uprooted (ii)An electric pole broken due to a tree,1.5237308526175302e-05
"categorical__Extent of damage_i)7,000 people evacuated to relief camps ii)Big wall of Porbandar port washed away iii)everal villages submerged iv)Several roads in thr interior rural areas washed away",1.518545657894221e-05
categorical__Main Cause_heavy rains & floods (girija river),1.5177333186842832e-05
categorical__Extent of damage_Bridge cum barrage washed away.,1.507126019536397e-05
categorical__Main Cause_flash floods triggered by torrential rain,1.506726587081755e-05
"categorical__Extent of damage_Railway line between Gwalior,Sheopur remained closed. .",1.49704254457307e-05
"categorical__Extent of damage_i) Few kachcha houses collapsed. ii) Many trees uprooted disrupting power,road communication. ",1.4942267917143574e-05
"categorical__Extent of damage_i)300 km long Srinagar-Jammu National Highway closed for traffic ii)Hundreds of vehicles stranded at Kargil,Dras in Ladakh region iii)2,300 people rescued,shofted to safer places iv)Army put into action to supply drinking water to Jammu region",1.4860509667682014e-05
categorical__Extent of damage_(i)15 million people from 8500 villages affected (ii)Thousands of houses damaged (iii)Extensive damage to crops reported,1.4780458196802529e-05
categorical__Main Cause_flood (gomati),1.4772953430598877e-05
"categorical__Extent of damage_i)150 villages severely affected ii)800 housese damaged iii)25,000 people in 30 villages marooned iv)3000 people resucued by IAF helicopter v)Extensive dmaged to the crops reported",1.4649609023071166e-05
categorical__Main Cause_flood in bhav river,1.4610944655521945e-05
categorical__Extent of damage_i) Low lying areas flooded. ii) Roof tops of many houses blown away. ,1.4562821158044982e-05
"categorical__Extent of damage_i)18 houses completely,70 houses partially damaged. ii)Extensive damage to agricultural land reported. iii)Asbestos roofs of Malayankizhu Govt. Girls School blown away. ",1.4421911020836231e-05
categorical__Main Cause_flood in besla river,1.4206774796046024e-05
"categorical__Extent of damage_(i) 9.31 lakh people affected. (ii) 1.35 lakh hectares of land,0.31 lakh hectares of agricultural land flooded. (iii) 314 houses completely,3,067 partially damaged.",1.4175273757560875e-05
categorical__Main Cause_severe flood (ghaghara),1.4153405528606848e-05
categorical__Extent of damage_22 trees uprooted causing disruption in vehicular traffic.,1.4126472969816488e-05
categorical__Extent of damage_i) Damage to Ground-plus-three structure building & security cabin reported ii) A car & an auto-rickshaw damaged as tree fell on it.,1.4118680682371675e-05
categorical__Main Cause_heavy rains & floods (nilambur river),1.407366437313155e-05
"categorical__Extent of damage_i)4 villages in Bhopalpatnam tehsil of Bastar district washed away ii)In Bastar district, 700 houses either collpased or severely damaged iii)Low lying areas of Indore city inundated. Nearly 2000 people removed to safer places iv)A bridge over Ajnal river between Ashta,Sehore overflown, disrupting road traffic v)Road communication between Indore,Bhopal completely disrupted vi)Total loss estimated around Rs. 50 crore",1.3994645857165538e-05
"categorical__Extent of damage_Damage to a house at Bagger, Ramgarh reported.",1.3935347988217866e-05
categorical__Extent of damage_Loss pf public property worth Rs. 50 crores reported,1.3922257872704816e-05
"categorical__Extent of damage_i)1 lakh houses collapsed ii)Crop in 2 lakh hectares of wetland,1.8 lakh hectares of dryland affected iii)the loss estimated to be worth Rs. 297crores iv)17 minor irrigation tanks breached v)IAF helicopter deployed for relief,rescue operation",1.3856370667156522e-05
categorical__Extent of damage_A cashew nut factory completely damaged.,1.37286502434384e-05
"categorical__State_Odisha, Bihar, Assam, West Bengal",1.3539038677851432e-05
"categorical__Extent of damage_i)Vidisha district worst affected. Vidisha town cut off from rest of the state. 25 villages marooned ii)Road link from Itarsi to Balaghat,Chhindwara disrupted as 'Bhamra' bridge collapsed iii)Army called to evacuated 100 stranded families in the low lying areas of Vidisha town iv)According to hospital source, conjunctivities in the gas affected area of Bhopal city spread due to heavy rains",1.3321019870379044e-05
"categorical__Extent of damage_i)35,11,177 people in 6137 villages affected ii)Paddy, vegetables,oilseed crops badly damaged. 3,52,448 hectares cultivated land damaged iii)7908 hectares of land sandcast iv)37 houses swept away while 3,709 completely,15,648 partially collapsed. 9,700 school,college building affected by flood v)4,740 km stretch of road damaged vi)4,756 telecommuniction lines affected",1.3175602563470084e-05
categorical__Main Cause_mud slip,1.3174811876491635e-05
"categorical__Main Cause_severe, moderate to severe",1.3135209580006409e-05
categorical__Extent of damage_i)Widespread loss to crops reported ii)One bridge damaged in Kollam iii)1039 houses damaged iv)Property worth crores of rupees damaged,1.3059547323595154e-05
"categorical__Extent of damage_i)7,00,267 hectares of area with population 36,09,901 affected ii)5,770 villages affected iii)Crop in 2,18,440 hectares of area either damaged or affected iv)14,894 house fully,21,809 houses partially damaged",1.2871459059693e-05
"categorical__Extent of damage_i)17,67,159 population affected ii)Extensive damage to 280 villages from 21 district reported iii)Damage to cropland of area 1,72,308 hectares reported",1.2858572219283495e-05
categorical__Main Cause_heay rains,1.2798381756635525e-05
categorical__Extent of damage_(i)no of villages affected :400 (ii)No. of houss damaged:5000 (iii)Boats pressed into service for evacuating marooned people,1.2714409899522386e-05
"categorical__State_Rajasthan, Bihar, Madhya Pradesh, Gujarat, Maharashtra, Uttar Pradesh",1.2656833849964909e-05
"categorical__Extent of damage_i)A few houses damaged ii)A few trees uprooted, traffic disrupted",1.2595913772528959e-05
"categorical__Extent of damage_1,500 villages affected, 80,000 houses damaged, 2,000 houses collapsed, Varanasi University damaged, 8 million people in 500 villages affected, Train services disrupted",1.2592133227319131e-05
categorical__Extent of damage_Many houses damaged.,1.2586004646271076e-05
categorical__Main Cause_heavy rains & flood in tizu river,1.2579633123739238e-05
"categorical__Extent of damage_(i) 217.7 lakh people affected. More than 20 lakh houses damaged, food [ackets air dropped, several villages in Birbhum, Murshidabad,Bardhaman marooned (ii) south bengal districts inundated due to high tide in Hooghly. Bund in NE Kolkata collapsed many areas like Tauli Ganj, Kalighat Road, Alipur flooded. Parts of North Twenty Four Pargan*",1.25292383401779e-05
categorical__State_Dadar&Nagar Haveli,1.2511287111286903e-05
categorical__Extent of damage_Few houses collapsed.,1.235656650298556e-05
"categorical__Extent of damage_10,000 Areca & 4,000 Coconut trees uprooted",1.2317176286903314e-05
categorical__Extent of damage_Damage to a cowshed in Charmer area of Sarankote reported.,1.2282831607763362e-05
"categorical__Extent of damage_i)86 lakh people in 7739 villages in 188 blocks,,1902 panchayats affected ii)Darbhanga district worst affected",1.2273300669551027e-05
"categorical__Extent of damage_i)8,63 million population in 11256 villages of 42 districts of the stae, affected ii)1.9 million hectares of land (including 1.2 million hectares of cropped area) submerged under flood water iii)58,676 houses either collapsed or damaged iv)In Janupur district, 326 villages with a population 1.55 lakh marooned v)Food packets air-dropped in affected villages of Bara Banki district vi)Varanasi-Jaunpur road submerged under 1.5 m (5 ft) deep flood water",1.2245814078427469e-05
"categorical__Extent of damage_Damages to roads,bridges reported",1.2229180096812132e-05
categorical__Main Cause_severe floodi) (narmada),1.2095271064396362e-05
"categorical__Extent of damage_i)Worst affected districts being East Chamaran where 3532 villages with a population of 37 lakh affected,12,363 houses damaged ii)In Muzaffarpur district, 4 lakh people affected iii)Crop worth Rs. 20 crore damaged iv)Public utility services worth Rs.1.18 crore lost",1.2079202209879094e-05
categorical__Extent of damage_A jeep washed away,1.2033505229941223e-05
"categorical__Main Cause_floods in ghagra, rapti , burhi,kawano",1.2029712342087294e-05
"categorical__Extent of damage_i)1,511 houses damaged while 250 houses washed away ii)Public property worth Rs. 14.60 crore damaged iii)In Hamirpur 60% Maize crop destroyed iv)Kulu, Mandi,Shimla completely cut-off from the rest of the country v)Extensive damage to roads reported vi)Railway,vehicular traffic suspended. Hundreds of vehicles stranded at various places vii)Railway traffic in Shimla-Kalka section remained suspended due to washing away of a bridge in Guma-Koti section viii)Some equipment of Chamba Project washed away ix)3 luxury buses,1 jeep in the workshop of Tourist Dept. washed away. Loss estimated Rs. 30 lakhs ",1.200350776188989e-05
"categorical__Main Cause_cloud burst, landslide",1.1936647828009118e-05
"categorical__Main Cause_heavy rains, landslide",1.1914597757236384e-05
categorical__Extent of damage_i) Damage to house reported. ii) Several trees/electric poles uprooted.,1.1771496373656321e-05
"categorical__Extent of damage_i)211 villages inundated,40,000 sq.km. area submerged due to breaches in number of dams ii)Two passengers trains marooned due to breaches,submerison of rail tracks in Pali/Jodhpur districts iii)Nearly one million people affected iv)Several houses collapsed v)Loss estimated to Rs. 60 crores",1.1670558724690986e-05
categorical__Extent of damage_i) One house damaged partially. ii) Estimated total loss Rs. 368.40 lakhs reported. ,1.1609868218464813e-05
"categorical__Extent of damage_i)Ballia, Banda,Ghazipur worst affected districts ii)2.62 million people in 3,424 villages affected iii)Land area of 47.51 lakh hectares including 24.51 lakh hectares of cropped area affected iv)Total loss estimated to worth Rs. 340 crores v)In Banda district, 20,700 houses swept away,40,000 houses damaged vi)Several roads blocke due to landslide disrupting vehicular traffic",1.1537804292701997e-05
"categorical__Extent of damage_i) A loss of Rs. 12,225 crores property reported. 70,000 houses damaged,4,00,000 people rendered homeless. iii) 500 villages inundated. ",1.1509924654677945e-05
categorical__Main Cause_flash flood (mal river),1.121937059354416e-05
"categorical__Extent of damage_i)Maldahh district worst affected ii)100 villages marooned in Maldahh district iii)36.2 lakh people affected iv)35,000 houses damaged v)Entire Belurghat town in Dakshin Dinajpur district submerged under 5 feet of water vi)20 km. stretch of state highway between Belurghat,Gangarampur submerged under flood water",1.1036716685323781e-05
"categorical__Extent of damage_2,95,975 persons evacuated to safer places from flooding area",1.0962123866709064e-05
categorical__Extent of damage_Partial damage to one house reported.,1.0912501782827303e-05
categorical__Extent of damage_1000 banana plants completely destroyed in Chamarajanagar Dist.,1.0886459431221676e-05
categorical__Extent of damage_Partial damage to house reported,1.0790668765245344e-05
categorical__Main Cause_heavy rains & water from mountains,1.0708272577396252e-05
"categorical__Extent of damage_i)Srinagar-Turtipar bund in Ballia district breached endangering about 150 village ii)Rapti river breached 16 metre of its embankment in Mehdawal area,marooned 40 villages. It also washed away a road bridge near Kusraulkhurd village disrupting road traffic iii)River Sarju affected 300 villages of 3 lakhs population in Ballia district iv)Thermal power station of  Faizabad faced immediately threat as Ghagra river changed its course v)In Deoria district 86 villages completely inundated,21,000 hectares of land submerged vi)All the schools,colleges in Padruna,Hats tehsils in Deoria district closed due to grave flood situation",1.068764675688689e-05
categorical__Extent of damage_i) Damage to 7 houses reported. ii) Damage to mini bus reported.,1.0554207746710469e-05
categorical__Extent of damage_i) Damage to 1500 houses reported. ii) Several trees/electric poles uprooted causing disruption in vehicular traffic & power supply.,1.0465719624516553e-05
"categorical__Extent of damage_Damage to oranges, mosambi, wheat, gram, chilly,vegetables in some hectares of area reported. ",1.0305801334080445e-05
categorical__Main Cause_flash flood in tawi river & landslide,1.0282812675350684e-05
"categorical__Extent of damage_i)800km long Brahmaputra valley from Sadiya to Dhubri affected ii)Dibrugarh, Lakhimpur, Nagaon, Sivasagar,,Sonitpur districts worst affected iii)Standing crop in 4.25 lakh hectares destroyed iv)300m long embankment along Subansiri river washed away at Baithakana in Lakhimpur district v)In Sivasagar district, national highway No. 36 closed for traffic due to damage of Deopani bridge vi)70% of 450 sq. km. area of Kaziranga National Park, sub-merged. The wild animals took shelter in higher reaches vii)Large number of roads,river embankment damaged disrupting road link between upper,lower Assam",1.026081841702736e-05
"categorical__Extent of damage_In Adihalli, 50 coconut trees,several banana plantations uprooted",1.0193845139770852e-05
categorical__Main Cause_severe flood (kosi),1.0107500732822571e-05
"categorical__Extent of damage_i)Amritsar, Gurdaspur, Jalandhar, Kapurthala,Ropar districts worst affected ii)2 lakh people marooned in 1483 villages iii)Paddy worth Rs. 112 crore, Maize worth Rs. 14 crores, Cotton worth Rs. 85 crore, Oil seeds,Sunflower worth Rs. 17 crore,Dal worth Rs. 14 crore damaged iv)74,000 tonnes foodgrain lying in Mandis damaged v)IAF base at Adampur in Jalandhar district was in daanger by flood as the Blist Daab canal developed a breach vi)Road bridge over railway track at Dhilwal collapsed disrupting traffic between Jalandhar,Amritsar vii)4 trains cancelled due to breaches in 16 places at Firozpur division of Northern Railway",1.0001425139788052e-05
categorical__Main Cause_heavy rains &  flash foods,9.936615613291634e-06
categorical__Extent of damage_i) Dozens of houses washed away. ii) Many people rendered homeless. iii) Flood water entered in many villages.,9.854699037441051e-06
categorical__Extent of damage_i)1.5 lakh people evacuated ii)Life thrown out of gear in Surat,9.84024059225078e-06
"categorical__Extent of damage_870 houses fully,11677 houses partially damaged.",9.791753378238939e-06
"categorical__Extent of damage_i)6886 houses completely,4108 houses partially damaged ii)Paddy crop in 3 lakh hectares completely damaged",9.712491056672631e-06
"categorical__Extent of damage_Many houses,industrial shades inundated",9.708250845256732e-06
"categorical__State_Bihar, Odisha, West Bengal, Assam, Andhra Pradesh",9.62904564023718e-06
"categorical__Extent of damage_Due to heavy rainfall catchments of upstream of the rivers:(i)Embankments of many rivers breached (ii)Crops in 44.71 lakh hectares affected (iii)3,23,334 houses damaged (iv) Extensive damage to public as well as private property reported (v)Road,rail communication disrupted (vi)Darbhanga,Sitamarhi districts worst affected",9.612322057031817e-06
categorical__State_Chandigarh,9.567329852677388e-06
"categorical__Extent of damage_i)Worst affects districts Bharatpur, Jodhpur,Nagaur ii)Bharatpur railway station, Cimmco's wagon factory,most parts of the industrial area flooded with water making the Bharatpur city inaccessible by rail or road iii)Several houses damaged iv)Several villages,towns marooned",9.493978069791074e-06
"categorical__Extent of damage_i)In Thittamaranahalli - Channapatna, hundreds of coconut, Palm, Mango,Banana trees uprooted ii)About 150 trees uprooted trees uprooted in Bengaluru Rural University iii)Bengaluru Rural-Mysire road traffic disrupted due to uprooted trees,electricity poles",9.455034294278275e-06
"categorical__Extent of damage_i)1,391 villages of 493 panchayat affected ii)Standing crop in 3.5 lakh hectares destroyed iii)Crop worth Rs. 12 crores,property worth Rs. 95 crores damaged iv)8,000 houses collapsed",9.425283159946271e-06
"categorical__Extent of damage_i)About 3.5 million people in 4000 villages affected ii)Crop in 2.69 lakhs hectare damaged. Loss estimatedto be Rs. 14 crore iii)In Gaya district 22,000 houses washed away rendering 3 lakhs people homeless iv)In Bhojpur district, 8 blocks completely inundated rendering thousands of families homeless v)In Sitamarhi district, the flood water flown one metre above the road connecting Sitamarhi,Muzaffarpur. Railway bridge No. 13 washed away disrupting communication between Choradano,Adapur on Sitamarhi-Raxual section of NE railway vi)In Saharsa district, Kosi river breached its embankment,eroded about 60 metre at two points near Kushaha village vii)In East,Pashchim Champaran districts Piprasi-Pipraghat embankment breached 200 metre wide affecting 60,000 people in 70 villages viii)IAF helicopters airdropped food packets,army boats employed for rescue operations",9.369251199038082e-06
"categorical__Extent of damage_(i) Population of over 2 crores affected. (ii) 5,574 bouscs washed away,56,230 completely damaged. (iii) 4.5 lakh hectares of cropped area washed away. (iv) Road,railway link in Kumaon totally disrupted. . (v) Public utility worth Rs. 500 crores damaged. (vi) 25,000 Pilgrims,tourists stranded in the border area of Chamoli. ",9.292466713039253e-06
categorical__Main Cause_heavy rains & floods     (kaljani river),9.246424093153567e-06
"categorical__Extent of damage_i)More than 30 lakh people affected ii)In Koraput district, 100 houses collapsed. 10,000 hectares of paddy field submerged. Roads in 15 Gram Panchayats badly damaged Newly constructed bridges at Dumkuguda,Girlingumma washed away iii)In Puri district, thousands of people in 37 villages rendered homeless. 10,000 acres of cropped land submerged iv)In Cuttack district, 21,000 hectares of paddy land submerged. 137 villages affected. 300 houses collapsed",9.19347916204315e-06
categorical__Main Cause_heavy rains & floods (yamuna river),9.11313920563478e-06
"categorical__Extent of damage_(i)Vast areas in Bijnor, Meerut,Muzaffarnagar districts inundated (ii)A few houses collapsed in Kanpur",9.061856106681913e-06
"categorical__Extent of damage_i) About 600 huts damaged. ii) Extensive damage to standing crop reported. iii) Several roads,highways breached. iv) 15,000 people shifted to safer places.",9.017763189127979e-06
"categorical__Main Cause_flood (bhima, bindusara,chandrabhaga)",9.007230399287394e-06
categorical__Extent of damage_19 huts washed away,8.990911874072342e-06
"categorical__Extent of damage_Damage to many houses in lower Lumparing Dhobi Ghat, in the Laban area of East Khasi Hills district reported.",8.89380939707696e-06
categorical__Main Cause_flood (mahanadi),8.839566036134283e-06
"categorical__Extent of damage_(i)Patna-Chapra road submerged under 2 feet flood water,Arrah-Buxar road also submerged (ii)Chapra-Varanasi rail line submerged under flood water (iii)Paddy,maize crop damaged extensively (iv) Nearly 70,000 people affected (v) River embankments breached at several points submergung around 60 villages",8.837358446731002e-06
"categorical__Extent of damage_i)5,94,249 people in 519 villages affected ii)47,680 acres of land submerged iii)25,000 hectares of standing Sali crop affected",8.785887691918505e-06
categorical__Extent of damage_i)15 villages inundated ii)50 houses damaged,8.709724210813603e-06
categorical__Extent of damage_Damage to vehicles reported..,8.550223969416443e-06
categorical__Extent of damage_i)3016 villages affected ii)Approx. 5.16 lakh hectares of the land affected iv)4770 houses damaged v)Road communication on National Highway Nos 52 & 53 affected,8.511981540459384e-06
"categorical__Extent of damage_i)14 houses completely,749 houses partially damaged. ii)Estimated total loss Rs. 171,73 lakhs reported. ",8.427377130843196e-06
"categorical__Extent of damage_i)Several houses collapsed ii)Extensive damage to property,agriculture reported",8.385319788686454e-06
categorical__State_New Delhi,8.18652611982985e-06
"categorical__Main Cause_moderate flood(ganga, yamuna,sohali)",8.174701566050637e-06
"categorical__Extent of damage_() 4,557 houses completely damaged. (ii) 26,400 acres of agricultural land submerged. (ii) 26,400 acres of agriculum (iii) Several routes,bridges badly damaged. (iv) Public utilities worth Rs. 250 crores damaged.",8.172843428744498e-06
categorical__Extent of damage_130 houses collpased,8.148303861198807e-06
"categorical__Extent of damage_(i)About 85 lakh people in 49 dists,over 13,200 villages affected (ii)About 21 lakh hectare land submerged (iii)78000 houses damaged (iv)Many bunds,culverts damaged disrupting vehicular traffic at several places. (v)Train services delayed on many days (vi)A railway engine,3 bogies swept away on the Gonda-Mailani section of NE railway",8.113025293793986e-06
categorical__Extent of damage_Damage to 10 houses reported.,7.88514893027321e-06
"categorical__Extent of damage_i)4 million people in 6000 villages affected. 200 villages marooned,700 villages flooded ii)2.5 lakh hectares of land submerged under flood water iii)Crop in 5 lakh hectares of lad damaged iv)Hundreds of buildings collpased as a result of severe water-logging v)Parts of Dudwa,south Sunaripur ranges of Dudwa national part submerged under flood water vi)26 metre long Piprasi bund along Burhi Gandak river breached affecting 1,76 lakhs people in 114 villages of Padrauna tehsil in Deoria district vii)1621 km long road flooded. No. of culverts damged. Loss estimated around Rs. 12 crore viii)Nasirabad town of Bareilly district cut off ix)Railway tracks badly damaged disrupting train services",7.810951723114913e-06
categorical__Extent of damage_Many areas inundated,7.763206836259181e-06
"categorical__Extent of damage_i)Maldah,Dakshin Dinajpur worst affected ii)1.2 million people in 4559 villages affected iii)7561 sq.km. area submerged under flood water iv)1,16,968 houses fully,1,72,797 partially damaged v)Crops in 3,32,956 hectares worth Rs. 6,297.90 lakh damaged vi)Two National Highways damaged. Nagpur bridge over National Highway No. 34 near rajganj, damaged vii)In Nadia district, 50 villages inundated under flood water viii)No. 2,3 spar of Farakka barage washed away,number 12,14 partly affected",7.673555378300221e-06
categorical__Main Cause_heavy rains & floods (venna river),7.660141636753756e-06
categorical__Extent of damage_Caused havoc,7.584846855362399e-06
"categorical__Main Cause_severe flood(adhwara, burhi gandak, gandak, kosi,pun pun",7.5044157841094716e-06
"categorical__Extent of damage_Paddy fields, roads,vilages inundated, about 3.75 lakh acres of land submerged. In Mahbubnagar district, 1,050 houses damaged,146 tanks breached, the crops of Jowar, Bajra, Ragi, Ground nut, Castor,pulses damaged",7.256478327072631e-06
categorical__State_Andaman & Nicobar Islands,7.250272691160485e-06
"categorical__Extent of damage_i)17,131.99 sq km area with population 121.40 lakhs in 15,191 villages affected ii)5,16,000 hectares of agriculture land affected. Loss of crop estimated around Rs. 13,910 lakhs iii)2,05,718 houses dully,3,86,157 partially damaged. Loss estimated to be worth Rs. 1800.92 lakhs",7.143684331923845e-06
"categorical__Extent of damage_i)11,27,673 hectares of cropped area affected ii)9,819 houses fully,21,072 houses partially damaged iii)3,547 bridges/culverts/roads damaged iv)3,722 irrigation cannel breached/tank damaged v)Total loss estimated to worth Rs. 843.27 crores",7.0370342544567054e-06
categorical__Main Cause_flash  floods,7.013852127540268e-06
"categorical__Extent of damage_i)3,230 villages covering the land area of 6,38,240 hectares affected. ii)Crops in the area of 3,68,741 hectares damaged. iii)23,97,076 people affected iv)30,457 huts damaged v)Railway,road link between upper,lower Assam completely disrupted.",6.975288170442077e-06
"categorical__Extent of damage_(i) Power,telecom services disrupted (ii) Trains services dislocated, routes diverted,many railway bridges damaged (iii)2000 houses damaged",6.900911599320193e-06
"categorical__Extent of damage_(i) More than one crore people in 6000 villages affected.  (ii) Several houses collapsed completely,over 1.3 lakh houses damaged partially (iii)Standing Kharif crop in 13.86 lakh hectares destroyed. (iv)Flood water entered Hamirpur, Lucknaow,Varanasi (v)Educational instutions closed down in Hamirpur town (vi)Lucknow's road link with Kanpur Nagar,Kanpur Dehat, Rae Barelli,Sultan pur cut- off (vii)Sasaram bound Grand Trunkroad remained under deep water, stranding hundreds of vehicles (viii) Vehicular traffic from Almora ro Pithorgarh,Dharchula-Sahar Pathak closed due to rail traffic suspended.",6.8346921915705946e-06
categorical__Extent of damage_12 feet high compound wall collapsed.,6.806366418972925e-06
"categorical__State_Jammu and Kashmir, Punjab, Uttar Pradesh, Assam,  Arunachal Pradesh",6.7614483292271e-06
categorical__Main Cause_heavy rains & flood (mahi erav river),6.692994576812492e-06
categorical__Main Cause_cloud burst & flash floods,6.615582616140909e-06
"categorical__Extent of damage_(i)Crops,many houses destroyed (ii) Bridges on NH85 between Devapur,Mirzapur destroyed completely affecting road links to Barauni, Motihari, Buxar, Betia,Nepal (iii) Railway track of the section Mashrakh submerged (iv) Power supply cut off as grid stations flooded (v) Army helped rescue operations",6.452885480528483e-06
"categorical__Main Cause_heavy rains, floods",6.376449619320793e-06
categorical__Extent of damage_i) Low lying areas inundated. ii) Many trees uprooted.,6.362631971260763e-06
"categorical__Extent of damage_Property worth Rs. 526/- crores was damaged in floods, making this year the most flood-stricken year since 1954. The total population in the country affected by floods was estimated as 57 million,the total area affected as 12.5 million hectares, including a cropped area of 5.87 million hectares",6.338133697753661e-06
"categorical__Extent of damage_i) Extensive damage to rubber, topioca, banana plantations reported. ii) Landslide reported. iii) Several trees uprooted. ",6.106856208022548e-06
"categorical__Extent of damage_i)6 lakh people marooned,about 10 lakh people rendered homeless in rendered Midnapur district ii)More than 3 lakh people affected in Hooghly district iii)Midnapur-Ghatal,Midnapur-Keshpur roads submerged under water disrupting vehicular traffic iv)Kangsavati river breached its embankment at 11 places v)1 million people rendered homeless",6.08366732296937e-06
categorical__Extent of damage_Damage to 1.05 lakh houses reported. Crops in 6.68 lakh hectare affected.,5.719723820994819e-06
categorical__Main Cause_flash flood (palem),5.567930946768413e-06
"categorical__Extent of damage_50, 000 residents in the low-lying area near Ulhas river in Badlapur affected.",5.415523518610548e-06
categorical__Extent of damage_About 50 Lakhs of people being seriously affected,5.201342722984502e-06
categorical__Extent of damage_i) Partial damage to 73 houses reported,4.8606203899071925e-06
"categorical__Extent of damage_i)About 2200 mud houses,8000 pucca houses collapsed ii)350 villages in Moradabad district,,12 villages in Deoria district affected iii)Several villages inundated by flood water iv)Hassanpuram bund breached",4.846336926258732e-06
"categorical__Extent of damage_i)21 lakh people in 3,950 villages affected ii)8,924 houses damaged iii)5.16 lakh hectares of cropped area affected",4.8178643973778635e-06
categorical__Extent of damage_i) Damage to plantain cultivation reported. ii) Damage to several houses reported. iii) Damage to many vehicles reported. iv) Several trees/electric poles uprooted causing disruption in vehicular traffic & power supply.,4.6018742747798755e-06
"categorical__Extent of damage_i)1.63 lakh hectares of cropped area damaged ii)38,660 houses damaged iii)Railway services in Lakhimpur district disrupted for 16 consecutive days",4.580595792045727e-06
"categorical__Extent of damage_i)In all 17 districts with a population of 3 million spread over 2500 villages affected. Madhubani,Pashchim Champaran districts worst affected ii)In Madhubani district, 1 lakh people affected due breach in Laukahati-Jhajhari embankment iii)Crop in 1,80,000 hectares damaged. Loss estimated around Rs. 9 crores iv)2448 houses worth Rs. 16.88 lakh,the public property worth Rs. 105.17 lakh damaged v)In Pashchim Champaran district, 20,000 people rendered homeless in Thakuraha block. Pipra-Piprasi embankment breached atleast 1000 metre at Thori. Wireless communication between Thori,State capital cut off for 4days. 700 houses damaged rendering 4000 people homeless vi)In Katihar district, Ganga-Darjiling road at Karthagola suspended",4.50658136959296e-06
"categorical__Extent of damage_(i)Hundreds of villages in 19 districts badly affected (ii)Several houses either collapsed or damaged (iii)Extensive damage to crop,property (iv)Road traffic disrupted (v) 70 villages affected (vi) Hundreds of people in Bilol,Hadgaon taluks spent 3 successive days on trees,roof toops (vii)Number of farm labourers from Kundalwadi, Mashri, Shelgaon,Babli marooned on a bridge on Godavari (viii) Large number of houses,bridges destroyed (ix) Large number of people started starving due to lack of food,drinking water (x)8 villages in Malshiras, Madha,Mangalvedha taluks,3 village in Mohol taluk flooded",4.371138982109683e-06
"categorical__Main Cause_severe flood(adhwara, bagmati, burhi gandak, gandak, ganga, ghagra, kamla balan, kosi, kreh, mahananda, punpun,sone)",4.292878552487168e-06
"categorical__Extent of damage_Vast areas of land in these districts were submerged. Several thousand people were rendered homeless. Crops worth Rs. 6-7 crores, 36,000 houses were damaged. ",4.225419721592709e-06
categorical__Extent of damage_Damage to 103 houses reported,4.217072878725998e-06
"categorical__Main Cause_heavy rains, flood & mudslide",4.214680313065061e-06
"categorical__Extent of damage_i)3600 villages with a population of 3.5 lakhs affected ii)Amuakhas bund in Deoria district washed away causing extensive inundation iii)Thousands of people rendered homeless iv)80,940 hectares of agricultural land,5829 hectares of cropped area submerged v)1000 houses collapsed",4.173737061786516e-06
categorical__Extent of damage_A dam breached.,4.128759773105579e-06
"categorical__Extent of damage_(i)1,38,329 houses damaged (ii)4,77,570.08 hctares of crop land affected",4.0998519289334155e-06
categorical__Main Cause_unprecedented heavy rain,4.0463425553892066e-06
"categorical__Main Cause_heavy rains & floods (kanthen, jawar river)",3.804989567583626e-06
categorical__Main Cause_mudslide,3.7557990173984573e-06
categorical__Extent of damage_i)Vast areas inundated by flood water ii)Several houses collapsed,3.732765253785946e-06
categorical__Extent of damage_i)Over 7 million people affected ii)Extensive damage to crops reported,3.7158553777052656e-06
"categorical__Extent of damage_The flood waters of Gomti had entered Jaunpur, The Ganga,flooded 100 villages in Mirzapur district,inundated vast areas in Varanasi district, several villages in Faizabad,Azamgarh district were also flooded, Ballia was the worst affected district where Ganga was flowing 67 cms above the danger mark, the rising Yamuna flooded Etawah district, the loss of property,crops caused by floods in Uttar Pradesh were assessed to be about Rs 130 crores, the death toll in the current UP floods mounted to 228",3.670385727155017e-06
categorical__Extent of damage_(i)Normal life paralysed (ii)Thousands of villages marooned (iii)600 villages inundated rendering thousands of people homeless (iv)Boats deployed to evacuate marooned people (v)Air dropping for foods (vi)Several bunds breached (vii)Entire population of Saharsa village rescued,3.522244098118976e-06
"categorical__Main Cause_severe(ganga, yamuna,their tributaries, ghagra, rapti, gomti,burhi-gandak,betwa) )",3.4686554822241423e-06
categorical__Extent of damage_150 houses damaged,3.4162432444129554e-06
"categorical__Extent of damage_i) Extensive damage to crops,houses reported. ii) About 6,000 villages marooned. iii) About 20 lakh people affected. iv) 31 breaches recorded in Mahanadi river system. ",3.3454963063283967e-06
"categorical__Extent of damage_(1) Fatehgarh Sahib, Gurdaspur, Patiala,Ropar districts worst affected. (ii) 30% of the total arca inundated. (iii) 25 lakh people in 4,741 villages,44 towns affected. (iv) Paddy,kharif crop in 15 lakh acres of land damaged. Loss estimated to worth Rs. 284 crores. (v) Property worth Rs. 477 crores damaged. (vi) Over 10,000 km. toad, 37 big,150 small bridges damaged. (vii) Train/power/telecommunication services disrupted.",2.990791742833293e-06
categorical__Extent of damage_Caused damage to property worth Rs. 11 crores. Nearly 10 lakh peple were rendered homeless,2.575895199358304e-06
"categorical__Extent of damage_The estimated damage to crops,property was over Rs. 43 crores",2.42033426682926e-06
categorical__Main Cause_heavy rains & floods (siwani river),2.3301345251648687e-06
"categorical__State_Rajasthan, Punjab, Uttar Pradesh",2.2961384463923997e-06
"categorical__Extent of damage_i) Extensive damage to the sugar cane,other crops reported. ii) More than 3 lakh people in about 1500 villages worst affected. iii) Traffic at NH-28 affected. iv)Damage worth crores rupees with crops, cattle,kachcha houses washed away. v) Many people shifted to safer places.   ",2.2287690809107343e-06
"categorical__Extent of damage_i)6.24 lakhs people in 3,600 villages affected ii)Crops in 99,014 hectares affected iii)3,641 houses damaged iv)Traffic dislocated",2.015458880674396e-06
"categorical__Extent of damage_i)6,64,746 hectares of crop land affected ii)36,371 houses fully,1,10,154 houses partially damaged iii)5,426 irrigation tanks breached iv)3,744 roads/bridges/culverts damaged v)The property worth Rs. 657 crores lost",2.0028236381007238e-06
"categorical__Extent of damage_26,612 persons evacuated to safer places",1.7708061942422422e-06
"categorical__Extent of damage_i)29 million people in 43,000 villages reeled under the impact of floods ii)Total area affected 5.6 million hectares due to extensive inundation,water logging iii)3 million hectares of cropped area affected.The maize,jowar,Bajra crops suffered almost total loss iv)Several bunds washed away v)7 million people rendered roofless vi)Number of houses collapsed/damaged : 1.8 Million vii)Inter district highways/national highways/ rail tracts breached at many points paralysing traffic communication facilities viii)Most of the towns in the state plunged into darkness following power failure intermittently ix)Water supply, telecommunication channel disrupted in many districts for several days x)Total loss to property estimated at Rs. 200 crores",1.691875056518521e-06
"categorical__Extent of damage_i) Sitamarhi dist. worst affected ii)36 lakh people spread over 2000 villages in 20 districts affected iii) Damage to crops,property worth several crores of rupees reported.",1.6582604618038143e-06
"categorical__Main Cause_severe(ganga , yamuna, ken shandrawal, rapti, sarju, gadri,ghagra )",1.330142470868188e-06
numeric__Event_Source_Available,0.0
